id,category,latitude,longitude
7,no_incendio,-6.013807781245941,-77.54515653099793
8,incendio,-6.3054,-76.2858
10,incendio,-6.0358,-76.8732
16,no_incendio,-6.505676796415307,-75.74448285313693
21,incendio,-6.2684,-76.001
22,no_incendio,-5.525166300103762,-76.64412404917219
26,incendio,-6.8162,-76.647
28,no_incendio,-5.8091800479019735,-77.2012977286717
33,no_incendio,-5.60683404112794,-77.27867668965091
40,no_incendio,-5.815972204611399,-75.5996631905604
52,no_incendio,-7.1211989995442275,-77.24932556813594
56,incendio,-6.5471,-76.3742
61,no_incendio,-7.564076009944549,-75.89157611790941
72,no_incendio,-7.289453419528988,-76.70433724655702
80,no_incendio,-6.5273014114668,-77.07055670023018
81,no_incendio,-6.731898455104795,-77.28317456533246
82,no_incendio,-6.187799355462546,-77.0520465624197
97,incendio,-5.9789,-75.9283
98,no_incendio,-6.934543735011002,-76.3579106281597
104,incendio,-7.2533,-77.001
114,no_incendio,-6.812854444766214,-76.31590409569822
122,incendio,-6.4496,-77.0849
125,no_incendio,-5.459589434430045,-76.77318023823041
129,no_incendio,-5.733857068651538,-76.80904901377532
131,no_incendio,-6.726381012789614,-77.29263321460805
150,incendio,-6.9788,-76.5672
152,incendio,-8.5357,-76.3439
156,incendio,-7.0998,-76.8302
158,incendio,-7.0248,-76.6652
162,no_incendio,-5.859392269860992,-77.07597134063963
163,incendio,-7.522,-76.4931
165,no_incendio,-6.796720182530489,-75.69073110670904
167,no_incendio,-5.661805796480656,-77.53514186743837
171,no_incendio,-6.530680448143941,-77.14936961816767
177,incendio,-5.8895,-76.3037
184,no_incendio,-7.3680402233360685,-75.9380390323052
187,incendio,-6.5009,-76.7696
195,incendio,-8.2367,-76.5532
198,no_incendio,-6.482952600752266,-75.66603340235945
202,no_incendio,-6.420856851462068,-76.77933512635609
206,no_incendio,-7.329270682828255,-76.84451015929197
224,no_incendio,-5.9272520922930445,-77.17976360795232
228,incendio,-8.3697,-76.547
230,incendio,-7.449,-76.5875
234,incendio,-6.7543,-76.4774
253,no_incendio,-6.424415078222516,-76.56153900049968
257,no_incendio,-7.491547550658209,-77.41447872545433
260,incendio,-6.9868,-76.2995
275,no_incendio,-6.905350281771543,-75.85773993313076
279,no_incendio,-6.74885592845062,-76.02672128613708
287,no_incendio,-5.382544750033527,-75.77853597502654
288,no_incendio,-6.006937780860308,-77.45432250461575
290,no_incendio,-6.161493803649726,-77.185392683239
293,incendio,-6.3029,-75.6857
294,incendio,-8.6634,-76.3829
299,incendio,-5.6216,-75.8956
304,no_incendio,-5.631534863423365,-75.5444078955286
308,incendio,-5.7317,-77.3506
312,no_incendio,-6.0017769805371435,-76.54978075200272
317,incendio,-6.8268,-76.4025
326,no_incendio,-7.52002816732032,-76.85728021112728
329,incendio,-7.5501,-76.5069
351,no_incendio,-6.0889717541826,-76.72492959412638
368,no_incendio,-6.238722534494159,-76.96599757551694
371,no_incendio,-7.53303009358015,-76.30539007678105
378,incendio,-6.85,-76.5495
385,incendio,-6.1519,-75.951
398,no_incendio,-7.000863457307533,-75.58957693762711
406,no_incendio,-6.536547874138972,-77.31298293788737
419,incendio,-6.8294,-76.3934
425,incendio,-6.5706,-76.5437
437,no_incendio,-6.042344688075439,-75.58423135699039
438,no_incendio,-5.306363621970229,-76.4042560042154
443,no_incendio,-5.4324592687941,-76.16239104777486
450,no_incendio,-6.036634194085042,-76.33475368850613
462,no_incendio,-6.882432262080377,-75.90126287963834
471,no_incendio,-6.09585600344774,-76.33181330264762
472,incendio,-5.8831,-77.1426
505,no_incendio,-6.726508547372632,-75.8805912365982
506,incendio,-6.691,-76.8741
511,no_incendio,-7.1695522446443345,-76.10103400972879
515,incendio,-6.1187,-75.9433
519,no_incendio,-5.530786000980501,-76.91418709127078
523,incendio,-6.8355,-76.6122
529,no_incendio,-6.84710555088138,-75.520478621097
538,no_incendio,-6.687814799910479,-75.56700420232013
543,incendio,-7.5234,-76.7551
551,no_incendio,-7.53303009358015,-76.30539007678105
555,no_incendio,-5.418336191471334,-77.27363994749886
560,incendio,-7.5521,-76.2204
572,no_incendio,-6.6588540055381635,-76.3643446123623
575,no_incendio,-6.650069273774372,-77.45753589439983
577,no_incendio,-6.923846443514746,-77.29283624638697
578,incendio,-6.3616,-76.5987
619,incendio,-6.6296,-76.7144
625,incendio,-6.3244,-76.1218
628,incendio,-6.9825,-76.7864
644,no_incendio,-6.178368777472011,-76.33706394423045
645,incendio,-6.1139,-76.2925
646,incendio,-6.9688,-76.4803
647,no_incendio,-6.1419091354730675,-76.8668930112328
649,no_incendio,-5.362697688980843,-76.37235425327088
660,incendio,-6.4546,-75.7626
665,incendio,-6.2004,-77.7196
669,no_incendio,-5.875471323487407,-77.45654526806348
673,no_incendio,-7.352637322565051,-76.5869966012663
682,incendio,-6.504,-77.4626
684,incendio,-7.6799,-76.4732
689,no_incendio,-6.71467279372098,-77.07743264874856
690,incendio,-7.3022,-76.7531
700,incendio,-6.7562,-76.2751
714,incendio,-8.1161,-76.6691
715,no_incendio,-6.6015678247259215,-76.27888093028594
717,no_incendio,-5.500738315784995,-75.59662427893288
719,incendio,-8.1237,-76.5201
740,no_incendio,-7.208517788052751,-77.27726682011853
748,no_incendio,-5.8568748352763045,-75.92620225226696
752,incendio,-5.8753,-75.9293
766,incendio,-7.5165,-76.5423
770,incendio,-7.1474,-76.1042
782,no_incendio,-7.457798199513177,-76.25066528876945
784,no_incendio,-6.737802446576857,-76.76156798779444
787,no_incendio,-5.8586832152668595,-76.15130829850591
801,incendio,-6.149,-77.0204
803,no_incendio,-6.914205717609276,-76.21644962030662
807,no_incendio,-5.362697688980843,-76.37235425327088
808,incendio,-7.2035,-77.059
816,incendio,-6.4888,-76.3691
824,incendio,-5.7402,-76.6177
827,no_incendio,-6.394447416910339,-77.43791713673666
850,no_incendio,-7.3912095148136645,-77.03017853882585
852,incendio,-6.9041,-76.6824
853,no_incendio,-6.794519962222771,-76.90986347869215
867,no_incendio,-6.2234750512942,-76.15839430304165
868,no_incendio,-5.800895908311601,-76.62831443275236
873,no_incendio,-6.061671698446887,-76.35844064270319
877,no_incendio,-6.902373213948052,-75.80243684170989
896,incendio,-7.3727,-76.3945
905,incendio,-7.2008,-76.4602
907,incendio,-6.563,-76.0957
913,no_incendio,-7.115248664865674,-76.07912965420722
928,no_incendio,-5.413750833598563,-75.87946450439262
936,no_incendio,-6.044769424983038,-75.50599138370771
938,no_incendio,-6.9303848627730344,-77.0665622069992
940,no_incendio,-6.91975600968376,-77.05871610020544
946,incendio,-8.7501,-76.3145
953,no_incendio,-6.931023435575018,-75.82624629253455
957,incendio,-7.535,-76.4273
958,no_incendio,-6.542252546530441,-76.69178298792589
960,no_incendio,-6.162915042417179,-77.15261169414305
973,incendio,-6.7523,-76.6391
977,no_incendio,-6.154726709997222,-75.55076367684507
992,incendio,-7.1288,-76.2228
997,no_incendio,-7.232373566693578,-77.33989801092913
1001,incendio,-7.2895,-76.4716
1009,incendio,-7.3135,-76.8144
1017,incendio,-5.8567,-76.0118
1021,incendio,-6.8158,-76.4829
1028,incendio,-6.6626,-76.6472
1031,no_incendio,-5.930404217360228,-76.53983487852608
1032,no_incendio,-7.511017054186108,-77.44217334143556
1057,no_incendio,-6.1849308797193405,-77.44943428599332
1059,incendio,-7.0841,-76.6215
1070,incendio,-6.292,-76.0394
1074,no_incendio,-7.093257969486561,-77.25013940551041
1078,incendio,-8.1148,-76.6644
1081,incendio,-8.2981,-76.4859
1088,no_incendio,-5.5904160018413185,-75.95967696851481
1100,no_incendio,-6.428027041919373,-76.62475957936073
1105,incendio,-5.5206,-75.8678
1119,no_incendio,-7.309838483592369,-76.99515991704935
1149,incendio,-7.4759,-76.5251
1155,no_incendio,-5.62776239327014,-77.48408133634722
1158,incendio,-7.4309,-76.4087
1167,incendio,-6.7666,-76.5857
1168,no_incendio,-6.971818693744163,-76.01229344920435
1169,incendio,-6.1147,-77.7732
1171,no_incendio,-7.228019173352536,-75.83265543127759
1191,no_incendio,-6.333472406743339,-75.64833382378124
1196,no_incendio,-6.323745703888591,-76.07826663303581
1198,no_incendio,-6.9303848627730344,-77.0665622069992
1203,no_incendio,-7.186570265010596,-75.84461863050306
1209,no_incendio,-6.564347270784287,-75.8738633840426
1226,no_incendio,-5.555763303802058,-77.3394188883658
1229,no_incendio,-5.8332062747008715,-77.144406205254
1233,no_incendio,-6.836006339265761,-75.80496615427175
1237,incendio,-7.4429,-76.6196
1243,no_incendio,-5.902840695958739,-77.46595018427229
1244,no_incendio,-5.592384500349762,-76.12339689137886
1245,incendio,-7.2471,-76.4962
1254,no_incendio,-7.036643028375762,-75.60012732289076
1268,incendio,-7.4965,-76.5362
1272,incendio,-6.9119,-76.6022
1287,no_incendio,-5.740185734953845,-76.52718705325192
1288,no_incendio,-5.641271222445664,-77.2589065650696
1289,incendio,-7.6007,-76.4058
1294,no_incendio,-6.756685989962618,-75.83002754028344
1300,no_incendio,-7.589730303914846,-76.05435857716274
1307,incendio,-5.7018,-76.4102
1308,no_incendio,-6.140012467892716,-77.09722529665582
1310,no_incendio,-5.39776817495506,-77.21180440723553
1314,no_incendio,-5.783942671800878,-75.80670959767819
1316,no_incendio,-6.303002240210201,-76.72194514117207
1318,no_incendio,-5.461372149282843,-77.4223608733987
1324,incendio,-8.2976,-76.591
1328,no_incendio,-7.433177363041198,-76.83037064638081
1341,no_incendio,-7.332916187784927,-76.99914864296008
1349,incendio,-7.4034,-76.4076
1352,no_incendio,-7.038387701485983,-77.46608635694433
1353,incendio,-7.5625,-76.4218
1354,incendio,-5.9847,-77.0032
1355,no_incendio,-5.634222890340759,-76.43789808900263
1361,no_incendio,-7.4811756669415,-76.01564428333117
1362,no_incendio,-7.465611055003252,-76.84521972476566
1367,no_incendio,-5.915658751464713,-77.38575524652865
1371,no_incendio,-5.452511328645989,-77.32229773796371
1380,incendio,-8.7271,-77.2908
1396,incendio,-7.1302,-76.6992
1399,incendio,-6.0631,-75.9178
1402,no_incendio,-6.337630898858479,-77.22298031852678
1409,incendio,-7.3754,-76.6735
1410,no_incendio,-5.563302307050842,-76.50751783358145
1411,no_incendio,-7.510787208532104,-75.93881161563174
1414,incendio,-8.3883,-76.5381
1430,incendio,-6.1908,-76.1279
1431,no_incendio,-6.446999968584335,-76.20534088443561
1436,no_incendio,-5.9343288832648255,-75.71284400291329
1437,no_incendio,-6.122241228202742,-76.97601645146484
1446,incendio,-7.0681,-76.8031
1469,no_incendio,-6.113994500362599,-76.09851389136325
1472,no_incendio,-7.5389429366733145,-76.3612819242991
1476,no_incendio,-5.599508739006035,-77.02715299547113
1477,incendio,-8.5338,-76.4881
1497,incendio,-5.9143,-76.1869
1500,no_incendio,-6.671769405587168,-77.2003294261131
1506,no_incendio,-6.129131664861193,-76.45649977733511
1508,no_incendio,-6.185102706019143,-75.78932803542219
1525,incendio,-5.925,-76.4124
1551,incendio,-6.4478,-75.8909
1553,no_incendio,-7.5702550538704605,-75.67821320807053
1562,incendio,-8.3059,-76.531
1573,no_incendio,-5.485555576815183,-76.48568380205462
1574,incendio,-7.6644,-76.4482
1591,no_incendio,-7.474717173105087,-76.9435614717976
1594,no_incendio,-6.272889262540646,-77.34340996973071
1595,no_incendio,-6.603103679284163,-76.5352543472929
1599,no_incendio,-5.698299617649455,-76.9877048304902
1602,incendio,-6.4819,-76.5623
1612,incendio,-6.5995,-76.7866
1613,no_incendio,-5.487710562433828,-76.3714568595569
1618,incendio,-6.6664,-76.7057
1624,no_incendio,-5.309022549050947,-77.11989827113337
1627,incendio,-7.1869,-77.0326
1645,incendio,-7.3037,-76.0961
1650,no_incendio,-7.110610391202952,-75.57270966365749
1653,no_incendio,-5.304618892030704,-75.54825226766168
1655,incendio,-5.9138,-76.0797
1659,no_incendio,-5.965105049339228,-76.99859959497034
1660,no_incendio,-7.282016752291952,-75.89864347181351
1663,no_incendio,-6.217977569363936,-76.69976022852224
1668,no_incendio,-7.597875070160168,-76.24368895263702
1670,no_incendio,-6.5875457295775695,-76.60562453766775
1673,no_incendio,-6.9260270516583,-76.1608919912471
1678,no_incendio,-6.100924085847581,-75.50738744279523
1683,no_incendio,-6.391881397317083,-77.53216465937516
1688,incendio,-5.3259,-76.2811
1689,incendio,-6.6104,-76.7771
1699,no_incendio,-5.991245342520768,-75.64023187612118
1700,incendio,-7.5778,-76.5413
1704,no_incendio,-6.768773690834417,-77.41433372649782
1714,incendio,-7.1851,-76.4983
1723,incendio,-5.7775,-77.3721
1725,incendio,-8.4944,-76.3205
1730,no_incendio,-5.4986752575716835,-76.99704879250469
1731,incendio,-7.385,-76.5805
1749,no_incendio,-6.632429838819291,-76.85546244307059
1769,no_incendio,-7.366259215797565,-77.34248619041158
1773,no_incendio,-7.173287597971678,-76.70987433367677
1774,incendio,-5.331,-76.276
1789,no_incendio,-7.261878534754229,-75.78596746234152
1792,incendio,-6.7133,-76.4545
1793,no_incendio,-7.508226717447944,-76.74892470083597
1798,no_incendio,-7.18387555277713,-76.55534207208011
1806,incendio,-7.2138,-76.0566
1819,incendio,-6.0545,-75.983
1820,incendio,-7.2999,-76.6125
1826,incendio,-5.8282,-76.0005
1827,incendio,-5.9636,-76.1919
1829,incendio,-5.4698,-76.7623
1831,no_incendio,-5.413750833598563,-75.87946450439262
1832,incendio,-6.073,-76.9208
1845,incendio,-7.4112,-77.6202
1854,incendio,-5.9859,-77.6526
1856,no_incendio,-5.424572995842199,-76.6735765187215
1858,no_incendio,-6.949275367929126,-77.03979042014342
1864,incendio,-8.7821,-76.2128
1875,no_incendio,-7.489751819531982,-75.96573533227652
1877,incendio,-6.1584,-75.904
1890,no_incendio,-7.347666513055251,-77.19530347019538
1904,no_incendio,-5.89297787831936,-76.40313981264967
1908,incendio,-7.2932,-76.7353
1909,no_incendio,-6.699009805364948,-77.20530585140459
1911,no_incendio,-7.247461423234719,-75.57023459371909
1913,no_incendio,-6.006937780860308,-77.45432250461575
1914,no_incendio,-7.230653311251528,-76.66188363656903
1917,incendio,-6.7005,-76.6541
1918,incendio,-7.4634,-76.7174
1927,incendio,-8.0789,-77.4022
1935,no_incendio,-6.061679877354346,-76.10414263000189
1950,no_incendio,-5.68462514388274,-76.77383589546262
1953,incendio,-8.5301,-76.5276
1956,incendio,-7.0254,-76.6354
1958,no_incendio,-6.461789384490803,-77.24534969872819
1963,no_incendio,-5.60683404112794,-77.27867668965091
1964,incendio,-6.8824,-76.755
1968,incendio,-5.801,-76.5372
1973,no_incendio,-6.260865842963683,-76.65344397081381
1981,no_incendio,-6.812990607089626,-75.70820307560577
1986,no_incendio,-5.337639267388661,-76.79635411817596
1989,incendio,-7.3259,-77.6053
1995,no_incendio,-7.366259215797565,-77.34248619041158
1996,no_incendio,-7.352637322565051,-76.5869966012663
2000,incendio,-5.9875,-76.8958
2004,no_incendio,-6.766715492175258,-75.83761083407144
2005,no_incendio,-6.263351561254887,-76.64078067531564
2012,no_incendio,-6.718454996800395,-75.59317309755335
2014,no_incendio,-7.158262650594558,-76.17139715257736
2033,no_incendio,-6.4548358961700885,-76.10226827896288
2035,no_incendio,-5.62140995348484,-75.55506281291692
2048,incendio,-6.8153,-76.4687
2059,no_incendio,-5.908177822401652,-76.8838396640829
2064,incendio,-8.2635,-76.5959
2067,incendio,-7.3018,-76.6677
2083,no_incendio,-7.0802266587833635,-75.87902422488
2103,incendio,-6.5867,-76.5527
2114,no_incendio,-7.391395621025486,-76.825979662233
2116,no_incendio,-6.825057480379352,-77.49883680928833
2118,no_incendio,-7.408503653357758,-76.24578800464187
2126,no_incendio,-6.677016361068433,-76.35596462138518
2138,no_incendio,-6.219703521684984,-76.92758051251145
2151,incendio,-6.2337,-76.3222
2154,no_incendio,-5.7038552844593475,-76.24937639790886
2170,no_incendio,-6.281173626920689,-76.33798845589783
2182,no_incendio,-6.746503515167967,-76.72857236085679
2186,incendio,-8.7879,-76.1405
2190,incendio,-6.7036,-76.6325
2193,no_incendio,-5.569659951211905,-77.11401128748476
2201,no_incendio,-6.73154658128307,-77.37224800507184
2212,no_incendio,-6.581475655282046,-76.92813918096854
2213,no_incendio,-6.653744086369802,-76.88423091911557
2230,incendio,-7.3418,-76.7309
2232,incendio,-5.8228,-76.3811
2247,no_incendio,-6.961563570088446,-77.02222304631809
2256,no_incendio,-5.632530971200962,-77.47788862342078
2258,incendio,-5.6865,-75.9414
2281,no_incendio,-6.887626631829371,-77.285374555124
2305,no_incendio,-5.636338028013915,-75.57133657890496
2314,no_incendio,-7.558428193627557,-76.41513276188537
2319,incendio,-7.016,-76.8523
2326,no_incendio,-5.8166617894952815,-76.28161854109814
2327,no_incendio,-5.403821247036303,-76.32388095777216
2329,no_incendio,-5.73056432169004,-76.88063042787364
2330,incendio,-7.4043,-76.6582
2334,no_incendio,-5.852253396123982,-76.5690433745382
2337,incendio,-6.7943,-76.6917
2341,no_incendio,-5.936247863486473,-77.30432777805068
2344,no_incendio,-7.20916394163281,-76.74882653338932
2349,no_incendio,-5.7870347665351245,-76.83855785035811
2363,no_incendio,-5.977893876843185,-76.20383698117358
2377,no_incendio,-6.559793328628168,-75.94281873717337
2379,no_incendio,-5.808189893519151,-75.58463969579134
2382,incendio,-6.4928,-77.5058
2388,incendio,-8.7435,-76.1524
2393,no_incendio,-6.54529109912659,-75.69341596269626
2398,no_incendio,-5.991944937539925,-75.60778625331145
2409,incendio,-7.3832,-76.4216
2411,no_incendio,-6.08565697953034,-76.3565072601085
2436,no_incendio,-7.508226717447944,-76.74892470083597
2439,no_incendio,-7.547004527368286,-77.14424900414204
2442,incendio,-6.7502,-76.3809
2453,no_incendio,-5.369370124540203,-77.53041632467286
2456,no_incendio,-6.344517536741018,-75.98404289972582
2458,incendio,-6.8247,-76.5381
2469,no_incendio,-6.023168032179068,-77.26981479042486
2471,no_incendio,-6.85257481056394,-76.48694884372748
2480,no_incendio,-7.306661299403648,-77.35299757529853
2486,no_incendio,-5.721753234372427,-77.04300744557013
2491,no_incendio,-7.552000736404346,-77.05977682552361
2499,incendio,-5.9017,-75.9487
2507,no_incendio,-6.227801736418022,-76.3562846673644
2510,no_incendio,-6.475196466130733,-76.70818383406251
2522,incendio,-7.0493,-76.7802
2526,no_incendio,-5.690666241525762,-76.5831246635922
2530,no_incendio,-5.577424926283962,-75.86385660107669
2535,no_incendio,-7.000863457307533,-75.58957693762711
2551,no_incendio,-7.324938939394847,-75.95193264911674
2555,no_incendio,-6.851346088597758,-76.87565472102605
2558,incendio,-8.7903,-76.1216
2561,incendio,-6.3969,-76.7509
2563,incendio,-7.3248,-76.7206
2567,incendio,-7.2799,-76.8382
2569,no_incendio,-7.1205154593131565,-76.76326173892171
2583,incendio,-5.8221,-76.1471
2584,incendio,-5.9644,-76.2395
2589,no_incendio,-6.929539925837722,-76.05337955826667
2595,incendio,-8.4536,-76.3866
2597,no_incendio,-5.5463833686959125,-76.92476001499328
2601,no_incendio,-6.081931713189248,-77.21688851873837
2610,incendio,-7.1788,-77.0842
2615,incendio,-6.8151,-76.6907
2622,incendio,-5.9849,-77.6874
2623,no_incendio,-6.271888529403575,-75.79765684657775
2626,no_incendio,-6.642584248060827,-75.75075985956546
2645,no_incendio,-5.607896245919547,-76.37910922472966
2649,no_incendio,-6.040209440060914,-75.6194334979568
2659,no_incendio,-6.607438503581988,-77.25629846979227
2662,no_incendio,-7.391380566669081,-77.4628689446306
2667,no_incendio,-6.385759143148429,-76.5709354755892
2673,no_incendio,-7.261878534754229,-75.78596746234152
2697,incendio,-6.0225,-76.8246
2700,no_incendio,-6.253426709313807,-77.08659131097349
2701,incendio,-6.7255,-76.5676
2704,incendio,-8.4242,-76.2533
2705,no_incendio,-6.619578652288662,-76.97686198868091
2712,incendio,-7.1429,-76.4901
2735,incendio,-6.1776,-76.0111
2739,incendio,-6.1944,-76.3031
2740,no_incendio,-6.183798772159494,-75.95166434619192
2749,no_incendio,-5.489245275525123,-76.82667902790362
2754,no_incendio,-6.223322439610729,-75.97460472272981
2757,no_incendio,-5.971572498496214,-75.54699515189168
2758,incendio,-6.4509,-77.4951
2760,incendio,-7.7028,-76.7512
2764,no_incendio,-7.232373566693578,-77.33989801092913
2773,no_incendio,-5.323979357908248,-75.76496426046252
2778,no_incendio,-5.41517785771272,-76.05115692097354
2781,incendio,-6.4571,-75.7192
2782,no_incendio,-6.325765977825784,-76.5205147871752
2785,no_incendio,-6.260923080518788,-75.61074627640608
2794,no_incendio,-6.56442664767728,-76.08300934140289
2795,incendio,-5.7733,-76.3769
2797,no_incendio,-6.329066895240967,-77.1289458150613
2798,no_incendio,-5.632876376439432,-77.16339501604922
2805,no_incendio,-6.801666192426729,-76.32704638741743
2810,no_incendio,-6.134775971165761,-75.80907324993491
2814,no_incendio,-7.174304209114396,-76.54277799438324
2819,no_incendio,-5.658384235826694,-76.44208065955317
2830,incendio,-8.4601,-76.4066
2834,no_incendio,-7.500619459820059,-77.36318050509186
2841,incendio,-6.6446,-76.5705
2844,no_incendio,-7.1439208952470965,-77.38092521559295
2849,incendio,-5.6298,-76.6682
2850,no_incendio,-5.813466395394225,-76.54314458566375
2859,no_incendio,-7.181016545835497,-77.14662187463146
2864,no_incendio,-7.493235179350296,-76.56434016404388
2871,no_incendio,-5.89297787831936,-76.40313981264967
2872,incendio,-7.171,-76.6833
2876,no_incendio,-7.388452210624765,-77.20638603731945
2877,incendio,-5.9151,-76.155
2882,no_incendio,-7.394254404476224,-75.68500027222532
2895,incendio,-6.0524,-76.2984
2900,no_incendio,-6.4551795764442375,-76.19574642473289
2904,no_incendio,-5.582283481453623,-75.95562633397932
2905,incendio,-6.2542,-75.97
2916,no_incendio,-7.546681661706002,-77.09086718024028
2918,no_incendio,-5.3860874889168056,-76.83704410013208
2928,no_incendio,-5.46295343513328,-75.95414593487065
2931,incendio,-7.5163,-77.5593
2934,incendio,-5.7466,-76.004
2940,no_incendio,-6.843242986862935,-76.83119639273687
2941,incendio,-7.2459,-76.854
2944,incendio,-5.7203,-76.6686
2945,incendio,-7.1465,-76.2479
2947,no_incendio,-7.261878534754229,-75.78596746234152
2950,incendio,-8.6337,-76.2933
2952,incendio,-6.7171,-76.6629
2962,incendio,-8.2494,-76.552
2966,no_incendio,-6.4156514594615395,-77.50323228806793
2970,no_incendio,-7.086474485794749,-76.34589785341001
2971,incendio,-5.7971,-77.0169
2972,no_incendio,-6.7893125147185724,-75.8130856477531
2975,incendio,-7.1423,-76.4188
2983,no_incendio,-6.705083355769138,-77.07784196502678
2984,no_incendio,-7.579867389663157,-75.5999817001758
2996,no_incendio,-5.733857068651538,-76.80904901377532
3001,incendio,-5.775,-76.1989
3002,no_incendio,-6.173497385338977,-77.08001241103895
3003,no_incendio,-6.061517131296685,-76.40854652459227
3016,no_incendio,-6.125949661803806,-77.27004912325427
3023,incendio,-6.5005,-76.5597
3024,no_incendio,-6.7183540623229865,-77.22771131243218
3026,no_incendio,-6.6046403916429695,-76.28478273774354
3033,incendio,-6.4367,-76.3985
3036,incendio,-5.3454,-76.7971
3038,no_incendio,-7.051099362667298,-76.62925053957763
3046,incendio,-8.4378,-76.4051
3052,no_incendio,-6.591526889483433,-77.26946848843974
3057,no_incendio,-7.367557628064232,-76.4395241338938
3062,incendio,-7.3124,-76.5708
3071,no_incendio,-5.691367325953232,-76.91174291210852
3080,no_incendio,-7.538851524680003,-76.89606525439852
3090,no_incendio,-5.87938832915223,-76.90538612384941
3099,no_incendio,-7.44968802750322,-77.23116283334409
3107,no_incendio,-5.371545466461964,-76.40334353874748
3108,incendio,-7.2261,-76.8066
3119,no_incendio,-5.501399945972402,-76.12442406721492
3122,no_incendio,-7.448422790645704,-75.84545299813023
3133,incendio,-6.5729,-77.4006
3140,no_incendio,-6.890142536767722,-76.21093731168023
3142,no_incendio,-5.519172911219698,-76.89133916809088
3169,incendio,-7.032,-76.3413
3171,no_incendio,-5.921016028711128,-75.70718586514504
3184,no_incendio,-6.756685989962618,-75.83002754028344
3186,incendio,-6.0006,-77.6269
3189,incendio,-7.0137,-76.8779
3191,incendio,-6.1892,-76.2642
3192,no_incendio,-5.346519894910452,-77.42054950645856
3193,no_incendio,-6.857236383262051,-76.76658169794014
3195,no_incendio,-5.965105049339228,-76.99859959497034
3197,incendio,-7.4347,-76.7058
3203,no_incendio,-5.393926083579098,-77.3710588373999
3213,no_incendio,-6.696114207645428,-77.01139322381492
3214,incendio,-6.7028,-76.4179
3220,no_incendio,-6.183798772159494,-75.95166434619192
3221,no_incendio,-7.397102442990121,-76.86665660281676
3223,no_incendio,-5.728382445396997,-77.12017555927592
3225,no_incendio,-5.329337229365641,-77.4752371215785
3237,incendio,-6.7339,-76.6626
3241,incendio,-6.8033,-76.4739
3244,incendio,-7.1056,-77.5679
3257,no_incendio,-5.304216028521146,-77.22955638933952
3261,no_incendio,-5.609318574866824,-76.18227826181767
3269,no_incendio,-7.0805818707385395,-75.71658427890108
3278,no_incendio,-7.000095620614563,-76.8362748925339
3279,no_incendio,-7.560257578514154,-75.8825568546828
3285,incendio,-8.1163,-76.6092
3289,no_incendio,-5.847773952672416,-76.45786537475786
3290,no_incendio,-7.087560477783244,-76.48701616296685
3293,no_incendio,-6.322518329995495,-75.91309952295535
3294,incendio,-7.0863,-76.7694
3295,incendio,-7.3659,-76.5966
3296,incendio,-7.2709,-76.7866
3307,incendio,-6.9563,-76.4858
3309,incendio,-5.9401,-75.9316
3311,no_incendio,-5.945782975612446,-75.78933619991895
3314,no_incendio,-6.980365789444828,-76.90654360978435
3323,incendio,-6.8586,-76.537
3332,no_incendio,-6.25350724604799,-77.4340170352428
3340,no_incendio,-5.901183537582431,-77.01906915606199
3344,no_incendio,-6.441502518699965,-76.95262753749782
3345,incendio,-6.8651,-76.2254
3352,no_incendio,-6.5340207470218745,-75.73082220173393
3356,incendio,-6.8361,-76.7849
3361,incendio,-6.5292,-76.5908
3363,incendio,-7.011,-76.8322
3366,incendio,-7.4186,-76.6978
3367,no_incendio,-6.3823444451531675,-76.72222524088096
3371,incendio,-6.2581,-76.7868
3372,no_incendio,-5.813466395394225,-76.54314458566375
3376,no_incendio,-7.359881945280641,-76.7414311135722
3387,no_incendio,-7.4286037527901305,-75.69674631092113
3398,incendio,-7.0566,-76.2281
3411,no_incendio,-5.590954776196541,-75.61262101600937
3415,no_incendio,-6.664383213747135,-77.16631140190985
3416,no_incendio,-6.631390870435434,-77.17543848057095
3426,no_incendio,-7.156566202951519,-76.39767455117727
3429,no_incendio,-6.9177745399597805,-77.27712831962272
3434,no_incendio,-5.518901360296995,-75.83606862844933
3444,no_incendio,-6.074232738963784,-75.5615873787058
3445,no_incendio,-6.705083355769138,-77.07784196502678
3449,no_incendio,-6.799158296280013,-76.12149634545402
3457,incendio,-7.427,-76.3816
3460,no_incendio,-6.949415512269831,-76.30894649629607
3467,incendio,-6.2252,-76.8183
3475,incendio,-7.653,-76.47
3487,no_incendio,-7.150750883364853,-76.83628592323717
3493,no_incendio,-5.867404604520736,-75.92995443578674
3499,no_incendio,-6.74885592845062,-76.02672128613708
3501,incendio,-7.0545,-76.7257
3518,no_incendio,-6.721818890646596,-76.25717682869612
3520,no_incendio,-5.8499481349063265,-76.00423037206916
3522,no_incendio,-6.702659611656615,-77.00358407805038
3529,no_incendio,-6.691674214621824,-77.20756079690301
3534,no_incendio,-6.2585048621667685,-76.21326265306386
3535,no_incendio,-7.149862558736682,-77.09989679523933
3537,no_incendio,-6.125013751679443,-76.15307627183338
3541,no_incendio,-6.945484440166689,-76.77951589048426
3543,no_incendio,-7.427821513315094,-77.09535827635182
3545,incendio,-8.6395,-76.3306
3547,incendio,-6.2177,-76.0779
3548,no_incendio,-7.106983766497296,-76.41530269638099
3549,no_incendio,-7.301346263959235,-76.9768322825311
3551,incendio,-6.7859,-76.4622
3560,no_incendio,-6.269350897351528,-76.17554961545872
3561,no_incendio,-5.885065132570478,-75.64334405460914
3569,no_incendio,-5.508797884476139,-76.57706115239465
3581,incendio,-7.3024,-76.0872
3587,incendio,-6.8511,-76.6788
3590,no_incendio,-6.542256231887758,-76.22236926601508
3600,incendio,-6.5961,-76.5313
3601,incendio,-7.1124,-76.8204
3615,no_incendio,-6.929511458644296,-75.83962565372784
3619,no_incendio,-6.032904107983954,-75.67491532543472
3627,no_incendio,-5.959481938609148,-77.35681272469573
3638,no_incendio,-5.855822399079694,-75.69747959221154
3656,incendio,-6.4429,-75.6964
3665,no_incendio,-6.742797209348308,-75.63057425829132
3666,incendio,-8.6228,-76.1856
3668,no_incendio,-6.836006339265761,-75.80496615427175
3671,no_incendio,-6.6229879670061225,-75.80299704996388
3678,no_incendio,-5.530786000980501,-76.91418709127078
3684,no_incendio,-6.026471909112164,-76.38280873739679
3686,incendio,-5.8851,-76.0804
3691,no_incendio,-7.45728200774953,-76.98588787498541
3693,no_incendio,-5.432202072011853,-76.59374002276904
3694,no_incendio,-6.768246356022148,-77.34898684785115
3708,no_incendio,-6.100924085847581,-75.50738744279523
3718,incendio,-7.0849,-76.9045
3721,incendio,-6.0753,-76.1473
3726,no_incendio,-6.322518329995495,-75.91309952295535
3731,incendio,-7.3525,-76.8228
3732,no_incendio,-7.011514074885707,-76.73934268520709
3734,no_incendio,-6.525390337428589,-76.47559277816393
3740,no_incendio,-5.787648723882205,-76.3637582070336
3743,incendio,-6.8743,-76.6027
3751,no_incendio,-5.593725246250177,-76.70151478021911
3778,incendio,-7.0536,-76.1109
3779,incendio,-6.6013,-76.6901
3787,no_incendio,-6.8812608532922095,-77.14870823308875
3791,incendio,-5.6451,-76.5462
3804,no_incendio,-7.061403957049695,-76.62981524420255
3819,incendio,-7.5775,-76.6614
3820,no_incendio,-5.987623594847527,-77.50895445827787
3843,no_incendio,-6.329066895240967,-77.1289458150613
3844,no_incendio,-6.486581240227174,-76.15835402098138
3849,no_incendio,-7.061403957049695,-76.62981524420255
3853,incendio,-6.8309,-76.5261
3866,incendio,-6.7337,-76.6267
3868,no_incendio,-5.641271222445664,-77.2589065650696
3899,incendio,-5.9437,-77.1224
3900,no_incendio,-5.4225864404931166,-77.44996456310464
3906,incendio,-7.2016,-76.7127
3916,incendio,-6.8618,-76.815
3918,no_incendio,-6.884683844966387,-77.48590774056447
3919,no_incendio,-6.163392021425101,-76.6587242460342
3922,incendio,-7.4547,-76.5845
3925,no_incendio,-6.156444886914189,-76.11831601972577
3932,no_incendio,-7.213623333493973,-77.17840648744146
3948,incendio,-6.0265,-75.9135
3956,incendio,-7.3717,-76.6189
3960,no_incendio,-7.036314510603764,-76.32413479957033
3964,incendio,-7.0893,-76.7817
3966,no_incendio,-5.434734993358147,-76.94653262890384
3967,no_incendio,-6.064968975705764,-75.80158619111924
3978,no_incendio,-7.521089953660397,-76.50586647383346
3988,no_incendio,-6.595830198454336,-76.87085544617783
3991,no_incendio,-6.09087742872903,-76.39432793529913
4006,no_incendio,-5.315273849835721,-75.96752969040406
4009,no_incendio,-6.446999968584335,-76.20534088443561
4020,no_incendio,-5.374689655955711,-76.01901794140703
4023,incendio,-6.9988,-76.7424
4027,no_incendio,-7.061403957049695,-76.62981524420255
4033,incendio,-6.8513,-76.8252
4046,no_incendio,-5.928733149107297,-75.62813587078854
4050,no_incendio,-7.07173503300346,-76.39313006840234
4052,incendio,-6.4391,-75.7529
4063,incendio,-5.5604,-76.6899
4066,no_incendio,-5.374689655955711,-76.01901794140703
4068,no_incendio,-6.4776266103105895,-77.14737002070362
4070,no_incendio,-7.3226422677593845,-76.0064093237638
4086,no_incendio,-7.269040165613338,-76.9103123983766
4089,no_incendio,-6.660380391800162,-76.4974881056194
4100,no_incendio,-6.7663153524803406,-76.63107432313332
4110,no_incendio,-7.327169653945901,-75.96963671647885
4116,incendio,-6.0418,-76.1934
4120,no_incendio,-6.124908546496211,-75.75141276131208
4123,no_incendio,-6.326986282349614,-75.6142180056652
4129,no_incendio,-7.278446400857449,-77.33703515392486
4130,no_incendio,-5.573600216354325,-77.29583969487783
4144,incendio,-7.2923,-76.6118
4152,no_incendio,-6.727275952714791,-77.44889142586435
4159,no_incendio,-6.791553468522542,-76.19850061841751
4160,no_incendio,-6.200171336468845,-76.47517852395984
4161,incendio,-7.2768,-76.6827
4163,incendio,-8.5408,-76.3883
4164,no_incendio,-7.163128957992517,-77.33946379317482
4165,no_incendio,-7.124526948992974,-75.69099174784184
4169,no_incendio,-5.3149529866292395,-75.54616509202799
4174,incendio,-7.1306,-76.6236
4183,no_incendio,-6.698529470828457,-76.28501109879417
4194,incendio,-6.0936,-76.0506
4202,incendio,-8.7716,-76.2956
4207,incendio,-7.3699,-76.5301
4208,incendio,-7.6193,-76.5321
4212,no_incendio,-5.494377757817533,-77.22053363364685
4215,incendio,-6.972,-76.62
4224,incendio,-7.0385,-76.6108
4247,no_incendio,-6.325765977825784,-76.5205147871752
4249,no_incendio,-6.3065520769299415,-76.52048775212563
4254,no_incendio,-6.010451782777754,-76.65548557621318
4255,incendio,-8.1779,-76.516
4266,no_incendio,-5.6819042694428346,-76.21370978152449
4271,no_incendio,-5.668562711065817,-75.61105576661728
4274,no_incendio,-6.1029066882194485,-77.35334666324442
4282,incendio,-6.9305,-76.1553
4291,incendio,-6.7349,-76.5968
4296,incendio,-6.2091,-76.8626
4298,no_incendio,-6.8812608532922095,-77.14870823308875
4306,incendio,-7.1948,-76.8301
4308,no_incendio,-6.477469375479229,-76.23310758199833
4311,no_incendio,-7.324938939394847,-75.95193264911674
4325,no_incendio,-7.1977592020733425,-77.03415799769597
4326,incendio,-7.3828,-76.587
4332,incendio,-6.4835,-76.4849
4333,no_incendio,-5.8624058726324275,-77.54256899267752
4334,no_incendio,-6.602549423318465,-77.00681560184587
4336,no_incendio,-6.5273014114668,-77.07055670023018
4357,incendio,-7.3743,-76.4063
4359,no_incendio,-5.5941151159540015,-75.60783919102062
4360,no_incendio,-6.052146999790762,-76.66693051861807
4364,no_incendio,-7.316542689651407,-77.09719219444501
4373,no_incendio,-6.248030507497377,-77.52671049342304
4378,incendio,-6.9812,-76.8635
4390,incendio,-8.7766,-76.1077
4392,no_incendio,-7.510787208532104,-75.93881161563174
4394,incendio,-7.9974,-77.393
4401,incendio,-7.6388,-76.4694
4402,no_incendio,-7.391380566669081,-77.4628689446306
4404,incendio,-5.8819,-76.0814
4413,incendio,-6.86,-76.1618
4417,incendio,-6.837,-76.1285
4422,incendio,-7.4812,-76.5631
4439,no_incendio,-7.080940596432744,-77.316377811303
4442,no_incendio,-5.919068188390441,-77.36605426382134
4451,no_incendio,-6.819960436835468,-75.76204305997081
4475,incendio,-6.5897,-76.122
4478,no_incendio,-5.719448744498719,-77.23298516632254
4499,no_incendio,-7.532869703153675,-75.62377754135032
4500,no_incendio,-6.339520872179224,-76.81899067100204
4507,no_incendio,-5.39776817495506,-77.21180440723553
4510,incendio,-7.1972,-76.4568
4512,no_incendio,-6.30791982416226,-77.35125522509678
4513,no_incendio,-7.205543641449294,-77.21195261449198
4521,incendio,-6.8465,-76.7903
4525,no_incendio,-6.351517341637376,-77.31017116176967
4528,no_incendio,-6.440107687486793,-76.71961125303099
4530,incendio,-7.6035,-76.4146
4534,no_incendio,-5.704328166594409,-76.92480673286192
4539,no_incendio,-5.404889796153065,-75.52356189843724
4541,no_incendio,-7.353974209500567,-76.635407884227
4542,no_incendio,-7.232373566693578,-77.33989801092913
4547,no_incendio,-7.122938851987355,-76.92917682268381
4554,incendio,-6.1167,-76.805
4569,no_incendio,-5.451597714525489,-77.32234997673201
4571,no_incendio,-7.347666513055251,-77.19530347019538
4573,no_incendio,-6.45014471724059,-77.23785683491617
4579,incendio,-6.6126,-76.7011
4581,incendio,-8.497,-76.4013
4596,incendio,-7.2344,-76.4985
4601,no_incendio,-5.709919403753175,-77.18915952963572
4604,no_incendio,-5.612907306182736,-76.9815155721773
4610,incendio,-6.9337,-76.7228
4611,no_incendio,-7.230653311251528,-76.66188363656903
4630,no_incendio,-7.527307126647749,-77.12744201881532
4632,no_incendio,-6.950453264096688,-75.59880859567114
4638,no_incendio,-6.850119921397431,-77.18105441991001
4641,incendio,-6.6992,-76.7476
4644,incendio,-7.2187,-76.6214
4652,no_incendio,-6.250766771982882,-76.67346707047133
4653,no_incendio,-6.8707527834716435,-77.1546220579287
4657,no_incendio,-7.259025792408945,-76.1069982504593
4662,no_incendio,-5.926005528348797,-76.66451761423114
4666,no_incendio,-5.31179064282697,-75.78618195501585
4690,no_incendio,-5.62776239327014,-77.48408133634722
4694,no_incendio,-6.271888529403575,-75.79765684657775
4704,no_incendio,-7.433177363041198,-76.83037064638081
4718,no_incendio,-7.537645825070388,-77.33447245653781
4722,incendio,-5.7865,-76.008
4725,no_incendio,-5.9969306066925245,-75.59395245076587
4733,incendio,-8.5365,-76.4174
4735,no_incendio,-6.6084019823282665,-76.06077967767854
4747,incendio,-7.5397,-76.4102
4750,incendio,-6.2552,-76.3212
4752,incendio,-6.4761,-77.4836
4754,incendio,-7.5456,-76.5179
4759,no_incendio,-7.251053016973333,-77.43482372064443
4771,no_incendio,-6.261893490975904,-75.72805069897333
4773,incendio,-6.7557,-76.4869
4774,no_incendio,-5.943086820538844,-77.20310189012812
4777,no_incendio,-6.314113189001013,-76.77593472488475
4779,no_incendio,-6.1503156162969,-75.68207577523512
4794,no_incendio,-6.1305152501535805,-77.20692971202396
4805,no_incendio,-7.278588939327885,-76.4943759510431
4811,incendio,-7.1786,-76.4667
4813,incendio,-6.5423,-76.311
4819,no_incendio,-6.210262345134658,-77.11424996637882
4825,no_incendio,-6.134868701694113,-76.84593822630983
4827,incendio,-7.2781,-76.8215
4828,no_incendio,-7.0241667667070145,-76.27510051559456
4829,no_incendio,-6.559793328628168,-75.94281873717337
4833,no_incendio,-6.421249722496318,-77.04956463628945
4834,no_incendio,-6.135395550199937,-77.01659159261982
4835,no_incendio,-5.5670313248345,-75.99876018929933
4853,no_incendio,-5.326540128955467,-75.8192880237214
4857,no_incendio,-5.9787702159042375,-76.39270327711898
4882,no_incendio,-7.413823551899182,-76.79124540072256
4883,incendio,-6.5947,-76.7918
4893,incendio,-7.5027,-76.5204
4895,incendio,-6.6636,-76.5038
4919,incendio,-6.527,-76.2672
4930,incendio,-6.9182,-76.6555
4938,incendio,-6.7726,-76.8517
4944,incendio,-6.9067,-76.8611
4950,no_incendio,-7.216614993286788,-77.03461698814449
4951,no_incendio,-5.921387481016298,-75.640821414452
4958,no_incendio,-6.949275367929126,-77.03979042014342
4971,incendio,-8.4896,-76.3601
4972,incendio,-5.9456,-76.2293
4991,incendio,-8.1212,-76.5198
5002,no_incendio,-6.8053340000464315,-76.39338208242373
5003,incendio,-6.9324,-76.6491
5009,no_incendio,-5.3170098474698,-75.90718083995199
5013,no_incendio,-7.0802266587833635,-75.87902422488
5020,incendio,-7.5821,-76.5035
5029,no_incendio,-5.875159377973664,-77.1185525314163
5037,no_incendio,-6.928184042805378,-76.77151382737259
5047,no_incendio,-5.3860874889168056,-76.83704410013208
5066,no_incendio,-5.543275857949961,-76.36401463997392
5075,incendio,-7.9481,-76.7114
5077,no_incendio,-7.562840840503951,-75.66286053205432
5081,incendio,-8.1391,-77.3742
5086,incendio,-6.4077,-77.3437
5088,no_incendio,-5.945782975612446,-75.78933619991895
5089,no_incendio,-7.221811632536515,-77.44262630315019
5095,incendio,-5.8297,-77.2312
5099,no_incendio,-6.542252546530441,-76.69178298792589
5102,incendio,-6.5491,-76.3888
5113,no_incendio,-7.217722844984081,-77.2235426849214
5119,no_incendio,-6.271617281791801,-76.2353167311132
5122,no_incendio,-7.320681720418793,-75.65489361084256
5132,incendio,-6.8453,-77.7583
5136,incendio,-6.489,-76.3415
5146,incendio,-5.7755,-77.456
5147,incendio,-6.2048,-76.2269
5149,incendio,-8.6489,-76.126
5155,no_incendio,-6.064542854980353,-77.18213602611725
5157,no_incendio,-5.784820775425025,-76.88322925526231
5159,incendio,-6.4585,-75.7297
5164,no_incendio,-6.2234750512942,-76.15839430304165
5177,no_incendio,-6.664383213747135,-77.16631140190985
5187,incendio,-6.0859,-77.2429
5191,no_incendio,-7.53303009358015,-76.30539007678105
5204,no_incendio,-6.161493803649726,-77.185392683239
5209,no_incendio,-6.8267458836303225,-76.04005920267028
5215,incendio,-7.2254,-76.7181
5221,incendio,-7.5359,-76.5183
5225,no_incendio,-6.991871137907023,-76.86560292258433
5238,no_incendio,-6.242683257012905,-77.09272695265327
5243,incendio,-5.7435,-76.1874
5248,no_incendio,-7.261909044974304,-76.6515755533258
5250,no_incendio,-7.428960143280297,-76.20768184148152
5253,no_incendio,-6.467906945467672,-76.60396630033286
5257,no_incendio,-7.468966943240149,-76.0987072289364
5261,no_incendio,-6.254046612679011,-76.94445690037632
5265,incendio,-6.442,-76.3754
5271,no_incendio,-6.948889791528075,-76.04658173737485
5275,no_incendio,-6.060981828013205,-76.61589601950963
5279,no_incendio,-6.026471909112164,-76.38280873739679
5287,incendio,-6.0251,-76.9265
5291,no_incendio,-7.083533851815549,-75.86202426996425
5292,no_incendio,-6.6015678247259215,-76.27888093028594
5298,no_incendio,-6.641540416375139,-77.47486256481713
5299,no_incendio,-5.971572498496214,-75.54699515189168
5303,no_incendio,-6.3431574963922905,-76.8897013975212
5327,no_incendio,-5.931410128051382,-77.48442078407336
5336,no_incendio,-6.189900798297541,-77.11922448268243
5366,no_incendio,-5.393627530051222,-76.7881303458327
5367,no_incendio,-6.001439366513391,-76.98820534580602
5370,no_incendio,-5.304618892030704,-75.54825226766168
5371,incendio,-5.952,-76.4929
5376,incendio,-7.2772,-76.8209
5379,no_incendio,-5.871232465142917,-76.52596915622884
5384,incendio,-7.0267,-76.107
5388,no_incendio,-5.7006314608305315,-76.5774762709844
5393,incendio,-7.3435,-76.6539
5396,incendio,-7.1919,-76.6304
5401,no_incendio,-5.707217935164065,-76.52295370572979
5415,incendio,-8.621,-76.2662
5417,no_incendio,-6.851346088597758,-76.87565472102605
5424,incendio,-6.7033,-76.6224
5428,no_incendio,-6.709679366409026,-76.89232327371961
5435,incendio,-7.5904,-76.4069
5437,no_incendio,-5.778538304462726,-77.27874829265495
5460,no_incendio,-6.727398434306363,-77.48848492382807
5462,incendio,-8.5633,-76.9542
5463,no_incendio,-6.490391135640375,-76.20592887580928
5464,incendio,-6.6623,-76.4941
5465,no_incendio,-7.5348116135080625,-76.04270078901092
5469,no_incendio,-5.826125398643272,-77.25978841596924
5485,no_incendio,-6.263351561254887,-76.64078067531564
5486,incendio,-8.5132,-76.3084
5490,incendio,-6.8546,-76.2173
5497,no_incendio,-6.535327617861432,-76.18785766882165
5506,incendio,-7.1086,-76.8581
5509,no_incendio,-6.558646082464617,-76.16096804971144
5513,no_incendio,-7.221811632536515,-77.44262630315019
5523,incendio,-7.344,-76.6152
5530,no_incendio,-7.278446400857449,-77.33703515392486
5564,no_incendio,-6.038754568131664,-76.35371867515885
5567,incendio,-7.3207,-76.9268
5572,incendio,-6.9586,-76.7058
5587,incendio,-6.6762,-76.6708
5588,no_incendio,-5.882916892819359,-76.86515934904114
5590,incendio,-6.8259,-76.8037
5596,incendio,-7.505,-76.5433
5599,incendio,-7.0766,-76.8857
5604,incendio,-7.3714,-76.7278
5607,no_incendio,-6.141100932072808,-75.82733820285651
5615,no_incendio,-6.48340164417584,-76.67965578486029
5618,incendio,-6.9017,-76.5708
5620,incendio,-6.6854,-76.4499
5641,no_incendio,-5.855822399079694,-75.69747959221154
5649,no_incendio,-6.253426709313807,-77.08659131097349
5659,incendio,-6.004,-75.9855
5663,no_incendio,-5.752288568187965,-75.61867904444058
5664,no_incendio,-7.566170057674632,-77.33420456007225
5669,incendio,-5.7951,-77.4338
5673,no_incendio,-6.91975600968376,-77.05871610020544
5677,no_incendio,-5.791181789509089,-77.46024775242152
5682,incendio,-7.5211,-76.4268
5696,incendio,-7.528,-76.4227
5712,no_incendio,-7.175345171516485,-76.32071616128651
5716,no_incendio,-7.347824110154567,-75.82503332128289
5720,no_incendio,-5.382192721085108,-75.80513455395052
5725,incendio,-6.8019,-76.9052
5735,no_incendio,-6.842130861811311,-76.61529209965812
5736,no_incendio,-5.8624058726324275,-77.54256899267752
5753,incendio,-6.0742,-76.8793
5779,no_incendio,-7.250518418431454,-77.39731384590523
5796,no_incendio,-5.388800568828812,-75.76427198080877
5799,no_incendio,-5.572804894965716,-76.96734256320798
5800,incendio,-7.3986,-76.7363
5807,no_incendio,-7.311847282906321,-76.59060620233514
5822,incendio,-6.7206,-76.8659
5825,no_incendio,-6.522871972647179,-77.1088712424184
5828,incendio,-7.2927,-76.6237
5838,incendio,-5.7544,-76.419
5852,no_incendio,-6.156942123129494,-76.92567844755888
5853,no_incendio,-5.733303330887296,-76.64353813041618
5858,no_incendio,-6.124908546496211,-75.75141276131208
5859,no_incendio,-5.353246300739066,-75.96334736686653
5871,no_incendio,-7.446777051363318,-75.55823277277759
5875,incendio,-7.3169,-76.9257
5878,no_incendio,-7.347824110154567,-75.82503332128289
5882,incendio,-6.9144,-76.6268
5884,no_incendio,-7.160701404821328,-77.50258610161559
5898,no_incendio,-5.431391280919102,-75.58519659503115
5899,no_incendio,-7.257184386198285,-77.16794482130089
5906,no_incendio,-7.0287390386317705,-77.03724597379518
5915,no_incendio,-7.156566202951519,-76.39767455117727
5922,no_incendio,-7.087560477783244,-76.48701616296685
5932,incendio,-6.3973,-75.8007
5946,no_incendio,-6.157983789056771,-76.91942166932327
5970,no_incendio,-6.012390103585068,-77.46665184846529
5976,incendio,-7.2176,-76.5017
5980,no_incendio,-7.401018606692293,-76.00185651713339
5982,no_incendio,-5.971167138004345,-76.3740699604034
5996,no_incendio,-5.6909060907931215,-77.03642215530066
6004,no_incendio,-5.360774716680023,-76.65130740948035
6010,incendio,-5.3265,-76.4399
6012,no_incendio,-7.195118276412429,-75.87773973651454
6014,no_incendio,-6.256015929782314,-76.34693713254352
6018,no_incendio,-7.354001962679465,-76.87586506840084
6023,incendio,-7.1675,-76.3993
6025,no_incendio,-5.607428760846163,-75.61638280541105
6038,no_incendio,-5.412071364186887,-77.00251056339543
6042,no_incendio,-6.992873718796428,-77.40735326396366
6048,no_incendio,-6.4535066542887805,-75.68187662159364
6050,no_incendio,-6.823512194602855,-76.05631689166178
6052,no_incendio,-5.592455159672106,-77.05696823462097
6063,incendio,-6.9995,-76.6386
6064,no_incendio,-5.849265187399489,-77.52081578278697
6077,no_incendio,-5.798251230559933,-76.03303003317315
6090,no_incendio,-6.644983818759033,-76.97235660144274
6093,incendio,-6.8096,-76.5368
6103,incendio,-7.2726,-76.7992
6116,no_incendio,-6.664383213747135,-77.16631140190985
6119,incendio,-6.5209,-76.5648
6122,no_incendio,-6.768773690834417,-77.41433372649782
6128,no_incendio,-5.388800568828812,-75.76427198080877
6131,no_incendio,-6.6832264067033,-77.40030797685029
6145,no_incendio,-6.501541232968051,-77.42157786801864
6153,incendio,-6.0633,-76.3101
6156,no_incendio,-5.573600216354325,-77.29583969487783
6159,incendio,-8.3754,-76.4621
6162,incendio,-7.1967,-76.4703
6165,incendio,-7.366,-76.7308
6167,no_incendio,-5.682009801127555,-77.32557014599907
6171,incendio,-6.1252,-76.2697
6172,incendio,-6.6882,-76.522
6174,incendio,-6.0109,-77.6809
6180,no_incendio,-6.730142477692188,-76.45478701398325
6181,incendio,-7.0165,-76.3004
6182,no_incendio,-6.883760214306626,-75.62202390814382
6189,incendio,-8.6862,-76.1455
6200,no_incendio,-6.122720954624869,-76.9879603704079
6201,no_incendio,-7.447641034854349,-75.90762090121981
6208,no_incendio,-7.162586032756481,-76.81020137003335
6210,incendio,-6.9309,-76.2628
6225,no_incendio,-6.589846765006126,-76.67564163824959
6230,no_incendio,-7.230653311251528,-76.66188363656903
6232,no_incendio,-5.9130091622376435,-77.42859659593488
6233,no_incendio,-7.0294194294183265,-77.09735006276883
6237,incendio,-5.8393,-77.0526
6251,incendio,-5.9807,-76.2248
6267,no_incendio,-6.109182329794082,-77.41759375115069
6276,no_incendio,-6.1464831206689965,-77.21946152659409
6283,incendio,-7.0834,-76.4374
6287,no_incendio,-6.883760214306626,-75.62202390814382
6288,no_incendio,-5.451597714525489,-77.32234997673201
6298,incendio,-5.9344,-75.9273
6305,no_incendio,-6.953777990970317,-76.5586078961979
6309,incendio,-5.983,-76.2115
6313,no_incendio,-7.157163278516986,-76.9354632282693
6327,no_incendio,-6.339520872179224,-76.81899067100204
6329,no_incendio,-7.369405359299169,-75.53775524923043
6333,no_incendio,-5.915658751464713,-77.38575524652865
6336,no_incendio,-7.014916061647587,-75.71674408231947
6345,no_incendio,-5.403821247036303,-76.32388095777216
6346,incendio,-6.9588,-76.6027
6349,no_incendio,-5.590954776196541,-75.61262101600937
6373,no_incendio,-7.560257578514154,-75.8825568546828
6376,incendio,-7.6006,-76.5278
6385,incendio,-8.2881,-76.5694
6388,no_incendio,-5.617689246248104,-77.03996515250137
6389,no_incendio,-7.5993037570991975,-77.49364640835546
6402,no_incendio,-5.990542250974831,-75.6694532466171
6407,incendio,-8.7858,-76.2283
6411,incendio,-6.2883,-76.1641
6418,incendio,-5.662,-76.5183
6420,no_incendio,-7.464502353788052,-77.51392837949253
6424,incendio,-7.888,-76.7331
6430,no_incendio,-6.6046403916429695,-76.28478273774354
6435,incendio,-6.7444,-76.6085
6437,incendio,-5.9896,-76.2475
6443,no_incendio,-7.6003471250061425,-76.18857699535684
6447,incendio,-7.284,-76.7868
6449,no_incendio,-7.263705379465793,-77.32787830995856
6450,no_incendio,-6.819960436835468,-75.76204305997081
6451,no_incendio,-6.124908546496211,-75.75141276131208
6456,no_incendio,-7.279070011168152,-76.78517622564465
6463,incendio,-5.8974,-76.2838
6465,no_incendio,-5.752288568187965,-75.61867904444058
6466,incendio,-6.4527,-76.3815
6473,no_incendio,-5.519172911219698,-76.89133916809088
6481,no_incendio,-6.976092489979531,-77.35059361204593
6489,incendio,-7.5257,-76.5588
6497,no_incendio,-6.950538468924696,-76.07104877103448
6515,incendio,-7.3739,-76.7013
6538,incendio,-5.8287,-76.1059
6539,no_incendio,-7.017832061015762,-77.13978816386988
6546,no_incendio,-6.45014471724059,-77.23785683491617
6555,no_incendio,-6.4156514594615395,-77.50323228806793
6561,no_incendio,-6.462614163555006,-75.61289892495
6580,no_incendio,-6.758724816086575,-76.05879675132634
6582,no_incendio,-6.224278076163242,-75.68574152044755
6585,incendio,-7.5336,-76.6561
6599,no_incendio,-6.044769424983038,-75.50599138370771
6611,no_incendio,-5.885065132570478,-75.64334405460914
6612,incendio,-5.9299,-76.3339
6613,no_incendio,-6.351517341637376,-77.31017116176967
6616,no_incendio,-6.163392021425101,-76.6587242460342
6619,incendio,-5.7495,-76.2477
6620,incendio,-6.062,-75.8617
6637,incendio,-6.0608,-76.1589
6640,no_incendio,-7.098978961723795,-76.16251434543014
6641,no_incendio,-6.993239612195546,-76.80617132397158
6665,no_incendio,-7.119124402863609,-77.37715689078294
6677,no_incendio,-5.863508615293079,-77.5457929030888
6679,no_incendio,-6.100924085847581,-75.50738744279523
6685,no_incendio,-5.5896376031918615,-76.35252920094948
6689,incendio,-6.2582,-76.8261
6690,incendio,-7.3335,-76.6582
6703,no_incendio,-6.653744086369802,-76.88423091911557
6711,incendio,-6.1957,-75.8574
6725,incendio,-7.5394,-76.5061
6734,incendio,-6.2589,-75.8369
6737,incendio,-8.6154,-76.108
6744,no_incendio,-5.747289104744423,-76.88274608576704
6747,no_incendio,-6.18702118811894,-77.34328610788602
6751,incendio,-6.6218,-76.4928
6753,no_incendio,-7.331602369683786,-75.50190770424915
6773,incendio,-7.0458,-76.2292
6786,no_incendio,-6.1464831206689965,-77.21946152659409
6790,no_incendio,-5.691367325953232,-76.91174291210852
6791,no_incendio,-5.335389403596253,-76.01475499828726
6792,no_incendio,-7.475413502587504,-75.52501286015236
6793,no_incendio,-5.908177822401652,-76.8838396640829
6795,incendio,-6.1213,-76.2245
6801,no_incendio,-6.934543735011002,-76.3579106281597
6802,no_incendio,-5.364892363396528,-76.8599043565554
6805,incendio,-5.7235,-75.8297
6808,no_incendio,-5.326609511462546,-75.7438155508771
6811,no_incendio,-6.685185816424632,-76.91349326123884
6815,no_incendio,-6.386426402369189,-77.04162489751405
6820,no_incendio,-6.905350281771543,-75.85773993313076
6824,incendio,-6.8666,-76.5919
6837,incendio,-5.9185,-75.9609
6843,no_incendio,-6.0457356441581505,-76.76564488218803
6847,incendio,-5.8972,-76.114
6849,incendio,-7.3635,-76.8325
6853,no_incendio,-5.543275857949961,-76.36401463997392
6863,no_incendio,-7.257884674103633,-77.06798922780067
6871,incendio,-6.2579,-76.2747
6884,no_incendio,-6.625422961334142,-76.70627380489785
6897,no_incendio,-5.900117559948675,-75.56284439390626
6898,no_incendio,-7.035328568865795,-77.4057239232557
6900,no_incendio,-5.869842375317225,-75.95286206170579
6904,no_incendio,-6.419675876236263,-76.64489280604421
6905,no_incendio,-6.519206979509828,-76.45089641887259
6911,no_incendio,-6.42510939654662,-76.21314660329666
6913,incendio,-8.3354,-76.3525
6920,no_incendio,-6.5875457295775695,-76.60562453766775
6926,no_incendio,-7.510954821403472,-75.50873794050783
6927,incendio,-5.9252,-77.0706
6931,incendio,-7.2531,-76.9909
6934,no_incendio,-6.564880133008887,-76.55893266226474
6939,incendio,-6.0917,-76.8848
6940,no_incendio,-5.783942671800878,-75.80670959767819
6943,no_incendio,-7.280960307883033,-76.7904575448365
6945,incendio,-8.6585,-76.3301
6948,incendio,-7.183,-76.6534
6949,no_incendio,-6.08674868659818,-77.38664384875209
6953,incendio,-6.8391,-76.6732
6957,no_incendio,-6.41045269770062,-76.39156709032302
6968,incendio,-8.6096,-76.1221
6971,incendio,-5.8736,-76.1433
6976,incendio,-6.6553,-76.5163
6986,incendio,-7.0106,-76.6955
6988,incendio,-7.0214,-76.6806
6993,no_incendio,-5.364004538303699,-76.51587462337326
7001,no_incendio,-5.585507984340333,-75.53590045517545
7003,no_incendio,-6.253873442293271,-77.4856518253099
7006,no_incendio,-5.3699868320408415,-75.54453001162278
7008,no_incendio,-6.682240904919321,-76.14970898536502
7009,no_incendio,-6.877247924736086,-76.70115338296226
7018,no_incendio,-6.049779266057276,-75.95295045421427
7041,no_incendio,-7.3746554478906035,-76.75920088924597
7047,no_incendio,-7.36388011313037,-77.4640263849402
7053,incendio,-7.3924,-76.7001
7055,incendio,-7.4399,-76.6006
7066,incendio,-6.6318,-76.6713
7068,incendio,-8.7126,-76.1194
7070,no_incendio,-5.62140995348484,-75.55506281291692
7090,no_incendio,-5.648091386764367,-76.0845405608189
7103,no_incendio,-6.073266163575411,-75.6671313489238
7110,incendio,-7.3912,-76.5587
7114,no_incendio,-5.525519480392893,-76.3183975995799
7118,no_incendio,-6.263351561254887,-76.64078067531564
7123,no_incendio,-7.14999258790223,-77.27323492320696
7125,no_incendio,-5.394785578322833,-77.00358788486766
7132,incendio,-5.9766,-76.237
7133,no_incendio,-7.312843125933768,-75.51939324111113
7140,no_incendio,-6.682240904919321,-76.14970898536502
7144,no_incendio,-5.6355072776323825,-77.05987553143974
7150,no_incendio,-6.768246356022148,-77.34898684785115
7151,no_incendio,-6.632429838819291,-76.85546244307059
7154,no_incendio,-7.126628531945264,-77.1694503862003
7158,incendio,-8.4711,-76.4772
7161,incendio,-6.6175,-76.3362
7164,no_incendio,-5.3130357942785436,-76.58858316456917
7170,incendio,-6.7895,-76.2519
7179,no_incendio,-6.390597266026688,-76.66038678496503
7181,incendio,-6.2909,-76.0558
7183,no_incendio,-6.7392978420431415,-76.19966664513106
7185,incendio,-6.4792,-75.7978
7199,no_incendio,-5.85348487678678,-75.67716092139695
7202,no_incendio,-7.139277657699614,-76.6688585627755
7204,no_incendio,-5.641271222445664,-77.2589065650696
7207,no_incendio,-6.837388041019548,-77.0882269714977
7208,no_incendio,-7.433029202252227,-75.6952599290436
7210,no_incendio,-6.518152554514016,-75.5195810155841
7227,incendio,-5.8197,-76.5321
7235,no_incendio,-6.687814799910479,-75.56700420232013
7237,no_incendio,-7.280960307883033,-76.7904575448365
7239,no_incendio,-6.606179550023269,-77.17612767759138
7240,no_incendio,-5.322335273054225,-75.66988823532402
7244,no_incendio,-5.822373025705751,-75.81118308604799
7260,no_incendio,-7.404587411347148,-77.48236039818194
7262,no_incendio,-6.380793727295641,-76.36283674136891
7274,no_incendio,-6.551429222354349,-76.91211574837874
7277,no_incendio,-5.879613359801567,-75.64585304449614
7283,no_incendio,-6.114431837075887,-77.3791914454974
7285,no_incendio,-7.108956430874631,-75.5028524515191
7290,no_incendio,-7.442941681589652,-76.91434045843735
7291,no_incendio,-6.904145543477711,-77.38998183817624
7294,incendio,-6.6939,-76.3594
7295,no_incendio,-5.465881437617145,-76.83346258647516
7303,no_incendio,-6.621617501983885,-75.65329251395444
7311,incendio,-6.6035,-76.6662
7321,no_incendio,-7.486384119244431,-77.33522717320785
7331,no_incendio,-6.727275952714791,-77.44889142586435
7336,incendio,-6.9645,-76.7745
7342,no_incendio,-6.752631174647365,-76.89757485609974
7352,no_incendio,-7.374027518305184,-76.32029762844952
7354,no_incendio,-6.777339583024972,-77.16983093641421
7355,no_incendio,-7.212746042883999,-76.23580517242253
7366,no_incendio,-6.851346088597758,-76.87565472102605
7369,no_incendio,-6.053663067143272,-77.25400416625581
7373,no_incendio,-6.368662376296837,-77.03036089290791
7374,no_incendio,-6.234222668201542,-76.20280713881237
7387,incendio,-5.7362,-76.3971
7388,incendio,-6.5302,-76.4958
7395,no_incendio,-5.590954776196541,-75.61262101600937
7404,incendio,-5.9911,-76.3074
7409,no_incendio,-6.645743757749571,-77.31611856562348
7411,incendio,-8.3395,-76.3526
7415,no_incendio,-7.391380566669081,-77.4628689446306
7425,incendio,-7.1355,-76.6399
7431,no_incendio,-5.9462000997115165,-76.43849970195068
7442,no_incendio,-6.322518329995495,-75.91309952295535
7444,no_incendio,-6.367884072608207,-76.17501426406548
7452,no_incendio,-7.218925664720446,-76.08201561394016
7457,no_incendio,-7.051099362667298,-76.62925053957763
7458,incendio,-6.2942,-75.8415
7460,no_incendio,-6.090705105654209,-75.76196358722034
7480,incendio,-6.1602,-75.981
7494,incendio,-8.7237,-76.7327
7498,no_incendio,-6.43490273431634,-75.69794209792583
7502,no_incendio,-5.62140995348484,-75.55506281291692
7504,incendio,-7.4155,-76.8358
7513,no_incendio,-6.439732844593629,-76.57320223136172
7521,incendio,-7.4126,-76.7527
7534,incendio,-7.2432,-76.8056
7537,no_incendio,-7.3912095148136645,-77.03017853882585
7538,no_incendio,-5.8568748352763045,-75.92620225226696
7544,no_incendio,-7.475453840000244,-77.09283995143899
7554,no_incendio,-6.173497385338977,-77.08001241103895
7561,no_incendio,-6.062840602584927,-76.70237486789418
7562,incendio,-7.2477,-77.0446
7569,no_incendio,-6.987442347939161,-77.51096806537585
7574,no_incendio,-5.493534251624167,-76.05824936892388
7575,no_incendio,-6.375064281525175,-76.76531716856294
7581,no_incendio,-5.450166959625918,-77.00835031536832
7586,no_incendio,-6.215385324683509,-77.39247138767627
7592,incendio,-5.8048,-76.4243
7601,incendio,-5.8884,-76.1733
7617,incendio,-6.6856,-76.0709
7625,no_incendio,-5.493534251624167,-76.05824936892388
7630,no_incendio,-6.568678711242536,-76.46161690496696
7636,incendio,-5.727,-76.2148
7673,incendio,-7.4934,-76.7382
7690,incendio,-8.4845,-76.8906
7693,no_incendio,-7.587620813063947,-76.03285942876866
7710,incendio,-7.4513,-76.6827
7723,no_incendio,-6.737059261843657,-77.50234796745673
7727,no_incendio,-7.468966943240149,-76.0987072289364
7730,no_incendio,-5.84380402008071,-75.92947605096468
7732,incendio,-7.3789,-76.5737
7733,no_incendio,-6.189738223688629,-76.63044449970681
7736,no_incendio,-6.351517341637376,-77.31017116176967
7745,no_incendio,-5.7630676382897414,-75.77232686505347
7779,no_incendio,-6.845497704977086,-76.65360984481556
7782,no_incendio,-6.762864710659274,-76.8037089986203
7785,no_incendio,-6.442705023956996,-76.30481606512446
7789,no_incendio,-7.227645324559791,-75.66978466195862
7792,no_incendio,-5.431391280919102,-75.58519659503115
7799,incendio,-8.7643,-76.1184
7805,no_incendio,-6.352348321356028,-75.59610164326816
7812,no_incendio,-7.374027518305184,-76.32029762844952
7823,no_incendio,-6.542256231887758,-76.22236926601508
7829,no_incendio,-6.634686692730256,-75.5796876028018
7849,no_incendio,-6.616039268330141,-77.35690054867337
7852,no_incendio,-7.456346722108078,-76.20342873895703
7853,incendio,-7.1118,-76.5011
7866,no_incendio,-7.3138551861663785,-76.44974049103283
7872,no_incendio,-5.70993701267222,-76.39276259470975
7893,no_incendio,-7.349457434232458,-77.2287510721594
7900,incendio,-8.4199,-76.377
7901,incendio,-7.408,-76.6984
7908,incendio,-7.3943,-76.7516
7909,no_incendio,-6.960339111557958,-75.64609550577184
7921,incendio,-5.8377,-76.1018
7923,incendio,-7.453,-76.5846
7927,incendio,-6.4399,-76.6053
7932,no_incendio,-7.451217530868493,-77.29241876502243
7939,no_incendio,-5.7006314608305315,-76.5774762709844
7950,incendio,-7.1104,-76.7086
7960,no_incendio,-7.106983766497296,-76.41530269638099
7961,incendio,-6.083,-76.8986
7963,no_incendio,-6.599957493403006,-76.05770861085986
7965,no_incendio,-6.6966130629090745,-76.20140385770695
7968,no_incendio,-6.284005972985306,-75.8733537299608
7969,no_incendio,-6.617504610391747,-77.25647472773994
7975,no_incendio,-5.841084064265475,-76.47146316885033
7978,no_incendio,-6.452984723571151,-76.97534564539009
7991,no_incendio,-6.918732727057085,-75.61509017346891
8008,no_incendio,-7.474717173105087,-76.9435614717976
8020,incendio,-6.2619,-76.8138
8038,no_incendio,-5.859392269860992,-77.07597134063963
8040,incendio,-6.7497,-76.4193
8043,no_incendio,-6.827947755317633,-77.24078320536096
8048,no_incendio,-6.419675876236263,-76.64489280604421
8049,incendio,-8.5233,-76.7864
8050,incendio,-6.2955,-75.8507
8056,no_incendio,-5.756771146595229,-77.41858176231523
8059,incendio,-8.258,-77.4148
8064,incendio,-6.8516,-76.1631
8065,incendio,-6.7735,-76.1491
8077,incendio,-7.2894,-76.1044
8079,no_incendio,-6.336768480146276,-75.8898744780929
8081,no_incendio,-6.500803234494254,-76.0342561681164
8084,no_incendio,-7.070198196068285,-76.36379595586068
8086,no_incendio,-6.113161344070998,-75.7616050051639
8095,incendio,-7.6364,-76.4896
8114,no_incendio,-6.377843437674785,-75.69894560383477
8116,incendio,-6.4071,-75.702
8129,incendio,-8.2233,-76.5977
8134,no_incendio,-6.010674240572804,-77.09796715104932
8140,no_incendio,-6.6675087326032685,-77.42602403570756
8146,no_incendio,-5.8624058726324275,-77.54256899267752
8156,incendio,-6.941,-76.6776
8165,no_incendio,-6.165729925483304,-75.50698017130118
8171,incendio,-5.7299,-76.6652
8175,incendio,-5.6752,-75.9154
8176,incendio,-6.5789,-76.7537
8184,no_incendio,-6.7183540623229865,-77.22771131243218
8185,no_incendio,-5.62776239327014,-77.48408133634722
8186,incendio,-8.1219,-76.4801
8203,incendio,-7.5958,-76.6938
8206,incendio,-8.6532,-76.7751
8250,no_incendio,-7.459517004149713,-75.65348895495933
8257,incendio,-8.6852,-77.6617
8261,incendio,-8.2202,-76.5896
8263,no_incendio,-5.868777989192487,-75.61031419176939
8268,incendio,-7.486,-76.532
8270,no_incendio,-5.859392269860992,-77.07597134063963
8300,incendio,-6.7285,-76.6821
8303,no_incendio,-6.931054749326789,-77.2760800084336
8304,incendio,-8.4883,-76.3748
8305,incendio,-6.9325,-76.4563
8308,no_incendio,-7.459387198765487,-76.32587223443953
8311,incendio,-6.8328,-76.6814
8315,no_incendio,-7.508397223486154,-75.66150958377543
8330,no_incendio,-7.145399618003832,-77.00792044464232
8336,no_incendio,-7.010242517235748,-76.48324440357516
8337,incendio,-7.1391,-76.5498
8340,no_incendio,-7.4685281169836575,-76.45982142340358
8344,incendio,-6.7617,-76.4994
8346,no_incendio,-6.473718077481412,-77.49661278682977
8353,no_incendio,-6.1174086914739405,-75.65121133854548
8354,no_incendio,-7.016303677309179,-76.9039929620138
8362,no_incendio,-6.376048501437837,-77.12747027240657
8370,incendio,-7.3072,-76.9344
8371,no_incendio,-5.813466395394225,-76.54314458566375
8405,incendio,-7.0891,-76.86
8414,no_incendio,-6.745283632589781,-76.33682715106067
8421,no_incendio,-7.49572574357337,-75.97213125228711
8423,no_incendio,-6.953777990970317,-76.5586078961979
8427,no_incendio,-6.564347270784287,-75.8738633840426
8429,incendio,-6.5125,-76.2307
8431,no_incendio,-5.394785578322833,-77.00358788486766
8436,no_incendio,-5.362923654155092,-76.9119868960568
8443,no_incendio,-5.911980434774437,-76.07407858450021
8457,incendio,-7.1557,-76.626
8460,no_incendio,-6.545436147892791,-76.30829128869237
8467,incendio,-6.6111,-76.6281
8476,incendio,-6.5767,-77.4247
8478,no_incendio,-6.937481703505858,-75.66626594730945
8491,no_incendio,-6.196820810614756,-77.18695898534692
8494,incendio,-7.3771,-76.5685
8510,no_incendio,-7.2237762907302,-75.57516855360699
8520,no_incendio,-5.62794321017974,-76.97851232659868
8526,no_incendio,-6.249559347527708,-77.38514191347497
8531,no_incendio,-5.522972759309926,-75.80819311512354
8539,incendio,-6.9223,-76.1483
8550,no_incendio,-6.99869942925542,-76.8613209261512
8555,incendio,-6.9145,-76.8517
8560,no_incendio,-6.752631174647365,-76.89757485609974
8567,no_incendio,-7.377346584054845,-77.21066750842841
8570,no_incendio,-6.931342706605391,-77.24005682830844
8576,incendio,-8.4352,-76.3976
8577,no_incendio,-6.696116083768962,-76.75572773731696
8578,no_incendio,-6.742797209348308,-75.63057425829132
8584,incendio,-8.5047,-76.4547
8585,no_incendio,-5.906180880379202,-75.93802228835084
8591,no_incendio,-5.97958938141772,-75.97696588702247
8604,no_incendio,-6.6817259124413635,-75.77879648666988
8609,incendio,-6.8377,-76.8891
8611,no_incendio,-5.508214763979514,-75.68261084884283
8615,no_incendio,-6.1245241179034995,-75.6853524981565
8617,incendio,-7.2283,-76.0572
8624,incendio,-7.367,-76.6506
8626,no_incendio,-6.6577808572271095,-76.08571031789008
8627,no_incendio,-6.971818693744163,-76.01229344920435
8631,no_incendio,-7.391354511869424,-77.17370886410413
8648,no_incendio,-6.306399139576039,-77.35464424704278
8650,no_incendio,-6.224512205373936,-77.14720066928672
8652,incendio,-7.5492,-76.7055
8656,no_incendio,-5.508214763979514,-75.68261084884283
8657,incendio,-5.9891,-77.247
8659,no_incendio,-7.419812910820906,-75.99406148062167
8671,incendio,-7.1685,-76.3924
8672,no_incendio,-5.743346331540995,-77.34641722204898
8674,no_incendio,-6.6726823357299025,-76.74697083453398
8682,no_incendio,-7.378012032391012,-77.45917085361808
8684,no_incendio,-5.9272520922930445,-77.17976360795232
8689,no_incendio,-6.9338065388714725,-77.51645275784907
8709,no_incendio,-5.740185734953845,-76.52718705325192
8712,no_incendio,-5.894898869067559,-77.35176843132272
8714,no_incendio,-6.30212067741681,-77.20947071632679
8723,incendio,-8.2404,-76.5632
8726,no_incendio,-5.409587022918446,-76.44819351401671
8734,no_incendio,-6.139224623753688,-76.40308726211332
8741,no_incendio,-6.376726836973272,-77.35752912688064
8745,incendio,-8.3408,-76.5522
8746,incendio,-6.0045,-77.1387
8747,no_incendio,-6.395505819847665,-76.99761432969862
8748,incendio,-6.9737,-76.751
8763,no_incendio,-7.589730303914846,-76.05435857716274
8765,no_incendio,-6.7392978420431415,-76.19966664513106
8766,no_incendio,-7.5120911115649465,-76.43294446778411
8770,no_incendio,-6.342272331916268,-77.0355540401251
8785,no_incendio,-6.5080063012359775,-75.67913673399867
8786,incendio,-7.209,-77.0732
8787,incendio,-6.9515,-76.5803
8789,incendio,-6.6024,-76.1263
8795,incendio,-6.1194,-76.287
8812,incendio,-7.1239,-76.3334
8817,no_incendio,-5.976958562482058,-76.80488821989493
8822,incendio,-5.8198,-77.288
8824,incendio,-6.0516,-77.2084
8832,no_incendio,-6.385759143148429,-76.5709354755892
8851,incendio,-8.524,-76.527
8852,no_incendio,-5.739545483497391,-76.77757497448552
8865,incendio,-6.6905,-77.6123
8872,incendio,-7.2651,-76.7649
8874,no_incendio,-6.010674240572804,-77.09796715104932
8875,no_incendio,-5.426612634680184,-75.58435399600397
8883,no_incendio,-6.850119921397431,-77.18105441991001
8885,incendio,-7.149,-76.3557
8895,incendio,-8.1422,-77.2652
8896,incendio,-6.7666,-76.375
8897,no_incendio,-6.3065520769299415,-76.52048775212563
8899,no_incendio,-6.097161064451766,-76.22638691915272
8900,no_incendio,-5.5084858154243905,-75.90684850496002
8901,incendio,-6.1776,-75.9234
8904,no_incendio,-5.676274225134516,-77.28318396900629
8906,no_incendio,-5.655403371061297,-77.22066038141541
8908,no_incendio,-6.883760214306626,-75.62202390814382
8909,no_incendio,-5.369370124540203,-77.53041632467286
8912,no_incendio,-5.955706826060275,-77.52353123807491
8916,incendio,-8.6456,-76.8238
8917,no_incendio,-7.506544236901732,-77.50246102993648
8921,no_incendio,-5.992720265748597,-76.93502157829727
8926,incendio,-5.7358,-76.3933
8928,incendio,-5.9281,-76.1236
8933,no_incendio,-7.076017752800738,-75.91978389352657
8941,no_incendio,-6.557560588378224,-76.50430262965486
8942,no_incendio,-7.3138551861663785,-76.44974049103283
8945,no_incendio,-7.2830034027883865,-76.35190261363664
8947,incendio,-7.176,-76.7456
8949,no_incendio,-6.426707190480592,-75.93955631582219
8971,no_incendio,-7.3828581911388165,-75.8721549637632
8973,no_incendio,-5.4324592687941,-76.16239104777486
8975,incendio,-5.747,-76.465
8983,no_incendio,-5.544976635100384,-76.33130727413504
8986,incendio,-6.9854,-76.1522
8987,incendio,-7.5342,-76.4299
8993,no_incendio,-5.592384500349762,-76.12339689137886
8995,no_incendio,-6.797587829172456,-76.96085855036651
8997,no_incendio,-7.495613592310532,-75.66310159178755
9009,no_incendio,-6.470561948843736,-76.94393330664495
9010,no_incendio,-5.594721982840302,-76.73250330554579
9015,incendio,-7.4811,-76.6891
9018,no_incendio,-7.449590892373755,-76.60010791486725
9022,no_incendio,-6.99869942925542,-76.8613209261512
9027,incendio,-6.3502,-76.2844
9042,no_incendio,-5.444716599482646,-75.83682474093726
9046,incendio,-7.3086,-76.8205
9050,incendio,-8.6949,-76.3261
9060,incendio,-6.9582,-76.7235
9073,incendio,-6.811,-76.6356
9074,incendio,-7.2331,-76.8521
9078,no_incendio,-6.269160672028454,-77.26185240867942
9081,no_incendio,-6.720013389410524,-76.18246932103828
9085,no_incendio,-7.558428193627557,-76.41513276188537
9098,incendio,-5.7455,-77.4662
9100,no_incendio,-6.007112604816549,-77.29204800487722
9105,no_incendio,-5.356858559279738,-76.9184573866197
9116,no_incendio,-7.259025792408945,-76.1069982504593
9118,incendio,-6.861,-76.6145
9134,no_incendio,-6.822682837524565,-76.01658832939721
9136,no_incendio,-6.09276868271348,-76.00881721213455
9138,incendio,-8.4553,-76.3245
9141,no_incendio,-7.127093555738052,-76.84105088577114
9144,incendio,-7.0382,-76.273
9164,no_incendio,-6.081920488696037,-77.43393189597795
9167,no_incendio,-6.774947131584925,-76.00722166007617
9171,no_incendio,-6.385759143148429,-76.5709354755892
9182,no_incendio,-7.554963436234575,-75.69130210162552
9189,no_incendio,-5.701243653353404,-77.51137584362479
9193,no_incendio,-7.319106221775668,-76.84964608294781
9195,incendio,-6.1297,-77.4844
9199,incendio,-8.1583,-76.6523
9206,no_incendio,-5.3088507793034125,-76.33692970134372
9207,incendio,-7.2735,-76.6914
9208,no_incendio,-7.251053016973333,-77.43482372064443
9211,no_incendio,-6.421249722496318,-77.04956463628945
9216,incendio,-5.997,-75.8832
9222,no_incendio,-5.393926083579098,-77.3710588373999
9226,no_incendio,-7.040747836565641,-76.40061304391803
9233,incendio,-7.4068,-76.5826
9240,no_incendio,-6.685185816424632,-76.91349326123884
9247,no_incendio,-7.454820191858604,-77.06390769959336
9257,no_incendio,-6.43490273431634,-75.69794209792583
9258,incendio,-5.6993,-76.4597
9276,incendio,-6.132,-76.1999
9277,no_incendio,-7.3226422677593845,-76.0064093237638
9298,incendio,-5.9127,-76.2149
9305,no_incendio,-6.100924085847581,-75.50738744279523
9308,incendio,-6.4533,-76.4641
9323,no_incendio,-6.606971151394778,-76.7033258603189
9327,no_incendio,-5.83983548332399,-77.3596154335897
9333,incendio,-6.8458,-76.498
9344,no_incendio,-6.310252900156727,-75.63690302476967
9351,no_incendio,-6.146925317432729,-76.25875565214055
9354,incendio,-8.446,-76.2681
9356,incendio,-8.4294,-76.3977
9363,no_incendio,-5.428382683589806,-76.59712896608411
9365,no_incendio,-7.1816270512499,-75.96620433389496
9374,no_incendio,-6.831471934568246,-75.7875932896481
9379,no_incendio,-6.308716369141198,-75.7579038479895
9381,no_incendio,-5.6874479423727555,-75.79801976537915
9391,no_incendio,-6.851922134143454,-76.90818662457491
9392,no_incendio,-7.517938460168555,-75.88430182253087
9398,no_incendio,-6.979813600777688,-77.48470455898823
9402,no_incendio,-6.490435100183895,-76.04212659409674
9407,no_incendio,-5.4484392138134945,-75.95921509359859
9415,no_incendio,-5.83397648887431,-77.22981106334638
9420,no_incendio,-7.2386843016197115,-75.95361045134824
9426,incendio,-7.0363,-76.8772
9437,no_incendio,-5.73653806083423,-77.04027076606343
9443,no_incendio,-5.546093305557506,-76.96305959318578
9456,no_incendio,-7.487565239153625,-77.31329030244564
9457,incendio,-7.3597,-76.8614
9458,no_incendio,-5.849268078249962,-76.0787263818459
9466,no_incendio,-6.328050055589178,-77.0850887708193
9477,no_incendio,-5.8511939634062635,-76.52247944634267
9484,incendio,-8.3902,-76.3855
9497,incendio,-6.0276,-75.9376
9506,no_incendio,-5.346519894910452,-77.42054950645856
9510,no_incendio,-7.508226717447944,-76.74892470083597
9520,no_incendio,-5.7595902055188795,-75.77924853201874
9524,no_incendio,-6.801666192426729,-76.32704638741743
9530,no_incendio,-6.974678823081742,-77.45775985292939
9534,incendio,-8.4055,-76.3654
9536,incendio,-8.2285,-76.4881
9547,no_incendio,-6.928184042805378,-76.77151382737259
9554,no_incendio,-7.098978961723795,-76.16251434543014
9558,no_incendio,-6.692392129901898,-76.24064751909104
9562,no_incendio,-6.0258388422724725,-75.8823418796658
9565,incendio,-6.5476,-76.3795
9574,no_incendio,-6.994951885754811,-75.90892162040349
9581,incendio,-7.194,-76.6832
9586,incendio,-6.6132,-76.7457
9591,no_incendio,-6.006937780860308,-77.45432250461575
9595,incendio,-6.2362,-75.8593
9600,incendio,-8.3915,-76.3947
9601,no_incendio,-5.371545466461964,-76.40334353874748
9605,no_incendio,-7.343476837968453,-76.86299220846689
9634,no_incendio,-5.5896376031918615,-76.35252920094948
9638,no_incendio,-7.122938851987355,-76.92917682268381
9646,no_incendio,-6.602549423318465,-77.00681560184587
9654,incendio,-6.5919,-76.1582
9658,no_incendio,-7.192625795202753,-75.79931940133156
9659,incendio,-6.0122,-77.6905
9663,incendio,-6.4943,-75.7187
9665,no_incendio,-7.230008103453095,-76.43726823574747
9676,no_incendio,-6.794519962222771,-76.90986347869215
9698,no_incendio,-6.622512429028128,-75.69288323438259
9700,no_incendio,-7.575264155010306,-76.7671801072031
9702,incendio,-6.2125,-77.2556
9704,no_incendio,-5.585507984340333,-75.53590045517545
9708,no_incendio,-7.1439208952470965,-77.38092521559295
9709,no_incendio,-6.741440234624422,-77.09605125719467
9713,no_incendio,-6.9256501234330665,-77.07157879837493
9714,no_incendio,-5.6996412211902,-75.5074681731858
9723,incendio,-7.1474,-76.4148
9726,no_incendio,-6.371807438398121,-75.97041325819922
9729,no_incendio,-7.3664786483523805,-76.23130655990323
9731,no_incendio,-5.839270188717535,-77.49668062311541
9732,incendio,-8.447,-76.4149
9746,incendio,-8.6908,-76.3325
9747,no_incendio,-6.980365789444828,-76.90654360978435
9756,no_incendio,-6.253873442293271,-77.4856518253099
9758,no_incendio,-7.234182176376593,-76.40213823666475
9767,no_incendio,-7.070198196068285,-76.36379595586068
9769,no_incendio,-7.447641034854349,-75.90762090121981
9770,incendio,-5.758,-76.2406
9785,incendio,-6.6671,-76.6437
9791,incendio,-7.8973,-77.7202
9794,incendio,-7.0931,-76.7494
9805,no_incendio,-6.569933219427762,-75.5278161670118
9810,no_incendio,-5.4986752575716835,-76.99704879250469
9811,no_incendio,-5.869842375317225,-75.95286206170579
9812,no_incendio,-6.23478792603882,-76.18381610836184
9829,no_incendio,-6.736884280770205,-76.9775738185435
9831,no_incendio,-5.767157423041838,-75.60792843558447
9835,no_incendio,-5.931410128051382,-77.48442078407336
9838,no_incendio,-5.702740983602372,-76.82721339280745
9841,no_incendio,-6.050469228584658,-76.73736427886188
9846,incendio,-6.8808,-76.2504
9860,no_incendio,-7.20916394163281,-76.74882653338932
9863,no_incendio,-7.127093555738052,-76.84105088577114
9879,no_incendio,-7.598815481458372,-76.55352785980209
9890,no_incendio,-5.734144568873576,-75.90585662556418
9893,no_incendio,-5.586947404667705,-76.96796502244129
9894,incendio,-8.6734,-76.9201
9902,no_incendio,-7.332916187784927,-76.99914864296008
9903,incendio,-5.6927,-77.4611
9905,incendio,-6.9009,-76.595
9918,no_incendio,-7.147843120370421,-77.31448550971452
9920,no_incendio,-6.9338065388714725,-77.51645275784907
9935,no_incendio,-7.415686202537784,-75.85189468645096
9946,incendio,-6.9736,-76.2604
9956,no_incendio,-5.925744830854394,-76.62635370808266
9961,no_incendio,-5.5683966845979995,-76.81768428751661
9962,incendio,-6.9991,-76.6787
9968,no_incendio,-6.12520459976937,-77.49886350154438
9977,no_incendio,-5.8586832152668595,-76.15130829850591
9980,no_incendio,-6.1922155906112035,-75.54995561422898
9982,no_incendio,-6.589390257699646,-75.6408986952127
9987,no_incendio,-7.000185157265019,-76.24279253564121
9991,no_incendio,-7.377051275028038,-75.93975534182488
9999,no_incendio,-7.259025792408945,-76.1069982504593
10000,incendio,-5.7636,-77.2369
10001,no_incendio,-5.928392145710498,-76.5403998802667
10009,incendio,-8.7999,-76.112
10015,no_incendio,-7.589730303914846,-76.05435857716274
10017,no_incendio,-6.052146999790762,-76.66693051861807
10024,no_incendio,-7.224623096753857,-76.90340581488266
10026,incendio,-6.9725,-76.4735
10038,no_incendio,-5.576377400601263,-76.00886183713747
10045,no_incendio,-7.317626251154921,-75.78361603634158
10049,incendio,-6.07,-77.5102
10050,no_incendio,-5.858435510959442,-77.08234731471167
10053,no_incendio,-5.423352355280385,-75.9768451523196
10055,incendio,-8.37,-76.3228
10058,incendio,-6.8174,-76.4946
10074,no_incendio,-6.976092489979531,-77.35059361204593
10076,incendio,-8.783,-77.7876
10083,no_incendio,-5.9638581047952375,-75.97775046224217
10088,no_incendio,-6.064542854980353,-77.18213602611725
10095,incendio,-6.9611,-76.1825
10097,incendio,-6.8294,-76.4673
10100,no_incendio,-7.3239429065406565,-75.71625724817507
10102,no_incendio,-5.444716599482646,-75.83682474093726
10105,incendio,-8.0433,-77.4427
10111,no_incendio,-5.787648723882205,-76.3637582070336
10119,no_incendio,-7.493235179350296,-76.56434016404388
10122,incendio,-6.9541,-76.7312
10128,no_incendio,-7.53821724475927,-77.34792258266398
10161,incendio,-6.5021,-76.7974
10166,no_incendio,-6.94200325407077,-76.26001952788216
10176,incendio,-6.401,-76.0432
10179,incendio,-6.8951,-76.2192
10182,no_incendio,-6.856229226903604,-75.880120110949
10184,incendio,-7.3765,-76.7293
10188,incendio,-6.2399,-77.7961
10191,incendio,-7.2131,-76.9959
10198,no_incendio,-7.384008271248504,-77.19420546410333
10200,no_incendio,-7.1291364623253095,-77.04904307212506
10203,no_incendio,-6.535327617861432,-76.18785766882165
10225,no_incendio,-5.875159377973664,-77.1185525314163
10226,no_incendio,-6.5080063012359775,-75.67913673399867
10230,no_incendio,-6.337630898858479,-77.22298031852678
10232,no_incendio,-6.876747971648932,-77.24294547673294
10237,no_incendio,-6.730142477692188,-76.45478701398325
10243,no_incendio,-6.9734000570740395,-77.15029703123086
10245,incendio,-6.7972,-76.611
10250,no_incendio,-6.534406684076978,-76.00352237296187
10259,no_incendio,-7.527611322889828,-76.67002527157386
10267,incendio,-7.5505,-76.7219
10271,no_incendio,-7.465611055003252,-76.84521972476566
10274,no_incendio,-7.4582565567314925,-76.8374558308584
10289,incendio,-8.7583,-76.1813
10314,no_incendio,-6.696114207645428,-77.01139322381492
10315,incendio,-7.1948,-76.3769
10316,no_incendio,-6.621617501983885,-75.65329251395444
10326,incendio,-5.9735,-76.154
10328,no_incendio,-5.500738315784995,-75.59662427893288
10331,no_incendio,-6.884683844966387,-77.48590774056447
10338,no_incendio,-7.047404652384161,-75.9921217029406
10340,incendio,-6.2562,-76.8164
10347,no_incendio,-6.418496907062319,-75.56505083254436
10359,no_incendio,-5.7870347665351245,-76.83855785035811
10368,no_incendio,-6.911054339106914,-76.61694946054432
10373,no_incendio,-6.146925317432729,-76.25875565214055
10378,incendio,-5.7278,-76.6778
10382,no_incendio,-7.014371526342947,-75.6304094962068
10386,incendio,-5.9771,-76.2592
10392,no_incendio,-6.6015678247259215,-76.27888093028594
10397,no_incendio,-5.815206419164588,-75.9840705047973
10401,no_incendio,-7.2339632492782835,-76.73433396854956
10404,no_incendio,-5.5683966845979995,-76.81768428751661
10407,incendio,-6.9133,-76.5685
10408,no_incendio,-5.918920403880599,-75.94938972977876
10416,no_incendio,-6.47129538831012,-76.10848069167751
10423,no_incendio,-6.890502660955485,-77.28521359628384
10437,incendio,-7.0165,-76.285
10444,no_incendio,-6.594872736761388,-76.81244710228094
10445,no_incendio,-6.770535932670912,-77.17143392593205
10452,no_incendio,-6.215385324683509,-77.39247138767627
10462,incendio,-5.8749,-76.0109
10469,no_incendio,-5.370065008448104,-77.20634043748042
10471,no_incendio,-5.592210809875936,-75.85957552026237
10475,no_incendio,-7.378012032391012,-77.45917085361808
10488,no_incendio,-5.733329701316475,-76.97970479241751
10496,incendio,-5.4906,-75.8242
10500,no_incendio,-6.114431837075887,-77.3791914454974
10503,no_incendio,-6.4800299159294745,-75.86986955910662
10506,incendio,-7.55,-76.5349
10507,no_incendio,-7.019065477801208,-77.45420422372614
10518,no_incendio,-6.543469703142076,-77.05698988429933
10522,no_incendio,-7.142345675518539,-77.26966785367183
10524,no_incendio,-6.308143679517888,-75.54381617905881
10526,incendio,-8.5171,-76.3056
10534,no_incendio,-5.701666858501454,-75.71059369687181
10536,no_incendio,-6.092332930769818,-77.53250095731846
10541,incendio,-5.8237,-77.3126
10543,no_incendio,-6.581475655282046,-76.92813918096854
10549,no_incendio,-5.763649060823176,-76.26292282199367
10556,incendio,-6.9386,-76.2232
10570,no_incendio,-6.853423603407918,-76.51175603217372
10571,no_incendio,-6.945484440166689,-76.77951589048426
10577,incendio,-6.1384,-77.1735
10580,no_incendio,-6.599957493403006,-76.05770861085986
10593,no_incendio,-7.49572574357337,-75.97213125228711
10597,no_incendio,-6.059607457191615,-77.52385870382261
10600,no_incendio,-6.049219022458795,-76.2803636866073
10604,incendio,-5.9483,-76.2769
10610,incendio,-7.106,-76.7105
10622,no_incendio,-6.9973012484497445,-77.4510550557952
10623,no_incendio,-6.726107042288016,-76.4764656532763
10626,no_incendio,-6.479517291884607,-77.31045667927476
10629,no_incendio,-6.937481703505858,-75.66626594730945
10630,no_incendio,-7.070198196068285,-76.36379595586068
10639,no_incendio,-6.477469375479229,-76.23310758199833
10644,no_incendio,-6.246302114010693,-75.65691913180889
10645,no_incendio,-7.518549043794622,-77.46918278069812
10650,incendio,-5.773,-76.1881
10655,no_incendio,-5.690666241525762,-76.5831246635922
10657,incendio,-7.8715,-75.507
10660,no_incendio,-5.807568980791382,-75.59957931060934
10666,incendio,-6.8956,-76.5607
10673,no_incendio,-6.856923978483267,-76.96918980938075
10682,no_incendio,-5.592798700137297,-76.77202119029057
10683,no_incendio,-6.967630832661904,-76.66075655259817
10685,no_incendio,-5.62140995348484,-75.55506281291692
10692,no_incendio,-5.5797385570843945,-76.68051881795166
10705,no_incendio,-5.855822399079694,-75.69747959221154
10726,incendio,-5.9902,-77.0044
10733,no_incendio,-6.8808047229850295,-76.28180482094469
10743,incendio,-7.4929,-76.5116
10748,incendio,-7.1163,-76.3266
10749,incendio,-5.6857,-76.6004
10751,incendio,-6.6449,-76.655
10754,no_incendio,-6.350208583490028,-76.38539627900366
10764,no_incendio,-7.137713754276464,-76.43208640903742
10772,no_incendio,-6.479517291884607,-77.31045667927476
10775,no_incendio,-5.734144568873576,-75.90585662556418
10786,no_incendio,-6.668348976590427,-75.85167744687278
10805,no_incendio,-6.174948624269397,-76.36859139619342
10817,no_incendio,-5.83983548332399,-77.3596154335897
10823,no_incendio,-7.3912095148136645,-77.03017853882585
10824,no_incendio,-7.126628531945264,-77.1694503862003
10828,incendio,-5.8082,-76.0357
10834,incendio,-7.9798,-76.6471
10837,no_incendio,-6.896612666946929,-75.75338049940235
10842,no_incendio,-5.59950907688548,-76.65469517623596
10848,no_incendio,-6.30791982416226,-77.35125522509678
10853,no_incendio,-6.058777263222519,-76.29718752856778
10855,no_incendio,-5.959481938609148,-77.35681272469573
10862,incendio,-6.9606,-76.0792
10865,no_incendio,-5.659847709526774,-75.83935663792408
10869,incendio,-6.7539,-76.6872
10872,no_incendio,-5.826125398643272,-77.25978841596924
10877,no_incendio,-6.695225096779551,-76.23948893389061
10879,no_incendio,-5.592455159672106,-77.05696823462097
10887,incendio,-5.8458,-75.9604
10891,no_incendio,-5.397648721010737,-76.34314573163867
10899,no_incendio,-6.18702118811894,-77.34328610788602
10914,no_incendio,-5.712666897985722,-76.23826320211337
10916,incendio,-6.721,-76.7259
10930,incendio,-5.4218,-75.83
10933,incendio,-6.214,-76.2626
10935,incendio,-6.2484,-77.4667
10950,no_incendio,-6.337630898858479,-77.22298031852678
10956,no_incendio,-7.486384119244431,-77.33522717320785
10963,no_incendio,-6.324884637478815,-77.29362980195512
10970,no_incendio,-6.649475670478298,-75.86589242526365
10971,incendio,-6.1048,-76.3015
10972,incendio,-6.9302,-76.6649
10976,no_incendio,-6.3805177741503645,-77.07356874423562
10979,no_incendio,-6.580708866740203,-77.30463518466154
10985,incendio,-5.6602,-76.6391
10992,incendio,-6.24,-76.264
11003,no_incendio,-6.911906202214161,-76.30385492841812
11015,no_incendio,-5.720724874930588,-76.09066535924033
11025,incendio,-7.4422,-76.5497
11026,no_incendio,-6.677775402102643,-76.83019542388436
11036,no_incendio,-6.252480366224789,-76.488140203218
11037,incendio,-6.736,-76.6774
11038,no_incendio,-6.323745703888591,-76.07826663303581
11048,incendio,-6.0268,-76.9488
11055,no_incendio,-6.143493830692505,-76.5408916216836
11057,incendio,-7.5552,-76.5339
11058,incendio,-5.8268,-77.2491
11061,incendio,-6.2873,-76.1531
11066,no_incendio,-6.992873718796428,-77.40735326396366
11069,incendio,-5.3906,-76.8265
11088,incendio,-7.0384,-76.331
11100,no_incendio,-5.487710562433828,-76.3714568595569
11102,no_incendio,-6.136911310096428,-77.0902535793698
11110,no_incendio,-6.125949661803806,-77.27004912325427
11111,no_incendio,-7.162586032756481,-76.81020137003335
11114,no_incendio,-7.5702550538704605,-75.67821320807053
11125,incendio,-7.1925,-77.0259
11135,no_incendio,-5.532853929708149,-75.98229483983717
11138,no_incendio,-5.561988258344413,-76.88991934204635
11168,incendio,-6.3929,-76.5735
11173,no_incendio,-7.588515859914238,-76.24969046906399
11175,no_incendio,-6.738442276906446,-76.26128977675305
11178,incendio,-8.3243,-76.3184
11188,incendio,-8.154,-76.708
11189,incendio,-7.4392,-76.5567
11191,no_incendio,-6.6817259124413635,-75.77879648666988
11193,incendio,-8.1487,-77.3414
11202,incendio,-6.4949,-76.3616
11204,incendio,-6.4663,-75.6836
11211,no_incendio,-6.391881397317083,-77.53216465937516
11214,no_incendio,-7.480945740497024,-75.88131487548965
11224,incendio,-6.015,-75.839
11226,incendio,-8.6687,-77.363
11239,incendio,-5.8165,-76.2987
11240,no_incendio,-5.824960586839608,-76.59374334653756
11242,no_incendio,-6.237716755759431,-77.39156311979332
11243,incendio,-5.9888,-75.9529
11245,incendio,-6.5681,-76.1455
11255,no_incendio,-6.166609034042587,-76.23843722431326
11259,no_incendio,-6.705665824489784,-75.86880266225904
11262,no_incendio,-6.8824524173967765,-77.12203229237878
11268,no_incendio,-6.762864710659274,-76.8037089986203
11272,no_incendio,-6.733687512476174,-75.74855689788478
11276,no_incendio,-6.687814799910479,-75.56700420232013
11296,incendio,-7.66,-77.6256
11299,no_incendio,-5.592384500349762,-76.12339689137886
11302,no_incendio,-7.359360612224768,-76.78029054350944
11316,no_incendio,-6.391692174987462,-77.10791126635735
11317,no_incendio,-5.921016028711128,-75.70718586514504
11318,no_incendio,-5.880337682080549,-76.27434878275604
11322,no_incendio,-5.561920884041726,-75.5653879895247
11334,incendio,-8.0378,-76.6753
11337,no_incendio,-5.588466979788065,-76.18717580992774
11338,no_incendio,-6.134868701694113,-76.84593822630983
11339,incendio,-7.2025,-76.3246
11345,no_incendio,-7.27421571842906,-77.20818796800718
11347,no_incendio,-5.498957925752801,-76.23819839749541
11348,incendio,-8.6203,-76.1168
11354,no_incendio,-5.334479044366705,-77.48777820988575
11361,no_incendio,-5.356529850556848,-75.70252244587886
11366,no_incendio,-6.141100932072808,-75.82733820285651
11367,no_incendio,-7.014371526342947,-75.6304094962068
11370,no_incendio,-7.221811632536515,-77.44262630315019
11377,no_incendio,-6.948889791528075,-76.04658173737485
11381,incendio,-5.7292,-76.241
11388,no_incendio,-5.5670313248345,-75.99876018929933
11393,no_incendio,-6.20119371633988,-76.87236267556213
11399,no_incendio,-6.444450177038954,-75.66847301432819
11408,no_incendio,-7.233369543625463,-75.83176043083628
11418,no_incendio,-7.282016752291952,-75.89864347181351
11424,incendio,-6.8119,-76.548
11425,no_incendio,-5.6011690570737915,-76.70090683859456
11426,no_incendio,-7.021631546381363,-76.8111659595044
11427,incendio,-6.1263,-76.8505
11432,no_incendio,-6.00373135270891,-76.34110147279476
11434,no_incendio,-7.573586798987392,-75.72729255411187
11441,no_incendio,-6.261893490975904,-75.72805069897333
11443,no_incendio,-6.6675087326032685,-77.42602403570756
11446,incendio,-8.6569,-76.8196
11451,no_incendio,-6.7449829270010735,-76.32449330393015
11456,no_incendio,-7.564076009944549,-75.89157611790941
11461,incendio,-6.9876,-76.5516
11478,no_incendio,-7.285979665021611,-76.94332213408417
11490,incendio,-7.0597,-77.6764
11493,incendio,-5.9441,-76.2182
11495,no_incendio,-6.86277091910318,-76.45893260017807
11514,no_incendio,-6.2816422432891255,-75.61454508391762
11521,incendio,-6.0535,-76.9182
11522,no_incendio,-6.508124167264835,-76.61340355687425
11525,no_incendio,-5.870407571755855,-76.43899593158982
11536,no_incendio,-6.158099214586715,-77.01707847694989
11540,no_incendio,-6.180704652480343,-76.89113580194854
11541,incendio,-5.7222,-76.1864
11545,no_incendio,-5.5463833686959125,-76.92476001499328
11547,no_incendio,-7.128591277381194,-76.12302141097119
11560,no_incendio,-6.378904304384582,-76.46012370931685
11567,no_incendio,-6.991300272279587,-76.75580323161067
11568,no_incendio,-6.762864710659274,-76.8037089986203
11581,no_incendio,-5.977250221064096,-76.70445078164089
11582,incendio,-7.2837,-76.8086
11588,incendio,-6.1991,-76.0368
11594,no_incendio,-6.113994500362599,-76.09851389136325
11595,no_incendio,-6.146020638711784,-75.61071933850509
11600,no_incendio,-6.049219022458795,-76.2803636866073
11601,no_incendio,-6.9398975097013755,-76.27516039033146
11609,no_incendio,-6.477469375479229,-76.23310758199833
11613,no_incendio,-7.45728200774953,-76.98588787498541
11614,incendio,-7.1748,-76.8881
11619,no_incendio,-6.709534503439617,-76.66045732733674
11622,no_incendio,-6.536633754882988,-75.61074686603133
11625,no_incendio,-6.1849308797193405,-77.44943428599332
11627,incendio,-6.1227,-77.5252
11632,no_incendio,-6.2016988445038095,-75.99411742841416
11637,incendio,-7.137,-76.2159
11640,no_incendio,-7.447641034854349,-75.90762090121981
11649,incendio,-6.6005,-76.6966
11652,no_incendio,-7.451217530868493,-77.29241876502243
11656,no_incendio,-6.113161344070998,-75.7616050051639
11660,incendio,-6.4295,-76.683
11663,incendio,-7.4317,-76.6928
11670,no_incendio,-5.399746644332469,-76.68187059720576
11674,incendio,-7.604,-76.4869
11677,incendio,-6.7539,-76.5586
11701,no_incendio,-7.15250800382105,-75.6698884726493
11715,no_incendio,-5.585507984340333,-75.53590045517545
11719,incendio,-6.673,-76.7186
11722,no_incendio,-5.501045309864604,-77.33293151035834
11738,no_incendio,-7.4333859418143975,-75.94488928476447
11739,no_incendio,-6.350208583490028,-76.38539627900366
11740,incendio,-7.2085,-77.0652
11742,incendio,-6.0216,-75.9022
11744,no_incendio,-5.815972204611399,-75.5996631905604
11748,no_incendio,-6.980328156805363,-75.58165966551039
11751,no_incendio,-5.39776817495506,-77.21180440723553
11756,no_incendio,-5.339988911138568,-75.94604419335825
11758,no_incendio,-5.533837838145786,-75.72558753064112
11759,incendio,-7.5629,-76.411
11761,no_incendio,-6.446999968584335,-76.20534088443561
11765,incendio,-8.1712,-76.4902
11768,no_incendio,-5.420009462532595,-77.54497332899014
11772,no_incendio,-6.040843804619021,-75.5134205645717
11774,no_incendio,-7.4500171761306255,-77.030145813453
11775,incendio,-8.4697,-76.2502
11779,no_incendio,-6.258662070362653,-76.50630572261905
11781,no_incendio,-5.646223843039662,-77.22265388647651
11800,no_incendio,-6.727604587458214,-76.26589680418019
11809,no_incendio,-5.871823711573395,-77.09814467361281
11820,incendio,-5.3098,-76.2958
11821,incendio,-7.0535,-76.6179
11838,incendio,-7.4685,-76.5767
11841,incendio,-7.2065,-76.6383
11845,incendio,-8.3187,-77.122
11853,no_incendio,-6.566852763907717,-76.67622294647774
11854,incendio,-7.1942,-76.2673
11866,incendio,-7.4623,-76.6957
11877,incendio,-7.6916,-76.7104
11882,no_incendio,-5.809070578757959,-75.92077418660742
11891,no_incendio,-5.6355072776323825,-77.05987553143974
11896,no_incendio,-6.386426402369189,-77.04162489751405
11912,incendio,-8.4951,-76.4203
11916,incendio,-7.3951,-76.5224
11918,incendio,-6.4089,-76.6249
11930,no_incendio,-7.496239899438951,-76.29662903245722
11935,no_incendio,-5.592798700137297,-76.77202119029057
11944,incendio,-7.151,-76.3967
11945,incendio,-5.5605,-76.6847
11952,no_incendio,-6.360887636963093,-77.10755017823716
11953,no_incendio,-7.201796098982287,-75.59066106327278
11955,no_incendio,-7.588515859914238,-76.24969046906399
11956,incendio,-6.8842,-76.857
11968,no_incendio,-6.819960436835468,-75.76204305997081
11981,no_incendio,-6.256015929782314,-76.34693713254352
11989,no_incendio,-5.996065973339257,-76.13966106255965
12008,incendio,-5.679,-76.5003
12011,no_incendio,-5.797671068529707,-76.36918688461087
12014,incendio,-7.0501,-76.1179
12015,no_incendio,-6.646019680443848,-77.50514894077688
12022,incendio,-7.1889,-76.4789
12029,no_incendio,-6.107814853885202,-77.33817072189056
12032,no_incendio,-7.489751819531982,-75.96573533227652
12037,incendio,-6.1015,-75.8212
12038,no_incendio,-6.807279841790784,-75.78242302305196
12040,no_incendio,-7.341385532228014,-75.96721546288514
12047,no_incendio,-6.2585048621667685,-76.21326265306386
12049,incendio,-5.756,-76.0885
12050,incendio,-6.2677,-77.5895
12066,incendio,-6.8468,-76.1829
12070,no_incendio,-6.892866951927303,-75.87172300219687
12072,no_incendio,-7.201796098982287,-75.59066106327278
12085,no_incendio,-6.572656774954891,-77.3264854349528
12087,no_incendio,-6.428027041919373,-76.62475957936073
12103,incendio,-6.8464,-76.8024
12107,no_incendio,-7.345060499544703,-77.11825976617006
12109,incendio,-6.4421,-75.794
12113,incendio,-7.5013,-76.6761
12120,no_incendio,-7.269040165613338,-76.9103123983766
12122,incendio,-6.6509,-76.613
12131,no_incendio,-6.038741337094879,-76.35768470937417
12138,no_incendio,-5.661805796480656,-77.53514186743837
12144,no_incendio,-6.081920488696037,-77.43393189597795
12148,no_incendio,-6.722985174451003,-76.39617504365586
12150,incendio,-8.7906,-76.2754
12159,incendio,-6.9885,-76.6174
12185,no_incendio,-5.623597121632923,-75.81781716667395
12196,incendio,-6.9329,-76.7332
12197,incendio,-5.8405,-76.0104
12204,no_incendio,-7.261909044974304,-76.6515755533258
12209,no_incendio,-6.931054749326789,-77.2760800084336
12214,incendio,-6.8843,-76.8626
12217,incendio,-7.0576,-76.2326
12229,incendio,-6.121,-76.3128
12231,no_incendio,-5.374155680654134,-76.14052405499798
12232,no_incendio,-6.189900798297541,-77.11922448268243
12257,no_incendio,-7.086048466965619,-75.60482526516276
12258,incendio,-6.6895,-76.5316
12268,no_incendio,-7.227645324559791,-75.66978466195862
12269,no_incendio,-6.521871195981789,-77.46615975017302
12284,incendio,-7.001,-76.6677
12297,no_incendio,-7.0287390386317705,-77.03724597379518
12301,no_incendio,-6.807279841790784,-75.78242302305196
12303,no_incendio,-5.4560539889311706,-76.17543571338655
12310,incendio,-7.2777,-76.6628
12321,no_incendio,-7.396034749471958,-77.09104434205882
12328,incendio,-7.0258,-76.6784
12335,incendio,-5.8288,-77.4291
12338,no_incendio,-5.3149529866292395,-75.54616509202799
12340,no_incendio,-6.342272331916268,-77.0355540401251
12348,incendio,-7.3887,-76.5786
12354,incendio,-6.2871,-76.1921
12361,no_incendio,-6.4800299159294745,-75.86986955910662
12390,no_incendio,-6.189900798297541,-77.11922448268243
12395,no_incendio,-6.653744086369802,-76.88423091911557
12396,no_incendio,-7.592086939740942,-76.80103020899601
12398,incendio,-6.4571,-76.4182
12401,no_incendio,-7.341385532228014,-75.96721546288514
12406,no_incendio,-5.465881437617145,-76.83346258647516
12409,no_incendio,-5.6819042694428346,-76.21370978152449
12411,incendio,-7.2569,-76.8064
12429,incendio,-6.8183,-76.5986
12430,no_incendio,-6.199800156726071,-75.87903812084684
12431,no_incendio,-6.607438503581988,-77.25629846979227
12433,no_incendio,-7.021631546381363,-76.8111659595044
12448,no_incendio,-5.5280435147957645,-75.64292390382334
12456,no_incendio,-5.451709663906019,-76.0834165906866
12458,no_incendio,-7.4811756669415,-76.01564428333117
12460,no_incendio,-6.518152554514016,-75.5195810155841
12464,incendio,-6.318,-76.0503
12472,incendio,-7.4984,-76.5546
12474,no_incendio,-5.70993701267222,-76.39276259470975
12486,no_incendio,-6.634686692730256,-75.5796876028018
12491,no_incendio,-6.928184042805378,-76.77151382737259
12511,incendio,-5.9425,-76.219
12513,incendio,-6.4399,-76.5922
12514,no_incendio,-7.414688922024766,-76.2476866383002
12538,incendio,-8.2482,-76.5363
12543,incendio,-7.3488,-76.6658
12557,no_incendio,-6.808753435004469,-75.58127871175964
12563,no_incendio,-7.454820191858604,-77.06390769959336
12566,incendio,-6.7908,-76.8045
12567,incendio,-6.1405,-77.1464
12574,no_incendio,-5.646223843039662,-77.22265388647651
12575,no_incendio,-7.320681720418793,-75.65489361084256
12576,no_incendio,-5.3928610006268665,-76.95098681919762
12581,no_incendio,-6.939758211874388,-76.17566888296336
12583,no_incendio,-5.798404361194972,-75.81527300196596
12595,incendio,-6.1612,-76.3752
12596,no_incendio,-7.1439208952470965,-77.38092521559295
12603,no_incendio,-7.119124402863609,-77.37715689078294
12613,incendio,-7.0494,-76.7865
12614,incendio,-6.7005,-76.6204
12621,no_incendio,-5.630317607867646,-76.28664530211917
12622,no_incendio,-7.291269329879484,-76.54650698845496
12624,no_incendio,-5.531494331119256,-75.68693972870032
12646,incendio,-7.3812,-76.7762
12649,incendio,-7.1421,-76.3808
12661,incendio,-7.0037,-76.2885
12669,no_incendio,-6.0258388422724725,-75.8823418796658
12676,no_incendio,-6.834300186862358,-76.1605435782697
12678,no_incendio,-5.592843733729189,-75.8469852314677
12700,no_incendio,-6.0636997194620585,-76.98817967024722
12711,incendio,-6.4843,-76.5431
12718,no_incendio,-7.152157832421082,-77.44831592237493
12719,incendio,-6.6006,-76.3691
12725,no_incendio,-6.946999930209273,-76.16347768392615
12726,no_incendio,-5.339033958369073,-76.08006911213882
12727,no_incendio,-6.698529470828457,-76.28501109879417
12730,no_incendio,-6.376048501437837,-77.12747027240657
12732,incendio,-7.4587,-76.6086
12735,no_incendio,-6.895407353104692,-76.79676810992372
12744,no_incendio,-6.2554801571250565,-76.43574997258422
12775,no_incendio,-6.107814853885202,-77.33817072189056
12779,no_incendio,-6.518152554514016,-75.5195810155841
12786,incendio,-6.6042,-76.7328
12791,no_incendio,-7.12053033714668,-76.21891493903652
12792,no_incendio,-7.3680402233360685,-75.9380390323052
12797,no_incendio,-5.786742413220336,-77.47906670461887
12799,incendio,-7.2987,-76.6233
12801,incendio,-5.9549,-76.4927
12804,incendio,-6.523,-76.6064
12810,no_incendio,-7.502611835705684,-75.74342232378346
12814,no_incendio,-6.501773263941807,-76.20873227680231
12815,incendio,-5.991,-76.2277
12820,no_incendio,-7.014916061647587,-75.71674408231947
12833,incendio,-8.3269,-76.5295
12845,incendio,-8.5664,-76.4196
12847,incendio,-6.9853,-76.7702
12856,no_incendio,-7.377346584054845,-77.21066750842841
12859,no_incendio,-6.1922155906112035,-75.54995561422898
12863,no_incendio,-6.003436470117687,-77.4174804711691
12871,no_incendio,-5.626490573988114,-76.90197669049898
12872,no_incendio,-6.272889262540646,-77.34340996973071
12873,no_incendio,-5.926705485124891,-75.77709994653331
12881,no_incendio,-7.099688871826168,-75.91020418997267
12891,incendio,-6.225,-76.2865
12894,no_incendio,-5.846363398738161,-76.40526766705626
12896,no_incendio,-5.942412033073392,-76.99723759620795
12897,no_incendio,-7.288317129023355,-76.62295810073671
12911,no_incendio,-7.312843125933768,-75.51939324111113
12913,no_incendio,-5.899739172279481,-75.62561076754551
12923,no_incendio,-6.370500555903968,-77.21187079190732
12938,incendio,-7.287,-76.7239
12948,no_incendio,-5.6909060907931215,-77.03642215530066
12953,incendio,-7.2129,-76.719
12959,no_incendio,-6.644983818759033,-76.97235660144274
12963,incendio,-8.7754,-77.7541
12966,no_incendio,-6.7449829270010735,-76.32449330393015
12970,incendio,-8.7286,-76.1649
12976,no_incendio,-5.391936920318269,-75.74765732530163
12981,incendio,-6.9455,-76.2407
12992,incendio,-7.0917,-76.7739
12993,no_incendio,-5.487830888913878,-75.70248261618342
12995,no_incendio,-7.301346263959235,-76.9768322825311
13003,no_incendio,-7.251053016973333,-77.43482372064443
13004,incendio,-7.3087,-76.6585
13007,no_incendio,-6.965586863586331,-77.4440785223658
13008,no_incendio,-6.2816422432891255,-75.61454508391762
13010,incendio,-6.4791,-75.9193
13011,no_incendio,-7.3239429065406565,-75.71625724817507
13016,incendio,-8.5307,-76.3574
13024,no_incendio,-5.503666402060762,-76.62944463990817
13032,no_incendio,-6.467420438436691,-76.19360941434292
13042,no_incendio,-6.66812028796298,-76.15230026038583
13047,incendio,-6.8221,-76.5166
13048,no_incendio,-7.287912531535466,-77.51954103984086
13049,incendio,-7.2204,-76.8281
13053,no_incendio,-6.224512205373936,-77.14720066928672
13059,no_incendio,-6.91975600968376,-77.05871610020544
13061,no_incendio,-5.41517785771272,-76.05115692097354
13066,incendio,-6.2956,-76.7128
13068,no_incendio,-5.487830888913878,-75.70248261618342
13078,incendio,-5.8374,-76.1934
13091,incendio,-6.5667,-76.5153
13115,no_incendio,-7.391395621025486,-76.825979662233
13116,no_incendio,-7.448759349626241,-75.73146487239217
13119,no_incendio,-7.336551353349131,-77.20883178649431
13120,incendio,-7.1716,-76.4205
13128,incendio,-6.9765,-76.8134
13132,no_incendio,-6.228351070264562,-77.26637950725386
13145,no_incendio,-6.040687375273645,-76.93582583750656
13146,no_incendio,-6.534406684076978,-76.00352237296187
13159,no_incendio,-5.953019088925324,-76.23284593502969
13161,no_incendio,-5.348479960720765,-76.73008143184053
13164,incendio,-5.4502,-76.8212
13169,no_incendio,-6.237093114939267,-75.7117789331342
13171,no_incendio,-7.320681720418793,-75.65489361084256
13173,incendio,-7.344,-76.6487
13175,no_incendio,-7.150750883364853,-76.83628592323717
13185,incendio,-8.3116,-76.5333
13190,incendio,-6.1521,-77.1889
13193,no_incendio,-6.490435100183895,-76.04212659409674
13196,no_incendio,-7.127830025342514,-77.33172299006912
13199,no_incendio,-6.329066895240967,-77.1289458150613
13205,no_incendio,-6.24016797795497,-75.64844512243143
13207,no_incendio,-5.9969306066925245,-75.59395245076587
13211,incendio,-7.1362,-76.2722
13213,no_incendio,-7.1205154593131565,-76.76326173892171
13227,incendio,-7.3331,-76.9646
13229,no_incendio,-7.1977592020733425,-77.03415799769597
13230,incendio,-8.397,-76.2796
13241,no_incendio,-6.843242986862935,-76.83119639273687
13245,incendio,-7.1574,-76.4363
13246,no_incendio,-5.655403371061297,-77.22066038141541
13249,no_incendio,-7.523343048173316,-75.60465669486607
13254,incendio,-8.6947,-76.3045
13256,no_incendio,-6.038741337094879,-76.35768470937417
13258,incendio,-7.262,-76.7023
13263,incendio,-8.5326,-76.479
13266,incendio,-7.6122,-77.4573
13273,incendio,-6.6211,-76.3125
13292,incendio,-6.2633,-75.7837
13309,no_incendio,-6.834300186862358,-76.1605435782697
13312,no_incendio,-6.267765286846349,-75.88438881089547
13314,no_incendio,-6.539751025490163,-75.79612657062603
13315,no_incendio,-6.006937780860308,-77.45432250461575
13320,incendio,-6.8789,-76.5079
13321,incendio,-5.8201,-76.2333
13322,incendio,-7.2954,-76.711
13338,no_incendio,-5.984669195028871,-76.49551058575585
13339,no_incendio,-7.457798199513177,-76.25066528876945
13340,no_incendio,-6.174948624269397,-76.36859139619342
13346,incendio,-7.2974,-76.763
13355,incendio,-7.5485,-76.7071
13361,no_incendio,-7.475413502587504,-75.52501286015236
13365,no_incendio,-5.9069362811274955,-76.90796880037888
13386,incendio,-8.6613,-76.3347
13387,no_incendio,-7.486384119244431,-77.33522717320785
13388,incendio,-5.4038,-75.8491
13393,incendio,-8.1263,-76.6623
13396,no_incendio,-6.699009805364948,-77.20530585140459
13399,no_incendio,-7.086474485794749,-76.34589785341001
13400,no_incendio,-5.900355019577343,-76.50972621036057
13406,no_incendio,-6.011348651194169,-77.43448041427209
13417,no_incendio,-7.139277657699614,-76.6688585627755
13427,no_incendio,-5.412071364186887,-77.00251056339543
13429,incendio,-7.5474,-76.6834
13430,incendio,-7.2135,-76.2981
13433,no_incendio,-5.866539639068574,-77.22687497991105
13437,no_incendio,-7.017832061015762,-77.13978816386988
13446,no_incendio,-5.4868610147355525,-76.76095607597574
13447,incendio,-6.0724,-75.8601
13450,incendio,-6.8868,-76.7536
13454,no_incendio,-6.237007995955339,-77.29653920345977
13463,incendio,-8.3919,-76.4857
13464,incendio,-5.742,-76.1466
13468,incendio,-7.3688,-76.6893
13480,incendio,-8.5656,-77.0539
13483,no_incendio,-6.130295951384975,-75.70862882951778
13488,incendio,-6.8616,-76.5995
13492,incendio,-6.4683,-75.8059
13495,no_incendio,-6.695225096779551,-76.23948893389061
13498,incendio,-7.0533,-76.1355
13509,incendio,-7.4874,-76.5101
13514,no_incendio,-6.467350712480753,-77.13922176575424
13520,incendio,-6.8189,-76.636
13522,incendio,-6.2968,-76.2582
13525,incendio,-5.8225,-76.307
13529,incendio,-6.7016,-76.6176
13534,incendio,-8.2291,-76.6068
13543,no_incendio,-6.24237475480212,-75.58560175040829
13546,incendio,-7.0659,-76.8319
13550,incendio,-6.231,-75.8041
13552,incendio,-6.6928,-76.4402
13557,no_incendio,-5.5683966845979995,-76.81768428751661
13559,no_incendio,-7.394254404476224,-75.68500027222532
13562,no_incendio,-6.5631659761878876,-77.17426169429598
13563,no_incendio,-5.618910457397299,-76.39046295133087
13569,no_incendio,-6.9256501234330665,-77.07157879837493
13570,incendio,-6.8327,-76.8282
13578,no_incendio,-6.86277091910318,-76.45893260017807
13579,no_incendio,-7.014916061647587,-75.71674408231947
13587,incendio,-6.862,-76.6401
13591,no_incendio,-7.56354574516261,-76.00460014183221
13594,incendio,-6.7406,-76.2015
13601,no_incendio,-6.1628423736617925,-77.33214012724629
13614,incendio,-6.4699,-76.4479
13616,no_incendio,-6.539751025490163,-75.79612657062603
13618,no_incendio,-5.4225864404931166,-77.44996456310464
13624,no_incendio,-6.876747971648932,-77.24294547673294
13637,no_incendio,-5.706911774664528,-77.15797296628834
13658,no_incendio,-6.953777990970317,-76.5586078961979
13666,no_incendio,-7.189575486518889,-75.71595612356288
13670,no_incendio,-5.389176452484517,-75.81151917065094
13671,incendio,-7.2225,-76.4816
13685,incendio,-6.8259,-76.4983
13690,incendio,-5.8136,-77.3605
13701,incendio,-6.1489,-76.9053
13703,incendio,-6.5482,-76.4541
13706,incendio,-7.605,-76.4204
13712,incendio,-7.4728,-76.3999
13721,incendio,-6.6259,-76.7861
13731,no_incendio,-6.482952600752266,-75.66603340235945
13733,no_incendio,-6.768246356022148,-77.34898684785115
13736,incendio,-7.0547,-76.75
13741,no_incendio,-6.129131664861193,-76.45649977733511
13742,incendio,-7.3799,-76.5892
13748,no_incendio,-5.398135296375456,-76.71445247130518
13750,no_incendio,-6.590618313605878,-75.87293609884875
13754,no_incendio,-5.992717705570296,-75.97108395344519
13758,incendio,-7.1378,-76.7617
13761,no_incendio,-6.834902492352533,-77.15059777266319
13781,incendio,-7.1961,-76.6945
13805,no_incendio,-5.623597121632923,-75.81781716667395
13806,no_incendio,-5.846023239980903,-75.59058432825728
13813,no_incendio,-5.733319617679441,-76.17295841826885
13838,no_incendio,-6.856923978483267,-76.96918980938075
13870,no_incendio,-6.30212067741681,-77.20947071632679
13877,no_incendio,-5.833991570039085,-76.02950285469245
13886,no_incendio,-5.862678119407266,-76.8979972886448
13905,no_incendio,-7.401018606692293,-76.00185651713339
13912,no_incendio,-6.581835148874593,-77.10480197876178
13917,no_incendio,-5.455465993485473,-76.16419328270247
13921,incendio,-5.8141,-77.3045
13926,incendio,-6.5009,-76.7885
13928,no_incendio,-5.398135296375456,-76.71445247130518
13933,no_incendio,-6.702659611656615,-77.00358407805038
13934,no_incendio,-7.567624123602405,-76.60964562111504
13949,no_incendio,-7.45728200774953,-76.98588787498541
13960,no_incendio,-5.5797385570843945,-76.68051881795166
13961,no_incendio,-6.896612666946929,-75.75338049940235
13973,no_incendio,-5.525166300103762,-76.64412404917219
13979,no_incendio,-6.253426709313807,-77.08659131097349
13983,no_incendio,-7.420738238712349,-77.50365613060586
13984,no_incendio,-5.489245275525123,-76.82667902790362
13985,incendio,-7.2016,-77.0457
14000,no_incendio,-5.83983548332399,-77.3596154335897
14008,incendio,-7.5198,-76.5394
14009,no_incendio,-7.288317129023355,-76.62295810073671
14022,incendio,-6.7353,-76.735
14030,no_incendio,-7.523779550040388,-76.57430086125386
14035,no_incendio,-5.829668681149241,-76.34423254304822
14040,no_incendio,-5.8624058726324275,-77.54256899267752
14044,no_incendio,-5.728382445396997,-77.12017555927592
14055,incendio,-6.8436,-76.8314
14056,no_incendio,-6.827947755317633,-77.24078320536096
14057,no_incendio,-5.811469366759115,-76.0719190251322
14061,no_incendio,-7.38891296125344,-75.60819465870141
14063,incendio,-5.9868,-77.1097
14070,incendio,-6.8347,-76.3303
14071,no_incendio,-5.62998043999866,-76.34952477053923
14077,no_incendio,-6.256015929782314,-76.34693713254352
14079,no_incendio,-7.4291899383099445,-76.99344952239323
14080,incendio,-7.2369,-77.0512
14082,no_incendio,-6.758060268510353,-77.51884776551792
14086,incendio,-6.4615,-76.5304
14088,incendio,-6.7909,-76.1902
14091,no_incendio,-6.998414939340265,-75.67912715079014
14104,no_incendio,-6.480391966428419,-77.42730148887621
14113,no_incendio,-5.906320557671209,-76.16456069117528
14116,no_incendio,-5.388800568828812,-75.76427198080877
14127,incendio,-8.3018,-76.3475
14132,incendio,-8.4553,-76.249
14133,no_incendio,-5.791181789509089,-77.46024775242152
14138,no_incendio,-7.536324441611577,-75.98652093293225
14142,incendio,-5.7913,-77.4067
14152,incendio,-7.0654,-76.1921
14163,no_incendio,-5.6897437871119,-77.10615819747757
14179,no_incendio,-6.758724816086575,-76.05879675132634
14186,no_incendio,-7.456346722108078,-76.20342873895703
14188,no_incendio,-5.561988258344413,-76.88991934204635
14197,no_incendio,-6.796720182530489,-75.69073110670904
14200,incendio,-5.8452,-76.2221
14201,incendio,-7.2932,-76.6021
14203,incendio,-6.8643,-76.8987
14204,no_incendio,-5.409046088511844,-75.85044957982578
14205,incendio,-6.7229,-76.6131
14209,no_incendio,-7.179164728014299,-77.26673458504925
14210,no_incendio,-6.4548358961700885,-76.10226827896288
14212,no_incendio,-7.269040165613338,-76.9103123983766
14213,no_incendio,-5.858435510959442,-77.08234731471167
14222,no_incendio,-6.838209877352376,-75.74494612497837
14224,no_incendio,-5.6874479423727555,-75.79801976537915
14239,no_incendio,-6.0457356441581505,-76.76564488218803
14242,incendio,-8.4206,-76.2646
14249,incendio,-6.5479,-76.1103
14264,incendio,-7.2192,-76.8741
14270,no_incendio,-6.026656147123168,-76.76469510540855
14289,no_incendio,-7.289453419528988,-76.70433724655702
14290,no_incendio,-5.707217935164065,-76.52295370572979
14303,no_incendio,-7.450227101420001,-77.22165209135423
14304,no_incendio,-6.1579628470379655,-75.78726893747826
14313,no_incendio,-5.9787702159042375,-76.39270327711898
14319,incendio,-6.298,-76.1219
14321,no_incendio,-7.418524326808485,-76.32670813744515
14324,no_incendio,-6.514967490351236,-76.99375522896699
14331,incendio,-8.3261,-76.3644
14367,no_incendio,-5.985543510791079,-75.55610035209125
14368,no_incendio,-7.448759349626241,-75.73146487239217
14373,no_incendio,-6.991871137907023,-76.86560292258433
14380,incendio,-5.4967,-76.766
14387,no_incendio,-7.1816270512499,-75.96620433389496
14389,no_incendio,-5.673007856969957,-76.8124122789181
14398,incendio,-8.2611,-76.5916
14401,no_incendio,-7.238892730733428,-76.47459847040415
14405,no_incendio,-6.090705105654209,-75.76196358722034
14418,no_incendio,-7.314921869709458,-75.6262107073791
14420,incendio,-6.6182,-76.5797
14424,no_incendio,-5.590745607594968,-76.01092904258273
14427,incendio,-6.1581,-75.8879
14437,no_incendio,-7.2373332017811665,-76.09425476964923
14440,no_incendio,-5.4324592687941,-76.16239104777486
14446,incendio,-6.6146,-76.7419
14452,no_incendio,-6.110977096163155,-77.0520623179512
14453,no_incendio,-5.817722164420606,-76.05024701906109
14460,incendio,-7.5986,-76.6912
14464,incendio,-6.5212,-76.7568
14466,no_incendio,-7.234182176376593,-76.40213823666475
14468,no_incendio,-5.734596234605278,-76.54404736792905
14475,no_incendio,-7.1977592020733425,-77.03415799769597
14477,no_incendio,-6.309912628737243,-75.57235857764702
14479,incendio,-8.2516,-76.4828
14483,no_incendio,-6.542256231887758,-76.22236926601508
14486,no_incendio,-6.156444886914189,-76.11831601972577
14487,no_incendio,-7.37285257220338,-75.85397128431137
14490,no_incendio,-5.871711432876104,-76.01772742487569
14494,no_incendio,-5.869842375317225,-75.95286206170579
14497,no_incendio,-5.811469366759115,-76.0719190251322
14511,no_incendio,-6.808642932215501,-75.79916533133496
14514,no_incendio,-5.451597714525489,-77.32234997673201
14516,no_incendio,-5.748428283636171,-75.60096771532396
14520,no_incendio,-5.701666858501454,-75.71059369687181
14526,incendio,-5.9522,-76.2606
14527,no_incendio,-6.812990607089626,-75.70820307560577
14529,no_incendio,-6.252480366224789,-76.488140203218
14532,no_incendio,-7.217722844984081,-77.2235426849214
14536,no_incendio,-6.673178207902485,-77.4048318758823
14545,no_incendio,-7.4286037527901305,-75.69674631092113
14547,no_incendio,-5.329749843854847,-75.71078811690217
14558,no_incendio,-5.8091800479019735,-77.2012977286717
14562,incendio,-5.9334,-76.2328
14563,no_incendio,-6.060981828013205,-76.61589601950963
14565,no_incendio,-5.525473635438348,-76.97243620940135
14567,no_incendio,-7.261909044974304,-76.6515755533258
14572,incendio,-8.3738,-76.4884
14573,incendio,-6.7419,-76.43
14575,no_incendio,-5.5797385570843945,-76.68051881795166
14576,no_incendio,-6.040843804619021,-75.5134205645717
14578,no_incendio,-6.462614163555006,-75.61289892495
14579,no_incendio,-7.527307126647749,-77.12744201881532
14585,no_incendio,-5.944935096517128,-76.18780832521988
14593,incendio,-6.9239,-76.5676
14604,no_incendio,-6.215385324683509,-77.39247138767627
14612,no_incendio,-5.326931537697329,-77.25175106818679
14616,no_incendio,-5.800895908311601,-76.62831443275236
14628,no_incendio,-5.557069716448366,-75.65393079947539
14639,no_incendio,-5.609318574866824,-76.18227826181767
14649,incendio,-6.6568,-76.5224
14653,no_incendio,-5.930404217360228,-76.53983487852608
14671,incendio,-8.4465,-76.3961
14673,no_incendio,-7.199216978961617,-75.9477990392911
14682,no_incendio,-6.720013389410524,-76.18246932103828
14683,no_incendio,-6.190864426146802,-76.12967606406326
14689,no_incendio,-6.045557480896305,-76.73042918045354
14693,no_incendio,-6.378904304384582,-76.46012370931685
14695,no_incendio,-5.976958562482058,-76.80488821989493
14706,incendio,-8.7064,-76.9369
14707,no_incendio,-7.431414415877487,-76.13136950681124
14708,no_incendio,-7.322815935895123,-76.7836025186051
14722,incendio,-7.51,-76.5315
14727,incendio,-7.5763,-76.4843
14743,incendio,-7.5484,-76.5234
14746,no_incendio,-7.132478183195441,-76.65634588857769
14760,no_incendio,-7.454920494649443,-76.8925561147692
14762,incendio,-7.0656,-76.4937
14765,incendio,-5.8467,-76.3402
14780,incendio,-8.3658,-77.0751
14781,no_incendio,-5.364143829036743,-76.95415482559467
14784,no_incendio,-7.412957121399091,-77.21617404571616
14798,incendio,-6.9948,-76.5252
14805,incendio,-7.29,-76.4875
14810,incendio,-6.2436,-75.9834
14811,no_incendio,-6.046941056590012,-76.4497684025493
14819,incendio,-6.3259,-76.1013
14831,no_incendio,-7.518549043794622,-77.46918278069812
14839,incendio,-5.8616,-76.5775
14859,incendio,-6.7603,-76.57
14876,no_incendio,-5.804055235179965,-77.4451366120588
14877,incendio,-7.1336,-76.5239
14878,no_incendio,-6.963743688695052,-77.15890290229473
14881,incendio,-6.7108,-76.8537
14883,incendio,-6.7751,-76.1606
14886,no_incendio,-5.659847709526774,-75.83935663792408
14904,no_incendio,-7.487565239153625,-77.31329030244564
14906,incendio,-6.6913,-76.6941
14910,no_incendio,-5.703527630485487,-76.04599898833253
14935,no_incendio,-5.733329701316475,-76.97970479241751
14950,no_incendio,-6.061671698446887,-76.35844064270319
14959,incendio,-7.4244,-76.7114
14960,no_incendio,-6.040687375273645,-76.93582583750656
14971,incendio,-6.9171,-76.9112
14973,no_incendio,-5.432202072011853,-76.59374002276904
14979,incendio,-6.5229,-76.3192
14987,no_incendio,-7.396293728832261,-76.90325278525978
14994,no_incendio,-6.542256231887758,-76.22236926601508
15013,incendio,-6.5638,-77.493
15019,incendio,-7.4227,-76.4658
15030,incendio,-7.2786,-76.7502
15038,incendio,-7.5517,-76.4156
15046,incendio,-5.7383,-75.9934
15048,no_incendio,-6.064968975705764,-75.80158619111924
15049,incendio,-7.4638,-76.5831
15051,no_incendio,-5.450166959625918,-77.00835031536832
15054,no_incendio,-7.3226422677593845,-76.0064093237638
15062,no_incendio,-6.987442347939161,-77.51096806537585
15065,incendio,-7.2113,-77.0704
15071,incendio,-6.7707,-76.1217
15076,incendio,-5.8172,-76.5248
15083,no_incendio,-5.525266717128592,-75.70624108601852
15086,incendio,-5.6241,-76.686
15096,no_incendio,-7.128591277381194,-76.12302141097119
15107,no_incendio,-5.913444133925558,-76.54061399484421
15115,no_incendio,-5.334479044366705,-77.48777820988575
15119,no_incendio,-6.439049170355273,-77.46289627422017
15120,no_incendio,-6.038754568131664,-76.35371867515885
15136,incendio,-7.2031,-76.4789
15139,no_incendio,-7.12053033714668,-76.21891493903652
15149,incendio,-6.0519,-76.8191
15153,no_incendio,-6.095756407316532,-77.30841425266888
15157,incendio,-7.0263,-76.2332
15159,no_incendio,-7.081124602285028,-76.06087878832324
15168,incendio,-6.2387,-75.8519
15181,no_incendio,-7.247461423234719,-75.57023459371909
15184,no_incendio,-6.2888093914419265,-77.49498781950011
15186,incendio,-6.8331,-76.7058
15192,no_incendio,-6.606517162327486,-77.4629258839616
15195,incendio,-6.7449,-76.6193
15197,incendio,-7.2012,-76.9024
15203,incendio,-6.6445,-76.3146
15204,no_incendio,-7.493540878148328,-76.20838654108637
15208,no_incendio,-7.502611835705684,-75.74342232378346
15211,no_incendio,-6.00373135270891,-76.34110147279476
15212,no_incendio,-7.005255736259935,-76.42804994495515
15224,no_incendio,-7.076017752800738,-75.91978389352657
15232,no_incendio,-5.508214763979514,-75.68261084884283
15235,no_incendio,-6.096039133600909,-76.29380539264065
15238,no_incendio,-6.9338065388714725,-77.51645275784907
15242,no_incendio,-7.537645825070388,-77.33447245653781
15247,no_incendio,-6.491284059337684,-76.25746904489338
15252,no_incendio,-5.454661580886559,-77.46777785872058
15256,no_incendio,-7.062719614900722,-75.90547044520231
15265,incendio,-8.179,-77.0065
15269,no_incendio,-6.6229879670061225,-75.80299704996388
15274,incendio,-8.6589,-77.1226
15280,incendio,-7.2704,-76.2825
15281,no_incendio,-6.971890891507541,-75.84725150741345
15282,incendio,-8.6598,-76.2828
15305,incendio,-5.8953,-75.9934
15311,no_incendio,-7.36388011313037,-77.4640263849402
15313,incendio,-8.3261,-76.2998
15316,no_incendio,-5.592011294671137,-75.99975689195666
15323,no_incendio,-6.595830198454336,-76.87085544617783
15338,no_incendio,-6.7911860867707,-76.3184609362465
15355,no_incendio,-6.442429492492132,-75.8210206317141
15357,no_incendio,-6.9213010558098045,-76.33886424086654
15361,incendio,-6.9663,-76.6479
15365,no_incendio,-5.576401103022335,-75.65589793985158
15375,no_incendio,-7.125442800649086,-77.06151312787605
15378,no_incendio,-5.315273849835721,-75.96752969040406
15382,incendio,-8.6007,-76.3184
15389,incendio,-6.8395,-76.45
15408,no_incendio,-6.026656147123168,-76.76469510540855
15411,no_incendio,-6.832250558370159,-76.20474853380588
15413,incendio,-8.1737,-77.2763
15415,no_incendio,-5.594721982840302,-76.73250330554579
15419,incendio,-6.3026,-76.2983
15427,incendio,-6.8201,-76.6343
15435,no_incendio,-6.606179550023269,-77.17612767759138
15442,no_incendio,-7.0805818707385395,-75.71658427890108
15446,incendio,-7.2492,-76.3683
15461,incendio,-5.8116,-76.0287
15470,no_incendio,-6.542252546530441,-76.69178298792589
15471,no_incendio,-5.555763303802058,-77.3394188883658
15477,incendio,-6.8727,-76.2231
15484,no_incendio,-5.612907306182736,-76.9815155721773
15491,incendio,-7.329,-76.9033
15494,incendio,-6.9367,-76.4871
15507,no_incendio,-5.871232465142917,-76.52596915622884
15509,no_incendio,-6.53325154649785,-76.75115030969212
15515,no_incendio,-5.399746644332469,-76.68187059720576
15522,incendio,-5.9931,-76.158
15525,incendio,-6.0393,-76.2909
15526,incendio,-8.4591,-76.2481
15530,no_incendio,-6.994951885754811,-75.90892162040349
15539,incendio,-7.3115,-76.8172
15543,incendio,-7.2326,-76.856
15550,incendio,-8.6831,-76.3205
15551,no_incendio,-5.31179064282697,-75.78618195501585
15557,no_incendio,-7.509252354285814,-75.54465114823546
15559,no_incendio,-6.091674894114575,-77.31779067927825
15560,no_incendio,-6.377187733554232,-75.74684740899566
15567,incendio,-7.3711,-76.3768
15573,no_incendio,-7.250518418431454,-77.39731384590523
15576,no_incendio,-5.855088798772725,-76.8781669555971
15591,no_incendio,-7.062719614900722,-75.90547044520231
15594,no_incendio,-5.991245342520768,-75.64023187612118
15601,no_incendio,-7.227645324559791,-75.66978466195862
15602,incendio,-6.8931,-76.8141
15606,no_incendio,-5.841084064265475,-76.47146316885033
15613,no_incendio,-6.930372562741588,-76.24468121546766
15627,no_incendio,-6.818883045664746,-77.17747642270048
15637,no_incendio,-6.324934683730277,-76.81019781469472
15643,no_incendio,-7.174304209114396,-76.54277799438324
15661,no_incendio,-6.987442347939161,-77.51096806537585
15663,incendio,-5.9651,-76.2643
15669,no_incendio,-5.968086685454471,-75.87697296740079
15678,no_incendio,-6.9712876814104,-75.72933923833854
15680,no_incendio,-7.325700741079294,-77.06360146385256
15682,no_incendio,-7.028663799217614,-75.85033836524988
15690,incendio,-5.3808,-76.8123
15705,no_incendio,-6.377187733554232,-75.74684740899566
15707,no_incendio,-5.7532005563442,-76.81683301115936
15711,no_incendio,-5.4956287964108785,-77.39970137101125
15713,incendio,-7.2371,-76.2557
15715,no_incendio,-6.853423603407918,-76.51175603217372
15719,no_incendio,-5.959932705913599,-76.9795248154579
15722,incendio,-6.6807,-76.7079
15723,no_incendio,-6.024896527341603,-76.2922888028806
15727,no_incendio,-7.279073350966451,-75.53370306812118
15733,no_incendio,-7.127830025342514,-77.33172299006912
15736,incendio,-8.5431,-76.2676
15738,incendio,-7.1133,-76.4482
15749,no_incendio,-5.789563027304849,-76.53201355790475
15758,incendio,-7.3353,-76.6364
15760,no_incendio,-7.4319891578174815,-77.15087421098383
15767,incendio,-6.8212,-76.5467
15774,incendio,-8.4991,-76.295
15783,incendio,-6.6594,-76.6526
15786,no_incendio,-7.316542689651407,-77.09719219444501
15787,incendio,-6.619,-76.4339
15790,incendio,-8.1184,-76.4833
15793,incendio,-6.0705,-76.2051
15801,no_incendio,-6.3823444451531675,-76.72222524088096
15804,incendio,-6.2171,-76.2811
15812,no_incendio,-5.561988258344413,-76.88991934204635
15819,no_incendio,-6.578202945590633,-76.50501159622002
15822,incendio,-7.0762,-76.9155
15824,no_incendio,-7.3820884546139,-76.13227467193721
15834,incendio,-7.0677,-76.4103
15837,no_incendio,-5.693256209324268,-76.57722873694159
15839,no_incendio,-6.575273134907994,-75.71241319767115
15846,no_incendio,-7.433764184828395,-76.19895087453514
15847,incendio,-6.1423,-77.0839
15884,no_incendio,-7.532869703153675,-75.62377754135032
15888,no_incendio,-6.823512194602855,-76.05631689166178
15891,no_incendio,-6.8053340000464315,-76.39338208242373
15897,no_incendio,-5.7038552844593475,-76.24937639790886
15898,no_incendio,-5.437451651862052,-75.53119555354411
15902,incendio,-5.7744,-77.4498
15907,incendio,-7.4231,-76.669
15908,incendio,-5.7541,-77.4509
15910,no_incendio,-5.743346331540995,-77.34641722204898
15913,incendio,-6.9265,-76.5403
15919,incendio,-7.3227,-76.6095
15927,no_incendio,-6.482952600752266,-75.66603340235945
15931,no_incendio,-5.399746644332469,-76.68187059720576
15933,incendio,-7.3814,-77.5439
15938,incendio,-6.0877,-75.8199
15943,incendio,-6.6939,-76.4284
15948,incendio,-6.8255,-76.6958
15949,incendio,-6.9097,-76.8288
15956,no_incendio,-6.838209877352376,-75.74494612497837
15959,no_incendio,-6.223322439610729,-75.97460472272981
15963,incendio,-6.9729,-76.354
15970,incendio,-7.1483,-76.555
15971,incendio,-8.258,-77.3919
15992,incendio,-6.9144,-76.6683
15994,no_incendio,-6.110977096163155,-77.0520623179512
16001,no_incendio,-5.712986091901971,-76.69466982249243
16004,no_incendio,-7.233124705417647,-77.12066793132318
16010,no_incendio,-6.378904304384582,-76.46012370931685
16011,no_incendio,-5.693308964023421,-77.38488694411686
16023,no_incendio,-7.224623096753857,-76.90340581488266
16027,incendio,-7.0274,-76.6073
16032,no_incendio,-5.61928379725062,-76.7464492739021
16040,no_incendio,-6.1592934714330285,-77.34475903708392
16051,no_incendio,-5.356858559279738,-76.9184573866197
16055,no_incendio,-5.6819042694428346,-76.21370978152449
16061,no_incendio,-5.957368180282539,-76.7498768526133
16062,incendio,-8.4078,-76.2708
16066,no_incendio,-7.15250800382105,-75.6698884726493
16067,incendio,-6.3873,-76.094
16074,no_incendio,-6.444450177038954,-75.66847301432819
16101,incendio,-7.2966,-76.6126
16105,incendio,-7.6527,-76.7915
16123,no_incendio,-7.4500171761306255,-77.030145813453
16124,no_incendio,-6.668348976590427,-75.85167744687278
16128,no_incendio,-6.331589003630742,-76.77579913568411
16131,incendio,-7.4995,-76.6743
16135,no_incendio,-7.150450269408023,-77.18839409410428
16141,incendio,-6.6727,-75.5878
16143,no_incendio,-7.0026426990635535,-77.36552672269332
16144,incendio,-6.9908,-76.9036
16146,incendio,-8.172,-77.0331
16181,incendio,-6.8638,-76.216
16184,no_incendio,-6.859218995881019,-77.3454749772902
16189,incendio,-8.5832,-76.5367
16193,incendio,-7.5543,-76.6279
16194,incendio,-7.0797,-76.6864
16196,no_incendio,-7.301346263959235,-76.9768322825311
16197,no_incendio,-5.7103480025675015,-77.41410373684516
16203,no_incendio,-6.893380079192219,-76.030920773184
16207,no_incendio,-5.366911069115064,-77.28733600522496
16211,no_incendio,-6.181570378698443,-77.2403974842685
16238,incendio,-8.2843,-76.5437
16241,incendio,-7.3692,-76.6813
16268,no_incendio,-7.03159653116471,-76.48526719545968
16271,incendio,-7.2446,-76.8149
16272,no_incendio,-7.592086939740942,-76.80103020899601
16277,no_incendio,-5.518901360296995,-75.83606862844933
16279,incendio,-5.8928,-75.9162
16280,no_incendio,-6.500803234494254,-76.0342561681164
16282,no_incendio,-6.738442276906446,-76.26128977675305
16286,no_incendio,-5.715242133239665,-75.6692049037983
16294,no_incendio,-5.7158112857010535,-77.38243423840477
16305,incendio,-5.7566,-76.1725
16314,no_incendio,-7.452255229585659,-76.60231274161556
16316,no_incendio,-6.883760214306626,-75.62202390814382
16319,incendio,-8.4686,-76.3983
16324,no_incendio,-7.318729401485612,-76.81445384525996
16325,no_incendio,-6.398926454720778,-76.50536924785067
16329,incendio,-6.2906,-75.7467
16341,no_incendio,-6.493728884519305,-75.95080124431671
16361,no_incendio,-6.081920488696037,-77.43393189597795
16366,no_incendio,-6.709233322192638,-77.51049806027564
16370,no_incendio,-7.000095620614563,-76.8362748925339
16380,no_incendio,-5.879613359801567,-75.64585304449614
16381,no_incendio,-7.192676000546934,-77.13476748134192
16382,no_incendio,-6.017393971898976,-75.85609561110088
16385,no_incendio,-7.005255736259935,-76.42804994495515
16389,no_incendio,-5.7532005563442,-76.81683301115936
16400,no_incendio,-6.905350281771543,-75.85773993313076
16401,no_incendio,-5.5259385585543805,-76.78474947687066
16406,no_incendio,-6.960986438297525,-76.973990270216
16420,no_incendio,-7.3664786483523805,-76.23130655990323
16438,incendio,-6.2985,-76.0049
16442,incendio,-5.9496,-76.2274
16462,incendio,-6.6898,-76.5484
16480,incendio,-6.8502,-76.5761
16484,no_incendio,-6.742797209348308,-75.63057425829132
16490,no_incendio,-6.42510939654662,-76.21314660329666
16498,incendio,-7.2414,-76.8306
16502,no_incendio,-6.961563570088446,-77.02222304631809
16503,incendio,-6.726,-76.8501
16504,no_incendio,-6.8241555048520945,-76.01927599626522
16512,incendio,-6.4134,-75.7031
16517,incendio,-8.2421,-77.4899
16521,no_incendio,-6.677775402102643,-76.83019542388436
16522,no_incendio,-6.09276868271348,-76.00881721213455
16523,incendio,-7.0557,-76.1516
16530,no_incendio,-6.480910366032293,-76.46284954850665
16531,no_incendio,-5.61928379725062,-76.7464492739021
16544,incendio,-6.5423,-76.3027
16547,no_incendio,-5.716829315463946,-76.6884283959595
16548,no_incendio,-7.419812910820906,-75.99406148062167
16564,incendio,-6.9448,-76.1704
16570,incendio,-7.2882,-76.6284
16574,no_incendio,-6.775595026700855,-77.38152365692504
16577,no_incendio,-7.562840840503951,-75.66286053205432
16586,incendio,-6.261,-76.1148
16588,incendio,-7.2379,-76.6594
16589,no_incendio,-6.590453070259288,-76.04913179233263
16590,no_incendio,-6.846679592265051,-75.78055281220841
16592,no_incendio,-6.931342706605391,-77.24005682830844
16593,no_incendio,-6.921582299532002,-76.91163158233097
16595,incendio,-6.1219,-76.9212
16608,incendio,-5.872,-75.9239
16627,no_incendio,-5.77315746853071,-76.36797107270804
16635,incendio,-6.1593,-75.9604
16649,incendio,-8.126,-76.6681
16652,no_incendio,-5.714958817536613,-75.57831712461974
16655,no_incendio,-6.165729925483304,-75.50698017130118
16662,no_incendio,-6.064542854980353,-77.18213602611725
16663,incendio,-5.3456,-76.5662
16667,incendio,-7.3683,-76.7379
16698,incendio,-6.1692,-76.3827
16700,no_incendio,-5.339988911138568,-75.94604419335825
16718,incendio,-5.8988,-76.0152
16723,incendio,-7.3003,-76.5982
16725,no_incendio,-6.470561948843736,-76.94393330664495
16726,incendio,-5.9726,-77.2754
16732,incendio,-5.8336,-76.3527
16735,no_incendio,-7.1695522446443345,-76.10103400972879
16772,incendio,-5.84,-76.3499
16775,incendio,-7.3192,-77.5836
16779,no_incendio,-7.517330043663011,-76.85538614453351
16782,incendio,-6.5571,-75.6753
16783,no_incendio,-5.300946297144839,-75.60535100286195
16797,incendio,-8.0121,-76.6641
16799,incendio,-6.9141,-76.6428
16800,no_incendio,-6.745283632589781,-76.33682715106067
16824,no_incendio,-5.879613359801567,-75.64585304449614
16832,no_incendio,-6.308716369141198,-75.7579038479895
16840,incendio,-7.5543,-76.5283
16842,no_incendio,-6.0254636524537775,-76.26070791675792
16844,no_incendio,-7.217469611041255,-75.6059674027119
16853,no_incendio,-6.8053340000464315,-76.39338208242373
16857,incendio,-6.1479,-76.327
16859,no_incendio,-5.959932705913599,-76.9795248154579
16864,incendio,-6.1057,-75.8998
16881,incendio,-7.2459,-76.7889
16895,no_incendio,-5.487710562433828,-76.3714568595569
16899,no_incendio,-6.300957997693996,-76.09847737144455
16909,no_incendio,-6.825822993237503,-77.04144362527458
16921,no_incendio,-6.84710555088138,-75.520478621097
16933,incendio,-6.6213,-76.3812
16934,incendio,-6.2135,-76.8465
16939,no_incendio,-6.7738595150234,-76.75356063625604
16944,no_incendio,-5.87076697965016,-76.32402567938676
16954,incendio,-7.0185,-76.099
16955,no_incendio,-6.045557480896305,-76.73042918045354
16959,no_incendio,-6.619578652288662,-76.97686198868091
16968,no_incendio,-5.937825755560712,-77.54131014900841
16974,no_incendio,-7.319106221775668,-76.84964608294781
16975,incendio,-7.0841,-76.7966
16977,no_incendio,-6.140503448389999,-75.89152757203433
16980,no_incendio,-7.5842496329608995,-75.57404179177915
16981,no_incendio,-6.187799355462546,-77.0520465624197
16985,incendio,-7.4948,-76.4539
16986,no_incendio,-6.653744086369802,-76.88423091911557
16991,no_incendio,-6.1400329007098495,-75.77782950002863
16997,incendio,-7.3499,-76.6774
17000,no_incendio,-5.463870053471811,-75.65012298252523
17018,incendio,-8.5077,-76.3633
17034,no_incendio,-6.446499470618798,-75.63834110129498
17037,no_incendio,-5.871823711573395,-77.09814467361281
17038,no_incendio,-5.888892522225688,-76.77144344906966
17040,no_incendio,-7.396034749471958,-77.09104434205882
17042,no_incendio,-7.408503653357758,-76.24578800464187
17043,no_incendio,-5.504024274503536,-76.47223087280436
17050,incendio,-8.4444,-76.2562
17055,no_incendio,-5.782302498103818,-75.6928374050029
17060,no_incendio,-5.412071364186887,-77.00251056339543
17066,no_incendio,-6.525952464139444,-76.13787075319888
17067,no_incendio,-6.061127541678445,-77.3300358732125
17086,no_incendio,-5.607428760846163,-75.61638280541105
17087,no_incendio,-6.717293792016525,-75.64014245587184
17089,no_incendio,-7.291269329879484,-76.54650698845496
17094,no_incendio,-6.93526933500558,-76.94440022861454
17095,incendio,-7.2732,-76.5747
17099,incendio,-6.0914,-75.8011
17108,no_incendio,-7.186570265010596,-75.84461863050306
17110,no_incendio,-5.605657953237715,-77.33944421680316
17128,no_incendio,-6.882432262080377,-75.90126287963834
17137,incendio,-7.6098,-77.4419
17144,no_incendio,-6.9213010558098045,-76.33886424086654
17145,incendio,-7.0118,-76.5465
17149,no_incendio,-5.880891988248802,-77.50381327072611
17152,incendio,-6.8943,-76.8805
17153,no_incendio,-7.414688922024766,-76.2476866383002
17156,no_incendio,-5.454661580886559,-77.46777785872058
17157,no_incendio,-5.541112522183527,-75.99676308138659
17171,no_incendio,-5.46295343513328,-75.95414593487065
17172,no_incendio,-6.325765977825784,-76.5205147871752
17180,incendio,-6.5165,-76.2807
17200,no_incendio,-5.533837838145786,-75.72558753064112
17208,incendio,-5.9495,-76.3315
17211,incendio,-6.7553,-76.6517
17230,incendio,-6.7581,-76.1689
17235,incendio,-6.7148,-76.683
17237,no_incendio,-5.928392145710498,-76.5403998802667
17239,incendio,-7.1926,-76.4645
17244,no_incendio,-5.316700367183811,-76.26596491615018
17255,incendio,-6.0656,-75.8472
17273,no_incendio,-6.736884280770205,-76.9775738185435
17277,incendio,-6.7799,-76.8207
17288,incendio,-6.8165,-76.698
17292,incendio,-7.3024,-76.6397
17295,incendio,-6.9684,-76.7085
17298,no_incendio,-6.064542854980353,-77.18213602611725
17300,no_incendio,-6.5631659761878876,-77.17426169429598
17301,no_incendio,-5.856151465825925,-75.61952647714237
17303,incendio,-6.1694,-76.3906
17305,no_incendio,-6.007162927883913,-76.5503319635523
17311,incendio,-6.4031,-76.5574
17313,incendio,-7.2781,-76.6918
17317,incendio,-7.4179,-76.5816
17320,incendio,-8.3016,-76.646
17322,no_incendio,-5.807017349001207,-75.61769536103809
17326,no_incendio,-5.914538807022697,-77.31789261845223
17333,no_incendio,-5.326931537697329,-77.25175106818679
17335,no_incendio,-7.010465391222765,-75.64374453725225
17354,incendio,-6.2515,-75.9747
17355,no_incendio,-6.310252900156727,-75.63690302476967
17356,incendio,-6.1763,-75.6876
17359,no_incendio,-6.938909457059822,-76.15534082596828
17370,incendio,-7.3403,-76.6536
17373,incendio,-7.0039,-76.2972
17376,no_incendio,-5.329749843854847,-75.71078811690217
17389,incendio,-6.8056,-76.3803
17392,no_incendio,-6.024896527341603,-76.2922888028806
17403,no_incendio,-6.467420438436691,-76.19360941434292
17408,incendio,-7.0873,-76.8573
17418,incendio,-7.0441,-76.1517
17419,no_incendio,-5.5896376031918615,-76.35252920094948
17422,no_incendio,-6.725956984213016,-76.31094915112595
17429,no_incendio,-5.544976635100384,-76.33130727413504
17430,no_incendio,-7.4055258629962415,-75.72836594706017
17432,no_incendio,-5.888892522225688,-76.77144344906966
17440,incendio,-6.6966,-76.8671
17469,incendio,-6.622,-76.6142
17470,no_incendio,-6.564880133008887,-76.55893266226474
17471,incendio,-6.0401,-76.2931
17472,no_incendio,-6.929511458644296,-75.83962565372784
17475,no_incendio,-7.237158680749911,-76.11796356076336
17481,no_incendio,-6.73154658128307,-77.37224800507184
17482,incendio,-6.1575,-76.3411
17484,no_incendio,-6.945484440166689,-76.77951589048426
17494,incendio,-6.3462,-77.6347
17514,no_incendio,-5.908177822401652,-76.8838396640829
17518,no_incendio,-6.833720284532176,-77.09053083344739
17520,no_incendio,-5.340154408333765,-76.74093271807992
17525,no_incendio,-5.433480478841975,-76.00940335234054
17528,no_incendio,-6.249559347527708,-77.38514191347497
17529,no_incendio,-7.427821513315094,-77.09535827635182
17541,no_incendio,-6.309912628737243,-75.57235857764702
17544,no_incendio,-6.238571072533694,-75.50795501172155
17546,incendio,-7.1248,-76.7605
17558,no_incendio,-6.300957997693996,-76.09847737144455
17562,no_incendio,-5.559447141003816,-77.53240429845073
17576,incendio,-6.8473,-76.2003
17583,incendio,-7.5464,-76.6342
17591,no_incendio,-7.086048466965619,-75.60482526516276
17594,no_incendio,-5.6492373233613264,-76.13173612706044
17598,incendio,-6.224,-75.9327
17605,incendio,-7.2739,-76.6975
17608,incendio,-8.4878,-76.4137
17615,no_incendio,-5.4433732153340495,-76.71634375535739
17623,incendio,-7.6025,-76.4015
17668,incendio,-7.3558,-76.7251
17670,no_incendio,-6.535327617861432,-76.18785766882165
17674,no_incendio,-6.166609034042587,-76.23843722431326
17680,no_incendio,-6.184018518963494,-76.64827203950954
17692,incendio,-7.5296,-76.7293
17693,no_incendio,-5.62998043999866,-76.34952477053923
17695,no_incendio,-6.388532043555506,-76.84726928607184
17701,incendio,-6.0195,-75.8403
17703,no_incendio,-6.156050459707027,-75.66218917207854
17711,no_incendio,-7.014702412265873,-76.4405488433982
17715,no_incendio,-6.664383213747135,-77.16631140190985
17716,no_incendio,-7.292676783205119,-75.82456526450503
17730,no_incendio,-5.668562711065817,-75.61105576661728
17737,incendio,-5.7714,-76.5128
17755,no_incendio,-5.7595902055188795,-75.77924853201874
17779,incendio,-6.8271,-76.1286
17785,no_incendio,-5.3689055308415,-76.62344622964636
17789,incendio,-7.2742,-76.6646
17792,incendio,-7.2136,-76.8776
17803,no_incendio,-5.8012341650518415,-77.26448001518449
17811,incendio,-7.2433,-77.6992
17812,incendio,-6.7107,-76.754
17822,incendio,-6.2954,-76.1851
17825,incendio,-6.487,-76.5521
17828,no_incendio,-6.811703020411863,-76.53234904826876
17835,no_incendio,-5.822373025705751,-75.81118308604799
17837,incendio,-7.5277,-76.7419
17848,incendio,-6.4801,-77.5055
17850,incendio,-7.1737,-76.3557
17855,incendio,-6.6617,-76.6196
17859,no_incendio,-6.965586863586331,-77.4440785223658
17865,incendio,-6.1385,-76.3326
17868,no_incendio,-7.369405359299169,-75.53775524923043
17887,no_incendio,-5.309022549050947,-77.11989827113337
17896,no_incendio,-5.662370106905432,-77.07535731755083
17899,incendio,-7.2852,-76.4041
17900,incendio,-5.6544,-77.5265
17910,no_incendio,-5.921387481016298,-75.640821414452
17914,no_incendio,-6.174948624269397,-76.36859139619342
17921,incendio,-7.1949,-76.4969
17926,no_incendio,-6.726779286673033,-77.03336380719702
17927,no_incendio,-7.12053033714668,-76.21891493903652
17932,incendio,-7.2069,-76.6486
17935,incendio,-8.7081,-77.0547
17941,no_incendio,-6.1174086914739405,-75.65121133854548
17944,no_incendio,-6.44311246702837,-76.64720397145403
17946,incendio,-8.5939,-76.3156
17962,no_incendio,-6.851922134143454,-76.90818662457491
17964,no_incendio,-7.5702550538704605,-75.67821320807053
17970,no_incendio,-7.115248664865674,-76.07912965420722
17972,incendio,-7.1215,-76.7421
17980,incendio,-6.512,-76.7548
17981,no_incendio,-6.180704652480343,-76.89113580194854
17982,no_incendio,-7.127830025342514,-77.33172299006912
17993,no_incendio,-5.932677032359028,-76.67039982026421
17999,no_incendio,-5.944935096517128,-76.18780832521988
18004,no_incendio,-6.158099214586715,-77.01707847694989
18006,no_incendio,-5.916451876326068,-76.42141770409339
18007,no_incendio,-6.091674894114575,-77.31779067927825
18008,no_incendio,-5.618910457397299,-76.39046295133087
18011,incendio,-6.9372,-76.8559
18017,no_incendio,-5.926705485124891,-75.77709994653331
18019,no_incendio,-7.314921869709458,-75.6262107073791
18028,no_incendio,-5.759511577701185,-76.14983081507849
18029,incendio,-8.0242,-76.6302
18033,no_incendio,-6.682240904919321,-76.14970898536502
18036,incendio,-6.5501,-76.7818
18068,no_incendio,-5.3750389583532385,-76.27737605989306
18074,no_incendio,-5.699419411757933,-76.10583548301037
18080,no_incendio,-7.238892730733428,-76.47459847040415
18088,incendio,-7.1523,-76.4262
18089,no_incendio,-6.641540416375139,-77.47486256481713
18090,incendio,-5.4775,-76.7666
18095,no_incendio,-6.836006339265761,-75.80496615427175
18097,no_incendio,-6.063333052679301,-77.2619056071794
18104,no_incendio,-5.959481938609148,-77.35681272469573
18144,incendio,-6.7464,-76.5995
18149,no_incendio,-6.631390870435434,-77.17543848057095
18150,incendio,-7.3912,-76.6219
18152,no_incendio,-5.647813944563046,-75.98631579821414
18153,incendio,-7.3845,-76.4313
18155,incendio,-6.309,-76.0503
18160,incendio,-6.8452,-76.6866
18162,no_incendio,-5.8012341650518415,-77.26448001518449
18170,incendio,-6.0257,-76.2503
18175,no_incendio,-5.626490573988114,-76.90197669049898
18181,no_incendio,-6.1503156162969,-75.68207577523512
18196,no_incendio,-6.324514222860181,-76.89947276475436
18197,no_incendio,-6.979813600777688,-77.48470455898823
18201,no_incendio,-7.1362153859124,-76.23261669430515
18208,no_incendio,-6.892866951927303,-75.87172300219687
18213,no_incendio,-6.606179550023269,-77.17612767759138
18219,no_incendio,-7.448759349626241,-75.73146487239217
18226,no_incendio,-5.752288568187965,-75.61867904444058
18231,no_incendio,-7.45728200774953,-76.98588787498541
18253,no_incendio,-7.18387555277713,-76.55534207208011
18258,no_incendio,-5.786742413220336,-77.47906670461887
18274,no_incendio,-6.589390257699646,-75.6408986952127
18279,incendio,-7.1639,-76.2518
18282,no_incendio,-6.125949661803806,-77.27004912325427
18286,no_incendio,-7.25129246536618,-76.47983941905308
18288,incendio,-6.5966,-77.3597
18291,no_incendio,-6.7893125147185724,-75.8130856477531
18303,incendio,-5.9222,-76.9804
18315,no_incendio,-7.413823551899182,-76.79124540072256
18319,no_incendio,-6.400727870765625,-77.48420741846027
18320,no_incendio,-6.463587748086062,-76.47146037727083
18331,no_incendio,-6.682240904919321,-76.14970898536502
18332,no_incendio,-6.745283632589781,-76.33682715106067
18342,no_incendio,-5.374155680654134,-76.14052405499798
18344,incendio,-6.7542,-76.4093
18361,no_incendio,-7.506544236901732,-77.50246102993648
18366,incendio,-6.7902,-76.4626
18369,incendio,-6.04,-77.0178
18370,no_incendio,-5.489245275525123,-76.82667902790362
18378,incendio,-8.078,-76.5716
18379,incendio,-7.1708,-76.7752
18380,incendio,-6.889,-77.7825
18381,no_incendio,-7.294379319518731,-75.60933586901135
18389,no_incendio,-5.582283481453623,-75.95562633397932
18394,no_incendio,-6.682338881301072,-76.58990578057626
18397,incendio,-7.5207,-76.5543
18402,no_incendio,-5.906180880379202,-75.93802228835084
18408,incendio,-8.0935,-76.6486
18409,incendio,-7.2769,-76.595
18416,incendio,-7.973,-76.686
18417,incendio,-7.0335,-76.8767
18419,incendio,-7.1638,-76.6514
18421,no_incendio,-6.726577938090313,-76.92865414529734
18426,incendio,-7.2371,-76.7812
18433,no_incendio,-5.9729308547052575,-77.19584889522876
18434,incendio,-6.9553,-76.565
18439,no_incendio,-6.899424280300874,-76.07403591805503
18447,no_incendio,-6.023168032179068,-77.26981479042486
18464,no_incendio,-6.959314262350769,-76.76578066872496
18466,no_incendio,-6.618506694977619,-76.00213992327006
18469,incendio,-7.5411,-76.4195
18476,no_incendio,-5.977250221064096,-76.70445078164089
18478,incendio,-5.9966,-76.2683
18481,incendio,-5.8465,-76.0611
18486,incendio,-5.7713,-77.3814
18494,no_incendio,-7.583028139538337,-75.69881965938345
18496,incendio,-6.1753,-76.2995
18503,no_incendio,-6.890502660955485,-77.28521359628384
18504,incendio,-7.2267,-77.0061
18506,no_incendio,-7.1291364623253095,-77.04904307212506
18508,incendio,-5.8063,-76.0224
18512,no_incendio,-6.856229226903604,-75.880120110949
18525,incendio,-7.2283,-76.381
18531,no_incendio,-5.411652077381302,-77.27749728778487
18539,no_incendio,-6.519206979509828,-76.45089641887259
18549,no_incendio,-6.982455617549805,-76.38860618436227
18559,no_incendio,-5.691703950902071,-76.93733770607169
18566,incendio,-7.1099,-76.772
18570,no_incendio,-5.966007765722613,-76.02339603474364
18574,no_incendio,-6.140503448389999,-75.89152757203433
18584,incendio,-6.6355,-76.7544
18587,incendio,-5.8102,-76.036
18592,no_incendio,-6.248030507497377,-77.52671049342304
18594,incendio,-6.7551,-76.2573
18598,no_incendio,-7.487565239153625,-77.31329030244564
18627,incendio,-7.0005,-76.8441
18628,no_incendio,-5.807017349001207,-75.61769536103809
18629,no_incendio,-5.882379700992915,-75.5521215473338
18635,incendio,-7.0551,-76.7392
18651,incendio,-7.3584,-76.5643
18667,no_incendio,-5.3750389583532385,-76.27737605989306
18672,no_incendio,-7.18387555277713,-76.55534207208011
18702,incendio,-8.0724,-77.6944
18706,no_incendio,-5.622162432874228,-76.70501966558531
18708,no_incendio,-5.65675190083822,-76.2124000269003
18709,no_incendio,-6.08674868659818,-77.38664384875209
18711,no_incendio,-7.126729071613174,-77.02628949920283
18713,incendio,-6.8748,-76.939
18719,no_incendio,-5.326931537697329,-77.25175106818679
18721,no_incendio,-6.84710555088138,-75.520478621097
18728,no_incendio,-7.407523974858453,-76.05767195335137
18733,no_incendio,-5.418336191471334,-77.27363994749886
18737,no_incendio,-7.157163278516986,-76.9354632282693
18742,no_incendio,-5.623597121632923,-75.81781716667395
18746,no_incendio,-6.942876340672963,-76.33358150381483
18753,no_incendio,-6.400301881628301,-77.5201604762096
18764,no_incendio,-5.634222890340759,-76.43789808900263
18767,no_incendio,-6.859218995881019,-77.3454749772902
18772,no_incendio,-6.344738730281884,-77.28085925820518
18776,no_incendio,-5.317490731831781,-77.05291423448321
18779,incendio,-6.5257,-75.658
18785,no_incendio,-7.076017752800738,-75.91978389352657
18787,no_incendio,-7.474717173105087,-76.9435614717976
18806,no_incendio,-6.370648236891197,-76.34077418345667
18814,no_incendio,-6.982455617549805,-76.38860618436227
18816,no_incendio,-6.965586863586331,-77.4440785223658
18821,no_incendio,-6.042344688075439,-75.58423135699039
18838,no_incendio,-6.220053203592378,-76.13217715018442
18841,no_incendio,-7.084883582406477,-76.16691642079259
18845,no_incendio,-5.983810951819396,-76.22464105692707
18850,incendio,-7.1197,-76.8315
18861,incendio,-6.8118,-76.2212
18866,no_incendio,-5.61928379725062,-76.7464492739021
18874,incendio,-6.4331,-76.5572
18880,no_incendio,-7.345060499544703,-77.11825976617006
18885,no_incendio,-6.905350281771543,-75.85773993313076
18886,no_incendio,-5.532971684555294,-77.02280558006699
18911,no_incendio,-7.179164728014299,-77.26673458504925
18914,no_incendio,-5.380924923914102,-76.12851157268119
18920,no_incendio,-6.5096234782459765,-76.05722709745423
18925,no_incendio,-5.702153316153597,-75.54463550563808
18926,incendio,-7.1559,-76.617
18930,incendio,-5.7383,-76.0177
18935,incendio,-6.9432,-76.2275
18939,incendio,-8.0747,-77.6933
18950,no_incendio,-5.8511939634062635,-76.52247944634267
18953,incendio,-6.9318,-76.5747
18971,no_incendio,-6.2016988445038095,-75.99411742841416
18974,no_incendio,-6.534406684076978,-76.00352237296187
18975,no_incendio,-6.797266617151564,-77.33130374727055
18985,incendio,-7.0969,-76.5917
18988,no_incendio,-7.442941681589652,-76.91434045843735
18989,no_incendio,-5.356858559279738,-76.9184573866197
18992,no_incendio,-5.629475532551382,-77.50061748638073
18993,incendio,-6.4723,-75.9329
18996,incendio,-7.2485,-76.8072
18999,no_incendio,-5.921387481016298,-75.640821414452
19002,incendio,-5.7378,-75.9862
19016,incendio,-7.5985,-76.7966
19022,no_incendio,-7.200090625449649,-75.973583692229
19027,incendio,-5.8219,-75.9901
19038,no_incendio,-5.322335273054225,-75.66988823532402
19042,no_incendio,-7.079367268286084,-75.74962590729507
19043,no_incendio,-5.576401103022335,-75.65589793985158
19047,no_incendio,-5.432481694931332,-76.47528675292433
19056,incendio,-5.667,-75.9531
19057,incendio,-5.897,-76.2073
19062,incendio,-7.53,-76.5174
19066,no_incendio,-6.595830198454336,-76.87085544617783
19090,incendio,-5.6837,-76.484
19100,incendio,-7.3561,-76.8804
19102,incendio,-7.1155,-76.7922
19105,no_incendio,-6.8824524173967765,-77.12203229237878
19106,no_incendio,-7.30848813253614,-75.71138002186875
19111,no_incendio,-5.532971684555294,-77.02280558006699
19120,incendio,-5.8942,-77.0464
19136,incendio,-7.3457,-76.5875
19144,no_incendio,-5.776890989468168,-77.17544694472763
19147,no_incendio,-5.306306841629591,-77.15046908916776
19153,no_incendio,-5.993099838060813,-76.1739103851831
19160,no_incendio,-5.371121123003669,-76.78705780536207
19173,no_incendio,-6.378904304384582,-76.46012370931685
19176,incendio,-7.2367,-76.6193
19183,no_incendio,-5.712666897985722,-76.23826320211337
19188,no_incendio,-7.117688925300616,-76.79094679252412
19193,incendio,-8.7163,-76.9723
19219,no_incendio,-5.501399945972402,-76.12442406721492
19220,no_incendio,-6.818883045664746,-77.17747642270048
19228,incendio,-6.3659,-75.6936
19262,no_incendio,-6.948889791528075,-76.04658173737485
19278,incendio,-6.466,-77.6287
19285,no_incendio,-6.269350897351528,-76.17554961545872
19294,no_incendio,-7.474717173105087,-76.9435614717976
19296,incendio,-8.3451,-76.3528
19299,incendio,-6.8903,-76.2491
19310,incendio,-6.0746,-75.9514
19311,no_incendio,-6.606179550023269,-77.17612767759138
19314,no_incendio,-7.592086939740942,-76.80103020899601
19322,no_incendio,-6.586322213980279,-76.11222675311737
19328,incendio,-7.504,-76.673
19329,incendio,-5.8371,-76.0269
19332,no_incendio,-6.370500555903968,-77.21187079190732
19338,incendio,-7.3435,-77.7968
19344,no_incendio,-5.500738315784995,-75.59662427893288
19373,no_incendio,-7.4143617918638425,-76.41255499623206
19376,incendio,-7.4196,-76.4051
19381,no_incendio,-6.1476999130544865,-77.34007485362595
19384,incendio,-7.3694,-76.7503
19386,no_incendio,-5.441244045280792,-76.19936571316805
19400,no_incendio,-7.591157646889957,-76.48064707935481
19416,no_incendio,-5.5978889160107626,-76.86708534486174
19418,incendio,-6.9934,-76.5353
19420,no_incendio,-5.382698663545955,-75.70884428974506
19422,incendio,-6.4537,-77.2327
19426,incendio,-5.859,-77.1139
19428,no_incendio,-5.621781873154133,-75.59201486751932
19433,no_incendio,-5.693308964023421,-77.38488694411686
19444,no_incendio,-6.41045269770062,-76.39156709032302
19461,no_incendio,-7.178109146033509,-76.55931189942505
19463,incendio,-7.958,-76.6739
19465,no_incendio,-6.73154658128307,-77.37224800507184
19466,no_incendio,-6.918732727057085,-75.61509017346891
19469,no_incendio,-5.432481694931332,-76.47528675292433
19473,no_incendio,-5.5280435147957645,-75.64292390382334
19474,no_incendio,-6.5305605417841495,-76.81567387832536
19475,incendio,-8.5621,-76.5054
19476,no_incendio,-5.721753234372427,-77.04300744557013
19483,no_incendio,-6.893380079192219,-76.030920773184
19490,no_incendio,-5.851710851525425,-77.43871611391367
19505,incendio,-6.5175,-76.71
19508,incendio,-6.7682,-76.8226
19510,no_incendio,-7.52002816732032,-76.85728021112728
19517,incendio,-7.9109,-76.6683
19532,no_incendio,-5.976473792691887,-77.521298056028
19538,incendio,-7.0577,-76.2289
19552,no_incendio,-5.3699868320408415,-75.54453001162278
19561,incendio,-7.1255,-76.5068
19575,no_incendio,-6.74885592845062,-76.02672128613708
19576,no_incendio,-5.839270188717535,-77.49668062311541
19582,no_incendio,-6.7449829270010735,-76.32449330393015
19586,no_incendio,-6.188812026219859,-77.47999723724293
19591,no_incendio,-7.146199438472306,-75.63802434726938
19594,no_incendio,-5.544976635100384,-76.33130727413504
19600,incendio,-7.0012,-76.8014
19606,no_incendio,-5.862678119407266,-76.8979972886448
19607,no_incendio,-6.902373213948052,-75.80243684170989
19610,no_incendio,-7.547004527368286,-77.14424900414204
19612,incendio,-6.2643,-77.5839
19617,no_incendio,-5.485150772179796,-77.0821813016382
19618,incendio,-6.5946,-76.52
19619,no_incendio,-6.7528370184185675,-75.79463738047077
19622,no_incendio,-5.637143675477756,-76.46390106880192
19625,no_incendio,-5.802372431085104,-75.57878108958735
19626,incendio,-7.4672,-76.5557
19639,incendio,-6.9472,-77.4995
19655,incendio,-6.9585,-76.7806
19660,no_incendio,-6.940699761996049,-76.26181884160466
19663,no_incendio,-6.974678823081742,-77.45775985292939
19665,no_incendio,-5.8115954954872135,-76.36754698151917
19674,no_incendio,-6.2062844027818835,-77.2816967062703
19675,no_incendio,-7.351997452668049,-75.86863921087647
19676,no_incendio,-6.737059261843657,-77.50234796745673
19697,incendio,-6.0449,-75.974
19698,incendio,-7.5505,-76.4225
19704,incendio,-6.173,-76.8037
19711,incendio,-6.599,-76.5785
19714,no_incendio,-5.796164972487043,-76.72449599512143
19738,no_incendio,-6.575273134907994,-75.71241319767115
19741,no_incendio,-7.149817793244048,-76.68995380242758
19754,incendio,-8.3525,-76.5532
19766,no_incendio,-6.671769405587168,-77.2003294261131
19767,incendio,-8.5414,-76.3561
19773,no_incendio,-5.362697688980843,-76.37235425327088
19782,incendio,-6.4075,-76.5847
19789,no_incendio,-6.950453264096688,-75.59880859567114
19793,no_incendio,-6.6966130629090745,-76.20140385770695
19796,no_incendio,-6.94690710912819,-75.63438003182783
19798,no_incendio,-6.061848479102238,-75.8084457666632
19800,no_incendio,-7.343476837968453,-76.86299220846689
19807,no_incendio,-5.3838831063176515,-76.49104845789617
19809,incendio,-5.8872,-76.0383
19813,no_incendio,-6.22948269148436,-77.46060172999928
19823,no_incendio,-5.849268078249962,-76.0787263818459
19847,no_incendio,-5.855822399079694,-75.69747959221154
19857,incendio,-8.1382,-76.4873
19858,no_incendio,-6.576004984769571,-77.51523302793387
19860,no_incendio,-6.595830198454336,-76.87085544617783
19863,no_incendio,-5.703527630485487,-76.04599898833253
19864,no_incendio,-6.591526889483433,-77.26946848843974
19871,no_incendio,-6.520841370621428,-77.36086106907894
19872,no_incendio,-6.135227462144194,-76.4855793054628
19876,incendio,-5.7898,-76.3345
19878,incendio,-6.944,-76.5373
19880,no_incendio,-6.896612666946929,-75.75338049940235
19889,incendio,-7.2612,-76.3833
19892,no_incendio,-6.44311246702837,-76.64720397145403
19899,no_incendio,-7.452255229585659,-76.60231274161556
19900,incendio,-8.1919,-77.2322
19912,no_incendio,-7.3383676381877665,-77.39694154174633
19914,incendio,-6.4727,-76.5907
19925,no_incendio,-5.6897437871119,-77.10615819747757
19928,no_incendio,-6.426707190480592,-75.93955631582219
19931,no_incendio,-6.590453070259288,-76.04913179233263
19938,incendio,-6.5098,-76.7736
19945,no_incendio,-6.444054607789215,-75.60852282337595
19960,no_incendio,-6.190431376100011,-77.10696325685771
19971,no_incendio,-5.592455159672106,-77.05696823462097
19980,incendio,-7.3338,-76.8149
19984,incendio,-8.1457,-76.4922
19986,incendio,-7.419,-76.8771
19987,no_incendio,-6.468598557394471,-76.29833017428093
19991,no_incendio,-6.234614825176705,-77.3723732006722
19993,no_incendio,-6.011348651194169,-77.43448041427209
19994,no_incendio,-6.3280159994888185,-76.39673641063581
20004,no_incendio,-6.348815001844065,-75.62878823200789
20005,incendio,-6.5812,-76.4522
20008,no_incendio,-7.52893790740652,-77.07253517227397
20013,no_incendio,-7.5993037570991975,-77.49364640835546
20014,no_incendio,-6.558646082464617,-76.16096804971144
20025,incendio,-6.2488,-75.7948
20026,no_incendio,-5.7980276983387755,-76.60461534978732
20034,incendio,-8.6541,-76.807
20041,no_incendio,-5.525266717128592,-75.70624108601852
20042,no_incendio,-6.859834032339221,-77.17846783969736
20050,incendio,-8.621,-76.6062
20061,no_incendio,-6.216596629515713,-76.33055988016247
20065,no_incendio,-6.324514222860181,-76.89947276475436
20072,no_incendio,-7.076017752800738,-75.91978389352657
20082,no_incendio,-5.853989818371729,-76.78866763757419
20086,no_incendio,-7.213623333493973,-77.17840648744146
20097,no_incendio,-5.343847653580683,-76.19643132056173
20101,no_incendio,-5.991944937539925,-75.60778625331145
20103,incendio,-8.2824,-76.5666
20108,incendio,-5.6264,-77.623
20122,incendio,-7.2289,-76.4848
20126,no_incendio,-7.511017054186108,-77.44217334143556
20129,no_incendio,-7.573586798987392,-75.72729255411187
20142,no_incendio,-6.645743757749571,-77.31611856562348
20146,no_incendio,-6.796333772184817,-76.78935654696676
20155,incendio,-6.0634,-76.4478
20156,no_incendio,-6.856229226903604,-75.880120110949
20159,incendio,-7.4805,-76.55
20162,no_incendio,-6.220053203592378,-76.13217715018442
20170,no_incendio,-6.586322213980279,-76.11222675311737
20175,no_incendio,-5.428382683589806,-76.59712896608411
20177,no_incendio,-6.156050459707027,-75.66218917207854
20178,incendio,-6.174,-76.2914
20184,no_incendio,-5.9287884158970305,-76.31836219337158
20185,no_incendio,-7.149862558736682,-77.09989679523933
20187,no_incendio,-6.082418461874669,-76.27878687106944
20191,incendio,-7.4008,-76.8468
20196,incendio,-7.2065,-76.8785
20199,incendio,-7.391,-76.6206
20200,no_incendio,-7.081124602285028,-76.06087878832324
20206,no_incendio,-7.468820255868223,-76.21884389702247
20211,no_incendio,-6.727604587458214,-76.26589680418019
20215,no_incendio,-5.716829315463946,-76.6884283959595
20235,no_incendio,-6.371807438398121,-75.97041325819922
20236,incendio,-7.0502,-76.2691
20241,no_incendio,-5.465266875680572,-76.24842900681286
20248,no_incendio,-5.802494877336548,-76.35132685190827
20250,no_incendio,-5.797671068529707,-76.36918688461087
20254,no_incendio,-6.043030962073811,-76.47604236953148
20262,no_incendio,-5.55191314269425,-76.59129090689653
20265,no_incendio,-6.572656774954891,-77.3264854349528
20277,incendio,-6.1796,-77.0527
20280,no_incendio,-6.400338002031925,-76.1292712340201
20301,no_incendio,-6.893924031218003,-76.04905921446095
20309,no_incendio,-6.201637039608355,-76.63859765076462
20310,no_incendio,-5.867914432983562,-76.93835853406706
20328,no_incendio,-6.227801736418022,-76.3562846673644
20334,no_incendio,-6.231532660134269,-77.43051392350198
20335,no_incendio,-6.480910366032293,-76.46284954850665
20339,no_incendio,-5.8418090063734045,-77.13859458576027
20340,incendio,-7.2981,-77.59
20343,incendio,-7.2613,-77.6197
20346,no_incendio,-6.715205623153173,-76.11809578650696
20355,no_incendio,-6.200171336468845,-76.47517852395984
20369,incendio,-6.3606,-77.5292
20377,no_incendio,-6.715205623153173,-76.11809578650696
20380,no_incendio,-6.586264053943194,-75.6879198104013
20383,no_incendio,-5.382544750033527,-75.77853597502654
20407,no_incendio,-5.809070578757959,-75.92077418660742
20411,no_incendio,-6.441502518699965,-76.95262753749782
20412,no_incendio,-6.43490273431634,-75.69794209792583
20415,incendio,-5.6954,-76.6208
20419,incendio,-6.0968,-76.0434
20422,no_incendio,-7.188266062247751,-75.80338733044515
20425,incendio,-6.5588,-76.5946
20429,no_incendio,-6.1156293221158835,-76.01949781132349
20430,incendio,-7.0039,-76.7387
20433,incendio,-7.1906,-76.8565
20434,no_incendio,-5.523597492537125,-76.54848022376082
20437,no_incendio,-6.375064281525175,-76.76531716856294
20442,incendio,-6.7299,-76.8464
20447,incendio,-7.6057,-77.4603
20450,no_incendio,-6.140012467892716,-77.09722529665582
20454,no_incendio,-6.9256501234330665,-77.07157879837493
20458,no_incendio,-5.335389403596253,-76.01475499828726
20460,incendio,-7.2379,-77.0595
20462,no_incendio,-6.573895472470259,-76.90325456502508
20463,incendio,-8.7649,-76.2638
20464,no_incendio,-6.581835148874593,-77.10480197876178
20472,no_incendio,-5.569659951211905,-77.11401128748476
20479,incendio,-8.3176,-76.3908
20481,no_incendio,-6.551429222354349,-76.91211574837874
20486,incendio,-7.4526,-76.5707
20487,no_incendio,-6.4643629782720495,-76.22804730377794
20495,no_incendio,-5.763287542306629,-76.16197141222403
20496,no_incendio,-5.65675190083822,-76.2124000269003
20499,incendio,-5.6972,-77.453
20505,no_incendio,-7.241586175081285,-75.60658029783822
20513,no_incendio,-5.426612634680184,-75.58435399600397
20516,incendio,-5.9915,-76.1714
20519,no_incendio,-7.454920494649443,-76.8925561147692
20523,no_incendio,-6.971818693744163,-76.01229344920435
20527,incendio,-5.7328,-76.1448
20530,no_incendio,-5.824960586839608,-76.59374334653756
20534,no_incendio,-6.0457356441581505,-76.76564488218803
20545,no_incendio,-7.2086548700460105,-76.60794035176814
20546,incendio,-6.0346,-76.269
20550,incendio,-6.7465,-76.8529
20553,no_incendio,-6.304617864281926,-76.60193669802109
20561,no_incendio,-6.1464831206689965,-77.21946152659409
20566,no_incendio,-5.926005528348797,-76.66451761423114
20587,no_incendio,-5.306363621970229,-76.4042560042154
20596,no_incendio,-7.24803934210104,-76.82472284533478
20610,no_incendio,-7.391354511869424,-77.17370886410413
20617,no_incendio,-6.619578652288662,-76.97686198868091
20625,no_incendio,-6.6832264067033,-77.40030797685029
20629,incendio,-6.7497,-76.666
20635,incendio,-6.6244,-77.3605
20636,no_incendio,-7.063019746501072,-77.52481749302208
20640,no_incendio,-7.19668087361042,-76.2603633805298
20658,no_incendio,-6.963743688695052,-77.15890290229473
20661,no_incendio,-6.918732727057085,-75.61509017346891
20683,no_incendio,-6.6588540055381635,-76.3643446123623
20684,no_incendio,-6.701934945529236,-77.46493186657752
20689,no_incendio,-6.5878777950259835,-76.78969667476908
20702,no_incendio,-6.8824524173967765,-77.12203229237878
20707,no_incendio,-6.263351561254887,-76.64078067531564
20712,no_incendio,-6.072304927752775,-76.77556503555117
20725,no_incendio,-7.43096053916798,-75.91112977240851
20733,incendio,-6.9618,-76.1326
20738,no_incendio,-7.140032609231243,-75.65901239539657
20745,no_incendio,-5.522972759309926,-75.80819311512354
20749,no_incendio,-5.619318348217799,-76.76258506679603
20750,incendio,-6.8434,-76.5002
20753,incendio,-6.854,-77.7452
20758,incendio,-7.2714,-76.3103
20764,incendio,-7.3141,-76.624
20771,no_incendio,-7.3045123106112335,-75.99723406684437
20779,no_incendio,-6.550462961960492,-75.75305667586812
20784,no_incendio,-5.702740983602372,-76.82721339280745
20805,no_incendio,-5.525266717128592,-75.70624108601852
20809,incendio,-7.5667,-76.5315
20811,incendio,-8.4201,-77.2201
20820,incendio,-6.6885,-76.8575
20823,incendio,-8.4295,-76.4606
20827,no_incendio,-7.017817860779479,-76.95461934375838
20828,incendio,-7.3486,-76.5367
20854,no_incendio,-5.932677032359028,-76.67039982026421
20864,incendio,-6.0501,-76.2859
20866,no_incendio,-6.061517131296685,-76.40854652459227
20867,incendio,-7.2777,-77.4935
20882,no_incendio,-6.922488599265936,-77.20347324801959
20884,no_incendio,-6.342272331916268,-77.0355540401251
20894,no_incendio,-6.745283632589781,-76.33682715106067
20895,incendio,-6.3128,-76.1766
20902,no_incendio,-5.699419411757933,-76.10583548301037
20915,no_incendio,-5.859392269860992,-77.07597134063963
20917,incendio,-6.9562,-76.4932
20943,no_incendio,-7.179164728014299,-77.26673458504925
20948,incendio,-6.9933,-76.2448
20963,no_incendio,-5.313659040472185,-75.7974059398213
20964,incendio,-5.7162,-75.8534
20965,incendio,-7.3541,-76.6444
20966,no_incendio,-6.000321843594466,-77.16959710695784
20970,incendio,-6.8831,-76.7873
20982,incendio,-7.2575,-76.6706
20985,no_incendio,-7.081124602285028,-76.06087878832324
21002,no_incendio,-7.089179421889268,-75.95457712793731
21004,no_incendio,-7.225892265359727,-76.0093087691897
21005,incendio,-7.2891,-77.0586
21008,no_incendio,-6.7133301961826755,-75.60854075962672
21013,no_incendio,-7.331602369683786,-75.50190770424915
21015,no_incendio,-7.040747836565641,-76.40061304391803
21021,no_incendio,-5.7927379696305294,-76.1467304713267
21022,no_incendio,-5.444716599482646,-75.83682474093726
21031,incendio,-6.4699,-76.8383
21037,incendio,-7.4246,-76.4804
21046,no_incendio,-5.523597492537125,-76.54848022376082
21049,incendio,-6.868,-76.7907
21054,no_incendio,-7.488895468406661,-77.22046866095448
21078,no_incendio,-7.388452210624765,-77.20638603731945
21081,no_incendio,-6.9398975097013755,-76.27516039033146
21085,incendio,-5.7762,-77.1061
21089,no_incendio,-7.117688925300616,-76.79094679252412
21092,no_incendio,-5.3170098474698,-75.90718083995199
21096,incendio,-6.7961,-76.7054
21099,no_incendio,-7.598815481458372,-76.55352785980209
21101,incendio,-7.21,-76.7995
21105,no_incendio,-5.6976044499375105,-76.64278583121316
21113,no_incendio,-5.432202072011853,-76.59374002276904
21114,no_incendio,-6.040687375273645,-76.93582583750656
21125,no_incendio,-5.73056432169004,-76.88063042787364
21140,no_incendio,-5.8166617894952815,-76.28161854109814
21149,no_incendio,-7.52002816732032,-76.85728021112728
21151,incendio,-7.1207,-76.3331
21155,no_incendio,-6.539751025490163,-75.79612657062603
21159,no_incendio,-6.890142536767722,-76.21093731168023
21161,incendio,-8.6072,-76.1192
21162,no_incendio,-6.752631174647365,-76.89757485609974
21169,no_incendio,-7.035328568865795,-77.4057239232557
21170,no_incendio,-6.525952464139444,-76.13787075319888
21176,incendio,-6.9949,-76.2562
21179,incendio,-7.3165,-76.6335
21185,no_incendio,-5.786742413220336,-77.47906670461887
21199,incendio,-7.1429,-76.6156
21200,incendio,-6.9201,-76.8609
21218,no_incendio,-5.855822399079694,-75.69747959221154
21228,incendio,-5.7988,-76.3475
21244,no_incendio,-7.089719383654557,-75.94940066492136
21254,incendio,-7.2324,-76.811
21257,no_incendio,-6.9422117979050695,-77.32253174388707
21282,incendio,-7.0295,-76.7986
21321,incendio,-6.7269,-76.6372
21322,incendio,-8.6248,-76.311
21324,incendio,-6.097,-77.0559
21325,no_incendio,-5.592455159672106,-77.05696823462097
21348,no_incendio,-5.8511939634062635,-76.52247944634267
21364,no_incendio,-5.3699868320408415,-75.54453001162278
21369,incendio,-5.7315,-76.1895
21373,incendio,-8.2797,-76.6329
21375,no_incendio,-5.569129164967829,-76.89146867970102
21379,incendio,-8.297,-76.5443
21390,no_incendio,-7.4654999073290265,-76.71461513627762
21395,incendio,-5.7517,-76.2036
21399,incendio,-7.1321,-76.1413
21406,no_incendio,-6.473718077481412,-77.49661278682977
21408,no_incendio,-5.4181719579024135,-75.50050796250098
21421,no_incendio,-6.442429492492132,-75.8210206317141
21440,no_incendio,-7.111569656244363,-77.04269521527607
21442,incendio,-6.413,-77.3369
21445,no_incendio,-6.376048501437837,-77.12747027240657
21456,no_incendio,-5.3130357942785436,-76.58858316456917
21461,incendio,-6.5871,-76.503
21464,no_incendio,-7.538851524680003,-76.89606525439852
21470,no_incendio,-6.421249722496318,-77.04956463628945
21479,no_incendio,-7.502845115494379,-76.45758833661111
21480,incendio,-7.3979,-76.5429
21484,incendio,-5.871,-77.1534
21492,incendio,-7.2953,-76.6176
21496,no_incendio,-6.9560251993392335,-75.65244127896328
21504,no_incendio,-6.418496907062319,-75.56505083254436
21507,incendio,-5.8624,-76.1635
21511,no_incendio,-6.228351070264562,-77.26637950725386
21514,no_incendio,-6.7528370184185675,-75.79463738047077
21522,no_incendio,-5.49325291733823,-76.90069379643876
21529,no_incendio,-6.642584248060827,-75.75075985956546
21530,no_incendio,-5.87094442046127,-77.0385590368228
21535,no_incendio,-5.485555576815183,-76.48568380205462
21536,no_incendio,-5.577290052521281,-76.32966434490925
21538,no_incendio,-6.190864426146802,-76.12967606406326
21543,incendio,-6.8027,-76.3873
21546,incendio,-6.9071,-76.3336
21547,no_incendio,-7.206553379936274,-76.41990893868237
21551,no_incendio,-6.971890891507541,-75.84725150741345
21552,no_incendio,-6.4776266103105895,-77.14737002070362
21553,no_incendio,-5.952502510545931,-77.35100051203952
21569,no_incendio,-6.94690710912819,-75.63438003182783
21577,no_incendio,-5.932677032359028,-76.67039982026421
21580,no_incendio,-5.863508615293079,-77.5457929030888
21583,no_incendio,-5.353246300739066,-75.96334736686653
21589,incendio,-6.7547,-76.5947
21591,no_incendio,-5.504827246357519,-77.16574913944
21595,incendio,-5.8492,-76.227
21601,incendio,-5.3274,-76.292
21611,no_incendio,-7.527611322889828,-76.67002527157386
21614,no_incendio,-6.18702118811894,-77.34328610788602
21622,no_incendio,-7.103154809386207,-75.80011378156274
21644,no_incendio,-6.572959136388864,-76.70713570582085
21645,incendio,-7.0711,-76.7916
21647,no_incendio,-6.428027041919373,-76.62475957936073
21649,incendio,-6.1316,-76.9342
21653,no_incendio,-7.20916394163281,-76.74882653338932
21655,incendio,-7.461,-76.611
21668,no_incendio,-6.56442664767728,-76.08300934140289
21673,incendio,-8.4895,-76.3838
21683,no_incendio,-6.6577808572271095,-76.08571031789008
21684,no_incendio,-6.088150630105884,-77.05183868742043
21692,no_incendio,-6.254046612679011,-76.94445690037632
21693,incendio,-6.1764,-76.7969
21696,no_incendio,-5.389176452484517,-75.81151917065094
21702,incendio,-6.0546,-76.1665
21704,incendio,-6.9123,-76.1606
21707,incendio,-7.1149,-76.7447
21708,no_incendio,-6.319184567250436,-76.7615595241715
21711,incendio,-7.0006,-76.7465
21712,incendio,-7.4008,-76.6233
21715,no_incendio,-6.161493803649726,-77.185392683239
21720,no_incendio,-6.641540416375139,-77.47486256481713
21724,incendio,-7.2128,-77.7267
21732,no_incendio,-6.4551795764442375,-76.19574642473289
21747,no_incendio,-7.299495014578471,-76.02669026239053
21751,no_incendio,-6.22075638484601,-75.88403940669497
21761,no_incendio,-6.22948269148436,-77.46060172999928
21766,no_incendio,-6.0254636524537775,-76.26070791675792
21767,no_incendio,-6.04175420458928,-75.6154818462728
21778,no_incendio,-5.593725246250177,-76.70151478021911
21784,no_incendio,-6.236752944768423,-75.59185038594902
21785,no_incendio,-6.887017706594157,-77.30533643415299
21819,incendio,-7.1312,-76.1896
21827,no_incendio,-6.360714337530349,-76.51313445356357
21829,incendio,-8.6022,-76.2844
21851,incendio,-7.2966,-76.4583
21852,no_incendio,-7.4582565567314925,-76.8374558308584
21870,incendio,-5.9653,-76.1273
21882,no_incendio,-6.468598557394471,-76.29833017428093
21885,incendio,-7.1382,-76.2826
21887,incendio,-6.1533,-77.1554
21888,incendio,-8.5061,-76.464
21892,incendio,-6.9546,-76.7006
21893,no_incendio,-5.409046088511844,-75.85044957982578
21895,no_incendio,-7.409421605310309,-75.83681236527086
21898,no_incendio,-6.026471909112164,-76.38280873739679
21903,incendio,-8.1772,-76.6503
21904,no_incendio,-7.417769459056535,-76.0278387197161
21914,no_incendio,-6.7988040085111265,-76.15084820178622
21915,no_incendio,-6.88204939673875,-76.47181029595973
21917,no_incendio,-5.710479011729555,-76.39175910938613
21918,no_incendio,-6.9712876814104,-75.72933923833854
21923,no_incendio,-7.158262650594558,-76.17139715257736
21927,no_incendio,-7.562840840503951,-75.66286053205432
21939,no_incendio,-7.224623096753857,-76.90340581488266
21977,incendio,-7.3462,-76.5764
21978,no_incendio,-5.629475532551382,-77.50061748638073
21991,no_incendio,-6.3737423006602185,-77.16577350376646
21993,no_incendio,-7.353974209500567,-76.635407884227
21999,no_incendio,-6.157983789056771,-76.91942166932327
22000,no_incendio,-7.532917537712722,-76.04821551837472
22001,no_incendio,-5.450166959625918,-77.00835031536832
22002,incendio,-5.8419,-77.3304
22028,no_incendio,-5.585507984340333,-75.53590045517545
22032,no_incendio,-6.953964765279714,-77.26246463391935
22038,incendio,-7.0212,-76.7604
22046,no_incendio,-6.569933219427762,-75.5278161670118
22047,no_incendio,-6.520841370621428,-77.36086106907894
22048,incendio,-8.5831,-76.1203
22061,incendio,-6.5486,-76.398
22064,no_incendio,-6.66782718852246,-77.11974959426693
22066,no_incendio,-5.418336191471334,-77.27363994749886
22068,no_incendio,-7.269040165613338,-76.9103123983766
22077,incendio,-6.1116,-75.804
22078,no_incendio,-6.095756407316532,-77.30841425266888
22089,no_incendio,-5.454661580886559,-77.46777785872058
22090,no_incendio,-6.459421110313875,-76.2975020951517
22100,no_incendio,-6.180704652480343,-76.89113580194854
22101,incendio,-7.5258,-76.5539
22104,incendio,-5.9524,-76.2407
22106,incendio,-6.9924,-76.4506
22113,incendio,-7.206,-76.5248
22124,no_incendio,-7.4291899383099445,-76.99344952239323
22125,incendio,-6.7758,-76.2613
22129,incendio,-6.2012,-77.521
22135,no_incendio,-5.402348170521421,-77.02463779239379
22139,incendio,-5.3327,-76.7878
22141,no_incendio,-7.192676000546934,-77.13476748134192
22153,incendio,-7.1941,-76.6979
22169,incendio,-7.1751,-76.2279
22170,no_incendio,-6.253426709313807,-77.08659131097349
22186,no_incendio,-7.407523974858453,-76.05767195335137
22187,incendio,-5.8663,-75.9564
22188,incendio,-6.9864,-76.5828
22189,incendio,-7.4943,-76.547
22194,no_incendio,-7.097431396465031,-76.35150553329514
22201,incendio,-5.9709,-76.2455
22202,incendio,-6.9034,-76.6446
22209,incendio,-6.9787,-76.5465
22227,incendio,-6.0127,-76.8646
22230,no_incendio,-7.407523974858453,-76.05767195335137
22241,no_incendio,-5.977893876843185,-76.20383698117358
22254,no_incendio,-5.778538304462726,-77.27874829265495
22268,incendio,-7.3412,-76.5485
22272,incendio,-6.5387,-76.7027
22275,no_incendio,-5.49005851410074,-77.39191865885853
22284,incendio,-5.832,-76.0016
22287,incendio,-6.9176,-76.7431
22289,incendio,-6.5073,-76.4641
22293,no_incendio,-6.634686692730256,-75.5796876028018
22298,incendio,-6.5496,-77.2149
22299,no_incendio,-5.380924923914102,-76.12851157268119
22301,no_incendio,-5.885065132570478,-75.64334405460914
22309,incendio,-6.8906,-76.8985
22312,incendio,-5.5249,-75.8655
22327,no_incendio,-5.518725698266722,-76.04231826723102
22333,incendio,-7.2573,-76.6293
22336,no_incendio,-5.778538304462726,-77.27874829265495
22340,incendio,-7.1365,-77.0591
22342,no_incendio,-7.554963436234575,-75.69130210162552
22352,no_incendio,-5.900117559948675,-75.56284439390626
22355,no_incendio,-7.564076009944549,-75.89157611790941
22361,no_incendio,-7.242465202325818,-76.82313227202141
22362,incendio,-5.8208,-76.1378
22367,incendio,-6.8055,-76.5982
22372,no_incendio,-7.233369543625463,-75.83176043083628
22378,incendio,-7.2818,-76.5832
22380,no_incendio,-5.9787702159042375,-76.39270327711898
22386,no_incendio,-7.196044028055804,-76.77405078763431
22417,no_incendio,-6.4551795764442375,-76.19574642473289
22418,no_incendio,-6.75147932991093,-77.49824320852836
22420,no_incendio,-6.252480366224789,-76.488140203218
22424,no_incendio,-5.397948781588011,-77.53247141487635
22425,incendio,-7.2627,-76.4489
22443,incendio,-5.9394,-77.1703
22444,incendio,-8.6037,-76.3024
22445,incendio,-6.6176,-76.4512
22449,incendio,-6.8243,-76.6226
22452,no_incendio,-6.953964765279714,-77.26246463391935
22453,incendio,-6.0676,-76.3148
22466,incendio,-6.842,-76.6801
22468,no_incendio,-5.764033944085201,-76.45830778573153
22480,no_incendio,-6.781601843650596,-77.34861421933648
22482,no_incendio,-6.541834413903653,-76.37649272286701
22487,incendio,-6.9275,-76.8931
22492,no_incendio,-6.606517162327486,-77.4629258839616
22498,incendio,-5.9721,-76.2642
22530,no_incendio,-6.88204939673875,-76.47181029595973
22538,incendio,-6.6098,-76.7801
22540,incendio,-8.4562,-76.2619
22543,no_incendio,-7.3045123106112335,-75.99723406684437
22560,no_incendio,-6.725956984213016,-76.31094915112595
22561,no_incendio,-6.351517341637376,-77.31017116176967
22566,no_incendio,-5.432202072011853,-76.59374002276904
22574,incendio,-7.3944,-76.58
22580,no_incendio,-5.561920884041726,-75.5653879895247
22590,no_incendio,-6.6675087326032685,-77.42602403570756
22592,incendio,-6.8568,-76.1943
22595,no_incendio,-5.420009462532595,-77.54497332899014
22598,incendio,-5.9753,-76.8644
22600,incendio,-6.2772,-76.0039
22609,no_incendio,-6.542256231887758,-76.22236926601508
22614,no_incendio,-6.40519633681147,-77.40140623826653
22619,incendio,-7.3973,-77.6587
22621,incendio,-7.2576,-76.7635
22628,no_incendio,-6.331589003630742,-76.77579913568411
22634,no_incendio,-6.23478792603882,-76.18381610836184
22635,incendio,-6.7053,-76.4634
22639,no_incendio,-6.6588540055381635,-76.3643446123623
22653,no_incendio,-6.770535932670912,-77.17143392593205
22660,no_incendio,-6.04175420458928,-75.6154818462728
22671,incendio,-5.8358,-76.0176
22672,no_incendio,-6.918732727057085,-75.61509017346891
22681,no_incendio,-5.676274225134516,-77.28318396900629
22687,no_incendio,-6.6046403916429695,-76.28478273774354
22693,incendio,-6.5708,-76.3428
22695,no_incendio,-6.742797209348308,-75.63057425829132
22700,incendio,-6.6454,-76.7542
22710,no_incendio,-7.232373566693578,-77.33989801092913
22714,no_incendio,-6.541834413903653,-76.37649272286701
22718,no_incendio,-5.89795943446839,-76.15835756218627
22719,no_incendio,-5.605657953237715,-77.33944421680316
22726,no_incendio,-5.863508615293079,-77.5457929030888
22737,incendio,-6.3435,-76.7566
22740,incendio,-7.0836,-77.6769
22742,incendio,-6.9275,-76.5756
22750,incendio,-8.6227,-76.7042
22754,incendio,-6.4186,-76.564
22756,no_incendio,-5.637143675477756,-76.46390106880192
22759,no_incendio,-7.2889510765606325,-76.46654281298771
22763,incendio,-5.9875,-76.2746
22764,incendio,-6.9782,-76.1236
22769,no_incendio,-6.165729925483304,-75.50698017130118
22773,incendio,-6.0872,-75.9764
22777,incendio,-7.0564,-76.6712
22779,incendio,-5.7884,-76.563
22781,incendio,-7.165,-76.4388
22786,no_incendio,-7.4143617918638425,-76.41255499623206
22789,no_incendio,-5.626490573988114,-76.90197669049898
22791,no_incendio,-5.37157572156011,-76.66234225426679
22793,incendio,-7.3987,-76.6099
22795,no_incendio,-5.608145245385959,-76.22898397370268
22797,no_incendio,-6.396864121936975,-76.4851873457876
22809,incendio,-6.0358,-77.6374
22810,no_incendio,-6.385759143148429,-76.5709354755892
22816,no_incendio,-5.839270188717535,-77.49668062311541
22829,incendio,-7.1709,-76.8438
22837,no_incendio,-7.509252354285814,-75.54465114823546
22847,no_incendio,-5.612307081535751,-76.80288819980903
22850,incendio,-7.4418,-76.5744
22854,no_incendio,-6.738442276906446,-76.26128977675305
22856,no_incendio,-6.061679877354346,-76.10414263000189
22857,incendio,-5.7979,-77.0179
22858,incendio,-8.2964,-76.5722
22862,no_incendio,-5.522972759309926,-75.80819311512354
22864,no_incendio,-6.569933219427762,-75.5278161670118
22879,no_incendio,-5.3838831063176515,-76.49104845789617
22888,incendio,-8.3393,-76.4179
22891,no_incendio,-6.353424809181855,-75.63008762129351
22893,no_incendio,-7.6003471250061425,-76.18857699535684
22896,no_incendio,-6.418496907062319,-75.56505083254436
22904,no_incendio,-6.480391966428419,-77.42730148887621
22918,no_incendio,-6.942876340672963,-76.33358150381483
22925,no_incendio,-6.4548358961700885,-76.10226827896288
22940,no_incendio,-7.5636797148906325,-76.80582387525504
22943,no_incendio,-5.977954403238399,-75.89740788010133
22945,no_incendio,-6.152311336764004,-75.83217280220295
22965,no_incendio,-7.047404652384161,-75.9921217029406
22966,no_incendio,-6.699009805364948,-77.20530585140459
22971,no_incendio,-5.450166959625918,-77.00835031536832
22978,no_incendio,-5.894898869067559,-77.35176843132272
22979,no_incendio,-7.493540878148328,-76.20838654108637
22984,no_incendio,-6.921582299532002,-76.91163158233097
22994,incendio,-5.566,-76.6873
22996,no_incendio,-7.558428193627557,-76.41513276188537
23003,no_incendio,-6.586264053943194,-75.6879198104013
23012,no_incendio,-6.692392129901898,-76.24064751909104
23023,no_incendio,-5.99701125020352,-76.97976479165838
23048,no_incendio,-6.327343874329971,-76.29354784738233
23058,no_incendio,-6.9973012484497445,-77.4510550557952
23070,no_incendio,-7.139277657699614,-76.6688585627755
23072,no_incendio,-5.4433732153340495,-76.71634375535739
23086,incendio,-5.9304,-77.094
23091,no_incendio,-7.508397223486154,-75.66150958377543
23099,no_incendio,-6.594872736761388,-76.81244710228094
23100,no_incendio,-6.469524270312644,-76.04017356223993
23107,no_incendio,-5.369370124540203,-77.53041632467286
23115,incendio,-6.2968,-75.7604
23122,no_incendio,-7.006429626529349,-76.40821160101947
23127,no_incendio,-5.4484392138134945,-75.95921509359859
23138,incendio,-8.6618,-76.1445
23141,incendio,-7.1575,-76.5588
23156,no_incendio,-5.7462072862910665,-75.82239791523867
23158,incendio,-6.2495,-75.853
23161,incendio,-7.387,-76.6263
23179,no_incendio,-6.269160672028454,-77.26185240867942
23186,no_incendio,-6.266506898778969,-76.33689278886196
23188,no_incendio,-6.10372793592555,-77.07921750093743
23190,no_incendio,-5.5941151159540015,-75.60783919102062
23195,no_incendio,-6.9260270516583,-76.1608919912471
23198,incendio,-8.6644,-76.3546
23204,no_incendio,-6.695277689736439,-77.08154414600035
23236,no_incendio,-5.937825755560712,-77.54131014900841
23240,incendio,-5.649,-75.9362
23245,incendio,-6.4379,-76.7191
23259,no_incendio,-6.672836316039594,-77.21035813191263
23262,no_incendio,-6.535140869924569,-76.94972010352429
23265,no_incendio,-6.679897679386204,-77.34823338283437
23266,no_incendio,-6.1400329007098495,-75.77782950002863
23274,incendio,-6.4429,-75.8863
23277,no_incendio,-6.7183540623229865,-77.22771131243218
23281,no_incendio,-5.899739172279481,-75.62561076754551
23319,incendio,-7.0163,-76.374
23325,no_incendio,-5.608145245385959,-76.22898397370268
23326,incendio,-8.6472,-76.3577
23329,no_incendio,-6.606790602498376,-76.50679708602655
23337,incendio,-7.3578,-76.7256
23340,incendio,-8.7073,-76.3251
23343,no_incendio,-7.394254404476224,-75.68500027222532
23344,no_incendio,-6.616039268330141,-77.35690054867337
23347,no_incendio,-5.577424926283962,-75.86385660107669
23352,incendio,-5.896,-77.0593
23359,no_incendio,-5.532392079747417,-76.92136640270547
23373,incendio,-7.4658,-76.2311
23380,incendio,-7.3379,-77.5192
23382,no_incendio,-7.152157832421082,-77.44831592237493
23384,no_incendio,-6.9712876814104,-75.72933923833854
23388,incendio,-6.8862,-76.7838
23394,no_incendio,-6.542252546530441,-76.69178298792589
23398,incendio,-7.3797,-76.6186
23401,no_incendio,-5.6355072776323825,-77.05987553143974
23402,incendio,-7.4295,-76.6822
23405,no_incendio,-6.130295951384975,-75.70862882951778
23416,incendio,-7.3002,-76.5958
23425,no_incendio,-6.752631174647365,-76.89757485609974
23436,no_incendio,-6.992873718796428,-77.40735326396366
23442,no_incendio,-6.224512205373936,-77.14720066928672
23446,no_incendio,-5.822373025705751,-75.81118308604799
23448,no_incendio,-6.329066895240967,-77.1289458150613
23465,no_incendio,-5.371121123003669,-76.78705780536207
23468,no_incendio,-7.457798199513177,-76.25066528876945
23469,incendio,-7.2643,-76.9876
23479,incendio,-5.7634,-77.424
23481,no_incendio,-6.097161064451766,-76.22638691915272
23488,no_incendio,-5.382698663545955,-75.70884428974506
23491,no_incendio,-7.3226422677593845,-76.0064093237638
23501,no_incendio,-6.0854129819425,-76.79698741171129
23510,no_incendio,-6.045557480896305,-76.73042918045354
23515,incendio,-8.244,-76.4281
23518,no_incendio,-6.960986438297525,-76.973990270216
23523,no_incendio,-5.978876914297251,-77.26050814725458
23531,no_incendio,-7.410323721411357,-76.86954387230432
23533,no_incendio,-6.979782618165886,-76.34280103633438
23534,no_incendio,-5.856151465825925,-75.61952647714237
23541,incendio,-6.6523,-76.6429
23542,incendio,-7.3009,-76.7441
23543,incendio,-6.9703,-76.1451
23544,no_incendio,-6.208571378644004,-77.08847372883292
23553,no_incendio,-5.987623594847527,-77.50895445827787
23556,no_incendio,-7.005255736259935,-76.42804994495515
23557,no_incendio,-5.813466395394225,-76.54314458566375
23562,no_incendio,-5.592843733729189,-75.8469852314677
23564,no_incendio,-6.324514222860181,-76.89947276475436
23574,no_incendio,-6.185102706019143,-75.78932803542219
23576,incendio,-6.1642,-75.9115
23584,no_incendio,-5.498957925752801,-76.23819839749541
23585,incendio,-7.337,-76.661
23589,no_incendio,-5.906233795105334,-77.12857966060585
23598,no_incendio,-5.508118125742636,-76.08158705053927
23599,incendio,-6.912,-76.7693
23614,no_incendio,-6.064968975705764,-75.80158619111924
23624,no_incendio,-6.671397085491674,-75.72724206195927
23625,no_incendio,-6.634686692730256,-75.5796876028018
23632,incendio,-6.0141,-77.0708
23633,no_incendio,-5.87076697965016,-76.32402567938676
23644,no_incendio,-6.797128032172363,-76.15133853102378
23657,no_incendio,-5.732633885929664,-76.45507870434784
23659,no_incendio,-7.26944697761503,-76.97064413485722
23668,incendio,-6.8441,-76.6169
23671,no_incendio,-6.8812608532922095,-77.14870823308875
23674,no_incendio,-5.531709345051456,-76.12800515028563
23675,incendio,-7.3063,-76.6449
23680,incendio,-7.1948,-76.7021
23681,no_incendio,-5.991944937539925,-75.60778625331145
23689,incendio,-7.346,-76.693
23690,no_incendio,-6.424415078222516,-76.56153900049968
23694,incendio,-6.3864,-76.5909
23697,no_incendio,-5.307511492937007,-75.87055498280709
23699,no_incendio,-6.220053203592378,-76.13217715018442
23712,no_incendio,-6.1464831206689965,-77.21946152659409
23721,incendio,-6.8734,-76.8208
23728,no_incendio,-6.501773263941807,-76.20873227680231
23729,no_incendio,-6.705665824489784,-75.86880266225904
23746,no_incendio,-7.346936014424016,-77.24612328998047
23748,no_incendio,-6.8267458836303225,-76.04005920267028
23758,incendio,-6.4432,-75.7766
23759,no_incendio,-5.353246300739066,-75.96334736686653
23771,incendio,-6.2243,-76.7257
23783,no_incendio,-7.247461423234719,-75.57023459371909
23806,no_incendio,-6.596577810973727,-76.74231910069577
23819,incendio,-7.1719,-77.0576
23825,no_incendio,-6.312891094128834,-75.840822427949
23832,incendio,-6.9065,-76.8035
23833,incendio,-7.2667,-76.6353
23836,no_incendio,-7.082226882888392,-75.74798202243628
23847,incendio,-6.4885,-76.3679
23849,no_incendio,-5.559447141003816,-77.53240429845073
23852,no_incendio,-5.4484392138134945,-75.95921509359859
23857,incendio,-6.3446,-77.0117
23859,no_incendio,-5.83983548332399,-77.3596154335897
23860,no_incendio,-7.228019173352536,-75.83265543127759
23869,no_incendio,-6.1174086914739405,-75.65121133854548
23870,no_incendio,-5.812760524192122,-77.54920790478845
23874,no_incendio,-7.5842496329608995,-75.57404179177915
23895,no_incendio,-6.333472406743339,-75.64833382378124
23898,no_incendio,-5.409587022918446,-76.44819351401671
23902,incendio,-6.9056,-76.5244
23906,incendio,-7.1687,-76.4958
23936,no_incendio,-6.140503448389999,-75.89152757203433
23938,incendio,-6.4081,-75.8481
23941,no_incendio,-7.228019173352536,-75.83265543127759
23943,incendio,-7.3242,-76.6513
23944,no_incendio,-5.5941151159540015,-75.60783919102062
23953,no_incendio,-6.1290157028955905,-75.56386178427238
23963,incendio,-6.5138,-76.8088
23969,no_incendio,-7.204320146605171,-76.588496910205
23986,no_incendio,-6.246302114010693,-75.65691913180889
23988,incendio,-7.4643,-76.6433
23990,no_incendio,-5.503666402060762,-76.62944463990817
23992,no_incendio,-7.1695522446443345,-76.10103400972879
23995,no_incendio,-5.966007765722613,-76.02339603474364
23996,no_incendio,-7.23268535501901,-75.71791421763211
23999,no_incendio,-6.122241228202742,-76.97601645146484
24005,no_incendio,-6.072007171578419,-77.37389388906047
24016,no_incendio,-7.43096053916798,-75.91112977240851
24017,incendio,-8.5407,-76.3426
24024,incendio,-7.3696,-76.396
24025,incendio,-8.5816,-76.8799
24027,incendio,-7.1786,-76.649
24029,incendio,-7.5487,-76.4969
24032,no_incendio,-6.922199249991655,-76.68603062105682
24033,no_incendio,-5.712986091901971,-76.69466982249243
24036,no_incendio,-6.796333772184817,-76.78935654696676
24040,no_incendio,-5.561988258344413,-76.88991934204635
24045,incendio,-7.2897,-77.0021
24050,no_incendio,-6.871083272493799,-75.76930140332634
24063,incendio,-7.3561,-76.6458
24068,incendio,-7.1686,-76.656
24075,no_incendio,-6.228351070264562,-77.26637950725386
24080,incendio,-6.6902,-76.7206
24088,no_incendio,-7.217469611041255,-75.6059674027119
24093,incendio,-7.2361,-76.7935
24096,no_incendio,-6.324884637478815,-77.29362980195512
24098,incendio,-7.3122,-76.7306
24103,incendio,-6.4403,-76.7313
24107,incendio,-6.6561,-76.6054
24108,no_incendio,-5.340154408333765,-76.74093271807992
24120,no_incendio,-5.9272520922930445,-77.17976360795232
24123,incendio,-6.8079,-76.3854
24124,incendio,-5.7102,-76.2586
24130,no_incendio,-6.558646082464617,-76.16096804971144
24132,incendio,-8.3496,-76.7369
24148,no_incendio,-5.670265351646696,-76.15936780244608
24150,no_incendio,-6.727424984115921,-76.66756072308013
24151,no_incendio,-5.485555576815183,-76.48568380205462
24152,no_incendio,-6.564880133008887,-76.55893266226474
24153,no_incendio,-6.729806246426535,-76.87013039720924
24154,no_incendio,-6.299525540013742,-76.28555400177144
24160,no_incendio,-6.342272331916268,-77.0355540401251
24161,no_incendio,-6.152183459458481,-75.52419970077695
24167,no_incendio,-7.367557628064232,-76.4395241338938
24171,incendio,-7.4645,-76.5747
24183,incendio,-5.7782,-77.3799
24187,no_incendio,-6.994018548876931,-77.44340810717631
24200,no_incendio,-6.269160672028454,-77.26185240867942
24203,incendio,-6.1669,-76.916
24205,no_incendio,-5.364143829036743,-76.95415482559467
24213,incendio,-5.7288,-77.4756
24220,no_incendio,-6.324884637478815,-77.29362980195512
24227,no_incendio,-7.267527749331178,-76.00258934511766
24229,no_incendio,-6.231532660134269,-77.43051392350198
24242,no_incendio,-5.868777989192487,-75.61031419176939
24247,no_incendio,-6.895202578534257,-77.04341617849329
24261,no_incendio,-5.983810951819396,-76.22464105692707
24266,no_incendio,-6.9303848627730344,-77.0665622069992
24269,no_incendio,-7.143611941895854,-76.83926289395374
24275,no_incendio,-6.215385324683509,-77.39247138767627
24281,incendio,-8.3463,-76.5347
24286,no_incendio,-5.800663587251775,-77.2156236281296
24294,no_incendio,-6.352348321356028,-75.59610164326816
24297,incendio,-7.5521,-76.7673
24302,incendio,-6.8453,-76.5989
24303,no_incendio,-7.485621627002571,-76.9594043618508
24315,no_incendio,-6.007112604816549,-77.29204800487722
24328,incendio,-8.4225,-76.3774
24330,no_incendio,-6.664505823088651,-77.4814157749719
24332,no_incendio,-6.4891729979787565,-76.11291535541001
24350,no_incendio,-7.311635265992554,-75.85999069910886
24353,no_incendio,-6.477469375479229,-76.23310758199833
24360,incendio,-7.2511,-76.8536
24362,no_incendio,-6.352348321356028,-75.59610164326816
24365,incendio,-7.2919,-76.4162
24372,no_incendio,-6.348815001844065,-75.62878823200789
24376,incendio,-7.2116,-76.7306
24381,no_incendio,-7.108956430874631,-75.5028524515191
24395,incendio,-7.4368,-76.6799
24396,incendio,-8.7141,-77.1227
24403,no_incendio,-6.797587829172456,-76.96085855036651
24414,incendio,-6.8204,-76.2042
24421,incendio,-7.1973,-77.6126
24445,no_incendio,-6.940699761996049,-76.26181884160466
24446,no_incendio,-7.392389482278091,-76.3604718116053
24447,no_incendio,-7.5964500853796,-76.68614160369373
24450,no_incendio,-6.360714337530349,-76.51313445356357
24453,no_incendio,-5.97958938141772,-75.97696588702247
24462,no_incendio,-6.980365789444828,-76.90654360978435
24464,no_incendio,-5.976958562482058,-76.80488821989493
24476,incendio,-6.9946,-76.2706
24479,no_incendio,-7.5699592193140015,-75.58526155924636
24495,no_incendio,-6.309912628737243,-75.57235857764702
24499,no_incendio,-7.5990878129892385,-76.01433706050479
24501,incendio,-6.4482,-76.8987
24508,no_incendio,-5.928733149107297,-75.62813587078854
24514,no_incendio,-6.963743688695052,-77.15890290229473
24521,no_incendio,-5.388800568828812,-75.76427198080877
24529,no_incendio,-6.547946119465311,-76.58716239935082
24534,no_incendio,-7.147843120370421,-77.31448550971452
24535,no_incendio,-6.324514222860181,-76.89947276475436
24539,no_incendio,-5.7038552844593475,-76.24937639790886
24547,no_incendio,-5.532971684555294,-77.02280558006699
24559,no_incendio,-7.189575486518889,-75.71595612356288
24576,no_incendio,-7.206553379936274,-76.41990893868237
24584,incendio,-7.0558,-76.6929
24593,incendio,-6.6354,-76.7813
24605,no_incendio,-7.419812910820906,-75.99406148062167
24610,no_incendio,-7.527307126647749,-77.12744201881532
24620,incendio,-8.6928,-76.3078
24633,no_incendio,-6.939438225282601,-76.80786345912996
24638,incendio,-6.2494,-75.8382
24639,no_incendio,-7.132478183195441,-76.65634588857769
24647,no_incendio,-6.1305152501535805,-77.20692971202396
24657,no_incendio,-6.580708866740203,-77.30463518466154
24665,no_incendio,-6.949415512269831,-76.30894649629607
24680,no_incendio,-6.260382263964365,-75.66215989353373
24689,no_incendio,-5.849268078249962,-76.0787263818459
24705,incendio,-5.6651,-76.5839
24709,incendio,-6.2228,-75.952
24713,incendio,-7.1898,-77.0565
24714,incendio,-6.4033,-77.75
24725,incendio,-8.1881,-76.5013
24726,incendio,-8.4372,-76.2565
24729,no_incendio,-6.212102855046136,-76.68622274401635
24732,no_incendio,-6.536547874138972,-77.31298293788737
24734,no_incendio,-5.702153316153597,-75.54463550563808
24738,no_incendio,-7.25129246536618,-76.47983941905308
24753,no_incendio,-6.9398975097013755,-76.27516039033146
24754,incendio,-7.2639,-76.6418
24758,no_incendio,-5.926005528348797,-76.66451761423114
24759,incendio,-7.5364,-76.5049
24760,incendio,-7.4783,-76.5424
24761,no_incendio,-6.237007995955339,-77.29653920345977
24762,no_incendio,-5.872543626896172,-76.44213080221468
24763,no_incendio,-7.459387198765487,-76.32587223443953
24766,no_incendio,-6.968966493455318,-76.77095416720522
24778,incendio,-6.4904,-76.5287
24782,incendio,-7.2849,-76.6794
24783,no_incendio,-6.896612666946929,-75.75338049940235
24787,no_incendio,-5.337639267388661,-76.79635411817596
24806,no_incendio,-6.9213010558098045,-76.33886424086654
24820,incendio,-6.6874,-76.6645
24828,no_incendio,-5.764033944085201,-76.45830778573153
24831,incendio,-7.0042,-76.7153
24832,no_incendio,-5.402348170521421,-77.02463779239379
24838,incendio,-7.7126,-76.4925
24839,incendio,-7.9248,-77.4003
24844,incendio,-8.4573,-76.3927
24845,no_incendio,-6.644983818759033,-76.97235660144274
24860,incendio,-7.2812,-76.8202
24885,incendio,-6.0806,-76.3626
24895,no_incendio,-6.3427644504242675,-77.35180398852548
24918,no_incendio,-7.124526948992974,-75.69099174784184
24919,no_incendio,-6.336768480146276,-75.8898744780929
24921,no_incendio,-7.241827770839374,-75.55383362888189
24934,no_incendio,-6.546795271979165,-77.13463626494185
24935,incendio,-5.9942,-76.1015
24938,incendio,-6.4797,-76.4792
24952,no_incendio,-7.4055258629962415,-75.72836594706017
24991,incendio,-8.6408,-76.3124
24992,no_incendio,-6.53438876670278,-77.3151143596093
25006,no_incendio,-5.691703950902071,-76.93733770607169
25008,no_incendio,-7.191225918716162,-75.54734215721196
25014,incendio,-7.1678,-76.3374
25018,no_incendio,-5.9130091622376435,-77.42859659593488
25020,incendio,-6.6087,-76.1165
25027,no_incendio,-6.271888529403575,-75.79765684657775
25032,no_incendio,-5.603013181516009,-76.25847933744605
25036,incendio,-5.9955,-76.1108
25045,incendio,-6.1424,-76.2835
25050,incendio,-6.6225,-76.7329
25055,incendio,-7.0766,-76.4942
25057,no_incendio,-5.569129164967829,-76.89146867970102
25058,incendio,-6.9324,-76.7137
25067,no_incendio,-5.441048358116876,-77.52077786090675
25069,no_incendio,-6.462614163555006,-75.61289892495
25077,no_incendio,-6.470561948843736,-76.94393330664495
25083,no_incendio,-6.727424984115921,-76.66756072308013
25088,no_incendio,-6.654532009707288,-75.5305999621871
25089,no_incendio,-5.457985826162461,-76.51538649315398
25091,incendio,-6.7102,-77.4303
25092,no_incendio,-7.500619459820059,-77.36318050509186
25108,no_incendio,-7.292464300747621,-76.5588244421564
25109,incendio,-7.259,-76.4866
25113,no_incendio,-6.135227462144194,-76.4855793054628
25121,no_incendio,-5.657826113607748,-77.0484188289704
25135,no_incendio,-5.533837838145786,-75.72558753064112
25151,no_incendio,-5.787648723882205,-76.3637582070336
25154,incendio,-7.4369,-76.4099
25155,no_incendio,-7.546681661706002,-77.09086718024028
25158,no_incendio,-6.441902560534528,-76.15943969390888
25159,incendio,-7.319,-77.6067
25166,no_incendio,-5.923104963527884,-76.43553159912858
25174,incendio,-7.3487,-76.6178
25182,no_incendio,-6.139224623753688,-76.40308726211332
25185,no_incendio,-7.508397223486154,-75.66150958377543
25192,no_incendio,-7.103154809386207,-75.80011378156274
25195,no_incendio,-5.937659253977012,-77.34942172737706
25196,no_incendio,-6.310252900156727,-75.63690302476967
25200,no_incendio,-5.371121123003669,-76.78705780536207
25213,no_incendio,-6.948889791528075,-76.04658173737485
25220,no_incendio,-5.952502510545931,-77.35100051203952
25222,no_incendio,-6.6084019823282665,-76.06077967767854
25223,no_incendio,-5.423352355280385,-75.9768451523196
25233,no_incendio,-7.5636797148906325,-76.80582387525504
25243,incendio,-6.5082,-76.3673
25248,incendio,-7.2051,-76.4955
25259,incendio,-5.7524,-76.4514
25261,no_incendio,-7.162586032756481,-76.81020137003335
25262,incendio,-7.0386,-76.8567
25268,incendio,-7.5307,-76.537
25277,incendio,-6.8448,-76.7734
25279,incendio,-5.9027,-76.1082
25291,no_incendio,-5.747916301571042,-76.94248947046277
25294,incendio,-7.3859,-76.7226
25295,incendio,-7.1864,-76.6699
25296,no_incendio,-7.390169812745361,-75.85173982819381
25297,incendio,-8.4543,-76.3893
25300,no_incendio,-5.39776817495506,-77.21180440723553
25301,no_incendio,-6.032637337308331,-77.27677952675285
25303,incendio,-6.9145,-76.6143
25306,no_incendio,-7.493540878148328,-76.20838654108637
25307,no_incendio,-5.463870053471811,-75.65012298252523
25310,no_incendio,-5.870407571755855,-76.43899593158982
25312,incendio,-8.6503,-76.1355
25314,incendio,-6.0367,-77.2178
25320,no_incendio,-5.833991570039085,-76.02950285469245
25332,incendio,-5.7216,-76.6783
25333,no_incendio,-7.063019746501072,-77.52481749302208
25336,no_incendio,-5.955706826060275,-77.52353123807491
25340,incendio,-6.997,-76.6787
25351,no_incendio,-5.364892363396528,-76.8599043565554
25352,no_incendio,-5.767157423041838,-75.60792843558447
25385,no_incendio,-5.403821247036303,-76.32388095777216
25393,no_incendio,-6.299525540013742,-76.28555400177144
25395,no_incendio,-6.831471934568246,-75.7875932896481
25398,incendio,-5.8856,-76.3709
25403,no_incendio,-7.311635265992554,-75.85999069910886
25419,incendio,-7.1652,-76.6203
25425,incendio,-7.9529,-76.7171
25431,no_incendio,-7.06430285125658,-76.42921371383994
25432,incendio,-7.6135,-77.4622
25436,incendio,-6.6584,-76.5338
25445,incendio,-7.1905,-77.583
25454,no_incendio,-5.404889796153065,-75.52356189843724
25455,no_incendio,-5.472748128836409,-77.20935781294484
25458,no_incendio,-6.717293792016525,-75.64014245587184
25468,no_incendio,-6.8241555048520945,-76.01927599626522
25472,no_incendio,-7.134812798520641,-75.55898183219816
25492,no_incendio,-7.327752780112304,-76.88582488471454
25495,no_incendio,-6.238571072533694,-75.50795501172155
25497,no_incendio,-6.140503448389999,-75.89152757203433
25500,incendio,-7.1441,-76.2863
25505,no_incendio,-6.586264053943194,-75.6879198104013
25512,incendio,-6.6221,-77.7244
25515,no_incendio,-7.145399618003832,-77.00792044464232
25516,no_incendio,-7.537645825070388,-77.33447245653781
25519,no_incendio,-6.695225096779551,-76.23948893389061
25522,incendio,-6.2177,-77.1689
25530,no_incendio,-5.901183537582431,-77.01906915606199
25537,no_incendio,-6.9734000570740395,-77.15029703123086
25540,incendio,-6.8255,-76.3929
25563,no_incendio,-6.468598557394471,-76.29833017428093
25568,no_incendio,-5.979395848987274,-75.81605060669331
25572,incendio,-7.5076,-76.4273
25575,incendio,-8.4057,-76.4283
25576,no_incendio,-6.1592934714330285,-77.34475903708392
25577,incendio,-7.0092,-76.6411
25578,no_incendio,-7.336551353349131,-77.20883178649431
25580,no_incendio,-6.94690710912819,-75.63438003182783
25582,incendio,-7.3777,-76.7299
25589,no_incendio,-6.134775971165761,-75.80907324993491
25594,no_incendio,-6.6084019823282665,-76.06077967767854
25599,no_incendio,-5.9787702159042375,-76.39270327711898
25603,incendio,-8.402,-76.3591
25612,no_incendio,-5.851710851525425,-77.43871611391367
25624,no_incendio,-7.178109146033509,-76.55931189942505
25635,no_incendio,-7.208457886315255,-75.76495343289794
25637,incendio,-7.5497,-76.2131
25642,incendio,-6.8397,-76.8867
25662,incendio,-7.0883,-76.5296
25663,incendio,-6.7037,-76.3086
25666,incendio,-6.9208,-76.5952
25670,no_incendio,-6.942054443870175,-75.88451122317879
25671,no_incendio,-6.851346088597758,-76.87565472102605
25677,no_incendio,-7.193491617772813,-76.90637497057176
25683,incendio,-5.9883,-76.2705
25684,no_incendio,-7.230008103453095,-76.43726823574747
25685,incendio,-8.6171,-76.3113
25701,no_incendio,-5.307511492937007,-75.87055498280709
25711,no_incendio,-6.797128032172363,-76.15133853102378
25722,incendio,-7.3255,-77.726
25724,incendio,-5.6595,-76.499
25729,no_incendio,-5.882379700992915,-75.5521215473338
25732,incendio,-7.4475,-76.4516
25737,incendio,-8.029,-77.2578
25741,no_incendio,-5.673007856969957,-76.8124122789181
25744,no_incendio,-5.592210809875936,-75.85957552026237
25758,no_incendio,-6.080706501829642,-77.17715903994046
25776,incendio,-7.812,-76.7183
25782,incendio,-6.1006,-76.241
25786,incendio,-7.2794,-76.8305
25787,incendio,-5.8319,-77.0906
25792,incendio,-7.3264,-76.7214
25796,no_incendio,-5.682009801127555,-77.32557014599907
25797,incendio,-8.4193,-76.4696
25804,no_incendio,-7.1291364623253095,-77.04904307212506
25807,incendio,-7.0763,-76.7963
25818,no_incendio,-7.532917537712722,-76.04821551837472
25823,no_incendio,-6.591526889483433,-77.26946848843974
25825,no_incendio,-7.089179421889268,-75.95457712793731
25840,incendio,-7.0261,-76.6929
25850,no_incendio,-5.998881730764309,-77.1385121318961
25856,no_incendio,-6.693645231607011,-77.00083886723358
25860,incendio,-6.4471,-75.9006
25865,no_incendio,-5.49005851410074,-77.39191865885853
25867,no_incendio,-6.846227548420243,-77.09414313428448
25869,incendio,-6.5443,-76.3174
25880,no_incendio,-6.717293792016525,-75.64014245587184
25882,no_incendio,-6.068535480190217,-76.55604968607116
25886,incendio,-8.3751,-76.4976
25901,no_incendio,-5.73056432169004,-76.88063042787364
25902,no_incendio,-7.468820255868223,-76.21884389702247
25911,incendio,-6.9626,-76.8576
25924,no_incendio,-6.12520459976937,-77.49886350154438
25927,incendio,-6.0743,-76.3157
25929,incendio,-7.3859,-76.6731
25939,no_incendio,-5.65117658577255,-75.62263099163508
25949,no_incendio,-7.523343048173316,-75.60465669486607
25951,no_incendio,-6.324514222860181,-76.89947276475436
25956,incendio,-7.2866,-76.7447
25958,no_incendio,-7.49572574357337,-75.97213125228711
25962,incendio,-8.2846,-76.4395
25967,incendio,-6.8776,-76.593
25969,incendio,-8.692,-76.7174
25976,no_incendio,-7.275276678539276,-76.76197872211165
25979,incendio,-6.0987,-76.0411
25980,no_incendio,-6.199486560201427,-77.4221153051421
26001,no_incendio,-5.592843733729189,-75.8469852314677
26003,incendio,-6.0753,-75.9565
26012,no_incendio,-6.173497385338977,-77.08001241103895
26013,no_incendio,-5.873429262130088,-76.29994874270383
26025,incendio,-8.2986,-76.3641
26035,incendio,-6.0082,-76.2809
26043,incendio,-8.6415,-77.3179
26044,no_incendio,-5.925744830854394,-76.62635370808266
26045,no_incendio,-5.709919403753175,-77.18915952963572
26047,no_incendio,-6.266506898778969,-76.33689278886196
26055,incendio,-6.7815,-76.4819
26057,incendio,-5.945,-77.1413
26068,incendio,-6.581,-76.4853
26078,incendio,-8.5712,-76.5381
26079,incendio,-7.4208,-76.6669
26081,no_incendio,-7.404587411347148,-77.48236039818194
26084,no_incendio,-6.859834032339221,-77.17846783969736
26094,no_incendio,-5.413750833598563,-75.87946450439262
26102,incendio,-7.4138,-76.8619
26123,no_incendio,-7.19668087361042,-76.2603633805298
26125,incendio,-6.8051,-76.7002
26128,no_incendio,-7.3226422677593845,-76.0064093237638
26129,no_incendio,-6.66782718852246,-77.11974959426693
26135,incendio,-6.5938,-76.1701
26140,incendio,-6.9787,-76.7163
26142,no_incendio,-6.260382263964365,-75.66215989353373
26143,no_incendio,-7.204320146605171,-76.588496910205
26145,no_incendio,-6.797266617151564,-77.33130374727055
26151,incendio,-7.3242,-76.5586
26153,no_incendio,-7.241586175081285,-75.60658029783822
26170,no_incendio,-6.300702389014246,-76.09062532956851
26178,no_incendio,-5.8513705657504405,-76.02980196988514
26193,no_incendio,-7.011514074885707,-76.73934268520709
26194,incendio,-5.8993,-77.4353
26196,no_incendio,-7.332916187784927,-76.99914864296008
26199,no_incendio,-6.993239612195546,-76.80617132397158
26200,no_incendio,-5.885065132570478,-75.64334405460914
26201,incendio,-7.2859,-76.4533
26202,no_incendio,-7.585660689069584,-77.39009094478008
26204,no_incendio,-6.8707527834716435,-77.1546220579287
26205,no_incendio,-5.907158352622331,-77.4442973163752
26215,incendio,-7.2004,-76.4875
26220,no_incendio,-6.163392021425101,-76.6587242460342
26235,no_incendio,-6.887626631829371,-77.285374555124
26242,no_incendio,-5.83234820585484,-77.1167119832574
26258,no_incendio,-6.85257481056394,-76.48694884372748
26259,no_incendio,-6.446499470618798,-75.63834110129498
26260,incendio,-7.5423,-76.551
26261,no_incendio,-5.317490731831781,-77.05291423448321
26264,no_incendio,-5.971167138004345,-76.3740699604034
26268,incendio,-5.9164,-75.9636
26269,incendio,-6.133,-76.2939
26273,incendio,-7.9814,-77.3492
26286,incendio,-6.5838,-76.047
26293,incendio,-6.072,-76.4486
26296,incendio,-5.8391,-77.3793
26302,no_incendio,-5.87094442046127,-77.0385590368228
26305,no_incendio,-5.776890989468168,-77.17544694472763
26311,incendio,-7.4322,-76.4177
26312,no_incendio,-6.300957997693996,-76.09847737144455
26313,no_incendio,-5.763649060823176,-76.26292282199367
26323,no_incendio,-5.364143829036743,-76.95415482559467
26324,incendio,-6.604,-76.1197
26328,incendio,-8.5162,-76.3303
26331,incendio,-8.4052,-76.4059
26333,no_incendio,-6.726577938090313,-76.92865414529734
26352,no_incendio,-6.606179550023269,-77.17612767759138
26356,no_incendio,-6.3431574963922905,-76.8897013975212
26358,incendio,-6.072,-76.0002
26364,no_incendio,-6.959105963658491,-76.85747096898318
26366,no_incendio,-5.397948781588011,-77.53247141487635
26371,no_incendio,-5.62794321017974,-76.97851232659868
26373,incendio,-5.9311,-76.285
26379,incendio,-6.687,-76.4615
26385,no_incendio,-6.053663067143272,-77.25400416625581
26389,no_incendio,-6.0017769805371435,-76.54978075200272
26393,incendio,-7.112,-76.82
26407,incendio,-6.4281,-76.4255
26410,no_incendio,-7.516228282019169,-75.89484036620722
26414,incendio,-6.5398,-76.2819
26418,no_incendio,-7.199216978961617,-75.9477990392911
26420,incendio,-6.7179,-76.3505
26447,no_incendio,-6.476078930269108,-76.12579467837428
26448,no_incendio,-7.308376267427788,-75.72020744008876
26451,no_incendio,-6.237716755759431,-77.39156311979332
26457,no_incendio,-6.134868701694113,-76.84593822630983
26462,no_incendio,-7.442180034070876,-75.92683774273232
26479,no_incendio,-6.210262345134658,-77.11424996637882
26486,no_incendio,-7.127093555738052,-76.84105088577114
26496,no_incendio,-7.095024308236621,-76.98915064415999
26504,incendio,-8.134,-77.1367
26518,incendio,-5.8766,-77.363
26522,no_incendio,-6.324884637478815,-77.29362980195512
26529,incendio,-6.8968,-76.5979
26531,no_incendio,-7.080940596432744,-77.316377811303
26538,incendio,-7.3913,-76.4377
26544,no_incendio,-6.234614825176705,-77.3723732006722
26548,incendio,-6.4361,-75.7495
26549,no_incendio,-5.402348170521421,-77.02463779239379
26558,incendio,-6.8727,-76.2135
26569,no_incendio,-7.216614993286788,-77.03461698814449
26580,no_incendio,-5.7006314608305315,-76.5774762709844
26590,incendio,-6.2263,-76.0904
26601,incendio,-6.8846,-76.8827
26606,incendio,-5.7796,-76.6198
26609,no_incendio,-6.273383567178642,-76.44114691338451
26611,incendio,-7.4339,-76.5573
26619,no_incendio,-6.032904107983954,-75.67491532543472
26621,no_incendio,-7.510787208532104,-75.93881161563174
26626,no_incendio,-6.477469375479229,-76.23310758199833
26640,incendio,-6.8823,-76.9256
26657,incendio,-8.062,-76.6762
26664,no_incendio,-5.702153316153597,-75.54463550563808
26667,no_incendio,-5.329337229365641,-77.4752371215785
26668,no_incendio,-7.204320146605171,-76.588496910205
26670,incendio,-8.6962,-76.1248
26677,no_incendio,-7.188505073730313,-76.90328431055737
26691,incendio,-7.3928,-76.5692
26693,no_incendio,-7.014916061647587,-75.71674408231947
26702,incendio,-6.7858,-76.1543
26707,no_incendio,-7.392389482278091,-76.3604718116053
26710,incendio,-7.1092,-76.7873
26711,incendio,-6.4104,-75.8654
26714,no_incendio,-5.599508739006035,-77.02715299547113
26721,no_incendio,-5.815206419164588,-75.9840705047973
26734,no_incendio,-5.931410128051382,-77.48442078407336
26742,incendio,-6.5937,-76.2771
26745,incendio,-6.8435,-76.2539
26748,incendio,-6.5181,-76.4346
26754,no_incendio,-6.237634518264563,-76.93733978052377
26766,no_incendio,-5.618910457397299,-76.39046295133087
26768,no_incendio,-6.736884280770205,-76.9775738185435
26775,incendio,-5.79,-77.3977
26779,no_incendio,-7.547362899320046,-75.73565468655677
26780,no_incendio,-6.590197592397879,-75.98025100323518
26785,no_incendio,-5.746784627492212,-75.78617751665539
26790,no_incendio,-5.695046426207607,-76.82428560854454
26796,no_incendio,-5.665031141499033,-76.55743995217303
26800,no_incendio,-5.937659253977012,-77.34942172737706
26804,no_incendio,-5.3579190970036175,-75.71127050256207
26805,no_incendio,-6.3805177741503645,-77.07356874423562
26806,no_incendio,-5.652384048618223,-75.53477074714212
26808,incendio,-6.549,-76.2821
26813,incendio,-8.3658,-76.3152
26818,no_incendio,-5.721753234372427,-77.04300744557013
26824,incendio,-7.2593,-76.7039
26830,incendio,-6.0579,-76.1505
26833,incendio,-6.1649,-76.3683
26843,no_incendio,-5.879613359801567,-75.64585304449614
26844,incendio,-5.9716,-76.2457
26850,no_incendio,-7.451217530868493,-77.29241876502243
26854,no_incendio,-6.165139577023006,-77.17733248367045
26868,incendio,-8.6404,-76.3232
26872,no_incendio,-5.765833579415168,-76.48980976364362
26881,incendio,-7.5746,-76.5331
26883,no_incendio,-6.5791773780212175,-75.5208242841422
26884,incendio,-6.3795,-76.7307
26887,incendio,-6.748,-76.1657
26906,no_incendio,-7.237158680749911,-76.11796356076336
26910,incendio,-7.2711,-76.7762
26914,no_incendio,-5.698299617649455,-76.9877048304902
26916,incendio,-6.2882,-75.8348
26929,incendio,-6.4317,-76.8569
26930,no_incendio,-6.727398434306363,-77.48848492382807
26934,incendio,-5.9344,-76.1191
26935,no_incendio,-6.073266163575411,-75.6671313489238
26944,no_incendio,-5.41517785771272,-76.05115692097354
26948,no_incendio,-6.323745703888591,-76.07826663303581
26952,incendio,-7.3823,-76.5827
26964,no_incendio,-7.389808722529589,-77.07301560245696
26977,no_incendio,-5.531434005442488,-77.13875106909684
26979,no_incendio,-5.472585153492127,-77.10655294749147
26990,no_incendio,-5.339988911138568,-75.94604419335825
26993,no_incendio,-6.722985174451003,-76.39617504365586
27004,no_incendio,-5.533837838145786,-75.72558753064112
27006,no_incendio,-5.388346448693102,-76.72150148992378
27011,no_incendio,-5.796164972487043,-76.72449599512143
27014,incendio,-7.4217,-76.587
27015,incendio,-8.6185,-76.5951
27022,no_incendio,-5.702153316153597,-75.54463550563808
27024,no_incendio,-6.490435100183895,-76.04212659409674
27026,no_incendio,-6.329066895240967,-77.1289458150613
27034,incendio,-7.5586,-76.7105
27044,no_incendio,-6.509338593690795,-76.81131065559471
27046,incendio,-6.827,-76.7769
27048,no_incendio,-6.157983789056771,-76.91942166932327
27053,incendio,-8.6637,-76.1232
27054,no_incendio,-6.737059261843657,-77.50234796745673
27068,incendio,-6.0412,-77.1932
27069,incendio,-8.3014,-76.379
27081,no_incendio,-6.1464831206689965,-77.21946152659409
27086,incendio,-6.0834,-77.0811
27092,no_incendio,-6.073266163575411,-75.6671313489238
27094,no_incendio,-7.3383676381877665,-77.39694154174633
27098,incendio,-7.3118,-76.8022
27103,no_incendio,-6.6726823357299025,-76.74697083453398
27111,no_incendio,-6.621617501983885,-75.65329251395444
27114,no_incendio,-5.569129164967829,-76.89146867970102
27117,no_incendio,-5.984669195028871,-76.49551058575585
27120,no_incendio,-6.525571951158751,-77.30569775147015
27124,incendio,-7.0729,-76.8372
27128,no_incendio,-7.206553379936274,-76.41990893868237
27139,no_incendio,-6.420856851462068,-76.77933512635609
27146,no_incendio,-5.798404361194972,-75.81527300196596
27153,incendio,-6.7142,-76.5587
27161,incendio,-5.8433,-76.1981
27162,no_incendio,-7.502611835705684,-75.74342232378346
27165,no_incendio,-6.167876331105529,-76.10362029847187
27168,incendio,-5.9855,-75.9488
27183,incendio,-5.7297,-75.765
27187,incendio,-6.9206,-77.7464
27194,no_incendio,-7.452255229585659,-76.60231274161556
27197,no_incendio,-6.806897768294474,-76.17637549858149
27198,no_incendio,-5.577424926283962,-75.86385660107669
27199,no_incendio,-6.568678711242536,-76.46161690496696
27206,no_incendio,-7.1439208952470965,-77.38092521559295
27209,incendio,-6.6981,-76.7614
27210,no_incendio,-5.924081807664306,-77.5419305607915
27213,no_incendio,-5.619318348217799,-76.76258506679603
27229,incendio,-5.317,-76.4459
27231,no_incendio,-5.782302498103818,-75.6928374050029
27239,incendio,-5.9842,-77.2532
27249,incendio,-7.136,-76.647
27259,incendio,-8.6167,-76.1172
27273,incendio,-6.9159,-76.7965
27293,no_incendio,-6.402069451962711,-76.21591146142134
27298,incendio,-8.7665,-76.1583
27310,incendio,-6.4914,-76.6042
27311,incendio,-6.5325,-76.5843
27319,no_incendio,-7.560257578514154,-75.8825568546828
27321,no_incendio,-7.150450269408023,-77.18839409410428
27328,no_incendio,-6.38076556073537,-76.97858606969272
27340,no_incendio,-5.966007765722613,-76.02339603474364
27345,incendio,-8.6494,-76.8293
27362,no_incendio,-6.837388041019548,-77.0882269714977
27365,incendio,-8.3476,-76.5438
27369,no_incendio,-6.150817748541318,-77.2743773218178
27370,no_incendio,-5.688886934346843,-77.36422749238871
27379,incendio,-7.3741,-76.636
27384,incendio,-5.6904,-76.4207
27392,no_incendio,-6.386426402369189,-77.04162489751405
27406,no_incendio,-6.8267458836303225,-76.04005920267028
27411,incendio,-6.7918,-76.6984
27417,no_incendio,-7.4582565567314925,-76.8374558308584
27429,no_incendio,-6.992873718796428,-77.40735326396366
27440,no_incendio,-7.230008103453095,-76.43726823574747
27450,no_incendio,-5.573600216354325,-77.29583969487783
27455,no_incendio,-6.794519962222771,-76.90986347869215
27461,no_incendio,-7.178109146033509,-76.55931189942505
27465,incendio,-5.7902,-77.3223
27475,incendio,-7.2399,-76.7837
27478,incendio,-6.869,-76.4497
27484,no_incendio,-6.929511458644296,-75.83962565372784
27486,no_incendio,-6.5749903992962055,-76.89683303442592
27497,no_incendio,-6.154726709997222,-75.55076367684507
27499,incendio,-5.5154,-75.8692
27508,incendio,-6.7579,-76.5865
27523,incendio,-7.3701,-76.8405
27542,no_incendio,-7.324938939394847,-75.95193264911674
27548,incendio,-6.5496,-76.7582
27553,incendio,-6.1859,-76.2913
27562,incendio,-6.8511,-76.645
27566,no_incendio,-6.348815001844065,-75.62878823200789
27570,incendio,-7.3608,-76.8714
27578,no_incendio,-6.032637337308331,-77.27677952675285
27579,no_incendio,-6.193641518737963,-75.9541835583981
27584,incendio,-6.8929,-76.2672
27593,no_incendio,-5.906320557671209,-76.16456069117528
27600,no_incendio,-6.9398975097013755,-76.27516039033146
27618,no_incendio,-5.532392079747417,-76.92136640270547
27625,no_incendio,-6.834902492352533,-77.15059777266319
27626,no_incendio,-6.396864121936975,-76.4851873457876
27629,no_incendio,-5.605657953237715,-77.33944421680316
27633,no_incendio,-7.126628531945264,-77.1694503862003
27635,incendio,-6.6079,-77.3329
27640,no_incendio,-6.542252546530441,-76.69178298792589
27647,incendio,-6.3257,-76.016
27652,no_incendio,-6.1592934714330285,-77.34475903708392
27661,no_incendio,-7.342552043846658,-77.45073212658029
27662,no_incendio,-6.641370996240543,-76.27210728920325
27668,no_incendio,-6.599702785570768,-77.42370077864948
27672,incendio,-6.8648,-76.2555
27679,no_incendio,-7.322683908671553,-75.62004317838583
27681,no_incendio,-7.259025792408945,-76.1069982504593
27683,no_incendio,-6.768773690834417,-77.41433372649782
27685,incendio,-6.1986,-76.1827
27690,no_incendio,-6.146020638711784,-75.61071933850509
27701,no_incendio,-6.991871137907023,-76.86560292258433
27703,no_incendio,-7.059198382146936,-75.77593999522976
27712,incendio,-7.8863,-77.7263
27714,no_incendio,-6.049779266057276,-75.95295045421427
27719,no_incendio,-5.89201477503853,-77.2682101013539
27720,no_incendio,-5.894898869067559,-77.35176843132272
27726,no_incendio,-6.946999930209273,-76.16347768392615
27732,no_incendio,-7.389808722529589,-77.07301560245696
27733,incendio,-6.9104,-76.7373
27734,incendio,-6.7853,-76.8146
27739,incendio,-6.5507,-76.2944
27764,no_incendio,-6.581475655282046,-76.92813918096854
27766,no_incendio,-6.2234750512942,-76.15839430304165
27767,no_incendio,-7.086048466965619,-75.60482526516276
27768,incendio,-7.1456,-76.3593
27789,no_incendio,-5.398135296375456,-76.71445247130518
27790,incendio,-7.2102,-76.8531
27794,no_incendio,-7.298931793323789,-76.42163494937755
27797,no_incendio,-6.808642932215501,-75.79916533133496
27801,no_incendio,-7.143611941895854,-76.83926289395374
27811,incendio,-7.2438,-76.506
27822,no_incendio,-5.693256209324268,-76.57722873694159
27824,incendio,-7.3888,-76.5715
27825,no_incendio,-6.882432262080377,-75.90126287963834
27827,no_incendio,-5.404889796153065,-75.52356189843724
27832,no_incendio,-7.359360612224768,-76.78029054350944
27834,incendio,-7.2498,-77.6104
27838,no_incendio,-5.942412033073392,-76.99723759620795
27839,no_incendio,-6.236752944768423,-75.59185038594902
27851,incendio,-8.4449,-77.3576
27862,incendio,-7.3816,-76.5732
27863,incendio,-6.4047,-76.6393
27878,no_incendio,-6.922199249991655,-76.68603062105682
27885,no_incendio,-6.460809424904893,-76.67264708557983
27886,no_incendio,-6.420478782048784,-76.46157866406858
27887,incendio,-6.4747,-76.3244
27893,no_incendio,-7.579867389663157,-75.5999817001758
27906,incendio,-5.7088,-76.2538
27907,no_incendio,-7.221147104950838,-76.3247834569853
27908,no_incendio,-5.710479011729555,-76.39175910938613
27937,no_incendio,-6.174948624269397,-76.36859139619342
27939,no_incendio,-6.536547874138972,-77.31298293788737
27940,no_incendio,-7.5990878129892385,-76.01433706050479
27943,no_incendio,-5.807017349001207,-75.61769536103809
27960,incendio,-6.0047,-76.3034
27965,incendio,-7.6385,-76.6491
27968,no_incendio,-5.451709663906019,-76.0834165906866
27969,no_incendio,-7.289453419528988,-76.70433724655702
27980,no_incendio,-6.543996709664201,-75.77625931317041
27983,no_incendio,-5.329337229365641,-77.4752371215785
27984,incendio,-5.8178,-76.3082
27987,no_incendio,-6.469524270312644,-76.04017356223993
27997,incendio,-7.3062,-76.5613
28005,no_incendio,-7.4319891578174815,-77.15087421098383
28006,incendio,-7.5366,-76.7257
28010,no_incendio,-6.799158296280013,-76.12149634545402
28011,no_incendio,-6.519206979509828,-76.45089641887259
28017,no_incendio,-7.49572574357337,-75.97213125228711
28019,no_incendio,-6.877247924736086,-76.70115338296226
28022,incendio,-6.7913,-76.824
28036,no_incendio,-5.84380402008071,-75.92947605096468
28051,incendio,-6.7047,-76.8444
28067,no_incendio,-6.257364517477317,-77.24088667621311
28075,no_incendio,-6.808753435004469,-75.58127871175964
28081,no_incendio,-6.081920488696037,-77.43393189597795
28092,no_incendio,-7.419812910820906,-75.99406148062167
28097,incendio,-6.5501,-76.4093
28101,no_incendio,-6.947446276433678,-76.55641004463064
28102,no_incendio,-6.09276868271348,-76.00881721213455
28128,no_incendio,-6.228351070264562,-77.26637950725386
28137,no_incendio,-7.0026426990635535,-77.36552672269332
28141,no_incendio,-5.5280435147957645,-75.64292390382334
28150,no_incendio,-7.414688922024766,-76.2476866383002
28151,no_incendio,-5.8513705657504405,-76.02980196988514
28154,no_incendio,-6.74885592845062,-76.02672128613708
28156,no_incendio,-7.1362153859124,-76.23261669430515
28158,no_incendio,-5.306363621970229,-76.4042560042154
28162,incendio,-8.4221,-76.3842
28163,no_incendio,-5.420009462532595,-77.54497332899014
28171,no_incendio,-6.152311336764004,-75.83217280220295
28174,no_incendio,-7.588515859914238,-76.24969046906399
28192,no_incendio,-6.42510939654662,-76.21314660329666
28201,no_incendio,-7.446762207896028,-76.39856521781556
28203,incendio,-6.2155,-75.8183
28208,no_incendio,-5.647813944563046,-75.98631579821414
28209,no_incendio,-5.591020062659783,-76.63960042736485
28226,no_incendio,-5.826125398643272,-77.25978841596924
28233,no_incendio,-6.929766621277843,-76.9486595645204
28236,incendio,-7.1781,-76.4064
28240,incendio,-7.3957,-76.5451
28244,no_incendio,-6.473718077481412,-77.49661278682977
28246,no_incendio,-6.012390103585068,-77.46665184846529
28247,no_incendio,-7.523343048173316,-75.60465669486607
28248,no_incendio,-6.662875308176205,-76.42972525647028
28249,incendio,-7.2568,-76.7528
28251,incendio,-5.8513,-76.2154
28256,no_incendio,-6.673178207902485,-77.4048318758823
28259,no_incendio,-5.384324497906241,-76.81955746951022
28265,incendio,-7.4656,-76.582
28267,incendio,-8.0055,-77.3721
28274,incendio,-6.5993,-76.3597
28297,incendio,-7.5247,-76.5387
28311,no_incendio,-6.818883045664746,-77.17747642270048
28314,no_incendio,-5.457985826162461,-76.51538649315398
28317,no_incendio,-6.54529109912659,-75.69341596269626
28319,no_incendio,-5.959932705913599,-76.9795248154579
28324,incendio,-6.8739,-76.4851
28330,no_incendio,-5.716829315463946,-76.6884283959595
28346,incendio,-5.8435,-76.5467
28349,no_incendio,-6.228351070264562,-77.26637950725386
28364,incendio,-6.0807,-76.2725
28367,no_incendio,-5.463870053471811,-75.65012298252523
28369,incendio,-7.1407,-76.7796
28370,no_incendio,-5.846023239980903,-75.59058432825728
28372,no_incendio,-6.1400329007098495,-75.77782950002863
28385,incendio,-6.8896,-76.927
28392,no_incendio,-5.31562173519542,-75.64368786803017
28409,incendio,-6.0981,-77.507
28419,no_incendio,-7.4811756669415,-76.01564428333117
28435,incendio,-7.1193,-76.3235
28445,no_incendio,-5.40191525194851,-77.41832441514279
28449,no_incendio,-6.671769405587168,-77.2003294261131
28451,incendio,-6.6575,-76.1893
28458,no_incendio,-6.191430391246121,-75.84894878803162
28459,incendio,-5.7486,-76.1111
28471,incendio,-7.3737,-76.4157
28473,no_incendio,-7.425544369473066,-76.60957296073711
28484,no_incendio,-7.036314510603764,-76.32413479957033
28486,no_incendio,-5.504024274503536,-76.47223087280436
28488,incendio,-6.6818,-76.249
28491,incendio,-6.8887,-76.6676
28492,no_incendio,-6.795665285445913,-76.70031335032672
28502,no_incendio,-5.5797385570843945,-76.68051881795166
28503,incendio,-7.0069,-76.786
28510,no_incendio,-5.356529850556848,-75.70252244587886
28511,incendio,-6.9435,-76.5338
28519,no_incendio,-7.149862558736682,-77.09989679523933
28526,incendio,-5.8177,-76.0173
28531,incendio,-6.7125,-76.4497
28533,no_incendio,-5.87938832915223,-76.90538612384941
28535,no_incendio,-7.3383676381877665,-77.39694154174633
28536,incendio,-7.0268,-76.7194
28543,no_incendio,-7.453299052251447,-77.18508562471676
28546,incendio,-6.0274,-76.3083
28548,incendio,-7.2283,-76.6426
28549,incendio,-7.2836,-76.6251
28551,no_incendio,-6.796720182530489,-75.69073110670904
28556,no_incendio,-5.561294814825637,-75.74902836133377
28562,no_incendio,-6.763948396418463,-75.5008846760666
28565,no_incendio,-5.60683404112794,-77.27867668965091
28573,no_incendio,-7.547362899320046,-75.73565468655677
28579,no_incendio,-7.000863457307533,-75.58957693762711
28584,no_incendio,-5.6355072776323825,-77.05987553143974
28591,incendio,-5.9334,-76.2878
28593,no_incendio,-6.559185707653601,-77.1814362546677
28604,incendio,-6.9412,-76.2424
28614,incendio,-7.4125,-76.831
28616,no_incendio,-5.786742413220336,-77.47906670461887
28623,incendio,-6.8913,-76.9243
28628,incendio,-8.7347,-76.7609
28633,no_incendio,-6.9177745399597805,-77.27712831962272
28637,no_incendio,-6.3823444451531675,-76.72222524088096
28646,no_incendio,-7.447641034854349,-75.90762090121981
28649,incendio,-5.8616,-76.3076
28650,incendio,-5.7067,-75.8738
28651,no_incendio,-6.7911860867707,-76.3184609362465
28654,no_incendio,-6.580708866740203,-77.30463518466154
28655,incendio,-6.8252,-76.7636
28656,no_incendio,-5.397648721010737,-76.34314573163867
28657,no_incendio,-6.157983789056771,-76.91942166932327
28658,no_incendio,-6.8241555048520945,-76.01927599626522
28662,no_incendio,-7.341385532228014,-75.96721546288514
28679,incendio,-7.3037,-77.5298
28683,no_incendio,-7.495613592310532,-75.66310159178755
28685,no_incendio,-7.277740388513622,-77.219832932029
28688,incendio,-6.697,-76.6414
28689,no_incendio,-7.427821513315094,-77.09535827635182
28709,no_incendio,-5.846363398738161,-76.40526766705626
28711,incendio,-6.4948,-76.7505
28724,no_incendio,-7.583028139538337,-75.69881965938345
28737,no_incendio,-6.09585600344774,-76.33181330264762
28754,no_incendio,-7.36388011313037,-77.4640263849402
28758,incendio,-6.3461,-76.7472
28766,no_incendio,-6.911906202214161,-76.30385492841812
28768,incendio,-7.0533,-76.6628
28781,no_incendio,-7.1632098636724635,-76.89550285392816
28787,incendio,-7.3561,-76.7506
28789,incendio,-8.26,-76.4678
28791,no_incendio,-6.572959136388864,-76.70713570582085
28798,no_incendio,-6.095756407316532,-77.30841425266888
28801,no_incendio,-7.306661299403648,-77.35299757529853
28811,no_incendio,-6.0889717541826,-76.72492959412638
28817,no_incendio,-5.523597492537125,-76.54848022376082
28820,incendio,-6.0637,-76.2136
28822,no_incendio,-6.685185816424632,-76.91349326123884
28823,no_incendio,-6.788644402631232,-76.08655221338569
28826,no_incendio,-5.968149636265594,-77.51081675536001
28833,no_incendio,-6.646019680443848,-77.50514894077688
28836,no_incendio,-6.94200325407077,-76.26001952788216
28841,incendio,-7.2248,-76.2908
28853,no_incendio,-6.887017706594157,-77.30533643415299
28857,no_incendio,-7.38891296125344,-75.60819465870141
28864,no_incendio,-5.849265187399489,-77.52081578278697
28867,no_incendio,-5.473631906137981,-76.93641473945902
28879,incendio,-6.9273,-76.6131
28887,no_incendio,-6.143493830692505,-76.5408916216836
28891,no_incendio,-6.188812026219859,-77.47999723724293
28892,no_incendio,-6.0746976290586785,-75.57122315970695
28898,no_incendio,-6.949415512269831,-76.30894649629607
28901,no_incendio,-5.992720265748597,-76.93502157829727
28902,no_incendio,-5.618133364002661,-76.2191295091602
28905,incendio,-8.2593,-77.4238
28923,no_incendio,-5.733857068651538,-76.80904901377532
28934,no_incendio,-7.19668087361042,-76.2603633805298
28972,no_incendio,-6.777339583024972,-77.16983093641421
28976,incendio,-7.2857,-76.7993
28985,no_incendio,-5.925744830854394,-76.62635370808266
28986,incendio,-5.9024,-76.2073
28988,incendio,-7.3975,-76.69
28993,no_incendio,-5.807568980791382,-75.59957931060934
28994,incendio,-8.6779,-76.3488
28997,incendio,-8.4961,-76.4072
29004,no_incendio,-7.2339632492782835,-76.73433396854956
29016,no_incendio,-7.464502353788052,-77.51392837949253
29018,incendio,-6.6343,-76.7536
29020,no_incendio,-5.882755427823639,-77.51237097659782
29022,incendio,-6.5292,-76.1158
29023,no_incendio,-6.368662376296837,-77.03036089290791
29026,no_incendio,-6.0457356441581505,-76.76564488218803
29029,incendio,-6.1721,-76.8691
29037,incendio,-6.5417,-76.5624
29043,no_incendio,-7.010242517235748,-76.48324440357516
29051,no_incendio,-6.456445234793438,-77.37382860861014
29053,incendio,-6.4882,-76.3676
29056,no_incendio,-7.485621627002571,-76.9594043618508
29058,no_incendio,-5.706911774664528,-77.15797296628834
29059,incendio,-6.5068,-76.3577
29064,incendio,-6.6914,-76.6283
29068,no_incendio,-5.337639267388661,-76.79635411817596
29070,no_incendio,-6.735984440425587,-77.00622820601815
29089,no_incendio,-7.121678053413924,-76.22436656303664
29095,no_incendio,-6.808642932215501,-75.79916533133496
29107,no_incendio,-5.384324497906241,-76.81955746951022
29110,no_incendio,-6.395505819847665,-76.99761432969862
29114,incendio,-8.7647,-76.2837
29118,no_incendio,-6.446499470618798,-75.63834110129498
29121,no_incendio,-5.437451651862052,-75.53119555354411
29140,incendio,-5.9121,-75.9653
29141,incendio,-7.248,-76.7672
29142,no_incendio,-5.349324419297768,-77.32630960187535
29145,no_incendio,-6.564347270784287,-75.8738633840426
29148,no_incendio,-6.621617501983885,-75.65329251395444
29153,incendio,-8.2703,-76.5638
29154,no_incendio,-6.032904107983954,-75.67491532543472
29160,no_incendio,-6.439732844593629,-76.57320223136172
29161,no_incendio,-7.53303009358015,-76.30539007678105
29165,no_incendio,-7.038481344593258,-77.380855509791
29169,incendio,-6.6038,-76.1392
29183,no_incendio,-7.247461423234719,-75.57023459371909
29185,no_incendio,-7.292676783205119,-75.82456526450503
29194,incendio,-6.9402,-76.6375
29205,no_incendio,-7.390169812745361,-75.85173982819381
29207,incendio,-8.7572,-76.2587
29227,no_incendio,-7.309838483592369,-76.99515991704935
29235,incendio,-7.3909,-76.6725
29242,no_incendio,-7.331602369683786,-75.50190770424915
29250,no_incendio,-5.632876376439432,-77.16339501604922
29258,no_incendio,-5.4181719579024135,-75.50050796250098
29260,incendio,-6.56,-75.6716
29278,incendio,-7.2634,-76.6112
29279,no_incendio,-5.900117559948675,-75.56284439390626
29280,no_incendio,-6.4156514594615395,-77.50323228806793
29283,no_incendio,-6.594359651694001,-75.81359177197494
29285,no_incendio,-6.819960436835468,-75.76204305997081
29300,incendio,-5.8038,-76.5067
29302,no_incendio,-6.24016797795497,-75.64844512243143
29310,no_incendio,-7.2386843016197115,-75.95361045134824
29312,no_incendio,-7.431414415877487,-76.13136950681124
29316,no_incendio,-6.339520872179224,-76.81899067100204
29319,no_incendio,-7.086474485794749,-76.34589785341001
29321,incendio,-5.8286,-77.3202
29324,incendio,-7.5564,-76.7716
29335,incendio,-7.21,-76.6348
29337,no_incendio,-7.174304209114396,-76.54277799438324
29339,incendio,-6.8443,-76.1162
29351,no_incendio,-6.946999930209273,-76.16347768392615
29359,no_incendio,-7.347824110154567,-75.82503332128289
29360,no_incendio,-5.652384048618223,-75.53477074714212
29361,incendio,-7.2515,-76.2922
29370,incendio,-8.6151,-76.1324
29371,no_incendio,-6.043030962073811,-76.47604236953148
29372,no_incendio,-5.85348487678678,-75.67716092139695
29373,no_incendio,-5.334479044366705,-77.48777820988575
29376,incendio,-7.5052,-76.5025
29377,no_incendio,-7.502611835705684,-75.74342232378346
29402,incendio,-5.7678,-77.4475
29414,no_incendio,-5.6727531578346015,-77.41986068936593
29418,no_incendio,-6.501773263941807,-76.20873227680231
29426,no_incendio,-7.543933320998928,-76.49404370294074
29427,no_incendio,-7.288794185700048,-76.06129578328853
29428,no_incendio,-5.990542250974831,-75.6694532466171
29430,no_incendio,-5.991944937539925,-75.60778625331145
29434,incendio,-6.6585,-77.4604
29438,incendio,-6.0475,-76.1874
29439,incendio,-7.3322,-76.2287
29443,incendio,-7.2659,-76.3538
29449,incendio,-6.7523,-76.5593
29457,incendio,-6.7375,-76.2217
29464,incendio,-6.6709,-76.6376
29465,no_incendio,-7.1977592020733425,-77.03415799769597
29467,no_incendio,-6.189900798297541,-77.11922448268243
29471,incendio,-7.2297,-76.7525
29479,no_incendio,-6.0889717541826,-76.72492959412638
29485,no_incendio,-5.332935425847374,-77.16749151506393
29487,no_incendio,-7.108875568796339,-76.54317690372051
29491,no_incendio,-6.2016988445038095,-75.99411742841416
29494,no_incendio,-6.010451782777754,-76.65548557621318
29504,no_incendio,-7.095024308236621,-76.98915064415999
29505,no_incendio,-6.250766771982882,-76.67346707047133
29514,incendio,-7.4139,-76.5547
29519,no_incendio,-5.767157423041838,-75.60792843558447
29522,incendio,-7.0165,-76.3003
29526,no_incendio,-6.300957997693996,-76.09847737144455
29527,no_incendio,-5.866539639068574,-77.22687497991105
29542,no_incendio,-5.393926083579098,-77.3710588373999
29556,incendio,-5.9037,-76.2162
29563,no_incendio,-5.508118125742636,-76.08158705053927
29572,no_incendio,-7.143300333347583,-76.01076815200116
29574,incendio,-6.3913,-76.5627
29583,no_incendio,-6.725956984213016,-76.31094915112595
29585,incendio,-5.7122,-76.1804
29586,incendio,-6.2732,-77.7752
29588,incendio,-6.1625,-76.2551
29589,incendio,-7.0959,-76.2498
29590,no_incendio,-5.8012341650518415,-77.26448001518449
29592,incendio,-6.8644,-76.4373
29593,no_incendio,-5.592210809875936,-75.85957552026237
29596,incendio,-6.313,-76.0711
29610,incendio,-5.4307,-76.6666
29623,incendio,-6.765,-76.6554
29624,no_incendio,-7.428960143280297,-76.20768184148152
29631,no_incendio,-6.418496907062319,-75.56505083254436
29632,incendio,-8.1572,-76.5695
29636,no_incendio,-7.459387198765487,-76.32587223443953
29654,no_incendio,-7.448422790645704,-75.84545299813023
29658,incendio,-5.835,-77.2075
29659,incendio,-6.4586,-77.4688
29660,incendio,-6.5493,-76.5291
29664,no_incendio,-7.517938460168555,-75.88430182253087
29669,incendio,-7.1876,-77.03
29670,no_incendio,-6.520841370621428,-77.36086106907894
29677,no_incendio,-6.727424984115921,-76.66756072308013
29681,no_incendio,-6.1574013412773905,-75.50582251676065
29692,incendio,-7.1348,-76.2128
29693,no_incendio,-7.2386843016197115,-75.95361045134824
29705,no_incendio,-6.331956733542304,-77.5021084607029
29707,incendio,-5.7577,-76.1717
29712,no_incendio,-7.180514878638644,-76.37224014179314
29713,incendio,-7.3913,-76.4183
29723,no_incendio,-5.494377757817533,-77.22053363364685
29727,no_incendio,-5.841456819782133,-77.02191077906832
29733,no_incendio,-6.521871195981789,-77.46615975017302
29744,no_incendio,-6.122241228202742,-76.97601645146484
29747,no_incendio,-6.136911310096428,-77.0902535793698
29760,no_incendio,-7.145399618003832,-77.00792044464232
29763,incendio,-7.2435,-76.2459
29770,no_incendio,-7.349457434232458,-77.2287510721594
29791,no_incendio,-7.417769459056535,-76.0278387197161
29796,no_incendio,-5.411652077381302,-77.27749728778487
29814,no_incendio,-6.323745703888591,-76.07826663303581
29815,no_incendio,-6.4080436516823225,-77.02161843514952
29821,no_incendio,-6.895202578534257,-77.04341617849329
29824,no_incendio,-6.931842163036034,-76.53424888448937
29830,incendio,-8.0511,-76.6527
29833,no_incendio,-5.712970448713469,-77.45936672905775
29836,incendio,-8.4413,-77.0838
29848,no_incendio,-6.684588652346477,-77.1953837139415
29849,no_incendio,-6.551429222354349,-76.91211574837874
29850,incendio,-7.0422,-76.1378
29881,no_incendio,-5.73653806083423,-77.04027076606343
29883,incendio,-6.5247,-76.6894
29884,incendio,-6.5367,-76.7397
29898,no_incendio,-5.6874479423727555,-75.79801976537915
29904,incendio,-6.1707,-75.8959
29915,no_incendio,-7.204320146605171,-76.588496910205
29923,no_incendio,-5.976563784411299,-76.98024729252694
29931,no_incendio,-5.453647317604843,-76.59202254288773
29934,no_incendio,-6.042344688075439,-75.58423135699039
29948,no_incendio,-7.143611941895854,-76.83926289395374
29950,no_incendio,-6.466287697296756,-75.7075752786908
29953,no_incendio,-5.875159377973664,-77.1185525314163
29960,no_incendio,-7.121678053413924,-76.22436656303664
29962,incendio,-6.7284,-76.4313
29965,no_incendio,-5.780675568523146,-77.4440499191556
29967,incendio,-7.0213,-76.862
29978,incendio,-6.6471,-76.1236
29983,no_incendio,-6.360887636963093,-77.10755017823716
29993,no_incendio,-6.949275367929126,-77.03979042014342
29998,incendio,-7.2826,-76.8141
29999,no_incendio,-5.543275857949961,-76.36401463997392
30007,no_incendio,-6.378539891531966,-75.71550711436312
30009,no_incendio,-5.5978889160107626,-76.86708534486174
30015,incendio,-7.0962,-76.2837
30016,no_incendio,-7.140032609231243,-75.65901239539657
30027,no_incendio,-7.036643028375762,-75.60012732289076
30036,no_incendio,-5.612907306182736,-76.9815155721773
30039,incendio,-7.4042,-76.6219
30041,no_incendio,-6.10372793592555,-77.07921750093743
30042,no_incendio,-6.308716369141198,-75.7579038479895
30046,no_incendio,-7.391395621025486,-76.825979662233
30063,no_incendio,-6.000913642665956,-77.14500157376662
30079,incendio,-8.3836,-76.4013
30080,no_incendio,-6.038741337094879,-76.35768470937417
30084,no_incendio,-6.788644402631232,-76.08655221338569
30090,incendio,-8.6536,-76.2776
30094,no_incendio,-6.7911860867707,-76.3184609362465
30102,no_incendio,-6.092332930769818,-77.53250095731846
30104,no_incendio,-6.7738595150234,-76.75356063625604
30106,no_incendio,-5.818727365285151,-76.86751655981939
30111,incendio,-6.208,-75.8232
30114,incendio,-6.6263,-76.3494
30120,incendio,-6.4811,-76.8226
30126,no_incendio,-7.464233169627815,-76.3089508607516
30129,no_incendio,-6.320061417206358,-76.82643295462363
30133,no_incendio,-7.530943089944216,-75.61039209936172
30136,no_incendio,-5.465266875680572,-76.24842900681286
30138,no_incendio,-7.456346722108078,-76.20342873895703
30155,incendio,-7.1299,-76.7686
30162,incendio,-8.103,-76.5808
30166,incendio,-6.1629,-75.9938
30176,incendio,-5.8238,-76.5463
30178,no_incendio,-5.5750859368578904,-77.18888026677212
30183,no_incendio,-7.2386843016197115,-75.95361045134824
30189,no_incendio,-5.855088798772725,-76.8781669555971
30198,no_incendio,-6.337630898858479,-77.22298031852678
30204,no_incendio,-6.234614825176705,-77.3723732006722
30206,no_incendio,-6.442705023956996,-76.30481606512446
30211,no_incendio,-6.190431376100011,-77.10696325685771
30213,no_incendio,-5.902840695958739,-77.46595018427229
30220,no_incendio,-7.598815481458372,-76.55352785980209
30223,incendio,-7.228,-76.2144
30226,incendio,-7.2466,-76.4362
30232,no_incendio,-7.143300333347583,-76.01076815200116
30234,no_incendio,-5.41517785771272,-76.05115692097354
30238,no_incendio,-7.396293728832261,-76.90325278525978
30250,no_incendio,-5.508214763979514,-75.68261084884283
30261,no_incendio,-6.376048501437837,-77.12747027240657
30266,no_incendio,-6.806897768294474,-76.17637549858149
30272,no_incendio,-7.173287597971678,-76.70987433367677
30277,incendio,-6.6754,-76.6394
30282,incendio,-6.3002,-76.1987
30296,no_incendio,-5.971724397201385,-75.87816764029395
30297,incendio,-6.9797,-76.602
30303,incendio,-6.2685,-76.1664
30304,no_incendio,-6.2701925367746005,-76.81498053088146
30311,no_incendio,-6.950538468924696,-76.07104877103448
30323,no_incendio,-6.162915042417179,-77.15261169414305
30324,incendio,-7.5487,-76.4244
30328,incendio,-6.6305,-76.6623
30330,incendio,-8.1221,-76.6637
30331,no_incendio,-6.788644402631232,-76.08655221338569
30338,no_incendio,-6.87454750287368,-76.95714014507665
30345,no_incendio,-6.991300272279587,-76.75580323161067
30354,incendio,-7.3685,-76.5398
30355,no_incendio,-6.437468171319466,-76.61472481016831
30356,incendio,-6.9578,-76.5813
30369,no_incendio,-6.590197592397879,-75.98025100323518
30377,no_incendio,-5.719448744498719,-77.23298516632254
30380,incendio,-7.0151,-76.8686
30382,no_incendio,-6.336768480146276,-75.8898744780929
30389,no_incendio,-6.56442664767728,-76.08300934140289
30392,no_incendio,-6.081693229189671,-76.04554760839422
30397,incendio,-6.0246,-76.1826
30398,no_incendio,-7.251053016973333,-77.43482372064443
30401,no_incendio,-6.22075638484601,-75.88403940669497
30408,no_incendio,-6.587743088391281,-75.70665174033093
30409,no_incendio,-7.250518418431454,-77.39731384590523
30418,no_incendio,-5.703527630485487,-76.04599898833253
30419,incendio,-5.7555,-76.1651
30434,no_incendio,-5.955706826060275,-77.52353123807491
30435,no_incendio,-7.189575486518889,-75.71595612356288
30441,no_incendio,-6.165061446367449,-75.9664591742673
30447,no_incendio,-7.183923927473843,-76.41258057222892
30455,no_incendio,-6.090705105654209,-75.76196358722034
30459,incendio,-6.52,-77.4705
30468,no_incendio,-5.87094442046127,-77.0385590368228
30475,incendio,-7.0075,-76.1292
30476,no_incendio,-7.591157646889957,-76.48064707935481
30481,incendio,-8.3961,-76.4107
30484,no_incendio,-6.060981828013205,-76.61589601950963
30493,no_incendio,-6.5096234782459765,-76.05722709745423
30499,incendio,-6.5079,-76.3389
30500,incendio,-6.6977,-76.6295
30501,incendio,-7.3338,-76.7522
30504,incendio,-5.4355,-76.8151
30512,incendio,-5.8873,-76.0627
30524,incendio,-7.4793,-76.6861
30531,no_incendio,-6.416369783766856,-77.46099434503463
30535,no_incendio,-6.400301881628301,-77.5201604762096
30541,no_incendio,-5.501045309864604,-77.33293151035834
30542,no_incendio,-6.469524270312644,-76.04017356223993
30555,incendio,-6.411,-76.5817
30572,no_incendio,-6.339520872179224,-76.81899067100204
30584,incendio,-6.3471,-76.055
30590,no_incendio,-5.544342707790426,-75.8055721541421
30600,no_incendio,-7.180456049019163,-77.4128118764767
30606,no_incendio,-5.546093305557506,-76.96305959318578
30608,incendio,-8.7074,-76.7878
30612,no_incendio,-7.4438050568529475,-75.8809717620132
30616,incendio,-6.5475,-76.5196
30620,incendio,-7.2995,-76.5912
30640,no_incendio,-6.677016361068433,-76.35596462138518
30643,no_incendio,-6.9422117979050695,-77.32253174388707
30646,incendio,-7.0868,-76.7536
30657,incendio,-7.1739,-76.6665
30662,incendio,-8.3973,-76.5063
30664,incendio,-6.3388,-76.9229
30667,no_incendio,-5.55191314269425,-76.59129090689653
30686,incendio,-7.5324,-76.4156
30705,no_incendio,-6.937667134670242,-75.79567614590403
30706,no_incendio,-6.333472406743339,-75.64833382378124
30709,no_incendio,-7.095024308236621,-76.98915064415999
30714,no_incendio,-5.856151465825925,-75.61952647714237
30715,incendio,-6.1182,-76.2307
30719,no_incendio,-6.208571378644004,-77.08847372883292
30732,incendio,-6.4935,-75.7353
30734,no_incendio,-5.306306841629591,-77.15046908916776
30744,incendio,-7.2417,-76.263
30746,incendio,-8.389,-76.3175
30748,no_incendio,-5.353246300739066,-75.96334736686653
30756,incendio,-6.2228,-76.2881
30757,incendio,-5.8993,-76.2301
30760,incendio,-5.7868,-76.5515
30762,no_incendio,-7.196044028055804,-76.77405078763431
30766,no_incendio,-5.747289104744423,-76.88274608576704
30768,no_incendio,-5.3579190970036175,-75.71127050256207
30773,no_incendio,-5.849265187399489,-77.52081578278697
30779,no_incendio,-5.733329701316475,-76.97970479241751
30785,no_incendio,-6.726779286673033,-77.03336380719702
30786,no_incendio,-6.189738223688629,-76.63044449970681
30811,no_incendio,-7.3239429065406565,-75.71625724817507
30829,incendio,-8.5393,-76.1296
30841,no_incendio,-5.599508739006035,-77.02715299547113
30845,no_incendio,-5.531709345051456,-76.12800515028563
30846,no_incendio,-5.665031141499033,-76.55743995217303
30850,incendio,-7.5709,-76.5216
30862,incendio,-6.2775,-75.8572
30875,no_incendio,-7.442180034070876,-75.92683774273232
30884,no_incendio,-6.73154658128307,-77.37224800507184
30897,no_incendio,-7.428960143280297,-76.20768184148152
30902,no_incendio,-6.4985912391976255,-76.97886285295857
30904,no_incendio,-5.504024274503536,-76.47223087280436
30914,no_incendio,-6.45014471724059,-77.23785683491617
30922,no_incendio,-5.46295343513328,-75.95414593487065
30934,incendio,-6.4778,-76.5168
30936,incendio,-7.3861,-76.6161
30944,incendio,-6.6702,-76.3985
30954,incendio,-6.3325,-75.9941
30956,no_incendio,-5.7826453397308155,-77.3905226367299
30970,no_incendio,-6.146020638711784,-75.61071933850509
30980,incendio,-8.2463,-76.5465
30981,no_incendio,-5.3902001479588,-77.1291902290787
30993,no_incendio,-5.306363621970229,-76.4042560042154
30994,no_incendio,-5.701243653353404,-77.51137584362479
30999,no_incendio,-5.433480478841975,-76.00940335234054
31004,no_incendio,-6.591526889483433,-77.26946848843974
31008,no_incendio,-6.1503156162969,-75.68207577523512
31024,no_incendio,-6.238722534494159,-76.96599757551694
31029,incendio,-6.6049,-76.7578
31030,incendio,-7.2453,-76.7088
31036,no_incendio,-6.949882284574706,-75.68273295602192
31041,no_incendio,-7.117688925300616,-76.79094679252412
31045,no_incendio,-7.0802266587833635,-75.87902422488
31047,no_incendio,-6.991300272279587,-76.75580323161067
31059,no_incendio,-7.014702412265873,-76.4405488433982
31072,no_incendio,-7.587620813063947,-76.03285942876866
31073,no_incendio,-6.53325154649785,-76.75115030969212
31081,no_incendio,-6.726508547372632,-75.8805912365982
31087,no_incendio,-5.921387481016298,-75.640821414452
31088,no_incendio,-5.463870053471811,-75.65012298252523
31091,no_incendio,-6.980328156805363,-75.58165966551039
31111,no_incendio,-6.733687512476174,-75.74855689788478
31114,no_incendio,-7.487565239153625,-77.31329030244564
31129,no_incendio,-5.89297787831936,-76.40313981264967
31148,no_incendio,-5.797671068529707,-76.36918688461087
31183,incendio,-7.0944,-76.7584
31192,incendio,-7.1137,-76.7213
31196,no_incendio,-6.787959079277664,-75.64572689392233
31205,incendio,-7.1038,-76.2754
31210,no_incendio,-7.237158680749911,-76.11796356076336
31214,no_incendio,-5.559553740329016,-76.98206356543957
31215,no_incendio,-5.853989818371729,-76.78866763757419
31217,no_incendio,-6.725956984213016,-76.31094915112595
31218,no_incendio,-5.968870459553349,-76.92149677654932
31229,incendio,-6.5467,-76.4089
31232,no_incendio,-5.4868610147355525,-76.76095607597574
31237,no_incendio,-6.0746976290586785,-75.57122315970695
31240,no_incendio,-5.621781873154133,-75.59201486751932
31245,no_incendio,-6.311293975828189,-76.65790550589152
31247,incendio,-6.8811,-76.6791
31278,no_incendio,-6.1574013412773905,-75.50582251676065
31280,incendio,-6.3432,-76.0908
31281,incendio,-7.341,-76.5868
31284,no_incendio,-6.260865842963683,-76.65344397081381
31292,no_incendio,-7.506544236901732,-77.50246102993648
31312,no_incendio,-6.825057480379352,-77.49883680928833
31314,no_incendio,-6.0636997194620585,-76.98817967024722
31318,no_incendio,-6.1400329007098495,-75.77782950002863
31320,no_incendio,-5.99701125020352,-76.97976479165838
31325,no_incendio,-6.322518329995495,-75.91309952295535
31328,incendio,-6.1013,-77.1083
31333,incendio,-7.0222,-76.6095
31334,no_incendio,-6.352348321356028,-75.59610164326816
31348,incendio,-6.4175,-76.6569
31352,incendio,-7.4204,-76.6555
31359,incendio,-6.5808,-76.5248
31361,incendio,-6.7266,-76.7163
31362,no_incendio,-6.314113189001013,-76.77593472488475
31367,no_incendio,-5.55191314269425,-76.59129090689653
31376,incendio,-7.1271,-76.5183
31387,no_incendio,-7.128591277381194,-76.12302141097119
31392,no_incendio,-5.720724874930588,-76.09066535924033
31397,no_incendio,-6.09087742872903,-76.39432793529913
31399,no_incendio,-7.095024308236621,-76.98915064415999
31406,incendio,-7.2702,-76.254
31408,no_incendio,-5.69836641593065,-75.72287872908569
31414,no_incendio,-5.670265351646696,-76.15936780244608
31415,no_incendio,-6.761574880071224,-76.52109859066432
31425,incendio,-8.5675,-75.5141
31432,no_incendio,-7.03159653116471,-76.48526719545968
31457,incendio,-6.8653,-76.5215
31458,no_incendio,-6.5791773780212175,-75.5208242841422
31460,incendio,-7.9994,-76.7112
31478,no_incendio,-7.567624123602405,-76.60964562111504
31489,no_incendio,-6.94200325407077,-76.26001952788216
31494,no_incendio,-6.775595026700855,-77.38152365692504
31507,no_incendio,-5.899739172279481,-75.62561076754551
31516,no_incendio,-6.589846765006126,-76.67564163824959
31522,no_incendio,-6.931023435575018,-75.82624629253455
31534,no_incendio,-6.937481703505858,-75.66626594730945
31552,incendio,-6.642,-76.7434
31558,no_incendio,-7.456346722108078,-76.20342873895703
31561,no_incendio,-5.9272520922930445,-77.17976360795232
31569,no_incendio,-7.1977592020733425,-77.03415799769597
31570,incendio,-8.5801,-76.1079
31571,no_incendio,-5.916934623864143,-76.40108482987945
31574,incendio,-7.2978,-76.4648
31577,incendio,-7.3861,-76.7835
31582,incendio,-7.3007,-77.6009
31584,incendio,-5.8087,-76.3461
31588,no_incendio,-5.609318574866824,-76.18227826181767
31599,no_incendio,-5.3860874889168056,-76.83704410013208
31603,no_incendio,-6.298521477567302,-76.20182358446478
31604,incendio,-6.868,-76.6924
31608,no_incendio,-7.040747836565641,-76.40061304391803
31610,no_incendio,-6.91975600968376,-77.05871610020544
31615,incendio,-5.7503,-76.6068
31624,no_incendio,-6.044769424983038,-75.50599138370771
31626,no_incendio,-7.047404652384161,-75.9921217029406
31637,incendio,-5.7267,-76.2575
31640,incendio,-8.7053,-77.2328
31647,incendio,-5.9865,-76.2121
31649,no_incendio,-5.906180880379202,-75.93802228835084
31656,no_incendio,-6.257364517477317,-77.24088667621311
31657,no_incendio,-5.834688696045425,-76.52690718058605
31658,incendio,-8.7223,-77.322
31663,no_incendio,-6.466287697296756,-75.7075752786908
31664,no_incendio,-5.3928610006268665,-76.95098681919762
31667,no_incendio,-7.396293728832261,-76.90325278525978
31668,no_incendio,-5.457985826162461,-76.51538649315398
31669,no_incendio,-6.119596318397669,-75.7668351630271
31683,no_incendio,-7.070198196068285,-76.36379595586068
31710,no_incendio,-6.442705023956996,-76.30481606512446
31714,no_incendio,-5.304216028521146,-77.22955638933952
31719,no_incendio,-6.578202945590633,-76.50501159622002
31723,incendio,-6.7708,-76.6946
31735,no_incendio,-7.059198382146936,-75.77593999522976
31740,no_incendio,-6.200171336468845,-76.47517852395984
31744,no_incendio,-6.851922134143454,-76.90818662457491
31746,no_incendio,-7.288794185700048,-76.06129578328853
31755,no_incendio,-5.758693276250254,-76.20523501497284
31768,no_incendio,-5.588125457302943,-77.46080617284144
31770,no_incendio,-6.314113189001013,-76.77593472488475
31778,incendio,-6.7517,-76.5841
31780,incendio,-7.4471,-76.5839
31789,incendio,-7.3652,-76.8449
31808,incendio,-7.2061,-76.6293
31809,incendio,-6.9098,-76.7194
31811,incendio,-8.3889,-76.4784
31817,no_incendio,-7.340268369426515,-77.43400024997341
31824,no_incendio,-5.8332062747008715,-77.144406205254
31836,no_incendio,-5.628009588205993,-76.65354056984353
31858,incendio,-7.3856,-76.5709
31865,no_incendio,-5.921016028711128,-75.70718586514504
31870,incendio,-8.2031,-77.5798
31875,no_incendio,-5.60263772570773,-75.78275132850642
31876,no_incendio,-6.238722534494159,-76.96599757551694
31878,no_incendio,-7.424353792615787,-75.73269651500266
31888,incendio,-6.0041,-75.9502
31889,no_incendio,-7.06430285125658,-76.42921371383994
31890,no_incendio,-6.000321843594466,-77.16959710695784
31894,no_incendio,-5.555763303802058,-77.3394188883658
31898,no_incendio,-7.125442800649086,-77.06151312787605
31905,no_incendio,-6.402069451962711,-76.21591146142134
31909,no_incendio,-5.882916892819359,-76.86515934904114
31911,incendio,-7.4434,-76.5496
31913,incendio,-6.932,-76.1884
31914,no_incendio,-7.366259215797565,-77.34248619041158
31916,no_incendio,-6.134775971165761,-75.80907324993491
31926,incendio,-8.3715,-76.5245
31929,incendio,-7.2566,-76.7447
31933,incendio,-8.5116,-77.777
31938,no_incendio,-6.596577810973727,-76.74231910069577
31945,no_incendio,-6.522871972647179,-77.1088712424184
31951,no_incendio,-6.876747971648932,-77.24294547673294
31958,no_incendio,-5.914538807022697,-77.31789261845223
31969,no_incendio,-6.668348976590427,-75.85167744687278
31972,no_incendio,-7.530943089944216,-75.61039209936172
31980,no_incendio,-6.424628672692531,-76.43252138876545
31982,incendio,-5.8333,-76.1953
31992,incendio,-8.5522,-76.5269
31995,no_incendio,-5.8570726019942425,-76.40667258173919
31998,incendio,-5.3255,-76.5378
32009,no_incendio,-6.257364517477317,-77.24088667621311
32015,incendio,-6.1111,-77.0615
32016,incendio,-8.3731,-77.5795
32021,no_incendio,-6.135227462144194,-76.4855793054628
32029,incendio,-7.3493,-76.5436
32033,no_incendio,-6.130295951384975,-75.70862882951778
32037,no_incendio,-7.480945740497024,-75.88131487548965
32045,no_incendio,-6.684698936601428,-75.64362761188839
32047,no_incendio,-5.332935425847374,-77.16749151506393
32051,no_incendio,-5.889428519671102,-75.83985217439051
32052,incendio,-7.0289,-76.6267
32056,no_incendio,-6.460809424904893,-76.67264708557983
32065,no_incendio,-5.5978889160107626,-76.86708534486174
32066,no_incendio,-5.398135296375456,-76.71445247130518
32068,no_incendio,-6.514967490351236,-76.99375522896699
32069,no_incendio,-6.224512205373936,-77.14720066928672
32075,incendio,-5.7636,-76.0728
32078,incendio,-6.9531,-76.6162
32084,no_incendio,-5.937659253977012,-77.34942172737706
32090,no_incendio,-6.24237475480212,-75.58560175040829
32092,no_incendio,-6.564880133008887,-76.55893266226474
32105,no_incendio,-5.37157572156011,-76.66234225426679
32107,incendio,-7.571,-76.4865
32111,incendio,-6.4902,-76.3635
32113,no_incendio,-5.315273849835721,-75.96752969040406
32118,no_incendio,-7.070198196068285,-76.36379595586068
32132,incendio,-7.3971,-76.8639
32133,incendio,-7.4794,-76.5506
32143,no_incendio,-5.743346331540995,-77.34641722204898
32150,no_incendio,-5.6698457830937325,-76.36289670664165
32156,no_incendio,-7.3239429065406565,-75.71625724817507
32159,incendio,-5.732,-77.4848
32170,no_incendio,-5.6727531578346015,-77.41986068936593
32176,no_incendio,-6.638936461882343,-76.98044793632914
32181,incendio,-6.0642,-77.4327
32182,no_incendio,-7.142295863783367,-76.24884468058782
32187,no_incendio,-6.594359651694001,-75.81359177197494
32205,incendio,-8.104,-76.69
32213,no_incendio,-7.299495014578471,-76.02669026239053
32214,incendio,-5.7235,-76.1957
32218,no_incendio,-6.923574495814878,-76.96137100911855
32219,no_incendio,-6.360714337530349,-76.51313445356357
32220,no_incendio,-6.328050055589178,-77.0850887708193
32226,no_incendio,-5.313659040472185,-75.7974059398213
32227,incendio,-6.6371,-76.263
32229,no_incendio,-5.315273849835721,-75.96752969040406
32230,no_incendio,-5.343847653580683,-76.19643132056173
32232,no_incendio,-6.850119921397431,-77.18105441991001
32237,no_incendio,-7.12053033714668,-76.21891493903652
32249,no_incendio,-5.3838831063176515,-76.49104845789617
32257,no_incendio,-6.5564240987934905,-76.79797957202473
32267,no_incendio,-6.737059261843657,-77.50234796745673
32269,no_incendio,-5.815206419164588,-75.9840705047973
32274,no_incendio,-6.752631174647365,-76.89757485609974
32275,no_incendio,-6.645743757749571,-77.31611856562348
32277,no_incendio,-7.192625795202753,-75.79931940133156
32279,no_incendio,-7.213623333493973,-77.17840648744146
32294,no_incendio,-5.518901360296995,-75.83606862844933
32301,no_incendio,-5.916451876326068,-76.42141770409339
32304,no_incendio,-5.9787702159042375,-76.39270327711898
32306,no_incendio,-6.234222668201542,-76.20280713881237
32310,no_incendio,-5.588125457302943,-77.46080617284144
32312,no_incendio,-5.323979357908248,-75.76496426046252
32323,no_incendio,-5.7158112857010535,-77.38243423840477
32324,no_incendio,-6.54529109912659,-75.69341596269626
32331,no_incendio,-5.826799302537919,-75.73782519899997
32335,incendio,-6.9268,-76.2972
32345,no_incendio,-6.7183540623229865,-77.22771131243218
32359,incendio,-5.4885,-76.5151
32363,no_incendio,-5.8568748352763045,-75.92620225226696
32376,no_incendio,-7.2086548700460105,-76.60794035176814
32381,incendio,-6.8153,-76.5458
32390,incendio,-6.5456,-76.8139
32392,no_incendio,-5.622162432874228,-76.70501966558531
32407,no_incendio,-7.567624123602405,-76.60964562111504
32413,no_incendio,-6.9177745399597805,-77.27712831962272
32419,incendio,-7.1275,-76.3813
32423,no_incendio,-6.136716909605955,-76.35666700182222
32424,no_incendio,-6.096039133600909,-76.29380539264065
32426,incendio,-6.8664,-76.2668
32436,no_incendio,-5.317490731831781,-77.05291423448321
32438,incendio,-7.043,-76.8795
32441,incendio,-8.6363,-76.3268
32447,incendio,-7.0263,-76.7378
32448,no_incendio,-5.628009588205993,-76.65354056984353
32454,incendio,-6.045,-75.8731
32460,incendio,-7.0163,-76.7669
32461,incendio,-6.0792,-77.1933
32471,no_incendio,-6.234937456831474,-75.55136134306397
32472,incendio,-7.1714,-77.0652
32489,incendio,-6.9786,-76.2694
32492,no_incendio,-7.5702550538704605,-75.67821320807053
32493,no_incendio,-7.327451375962066,-77.03090576588977
32495,incendio,-5.9478,-76.1585
32502,no_incendio,-7.384620420011121,-76.77592855304549
32505,no_incendio,-6.011348651194169,-77.43448041427209
32515,incendio,-6.4471,-75.8604
32520,no_incendio,-6.296125170251722,-76.27573079441521
32523,no_incendio,-6.444450177038954,-75.66847301432819
32527,incendio,-7.5844,-76.517
32533,no_incendio,-5.926005528348797,-76.66451761423114
32541,no_incendio,-5.5750859368578904,-77.18888026677212
32555,no_incendio,-5.977954403238399,-75.89740788010133
32560,no_incendio,-5.85348487678678,-75.67716092139695
32563,no_incendio,-5.508797884476139,-76.57706115239465
32567,no_incendio,-6.4985912391976255,-76.97886285295857
32571,incendio,-6.0372,-77.6469
32574,no_incendio,-6.402507911708669,-75.63264270737905
32581,no_incendio,-6.726381012789614,-77.29263321460805
32588,no_incendio,-5.703527630485487,-76.04599898833253
32596,no_incendio,-6.631390870435434,-77.17543848057095
32597,incendio,-6.6315,-76.0565
32598,no_incendio,-5.716829315463946,-76.6884283959595
32600,no_incendio,-5.648091386764367,-76.0845405608189
32612,no_incendio,-6.770535932670912,-77.17143392593205
32615,incendio,-5.8217,-77.4416
32626,incendio,-7.3925,-76.845
32635,no_incendio,-6.695225096779551,-76.23948893389061
32637,no_incendio,-6.183798772159494,-75.95166434619192
32640,no_incendio,-5.971572498496214,-75.54699515189168
32652,no_incendio,-6.475196466130733,-76.70818383406251
32655,no_incendio,-5.40191525194851,-77.41832441514279
32665,no_incendio,-7.07173503300346,-76.39313006840234
32666,no_incendio,-6.8808047229850295,-76.28180482094469
32673,incendio,-6.6583,-76.6379
32676,no_incendio,-7.426285004692227,-76.55235970604326
32678,no_incendio,-6.939758211874388,-76.17566888296336
32679,incendio,-6.6786,-76.4943
32689,incendio,-5.9812,-77.0397
32691,incendio,-5.9382,-77.1196
32711,incendio,-7.5541,-76.4749
32713,incendio,-6.9181,-76.5215
32719,incendio,-8.0695,-76.6813
32720,incendio,-7.583,-76.4187
32723,no_incendio,-6.3823444451531675,-76.72222524088096
32727,no_incendio,-6.559793328628168,-75.94281873717337
32728,no_incendio,-6.886318678721428,-75.69795842959347
32730,incendio,-6.4699,-75.8034
32732,no_incendio,-5.99701125020352,-76.97976479165838
32748,no_incendio,-6.973841653653549,-76.58656432123784
32754,no_incendio,-6.152183459458481,-75.52419970077695
32755,no_incendio,-7.010465391222765,-75.64374453725225
32758,incendio,-7.5152,-76.5378
32771,no_incendio,-7.276587033646778,-76.71291357389988
32778,no_incendio,-6.191430391246121,-75.84894878803162
32790,no_incendio,-6.467420438436691,-76.19360941434292
32793,no_incendio,-5.846023239980903,-75.59058432825728
32795,incendio,-7.1436,-76.7573
32804,no_incendio,-6.664505823088651,-77.4814157749719
32812,no_incendio,-5.652384048618223,-75.53477074714212
32813,no_incendio,-5.7103480025675015,-77.41410373684516
32820,incendio,-5.9349,-76.2329
32825,no_incendio,-5.424572995842199,-76.6735765187215
32827,no_incendio,-7.459387198765487,-76.32587223443953
32835,no_incendio,-7.527611322889828,-76.67002527157386
32841,no_incendio,-6.467906945467672,-76.60396630033286
32842,incendio,-6.6443,-76.4626
32844,no_incendio,-6.848581850084046,-76.26989214867015
32857,no_incendio,-7.5842496329608995,-75.57404179177915
32879,no_incendio,-7.3680402233360685,-75.9380390323052
32889,incendio,-5.8061,-76.556
32894,no_incendio,-6.685185816424632,-76.91349326123884
32896,incendio,-6.8468,-76.8413
32897,no_incendio,-5.5259385585543805,-76.78474947687066
32906,no_incendio,-5.406105166280382,-76.83363539988324
32911,no_incendio,-5.943086820538844,-77.20310189012812
32924,no_incendio,-7.493540878148328,-76.20838654108637
32926,no_incendio,-7.429446375356516,-77.21947961761848
32931,incendio,-7.2571,-76.4539
32932,incendio,-6.7321,-76.8502
32933,no_incendio,-7.287912531535466,-77.51954103984086
32940,no_incendio,-5.559447141003816,-77.53240429845073
32954,no_incendio,-6.543469703142076,-77.05698988429933
32957,no_incendio,-6.3280159994888185,-76.39673641063581
32963,incendio,-7.0946,-76.7465
32972,no_incendio,-7.288794185700048,-76.06129578328853
32973,incendio,-6.7656,-76.7003
32984,incendio,-6.0919,-77.1497
32992,no_incendio,-7.152157832421082,-77.44831592237493
32998,no_incendio,-6.296125170251722,-76.27573079441521
33001,no_incendio,-7.257884674103633,-77.06798922780067
33002,no_incendio,-5.8570726019942425,-76.40667258173919
33005,incendio,-7.1178,-76.3865
33010,no_incendio,-7.108956430874631,-75.5028524515191
33022,incendio,-5.8548,-76.176
33030,incendio,-7.128,-76.3331
33039,no_incendio,-6.54529109912659,-75.69341596269626
33044,incendio,-6.401,-76.1093
33046,incendio,-6.0848,-76.2836
33047,incendio,-6.2218,-76.0018
33062,no_incendio,-5.659847709526774,-75.83935663792408
33089,no_incendio,-7.423279850513975,-76.1929127649397
33090,no_incendio,-6.642584248060827,-75.75075985956546
33092,no_incendio,-5.95558763459201,-75.58088985962372
33095,no_incendio,-6.1503156162969,-75.68207577523512
33105,incendio,-8.776,-75.5448
33119,incendio,-7.1198,-76.5167
33129,no_incendio,-7.183923927473843,-76.41258057222892
33131,no_incendio,-7.217736549985553,-75.80888423805258
33132,no_incendio,-5.619318348217799,-76.76258506679603
33139,no_incendio,-7.423279850513975,-76.1929127649397
33141,no_incendio,-5.944935096517128,-76.18780832521988
33147,incendio,-7.0932,-76.6004
33150,incendio,-7.3972,-76.571
33155,no_incendio,-6.722977701208728,-76.08504808570892
33173,no_incendio,-7.357911846364595,-77.10667831143273
33176,incendio,-5.8358,-76.3289
33182,incendio,-7.1863,-77.0286
33184,incendio,-6.7365,-76.1499
33186,no_incendio,-5.811190643666691,-76.41076755798852
33188,incendio,-8.189,-76.6636
33198,no_incendio,-5.715611122341353,-76.65563746255786
33199,incendio,-5.9239,-76.1665
33200,no_incendio,-5.482360092898033,-75.75875593827813
33203,incendio,-8.627,-76.7488
33210,no_incendio,-7.488895468406661,-77.22046866095448
33214,no_incendio,-5.55191314269425,-76.59129090689653
33217,incendio,-7.3338,-76.5735
33221,incendio,-8.3359,-76.3871
33224,incendio,-6.6975,-76.7531
33228,no_incendio,-5.764033944085201,-76.45830778573153
33232,no_incendio,-6.052146999790762,-76.66693051861807
33234,no_incendio,-6.730215654444688,-76.84821672271427
33238,no_incendio,-7.021631546381363,-76.8111659595044
33255,no_incendio,-6.076651418507213,-75.99938351654062
33259,no_incendio,-6.979813600777688,-77.48470455898823
33272,no_incendio,-5.469135651128677,-76.66584024328755
33274,incendio,-8.6857,-76.1765
33280,no_incendio,-7.195118276412429,-75.87773973651454
33287,incendio,-6.6547,-76.4326
33297,no_incendio,-5.374689655955711,-76.01901794140703
33298,incendio,-6.1791,-76.7682
33312,no_incendio,-5.5369399299131885,-77.31171501653961
33316,no_incendio,-5.976473792691887,-77.521298056028
33321,incendio,-6.3764,-76.6738
33324,no_incendio,-5.862678119407266,-76.8979972886448
33331,incendio,-6.0785,-75.9479
33332,incendio,-6.4531,-76.3814
33335,no_incendio,-7.20837922312058,-75.60173964481412
33350,no_incendio,-7.536087990026042,-76.53899168088374
33354,no_incendio,-6.586264053943194,-75.6879198104013
33365,no_incendio,-7.122938851987355,-76.92917682268381
33367,incendio,-8.5584,-76.5199
33374,incendio,-8.2503,-76.5386
33387,no_incendio,-6.181570378698443,-77.2403974842685
33392,incendio,-8.148,-76.4813
33401,no_incendio,-6.646019680443848,-77.50514894077688
33405,incendio,-7.3558,-76.6324
33407,no_incendio,-7.413823551899182,-76.79124540072256
33420,no_incendio,-6.618506694977619,-76.00213992327006
33428,no_incendio,-5.561294814825637,-75.74902836133377
33429,incendio,-7.4605,-76.681
33434,no_incendio,-5.607428760846163,-75.61638280541105
33437,no_incendio,-5.500738315784995,-75.59662427893288
33446,no_incendio,-6.691674214621824,-77.20756079690301
33450,no_incendio,-6.654449786981951,-77.1406120148932
33454,no_incendio,-5.5797385570843945,-76.68051881795166
33456,incendio,-8.6624,-76.2819
33461,incendio,-6.9226,-76.2109
33464,no_incendio,-6.0854129819425,-76.79698741171129
33465,incendio,-6.4073,-75.9431
33467,no_incendio,-5.902847721330155,-77.17634156149673
33472,no_incendio,-7.453299052251447,-77.18508562471676
33480,no_incendio,-6.5305605417841495,-76.81567387832536
33482,incendio,-7.0789,-77.6739
33485,incendio,-7.2961,-76.6188
33488,no_incendio,-6.707120382693278,-76.63620710614674
33489,no_incendio,-7.257184386198285,-77.16794482130089
33500,incendio,-5.8497,-77.1435
33502,no_incendio,-7.4055258629962415,-75.72836594706017
33506,no_incendio,-7.443277568920015,-75.95948688269024
33512,no_incendio,-6.31265571754434,-77.00564888561091
33517,incendio,-8.2225,-77.304
33520,incendio,-7.198,-77.0481
33527,no_incendio,-6.677016361068433,-76.35596462138518
33528,incendio,-5.7946,-76.3483
33531,no_incendio,-7.442941681589652,-76.91434045843735
33536,no_incendio,-7.311635265992554,-75.85999069910886
33545,no_incendio,-7.153254312142147,-75.61931012295983
33556,no_incendio,-5.704328166594409,-76.92480673286192
33560,no_incendio,-6.158099214586715,-77.01707847694989
33566,no_incendio,-7.489751819531982,-75.96573533227652
33572,no_incendio,-7.508397223486154,-75.66150958377543
33575,no_incendio,-5.851710851525425,-77.43871611391367
33587,no_incendio,-7.051099362667298,-76.62925053957763
33592,no_incendio,-5.698299617649455,-76.9877048304902
33607,incendio,-6.0641,-76.1622
33612,no_incendio,-7.591157646889957,-76.48064707935481
33626,incendio,-7.5539,-76.4976
33631,incendio,-8.6215,-76.6041
33646,no_incendio,-5.885065132570478,-75.64334405460914
33647,no_incendio,-7.327169653945901,-75.96963671647885
33655,incendio,-5.7044,-75.8567
33656,no_incendio,-6.367884072608207,-76.17501426406548
33660,no_incendio,-5.775752820945428,-75.77309666724678
33664,no_incendio,-7.301995634610949,-77.3052348248029
33668,no_incendio,-5.739545483497391,-76.77757497448552
33670,no_incendio,-6.371807438398121,-75.97041325819922
33681,no_incendio,-6.304617864281926,-76.60193669802109
33683,no_incendio,-5.9343288832648255,-75.71284400291329
33684,incendio,-7.1251,-76.4313
33687,incendio,-6.3009,-76.3206
33691,incendio,-6.4723,-76.7481
33692,no_incendio,-5.339033958369073,-76.08006911213882
33697,no_incendio,-7.523779550040388,-76.57430086125386
33700,no_incendio,-5.871232465142917,-76.52596915622884
33707,incendio,-7.3587,-76.6076
33709,incendio,-7.0261,-76.8742
33715,incendio,-6.5509,-76.606
33716,no_incendio,-6.1579628470379655,-75.78726893747826
33719,no_incendio,-6.110977096163155,-77.0520623179512
33721,incendio,-7.0503,-76.7199
33723,no_incendio,-6.062840602584927,-76.70237486789418
33727,no_incendio,-6.089075896633828,-77.11331132604498
33729,no_incendio,-7.4333859418143975,-75.94488928476447
33734,no_incendio,-5.7826453397308155,-77.3905226367299
33747,incendio,-5.8061,-76.492
33748,no_incendio,-7.3680402233360685,-75.9380390323052
33749,no_incendio,-7.464233169627815,-76.3089508607516
33758,no_incendio,-5.622162432874228,-76.70501966558531
33773,no_incendio,-6.253873442293271,-77.4856518253099
33775,incendio,-7.2406,-76.9851
33777,no_incendio,-5.388346448693102,-76.72150148992378
33783,incendio,-8.3762,-76.2301
33789,no_incendio,-6.248141133810431,-75.50987121265236
33792,no_incendio,-6.082418461874669,-76.27878687106944
33814,incendio,-7.5142,-76.5305
33815,no_incendio,-6.7893125147185724,-75.8130856477531
33822,incendio,-7.3513,-76.7334
33824,no_incendio,-6.306399139576039,-77.35464424704278
33829,incendio,-7.4045,-76.5616
33830,incendio,-8.4248,-76.2662
33838,no_incendio,-5.5670313248345,-75.99876018929933
33847,no_incendio,-6.6588540055381635,-76.3643446123623
33849,no_incendio,-5.87076697965016,-76.32402567938676
33855,no_incendio,-6.9422117979050695,-77.32253174388707
33859,no_incendio,-6.419675876236263,-76.64489280604421
33860,no_incendio,-5.9638581047952375,-75.97775046224217
33867,incendio,-5.7326,-76.1944
33879,no_incendio,-6.248141133810431,-75.50987121265236
33882,incendio,-5.8231,-76.5484
33883,incendio,-7.0337,-76.2142
33884,no_incendio,-6.733687512476174,-75.74855689788478
33891,incendio,-5.6925,-77.4807
33902,no_incendio,-6.5273014114668,-77.07055670023018
33903,incendio,-6.5494,-76.2695
33908,incendio,-7.4977,-76.4411
33918,incendio,-6.0768,-76.9073
33925,incendio,-8.6529,-76.9282
33927,no_incendio,-7.58397179719786,-76.78899858637695
33929,incendio,-6.8345,-76.3029
33944,no_incendio,-7.163128957992517,-77.33946379317482
33949,incendio,-5.7655,-76.057
33952,no_incendio,-6.940699761996049,-76.26181884160466
33953,no_incendio,-7.318729401485612,-76.81445384525996
33955,no_incendio,-6.6832264067033,-77.40030797685029
33956,incendio,-7.0721,-76.6547
33959,incendio,-7.0769,-76.8787
33960,incendio,-7.3462,-76.2531
33965,no_incendio,-6.7738595150234,-76.75356063625604
33966,no_incendio,-7.487103293775268,-76.06526148025002
33968,no_incendio,-6.850119921397431,-77.18105441991001
33975,no_incendio,-7.216614993286788,-77.03461698814449
33976,incendio,-7.4152,-76.6907
33982,incendio,-5.5629,-76.6964
33986,no_incendio,-7.134812798520641,-75.55898183219816
33989,incendio,-6.7889,-76.7363
34006,no_incendio,-5.618133364002661,-76.2191295091602
34011,incendio,-8.4846,-76.4575
34023,no_incendio,-7.543933320998928,-76.49404370294074
34031,incendio,-7.2114,-76.8755
34036,no_incendio,-6.08674868659818,-77.38664384875209
34041,incendio,-7.0255,-76.7426
34042,no_incendio,-6.596577810973727,-76.74231910069577
34043,incendio,-7.6416,-76.6869
34053,incendio,-6.6171,-76.3798
34064,no_incendio,-6.950453264096688,-75.59880859567114
34065,incendio,-6.0277,-76.2475
34073,incendio,-6.7805,-76.1892
34079,no_incendio,-5.360774716680023,-76.65130740948035
34092,no_incendio,-6.741427767846081,-75.52300413513564
34097,no_incendio,-6.375064281525175,-76.76531716856294
34098,no_incendio,-7.3239429065406565,-75.71625724817507
34101,no_incendio,-5.8568748352763045,-75.92620225226696
34103,incendio,-6.7605,-76.7302
34106,no_incendio,-6.339520872179224,-76.81899067100204
34124,no_incendio,-6.391881397317083,-77.53216465937516
34125,no_incendio,-6.832250558370159,-76.20474853380588
34133,no_incendio,-6.590618313605878,-75.87293609884875
34141,no_incendio,-6.165729925483304,-75.50698017130118
34143,incendio,-7.2729,-76.378
34147,incendio,-6.145,-76.2844
34149,incendio,-6.5859,-76.7021
34153,no_incendio,-6.825822993237503,-77.04144362527458
34157,no_incendio,-7.409421605310309,-75.83681236527086
34159,no_incendio,-5.767577808825913,-75.75625284767814
34167,no_incendio,-7.446762207896028,-76.39856521781556
34169,no_incendio,-6.623625617650361,-76.4412657181978
34178,no_incendio,-6.3402826742912515,-75.67543757743714
34179,no_incendio,-7.547362899320046,-75.73565468655677
34185,incendio,-8.4865,-76.4183
34189,incendio,-8.7352,-76.1732
34190,no_incendio,-5.846363398738161,-76.40526766705626
34191,no_incendio,-6.607438503581988,-77.25629846979227
34194,no_incendio,-6.994951885754811,-75.90892162040349
34195,no_incendio,-6.837388041019548,-77.0882269714977
34201,incendio,-6.4369,-76.404
34207,incendio,-8.4398,-77.0152
34210,incendio,-8.3261,-76.5899
34218,no_incendio,-7.2830034027883865,-76.35190261363664
34224,no_incendio,-6.696116083768962,-76.75572773731696
34226,incendio,-6.9373,-76.6602
34230,no_incendio,-5.423352355280385,-75.9768451523196
34241,no_incendio,-6.466287697296756,-75.7075752786908
34247,no_incendio,-6.181570378698443,-77.2403974842685
34254,incendio,-6.8537,-76.6655
34255,incendio,-7.9777,-76.6672
34256,no_incendio,-7.475453840000244,-77.09283995143899
34263,incendio,-7.065,-76.1993
34269,no_incendio,-5.532853929708149,-75.98229483983717
34270,no_incendio,-6.040843804619021,-75.5134205645717
34276,no_incendio,-6.726508547372632,-75.8805912365982
34281,no_incendio,-5.691367325953232,-76.91174291210852
34289,no_incendio,-6.856923978483267,-76.96918980938075
34292,no_incendio,-7.175345171516485,-76.32071616128651
34296,no_incendio,-7.1211989995442275,-77.24932556813594
34299,no_incendio,-7.427821513315094,-77.09535827635182
34300,no_incendio,-5.8624058726324275,-77.54256899267752
34305,no_incendio,-7.218925664720446,-76.08201561394016
34306,incendio,-6.9755,-76.8633
34308,no_incendio,-7.196044028055804,-76.77405078763431
34331,no_incendio,-5.555763303802058,-77.3394188883658
34334,no_incendio,-7.106983766497296,-76.41530269638099
34335,incendio,-6.8554,-76.7589
34345,incendio,-6.1498,-76.8482
34350,no_incendio,-6.312891094128834,-75.840822427949
34356,no_incendio,-6.36044395346056,-75.72277954497737
34359,incendio,-7.1634,-77.5069
34364,no_incendio,-6.7738595150234,-76.75356063625604
34368,no_incendio,-5.941437702339227,-76.71661667859928
34372,no_incendio,-6.94690710912819,-75.63438003182783
34378,no_incendio,-5.646223843039662,-77.22265388647651
34380,no_incendio,-5.617689246248104,-77.03996515250137
34385,no_incendio,-5.739591127784566,-75.99955564974134
34390,no_incendio,-5.875471323487407,-77.45654526806348
34413,incendio,-6.1927,-76.2041
34421,no_incendio,-5.360774716680023,-76.65130740948035
34422,no_incendio,-6.017393971898976,-75.85609561110088
34423,no_incendio,-5.882379700992915,-75.5521215473338
34424,incendio,-8.2027,-76.613
34435,incendio,-6.0756,-77.7997
34441,incendio,-6.9944,-76.7319
34444,no_incendio,-6.30212067741681,-77.20947071632679
34455,incendio,-7.5352,-76.4442
34457,no_incendio,-6.256015929782314,-76.34693713254352
34463,no_incendio,-7.407523974858453,-76.05767195335137
34465,no_incendio,-5.759511577701185,-76.14983081507849
34475,no_incendio,-6.3402826742912515,-75.67543757743714
34481,no_incendio,-6.044769424983038,-75.50599138370771
34487,incendio,-8.4911,-76.4175
34492,incendio,-6.6509,-76.459
34493,no_incendio,-7.161262686753078,-75.93223007605604
34494,no_incendio,-5.563302307050842,-76.50751783358145
34507,no_incendio,-5.880891988248802,-77.50381327072611
34515,no_incendio,-5.326540128955467,-75.8192880237214
34516,incendio,-7.3334,-76.2628
34518,no_incendio,-7.163128957992517,-77.33946379317482
34537,incendio,-6.8137,-76.6445
34543,no_incendio,-7.1632098636724635,-76.89550285392816
34544,no_incendio,-7.579867389663157,-75.5999817001758
34547,no_incendio,-6.097161064451766,-76.22638691915272
34550,no_incendio,-5.900355019577343,-76.50972621036057
34560,no_incendio,-6.545436147892791,-76.30829128869237
34562,no_incendio,-7.241827770839374,-75.55383362888189
34564,incendio,-7.2974,-76.6329
34567,incendio,-6.4518,-77.4475
34574,no_incendio,-6.072007171578419,-77.37389388906047
34575,no_incendio,-6.923574495814878,-76.96137100911855
34579,incendio,-8.693,-77.0873
34594,no_incendio,-7.24803934210104,-76.82472284533478
34595,no_incendio,-7.186570265010596,-75.84461863050306
34601,no_incendio,-7.4319891578174815,-77.15087421098383
34604,incendio,-6.9931,-76.5978
34609,incendio,-6.9222,-76.743
34613,incendio,-7.158,-76.6837
34617,incendio,-6.8339,-76.5368
34622,no_incendio,-7.267527749331178,-76.00258934511766
34630,incendio,-7.1882,-76.6972
34640,incendio,-8.367,-76.7337
34649,incendio,-6.4098,-75.8645
34652,no_incendio,-5.73653806083423,-77.04027076606343
34656,no_incendio,-6.017393971898976,-75.85609561110088
34668,no_incendio,-7.342552043846658,-77.45073212658029
34670,no_incendio,-6.26574363006572,-75.945416955943
34673,incendio,-6.8205,-76.621
34684,incendio,-5.8898,-75.9927
34686,no_incendio,-7.374027518305184,-76.32029762844952
34688,no_incendio,-5.605657953237715,-77.33944421680316
34700,incendio,-8.7619,-76.1134
34712,no_incendio,-5.306306841629591,-77.15046908916776
34716,no_incendio,-5.902847721330155,-77.17634156149673
34733,no_incendio,-6.074232738963784,-75.5615873787058
34734,no_incendio,-5.733303330887296,-76.64353813041618
34738,incendio,-6.8065,-76.1914
34743,no_incendio,-7.420738238712349,-77.50365613060586
34745,incendio,-8.3161,-76.5545
34746,no_incendio,-6.351517341637376,-77.31017116176967
34750,incendio,-7.0199,-76.8519
34752,no_incendio,-6.572959136388864,-76.70713570582085
34779,incendio,-7.0155,-76.8598
34782,incendio,-7.2048,-76.4831
34783,no_incendio,-5.901388111394365,-75.87645660870008
34789,incendio,-6.1234,-76.2313
34790,incendio,-6.4693,-75.9206
34792,no_incendio,-6.982455617549805,-76.38860618436227
34807,incendio,-7.1444,-76.3706
34812,no_incendio,-5.925744830854394,-76.62635370808266
34817,no_incendio,-6.427611857268102,-77.39761535548438
34825,incendio,-7.4599,-76.5604
34831,no_incendio,-6.893924031218003,-76.04905921446095
34837,no_incendio,-7.178109146033509,-76.55931189942505
34839,incendio,-6.5774,-76.0179
34841,no_incendio,-6.619578652288662,-76.97686198868091
34844,incendio,-6.9516,-76.692
34850,incendio,-7.3312,-76.223
34869,incendio,-8.4855,-76.3556
34884,no_incendio,-5.688886934346843,-77.36422749238871
34890,incendio,-6.6778,-76.6333
34891,no_incendio,-5.928733149107297,-75.62813587078854
34901,incendio,-6.0266,-77.0157
34915,no_incendio,-7.142295863783367,-76.24884468058782
34921,no_incendio,-7.431414415877487,-76.13136950681124
34924,no_incendio,-6.934543735011002,-76.3579106281597
34925,no_incendio,-6.050469228584658,-76.73736427886188
34926,incendio,-5.6144,-76.5561
34930,no_incendio,-6.606790602498376,-76.50679708602655
34945,no_incendio,-5.593725246250177,-76.70151478021911
34965,no_incendio,-6.564347270784287,-75.8738633840426
34966,incendio,-7.2478,-76.7074
34969,incendio,-5.6497,-75.9398
34971,no_incendio,-6.742797209348308,-75.63057425829132
34991,incendio,-5.9986,-76.1392
34996,incendio,-6.9594,-76.6073
34997,no_incendio,-5.49325291733823,-76.90069379643876
34999,incendio,-7.0653,-76.8236
35007,incendio,-7.059,-76.1095
35013,no_incendio,-5.8570726019942425,-76.40667258173919
35031,incendio,-5.8514,-75.9997
35034,no_incendio,-7.359881945280641,-76.7414311135722
35035,incendio,-7.1456,-76.6614
35042,no_incendio,-7.279073350966451,-75.53370306812118
35056,incendio,-7.2538,-76.8025
35063,no_incendio,-7.384008271248504,-77.19420546410333
35073,incendio,-7.4142,-76.5491
35076,no_incendio,-7.124827279927048,-76.79852328354966
35082,no_incendio,-7.199216978961617,-75.9477990392911
35086,no_incendio,-6.846227548420243,-77.09414313428448
35087,no_incendio,-5.371545466461964,-76.40334353874748
35089,no_incendio,-6.199486560201427,-77.4221153051421
35101,incendio,-5.9037,-75.991
35119,incendio,-7.2257,-76.9991
35120,incendio,-6.6007,-76.2556
35121,no_incendio,-5.732633885929664,-76.45507870434784
35124,no_incendio,-6.2062844027818835,-77.2816967062703
35134,no_incendio,-5.31179064282697,-75.78618195501585
35140,incendio,-6.206,-77.249
35156,incendio,-7.1726,-76.6575
35171,incendio,-7.2313,-76.8516
35173,incendio,-7.0549,-76.2201
35179,no_incendio,-5.720724874930588,-76.09066535924033
35181,incendio,-5.8887,-76.0186
35185,incendio,-8.5228,-76.4439
35187,incendio,-7.4516,-76.5509
35197,no_incendio,-6.424628672692531,-76.43252138876545
35209,no_incendio,-7.547004527368286,-77.14424900414204
35210,no_incendio,-5.393627530051222,-76.7881303458327
35211,no_incendio,-7.124526948992974,-75.69099174784184
35218,incendio,-6.1975,-75.9031
35223,incendio,-5.8258,-76.1392
35228,no_incendio,-6.400301881628301,-77.5201604762096
35231,no_incendio,-6.398926454720778,-76.50536924785067
35235,incendio,-6.9224,-76.8181
35241,incendio,-6.32,-75.9961
35249,no_incendio,-7.324122621539671,-77.54410654355205
35254,no_incendio,-6.23470396402255,-76.94332145347941
35256,no_incendio,-6.942876340672963,-76.33358150381483
35259,incendio,-7.1766,-76.3949
35261,no_incendio,-7.418524326808485,-76.32670813744515
35273,no_incendio,-6.822682837524565,-76.01658832939721
35275,no_incendio,-6.525571951158751,-77.30569775147015
35280,incendio,-7.1727,-77.0694
35296,no_incendio,-6.332355926126756,-76.57852424451565
35302,no_incendio,-6.304617864281926,-76.60193669802109
35304,no_incendio,-5.852253396123982,-76.5690433745382
35306,no_incendio,-5.364892363396528,-76.8599043565554
35312,no_incendio,-5.432481694931332,-76.47528675292433
35320,no_incendio,-7.491547550658209,-77.41447872545433
35324,no_incendio,-5.936247863486473,-77.30432777805068
35332,incendio,-7.3302,-76.332
35334,no_incendio,-6.949882284574706,-75.68273295602192
35337,no_incendio,-6.480910366032293,-76.46284954850665
35341,no_incendio,-5.59950907688548,-76.65469517623596
35345,no_incendio,-5.732633885929664,-76.45507870434784
35350,no_incendio,-5.728382445396997,-77.12017555927592
35359,incendio,-7.033,-76.7859
35365,no_incendio,-7.228019173352536,-75.83265543127759
35388,no_incendio,-7.30848813253614,-75.71138002186875
35395,incendio,-7.63,-77.4648
35415,incendio,-8.7332,-76.2464
35416,incendio,-7.1591,-76.5707
35419,no_incendio,-5.911980434774437,-76.07407858450021
35420,incendio,-7.2454,-76.7582
35432,no_incendio,-6.113994500362599,-76.09851389136325
35435,no_incendio,-5.87938832915223,-76.90538612384941
35443,incendio,-5.835,-76.0336
35448,no_incendio,-6.072007171578419,-77.37389388906047
35451,incendio,-7.1785,-76.6468
35457,no_incendio,-6.091674894114575,-77.31779067927825
35459,incendio,-7.304,-76.5871
35460,no_incendio,-6.468598557394471,-76.29833017428093
35469,incendio,-6.2729,-76.1592
35475,incendio,-6.4981,-77.5487
35485,no_incendio,-6.569933219427762,-75.5278161670118
35487,no_incendio,-7.028663799217614,-75.85033836524988
35489,incendio,-5.943,-76.475
35499,no_incendio,-6.797128032172363,-76.15133853102378
35500,incendio,-7.5804,-76.4143
35501,incendio,-8.4731,-76.4196
35514,incendio,-7.1939,-76.855
35527,no_incendio,-6.461789384490803,-77.24534969872819
35535,incendio,-8.265,-77.6087
35551,incendio,-5.8317,-76.3801
35554,no_incendio,-5.630317607867646,-76.28664530211917
35575,incendio,-6.1168,-77.5153
35594,no_incendio,-5.504024274503536,-76.47223087280436
35595,no_incendio,-7.161262686753078,-75.93223007605604
35597,no_incendio,-5.839270188717535,-77.49668062311541
35607,incendio,-6.0782,-77.7731
35609,no_incendio,-6.25350724604799,-77.4340170352428
35618,incendio,-5.7495,-76.484
35622,no_incendio,-6.036634194085042,-76.33475368850613
35630,incendio,-7.4205,-76.8297
35631,incendio,-6.5493,-76.2904
35635,no_incendio,-7.15250800382105,-75.6698884726493
35636,no_incendio,-5.841456819782133,-77.02191077906832
35639,no_incendio,-7.126628531945264,-77.1694503862003
35649,incendio,-5.6596,-76.562
35654,no_incendio,-5.940833223348477,-76.76215332326328
35655,no_incendio,-7.566170057674632,-77.33420456007225
35658,incendio,-6.6062,-76.4299
35671,no_incendio,-5.4956287964108785,-77.39970137101125
35690,no_incendio,-5.5629279584591815,-75.58676722265717
35697,no_incendio,-7.216614993286788,-77.03461698814449
35698,no_incendio,-6.400338002031925,-76.1292712340201
35701,no_incendio,-5.370065008448104,-77.20634043748042
35706,incendio,-6.2008,-76.0324
35723,no_incendio,-5.871711432876104,-76.01772742487569
35725,no_incendio,-5.691367325953232,-76.91174291210852
35743,incendio,-7.1626,-76.6606
35746,incendio,-5.9136,-76.9247
35755,no_incendio,-5.800663587251775,-77.2156236281296
35759,no_incendio,-5.804055235179965,-77.4451366120588
35762,incendio,-7.4007,-76.8478
35764,no_incendio,-5.498957925752801,-76.23819839749541
35771,incendio,-7.008,-76.3236
35777,incendio,-7.0658,-76.4922
35792,no_incendio,-5.631534863423365,-75.5444078955286
35795,incendio,-7.1817,-77.0708
35796,no_incendio,-5.304618892030704,-75.54825226766168
35803,incendio,-6.3175,-76.3115
35806,no_incendio,-5.808189893519151,-75.58463969579134
35809,incendio,-6.1706,-77.1191
35812,no_incendio,-6.727275952714791,-77.44889142586435
35818,no_incendio,-6.040843804619021,-75.5134205645717
35820,no_incendio,-5.533837838145786,-75.72558753064112
35824,incendio,-7.5403,-76.7476
35835,incendio,-7.3489,-76.8038
35837,no_incendio,-7.291269329879484,-76.54650698845496
35841,incendio,-6.6333,-76.1287
35844,no_incendio,-6.224278076163242,-75.68574152044755
35848,incendio,-6.6065,-76.4309
35856,incendio,-6.7564,-76.6052
35858,no_incendio,-7.523343048173316,-75.60465669486607
35861,incendio,-6.354,-76.1263
35865,incendio,-8.661,-76.8264
35873,no_incendio,-6.594359651694001,-75.81359177197494
35877,incendio,-6.195,-76.211
35878,no_incendio,-6.36044395346056,-75.72277954497737
35879,no_incendio,-5.434734993358147,-76.94653262890384
35885,no_incendio,-6.100924085847581,-75.50738744279523
35895,incendio,-7.3706,-76.7593
35908,no_incendio,-7.404587411347148,-77.48236039818194
35910,no_incendio,-6.107287203943645,-77.4216594793923
35912,incendio,-8.1742,-76.9956
35919,incendio,-5.6774,-75.922
35927,incendio,-7.1014,-76.6824
35928,no_incendio,-6.319184567250436,-76.7615595241715
35936,no_incendio,-5.924081807664306,-77.5419305607915
35937,no_incendio,-6.1245241179034995,-75.6853524981565
35938,no_incendio,-6.22075638484601,-75.88403940669497
35946,incendio,-6.7067,-76.44
35958,incendio,-7.0194,-76.1484
35959,no_incendio,-7.487103293775268,-76.06526148025002
35960,no_incendio,-5.95558763459201,-75.58088985962372
35965,incendio,-7.0605,-76.2418
35983,no_incendio,-7.451217530868493,-77.29241876502243
35992,no_incendio,-5.940833223348477,-76.76215332326328
36001,incendio,-6.5533,-76.7231
36002,no_incendio,-7.446777051363318,-75.55823277277759
36003,no_incendio,-5.930404217360228,-76.53983487852608
36009,incendio,-8.4638,-76.3443
36010,no_incendio,-6.546795271979165,-77.13463626494185
36011,no_incendio,-6.400338002031925,-76.1292712340201
36015,no_incendio,-6.543996709664201,-75.77625931317041
36030,incendio,-6.9009,-76.2803
36045,no_incendio,-7.508226717447944,-76.74892470083597
36047,no_incendio,-6.09276868271348,-76.00881721213455
36056,incendio,-6.6774,-75.5991
36073,no_incendio,-6.56442664767728,-76.08300934140289
36093,no_incendio,-7.418524326808485,-76.32670813744515
36094,no_incendio,-7.132478183195441,-76.65634588857769
36103,incendio,-5.7899,-76.0981
36107,incendio,-7.3518,-76.6475
36113,no_incendio,-7.181016545835497,-77.14662187463146
36116,no_incendio,-6.887017706594157,-77.30533643415299
36125,incendio,-6.6178,-76.4969
36145,incendio,-6.679,-76.5237
36151,incendio,-6.8694,-76.6825
36156,no_incendio,-6.53438876670278,-77.3151143596093
36158,incendio,-7.5909,-76.4935
36168,no_incendio,-7.061403957049695,-76.62981524420255
36169,no_incendio,-7.342552043846658,-77.45073212658029
36177,no_incendio,-7.311847282906321,-76.59060620233514
36182,no_incendio,-7.582363301360768,-76.43607509989434
36199,no_incendio,-7.4654999073290265,-76.71461513627762
36201,incendio,-6.2495,-76.694
36207,incendio,-6.6574,-76.6145
36212,incendio,-6.7871,-76.4571
36213,no_incendio,-5.8091800479019735,-77.2012977286717
36214,incendio,-6.2676,-76.6621
36217,incendio,-8.626,-76.304
36218,no_incendio,-5.5750859368578904,-77.18888026677212
36225,incendio,-6.7761,-76.8066
36227,no_incendio,-6.427611857268102,-77.39761535548438
36232,no_incendio,-6.041174269159521,-76.02071621272385
36235,incendio,-7.4806,-76.5833
36240,incendio,-6.6935,-76.6348
36241,incendio,-6.7295,-76.3331
36248,no_incendio,-6.890142536767722,-76.21093731168023
36261,no_incendio,-6.931342706605391,-77.24005682830844
36280,no_incendio,-5.658384235826694,-76.44208065955317
36290,no_incendio,-7.284463966351714,-76.84480226943248
36298,no_incendio,-6.4156514594615395,-77.50323228806793
36300,no_incendio,-7.253889999482386,-76.08590323427873
36319,no_incendio,-7.200090625449649,-75.973583692229
36326,no_incendio,-6.219703521684984,-76.92758051251145
36327,no_incendio,-5.590950998396602,-75.50740685150045
36335,no_incendio,-5.695046426207607,-76.82428560854454
36352,incendio,-6.7957,-76.7015
36361,incendio,-6.0555,-77.2422
36365,no_incendio,-7.126729071613174,-77.02628949920283
36368,incendio,-7.56,-76.4095
36375,no_incendio,-7.277740388513622,-77.219832932029
36393,no_incendio,-6.076651418507213,-75.99938351654062
36394,no_incendio,-6.6817259124413635,-75.77879648666988
36415,no_incendio,-6.899424280300874,-76.07403591805503
36429,incendio,-6.789,-76.8342
36431,incendio,-8.7306,-76.1636
36432,no_incendio,-7.134812798520641,-75.55898183219816
36438,no_incendio,-5.889428519671102,-75.83985217439051
36439,incendio,-7.4942,-76.374
36441,no_incendio,-5.592798700137297,-76.77202119029057
36445,no_incendio,-5.3928610006268665,-76.95098681919762
36451,no_incendio,-6.801666192426729,-76.32704638741743
36457,no_incendio,-5.911980434774437,-76.07407858450021
36463,no_incendio,-7.124526948992974,-75.69099174784184
36495,no_incendio,-6.38076556073537,-76.97858606969272
36498,no_incendio,-5.591020062659783,-76.63960042736485
36507,no_incendio,-5.621781873154133,-75.59201486751932
36527,incendio,-8.0006,-76.7203
36550,incendio,-7.1728,-76.6469
36558,no_incendio,-6.391692174987462,-77.10791126635735
36564,incendio,-6.0727,-77.429
36574,no_incendio,-5.591020062659783,-76.63960042736485
36578,incendio,-6.0896,-76.8238
36581,no_incendio,-5.968086685454471,-75.87697296740079
36588,no_incendio,-5.886501214348173,-76.17373588365827
36590,no_incendio,-6.576004984769571,-77.51523302793387
36598,no_incendio,-7.366259215797565,-77.34248619041158
36603,no_incendio,-5.976563784411299,-76.98024729252694
36605,no_incendio,-7.158262650594558,-76.17139715257736
36609,incendio,-6.3479,-76.0421
36612,no_incendio,-6.746503515167967,-76.72857236085679
36626,incendio,-6.589,-76.7746
36627,incendio,-8.3425,-77.0818
36628,no_incendio,-5.9462000997115165,-76.43849970195068
36629,incendio,-7.3129,-76.7452
36637,no_incendio,-6.741427767846081,-75.52300413513564
36653,no_incendio,-7.454920494649443,-76.8925561147692
36657,no_incendio,-6.684588652346477,-77.1953837139415
36663,no_incendio,-6.662875308176205,-76.42972525647028
36665,no_incendio,-6.1174086914739405,-75.65121133854548
36672,incendio,-7.9878,-77.3349
36688,no_incendio,-6.4535066542887805,-75.68187662159364
36702,no_incendio,-6.555810705714814,-75.58765246403257
36703,incendio,-7.0463,-77.636
36707,no_incendio,-6.233353095567226,-75.91710577734175
36708,no_incendio,-7.150750883364853,-76.83628592323717
36715,no_incendio,-5.343847653580683,-76.19643132056173
36717,incendio,-6.3935,-76.5472
36719,no_incendio,-6.787051317211901,-77.10628604223226
36745,incendio,-7.1291,-76.7606
36751,no_incendio,-6.386426402369189,-77.04162489751405
36754,no_incendio,-6.212102855046136,-76.68622274401635
36756,incendio,-5.9101,-76.3143
36757,no_incendio,-6.333472406743339,-75.64833382378124
36759,incendio,-7.0431,-76.1463
36764,no_incendio,-7.06430285125658,-76.42921371383994
36765,incendio,-5.7913,-77.4044
36766,no_incendio,-7.265385570436415,-76.15256195898944
36782,no_incendio,-5.787648723882205,-76.3637582070336
36785,incendio,-7.1911,-76.0568
36791,incendio,-8.3985,-76.3882
36793,incendio,-6.5041,-76.5393
36796,incendio,-8.6631,-76.3451
36802,no_incendio,-7.333242178068196,-76.42984929938181
36808,incendio,-8.6201,-76.6858
36810,no_incendio,-5.748428283636171,-75.60096771532396
36811,no_incendio,-6.063333052679301,-77.2619056071794
36820,incendio,-6.1507,-77.0328
36821,incendio,-8.3984,-76.4507
36832,no_incendio,-7.343476837968453,-76.86299220846689
36839,incendio,-7.3319,-76.7247
36859,no_incendio,-6.715205623153173,-76.11809578650696
36865,no_incendio,-6.606517162327486,-77.4629258839616
36866,no_incendio,-5.756771146595229,-77.41858176231523
36871,no_incendio,-7.241586175081285,-75.60658029783822
36875,no_incendio,-5.465266875680572,-76.24842900681286
36883,no_incendio,-7.371625145918922,-75.70238603258082
36889,incendio,-7.2029,-77.0704
36890,incendio,-7.8868,-76.7645
36891,incendio,-6.0946,-75.7986
36896,incendio,-6.2625,-75.7806
36897,incendio,-5.6479,-76.5042
36911,incendio,-6.7241,-76.5009
36919,no_incendio,-6.397916753583541,-76.88339705526924
36925,no_incendio,-6.248141133810431,-75.50987121265236
36937,incendio,-6.1451,-76.195
36939,no_incendio,-5.588125457302943,-77.46080617284144
36944,incendio,-8.7708,-76.3112
36954,incendio,-7.3815,-76.7595
36955,no_incendio,-5.822373025705751,-75.81118308604799
36961,incendio,-7.2203,-76.0883
36967,no_incendio,-5.590950998396602,-75.50740685150045
36986,incendio,-8.2637,-77.3276
37004,no_incendio,-6.971818693744163,-76.01229344920435
37011,no_incendio,-6.982455617549805,-76.38860618436227
37014,no_incendio,-6.167876331105529,-76.10362029847187
37024,incendio,-8.3969,-76.4401
37027,no_incendio,-7.301995634610949,-77.3052348248029
37028,no_incendio,-6.904145543477711,-77.38998183817624
37032,incendio,-8.7242,-76.1184
37033,no_incendio,-6.684698936601428,-75.64362761188839
37034,no_incendio,-5.733319617679441,-76.17295841826885
37046,no_incendio,-6.654449786981951,-77.1406120148932
37058,no_incendio,-5.955706826060275,-77.52353123807491
37066,incendio,-6.2523,-76.0078
37074,no_incendio,-6.967630832661904,-76.66075655259817
37079,incendio,-7.313,-76.9374
37091,no_incendio,-7.454820191858604,-77.06390769959336
37111,no_incendio,-6.541834413903653,-76.37649272286701
37112,no_incendio,-6.135395550199937,-77.01659159261982
37118,no_incendio,-7.475453840000244,-77.09283995143899
37127,no_incendio,-7.010465391222765,-75.64374453725225
37139,no_incendio,-5.763287542306629,-76.16197141222403
37149,incendio,-8.4897,-76.4075
37151,incendio,-8.4228,-76.4435
37154,no_incendio,-5.801578937835275,-76.51381524721576
37160,no_incendio,-6.914205717609276,-76.21644962030662
37164,incendio,-6.9552,-76.5966
37171,no_incendio,-7.5964500853796,-76.68614160369373
37173,incendio,-7.5099,-76.6371
37182,incendio,-7.366,-76.4419
37186,no_incendio,-6.238722534494159,-76.96599757551694
37189,no_incendio,-7.245236344594437,-75.87140818649081
37191,incendio,-6.133,-77.5204
37194,incendio,-6.5339,-76.2852
37196,no_incendio,-6.060981828013205,-76.61589601950963
37210,incendio,-6.1699,-77.5372
37212,no_incendio,-6.299525540013742,-76.28555400177144
37213,no_incendio,-7.242465202325818,-76.82313227202141
37225,incendio,-6.4376,-75.8406
37238,no_incendio,-6.350208583490028,-76.38539627900366
37246,incendio,-8.2838,-76.6604
37247,no_incendio,-7.547362899320046,-75.73565468655677
37264,incendio,-7.5241,-76.5505
37266,incendio,-6.7848,-76.2682
37272,incendio,-7.0296,-76.3207
37273,no_incendio,-7.089719383654557,-75.94940066492136
37285,no_incendio,-7.261878534754229,-75.78596746234152
37286,incendio,-8.5415,-76.2935
37287,no_incendio,-5.7462072862910665,-75.82239791523867
37292,no_incendio,-5.360774716680023,-76.65130740948035
37298,incendio,-5.6824,-76.4923
37300,no_incendio,-6.736884280770205,-76.9775738185435
37303,no_incendio,-6.00373135270891,-76.34110147279476
37306,no_incendio,-5.369370124540203,-77.53041632467286
37307,incendio,-7.2728,-76.32
37310,no_incendio,-7.312843125933768,-75.51939324111113
37314,no_incendio,-6.237093114939267,-75.7117789331342
37319,incendio,-8.2487,-76.9989
37320,no_incendio,-6.7528370184185675,-75.79463738047077
37322,incendio,-6.7949,-76.5251
37323,no_incendio,-6.763948396418463,-75.5008846760666
37330,no_incendio,-7.308376267427788,-75.72020744008876
37332,incendio,-5.9794,-77.1044
37335,incendio,-6.4449,-75.8381
37342,no_incendio,-5.348479960720765,-76.73008143184053
37347,no_incendio,-5.881820929193948,-76.58450370780717
37348,no_incendio,-7.30848813253614,-75.71138002186875
37354,no_incendio,-5.437451651862052,-75.53119555354411
37358,no_incendio,-5.3699868320408415,-75.54453001162278
37365,incendio,-5.8214,-76.3435
37370,incendio,-6.5706,-75.6817
37372,incendio,-6.4862,-75.7285
37374,no_incendio,-7.448422790645704,-75.84545299813023
37384,incendio,-7.3242,-77.6695
37388,no_incendio,-7.429446375356516,-77.21947961761848
37399,incendio,-8.1642,-77.4866
37400,incendio,-7.2294,-76.8549
37415,incendio,-7.1263,-76.3332
37416,no_incendio,-5.95558763459201,-75.58088985962372
37445,incendio,-6.7896,-76.1812
37457,no_incendio,-7.063019746501072,-77.52481749302208
37458,no_incendio,-5.661805796480656,-77.53514186743837
37465,no_incendio,-7.108956430874631,-75.5028524515191
37471,incendio,-7.3952,-76.7006
37472,no_incendio,-7.2373332017811665,-76.09425476964923
37473,no_incendio,-7.351997452668049,-75.86863921087647
37478,incendio,-7.2935,-76.593
37479,incendio,-6.159,-75.9199
37484,no_incendio,-7.521089953660397,-76.50586647383346
37490,no_incendio,-7.303191371239219,-76.86950299016307
37491,incendio,-8.0755,-76.6936
37500,incendio,-6.8204,-76.7874
37506,no_incendio,-6.940699761996049,-76.26181884160466
37509,incendio,-6.8473,-76.6124
37510,no_incendio,-6.208571378644004,-77.08847372883292
37511,no_incendio,-5.307511492937007,-75.87055498280709
37518,no_incendio,-6.238571072533694,-75.50795501172155
37528,no_incendio,-6.439049170355273,-77.46289627422017
37529,no_incendio,-6.66812028796298,-76.15230026038583
37531,incendio,-7.0029,-76.7061
37534,no_incendio,-7.592937213039827,-76.3910934505804
37536,no_incendio,-7.459517004149713,-75.65348895495933
37538,incendio,-7.5504,-76.4066
37543,no_incendio,-7.333242178068196,-76.42984929938181
37560,no_incendio,-7.0805818707385395,-75.71658427890108
37561,incendio,-5.8405,-76.2776
37566,no_incendio,-5.5941151159540015,-75.60783919102062
37578,no_incendio,-5.5683966845979995,-76.81768428751661
37597,no_incendio,-6.945484440166689,-76.77951589048426
37603,no_incendio,-6.832250558370159,-76.20474853380588
37608,no_incendio,-5.509842715479968,-77.22974622552158
37613,no_incendio,-5.482360092898033,-75.75875593827813
37614,no_incendio,-6.761574880071224,-76.52109859066432
37620,incendio,-8.6545,-77.43
37630,no_incendio,-6.000321843594466,-77.16959710695784
37643,no_incendio,-6.572656774954891,-77.3264854349528
37645,incendio,-7.0464,-76.7397
37646,incendio,-8.1618,-76.667
37648,no_incendio,-6.20119371633988,-76.87236267556213
37653,no_incendio,-5.588466979788065,-76.18717580992774
37669,incendio,-7.3373,-76.778
37678,no_incendio,-7.552000736404346,-77.05977682552361
37682,no_incendio,-7.062719614900722,-75.90547044520231
37712,no_incendio,-6.273383567178642,-76.44114691338451
37716,incendio,-6.5465,-76.466
37723,incendio,-5.9626,-76.1291
37730,incendio,-7.4437,-76.7158
37737,no_incendio,-7.173287597971678,-76.70987433367677
37739,no_incendio,-5.701243653353404,-77.51137584362479
37744,no_incendio,-7.3820884546139,-76.13227467193721
37745,no_incendio,-6.447996016247126,-77.41234607167007
37748,no_incendio,-7.292676783205119,-75.82456526450503
37749,no_incendio,-6.590618313605878,-75.87293609884875
37763,incendio,-7.142,-76.495
37765,incendio,-6.2253,-76.8302
37767,no_incendio,-5.8499481349063265,-76.00423037206916
37774,no_incendio,-7.192676000546934,-77.13476748134192
37777,incendio,-7.2883,-76.7333
37786,no_incendio,-5.546093305557506,-76.96305959318578
37791,incendio,-7.3898,-76.6747
37799,no_incendio,-5.366911069115064,-77.28733600522496
37805,no_incendio,-6.619578652288662,-76.97686198868091
37818,no_incendio,-6.460809424904893,-76.67264708557983
37820,no_incendio,-6.090705105654209,-75.76196358722034
37833,no_incendio,-6.490435100183895,-76.04212659409674
37835,incendio,-6.4079,-76.0424
37836,no_incendio,-5.402348170521421,-77.02463779239379
37838,no_incendio,-5.424572995842199,-76.6735765187215
37852,no_incendio,-5.326609511462546,-75.7438155508771
37862,no_incendio,-5.761894026687926,-76.71626651276603
37864,incendio,-6.1734,-75.945
37867,no_incendio,-6.163392021425101,-76.6587242460342
37876,no_incendio,-6.93526933500558,-76.94440022861454
37879,no_incendio,-7.225892265359727,-76.0093087691897
37880,incendio,-5.9845,-77.0401
37895,no_incendio,-6.246302114010693,-75.65691913180889
37916,no_incendio,-6.654449786981951,-77.1406120148932
37926,incendio,-5.7101,-76.6633
37934,no_incendio,-6.1773004933773406,-76.41533827057219
37936,incendio,-7.3589,-76.5916
37939,incendio,-7.0708,-76.1236
37951,no_incendio,-6.726577938090313,-76.92865414529734
37954,incendio,-6.7161,-76.7431
37958,no_incendio,-6.845471207648621,-76.36886322454563
37963,incendio,-6.8784,-76.6906
37968,no_incendio,-6.425556209293201,-75.70279330371295
37970,no_incendio,-6.547946119465311,-76.58716239935082
37976,no_incendio,-7.5389429366733145,-76.3612819242991
37977,incendio,-5.8126,-76.0648
37983,incendio,-5.984,-76.4688
37988,incendio,-7.447,-76.401
37992,no_incendio,-7.428960143280297,-76.20768184148152
38010,incendio,-6.729,-76.8549
38018,no_incendio,-6.980365789444828,-76.90654360978435
38028,incendio,-6.3474,-76.7563
38034,incendio,-7.317,-76.7709
38037,incendio,-6.6899,-76.6849
38044,no_incendio,-5.906233795105334,-77.12857966060585
38056,incendio,-6.8035,-76.9174
38064,no_incendio,-6.08565697953034,-76.3565072601085
38068,no_incendio,-6.568678711242536,-76.46161690496696
38072,incendio,-7.387,-76.6413
38077,no_incendio,-7.391354511869424,-77.17370886410413
38082,incendio,-6.8947,-76.7103
38085,no_incendio,-5.4560539889311706,-76.17543571338655
38105,no_incendio,-7.509252354285814,-75.54465114823546
38114,incendio,-8.465,-76.3509
38119,incendio,-7.3061,-76.6451
38121,incendio,-7.2603,-76.3803
38124,no_incendio,-5.493534251624167,-76.05824936892388
38126,incendio,-6.6656,-76.4962
38130,no_incendio,-5.685078590845662,-76.61726952612376
38134,incendio,-7.336,-76.5735
38157,incendio,-5.3404,-76.2812
38162,incendio,-5.9885,-76.226
38167,no_incendio,-6.6817259124413635,-75.77879648666988
38171,no_incendio,-5.841456819782133,-77.02191077906832
38180,no_incendio,-7.5702550538704605,-75.67821320807053
38188,incendio,-6.6005,-76.414
38196,incendio,-6.9991,-76.7642
38199,incendio,-8.4161,-77.0722
38201,no_incendio,-6.428027041919373,-76.62475957936073
38202,no_incendio,-6.295102509635013,-77.52506617532497
38206,no_incendio,-6.391692174987462,-77.10791126635735
38207,incendio,-7.133,-76.3553
38210,incendio,-8.0216,-77.4437
38216,no_incendio,-5.9343288832648255,-75.71284400291329
38217,incendio,-7.6056,-76.4078
38220,no_incendio,-6.720013389410524,-76.18246932103828
38223,no_incendio,-6.797266617151564,-77.33130374727055
38226,no_incendio,-7.597875070160168,-76.24368895263702
38231,incendio,-6.8518,-76.3489
38240,incendio,-5.718,-77.3783
38241,no_incendio,-7.369405359299169,-75.53775524923043
38263,incendio,-7.4233,-76.7056
38277,incendio,-7.0813,-76.6767
38284,no_incendio,-5.971572498496214,-75.54699515189168
38290,incendio,-6.648,-76.5983
38291,no_incendio,-5.6996412211902,-75.5074681731858
38308,no_incendio,-7.017817860779479,-76.95461934375838
38313,no_incendio,-5.691703950902071,-76.93733770607169
38314,no_incendio,-6.679897679386204,-77.34823338283437
38322,no_incendio,-6.880264689541971,-77.33984954598883
38331,no_incendio,-7.196044028055804,-76.77405078763431
38334,incendio,-6.9254,-76.7444
38343,no_incendio,-6.696114207645428,-77.01139322381492
38348,no_incendio,-5.937825755560712,-77.54131014900841
38350,no_incendio,-7.314921869709458,-75.6262107073791
38361,no_incendio,-5.882545131668422,-77.4252687375934
38362,incendio,-6.9152,-76.6833
38368,incendio,-7.0172,-76.6168
38380,incendio,-6.8649,-76.6335
38389,incendio,-5.836,-77.329
38394,incendio,-6.1466,-75.9688
38397,no_incendio,-5.906233795105334,-77.12857966060585
38398,no_incendio,-6.260865842963683,-76.65344397081381
38405,no_incendio,-5.329749843854847,-75.71078811690217
38410,no_incendio,-6.606517162327486,-77.4629258839616
38415,no_incendio,-6.080706501829642,-77.17715903994046
38418,no_incendio,-7.446777051363318,-75.55823277277759
38420,no_incendio,-6.543996709664201,-75.77625931317041
38424,no_incendio,-7.106983766497296,-76.41530269638099
38425,no_incendio,-6.882432262080377,-75.90126287963834
38453,no_incendio,-5.300946297144839,-75.60535100286195
38460,incendio,-7.0106,-76.7772
38462,incendio,-7.2402,-76.8676
38463,incendio,-5.8703,-76.0042
38474,incendio,-8.2755,-76.4888
38487,incendio,-5.3367,-76.5481
38492,incendio,-7.0971,-76.0551
38494,no_incendio,-5.930404217360228,-76.53983487852608
38501,incendio,-6.2355,-75.8418
38507,incendio,-7.1021,-76.7826
38510,incendio,-7.3417,-76.6629
38513,incendio,-6.175,-76.3437
38530,incendio,-7.1612,-76.7551
38537,no_incendio,-6.693645231607011,-77.00083886723358
38540,no_incendio,-5.847773952672416,-76.45786537475786
38543,no_incendio,-5.360774716680023,-76.65130740948035
38546,no_incendio,-5.775752820945428,-75.77309666724678
38547,incendio,-7.0685,-76.1072
38557,no_incendio,-6.8808047229850295,-76.28180482094469
38562,no_incendio,-6.664505823088651,-77.4814157749719
38563,no_incendio,-6.480391966428419,-77.42730148887621
38570,no_incendio,-6.238722534494159,-76.96599757551694
38576,no_incendio,-6.758060268510353,-77.51884776551792
38578,incendio,-6.0612,-76.3401
38581,incendio,-6.4336,-76.862
38583,no_incendio,-5.326931537697329,-77.25175106818679
38592,incendio,-8.1959,-76.6107
38599,no_incendio,-5.8084744858353705,-77.25537544416976
38610,no_incendio,-7.538851524680003,-76.89606525439852
38611,no_incendio,-5.764033944085201,-76.45830778573153
38623,no_incendio,-5.712970448713469,-77.45936672905775
38633,incendio,-6.2831,-75.8117
38641,incendio,-7.1797,-76.45
38644,incendio,-7.1494,-76.5347
38651,incendio,-6.8441,-76.7785
38656,no_incendio,-5.317490731831781,-77.05291423448321
38666,incendio,-7.2203,-76.6333
38674,incendio,-8.264,-76.4257
38675,incendio,-7.1297,-76.4289
38677,no_incendio,-6.736094048254664,-75.79047035285556
38680,no_incendio,-6.922199249991655,-76.68603062105682
38681,no_incendio,-6.4800299159294745,-75.86986955910662
38684,no_incendio,-6.551429222354349,-76.91211574837874
38685,incendio,-6.9183,-76.816
38686,incendio,-6.7962,-76.8104
38688,incendio,-7.4947,-76.5657
38690,no_incendio,-7.083533851815549,-75.86202426996425
38704,no_incendio,-6.939758211874388,-76.17566888296336
38714,no_incendio,-6.737802446576857,-76.76156798779444
38719,incendio,-8.4423,-76.2984
38721,no_incendio,-6.1579628470379655,-75.78726893747826
38727,no_incendio,-5.91369294253363,-76.91673941934057
38740,no_incendio,-6.5305605417841495,-76.81567387832536
38741,incendio,-8.4514,-76.4729
38745,no_incendio,-5.66978916869293,-75.78583352536694
38749,no_incendio,-5.629475532551382,-77.50061748638073
38754,incendio,-6.5897,-76.7144
38761,no_incendio,-6.45014471724059,-77.23785683491617
38767,no_incendio,-5.485555576815183,-76.48568380205462
38770,incendio,-6.0104,-76.0136
38771,no_incendio,-7.127093555738052,-76.84105088577114
38775,no_incendio,-5.590745607594968,-76.01092904258273
38785,no_incendio,-7.173287597971678,-76.70987433367677
38801,no_incendio,-5.89201477503853,-77.2682101013539
38804,incendio,-7.0474,-76.7561
38814,incendio,-5.9699,-76.2432
38830,incendio,-6.6177,-76.4247
38834,no_incendio,-7.454902332502221,-76.55109869538403
38839,no_incendio,-5.380924923914102,-76.12851157268119
38840,no_incendio,-6.072007171578419,-77.37389388906047
38848,no_incendio,-6.707120382693278,-76.63620710614674
38858,no_incendio,-6.812990607089626,-75.70820307560577
38862,incendio,-5.9819,-76.1227
38868,no_incendio,-7.390169812745361,-75.85173982819381
38869,no_incendio,-6.505676796415307,-75.74448285313693
38873,incendio,-8.594,-76.3035
38880,no_incendio,-6.831471934568246,-75.7875932896481
38882,no_incendio,-6.303002240210201,-76.72194514117207
38891,no_incendio,-7.4143617918638425,-76.41255499623206
38905,no_incendio,-7.5389429366733145,-76.3612819242991
38914,no_incendio,-7.351997452668049,-75.86863921087647
38917,no_incendio,-6.650069273774372,-77.45753589439983
38921,no_incendio,-7.510954821403472,-75.50873794050783
38931,no_incendio,-5.900117559948675,-75.56284439390626
38947,no_incendio,-7.059198382146936,-75.77593999522976
38948,incendio,-7.2599,-76.8299
38949,no_incendio,-6.040687375273645,-76.93582583750656
38952,no_incendio,-5.998881730764309,-77.1385121318961
38957,no_incendio,-7.511471498657587,-77.0305776349507
38958,no_incendio,-6.043030962073811,-76.47604236953148
38961,no_incendio,-5.582283481453623,-75.95562633397932
38968,no_incendio,-6.2234750512942,-76.15839430304165
38986,no_incendio,-7.017817860779479,-76.95461934375838
38988,incendio,-6.3206,-76.6402
38990,no_incendio,-7.4333859418143975,-75.94488928476447
38996,incendio,-8.6023,-76.2924
38997,incendio,-7.0272,-76.8627
38998,no_incendio,-6.9560251993392335,-75.65244127896328
39006,no_incendio,-5.977250221064096,-76.70445078164089
39007,incendio,-6.4381,-75.7627
39022,no_incendio,-6.0636997194620585,-76.98817967024722
39025,no_incendio,-7.221811632536515,-77.44262630315019
39026,no_incendio,-7.371926664770868,-77.38249391708561
39027,no_incendio,-5.979395848987274,-75.81605060669331
39036,no_incendio,-5.469135651128677,-76.66584024328755
39040,incendio,-6.7191,-77.4801
39045,incendio,-6.9258,-76.2381
39064,no_incendio,-5.343847653580683,-76.19643132056173
39074,no_incendio,-7.127830025342514,-77.33172299006912
39076,no_incendio,-6.3402826742912515,-75.67543757743714
39082,no_incendio,-5.59950907688548,-76.65469517623596
39099,no_incendio,-7.1210506239975135,-76.31863607475617
39105,incendio,-5.7313,-76.1921
39114,no_incendio,-5.936332555331325,-76.83179580754164
39122,no_incendio,-6.931054749326789,-77.2760800084336
39134,incendio,-7.2768,-76.4836
39142,no_incendio,-6.376726836973272,-77.35752912688064
39145,no_incendio,-5.717584209483326,-76.19353141249358
39146,no_incendio,-5.426612634680184,-75.58435399600397
39148,no_incendio,-5.931410128051382,-77.48442078407336
39156,incendio,-5.9356,-75.9849
39182,no_incendio,-5.323979357908248,-75.76496426046252
39187,no_incendio,-5.46295343513328,-75.95414593487065
39188,no_incendio,-6.2190640726250495,-76.93105958473025
39192,no_incendio,-6.463587748086062,-76.47146037727083
39194,no_incendio,-6.787959079277664,-75.64572689392233
39197,incendio,-6.9602,-76.7493
39202,incendio,-6.8838,-76.8635
39208,incendio,-7.2667,-76.8398
39225,no_incendio,-6.26574363006572,-75.945416955943
39229,incendio,-7.3575,-76.4538
39237,no_incendio,-6.871712261045699,-76.6810612935972
39250,no_incendio,-5.691367325953232,-76.91174291210852
39252,no_incendio,-6.216596629515713,-76.33055988016247
39261,incendio,-6.5397,-76.4782
39263,no_incendio,-6.452984723571151,-76.97534564539009
39287,no_incendio,-6.998414939340265,-75.67912715079014
39298,incendio,-6.5837,-76.308
39300,incendio,-6.8555,-76.5014
39302,no_incendio,-7.157163278516986,-76.9354632282693
39305,no_incendio,-6.589390257699646,-75.6408986952127
39311,no_incendio,-7.396034749471958,-77.09104434205882
39316,no_incendio,-5.7103480025675015,-77.41410373684516
39325,no_incendio,-6.217977569363936,-76.69976022852224
39335,incendio,-7.3743,-76.7176
39341,no_incendio,-6.061517131296685,-76.40854652459227
39343,no_incendio,-5.894898869067559,-77.35176843132272
39361,incendio,-7.6896,-77.6548
39382,no_incendio,-7.527307126647749,-77.12744201881532
39393,no_incendio,-7.079367268286084,-75.74962590729507
39396,no_incendio,-6.994018548876931,-77.44340810717631
39398,no_incendio,-5.8084744858353705,-77.25537544416976
39419,no_incendio,-7.419812910820906,-75.99406148062167
39420,no_incendio,-5.8511939634062635,-76.52247944634267
39424,no_incendio,-5.411652077381302,-77.27749728778487
39426,incendio,-6.805,-76.4787
39446,no_incendio,-5.9069362811274955,-76.90796880037888
39448,no_incendio,-7.412957121399091,-77.21617404571616
39454,incendio,-7.4388,-76.5877
39460,no_incendio,-5.739591127784566,-75.99955564974134
39465,incendio,-7.0555,-76.0993
39472,no_incendio,-6.694264893002906,-76.05015609684683
39473,no_incendio,-7.2373332017811665,-76.09425476964923
39475,no_incendio,-6.876747971648932,-77.24294547673294
39477,no_incendio,-6.644983818759033,-76.97235660144274
39480,no_incendio,-5.974627825335505,-76.8393257597771
39493,no_incendio,-5.423715260330031,-75.80260147002005
39494,incendio,-7.2525,-76.77
39499,incendio,-8.2768,-76.5383
39509,incendio,-5.7376,-76.2374
39520,no_incendio,-5.740185734953845,-76.52718705325192
39522,no_incendio,-5.690666241525762,-76.5831246635922
39525,incendio,-6.3215,-76.3178
39539,incendio,-6.8702,-77.7112
39540,no_incendio,-5.594721982840302,-76.73250330554579
39564,incendio,-6.1432,-76.2079
39567,incendio,-6.8924,-76.6718
39574,no_incendio,-7.196513313319464,-76.34355474331385
39590,incendio,-8.4813,-76.382
39594,incendio,-6.5832,-76.5764
39601,no_incendio,-7.25129246536618,-76.47983941905308
39602,no_incendio,-6.402069451962711,-76.21591146142134
39610,incendio,-6.5219,-76.5762
39615,no_incendio,-5.752288568187965,-75.61867904444058
39616,no_incendio,-5.313659040472185,-75.7974059398213
39618,incendio,-5.829,-77.3043
39620,no_incendio,-5.657826113607748,-77.0484188289704
39624,incendio,-7.2608,-76.756
39634,no_incendio,-6.156942123129494,-76.92567844755888
39642,incendio,-7.4982,-76.6651
39668,no_incendio,-6.338883523616399,-76.67237416346605
39673,no_incendio,-5.875471323487407,-77.45654526806348
39681,incendio,-6.5646,-76.5434
39691,no_incendio,-6.061671698446887,-76.35844064270319
39692,no_incendio,-5.4560539889311706,-76.17543571338655
39695,no_incendio,-6.1245241179034995,-75.6853524981565
39699,no_incendio,-7.303191371239219,-76.86950299016307
39721,no_incendio,-7.152157832421082,-77.44831592237493
39731,no_incendio,-6.979813600777688,-77.48470455898823
39733,no_incendio,-7.381229378022176,-76.50096695875145
39745,no_incendio,-6.0746976290586785,-75.57122315970695
39750,no_incendio,-6.931842163036034,-76.53424888448937
39752,no_incendio,-5.851710851525425,-77.43871611391367
39753,no_incendio,-5.985543510791079,-75.55610035209125
39755,no_incendio,-6.473718077481412,-77.49661278682977
39771,no_incendio,-5.747916301571042,-76.94248947046277
39803,no_incendio,-6.7911860867707,-76.3184609362465
39806,no_incendio,-5.976563784411299,-76.98024729252694
39808,no_incendio,-5.867914432983562,-76.93835853406706
39814,no_incendio,-6.922488599265936,-77.20347324801959
39815,no_incendio,-5.8332062747008715,-77.144406205254
39818,no_incendio,-6.391881397317083,-77.53216465937516
39820,no_incendio,-6.1029066882194485,-77.35334666324442
39821,no_incendio,-5.699419411757933,-76.10583548301037
39825,no_incendio,-6.319184567250436,-76.7615595241715
39838,no_incendio,-7.142295863783367,-76.24884468058782
39843,no_incendio,-6.56383921503927,-77.29970461755646
39877,no_incendio,-6.242683257012905,-77.09272695265327
39878,incendio,-7.3133,-76.7417
39895,incendio,-7.4477,-76.4557
39914,no_incendio,-5.588125457302943,-77.46080617284144
39921,incendio,-6.4312,-76.4397
39930,incendio,-6.6241,-76.6816
39933,no_incendio,-5.921016028711128,-75.70718586514504
39958,no_incendio,-7.174304209114396,-76.54277799438324
39962,no_incendio,-7.432415046086705,-75.62170917666255
39969,no_incendio,-5.926705485124891,-75.77709994653331
39970,no_incendio,-6.871712261045699,-76.6810612935972
39982,no_incendio,-6.113161344070998,-75.7616050051639
39989,no_incendio,-7.510954821403472,-75.50873794050783
39993,no_incendio,-7.308376267427788,-75.72020744008876
39996,no_incendio,-6.284005972985306,-75.8733537299608
40018,incendio,-7.0236,-76.2156
40023,incendio,-7.6337,-76.4978
40024,no_incendio,-6.380793727295641,-76.36283674136891
40037,no_incendio,-6.536547874138972,-77.31298293788737
40039,no_incendio,-7.191225918716162,-75.54734215721196
40049,incendio,-6.2864,-76.0509
40051,no_incendio,-7.527611322889828,-76.67002527157386
40055,incendio,-8.2791,-76.4882
40062,no_incendio,-7.2822391020909345,-76.80145523505668
40065,no_incendio,-6.501541232968051,-77.42157786801864
40067,no_incendio,-6.064968975705764,-75.80158619111924
40074,no_incendio,-7.3680402233360685,-75.9380390323052
40085,no_incendio,-7.585660689069584,-77.39009094478008
40097,no_incendio,-6.709233322192638,-77.51049806027564
40102,no_incendio,-6.135395550199937,-77.01659159261982
40106,no_incendio,-5.41267692948794,-75.94332607139869
40107,incendio,-6.9151,-76.6017
40114,incendio,-5.8462,-77.3132
40117,no_incendio,-6.640978763936889,-76.01901055862061
40122,no_incendio,-7.327169653945901,-75.96963671647885
40137,no_incendio,-6.3280159994888185,-76.39673641063581
40143,no_incendio,-5.902847721330155,-77.17634156149673
40146,no_incendio,-5.815972204611399,-75.5996631905604
40148,no_incendio,-6.3431574963922905,-76.8897013975212
40158,no_incendio,-7.158262650594558,-76.17139715257736
40162,no_incendio,-5.786742413220336,-77.47906670461887
40164,no_incendio,-5.636606643396935,-75.65023157423232
40172,no_incendio,-7.292676783205119,-75.82456526450503
40179,no_incendio,-6.191285072180344,-75.97348634249272
40211,no_incendio,-7.450227101420001,-77.22165209135423
40231,no_incendio,-5.6897437871119,-77.10615819747757
40241,no_incendio,-6.929766621277843,-76.9486595645204
40252,no_incendio,-7.4811756669415,-76.01564428333117
40264,no_incendio,-5.876670821018357,-77.35096983439296
40271,no_incendio,-6.441502518699965,-76.95262753749782
40278,no_incendio,-6.486581240227174,-76.15835402098138
40279,no_incendio,-7.276587033646778,-76.71291357389988
40281,no_incendio,-5.3992279096164255,-77.51525342091976
40285,no_incendio,-5.451597714525489,-77.32234997673201
40286,no_incendio,-7.221147104950838,-76.3247834569853
40287,no_incendio,-7.03159653116471,-76.48526719545968
40298,incendio,-6.6098,-76.5375
40314,incendio,-7.2873,-76.4082
40315,incendio,-7.1211,-76.5204
40319,incendio,-7.3685,-76.766
40320,incendio,-6.6402,-75.6928
40322,incendio,-7.4597,-76.5552
40334,no_incendio,-5.800663587251775,-77.2156236281296
40338,incendio,-6.3582,-76.0686
40344,no_incendio,-7.6003471250061425,-76.18857699535684
40350,incendio,-7.1945,-77.0768
40353,no_incendio,-6.568678711242536,-76.46161690496696
40368,incendio,-6.4668,-77.6586
40380,no_incendio,-7.324122621539671,-77.54410654355205
40384,incendio,-6.9314,-76.6793
40386,incendio,-5.7944,-76.1501
40399,incendio,-6.1756,-76.2515
40400,no_incendio,-5.374155680654134,-76.14052405499798
40412,incendio,-5.348,-76.5799
40416,no_incendio,-5.826125398643272,-77.25978841596924
40426,no_incendio,-6.400727870765625,-77.48420741846027
40430,incendio,-8.5026,-77.5368
40433,no_incendio,-5.772447993979731,-76.76825761036689
40438,incendio,-8.199,-76.9844
40447,no_incendio,-6.199800156726071,-75.87903812084684
40448,no_incendio,-5.945782975612446,-75.78933619991895
40449,incendio,-7.0706,-76.2197
40470,no_incendio,-6.074232738963784,-75.5615873787058
40480,incendio,-5.8033,-77.3645
40500,no_incendio,-7.279073350966451,-75.53370306812118
40501,no_incendio,-7.028663799217614,-75.85033836524988
40505,no_incendio,-5.532853929708149,-75.98229483983717
40525,no_incendio,-7.245236344594437,-75.87140818649081
40545,incendio,-8.356,-76.5214
40551,no_incendio,-6.721818890646596,-76.25717682869612
40553,incendio,-6.6794,-76.6901
40555,no_incendio,-5.389176452484517,-75.81151917065094
40559,no_incendio,-7.143300333347583,-76.01076815200116
40564,no_incendio,-6.718454996800395,-75.59317309755335
40569,no_incendio,-5.7462072862910665,-75.82239791523867
40575,no_incendio,-5.943086820538844,-77.20310189012812
40577,no_incendio,-7.267527749331178,-76.00258934511766
40578,no_incendio,-5.968086685454471,-75.87697296740079
40602,no_incendio,-5.518725698266722,-76.04231826723102
40608,no_incendio,-5.572804894965716,-76.96734256320798
40619,incendio,-6.7787,-76.51
40620,no_incendio,-5.592384500349762,-76.12339689137886
40643,incendio,-6.7324,-76.7346
40647,no_incendio,-6.2816422432891255,-75.61454508391762
40649,incendio,-7.5362,-76.6912
40657,no_incendio,-5.807568980791382,-75.59957931060934
40658,incendio,-7.2152,-76.8892
40661,no_incendio,-6.729806246426535,-76.87013039720924
40667,no_incendio,-6.3402826742912515,-75.67543757743714
40683,incendio,-8.5466,-76.4711
40691,incendio,-7.0282,-76.7606
40698,incendio,-7.611,-76.4937
40710,incendio,-6.04,-76.0769
40711,no_incendio,-7.537264707596327,-76.77993123452514
40717,no_incendio,-5.504024274503536,-76.47223087280436
40720,no_incendio,-5.978876914297251,-77.26050814725458
40721,no_incendio,-6.812854444766214,-76.31590409569822
40730,no_incendio,-5.473631906137981,-76.93641473945902
40737,no_incendio,-6.701934945529236,-77.46493186657752
40738,no_incendio,-6.545046135469808,-77.4695217022142
40741,incendio,-8.3184,-76.6994
40743,no_incendio,-6.705665824489784,-75.86880266225904
40752,no_incendio,-6.737059261843657,-77.50234796745673
40753,no_incendio,-5.695046426207607,-76.82428560854454
40756,no_incendio,-7.1205154593131565,-76.76326173892171
40759,no_incendio,-6.400301881628301,-77.5201604762096
40764,incendio,-7.1487,-76.7597
40767,no_incendio,-6.8038809431040965,-76.81652393345753
40781,no_incendio,-7.0852919010703905,-76.44513634305123
40785,no_incendio,-5.797671068529707,-76.36918688461087
40787,incendio,-8.5231,-77.4435
40792,no_incendio,-6.808298154641365,-77.1261442416624
40793,no_incendio,-6.758060268510353,-77.51884776551792
40795,no_incendio,-5.692068833993068,-76.92243000249631
40809,incendio,-6.0418,-76.8924
40810,no_incendio,-5.5750859368578904,-77.18888026677212
40817,incendio,-6.0671,-75.8402
40819,no_incendio,-7.196513313319464,-76.34355474331385
40820,incendio,-7.2474,-76.7807
40824,no_incendio,-6.25350724604799,-77.4340170352428
40828,no_incendio,-6.061679877354346,-76.10414263000189
40833,no_incendio,-5.339988911138568,-75.94604419335825
40841,incendio,-7.0482,-76.7681
40842,no_incendio,-6.09585600344774,-76.33181330264762
40849,no_incendio,-7.345060499544703,-77.11825976617006
40850,no_incendio,-7.106983766497296,-76.41530269638099
40856,no_incendio,-5.525473635438348,-76.97243620940135
40857,no_incendio,-6.856923978483267,-76.96918980938075
40861,no_incendio,-6.631390870435434,-77.17543848057095
40868,incendio,-8.4045,-76.5091
40872,no_incendio,-6.807279841790784,-75.78242302305196
40884,incendio,-6.0496,-76.0166
40894,incendio,-7.1691,-76.3464
40897,incendio,-7.0066,-76.8735
40908,incendio,-7.1172,-76.5319
40931,incendio,-8.1952,-76.6684
40956,incendio,-6.8961,-76.7193
40964,incendio,-8.4445,-77.074
40988,no_incendio,-5.83397648887431,-77.22981106334638
41002,no_incendio,-6.9821795229188215,-77.4814837765738
41005,incendio,-6.5405,-75.6771
41010,no_incendio,-6.107814853885202,-77.33817072189056
41025,no_incendio,-7.585660689069584,-77.39009094478008
41026,no_incendio,-7.038481344593258,-77.380855509791
41042,no_incendio,-7.149862558736682,-77.09989679523933
41044,no_incendio,-6.602549423318465,-77.00681560184587
41067,no_incendio,-7.27421571842906,-77.20818796800718
41079,no_incendio,-5.9287884158970305,-76.31836219337158
41087,incendio,-6.8335,-76.7955
41090,incendio,-8.3503,-76.3973
41093,incendio,-5.8129,-77.36
41100,incendio,-6.504,-76.6278
41106,no_incendio,-5.437451651862052,-75.53119555354411
41116,no_incendio,-7.325700741079294,-77.06360146385256
41127,no_incendio,-5.472748128836409,-77.20935781294484
41145,incendio,-7.5936,-76.4048
41151,no_incendio,-6.578202945590633,-76.50501159622002
41159,no_incendio,-5.450455855055424,-76.00497644122908
41162,no_incendio,-5.518725698266722,-76.04231826723102
41176,no_incendio,-7.319106221775668,-76.84964608294781
41179,incendio,-7.4531,-76.5482
41189,no_incendio,-6.838209877352376,-75.74494612497837
41205,no_incendio,-5.913444133925558,-76.54061399484421
41209,no_incendio,-6.543469703142076,-77.05698988429933
41212,no_incendio,-5.626490573988114,-76.90197669049898
41215,no_incendio,-7.56354574516261,-76.00460014183221
41231,no_incendio,-6.671769405587168,-77.2003294261131
41233,no_incendio,-7.415686202537784,-75.85189468645096
41235,incendio,-7.4093,-76.726
41236,no_incendio,-7.579948204047341,-77.15279486128607
41238,no_incendio,-6.822682837524565,-76.01658832939721
41239,no_incendio,-5.4225864404931166,-77.44996456310464
41247,no_incendio,-5.858435510959442,-77.08234731471167
41252,no_incendio,-6.914205717609276,-76.21644962030662
41259,no_incendio,-7.3912095148136645,-77.03017853882585
41265,incendio,-7.1522,-76.2174
41280,incendio,-5.9444,-76.9351
41284,no_incendio,-7.436772555974999,-76.13512005747918
41285,incendio,-5.756,-77.3048
41299,no_incendio,-5.881820929193948,-76.58450370780717
41301,no_incendio,-6.960986438297525,-76.973990270216
41306,incendio,-7.4928,-76.4376
41307,incendio,-6.8242,-76.5304
41308,incendio,-8.2451,-76.6321
41319,no_incendio,-6.9734000570740395,-77.15029703123086
41320,incendio,-6.8353,-76.558
41322,no_incendio,-7.396293728832261,-76.90325278525978
41326,incendio,-7.3709,-76.7518
41331,incendio,-7.0109,-76.5975
41336,incendio,-7.1586,-76.3377
41346,no_incendio,-5.346519894910452,-77.42054950645856
41352,no_incendio,-5.49005851410074,-77.39191865885853
41354,incendio,-7.457,-76.6852
41359,no_incendio,-5.444716599482646,-75.83682474093726
41377,no_incendio,-5.826799302537919,-75.73782519899997
41385,no_incendio,-5.968149636265594,-77.51081675536001
41386,incendio,-6.3021,-76.128
41389,no_incendio,-7.086048466965619,-75.60482526516276
41391,no_incendio,-7.143611941895854,-76.83926289395374
41396,incendio,-6.7449,-76.4107
41403,incendio,-5.3522,-75.7685
41405,incendio,-7.1218,-76.5178
41408,no_incendio,-5.371545466461964,-76.40334353874748
41413,no_incendio,-7.251215765230244,-76.69670530916802
41421,no_incendio,-7.389808722529589,-77.07301560245696
41426,no_incendio,-6.825057480379352,-77.49883680928833
41443,no_incendio,-7.4811756669415,-76.01564428333117
41452,incendio,-6.8083,-76.6158
41462,incendio,-8.4068,-76.501
41478,incendio,-6.4926,-75.9294
41499,no_incendio,-6.053663067143272,-77.25400416625581
41501,no_incendio,-7.340268369426515,-77.43400024997341
41505,no_incendio,-6.87454750287368,-76.95714014507665
41506,incendio,-6.5354,-76.7306
41507,no_incendio,-6.032637337308331,-77.27677952675285
41508,incendio,-7.3958,-76.583
41509,incendio,-7.0066,-76.7948
41522,incendio,-6.5082,-76.7229
41523,no_incendio,-5.374689655955711,-76.01901794140703
41526,incendio,-6.2589,-76.1462
41527,incendio,-7.2467,-77.7271
41530,incendio,-7.0345,-76.1621
41531,no_incendio,-5.728686151403572,-77.23987774970512
41534,no_incendio,-5.841084064265475,-76.47146316885033
41559,no_incendio,-6.30791982416226,-77.35125522509678
41569,no_incendio,-5.562529025700048,-76.57485709284715
41575,incendio,-5.8708,-75.9425
41597,incendio,-6.5024,-76.6216
41605,no_incendio,-6.060981828013205,-76.61589601950963
41606,no_incendio,-6.037617039183259,-75.8633441160442
41620,no_incendio,-5.861691315967814,-75.99243493644171
41627,incendio,-7.4117,-76.6205
41641,no_incendio,-5.676274225134516,-77.28318396900629
41643,incendio,-6.285,-75.7929
41658,no_incendio,-7.14999258790223,-77.27323492320696
41669,incendio,-6.8787,-76.5918
41670,no_incendio,-5.89297787831936,-76.40313981264967
41679,no_incendio,-7.237010441563305,-76.53847008307255
41683,incendio,-6.5844,-76.0888
41700,incendio,-6.4219,-77.3549
41706,no_incendio,-6.654532009707288,-75.5305999621871
41726,no_incendio,-6.402507911708669,-75.63264270737905
41727,no_incendio,-5.306306841629591,-77.15046908916776
41728,no_incendio,-6.893924031218003,-76.04905921446095
41730,incendio,-7.0272,-76.8395
41733,incendio,-5.7486,-76.2507
41739,no_incendio,-6.56383921503927,-77.29970461755646
41741,no_incendio,-5.861691315967814,-75.99243493644171
41744,no_incendio,-5.353246300739066,-75.96334736686653
41754,no_incendio,-5.452511328645989,-77.32229773796371
41756,incendio,-7.5175,-77.6136
41758,no_incendio,-7.0475824644559095,-77.00777977835193
41767,no_incendio,-5.682009801127555,-77.32557014599907
41769,no_incendio,-6.319184567250436,-76.7615595241715
41775,no_incendio,-6.834300186862358,-76.1605435782697
41783,incendio,-8.4199,-76.3715
41786,no_incendio,-6.768246356022148,-77.34898684785115
41793,incendio,-6.4473,-76.5203
41795,no_incendio,-5.632876376439432,-77.16339501604922
41797,no_incendio,-6.142530239499738,-77.15463621788837
41800,no_incendio,-5.880891988248802,-77.50381327072611
41814,no_incendio,-6.576004984769571,-77.51523302793387
41820,incendio,-7.2776,-76.5789
41825,incendio,-7.1714,-76.7672
41827,incendio,-7.261,-76.863
41828,no_incendio,-6.9734000570740395,-77.15029703123086
41829,incendio,-5.7403,-76.2215
41838,incendio,-6.9168,-76.307
41841,incendio,-6.0711,-76.1889
41848,no_incendio,-7.500619459820059,-77.36318050509186
41849,incendio,-8.1754,-77.4238
41862,incendio,-5.8134,-76.5306
41867,incendio,-7.3981,-76.555
41878,no_incendio,-5.465881437617145,-76.83346258647516
41879,no_incendio,-7.160701404821328,-77.50258610161559
41890,incendio,-5.3456,-76.5611
41892,incendio,-6.9543,-76.6093
41895,incendio,-8.1206,-76.471
41905,no_incendio,-5.454661580886559,-77.46777785872058
41907,no_incendio,-6.1849308797193405,-77.44943428599332
41909,no_incendio,-7.459517004149713,-75.65348895495933
41911,no_incendio,-6.378539891531966,-75.71550711436312
41918,no_incendio,-6.476078930269108,-76.12579467837428
41927,incendio,-8.0997,-77.3466
41930,incendio,-6.474,-76.5996
41933,no_incendio,-5.356858559279738,-76.9184573866197
41961,incendio,-6.1968,-75.8924
41964,incendio,-7.0645,-76.7788
41967,no_incendio,-5.607896245919547,-76.37910922472966
41969,no_incendio,-6.279874050199112,-75.76672987730963
41970,incendio,-7.5541,-76.7848
41973,incendio,-6.6823,-76.4271
41991,no_incendio,-6.201637039608355,-76.63859765076462
41996,incendio,-7.0584,-77.6136
42001,no_incendio,-6.267765286846349,-75.88438881089547
42011,no_incendio,-5.388346448693102,-76.72150148992378
42013,no_incendio,-5.402348170521421,-77.02463779239379
42014,no_incendio,-5.7783488736056645,-77.39085635603547
42017,no_incendio,-6.55551893099156,-75.68092534598561
42026,no_incendio,-5.900117559948675,-75.56284439390626
42030,no_incendio,-7.139277657699614,-76.6688585627755
42034,no_incendio,-6.787051317211901,-77.10628604223226
42036,no_incendio,-6.38076556073537,-76.97858606969272
42042,no_incendio,-6.819960436835468,-75.76204305997081
42050,incendio,-7.5294,-76.4321
42052,incendio,-6.3833,-76.9041
42057,no_incendio,-5.4433732153340495,-76.71634375535739
42063,incendio,-5.8263,-76.3518
42065,incendio,-6.2642,-76.3199
42076,no_incendio,-5.632876376439432,-77.16339501604922
42078,no_incendio,-6.5340207470218745,-75.73082220173393
42080,no_incendio,-6.370500555903968,-77.21187079190732
42081,incendio,-8.4612,-76.2968
42082,no_incendio,-7.433764184828395,-76.19895087453514
42087,no_incendio,-6.726107042288016,-76.4764656532763
42097,no_incendio,-5.971724397201385,-75.87816764029395
42099,no_incendio,-6.377843437674785,-75.69894560383477
42102,incendio,-6.5616,-76.7077
42116,no_incendio,-6.763948396418463,-75.5008846760666
42127,no_incendio,-7.019065477801208,-77.45420422372614
42137,incendio,-7.0869,-76.7635
42139,no_incendio,-5.867914432983562,-76.93835853406706
42144,no_incendio,-7.506850337937736,-76.33686457857513
42146,incendio,-6.8003,-76.6954
42148,no_incendio,-5.798404361194972,-75.81527300196596
42152,no_incendio,-7.309838483592369,-76.99515991704935
42155,no_incendio,-6.994018548876931,-77.44340810717631
42156,no_incendio,-6.482952600752266,-75.66603340235945
42165,no_incendio,-6.590453070259288,-76.04913179233263
42169,no_incendio,-6.425556209293201,-75.70279330371295
42178,incendio,-6.1578,-75.9937
42179,no_incendio,-7.292676783205119,-75.82456526450503
42183,incendio,-5.6564,-76.4919
42188,no_incendio,-6.727398434306363,-77.48848492382807
42190,incendio,-6.8313,-76.5014
42191,incendio,-6.4253,-76.4353
42192,no_incendio,-7.322683908671553,-75.62004317838583
42194,no_incendio,-7.544493851248457,-76.73397529490327
42212,no_incendio,-5.782302498103818,-75.6928374050029
42224,no_incendio,-5.916934623864143,-76.40108482987945
42228,no_incendio,-5.942412033073392,-76.99723759620795
42235,no_incendio,-5.886501214348173,-76.17373588365827
42237,no_incendio,-6.657837978191169,-76.6528349809883
42243,no_incendio,-5.304216028521146,-77.22955638933952
42245,no_incendio,-5.500738315784995,-75.59662427893288
42251,incendio,-7.5804,-76.7009
42253,no_incendio,-7.401018606692293,-76.00185651713339
42254,incendio,-7.2411,-76.7162
42255,no_incendio,-5.809070578757959,-75.92077418660742
42257,no_incendio,-5.812760524192122,-77.54920790478845
42274,no_incendio,-7.036643028375762,-75.60012732289076
42284,incendio,-7.5547,-76.5025
42286,no_incendio,-5.907158352622331,-77.4442973163752
42288,no_incendio,-7.485621627002571,-76.9594043618508
42289,no_incendio,-7.278446400857449,-77.33703515392486
42291,no_incendio,-5.668562711065817,-75.61105576661728
42294,incendio,-6.0497,-75.9219
42311,no_incendio,-6.308143679517888,-75.54381617905881
42312,no_incendio,-7.547362899320046,-75.73565468655677
42314,no_incendio,-5.783942671800878,-75.80670959767819
42317,incendio,-6.12,-77.6155
42333,no_incendio,-5.976958562482058,-76.80488821989493
42334,no_incendio,-6.469524270312644,-76.04017356223993
42337,no_incendio,-5.747289104744423,-76.88274608576704
42340,no_incendio,-5.941437702339227,-76.71661667859928
42354,no_incendio,-6.135227462144194,-76.4855793054628
42371,no_incendio,-7.218925664720446,-76.08201561394016
42377,no_incendio,-6.26574363006572,-75.945416955943
42383,no_incendio,-7.495613592310532,-75.66310159178755
42392,no_incendio,-7.147843120370421,-77.31448550971452
42398,no_incendio,-5.563302307050842,-76.50751783358145
42406,no_incendio,-7.19668087361042,-76.2603633805298
42411,incendio,-7.0381,-76.659
42414,no_incendio,-6.201637039608355,-76.63859765076462
42417,no_incendio,-6.367884072608207,-76.17501426406548
42419,no_incendio,-5.411652077381302,-77.27749728778487
42420,no_incendio,-5.913375544586391,-77.02153912778006
42421,incendio,-5.8484,-77.1152
42424,incendio,-6.2203,-75.9505
42436,no_incendio,-7.162586032756481,-76.81020137003335
42446,no_incendio,-5.397948781588011,-77.53247141487635
42452,no_incendio,-5.775752820945428,-75.77309666724678
42454,incendio,-6.5358,-76.5596
42466,incendio,-6.2545,-75.9973
42477,incendio,-8.2421,-76.5755
42487,incendio,-6.5012,-76.3639
42488,no_incendio,-7.017817860779479,-76.95461934375838
42489,no_incendio,-5.9272520922930445,-77.17976360795232
42495,no_incendio,-7.465611055003252,-76.84521972476566
42498,no_incendio,-6.721818890646596,-76.25717682869612
42512,no_incendio,-5.531494331119256,-75.68693972870032
42521,incendio,-5.6078,-75.9015
42537,incendio,-6.0985,-77.6915
42541,no_incendio,-5.3902001479588,-77.1291902290787
42551,incendio,-6.159,-76.3252
42554,incendio,-5.8097,-76.0308
42555,no_incendio,-6.237007995955339,-77.29653920345977
42556,incendio,-6.2574,-76.8279
42561,no_incendio,-5.452511328645989,-77.32229773796371
42566,no_incendio,-6.09585600344774,-76.33181330264762
42568,incendio,-7.257,-77.0628
42580,no_incendio,-7.371625145918922,-75.70238603258082
42581,no_incendio,-5.992717705570296,-75.97108395344519
42582,no_incendio,-7.098978961723795,-76.16251434543014
42590,incendio,-6.972,-76.3755
42593,no_incendio,-6.671397085491674,-75.72724206195927
42595,no_incendio,-5.60263772570773,-75.78275132850642
42596,incendio,-6.0859,-75.8075
42610,incendio,-6.5539,-76.5484
42628,no_incendio,-6.5564240987934905,-76.79797957202473
42629,incendio,-6.5869,-76.1632
42654,incendio,-5.8273,-76.0379
42655,incendio,-6.676,-77.3524
42656,no_incendio,-7.475453840000244,-77.09283995143899
42660,no_incendio,-5.8166617894952815,-76.28161854109814
42662,incendio,-6.6202,-76.6546
42666,no_incendio,-6.973841653653549,-76.58656432123784
42671,no_incendio,-5.853989818371729,-76.78866763757419
42674,incendio,-7.4823,-76.6839
42676,no_incendio,-7.0294194294183265,-77.09735006276883
42680,no_incendio,-5.976473792691887,-77.521298056028
42681,no_incendio,-5.501045309864604,-77.33293151035834
42691,no_incendio,-5.889428519671102,-75.83985217439051
42692,incendio,-7.4332,-76.8867
42695,no_incendio,-5.339033958369073,-76.08006911213882
42708,incendio,-7.0156,-76.5927
42725,incendio,-8.696,-76.9285
42726,no_incendio,-5.309022549050947,-77.11989827113337
42728,no_incendio,-5.424572995842199,-76.6735765187215
42729,no_incendio,-6.337630898858479,-77.22298031852678
42753,no_incendio,-7.277740388513622,-77.219832932029
42768,incendio,-6.5014,-76.4351
42777,incendio,-8.6809,-76.2967
42787,incendio,-8.3147,-76.5445
42794,no_incendio,-6.135395550199937,-77.01659159261982
42798,incendio,-6.2373,-75.8064
42800,incendio,-7.4208,-76.8662
42811,no_incendio,-6.3028561898427915,-76.27802291650278
42837,incendio,-6.9229,-76.2148
42841,incendio,-5.8298,-77.1049
42845,incendio,-5.7151,-76.0572
42850,no_incendio,-5.6874479423727555,-75.79801976537915
42851,incendio,-7.3448,-76.5664
42861,no_incendio,-6.088150630105884,-77.05183868742043
42863,incendio,-7.026,-76.5984
42877,incendio,-6.835,-76.7579
42881,no_incendio,-5.856151465825925,-75.61952647714237
42887,no_incendio,-6.442429492492132,-75.8210206317141
42897,no_incendio,-7.322815935895123,-76.7836025186051
42903,no_incendio,-7.181016545835497,-77.14662187463146
42919,incendio,-6.9918,-76.6171
42929,no_incendio,-5.931410128051382,-77.48442078407336
42931,no_incendio,-6.979782618165886,-76.34280103633438
42933,incendio,-5.7729,-77.4644
42937,incendio,-8.0503,-77.2393
42947,incendio,-5.9019,-75.9277
42948,incendio,-6.0249,-76.2358
42949,no_incendio,-6.1849308797193405,-77.44943428599332
42963,incendio,-7.6271,-77.4869
42964,no_incendio,-6.402507911708669,-75.63264270737905
42966,incendio,-8.2683,-76.536
42973,no_incendio,-7.587620813063947,-76.03285942876866
42976,no_incendio,-5.432202072011853,-76.59374002276904
42978,no_incendio,-6.089075896633828,-77.11331132604498
42980,no_incendio,-6.763948396418463,-75.5008846760666
42987,no_incendio,-6.960339111557958,-75.64609550577184
43008,no_incendio,-6.761574880071224,-76.52109859066432
43010,no_incendio,-5.709919403753175,-77.18915952963572
43021,no_incendio,-7.292464300747621,-76.5588244421564
43024,incendio,-6.2833,-75.7664
43027,no_incendio,-6.114431837075887,-77.3791914454974
43051,no_incendio,-5.9343288832648255,-75.71284400291329
43054,no_incendio,-7.4143617918638425,-76.41255499623206
43055,no_incendio,-6.687814799910479,-75.56700420232013
43067,no_incendio,-6.314113189001013,-76.77593472488475
43079,incendio,-6.8711,-76.579
43080,incendio,-7.0301,-76.8195
43081,no_incendio,-6.344738730281884,-77.28085925820518
43088,incendio,-5.7088,-76.4062
43089,no_incendio,-6.825057480379352,-77.49883680928833
43096,incendio,-5.7992,-77.4517
43100,no_incendio,-7.433764184828395,-76.19895087453514
43106,incendio,-5.8207,-77.3019
43109,no_incendio,-7.44968802750322,-77.23116283334409
43111,no_incendio,-6.774947131584925,-76.00722166007617
43112,incendio,-6.0614,-76.2235
43128,no_incendio,-7.228019173352536,-75.83265543127759
43137,no_incendio,-6.694264893002906,-76.05015609684683
43140,incendio,-5.4769,-76.6344
43143,no_incendio,-7.583028139538337,-75.69881965938345
43144,incendio,-6.4196,-76.4379
43157,incendio,-5.7471,-76.2577
43179,no_incendio,-5.65675190083822,-76.2124000269003
43187,no_incendio,-5.455465993485473,-76.16419328270247
43191,no_incendio,-5.721753234372427,-77.04300744557013
43198,no_incendio,-6.818883045664746,-77.17747642270048
43210,incendio,-7.1392,-76.7687
43215,no_incendio,-6.947446276433678,-76.55641004463064
43221,no_incendio,-6.603103679284163,-76.5352543472929
43223,no_incendio,-6.905014878753814,-76.49698867319515
43225,no_incendio,-7.495613592310532,-75.66310159178755
43227,no_incendio,-7.163128957992517,-77.33946379317482
43232,no_incendio,-5.313659040472185,-75.7974059398213
43234,incendio,-8.1398,-77.6436
43235,no_incendio,-7.381225768944467,-76.16930082038664
43236,no_incendio,-5.902847721330155,-77.17634156149673
43238,incendio,-7.0291,-76.2523
43243,no_incendio,-7.277740388513622,-77.219832932029
43255,no_incendio,-5.7532005563442,-76.81683301115936
43262,no_incendio,-6.5603093207023875,-76.81459925787705
43264,no_incendio,-5.473631906137981,-76.93641473945902
43279,no_incendio,-6.774947131584925,-76.00722166007617
43282,no_incendio,-7.384620420011121,-76.77592855304549
43293,no_incendio,-7.486384119244431,-77.33522717320785
43302,incendio,-6.8886,-76.6544
43304,no_incendio,-6.273383567178642,-76.44114691338451
43317,no_incendio,-7.3045123106112335,-75.99723406684437
43322,incendio,-6.5326,-76.4111
43333,no_incendio,-6.559793328628168,-75.94281873717337
43336,incendio,-6.487,-76.7234
43340,incendio,-7.0748,-76.4014
43346,no_incendio,-7.047404652384161,-75.9921217029406
43348,incendio,-5.659,-75.929
43356,incendio,-5.8212,-76.021
43363,incendio,-6.8207,-76.4871
43364,incendio,-7.2786,-76.6711
43373,no_incendio,-6.1156293221158835,-76.01949781132349
43377,incendio,-6.8822,-76.6468
43391,incendio,-7.4844,-76.693
43401,no_incendio,-6.827947755317633,-77.24078320536096
43406,incendio,-7.1272,-76.1773
43411,incendio,-6.1627,-76.2924
43420,no_incendio,-5.710479011729555,-76.39175910938613
43440,incendio,-7.2411,-76.2808
43441,incendio,-6.607,-77.3699
43442,no_incendio,-7.346936014424016,-77.24612328998047
43444,incendio,-5.8815,-76.0731
43452,incendio,-6.506,-76.5986
43458,no_incendio,-6.4800299159294745,-75.86986955910662
43462,incendio,-7.4534,-76.5751
43479,no_incendio,-5.839270188717535,-77.49668062311541
43487,no_incendio,-5.348479960720765,-76.73008143184053
43495,incendio,-6.3092,-76.3063
43507,incendio,-5.7095,-75.8473
43510,incendio,-7.308,-76.6867
43529,no_incendio,-7.598815481458372,-76.55352785980209
43544,no_incendio,-6.013807781245941,-77.54515653099793
43546,incendio,-6.4921,-76.3586
43584,no_incendio,-6.125013751679443,-76.15307627183338
43590,incendio,-8.0525,-77.2518
43597,no_incendio,-5.61928379725062,-76.7464492739021
43601,no_incendio,-6.709534503439617,-76.66045732733674
43604,incendio,-7.5542,-77.4306
43605,no_incendio,-7.084883582406477,-76.16691642079259
43608,no_incendio,-6.0254636524537775,-76.26070791675792
43609,no_incendio,-5.329337229365641,-77.4752371215785
43611,no_incendio,-5.68462514388274,-76.77383589546262
43616,incendio,-5.9152,-75.929
43619,no_incendio,-5.41517785771272,-76.05115692097354
43621,incendio,-6.4879,-76.5733
43622,incendio,-6.8112,-76.3411
43624,no_incendio,-5.532853929708149,-75.98229483983717
43631,no_incendio,-7.119124402863609,-77.37715689078294
43632,no_incendio,-5.9729308547052575,-77.19584889522876
43636,no_incendio,-6.802375216185101,-76.58944416230916
43639,no_incendio,-5.800663587251775,-77.2156236281296
43644,no_incendio,-6.475196466130733,-76.70818383406251
43654,no_incendio,-6.709233322192638,-77.51049806027564
43655,incendio,-7.2897,-76.6051
43660,no_incendio,-6.787051317211901,-77.10628604223226
43662,no_incendio,-7.126729071613174,-77.02628949920283
43663,no_incendio,-5.9462000997115165,-76.43849970195068
43666,no_incendio,-5.881820929193948,-76.58450370780717
43669,no_incendio,-6.122241228202742,-76.97601645146484
43682,no_incendio,-6.923846443514746,-77.29283624638697
43683,no_incendio,-7.5990878129892385,-76.01433706050479
43698,no_incendio,-6.946999930209273,-76.16347768392615
43699,no_incendio,-6.890502660955485,-77.28521359628384
43702,no_incendio,-5.906320557671209,-76.16456069117528
43703,no_incendio,-5.431391280919102,-75.58519659503115
43710,no_incendio,-7.180514878638644,-76.37224014179314
43715,incendio,-6.2003,-76.3145
43716,no_incendio,-7.186570265010596,-75.84461863050306
43723,no_incendio,-7.464502353788052,-77.51392837949253
43726,incendio,-6.2939,-76.0704
43744,incendio,-6.505,-76.3382
43747,incendio,-8.2382,-76.5679
43771,incendio,-5.3915,-76.4511
43781,no_incendio,-7.584063938890335,-77.08532363724217
43785,no_incendio,-6.447996016247126,-77.41234607167007
43791,incendio,-6.0727,-76.2787
43797,no_incendio,-6.657837978191169,-76.6528349809883
43803,no_incendio,-5.8513705657504405,-76.02980196988514
43807,incendio,-6.9381,-76.4965
43812,no_incendio,-7.225892265359727,-76.0093087691897
43813,incendio,-6.5751,-76.0191
43815,no_incendio,-5.966007765722613,-76.02339603474364
43816,no_incendio,-5.826799302537919,-75.73782519899997
43819,incendio,-8.3092,-76.3885
43823,incendio,-7.5396,-76.431
43826,no_incendio,-6.156444886914189,-76.11831601972577
43830,no_incendio,-5.8084744858353705,-77.25537544416976
43831,incendio,-7.1506,-76.6259
43842,no_incendio,-5.955706826060275,-77.52353123807491
43844,no_incendio,-6.187799355462546,-77.0520465624197
43845,no_incendio,-7.496239899438951,-76.29662903245722
43848,no_incendio,-5.659847709526774,-75.83935663792408
43850,no_incendio,-5.7595902055188795,-75.77924853201874
43852,incendio,-7.2958,-76.5866
43860,no_incendio,-5.3088507793034125,-76.33692970134372
43872,no_incendio,-5.636606643396935,-75.65023157423232
43875,no_incendio,-5.921387481016298,-75.640821414452
43877,no_incendio,-5.557069716448366,-75.65393079947539
43900,no_incendio,-6.306399139576039,-77.35464424704278
43901,no_incendio,-5.941437702339227,-76.71661667859928
43915,no_incendio,-6.089075896633828,-77.11331132604498
43921,no_incendio,-6.642584248060827,-75.75075985956546
43926,no_incendio,-7.516029592309847,-76.17814319860955
43927,no_incendio,-5.815055199872086,-76.00054370091742
43930,incendio,-6.5604,-76.6009
43938,no_incendio,-5.853989818371729,-76.78866763757419
43939,incendio,-7.2369,-76.7255
43947,no_incendio,-7.276587033646778,-76.71291357389988
43950,incendio,-6.9337,-76.9084
43954,no_incendio,-6.1419091354730675,-76.8668930112328
43963,incendio,-7.5912,-76.793
43968,no_incendio,-6.911054339106914,-76.61694946054432
43972,no_incendio,-7.415686202537784,-75.85189468645096
43979,no_incendio,-5.62998043999866,-76.34952477053923
43986,incendio,-8.3985,-76.3629
44001,no_incendio,-5.577290052521281,-76.32966434490925
44005,no_incendio,-5.968870459553349,-76.92149677654932
44013,incendio,-7.1646,-76.2305
44015,no_incendio,-6.93526933500558,-76.94440022861454
44018,no_incendio,-5.946515429749496,-77.17416988943258
44022,no_incendio,-5.798251230559933,-76.03303003317315
44024,incendio,-6.6846,-76.6579
44029,no_incendio,-6.5096234782459765,-76.05722709745423
44030,incendio,-7.2153,-76.6537
44035,incendio,-7.4988,-76.6699
44045,incendio,-7.5891,-76.4973
44046,no_incendio,-6.641370996240543,-76.27210728920325
44047,incendio,-7.194,-77.0237
44055,no_incendio,-5.525473635438348,-76.97243620940135
44062,no_incendio,-7.491547550658209,-77.41447872545433
44065,no_incendio,-7.245236344594437,-75.87140818649081
44067,no_incendio,-5.829668681149241,-76.34423254304822
44070,incendio,-5.8671,-76.0415
44071,no_incendio,-5.695046426207607,-76.82428560854454
44075,incendio,-7.226,-76.969
44076,incendio,-6.3485,-76.1176
44082,incendio,-6.9375,-76.1647
44095,no_incendio,-6.273383567178642,-76.44114691338451
44098,no_incendio,-6.846679592265051,-75.78055281220841
44129,incendio,-6.9139,-76.6722
44132,no_incendio,-6.594872736761388,-76.81244710228094
44134,no_incendio,-6.324852338083002,-77.32158487709337
44136,no_incendio,-6.1574013412773905,-75.50582251676065
44146,no_incendio,-7.544493851248457,-76.73397529490327
44147,no_incendio,-5.5369399299131885,-77.31171501653961
44155,no_incendio,-6.6726823357299025,-76.74697083453398
44170,no_incendio,-7.3664786483523805,-76.23130655990323
44181,incendio,-5.8615,-76.3602
44182,no_incendio,-5.31562173519542,-75.64368786803017
44189,no_incendio,-5.561294814825637,-75.74902836133377
44197,no_incendio,-5.712986091901971,-76.69466982249243
44207,no_incendio,-6.543469703142076,-77.05698988429933
44222,incendio,-8.6152,-76.1093
44226,no_incendio,-6.699009805364948,-77.20530585140459
44231,no_incendio,-7.2373332017811665,-76.09425476964923
44234,no_incendio,-5.7783488736056645,-77.39085635603547
44236,incendio,-5.6885,-75.89
44237,no_incendio,-7.521089953660397,-76.50586647383346
44238,no_incendio,-6.446499470618798,-75.63834110129498
44242,no_incendio,-7.288794185700048,-76.06129578328853
44260,no_incendio,-6.490391135640375,-76.20592887580928
44262,incendio,-5.7237,-77.3824
44267,no_incendio,-6.672836316039594,-77.21035813191263
44270,no_incendio,-6.8812608532922095,-77.14870823308875
44271,no_incendio,-5.709919403753175,-77.18915952963572
44280,no_incendio,-6.66782718852246,-77.11974959426693
44285,no_incendio,-5.916451876326068,-76.42141770409339
44287,no_incendio,-6.397916753583541,-76.88339705526924
44288,no_incendio,-5.532392079747417,-76.92136640270547
44290,incendio,-6.4857,-76.7785
44292,no_incendio,-6.649475670478298,-75.86589242526365
44296,incendio,-6.9799,-76.8543
44308,incendio,-8.654,-76.1581
44314,no_incendio,-7.006429626529349,-76.40821160101947
44321,no_incendio,-6.6817259124413635,-75.77879648666988
44327,no_incendio,-6.9303848627730344,-77.0665622069992
44330,no_incendio,-5.6897437871119,-77.10615819747757
44333,incendio,-6.3306,-76.0503
44340,incendio,-6.5326,-76.424
44342,no_incendio,-5.900355019577343,-76.50972621036057
44348,no_incendio,-5.307511492937007,-75.87055498280709
44359,incendio,-5.7311,-77.4585
44362,incendio,-5.9537,-76.2114
44363,incendio,-6.4932,-76.7393
44364,incendio,-7.3754,-76.639
44366,incendio,-6.1684,-76.3888
44380,incendio,-6.0434,-76.9246
44382,no_incendio,-6.08674868659818,-77.38664384875209
44385,no_incendio,-5.5904160018413185,-75.95967696851481
44387,no_incendio,-7.140032609231243,-75.65901239539657
44389,no_incendio,-6.9256501234330665,-77.07157879837493
44400,no_incendio,-6.6229879670061225,-75.80299704996388
44407,no_incendio,-5.4225864404931166,-77.44996456310464
44410,incendio,-6.9079,-76.285
44421,no_incendio,-6.58181358126526,-75.97994293561052
44422,incendio,-6.7555,-76.4189
44424,no_incendio,-6.3737423006602185,-77.16577350376646
44429,incendio,-5.866,-77.3106
44439,no_incendio,-6.746503515167967,-76.72857236085679
44445,no_incendio,-5.544976635100384,-76.33130727413504
44459,no_incendio,-6.741440234624422,-77.09605125719467
44460,no_incendio,-5.594721982840302,-76.73250330554579
44467,no_incendio,-6.86277091910318,-76.45893260017807
44471,no_incendio,-6.063333052679301,-77.2619056071794
44475,no_incendio,-6.237716755759431,-77.39156311979332
44484,incendio,-7.3663,-76.6403
44486,no_incendio,-5.3689055308415,-76.62344622964636
44491,no_incendio,-5.362697688980843,-76.37235425327088
44502,no_incendio,-6.654532009707288,-75.5305999621871
44505,incendio,-7.4077,-76.5936
44511,incendio,-7.3355,-76.611
44514,no_incendio,-6.459421110313875,-76.2975020951517
44525,incendio,-7.219,-76.6342
44530,no_incendio,-6.2554801571250565,-76.43574997258422
44540,incendio,-7.4368,-76.3983
44550,no_incendio,-7.0294194294183265,-77.09735006276883
44559,incendio,-5.8742,-76.3671
44565,no_incendio,-5.590954776196541,-75.61262101600937
44570,incendio,-6.9386,-76.3877
44584,incendio,-8.6206,-76.7714
44592,no_incendio,-6.156942123129494,-76.92567844755888
44599,incendio,-6.8444,-76.8074
44603,no_incendio,-5.901183537582431,-77.01906915606199
44604,no_incendio,-5.5629279584591815,-75.58676722265717
44607,no_incendio,-5.734596234605278,-76.54404736792905
44616,no_incendio,-6.158099214586715,-77.01707847694989
44617,no_incendio,-6.427611857268102,-77.39761535548438
44622,incendio,-6.2592,-76.2065
44623,no_incendio,-6.520841370621428,-77.36086106907894
44624,no_incendio,-6.7988040085111265,-76.15084820178622
44628,incendio,-5.9749,-76.2309
44630,no_incendio,-5.362923654155092,-76.9119868960568
44636,no_incendio,-6.459421110313875,-76.2975020951517
44639,no_incendio,-6.831471934568246,-75.7875932896481
44645,incendio,-7.5411,-76.7629
44646,no_incendio,-5.546857195256127,-75.81190178678054
44648,incendio,-6.6811,-76.6441
44649,incendio,-7.5697,-76.6706
44652,incendio,-7.1016,-76.6993
44657,no_incendio,-6.352348321356028,-75.59610164326816
44660,no_incendio,-5.391936920318269,-75.74765732530163
44664,incendio,-6.9651,-76.7561
44665,incendio,-5.9835,-76.4875
44675,incendio,-6.8611,-76.762
44688,no_incendio,-7.0802266587833635,-75.87902422488
44694,no_incendio,-7.4654999073290265,-76.71461513627762
44700,no_incendio,-6.281173626920689,-76.33798845589783
44707,no_incendio,-6.493728884519305,-75.95080124431671
44709,no_incendio,-5.3130357942785436,-76.58858316456917
44710,incendio,-7.2914,-76.5765
44715,incendio,-6.7481,-76.5868
44717,no_incendio,-6.545046135469808,-77.4695217022142
44734,no_incendio,-5.5750859368578904,-77.18888026677212
44736,no_incendio,-7.233124705417647,-77.12066793132318
44741,no_incendio,-6.632429838819291,-76.85546244307059
44745,no_incendio,-6.968966493455318,-76.77095416720522
44754,no_incendio,-7.566170057674632,-77.33420456007225
44759,incendio,-5.7851,-77.3839
44760,no_incendio,-6.441902560534528,-76.15943969390888
44761,incendio,-6.0334,-77.0847
44779,no_incendio,-5.455465993485473,-76.16419328270247
44782,no_incendio,-6.699009805364948,-77.20530585140459
44784,incendio,-6.5755,-76.6956
44791,incendio,-6.4227,-75.786
44792,incendio,-7.0157,-76.1134
44796,incendio,-8.5374,-76.3014
44801,no_incendio,-7.58397179719786,-76.78899858637695
44808,incendio,-7.1691,-76.7876
44815,incendio,-7.2476,-76.7056
44818,no_incendio,-7.230653311251528,-76.66188363656903
44833,no_incendio,-5.623597121632923,-75.81781716667395
44834,no_incendio,-5.541112522183527,-75.99676308138659
44845,incendio,-7.1006,-76.3447
44846,no_incendio,-6.208571378644004,-77.08847372883292
44851,no_incendio,-6.312891094128834,-75.840822427949
44855,no_incendio,-6.143493830692505,-76.5408916216836
44860,no_incendio,-5.607428760846163,-75.61638280541105
44864,no_incendio,-6.890502660955485,-77.28521359628384
44878,incendio,-7.1863,-76.6376
44880,no_incendio,-5.6909060907931215,-77.03642215530066
44885,no_incendio,-6.122720954624869,-76.9879603704079
44887,no_incendio,-6.185102706019143,-75.78932803542219
44899,incendio,-6.7019,-76.6318
44905,incendio,-6.7176,-77.5854
44907,incendio,-7.0141,-76.1245
44912,no_incendio,-7.193491617772813,-76.90637497057176
44914,incendio,-8.488,-76.3481
44924,no_incendio,-6.741564716218832,-76.27215624555981
44929,incendio,-6.1197,-77.0744
44937,no_incendio,-7.217469611041255,-75.6059674027119
44946,no_incendio,-6.295102509635013,-77.52506617532497
44951,no_incendio,-5.366911069115064,-77.28733600522496
44965,no_incendio,-5.728686151403572,-77.23987774970512
44967,no_incendio,-6.146020638711784,-75.61071933850509
44970,no_incendio,-6.421249722496318,-77.04956463628945
44972,no_incendio,-7.103154809386207,-75.80011378156274
44992,no_incendio,-5.936332555331325,-76.83179580754164
44994,incendio,-6.7826,-76.6412
44997,no_incendio,-6.416369783766856,-77.46099434503463
45000,no_incendio,-7.485621627002571,-76.9594043618508
45005,no_incendio,-6.899424280300874,-76.07403591805503
45009,incendio,-8.0569,-77.3865
45011,no_incendio,-6.775573791793621,-76.68783581514383
45018,no_incendio,-7.087560477783244,-76.48701616296685
45019,no_incendio,-7.107720073878569,-76.6999842966137
45049,no_incendio,-7.554963436234575,-75.69130210162552
45055,incendio,-6.7262,-76.7132
45056,no_incendio,-6.960339111557958,-75.64609550577184
45065,no_incendio,-6.081931713189248,-77.21688851873837
45071,no_incendio,-6.519206979509828,-76.45089641887259
45080,incendio,-6.8285,-76.5853
45087,no_incendio,-7.389808722529589,-77.07301560245696
45091,no_incendio,-5.403821247036303,-76.32388095777216
45097,incendio,-7.1677,-76.6905
45103,incendio,-5.9564,-76.2568
45106,no_incendio,-5.746784627492212,-75.78617751665539
45107,no_incendio,-5.316751485798925,-76.19649120217885
45112,no_incendio,-7.327752780112304,-76.88582488471454
45113,no_incendio,-6.91975600968376,-77.05871610020544
45123,no_incendio,-5.719203795161454,-76.0632701523621
45125,incendio,-6.9706,-76.873
45129,no_incendio,-5.733319617679441,-76.17295841826885
45131,incendio,-7.013,-77.6729
45140,no_incendio,-6.6308882191110055,-76.3915553322726
45141,incendio,-8.2433,-76.578
45148,no_incendio,-5.710479011729555,-76.39175910938613
45157,no_incendio,-6.551429222354349,-76.91211574837874
45162,no_incendio,-5.409587022918446,-76.44819351401671
45201,no_incendio,-6.10372793592555,-77.07921750093743
45203,no_incendio,-6.572656774954891,-77.3264854349528
45204,no_incendio,-5.701666858501454,-75.71059369687181
45215,no_incendio,-5.706911774664528,-77.15797296628834
45222,no_incendio,-5.423715260330031,-75.80260147002005
45227,no_incendio,-7.583028139538337,-75.69881965938345
45240,no_incendio,-5.866539639068574,-77.22687497991105
45246,no_incendio,-5.882916892819359,-76.86515934904114
45265,no_incendio,-6.199486560201427,-77.4221153051421
45266,incendio,-7.0123,-77.6816
45272,no_incendio,-6.1156293221158835,-76.01949781132349
45273,no_incendio,-7.188505073730313,-76.90328431055737
45274,incendio,-8.6739,-76.127
45302,no_incendio,-6.061848479102238,-75.8084457666632
45308,no_incendio,-6.40519633681147,-77.40140623826653
45310,no_incendio,-6.1628423736617925,-77.33214012724629
45314,incendio,-7.002,-76.2774
45327,no_incendio,-6.013807781245941,-77.54515653099793
45330,incendio,-7.557,-76.7258
45331,incendio,-6.3921,-76.5569
45332,no_incendio,-5.66978916869293,-75.78583352536694
45339,no_incendio,-6.3427644504242675,-77.35180398852548
45349,no_incendio,-6.473718077481412,-77.49661278682977
45359,incendio,-6.6904,-76.2476
45360,no_incendio,-5.9130091622376435,-77.42859659593488
45363,incendio,-6.9578,-76.8371
45365,incendio,-7.5475,-76.4155
45369,incendio,-6.6116,-76.7338
45371,no_incendio,-6.837388041019548,-77.0882269714977
45381,no_incendio,-5.356529850556848,-75.70252244587886
45387,no_incendio,-6.797128032172363,-76.15133853102378
45391,no_incendio,-7.07173503300346,-76.39313006840234
45397,no_incendio,-6.594872736761388,-76.81244710228094
45400,incendio,-8.3752,-76.3761
45401,no_incendio,-5.5280435147957645,-75.64292390382334
45403,no_incendio,-6.702659611656615,-77.00358407805038
45414,incendio,-6.5495,-76.0911
45427,incendio,-8.3521,-76.7272
45429,incendio,-7.0794,-76.6576
45431,no_incendio,-7.575264155010306,-76.7671801072031
45434,no_incendio,-5.382192721085108,-75.80513455395052
45443,no_incendio,-7.333298288226105,-76.42146225481947
45457,no_incendio,-6.60024344042182,-76.28088372901857
45471,incendio,-7.246,-76.6726
45474,incendio,-6.9713,-76.7688
45490,incendio,-7.369,-76.6988
45492,no_incendio,-6.000321843594466,-77.16959710695784
45496,no_incendio,-7.261909044974304,-76.6515755533258
45504,no_incendio,-6.801666192426729,-76.32704638741743
45506,no_incendio,-7.5699592193140015,-75.58526155924636
45513,no_incendio,-6.044769424983038,-75.50599138370771
45518,incendio,-7.0463,-76.7809
45526,incendio,-6.3738,-76.4768
45527,no_incendio,-7.509252354285814,-75.54465114823546
45532,no_incendio,-7.496239899438951,-76.29662903245722
45536,no_incendio,-5.882379700992915,-75.5521215473338
45544,no_incendio,-5.894898869067559,-77.35176843132272
45554,incendio,-7.0773,-76.6375
45556,incendio,-6.1284,-76.3161
45557,no_incendio,-5.747916301571042,-76.94248947046277
45563,no_incendio,-6.5340207470218745,-75.73082220173393
45565,no_incendio,-6.931023435575018,-75.82624629253455
45567,no_incendio,-5.84380402008071,-75.92947605096468
45573,no_incendio,-7.4438050568529475,-75.8809717620132
45574,no_incendio,-5.776890989468168,-77.17544694472763
45583,no_incendio,-5.434734993358147,-76.94653262890384
45584,no_incendio,-5.824960586839608,-76.59374334653756
45586,no_incendio,-6.260923080518788,-75.61074627640608
45588,incendio,-6.0836,-75.8192
45602,no_incendio,-6.328050055589178,-77.0850887708193
45608,no_incendio,-5.562529025700048,-76.57485709284715
45610,no_incendio,-6.715205623153173,-76.11809578650696
45613,incendio,-7.2386,-76.4458
45617,no_incendio,-6.254046612679011,-76.94445690037632
45618,no_incendio,-5.661805796480656,-77.53514186743837
45632,incendio,-6.5657,-76.5347
45633,no_incendio,-5.374155680654134,-76.14052405499798
45639,no_incendio,-5.944935096517128,-76.18780832521988
45642,incendio,-6.0915,-76.312
45652,no_incendio,-6.634686692730256,-75.5796876028018
45654,incendio,-8.4043,-76.3563
45666,incendio,-7.315,-76.6116
45675,incendio,-6.6111,-76.1139
45677,no_incendio,-5.808189893519151,-75.58463969579134
45688,no_incendio,-5.845552774346191,-76.31135197083327
45694,no_incendio,-6.581835148874593,-77.10480197876178
45705,no_incendio,-6.141100932072808,-75.82733820285651
45706,no_incendio,-6.254046612679011,-76.94445690037632
45715,no_incendio,-6.75147932991093,-77.49824320852836
45717,no_incendio,-6.526663320909917,-76.57498858502044
45729,no_incendio,-6.530680448143941,-77.14936961816767
45730,no_incendio,-7.340268369426515,-77.43400024997341
45732,no_incendio,-6.541834413903653,-76.37649272286701
45733,no_incendio,-6.787959079277664,-75.64572689392233
45735,no_incendio,-5.880337682080549,-76.27434878275604
45757,no_incendio,-7.516029592309847,-76.17814319860955
45761,no_incendio,-6.722977701208728,-76.08504808570892
45764,no_incendio,-6.479517291884607,-77.31045667927476
45767,no_incendio,-5.450455855055424,-76.00497644122908
45768,incendio,-8.415,-76.4541
45776,incendio,-6.5719,-76.587
45782,incendio,-6.1289,-76.2413
45783,incendio,-6.8824,-76.4718
45791,incendio,-8.6761,-76.1253
45803,no_incendio,-7.035328568865795,-77.4057239232557
45805,no_incendio,-6.56383921503927,-77.29970461755646
45809,no_incendio,-7.017817860779479,-76.95461934375838
45811,no_incendio,-6.081693229189671,-76.04554760839422
45812,incendio,-6.658,-76.2581
45831,incendio,-7.1923,-76.3574
45834,incendio,-7.1198,-76.6965
45841,no_incendio,-7.291269329879484,-76.54650698845496
45851,no_incendio,-6.904145543477711,-77.38998183817624
45853,no_incendio,-7.156566202951519,-76.39767455117727
45857,no_incendio,-6.344517536741018,-75.98404289972582
45860,incendio,-8.4132,-76.4197
45861,no_incendio,-6.701934945529236,-77.46493186657752
45865,no_incendio,-5.977954403238399,-75.89740788010133
45866,incendio,-6.7857,-76.5933
45867,incendio,-7.2899,-76.5871
45871,incendio,-7.3887,-76.7313
45874,no_incendio,-5.557069716448366,-75.65393079947539
45877,no_incendio,-6.107814853885202,-77.33817072189056
45882,incendio,-6.7463,-76.6661
45883,no_incendio,-6.3028561898427915,-76.27802291650278
45884,incendio,-6.6894,-76.3057
45890,no_incendio,-5.364004538303699,-76.51587462337326
45897,no_incendio,-6.684588652346477,-77.1953837139415
45903,no_incendio,-7.329270682828255,-76.84451015929197
45909,no_incendio,-5.707217935164065,-76.52295370572979
45911,incendio,-8.3925,-76.343
45912,incendio,-6.7408,-76.6434
45914,no_incendio,-6.113994500362599,-76.09851389136325
45918,no_incendio,-5.987623594847527,-77.50895445827787
45922,no_incendio,-7.306661299403648,-77.35299757529853
45927,incendio,-8.4315,-76.3989
45928,no_incendio,-7.301995634610949,-77.3052348248029
45932,no_incendio,-5.8012341650518415,-77.26448001518449
45936,no_incendio,-5.5941151159540015,-75.60783919102062
45937,no_incendio,-6.181570378698443,-77.2403974842685
45950,no_incendio,-6.434453669791493,-76.35359643649942
45952,no_incendio,-5.65675190083822,-76.2124000269003
45960,no_incendio,-6.3480305531769075,-76.22097710185248
45964,no_incendio,-5.692068833993068,-76.92243000249631
45966,incendio,-5.7203,-76.1777
45967,no_incendio,-7.575264155010306,-76.7671801072031
45979,no_incendio,-5.487710562433828,-76.3714568595569
45989,incendio,-6.923,-76.2725
45993,incendio,-6.408,-75.8529
45998,no_incendio,-7.111569656244363,-77.04269521527607
46001,no_incendio,-5.5463833686959125,-76.92476001499328
46009,no_incendio,-6.959314262350769,-76.76578066872496
46018,incendio,-6.0207,-77.2268
46023,no_incendio,-5.62794321017974,-76.97851232659868
46025,incendio,-7.4013,-76.4178
46027,incendio,-6.8707,-76.7439
46028,no_incendio,-6.535140869924569,-76.94972010352429
46029,incendio,-7.2269,-76.6989
46034,incendio,-5.9484,-77.6806
46045,no_incendio,-5.389176452484517,-75.81151917065094
46048,no_incendio,-6.124908546496211,-75.75141276131208
46052,no_incendio,-7.465611055003252,-76.84521972476566
46057,no_incendio,-6.491284059337684,-76.25746904489338
46059,no_incendio,-6.834300186862358,-76.1605435782697
46063,no_incendio,-6.590197592397879,-75.98025100323518
46074,no_incendio,-5.847351714277372,-76.19994787889544
46080,no_incendio,-7.304318403936466,-76.8341795441283
46085,no_incendio,-5.916934623864143,-76.40108482987945
46088,incendio,-8.0174,-77.2135
46089,no_incendio,-6.833720284532176,-77.09053083344739
46094,incendio,-6.705,-76.3404
46095,incendio,-7.1159,-76.5157
46099,no_incendio,-6.273383567178642,-76.44114691338451
46104,no_incendio,-6.397916753583541,-76.88339705526924
46109,incendio,-6.6431,-76.6427
46112,no_incendio,-7.061403957049695,-76.62981524420255
46114,no_incendio,-5.316700367183811,-76.26596491615018
46116,incendio,-6.6715,-76.7141
46121,no_incendio,-6.836006339265761,-75.80496615427175
46128,incendio,-6.0332,-76.2401
46133,incendio,-6.8964,-76.3409
46139,no_incendio,-7.442180034070876,-75.92683774273232
46140,incendio,-6.8121,-76.414
46144,no_incendio,-5.7630676382897414,-75.77232686505347
46146,incendio,-8.7006,-76.1403
46148,incendio,-7.2207,-76.7148
46149,incendio,-6.8744,-76.6081
46152,incendio,-6.2525,-76.2604
46153,incendio,-7.2253,-77.0486
46168,no_incendio,-7.448422790645704,-75.84545299813023
46172,incendio,-7.1278,-76.6209
46186,no_incendio,-7.343476837968453,-76.86299220846689
46222,incendio,-7.4538,-76.6417
46232,no_incendio,-6.644983818759033,-76.97235660144274
46233,no_incendio,-6.238571072533694,-75.50795501172155
46240,incendio,-7.2242,-76.8369
46242,incendio,-6.6192,-76.4006
46248,incendio,-6.637,-76.7657
46254,incendio,-6.8697,-76.7765
46256,incendio,-6.9204,-76.7648
46258,incendio,-8.6557,-76.2972
46269,no_incendio,-6.937667134670242,-75.79567614590403
46272,incendio,-6.1848,-76.3477
46280,no_incendio,-7.544493851248457,-76.73397529490327
46283,incendio,-5.7518,-77.3396
46284,incendio,-6.2335,-76.7237
46285,incendio,-6.895,-76.9371
46286,no_incendio,-7.158262650594558,-76.17139715257736
46302,no_incendio,-6.959314262350769,-76.76578066872496
46312,no_incendio,-5.807017349001207,-75.61769536103809
46314,incendio,-6.951,-76.3414
46317,no_incendio,-5.494377757817533,-77.22053363364685
46330,incendio,-7.5516,-76.8207
46333,no_incendio,-6.575273134907994,-75.71241319767115
46337,no_incendio,-7.500619459820059,-77.36318050509186
46341,no_incendio,-7.538851524680003,-76.89606525439852
46351,incendio,-7.4591,-76.4715
46362,no_incendio,-6.444450177038954,-75.66847301432819
46363,no_incendio,-6.493728884519305,-75.95080124431671
46366,incendio,-7.5371,-76.4591
46374,no_incendio,-6.3427644504242675,-77.35180398852548
46378,no_incendio,-6.980365789444828,-76.90654360978435
46379,no_incendio,-7.511017054186108,-77.44217334143556
46386,incendio,-5.9471,-76.2022
46388,incendio,-7.1731,-76.4812
46394,no_incendio,-7.212746042883999,-76.23580517242253
46401,no_incendio,-6.388532043555506,-76.84726928607184
46406,no_incendio,-7.415686202537784,-75.85189468645096
46413,incendio,-6.9559,-76.1459
46416,no_incendio,-7.269040165613338,-76.9103123983766
46423,incendio,-7.1615,-76.5221
46429,no_incendio,-5.3579190970036175,-75.71127050256207
46442,incendio,-8.6205,-76.6017
46451,incendio,-6.9878,-76.4358
46452,no_incendio,-6.139224623753688,-76.40308726211332
46458,no_incendio,-6.555810705714814,-75.58765246403257
46460,incendio,-8.3142,-76.3631
46461,no_incendio,-5.943086820538844,-77.20310189012812
46463,no_incendio,-6.23470396402255,-76.94332145347941
46477,no_incendio,-5.525166300103762,-76.64412404917219
46480,no_incendio,-7.1695522446443345,-76.10103400972879
46483,incendio,-6.9518,-76.7355
46491,incendio,-7.2963,-76.4355
46495,no_incendio,-5.899739172279481,-75.62561076754551
46496,no_incendio,-7.371625145918922,-75.70238603258082
46508,incendio,-6.0776,-76.1688
46510,incendio,-6.1873,-75.9169
46513,no_incendio,-6.1305152501535805,-77.20692971202396
46518,no_incendio,-6.691674214621824,-77.20756079690301
46544,no_incendio,-6.165729925483304,-75.50698017130118
46547,incendio,-6.243,-75.8448
46559,no_incendio,-7.082226882888392,-75.74798202243628
46566,incendio,-5.9912,-76.17
46571,incendio,-5.4864,-76.5352
46575,incendio,-6.9383,-76.7513
46581,no_incendio,-7.036314510603764,-76.32413479957033
46586,no_incendio,-6.40519633681147,-77.40140623826653
46590,no_incendio,-7.298951884711561,-75.8714337322258
46593,no_incendio,-6.1419091354730675,-76.8668930112328
46596,incendio,-7.1634,-76.6156
46600,incendio,-7.4357,-76.7094
46603,no_incendio,-6.201637039608355,-76.63859765076462
46617,incendio,-6.4714,-75.7538
46619,no_incendio,-6.949882284574706,-75.68273295602192
46624,no_incendio,-7.0287390386317705,-77.03724597379518
46628,incendio,-7.2059,-76.5037
46637,incendio,-6.9469,-76.2502
46643,incendio,-6.8191,-76.1952
46646,no_incendio,-6.081920488696037,-77.43393189597795
46652,no_incendio,-6.038741337094879,-76.35768470937417
46653,no_incendio,-5.91369294253363,-76.91673941934057
46658,no_incendio,-7.446777051363318,-75.55823277277759
46661,no_incendio,-6.190864426146802,-76.12967606406326
46667,no_incendio,-7.464233169627815,-76.3089508607516
46669,incendio,-8.4571,-77.2321
46672,incendio,-6.1982,-76.0276
46675,no_incendio,-7.154379449162653,-76.23880537117174
46681,no_incendio,-5.546093305557506,-76.96305959318578
46687,incendio,-6.8885,-76.5877
46693,incendio,-7.0563,-76.7126
46695,no_incendio,-6.831471934568246,-75.7875932896481
46713,no_incendio,-6.279874050199112,-75.76672987730963
46715,no_incendio,-6.794519962222771,-76.90986347869215
46730,no_incendio,-6.7663153524803406,-76.63107432313332
46735,no_incendio,-6.892866951927303,-75.87172300219687
46740,incendio,-6.0942,-76.3387
46747,no_incendio,-7.443277568920015,-75.95948688269024
46764,no_incendio,-6.125949661803806,-77.27004912325427
46768,no_incendio,-6.081693229189671,-76.04554760839422
46772,incendio,-6.7969,-76.6949
46775,no_incendio,-5.389176452484517,-75.81151917065094
46784,no_incendio,-6.350208583490028,-76.38539627900366
46785,no_incendio,-6.967630832661904,-76.66075655259817
46787,incendio,-7.4505,-76.5548
46797,incendio,-6.2029,-76.3221
46804,no_incendio,-6.475196466130733,-76.70818383406251
46806,no_incendio,-6.832250558370159,-76.20474853380588
46811,incendio,-6.9225,-77.7752
46816,no_incendio,-6.709534503439617,-76.66045732733674
46819,no_incendio,-5.873429262130088,-76.29994874270383
46821,incendio,-6.8677,-76.5847
46827,incendio,-5.9981,-75.9457
46839,no_incendio,-6.300702389014246,-76.09062532956851
46841,no_incendio,-6.94200325407077,-76.26001952788216
46849,incendio,-7.1099,-77.5408
46854,incendio,-7.3872,-76.6822
46872,no_incendio,-6.3065520769299415,-76.52048775212563
46875,no_incendio,-6.797266617151564,-77.33130374727055
46881,incendio,-7.0308,-76.8607
46884,no_incendio,-5.380924923914102,-76.12851157268119
46885,no_incendio,-6.1156293221158835,-76.01949781132349
46886,incendio,-6.8965,-76.7895
46893,incendio,-7.562,-76.4878
46895,no_incendio,-7.489751819531982,-75.96573533227652
46907,incendio,-7.1762,-76.2408
46929,no_incendio,-5.67746740794027,-76.11677597680215
46942,no_incendio,-6.003436470117687,-77.4174804711691
46954,no_incendio,-6.380793727295641,-76.36283674136891
46957,no_incendio,-7.532917537712722,-76.04821551837472
46958,no_incendio,-5.9729308547052575,-77.19584889522876
46961,incendio,-7.1144,-76.843
46974,no_incendio,-5.906180880379202,-75.93802228835084
46977,no_incendio,-5.9462000997115165,-76.43849970195068
46982,no_incendio,-5.91369294253363,-76.91673941934057
46996,no_incendio,-6.3427644504242675,-77.35180398852548
46999,incendio,-6.0738,-76.0136
47002,no_incendio,-5.9287884158970305,-76.31836219337158
47016,incendio,-6.5071,-76.4584
47023,no_incendio,-6.375064281525175,-76.76531716856294
47032,incendio,-7.3067,-76.5982
47033,incendio,-8.697,-76.3418
47037,incendio,-7.3706,-76.7816
47038,incendio,-7.3169,-76.7724
47039,incendio,-7.4985,-76.6458
47053,no_incendio,-5.65611924902812,-76.450948774078
47061,no_incendio,-7.582363301360768,-76.43607509989434
47063,no_incendio,-6.742426821485937,-75.840077033376
47067,incendio,-7.0908,-76.8103
47068,incendio,-6.8774,-76.5845
47072,incendio,-6.6024,-76.2551
47076,incendio,-6.5938,-75.6597
47080,no_incendio,-5.676274225134516,-77.28318396900629
47092,no_incendio,-6.210262345134658,-77.11424996637882
47093,incendio,-7.2217,-77.0113
47098,no_incendio,-6.041174269159521,-76.02071621272385
47103,no_incendio,-5.8115954954872135,-76.36754698151917
47104,no_incendio,-6.87454750287368,-76.95714014507665
47113,incendio,-8.6684,-76.9656
47114,no_incendio,-7.163128957992517,-77.33946379317482
47122,no_incendio,-6.726779286673033,-77.03336380719702
47125,no_incendio,-6.5791773780212175,-75.5208242841422
47126,no_incendio,-7.377051275028038,-75.93975534182488
47131,incendio,-7.3778,-76.7026
47132,incendio,-6.6058,-76.1334
47136,no_incendio,-6.42510939654662,-76.21314660329666
47144,incendio,-7.7091,-76.7501
47151,no_incendio,-6.66782718852246,-77.11974959426693
47180,no_incendio,-5.406105166280382,-76.83363539988324
47182,incendio,-5.7265,-77.4517
47186,no_incendio,-6.695277689736439,-77.08154414600035
47189,incendio,-8.1149,-76.6492
47195,no_incendio,-5.826799302537919,-75.73782519899997
47197,no_incendio,-5.573600216354325,-77.29583969487783
47200,no_incendio,-6.808298154641365,-77.1261442416624
47207,incendio,-5.7168,-76.1949
47209,no_incendio,-5.851710851525425,-77.43871611391367
47216,incendio,-7.1251,-76.3242
47218,no_incendio,-5.418336191471334,-77.27363994749886
47227,incendio,-6.8682,-76.5943
47230,incendio,-8.1865,-76.9657
47235,incendio,-6.0499,-76.2742
47237,no_incendio,-6.042344688075439,-75.58423135699039
47238,no_incendio,-6.617504610391747,-77.25647472773994
47239,no_incendio,-5.715242133239665,-75.6692049037983
47243,no_incendio,-5.957368180282539,-76.7498768526133
47244,incendio,-7.5277,-76.7212
47250,no_incendio,-7.036643028375762,-75.60012732289076
47270,no_incendio,-5.889428519671102,-75.83985217439051
47276,incendio,-6.5585,-76.2526
47280,no_incendio,-5.959932705913599,-76.9795248154579
47283,incendio,-6.677,-76.669
47291,no_incendio,-6.742426821485937,-75.840077033376
47294,no_incendio,-6.6726823357299025,-76.74697083453398
47299,no_incendio,-6.834300186862358,-76.1605435782697
47301,no_incendio,-6.421249722496318,-77.04956463628945
47303,no_incendio,-6.822682837524565,-76.01658832939721
47312,no_incendio,-5.31562173519542,-75.64368786803017
47320,no_incendio,-6.578202945590633,-76.50501159622002
47323,incendio,-8.0893,-76.7334
47325,no_incendio,-5.450455855055424,-76.00497644122908
47329,incendio,-7.1265,-76.4373
47334,no_incendio,-6.791553468522542,-76.19850061841751
47346,no_incendio,-5.87094442046127,-77.0385590368228
47353,no_incendio,-7.14999258790223,-77.27323492320696
47357,no_incendio,-7.175345171516485,-76.32071616128651
47363,no_incendio,-7.317626251154921,-75.78361603634158
47367,incendio,-6.8363,-76.7601
47377,incendio,-6.6343,-76.2706
47379,no_incendio,-6.763422719650261,-75.74420107703415
47382,no_incendio,-5.944935096517128,-76.18780832521988
47385,incendio,-8.2639,-76.5073
47404,no_incendio,-5.907158352622331,-77.4442973163752
47415,incendio,-5.7982,-76.3928
47423,no_incendio,-5.690666241525762,-76.5831246635922
47424,no_incendio,-6.425556209293201,-75.70279330371295
47426,incendio,-7.1213,-77.0274
47447,no_incendio,-5.508214763979514,-75.68261084884283
47449,no_incendio,-6.959105963658491,-76.85747096898318
47450,no_incendio,-7.241496994972613,-76.72736472676876
47451,incendio,-8.6301,-76.7624
47453,no_incendio,-6.231532660134269,-77.43051392350198
47462,no_incendio,-6.758060268510353,-77.51884776551792
47469,no_incendio,-6.937481703505858,-75.66626594730945
47485,no_incendio,-7.212746042883999,-76.23580517242253
47490,no_incendio,-7.592937213039827,-76.3910934505804
47500,no_incendio,-5.9130091622376435,-77.42859659593488
47501,no_incendio,-6.040675081738544,-76.88692151022694
47503,incendio,-5.6959,-75.9019
47505,no_incendio,-7.4291899383099445,-76.99344952239323
47507,no_incendio,-5.577290052521281,-76.32966434490925
47510,no_incendio,-7.573586798987392,-75.72729255411187
47511,no_incendio,-6.146925317432729,-76.25875565214055
47521,no_incendio,-7.347666513055251,-77.19530347019538
47524,incendio,-6.4477,-77.7791
47527,no_incendio,-7.359360612224768,-76.78029054350944
47551,incendio,-6.9588,-76.224
47553,incendio,-7.4604,-76.4805
47554,incendio,-6.5281,-76.1042
47556,no_incendio,-5.599508739006035,-77.02715299547113
47561,incendio,-8.6834,-76.3174
47563,incendio,-6.9711,-76.1769
47565,no_incendio,-6.224885960981276,-76.91366721974305
47566,incendio,-6.7508,-76.6071
47569,no_incendio,-6.718454996800395,-75.59317309755335
47575,incendio,-6.7758,-76.393
47589,incendio,-6.3102,-76.754
47593,no_incendio,-5.369357026240305,-77.2031702822179
47595,incendio,-5.8703,-75.9761
47597,no_incendio,-7.588515859914238,-76.24969046906399
47600,no_incendio,-6.081931713189248,-77.21688851873837
47601,no_incendio,-6.742426821485937,-75.840077033376
47602,no_incendio,-6.491284059337684,-76.25746904489338
47610,no_incendio,-6.791553468522542,-76.19850061841751
47611,incendio,-6.0995,-76.0357
47614,no_incendio,-6.193641518737963,-75.9541835583981
47615,no_incendio,-5.862678119407266,-76.8979972886448
47624,no_incendio,-6.770535932670912,-77.17143392593205
47632,no_incendio,-6.93526933500558,-76.94440022861454
47634,incendio,-6.963,-76.2522
47636,no_incendio,-5.841084064265475,-76.47146316885033
47638,no_incendio,-5.665031141499033,-76.55743995217303
47639,no_incendio,-5.95558763459201,-75.58088985962372
47656,incendio,-6.2066,-75.8261
47659,no_incendio,-6.543996709664201,-75.77625931317041
47669,incendio,-7.2266,-76.8475
47675,no_incendio,-7.108875568796339,-76.54317690372051
47676,no_incendio,-6.606971151394778,-76.7033258603189
47678,no_incendio,-6.622512429028128,-75.69288323438259
47681,incendio,-6.6059,-76.5106
47691,no_incendio,-6.4080436516823225,-77.02161843514952
47707,no_incendio,-6.420478782048784,-76.46157866406858
47739,no_incendio,-6.442429492492132,-75.8210206317141
47740,no_incendio,-5.316751485798925,-76.19649120217885
47741,no_incendio,-6.284005972985306,-75.8733537299608
47748,no_incendio,-5.461372149282843,-77.4223608733987
47751,no_incendio,-6.5875457295775695,-76.60562453766775
47755,no_incendio,-5.382192721085108,-75.80513455395052
47760,incendio,-7.4703,-76.3963
47762,no_incendio,-5.728686151403572,-77.23987774970512
47767,no_incendio,-7.4582565567314925,-76.8374558308584
47769,no_incendio,-6.219703521684984,-76.92758051251145
47772,no_incendio,-6.929539925837722,-76.05337955826667
47776,incendio,-7.4476,-76.4548
47779,incendio,-6.098,-76.0466
47791,no_incendio,-5.612907306182736,-76.9815155721773
47798,no_incendio,-5.6897437871119,-77.10615819747757
47811,no_incendio,-5.493534251624167,-76.05824936892388
47814,incendio,-7.3302,-76.7118
47818,no_incendio,-6.456445234793438,-77.37382860861014
47822,no_incendio,-6.000913642665956,-77.14500157376662
47823,no_incendio,-7.517938460168555,-75.88430182253087
47835,no_incendio,-6.42510939654662,-76.21314660329666
47844,no_incendio,-6.777084363074236,-76.9625637860872
47855,no_incendio,-6.122720954624869,-76.9879603704079
47859,no_incendio,-6.4643629782720495,-76.22804730377794
47863,no_incendio,-5.6727531578346015,-77.41986068936593
47873,incendio,-6.8476,-76.8881
47882,no_incendio,-5.85348487678678,-75.67716092139695
47887,no_incendio,-6.032637337308331,-77.27677952675285
47891,incendio,-6.7116,-77.4151
47894,no_incendio,-7.450227101420001,-77.22165209135423
47895,incendio,-6.1257,-76.8326
47897,no_incendio,-6.673178207902485,-77.4048318758823
47901,incendio,-6.3007,-77.5071
47905,no_incendio,-5.618910457397299,-76.39046295133087
47906,incendio,-8.6752,-76.3423
47912,no_incendio,-7.195118276412429,-75.87773973651454
47919,incendio,-7.1909,-76.6782
47931,no_incendio,-6.761574880071224,-76.52109859066432
47935,no_incendio,-5.715611122341353,-76.65563746255786
47951,no_incendio,-6.398926454720778,-76.50536924785067
47958,incendio,-6.0472,-76.275
47960,no_incendio,-5.858435510959442,-77.08234731471167
47962,no_incendio,-5.8570726019942425,-76.40667258173919
47969,no_incendio,-6.271617281791801,-76.2353167311132
47973,no_incendio,-5.68462514388274,-76.77383589546262
47978,no_incendio,-6.797128032172363,-76.15133853102378
47984,incendio,-8.444,-76.2507
47998,no_incendio,-5.561920884041726,-75.5653879895247
48004,incendio,-7.3367,-76.5667
48012,no_incendio,-6.260923080518788,-75.61074627640608
48014,no_incendio,-6.727398434306363,-77.48848492382807
48016,no_incendio,-7.134812798520641,-75.55898183219816
48020,no_incendio,-5.908177822401652,-76.8838396640829
48021,no_incendio,-5.619318348217799,-76.76258506679603
48030,incendio,-7.0773,-76.502
48043,incendio,-8.3913,-76.2329
48047,incendio,-7.1514,-76.735
48060,no_incendio,-5.590950998396602,-75.50740685150045
48064,no_incendio,-6.107287203943645,-77.4216594793923
48074,no_incendio,-6.931488241799888,-76.75916732730077
48081,incendio,-7.3572,-76.7504
48086,incendio,-6.9245,-76.2291
48094,incendio,-7.1431,-77.6007
48100,no_incendio,-6.308143679517888,-75.54381617905881
48111,no_incendio,-6.766715492175258,-75.83761083407144
48113,no_incendio,-6.834902492352533,-77.15059777266319
48114,incendio,-6.4288,-75.7538
48116,no_incendio,-6.573895472470259,-76.90325456502508
48118,no_incendio,-6.420478782048784,-76.46157866406858
48119,incendio,-6.4436,-76.6087
48129,incendio,-7.078,-77.6043
48131,incendio,-7.3165,-76.602
48133,no_incendio,-5.4324592687941,-76.16239104777486
48164,no_incendio,-6.846679592265051,-75.78055281220841
48186,incendio,-8.7674,-76.3041
48195,no_incendio,-7.598815481458372,-76.55352785980209
48197,incendio,-7.0342,-76.2222
48200,no_incendio,-5.647813944563046,-75.98631579821414
48213,incendio,-6.7177,-76.6209
48214,incendio,-7.5779,-76.4965
48216,no_incendio,-7.4685281169836575,-76.45982142340358
48225,no_incendio,-5.998881730764309,-77.1385121318961
48227,no_incendio,-5.871823711573395,-77.09814467361281
48228,incendio,-8.4356,-76.4269
48240,incendio,-6.7592,-76.8127
48242,no_incendio,-5.5259385585543805,-76.78474947687066
48244,no_incendio,-6.200171336468845,-76.47517852395984
48247,no_incendio,-7.153254312142147,-75.61931012295983
48249,no_incendio,-5.8570726019942425,-76.40667258173919
48251,no_incendio,-6.535327617861432,-76.18785766882165
48257,no_incendio,-5.519172911219698,-76.89133916809088
48264,incendio,-6.8563,-76.2213
48274,no_incendio,-5.945782975612446,-75.78933619991895
48291,incendio,-6.2816,-76.0004
48298,no_incendio,-7.433029202252227,-75.6952599290436
48303,incendio,-7.3178,-76.4029
48305,no_incendio,-5.868777989192487,-75.61031419176939
48308,no_incendio,-5.906233795105334,-77.12857966060585
48309,no_incendio,-6.522871972647179,-77.1088712424184
48319,incendio,-7.5902,-76.4225
48321,no_incendio,-6.682338881301072,-76.58990578057626
48322,no_incendio,-7.005255736259935,-76.42804994495515
48323,incendio,-8.5954,-76.3129
48325,no_incendio,-7.485621627002571,-76.9594043618508
48336,incendio,-6.8526,-76.5255
48340,incendio,-6.8883,-76.3591
48347,no_incendio,-7.241496994972613,-76.72736472676876
48348,incendio,-6.0576,-77.2465
48350,incendio,-6.455,-76.3686
48358,no_incendio,-6.136716909605955,-76.35666700182222
48360,no_incendio,-7.188428352306568,-77.29319926370498
48363,no_incendio,-6.3402826742912515,-75.67543757743714
48368,no_incendio,-6.616039268330141,-77.35690054867337
48369,no_incendio,-5.362923654155092,-76.9119868960568
48374,no_incendio,-5.508797884476139,-76.57706115239465
48376,no_incendio,-5.852253396123982,-76.5690433745382
48379,incendio,-6.7195,-76.3941
48395,incendio,-6.7766,-76.4621
48399,no_incendio,-6.390597266026688,-76.66038678496503
48412,incendio,-6.9875,-76.6176
48413,incendio,-6.001,-77.4777
48415,incendio,-6.0538,-76.2768
48417,no_incendio,-7.265246187084699,-76.5857245979165
48432,no_incendio,-5.531709345051456,-76.12800515028563
48436,no_incendio,-5.911980434774437,-76.07407858450021
48437,incendio,-5.7911,-76.5402
48447,no_incendio,-5.3579190970036175,-75.71127050256207
48461,incendio,-6.0856,-76.1538
48472,no_incendio,-7.0852919010703905,-76.44513634305123
48475,incendio,-8.1237,-76.6413
48477,no_incendio,-6.590197592397879,-75.98025100323518
48479,no_incendio,-6.86128898258832,-76.74328169561169
48483,no_incendio,-6.377187733554232,-75.74684740899566
48484,no_incendio,-6.8824524173967765,-77.12203229237878
48486,incendio,-7.1979,-76.4724
48493,no_incendio,-7.5348116135080625,-76.04270078901092
48498,no_incendio,-7.52893790740652,-77.07253517227397
48505,incendio,-7.2657,-76.6131
48510,no_incendio,-7.110610391202952,-75.57270966365749
48526,no_incendio,-6.66812028796298,-76.15230026038583
48527,incendio,-6.7102,-76.2627
48540,no_incendio,-6.097161064451766,-76.22638691915272
48541,no_incendio,-5.541112522183527,-75.99676308138659
48542,no_incendio,-5.673007856969957,-76.8124122789181
48543,incendio,-6.6353,-76.146
48563,incendio,-8.3258,-76.568
48579,no_incendio,-5.913444133925558,-76.54061399484421
48585,incendio,-7.6053,-76.4118
48590,incendio,-7.0161,-76.6353
48597,no_incendio,-5.406105166280382,-76.83363539988324
48603,no_incendio,-7.241827770839374,-75.55383362888189
48618,no_incendio,-7.150750883364853,-76.83628592323717
48622,incendio,-6.1629,-76.9785
48623,no_incendio,-7.346936014424016,-77.24612328998047
48631,incendio,-5.8505,-76.1984
48637,incendio,-6.233,-76.7126
48657,no_incendio,-5.720724874930588,-76.09066535924033
48667,no_incendio,-5.519172911219698,-76.89133916809088
48676,no_incendio,-5.6011690570737915,-76.70090683859456
48683,no_incendio,-5.902847721330155,-77.17634156149673
48687,incendio,-7.1669,-76.2648
48690,incendio,-6.9236,-76.9155
48691,incendio,-7.3924,-76.8501
48692,no_incendio,-6.55551893099156,-75.68092534598561
48710,incendio,-6.7027,-76.8537
48716,no_incendio,-6.3737423006602185,-77.16577350376646
48717,no_incendio,-5.807568980791382,-75.59957931060934
48720,no_incendio,-6.24237475480212,-75.58560175040829
48724,incendio,-6.14,-76.382
48725,incendio,-6.1584,-76.8799
48727,no_incendio,-5.866539639068574,-77.22687497991105
48729,incendio,-6.0151,-77.0575
48730,no_incendio,-5.657826113607748,-77.0484188289704
48731,no_incendio,-6.4643629782720495,-76.22804730377794
48732,no_incendio,-6.5791773780212175,-75.5208242841422
48735,no_incendio,-6.348815001844065,-75.62878823200789
48742,no_incendio,-6.781601843650596,-77.34861421933648
48743,no_incendio,-7.089179421889268,-75.95457712793731
48744,incendio,-8.1612,-76.59
48747,no_incendio,-6.735984440425587,-77.00622820601815
48753,no_incendio,-7.196513313319464,-76.34355474331385
48759,no_incendio,-5.808189893519151,-75.58463969579134
48762,incendio,-7.1354,-76.436
48773,incendio,-8.6081,-76.3082
48778,incendio,-7.2126,-76.5033
48784,no_incendio,-7.017832061015762,-77.13978816386988
48790,no_incendio,-7.035328568865795,-77.4057239232557
48792,incendio,-5.8691,-75.8976
48798,no_incendio,-6.324852338083002,-77.32158487709337
48806,incendio,-6.8506,-76.8897
48813,no_incendio,-6.003436470117687,-77.4174804711691
48821,no_incendio,-7.436110407887001,-75.68288184576566
48823,incendio,-6.3478,-75.7707
48828,no_incendio,-7.591157646889957,-76.48064707935481
48845,incendio,-6.8659,-76.8057
48847,no_incendio,-5.349324419297768,-77.32630960187535
48853,no_incendio,-6.007162927883913,-76.5503319635523
48862,incendio,-6.8657,-76.831
48863,no_incendio,-5.607896245919547,-76.37910922472966
48869,no_incendio,-7.517330043663011,-76.85538614453351
48870,no_incendio,-6.023168032179068,-77.26981479042486
48873,incendio,-5.6917,-77.4389
48874,incendio,-6.2769,-76.016
48892,incendio,-6.765,-76.7308
48900,no_incendio,-7.010865933982342,-76.63167881965191
48903,incendio,-7.2788,-76.9724
48913,no_incendio,-6.000913642665956,-77.14500157376662
48917,no_incendio,-6.557560588378224,-76.50430262965486
48920,incendio,-6.1611,-75.909
48921,no_incendio,-5.992720265748597,-76.93502157829727
48924,incendio,-5.6773,-75.9277
48925,no_incendio,-7.086474485794749,-76.34589785341001
48926,no_incendio,-7.38891296125344,-75.60819465870141
48930,no_incendio,-6.707120382693278,-76.63620710614674
48941,incendio,-6.8088,-76.1876
48944,incendio,-5.781,-76.388
48946,incendio,-7.3599,-76.7686
48949,incendio,-6.953,-76.6003
48950,no_incendio,-6.272889262540646,-77.34340996973071
48953,incendio,-7.3705,-76.7658
48955,no_incendio,-5.872543626896172,-76.44213080221468
48957,no_incendio,-7.119124402863609,-77.37715689078294
48958,no_incendio,-6.575273134907994,-75.71241319767115
48962,no_incendio,-6.447996016247126,-77.41234607167007
48970,incendio,-7.0943,-76.5999
48972,no_incendio,-5.7595902055188795,-75.77924853201874
48975,incendio,-8.3994,-76.7388
48984,no_incendio,-5.965105049339228,-76.99859959497034
48988,no_incendio,-6.857236383262051,-76.76658169794014
48991,incendio,-6.6427,-76.1439
49004,incendio,-7.046,-76.5174
49007,incendio,-5.8856,-77.1075
49013,no_incendio,-7.218925664720446,-76.08201561394016
49018,incendio,-6.9821,-76.6791
49025,incendio,-8.7032,-76.2694
49028,no_incendio,-6.199486560201427,-77.4221153051421
49034,no_incendio,-6.693645231607011,-77.00083886723358
49035,no_incendio,-7.089719383654557,-75.94940066492136
49037,no_incendio,-6.594872736761388,-76.81244710228094
49039,incendio,-6.8853,-76.7872
49043,no_incendio,-7.424353792615787,-75.73269651500266
49052,incendio,-6.9987,-76.6911
49055,no_incendio,-6.04175420458928,-75.6154818462728
49058,no_incendio,-6.9177745399597805,-77.27712831962272
49062,incendio,-7.361,-76.8669
49064,no_incendio,-6.376726836973272,-77.35752912688064
49067,incendio,-6.9237,-76.5945
49071,no_incendio,-6.0636997194620585,-76.98817967024722
49076,incendio,-5.8422,-76.2256
49078,no_incendio,-5.636606643396935,-75.65023157423232
49084,no_incendio,-5.673007856969957,-76.8124122789181
49091,incendio,-8.0348,-76.7176
49097,no_incendio,-6.812854444766214,-76.31590409569822
49108,no_incendio,-5.791181789509089,-77.46024775242152
49119,incendio,-7.2934,-76.6
49122,no_incendio,-5.977893876843185,-76.20383698117358
49123,no_incendio,-7.5389429366733145,-76.3612819242991
49126,no_incendio,-5.531434005442488,-77.13875106909684
49128,no_incendio,-6.5080063012359775,-75.67913673399867
49130,no_incendio,-6.459421110313875,-76.2975020951517
49131,incendio,-7.3394,-76.8057
49135,no_incendio,-5.420009462532595,-77.54497332899014
49138,no_incendio,-6.5305605417841495,-76.81567387832536
49140,incendio,-7.605,-76.4925
49142,incendio,-5.9634,-76.1777
49143,no_incendio,-5.369370124540203,-77.53041632467286
49159,incendio,-6.8926,-76.9334
49175,no_incendio,-6.092332930769818,-77.53250095731846
49180,incendio,-6.8799,-76.7809
49182,no_incendio,-6.590618313605878,-75.87293609884875
49187,incendio,-6.0547,-76.2253
49202,no_incendio,-7.149817793244048,-76.68995380242758
49204,incendio,-6.126,-76.2499
49209,no_incendio,-5.734596234605278,-76.54404736792905
49211,incendio,-6.8438,-76.6791
49222,no_incendio,-6.196820810614756,-77.18695898534692
49223,no_incendio,-6.797587829172456,-76.96085855036651
49229,no_incendio,-6.564347270784287,-75.8738633840426
49232,incendio,-6.2449,-77.7498
49236,no_incendio,-5.60263772570773,-75.78275132850642
49237,no_incendio,-5.6874479423727555,-75.79801976537915
49249,no_incendio,-6.937481703505858,-75.66626594730945
49250,incendio,-6.7495,-76.1754
49251,no_incendio,-6.082418461874669,-76.27878687106944
49264,no_incendio,-5.665031141499033,-76.55743995217303
49268,incendio,-6.7992,-76.4613
49276,incendio,-6.5493,-76.1196
49277,incendio,-5.5515,-76.6984
49280,incendio,-6.6452,-76.2552
49285,no_incendio,-5.870407571755855,-76.43899593158982
49288,incendio,-8.7005,-76.3136
49307,incendio,-7.0381,-76.7574
49323,no_incendio,-5.747916301571042,-76.94248947046277
49324,incendio,-7.1744,-76.6592
49327,incendio,-7.2354,-76.6101
49330,no_incendio,-6.212102855046136,-76.68622274401635
49332,incendio,-7.5544,-76.684
49342,no_incendio,-6.589390257699646,-75.6408986952127
49345,incendio,-6.7324,-76.8375
49352,incendio,-6.8968,-76.9249
49355,incendio,-6.1914,-76.0436
49364,incendio,-6.7038,-76.7286
49381,incendio,-8.4261,-76.3048
49383,no_incendio,-5.603013181516009,-76.25847933744605
49392,no_incendio,-7.530943089944216,-75.61039209936172
49398,incendio,-8.3179,-76.3817
49405,no_incendio,-6.721818890646596,-76.25717682869612
49406,no_incendio,-6.234222668201542,-76.20280713881237
49409,no_incendio,-6.260382263964365,-75.66215989353373
49426,incendio,-6.8078,-76.8084
49427,incendio,-7.3258,-76.811
49429,no_incendio,-7.446762207896028,-76.39856521781556
49430,no_incendio,-5.978876914297251,-77.26050814725458
49437,no_incendio,-6.190431376100011,-77.10696325685771
49438,incendio,-7.3793,-76.3974
49443,no_incendio,-5.977893876843185,-76.20383698117358
49451,no_incendio,-5.89795943446839,-76.15835756218627
49452,no_incendio,-6.336768480146276,-75.8898744780929
49466,incendio,-7.2352,-76.436
49480,no_incendio,-6.720013389410524,-76.18246932103828
49488,no_incendio,-7.381225768944467,-76.16930082038664
49490,no_incendio,-7.353974209500567,-76.635407884227
49508,incendio,-5.9654,-76.2325
49510,no_incendio,-5.89201477503853,-77.2682101013539
49514,incendio,-7.2228,-77.0606
49527,incendio,-6.9214,-76.6177
49530,no_incendio,-7.292464300747621,-76.5588244421564
49531,incendio,-7.5072,-76.6225
49538,incendio,-6.761,-76.8439
49539,no_incendio,-5.815972204611399,-75.5996631905604
49541,no_incendio,-5.603013181516009,-76.25847933744605
49546,incendio,-6.8446,-76.6089
49547,no_incendio,-5.877091540669871,-76.18474625697182
49558,incendio,-7.3051,-76.7652
49560,incendio,-7.0451,-76.2264
49562,incendio,-6.136,-76.8374
49567,no_incendio,-6.942876340672963,-76.33358150381483
49576,no_incendio,-7.448759349626241,-75.73146487239217
49577,no_incendio,-6.998414939340265,-75.67912715079014
49580,no_incendio,-7.014702412265873,-76.4405488433982
49599,no_incendio,-6.85257481056394,-76.48694884372748
49604,incendio,-7.2771,-76.6337
49609,incendio,-7.1769,-76.5249
49619,no_incendio,-6.400727870765625,-77.48420741846027
49624,no_incendio,-6.266506898778969,-76.33689278886196
49631,no_incendio,-5.452511328645989,-77.32229773796371
49633,incendio,-6.9549,-76.8564
49635,no_incendio,-5.487830888913878,-75.70248261618342
49643,incendio,-7.1502,-76.5454
49644,incendio,-7.4555,-76.576
49646,incendio,-6.0482,-77.0584
49649,no_incendio,-5.641271222445664,-77.2589065650696
49653,no_incendio,-5.630317607867646,-76.28664530211917
49654,no_incendio,-5.452511328645989,-77.32229773796371
49663,no_incendio,-7.181016545835497,-77.14662187463146
49667,no_incendio,-6.183798772159494,-75.95166434619192
49673,incendio,-5.779,-76.0783
49677,no_incendio,-6.998414939340265,-75.67912715079014
49678,incendio,-6.9006,-76.7953
49679,no_incendio,-5.646223843039662,-77.22265388647651
49687,no_incendio,-6.514967490351236,-76.99375522896699
49689,incendio,-7.5362,-76.4432
49690,incendio,-6.8893,-76.712
49697,incendio,-6.1263,-76.227
49710,no_incendio,-7.021631546381363,-76.8111659595044
49714,incendio,-7.0226,-76.1926
49717,incendio,-7.4055,-76.8524
49718,incendio,-6.4196,-75.8799
49719,incendio,-7.3567,-76.6265
49720,incendio,-7.3797,-76.743
49724,incendio,-7.1085,-76.7285
49729,no_incendio,-6.880264689541971,-77.33984954598883
49730,no_incendio,-7.591157646889957,-76.48064707935481
49740,incendio,-6.0491,-75.9317
49746,no_incendio,-7.126628531945264,-77.1694503862003
49748,no_incendio,-5.791181789509089,-77.46024775242152
49752,incendio,-6.902,-76.8213
49757,no_incendio,-6.062840602584927,-76.70237486789418
49760,no_incendio,-6.344738730281884,-77.28085925820518
49761,no_incendio,-7.016303677309179,-76.9039929620138
49762,incendio,-5.8692,-76.0212
49792,no_incendio,-5.4433732153340495,-76.71634375535739
49801,incendio,-5.85,-76.1652
49818,incendio,-7.3101,-76.7451
49832,no_incendio,-6.233353095567226,-75.91710577734175
49837,no_incendio,-5.608145245385959,-76.22898397370268
49855,no_incendio,-5.590745607594968,-76.01092904258273
49868,incendio,-6.7024,-76.7371
49870,no_incendio,-7.322683908671553,-75.62004317838583
49891,incendio,-6.2204,-76.2695
49894,no_incendio,-7.147843120370421,-77.31448550971452
49895,incendio,-7.0197,-76.8289
49909,incendio,-8.4334,-76.3648
49911,incendio,-7.2385,-76.4305
49912,no_incendio,-7.124827279927048,-76.79852328354966
49914,no_incendio,-6.925307344468632,-76.89098262738764
49915,incendio,-6.6794,-76.6985
49918,no_incendio,-7.20916394163281,-76.74882653338932
49925,no_incendio,-5.518901360296995,-75.83606862844933
49927,no_incendio,-6.918732727057085,-75.61509017346891
49933,no_incendio,-6.47129538831012,-76.10848069167751
49934,no_incendio,-5.9130091622376435,-77.42859659593488
49935,no_incendio,-6.113161344070998,-75.7616050051639
49938,no_incendio,-5.623597121632923,-75.81781716667395
49939,no_incendio,-6.333472406743339,-75.64833382378124
49948,incendio,-6.2259,-76.2919
49950,no_incendio,-5.334479044366705,-77.48777820988575
49951,no_incendio,-7.086048466965619,-75.60482526516276
49954,no_incendio,-5.3860874889168056,-76.83704410013208
49957,no_incendio,-6.923846443514746,-77.29283624638697
49959,no_incendio,-5.326931537697329,-77.25175106818679
49966,no_incendio,-7.125442800649086,-77.06151312787605
49968,no_incendio,-7.245236344594437,-75.87140818649081
49969,no_incendio,-7.4500171761306255,-77.030145813453
49974,no_incendio,-5.451709663906019,-76.0834165906866
49980,no_incendio,-6.4535066542887805,-75.68187662159364
49988,no_incendio,-6.758724816086575,-76.05879675132634
49990,no_incendio,-7.567624123602405,-76.60964562111504
49998,no_incendio,-5.5084858154243905,-75.90684850496002
49999,no_incendio,-6.212102855046136,-76.68622274401635
50008,no_incendio,-6.74885592845062,-76.02672128613708
50014,no_incendio,-6.960339111557958,-75.64609550577184
50015,no_incendio,-7.108875568796339,-76.54317690372051
50029,no_incendio,-7.517330043663011,-76.85538614453351
50031,no_incendio,-7.224623096753857,-76.90340581488266
50036,no_incendio,-6.797266617151564,-77.33130374727055
50045,incendio,-5.7495,-76.2127
50051,incendio,-6.8735,-76.62
50054,no_incendio,-6.876747971648932,-77.24294547673294
50059,no_incendio,-7.391919899350189,-76.53710558307176
50062,no_incendio,-6.419675876236263,-76.64489280604421
50076,no_incendio,-5.815206419164588,-75.9840705047973
50079,no_incendio,-6.766715492175258,-75.83761083407144
50084,no_incendio,-7.089719383654557,-75.94940066492136
50087,no_incendio,-6.1476999130544865,-77.34007485362595
50097,incendio,-6.8866,-76.6261
50100,incendio,-8.6405,-76.785
50116,no_incendio,-5.91369294253363,-76.91673941934057
50127,incendio,-6.8693,-76.5712
50134,incendio,-8.2875,-76.5546
50135,no_incendio,-7.516228282019169,-75.89484036620722
50141,incendio,-7.1055,-76.7909
50145,incendio,-6.7582,-76.4381
50148,no_incendio,-6.625422961334142,-76.70627380489785
50156,incendio,-6.1167,-77.5068
50162,no_incendio,-5.882755427823639,-77.51237097659782
50170,incendio,-6.1937,-76.3378
50177,no_incendio,-6.040209440060914,-75.6194334979568
50180,incendio,-6.8124,-76.4343
50183,no_incendio,-5.592011294671137,-75.99975689195666
50185,incendio,-7.2908,-76.7511
50187,no_incendio,-7.212746042883999,-76.23580517242253
50201,incendio,-7.1405,-77.0845
50204,no_incendio,-6.979782618165886,-76.34280103633438
50205,incendio,-6.014,-76.0243
50222,incendio,-5.3243,-75.7383
50228,no_incendio,-5.937825755560712,-77.54131014900841
50230,no_incendio,-7.530943089944216,-75.61039209936172
50239,incendio,-8.1284,-76.6675
50250,incendio,-6.1148,-77.7535
50251,incendio,-8.4556,-76.3805
50257,incendio,-6.7628,-76.4842
50263,incendio,-8.6609,-76.3219
50280,no_incendio,-6.4776266103105895,-77.14737002070362
50284,incendio,-7.1539,-76.5507
50285,no_incendio,-7.1211989995442275,-77.24932556813594
50286,no_incendio,-6.808642932215501,-75.79916533133496
50298,incendio,-7.3175,-76.822
50305,no_incendio,-7.142295863783367,-76.24884468058782
50308,no_incendio,-6.437468171319466,-76.61472481016831
50325,no_incendio,-5.7980276983387755,-76.60461534978732
50332,no_incendio,-7.333298288226105,-76.42146225481947
50347,incendio,-6.5123,-76.2941
50348,no_incendio,-5.646223843039662,-77.22265388647651
50364,no_incendio,-6.775573791793621,-76.68783581514383
50375,no_incendio,-5.532971684555294,-77.02280558006699
50377,no_incendio,-5.952502510545931,-77.35100051203952
50378,incendio,-6.1472,-75.952
50380,incendio,-6.548,-76.3117
50389,incendio,-6.6079,-77.397
50393,no_incendio,-5.637143675477756,-76.46390106880192
50406,no_incendio,-5.6976044499375105,-76.64278583121316
50407,no_incendio,-5.739591127784566,-75.99955564974134
50409,no_incendio,-6.467350712480753,-77.13922176575424
50430,incendio,-8.1553,-76.651
50431,no_incendio,-6.162915042417179,-77.15261169414305
50439,incendio,-6.0983,-76.2965
50442,no_incendio,-6.791553468522542,-76.19850061841751
50443,incendio,-7.2983,-77.5453
50471,no_incendio,-5.66978916869293,-75.78583352536694
50472,no_incendio,-6.5603093207023875,-76.81459925787705
50480,incendio,-7.3845,-76.5863
50483,no_incendio,-6.380793727295641,-76.36283674136891
50489,no_incendio,-6.774947131584925,-76.00722166007617
50491,no_incendio,-6.326986282349614,-75.6142180056652
50492,incendio,-8.3977,-76.437
50507,no_incendio,-6.322518329995495,-75.91309952295535
50519,incendio,-7.4419,-76.6888
50524,no_incendio,-6.22948269148436,-77.46060172999928
50528,incendio,-6.59,-76.4796
50533,no_incendio,-6.929539925837722,-76.05337955826667
50543,no_incendio,-7.23268535501901,-75.71791421763211
50547,no_incendio,-6.71467279372098,-77.07743264874856
50550,incendio,-6.6982,-76.6923
50552,no_incendio,-5.815972204611399,-75.5996631905604
50572,no_incendio,-6.9973012484497445,-77.4510550557952
50575,incendio,-8.4689,-77.0601
50576,no_incendio,-7.238892730733428,-76.47459847040415
50578,no_incendio,-5.69836641593065,-75.72287872908569
50579,no_incendio,-5.626490573988114,-76.90197669049898
50590,no_incendio,-6.325765977825784,-76.5205147871752
50598,no_incendio,-6.263351561254887,-76.64078067531564
50599,no_incendio,-6.061517131296685,-76.40854652459227
50603,incendio,-5.7316,-76.3797
50607,no_incendio,-5.5896376031918615,-76.35252920094948
50612,no_incendio,-7.208457886315255,-75.76495343289794
50613,incendio,-6.5798,-76.4427
50614,no_incendio,-5.767577808825913,-75.75625284767814
50619,no_incendio,-7.573586798987392,-75.72729255411187
50634,incendio,-6.2692,-75.8581
50640,incendio,-6.557,-76.3145
50648,no_incendio,-6.931842163036034,-76.53424888448937
50660,incendio,-7.2758,-76.8384
50668,incendio,-7.0738,-76.6667
50674,no_incendio,-5.3689055308415,-76.62344622964636
50676,no_incendio,-6.905014878753814,-76.49698867319515
50677,no_incendio,-6.042014186508827,-75.97046946062136
50684,incendio,-7.9917,-77.3411
50690,no_incendio,-6.833720284532176,-77.09053083344739
50691,incendio,-6.6938,-76.2519
50704,no_incendio,-7.082610644878744,-76.41583738866235
50716,incendio,-6.1569,-76.2658
50720,no_incendio,-5.940833223348477,-76.76215332326328
50722,incendio,-8.6609,-77.3607
50725,no_incendio,-7.178109146033509,-76.55931189942505
50727,no_incendio,-5.618133364002661,-76.2191295091602
50728,no_incendio,-5.617689246248104,-77.03996515250137
50733,no_incendio,-5.712970448713469,-77.45936672905775
50738,no_incendio,-6.525952464139444,-76.13787075319888
50739,incendio,-7.0354,-76.795
50746,no_incendio,-5.6011690570737915,-76.70090683859456
50754,incendio,-5.328,-76.4649
50761,no_incendio,-6.012390103585068,-77.46665184846529
50771,incendio,-7.5444,-76.4458
50776,incendio,-7.3132,-76.7876
50779,no_incendio,-7.212746042883999,-76.23580517242253
50783,incendio,-5.6857,-76.6738
50786,no_incendio,-5.968149636265594,-77.51081675536001
50790,incendio,-6.2695,-76.035
50791,no_incendio,-7.1211989995442275,-77.24932556813594
50792,no_incendio,-6.236752944768423,-75.59185038594902
50795,incendio,-6.3948,-76.601
50800,no_incendio,-6.220053203592378,-76.13217715018442
50804,no_incendio,-7.418524326808485,-76.32670813744515
50805,incendio,-7.0266,-76.6199
50810,no_incendio,-7.150450269408023,-77.18839409410428
50811,no_incendio,-7.4685281169836575,-76.45982142340358
50817,incendio,-6.996,-76.7133
50819,incendio,-6.4915,-77.4933
50822,no_incendio,-6.886318678721428,-75.69795842959347
50823,no_incendio,-5.590950998396602,-75.50740685150045
50828,no_incendio,-5.990542250974831,-75.6694532466171
50832,no_incendio,-6.479517291884607,-77.31045667927476
50837,no_incendio,-6.324852338083002,-77.32158487709337
50850,no_incendio,-7.06430285125658,-76.42921371383994
50852,no_incendio,-6.482310901757052,-76.90146059819452
50857,no_incendio,-6.139224623753688,-76.40308726211332
50858,no_incendio,-7.27421571842906,-77.20818796800718
50864,incendio,-6.6568,-76.5275
50873,incendio,-6.4382,-76.2845
50882,incendio,-8.4814,-76.3999
50891,no_incendio,-7.5993037570991975,-77.49364640835546
50908,incendio,-6.5408,-75.6656
50909,no_incendio,-6.617504610391747,-77.25647472773994
50942,incendio,-6.4507,-76.7195
50943,no_incendio,-7.336551353349131,-77.20883178649431
50944,no_incendio,-7.137713754276464,-76.43208640903742
50952,no_incendio,-5.943086820538844,-77.20310189012812
50961,incendio,-7.0303,-76.716
50977,no_incendio,-6.26574363006572,-75.945416955943
50981,incendio,-6.7728,-76.1995
50987,incendio,-8.193,-77.0299
51001,no_incendio,-5.561920884041726,-75.5653879895247
51006,no_incendio,-7.546681661706002,-77.09086718024028
51020,no_incendio,-7.188428352306568,-77.29319926370498
51027,incendio,-6.1996,-77.5316
51029,no_incendio,-6.037617039183259,-75.8633441160442
51042,incendio,-6.3933,-77.434
51049,no_incendio,-6.931023435575018,-75.82624629253455
51051,incendio,-6.065,-76.4529
51055,incendio,-7.236,-76.2938
51056,no_incendio,-6.534953195140333,-76.18456106043952
51061,incendio,-6.7132,-76.3737
51068,no_incendio,-5.631534863423365,-75.5444078955286
51071,no_incendio,-6.224278076163242,-75.68574152044755
51088,no_incendio,-7.353974209500567,-76.635407884227
51093,no_incendio,-5.7630676382897414,-75.77232686505347
51094,no_incendio,-5.855088798772725,-76.8781669555971
51099,no_incendio,-6.161493803649726,-77.185392683239
51105,incendio,-7.6288,-76.6815
51120,incendio,-6.8192,-76.4897
51124,no_incendio,-7.15542529777246,-76.2489354268892
51126,no_incendio,-5.97958938141772,-75.97696588702247
51127,no_incendio,-6.233353095567226,-75.91710577734175
51129,no_incendio,-7.27421571842906,-77.20818796800718
51130,incendio,-6.3323,-76.3217
51136,no_incendio,-6.726381012789614,-77.29263321460805
51145,no_incendio,-6.787051317211901,-77.10628604223226
51148,no_incendio,-6.072007171578419,-77.37389388906047
51151,no_incendio,-7.275276678539276,-76.76197872211165
51153,no_incendio,-6.559185707653601,-77.1814362546677
51156,incendio,-7.5676,-76.4979
51160,incendio,-6.4633,-76.5594
51163,no_incendio,-7.2373332017811665,-76.09425476964923
51168,incendio,-5.7195,-77.1569
51170,incendio,-7.2917,-76.4243
51187,no_incendio,-5.695046426207607,-76.82428560854454
51189,no_incendio,-5.4484392138134945,-75.95921509359859
51193,no_incendio,-7.035328568865795,-77.4057239232557
51194,no_incendio,-6.461789384490803,-77.24534969872819
51195,no_incendio,-5.65117658577255,-75.62263099163508
51197,no_incendio,-5.5670313248345,-75.99876018929933
51203,incendio,-5.3687,-76.7931
51218,no_incendio,-5.959932705913599,-76.9795248154579
51228,incendio,-6.5355,-76.7101
51230,incendio,-5.7787,-76.4062
51231,incendio,-7.5256,-76.7316
51234,no_incendio,-5.979395848987274,-75.81605060669331
51235,incendio,-7.0222,-76.2545
51254,incendio,-8.3635,-76.2842
51272,incendio,-6.9091,-76.4052
51278,incendio,-5.4939,-76.7444
51280,no_incendio,-6.370648236891197,-76.34077418345667
51283,no_incendio,-6.833720284532176,-77.09053083344739
51293,no_incendio,-7.579867389663157,-75.5999817001758
51301,incendio,-6.5605,-77.2156
51307,no_incendio,-7.275276678539276,-76.76197872211165
51308,no_incendio,-6.439732844593629,-76.57320223136172
51309,incendio,-6.6422,-76.2421
51319,incendio,-7.4873,-76.5411
51334,incendio,-7.1336,-76.6481
51339,incendio,-6.5805,-75.9432
51347,incendio,-6.151,-76.3743
51349,incendio,-6.4174,-75.7097
51353,incendio,-7.5896,-76.4042
51354,no_incendio,-6.535327617861432,-76.18785766882165
51366,no_incendio,-6.923846443514746,-77.29283624638697
51369,incendio,-7.083,-76.8137
51370,incendio,-6.0097,-76.2721
51373,incendio,-7.5958,-76.6871
51376,incendio,-7.4361,-76.4078
51379,incendio,-5.7093,-75.857
51383,no_incendio,-5.455465993485473,-76.16419328270247
51393,no_incendio,-6.594359651694001,-75.81359177197494
51396,no_incendio,-5.509842715479968,-77.22974622552158
51415,no_incendio,-6.208571378644004,-77.08847372883292
51418,incendio,-8.3923,-77.3895
51425,no_incendio,-7.010242517235748,-76.48324440357516
51430,no_incendio,-6.092332930769818,-77.53250095731846
51432,incendio,-6.7977,-76.6089
51435,no_incendio,-7.117688925300616,-76.79094679252412
51436,incendio,-6.5485,-76.5868
51455,incendio,-6.5025,-76.5026
51457,incendio,-7.0437,-76.3519
51461,incendio,-5.9898,-76.2984
51474,incendio,-6.2593,-75.7774
51491,no_incendio,-7.584063938890335,-77.08532363724217
51508,no_incendio,-6.09087742872903,-76.39432793529913
51511,no_incendio,-7.180456049019163,-77.4128118764767
51517,no_incendio,-5.685078590845662,-76.61726952612376
51550,no_incendio,-6.775595026700855,-77.38152365692504
51551,no_incendio,-7.000185157265019,-76.24279253564121
51552,incendio,-7.2242,-76.8441
51575,no_incendio,-6.525952464139444,-76.13787075319888
51586,no_incendio,-6.267765286846349,-75.88438881089547
51590,no_incendio,-5.504827246357519,-77.16574913944
51591,no_incendio,-5.812760524192122,-77.54920790478845
51596,incendio,-6.3009,-76.2974
51598,incendio,-7.3634,-76.5684
51601,no_incendio,-5.61928379725062,-76.7464492739021
51618,no_incendio,-6.756685989962618,-75.83002754028344
51619,incendio,-8.6268,-76.3266
51623,incendio,-7.2052,-76.7626
51631,no_incendio,-6.23470396402255,-76.94332145347941
51639,no_incendio,-7.53821724475927,-77.34792258266398
51647,no_incendio,-6.300702389014246,-76.09062532956851
51656,incendio,-7.6191,-77.4675
51662,no_incendio,-5.562529025700048,-76.57485709284715
51669,no_incendio,-7.37285257220338,-75.85397128431137
51673,incendio,-5.9204,-76.9992
51681,no_incendio,-5.7158112857010535,-77.38243423840477
51689,no_incendio,-6.439732844593629,-76.57320223136172
51693,no_incendio,-6.937667134670242,-75.79567614590403
51696,incendio,-6.6331,-76.1175
51702,no_incendio,-7.180456049019163,-77.4128118764767
51708,incendio,-6.0209,-76.2742
51713,no_incendio,-6.727604587458214,-76.26589680418019
51720,no_incendio,-6.884683844966387,-77.48590774056447
51731,no_incendio,-5.498957925752801,-76.23819839749541
51741,incendio,-7.0032,-76.8811
51749,incendio,-5.8302,-77.3134
51757,incendio,-7.4028,-76.7077
51763,incendio,-8.5008,-76.2989
51783,incendio,-7.1005,-76.5705
51792,no_incendio,-7.4055258629962415,-75.72836594706017
51798,incendio,-6.0917,-76.9023
51804,no_incendio,-5.5629279584591815,-75.58676722265717
51806,no_incendio,-6.939438225282601,-76.80786345912996
51813,incendio,-7.2097,-76.8874
51816,incendio,-6.749,-76.605
51850,incendio,-7.4984,-76.5271
51863,no_incendio,-7.537264707596327,-76.77993123452514
51865,incendio,-6.0065,-76.238
51867,no_incendio,-7.454820191858604,-77.06390769959336
51869,no_incendio,-7.459387198765487,-76.32587223443953
51874,no_incendio,-7.4500171761306255,-77.030145813453
51879,incendio,-5.7353,-76.1516
51891,no_incendio,-7.371625145918922,-75.70238603258082
51903,incendio,-6.115,-75.7593
51915,incendio,-7.413,-76.8619
51918,incendio,-6.7194,-76.6319
51937,incendio,-6.4509,-75.8564
51945,no_incendio,-6.470561948843736,-76.94393330664495
51994,incendio,-6.867,-76.5497
51997,no_incendio,-6.338883523616399,-76.67237416346605
52004,no_incendio,-6.136911310096428,-77.0902535793698
52009,incendio,-8.1624,-76.6577
52020,no_incendio,-6.300702389014246,-76.09062532956851
52032,no_incendio,-5.8586832152668595,-76.15130829850591
52034,incendio,-6.1792,-76.3556
52037,no_incendio,-7.391380566669081,-77.4628689446306
52038,incendio,-8.1968,-76.9703
52044,no_incendio,-7.45728200774953,-76.98588787498541
52045,incendio,-5.8805,-76.0547
52047,no_incendio,-5.637143675477756,-76.46390106880192
52057,no_incendio,-6.219703521684984,-76.92758051251145
52060,incendio,-8.3683,-77.6422
52062,no_incendio,-6.0017769805371435,-76.54978075200272
52063,no_incendio,-6.5564240987934905,-76.79797957202473
52064,incendio,-8.284,-76.651
52073,no_incendio,-6.064542854980353,-77.18213602611725
52077,incendio,-7.1846,-77.0808
52086,no_incendio,-6.479517291884607,-77.31045667927476
52091,no_incendio,-6.58181358126526,-75.97994293561052
52094,incendio,-8.4045,-76.3447
52113,incendio,-8.1765,-76.6275
52117,no_incendio,-7.079367268286084,-75.74962590729507
52118,incendio,-6.7987,-76.509
52120,no_incendio,-5.399995483023551,-76.68244565675566
52143,no_incendio,-5.41267692948794,-75.94332607139869
52145,incendio,-6.9614,-76.1889
52152,incendio,-6.7306,-76.2024
52160,no_incendio,-7.52893790740652,-77.07253517227397
52164,no_incendio,-5.59950907688548,-76.65469517623596
52173,incendio,-5.81,-76.0103
52176,incendio,-6.8702,-77.7854
52182,no_incendio,-6.555810705714814,-75.58765246403257
52191,incendio,-6.2688,-75.7871
52194,incendio,-6.8589,-76.5994
52197,no_incendio,-6.110977096163155,-77.0520623179512
52209,no_incendio,-6.400338002031925,-76.1292712340201
52211,incendio,-8.7343,-76.0942
52216,no_incendio,-5.992720265748597,-76.93502157829727
52217,no_incendio,-7.200090625449649,-75.973583692229
52237,no_incendio,-5.977954403238399,-75.89740788010133
52242,no_incendio,-5.83234820585484,-77.1167119832574
52264,incendio,-5.8026,-76.1739
52265,incendio,-5.865,-75.8984
52268,incendio,-8.1786,-76.6205
52276,no_incendio,-6.937667134670242,-75.79567614590403
52282,incendio,-7.1966,-76.9008
52290,no_incendio,-6.660380391800162,-76.4974881056194
52315,incendio,-6.8395,-76.9
52319,incendio,-7.2043,-76.8561
52320,incendio,-6.6874,-77.2747
52322,no_incendio,-5.509842715479968,-77.22974622552158
52323,no_incendio,-5.588466979788065,-76.18717580992774
52337,incendio,-6.0555,-76.3107
52347,no_incendio,-5.734596234605278,-76.54404736792905
52353,incendio,-7.3249,-76.8277
52361,incendio,-7.5221,-76.7204
52363,no_incendio,-7.213623333493973,-77.17840648744146
52365,incendio,-7.0777,-76.8055
52373,no_incendio,-6.4551795764442375,-76.19574642473289
52374,no_incendio,-7.532869703153675,-75.62377754135032
52386,incendio,-7.0642,-76.4843
52387,no_incendio,-7.588515859914238,-76.24969046906399
52405,no_incendio,-6.189738223688629,-76.63044449970681
52411,no_incendio,-6.9712876814104,-75.72933923833854
52413,incendio,-8.3889,-76.3079
52427,incendio,-6.0421,-76.9502
52434,no_incendio,-5.826125398643272,-77.25978841596924
52444,no_incendio,-7.036643028375762,-75.60012732289076
52462,incendio,-7.3443,-76.5906
52465,no_incendio,-7.453299052251447,-77.18508562471676
52466,no_incendio,-6.942054443870175,-75.88451122317879
52468,incendio,-6.9835,-76.5157
52469,no_incendio,-5.811190643666691,-76.41076755798852
52471,no_incendio,-5.5978889160107626,-76.86708534486174
52476,no_incendio,-5.702153316153597,-75.54463550563808
52477,no_incendio,-7.371926664770868,-77.38249391708561
52480,no_incendio,-6.068535480190217,-76.55604968607116
52482,no_incendio,-7.511471498657587,-77.0305776349507
52498,incendio,-6.7532,-76.6368
52506,incendio,-6.878,-76.9428
52507,no_incendio,-5.441244045280792,-76.19936571316805
52511,no_incendio,-6.165139577023006,-77.17733248367045
52516,no_incendio,-6.5080063012359775,-75.67913673399867
52523,no_incendio,-5.728382445396997,-77.12017555927592
52525,incendio,-6.7146,-76.464
52531,incendio,-6.7254,-76.453
52532,no_incendio,-6.332355926126756,-76.57852424451565
52540,no_incendio,-7.259025792408945,-76.1069982504593
52546,no_incendio,-6.0457356441581505,-76.76564488218803
52553,incendio,-5.7137,-76.2568
52562,incendio,-7.4373,-76.7201
52567,no_incendio,-7.464502353788052,-77.51392837949253
52578,incendio,-6.1698,-76.3464
52580,incendio,-6.7483,-76.2691
52584,no_incendio,-5.933819847140226,-76.39063203845332
52587,no_incendio,-6.623625617650361,-76.4412657181978
52594,no_incendio,-5.906320557671209,-76.16456069117528
52598,incendio,-7.1985,-76.6486
52600,incendio,-6.9401,-76.6484
52604,no_incendio,-6.847838156918014,-76.65972952352969
52605,no_incendio,-5.67746740794027,-76.11677597680215
52606,no_incendio,-5.525519480392893,-76.3183975995799
52609,incendio,-7.0181,-76.8624
52615,incendio,-8.6817,-76.3564
52625,no_incendio,-5.976273966695589,-76.89556075922386
52640,no_incendio,-6.500803234494254,-76.0342561681164
52645,incendio,-6.8069,-76.6075
52648,no_incendio,-5.98497682810957,-77.24575452252367
52653,no_incendio,-7.396293728832261,-76.90325278525978
52654,no_incendio,-6.36044395346056,-75.72277954497737
52663,no_incendio,-5.323979357908248,-75.76496426046252
52664,incendio,-6.4342,-76.4806
52669,no_incendio,-6.30791982416226,-77.35125522509678
52671,no_incendio,-5.4986752575716835,-76.99704879250469
52672,no_incendio,-5.577424926283962,-75.86385660107669
52676,no_incendio,-7.347666513055251,-77.19530347019538
52688,no_incendio,-7.1210506239975135,-76.31863607475617
52691,incendio,-7.1957,-76.7057
52696,no_incendio,-6.395505819847665,-76.99761432969862
52698,incendio,-8.6009,-76.2872
52702,no_incendio,-7.237158680749911,-76.11796356076336
52718,incendio,-6.6023,-76.6572
52735,incendio,-5.8496,-76.2846
52737,no_incendio,-7.584063938890335,-77.08532363724217
52740,no_incendio,-7.2822391020909345,-76.80145523505668
52745,incendio,-6.5515,-76.2844
52748,no_incendio,-7.3820884546139,-76.13227467193721
52758,no_incendio,-6.525390337428589,-76.47559277816393
52768,no_incendio,-7.0026426990635535,-77.36552672269332
52769,incendio,-5.9556,-76.1788
52779,no_incendio,-6.046941056590012,-76.4497684025493
52781,incendio,-8.4358,-76.2472
52782,no_incendio,-6.887626631829371,-77.285374555124
52788,no_incendio,-5.5978889160107626,-76.86708534486174
52819,incendio,-6.6273,-76.7781
52828,incendio,-7.1144,-76.8199
52831,no_incendio,-5.634222890340759,-76.43789808900263
52836,incendio,-7.0955,-76.825
52839,incendio,-7.3028,-76.7491
52843,no_incendio,-5.609318574866824,-76.18227826181767
52846,no_incendio,-5.752288568187965,-75.61867904444058
52850,no_incendio,-6.26574363006572,-75.945416955943
52864,no_incendio,-5.863508615293079,-77.5457929030888
52865,no_incendio,-7.426285004692227,-76.55235970604326
52868,incendio,-6.4811,-75.9167
52869,no_incendio,-5.525473635438348,-76.97243620940135
52870,incendio,-7.3784,-76.7156
52872,incendio,-8.4642,-76.3456
52878,incendio,-6.3325,-77.5401
52887,no_incendio,-7.377051275028038,-75.93975534182488
52903,incendio,-7.5208,-76.5448
52908,incendio,-7.0244,-76.6692
52910,no_incendio,-5.465881437617145,-76.83346258647516
52914,incendio,-6.5175,-75.6889
52919,no_incendio,-5.522972759309926,-75.80819311512354
52931,no_incendio,-7.190259524857835,-76.68608585816432
52943,incendio,-7.0251,-76.6581
52944,incendio,-8.4602,-76.4042
52954,no_incendio,-5.6819042694428346,-76.21370978152449
52956,no_incendio,-7.1632098636724635,-76.89550285392816
52961,no_incendio,-7.4286037527901305,-75.69674631092113
52969,incendio,-8.6549,-76.3453
52974,incendio,-7.2072,-77.6837
52994,incendio,-8.3737,-76.3866
52995,incendio,-8.7926,-76.2658
52997,no_incendio,-7.1695522446443345,-76.10103400972879
52998,incendio,-7.0945,-76.1755
53000,no_incendio,-7.420738238712349,-77.50365613060586
53009,no_incendio,-5.3992279096164255,-77.51525342091976
53016,incendio,-8.3599,-77.7279
53024,no_incendio,-7.589730303914846,-76.05435857716274
53032,no_incendio,-5.585507984340333,-75.53590045517545
53040,no_incendio,-6.444054607789215,-75.60852282337595
53056,incendio,-7.2814,-76.425
53058,incendio,-6.1008,-77.1719
53062,no_incendio,-5.992720265748597,-76.93502157829727
53066,no_incendio,-5.992717705570296,-75.97108395344519
53073,no_incendio,-6.545046135469808,-77.4695217022142
53077,no_incendio,-6.733687512476174,-75.74855689788478
53084,no_incendio,-5.619318348217799,-76.76258506679603
53089,no_incendio,-6.9213010558098045,-76.33886424086654
53092,incendio,-5.9949,-77.1161
53093,no_incendio,-6.796720182530489,-75.69073110670904
53095,no_incendio,-7.487103293775268,-76.06526148025002
53098,no_incendio,-7.43096053916798,-75.91112977240851
53099,no_incendio,-5.691703950902071,-76.93733770607169
53100,incendio,-7.3137,-76.5698
53104,no_incendio,-7.517938460168555,-75.88430182253087
53108,no_incendio,-6.199486560201427,-77.4221153051421
53109,incendio,-6.0338,-76.0199
53114,no_incendio,-7.0805818707385395,-75.71658427890108
53115,no_incendio,-6.763422719650261,-75.74420107703415
53126,no_incendio,-5.847773952672416,-76.45786537475786
53129,no_incendio,-7.523343048173316,-75.60465669486607
53138,incendio,-6.3562,-77.6321
53154,no_incendio,-5.628009588205993,-76.65354056984353
53167,no_incendio,-6.010674240572804,-77.09796715104932
53176,incendio,-7.1315,-76.2699
53177,incendio,-7.9356,-76.7172
53180,incendio,-6.7928,-76.4944
53181,incendio,-7.0092,-76.2667
53188,no_incendio,-7.593724484851976,-77.34754973911781
53198,incendio,-7.0287,-76.7038
53200,no_incendio,-6.3431574963922905,-76.8897013975212
53201,incendio,-6.5311,-76.5744
53211,incendio,-6.1896,-77.4938
53219,incendio,-6.5377,-76.3975
53220,no_incendio,-6.641370996240543,-76.27210728920325
53227,incendio,-6.8103,-76.6974
53231,incendio,-5.9403,-76.2665
53232,incendio,-6.0471,-76.2789
53233,incendio,-6.8448,-76.5976
53242,no_incendio,-5.40191525194851,-77.41832441514279
53246,no_incendio,-7.111569656244363,-77.04269521527607
53249,no_incendio,-5.866539639068574,-77.22687497991105
53251,no_incendio,-6.377843437674785,-75.69894560383477
53255,incendio,-6.8843,-76.7373
53260,incendio,-6.9851,-76.3413
53266,incendio,-6.0216,-76.2215
53275,no_incendio,-7.592086939740942,-76.80103020899601
53277,incendio,-8.4469,-76.3942
53285,no_incendio,-5.712986091901971,-76.69466982249243
53292,no_incendio,-5.582283481453623,-75.95562633397932
53298,no_incendio,-6.360887636963093,-77.10755017823716
53299,no_incendio,-6.185102706019143,-75.78932803542219
53305,no_incendio,-5.985543510791079,-75.55610035209125
53321,no_incendio,-7.006429626529349,-76.40821160101947
53322,no_incendio,-5.847351714277372,-76.19994787889544
53326,no_incendio,-6.152311336764004,-75.83217280220295
53338,incendio,-7.486,-76.4539
53339,no_incendio,-6.44311246702837,-76.64720397145403
53340,no_incendio,-6.53438876670278,-77.3151143596093
53341,incendio,-7.82,-77.7317
53358,no_incendio,-5.791181789509089,-77.46024775242152
53362,incendio,-5.8954,-77.2402
53365,no_incendio,-7.597875070160168,-76.24368895263702
53372,incendio,-6.9332,-76.3718
53378,no_incendio,-6.258662070362653,-76.50630572261905
53388,no_incendio,-6.23470396402255,-76.94332145347941
53391,incendio,-7.4514,-76.5815
53394,no_incendio,-6.3805177741503645,-77.07356874423562
53400,no_incendio,-5.761894026687926,-76.71626651276603
53403,no_incendio,-5.329749843854847,-75.71078811690217
53411,incendio,-6.0936,-76.2818
53412,no_incendio,-7.506850337937736,-76.33686457857513
53417,incendio,-6.844,-76.8303
53430,incendio,-8.155,-76.617
53445,incendio,-6.8826,-76.1775
53456,no_incendio,-5.6011690570737915,-76.70090683859456
53466,no_incendio,-6.699363471042822,-76.86169598666291
53490,no_incendio,-5.588466979788065,-76.18717580992774
53503,incendio,-6.9125,-76.8831
53532,no_incendio,-7.579948204047341,-77.15279486128607
53535,incendio,-5.8432,-76.2292
53541,no_incendio,-6.741564716218832,-76.27215624555981
53542,incendio,-5.9394,-76.2467
53547,no_incendio,-6.899424280300874,-76.07403591805503
53549,no_incendio,-6.9260270516583,-76.1608919912471
53553,no_incendio,-6.081693229189671,-76.04554760839422
53567,no_incendio,-6.772965762366505,-76.27272500681829
53573,incendio,-7.0044,-76.7698
53574,incendio,-7.2227,-76.8452
53583,no_incendio,-6.48340164417584,-76.67965578486029
53597,no_incendio,-6.722977701208728,-76.08504808570892
53598,incendio,-7.0491,-76.8476
53599,incendio,-5.8998,-76.1069
53602,incendio,-6.9172,-76.3416
53633,no_incendio,-5.532392079747417,-76.92136640270547
53636,no_incendio,-7.170373075763204,-77.40179462648253
53637,incendio,-7.2119,-76.0573
53642,incendio,-8.4999,-76.5637
53645,no_incendio,-7.217722844984081,-77.2235426849214
53652,no_incendio,-7.287912531535466,-77.51954103984086
53666,incendio,-8.3434,-76.5456
53675,incendio,-6.5192,-77.4803
53685,incendio,-7.6685,-77.6422
53686,no_incendio,-6.007162927883913,-76.5503319635523
53693,incendio,-5.8939,-76.0435
53706,no_incendio,-6.370648236891197,-76.34077418345667
53713,incendio,-7.1626,-76.2423
53721,incendio,-5.928,-77.2604
53729,no_incendio,-5.364143829036743,-76.95415482559467
53731,incendio,-6.1942,-76.3005
53749,no_incendio,-6.939758211874388,-76.17566888296336
53758,no_incendio,-6.638936461882343,-76.98044793632914
53763,incendio,-6.7295,-76.6075
53767,no_incendio,-6.691674214621824,-77.20756079690301
53770,no_incendio,-7.547004527368286,-77.14424900414204
53788,no_incendio,-6.671397085491674,-75.72724206195927
53793,no_incendio,-7.082226882888392,-75.74798202243628
53794,no_incendio,-5.916934623864143,-76.40108482987945
53799,no_incendio,-5.862678119407266,-76.8979972886448
53806,incendio,-6.1176,-76.245
53822,incendio,-6.7595,-76.5036
53825,no_incendio,-6.968966493455318,-76.77095416720522
53831,incendio,-6.1201,-76.2236
53837,no_incendio,-5.991944937539925,-75.60778625331145
53838,no_incendio,-6.8241555048520945,-76.01927599626522
53843,no_incendio,-6.949882284574706,-75.68273295602192
53845,no_incendio,-5.7980276983387755,-76.60461534978732
53846,no_incendio,-5.6909060907931215,-77.03642215530066
53862,incendio,-7.4361,-76.4052
53875,incendio,-7.3761,-76.6901
53884,no_incendio,-7.1816270512499,-75.96620433389496
53885,no_incendio,-5.531434005442488,-77.13875106909684
53886,incendio,-7.2735,-76.7809
53887,no_incendio,-7.284463966351714,-76.84480226943248
53892,no_incendio,-6.729806246426535,-76.87013039720924
53893,incendio,-7.3712,-76.5784
53895,no_incendio,-6.180704652480343,-76.89113580194854
53897,no_incendio,-6.796720182530489,-75.69073110670904
53901,no_incendio,-6.640978763936889,-76.01901055862061
53909,no_incendio,-6.476078930269108,-76.12579467837428
53915,incendio,-6.9527,-76.7061
53917,no_incendio,-6.649475670478298,-75.86589242526365
53918,incendio,-6.606,-76.4432
53925,no_incendio,-5.406105166280382,-76.83363539988324
53936,no_incendio,-6.762864710659274,-76.8037089986203
53937,no_incendio,-7.017832061015762,-77.13978816386988
53939,no_incendio,-5.31562173519542,-75.64368786803017
53949,no_incendio,-7.309838483592369,-76.99515991704935
53958,no_incendio,-6.925307344468632,-76.89098262738764
53973,no_incendio,-5.543275857949961,-76.36401463997392
53976,no_incendio,-6.802375216185101,-76.58944416230916
53978,no_incendio,-7.127093555738052,-76.84105088577114
53983,no_incendio,-6.567404760010091,-75.93678531261668
53988,no_incendio,-7.321172600418316,-77.03516400852085
53993,incendio,-5.6066,-75.8733
53995,no_incendio,-7.432415046086705,-75.62170917666255
53997,incendio,-8.792,-76.2849
53999,incendio,-5.3003,-76.2504
54002,no_incendio,-7.278446400857449,-77.33703515392486
54003,no_incendio,-5.688886934346843,-77.36422749238871
54007,no_incendio,-7.153254312142147,-75.61931012295983
54018,no_incendio,-7.410323721411357,-76.86954387230432
54019,no_incendio,-6.425556209293201,-75.70279330371295
54022,incendio,-7.3068,-76.7328
54025,no_incendio,-7.374027518305184,-76.32029762844952
54029,incendio,-7.5055,-76.6761
54036,no_incendio,-6.368662376296837,-77.03036089290791
54042,incendio,-7.2885,-76.9341
54051,incendio,-5.7807,-76.3358
54058,no_incendio,-6.965586863586331,-77.4440785223658
54062,no_incendio,-5.8084744858353705,-77.25537544416976
54069,no_incendio,-6.685185816424632,-76.91349326123884
54074,incendio,-5.9927,-76.2954
54077,incendio,-6.8617,-76.623
54082,incendio,-8.5489,-76.4798
54083,no_incendio,-6.672836316039594,-77.21035813191263
54085,incendio,-6.7036,-76.6434
54088,incendio,-8.2724,-76.5799
54089,incendio,-7.3179,-76.3081
54096,incendio,-8.6193,-76.3312
54103,no_incendio,-7.23268535501901,-75.71791421763211
54123,incendio,-8.1231,-77.3381
54124,no_incendio,-6.193641518737963,-75.9541835583981
54125,no_incendio,-7.433029202252227,-75.6952599290436
54128,no_incendio,-6.165061446367449,-75.9664591742673
54130,no_incendio,-6.695277689736439,-77.08154414600035
54134,no_incendio,-6.892866951927303,-75.87172300219687
54142,no_incendio,-5.561988258344413,-76.88991934204635
54144,incendio,-7.0928,-76.5363
54148,incendio,-5.8197,-76.5766
54152,incendio,-6.2209,-75.8563
54157,no_incendio,-6.848581850084046,-76.26989214867015
54159,no_incendio,-7.263705379465793,-77.32787830995856
54163,no_incendio,-5.525166300103762,-76.64412404917219
54173,no_incendio,-7.234182176376593,-76.40213823666475
54180,no_incendio,-5.406105166280382,-76.83363539988324
54184,no_incendio,-5.3130357942785436,-76.58858316456917
54188,incendio,-7.564,-76.7972
54189,incendio,-8.2875,-76.5725
54215,no_incendio,-6.017393971898976,-75.85609561110088
54218,no_incendio,-6.18702118811894,-77.34328610788602
54223,no_incendio,-5.546093305557506,-76.96305959318578
54252,no_incendio,-5.871823711573395,-77.09814467361281
54257,no_incendio,-7.425544369473066,-76.60957296073711
54265,incendio,-8.1611,-76.6684
54268,incendio,-6.5808,-76.1233
54280,no_incendio,-5.434734993358147,-76.94653262890384
54300,incendio,-5.9386,-76.2353
54304,incendio,-6.9767,-76.6482
54306,incendio,-7.1321,-76.774
54307,no_incendio,-7.448759349626241,-75.73146487239217
54312,no_incendio,-6.763422719650261,-75.74420107703415
54318,no_incendio,-6.731898455104795,-77.28317456533246
54322,incendio,-7.3092,-76.7574
54327,no_incendio,-5.802372431085104,-75.57878108958735
54331,incendio,-7.3933,-77.7531
54335,incendio,-6.7449,-76.636
54336,no_incendio,-5.618133364002661,-76.2191295091602
54337,no_incendio,-7.285979665021611,-76.94332213408417
54344,no_incendio,-5.557069716448366,-75.65393079947539
54353,incendio,-8.4065,-76.5159
54354,no_incendio,-5.461372149282843,-77.4223608733987
54355,no_incendio,-5.451597714525489,-77.32234997673201
54364,no_incendio,-7.124827279927048,-76.79852328354966
54366,no_incendio,-6.219703521684984,-76.92758051251145
54381,no_incendio,-5.991245342520768,-75.64023187612118
54382,incendio,-8.6608,-76.8061
54396,no_incendio,-5.8586832152668595,-76.15130829850591
54400,no_incendio,-6.050469228584658,-76.73736427886188
54414,no_incendio,-6.931342706605391,-77.24005682830844
54415,no_incendio,-7.511017054186108,-77.44217334143556
54416,incendio,-7.2393,-76.5179
54423,no_incendio,-6.073266163575411,-75.6671313489238
54434,no_incendio,-5.772447993979731,-76.76825761036689
54441,incendio,-6.9665,-76.5815
54467,no_incendio,-7.298931793323789,-76.42163494937755
54474,no_incendio,-6.426707190480592,-75.93955631582219
54478,no_incendio,-5.647813944563046,-75.98631579821414
54494,incendio,-7.4254,-76.6939
54499,no_incendio,-7.242465202325818,-76.82313227202141
54504,incendio,-6.9372,-76.5701
54506,incendio,-6.4135,-75.7306
54510,incendio,-6.7858,-76.674
54511,incendio,-7.1228,-76.7476
54515,no_incendio,-6.7449829270010735,-76.32449330393015
54527,incendio,-7.2165,-76.0603
54529,no_incendio,-6.731898455104795,-77.28317456533246
54530,no_incendio,-7.191225918716162,-75.54734215721196
54534,incendio,-7.2979,-76.731
54535,no_incendio,-6.94200325407077,-76.26001952788216
54548,incendio,-7.3586,-76.7177
54552,no_incendio,-7.153254312142147,-75.61931012295983
54556,no_incendio,-7.241586175081285,-75.60658029783822
54559,no_incendio,-6.9560251993392335,-75.65244127896328
54565,incendio,-6.9796,-76.8086
54571,incendio,-7.5841,-76.7853
54574,incendio,-6.1392,-77.1373
54580,no_incendio,-6.808298154641365,-77.1261442416624
54587,no_incendio,-6.400727870765625,-77.48420741846027
54594,no_incendio,-5.349324419297768,-77.32630960187535
54595,incendio,-6.7619,-76.581
54599,incendio,-6.8311,-76.2344
54611,incendio,-6.7204,-76.3913
54614,no_incendio,-6.162915042417179,-77.15261169414305
54621,no_incendio,-6.887626631829371,-77.285374555124
54622,incendio,-6.1507,-75.9228
54629,no_incendio,-6.8267458836303225,-76.04005920267028
54633,no_incendio,-6.746503515167967,-76.72857236085679
54645,no_incendio,-6.15602894819134,-76.33768833426039
54654,incendio,-7.0749,-76.6541
54661,incendio,-8.29,-76.4409
54672,no_incendio,-7.233124705417647,-77.12066793132318
54673,incendio,-8.7103,-77.0407
54677,incendio,-7.3387,-76.58
54684,no_incendio,-6.859218995881019,-77.3454749772902
54690,incendio,-8.5282,-76.302
54692,incendio,-8.6186,-76.2921
54693,incendio,-6.5611,-76.2635
54699,incendio,-5.8281,-76.0483
54703,incendio,-7.6231,-76.414
54709,no_incendio,-5.721753234372427,-77.04300744557013
54712,no_incendio,-6.875442125514737,-76.55018813227439
54725,incendio,-5.6551,-76.4823
54736,no_incendio,-7.306661299403648,-77.35299757529853
54740,no_incendio,-6.836006339265761,-75.80496615427175
54745,incendio,-6.0006,-77.2309
54755,incendio,-6.1214,-77.2271
54778,no_incendio,-6.838209877352376,-75.74494612497837
54780,no_incendio,-7.573586798987392,-75.72729255411187
54781,no_incendio,-6.929766621277843,-76.9486595645204
54783,no_incendio,-6.7988040085111265,-76.15084820178622
54788,no_incendio,-6.720013389410524,-76.18246932103828
54793,incendio,-6.3481,-76.0094
54795,no_incendio,-5.714958817536613,-75.57831712461974
54796,incendio,-5.8837,-76.0712
54812,no_incendio,-6.250766771982882,-76.67346707047133
54816,no_incendio,-7.462272976116109,-77.0484423984109
54818,incendio,-6.9708,-76.3393
54838,no_incendio,-7.192676000546934,-77.13476748134192
54839,no_incendio,-6.79327379780416,-76.83578661930616
54841,no_incendio,-6.730215654444688,-76.84821672271427
54844,incendio,-5.8841,-76.2398
54853,incendio,-8.3004,-76.5336
54861,no_incendio,-7.327752780112304,-76.88582488471454
54883,no_incendio,-6.736094048254664,-75.79047035285556
54886,no_incendio,-6.550462961960492,-75.75305667586812
54889,no_incendio,-5.636338028013915,-75.57133657890496
54903,no_incendio,-5.971167138004345,-76.3740699604034
54928,no_incendio,-7.080940596432744,-77.316377811303
54946,no_incendio,-5.652384048618223,-75.53477074714212
54948,incendio,-7.2394,-76.704
54952,no_incendio,-6.925307344468632,-76.89098262738764
54954,no_incendio,-5.394785578322833,-77.00358788486766
54959,no_incendio,-7.5636797148906325,-76.80582387525504
54961,no_incendio,-7.083533851815549,-75.86202426996425
54964,incendio,-7.1239,-76.5177
54969,incendio,-7.3088,-77.6905
54973,no_incendio,-5.991245342520768,-75.64023187612118
54974,incendio,-8.5083,-76.3627
54976,no_incendio,-6.802375216185101,-76.58944416230916
54982,no_incendio,-7.038387701485983,-77.46608635694433
54992,incendio,-5.7088,-75.8566
54997,no_incendio,-7.251215765230244,-76.69670530916802
55000,no_incendio,-5.523597492537125,-76.54848022376082
55001,no_incendio,-7.292464300747621,-76.5588244421564
55007,no_incendio,-5.3170098474698,-75.90718083995199
55010,no_incendio,-6.696114207645428,-77.01139322381492
55015,incendio,-6.8828,-76.7997
55016,no_incendio,-6.242683257012905,-77.09272695265327
55017,no_incendio,-6.741440234624422,-77.09605125719467
55019,incendio,-6.9467,-76.6976
55020,no_incendio,-6.053663067143272,-77.25400416625581
55025,no_incendio,-7.459517004149713,-75.65348895495933
55029,incendio,-6.6252,-76.3181
55035,no_incendio,-7.567624123602405,-76.60964562111504
55037,incendio,-8.6162,-76.7405
55038,no_incendio,-7.082226882888392,-75.74798202243628
55062,no_incendio,-6.673178207902485,-77.4048318758823
55063,incendio,-7.1818,-76.2652
55064,no_incendio,-6.154726709997222,-75.55076367684507
55065,incendio,-5.7524,-76.1808
55069,incendio,-7.3563,-76.8076
55077,no_incendio,-6.777339583024972,-77.16983093641421
55079,incendio,-7.302,-77.7737
55087,no_incendio,-6.66812028796298,-76.15230026038583
55103,no_incendio,-7.506544236901732,-77.50246102993648
55141,incendio,-6.5906,-76.7864
55144,incendio,-6.9486,-76.3317
55148,no_incendio,-7.193491617772813,-76.90637497057176
55155,incendio,-7.4531,-77.7275
55161,no_incendio,-6.940699761996049,-76.26181884160466
55181,no_incendio,-6.386426402369189,-77.04162489751405
55183,no_incendio,-7.418524326808485,-76.32670813744515
55186,no_incendio,-6.812854444766214,-76.31590409569822
55188,no_incendio,-5.6727531578346015,-77.41986068936593
55190,incendio,-6.332,-76.7769
55198,no_incendio,-7.038481344593258,-77.380855509791
55200,incendio,-6.7054,-76.4338
55210,no_incendio,-6.662875308176205,-76.42972525647028
55212,incendio,-8.125,-76.5292
55215,no_incendio,-5.924081807664306,-77.5419305607915
55224,incendio,-6.0254,-77.5682
55233,no_incendio,-6.44311246702837,-76.64720397145403
55237,no_incendio,-5.349324419297768,-77.32630960187535
55246,incendio,-8.349,-76.6077
55256,incendio,-6.0699,-76.2875
55260,incendio,-7.2743,-76.3877
55262,no_incendio,-7.314921869709458,-75.6262107073791
55273,no_incendio,-5.508797884476139,-76.57706115239465
55274,no_incendio,-6.032904107983954,-75.67491532543472
55278,no_incendio,-5.763649060823176,-76.26292282199367
55281,no_incendio,-7.140032609231243,-75.65901239539657
55283,incendio,-6.4085,-75.7506
55292,incendio,-5.9251,-76.9414
55307,no_incendio,-5.8418090063734045,-77.13859458576027
55312,incendio,-7.1201,-76.732
55313,no_incendio,-5.316700367183811,-76.26596491615018
55318,no_incendio,-5.778538304462726,-77.27874829265495
55323,no_incendio,-5.882545131668422,-77.4252687375934
55330,incendio,-6.1117,-75.7577
55333,incendio,-6.6023,-76.7487
55337,incendio,-5.7972,-76.0039
55345,no_incendio,-5.734144568873576,-75.90585662556418
55349,no_incendio,-6.190864426146802,-76.12967606406326
55353,no_incendio,-6.546795271979165,-77.13463626494185
55354,incendio,-6.7771,-76.402
55357,no_incendio,-5.692068833993068,-76.92243000249631
55360,no_incendio,-6.1029066882194485,-77.35334666324442
55363,incendio,-6.7803,-76.2811
55364,no_incendio,-5.562529025700048,-76.57485709284715
55366,no_incendio,-5.933819847140226,-76.39063203845332
55373,no_incendio,-5.928392145710498,-76.5403998802667
55374,incendio,-7.3724,-76.8447
55375,incendio,-7.5475,-76.5441
55387,incendio,-6.3086,-77.6916
55392,incendio,-6.0473,-76.3279
55395,no_incendio,-7.544493851248457,-76.73397529490327
55405,no_incendio,-5.882545131668422,-77.4252687375934
55406,no_incendio,-6.9335165366157545,-76.90717664275962
55408,no_incendio,-6.466287697296756,-75.7075752786908
55416,no_incendio,-5.444716599482646,-75.83682474093726
55417,incendio,-8.1633,-77.6205
55418,no_incendio,-6.158099214586715,-77.01707847694989
55420,incendio,-5.9954,-77.1868
55430,no_incendio,-6.535104750481092,-76.08251249993276
55433,no_incendio,-5.800895908311601,-76.62831443275236
55441,incendio,-7.2415,-76.0518
55455,no_incendio,-6.727604587458214,-76.26589680418019
55456,incendio,-5.9828,-76.2729
55473,incendio,-6.0464,-76.2669
55475,no_incendio,-6.735984440425587,-77.00622820601815
55482,no_incendio,-5.987623594847527,-77.50895445827787
55488,no_incendio,-7.433764184828395,-76.19895087453514
55495,no_incendio,-6.735984440425587,-77.00622820601815
55504,incendio,-6.0056,-75.961
55515,no_incendio,-6.237634518264563,-76.93733978052377
55526,no_incendio,-6.189900798297541,-77.11922448268243
55531,incendio,-8.0083,-76.7099
55536,no_incendio,-7.093257969486561,-77.25013940551041
55545,incendio,-7.1013,-76.2563
55549,no_incendio,-6.227801736418022,-76.3562846673644
55558,no_incendio,-7.126729071613174,-77.02628949920283
55559,no_incendio,-5.306306841629591,-77.15046908916776
55560,incendio,-6.9363,-76.7289
55567,no_incendio,-6.950538468924696,-76.07104877103448
55572,no_incendio,-5.9638581047952375,-75.97775046224217
55576,no_incendio,-6.6015678247259215,-76.27888093028594
55582,no_incendio,-6.042014186508827,-75.97046946062136
55599,no_incendio,-6.261893490975904,-75.72805069897333
55601,incendio,-7.2745,-76.7893
55607,incendio,-6.8042,-76.2033
55608,incendio,-7.4618,-76.69
55613,incendio,-8.4883,-76.3656
55615,incendio,-6.699,-76.7637
55617,no_incendio,-6.845471207648621,-76.36886322454563
55622,no_incendio,-6.31265571754434,-77.00564888561091
55625,no_incendio,-7.349457434232458,-77.2287510721594
55633,no_incendio,-7.304318403936466,-76.8341795441283
55636,incendio,-7.603,-77.4651
55637,incendio,-6.4194,-76.8674
55643,no_incendio,-6.738442276906446,-76.26128977675305
55644,incendio,-7.5946,-76.5037
55658,incendio,-6.0746,-76.3842
55661,no_incendio,-6.834902492352533,-77.15059777266319
55663,no_incendio,-7.566170057674632,-77.33420456007225
55670,no_incendio,-5.441048358116876,-77.52077786090675
55673,no_incendio,-7.38891296125344,-75.60819465870141
55676,no_incendio,-6.9734000570740395,-77.15029703123086
55683,no_incendio,-7.180456049019163,-77.4128118764767
55686,no_incendio,-5.871823711573395,-77.09814467361281
55689,no_incendio,-6.08565697953034,-76.3565072601085
55693,incendio,-6.5431,-77.2318
55696,no_incendio,-6.887626631829371,-77.285374555124
55700,no_incendio,-5.518725698266722,-76.04231826723102
55702,no_incendio,-6.587743088391281,-75.70665174033093
55713,incendio,-5.9122,-76.1735
55720,no_incendio,-7.496239899438951,-76.29662903245722
55724,incendio,-5.8487,-76.3028
55726,no_incendio,-5.5084858154243905,-75.90684850496002
55732,incendio,-5.9439,-77.1873
55733,incendio,-6.4436,-76.718
55736,no_incendio,-6.04175420458928,-75.6154818462728
55752,incendio,-6.9841,-77.5976
55762,no_incendio,-7.128591277381194,-76.12302141097119
55766,no_incendio,-5.636338028013915,-75.57133657890496
55771,no_incendio,-6.344738730281884,-77.28085925820518
55778,no_incendio,-5.733319617679441,-76.17295841826885
55794,no_incendio,-6.25350724604799,-77.4340170352428
55796,no_incendio,-6.0258388422724725,-75.8823418796658
55809,no_incendio,-5.634222890340759,-76.43789808900263
55811,no_incendio,-7.4438050568529475,-75.8809717620132
55819,no_incendio,-6.193641518737963,-75.9541835583981
55823,no_incendio,-5.916451876326068,-76.42141770409339
55831,no_incendio,-5.5463833686959125,-76.92476001499328
55837,incendio,-7.0834,-76.5223
55840,incendio,-7.0327,-76.2269
55847,no_incendio,-6.360887636963093,-77.10755017823716
55848,incendio,-6.4941,-77.5148
55855,no_incendio,-6.806373584205248,-76.84212620311408
55859,no_incendio,-7.582363301360768,-76.43607509989434
55870,no_incendio,-6.60024344042182,-76.28088372901857
55885,no_incendio,-5.976563784411299,-76.98024729252694
55889,incendio,-7.4516,-76.6528
55894,incendio,-6.6008,-76.5771
55903,incendio,-7.1392,-76.2701
55905,no_incendio,-5.846023239980903,-75.59058432825728
55907,incendio,-5.8155,-76.5358
55909,incendio,-7.0544,-76.7696
55914,no_incendio,-6.890142536767722,-76.21093731168023
55919,incendio,-6.641,-76.6089
55921,no_incendio,-5.304618892030704,-75.54825226766168
55924,no_incendio,-7.554963436234575,-75.69130210162552
55933,no_incendio,-6.22948269148436,-77.46060172999928
55934,no_incendio,-6.2888093914419265,-77.49498781950011
55935,incendio,-6.7165,-76.3851
55939,no_incendio,-6.0017769805371435,-76.54978075200272
55941,no_incendio,-6.4080436516823225,-77.02161843514952
55948,no_incendio,-6.877247924736086,-76.70115338296226
55950,incendio,-6.6691,-76.63
55960,no_incendio,-7.208457886315255,-75.76495343289794
55962,no_incendio,-5.459589434430045,-76.77318023823041
55963,incendio,-6.2431,-76.711
55964,no_incendio,-5.876670821018357,-77.35096983439296
55971,no_incendio,-7.450227101420001,-77.22165209135423
55972,no_incendio,-7.333298288226105,-76.42146225481947
55974,no_incendio,-5.775752820945428,-75.77309666724678
55976,no_incendio,-6.040843804619021,-75.5134205645717
55977,no_incendio,-6.061671698446887,-76.35844064270319
55982,no_incendio,-6.7449829270010735,-76.32449330393015
55992,no_incendio,-5.621781873154133,-75.59201486751932
56008,no_incendio,-6.758724816086575,-76.05879675132634
56010,incendio,-7.3959,-76.5617
56011,incendio,-7.1132,-77.5526
56013,incendio,-6.7768,-76.6818
56016,incendio,-7.5838,-76.4894
56020,incendio,-7.2009,-76.5161
56021,no_incendio,-6.043030962073811,-76.47604236953148
56023,no_incendio,-7.0287390386317705,-77.03724597379518
56028,no_incendio,-6.402069451962711,-76.21591146142134
56034,no_incendio,-7.56354574516261,-76.00460014183221
56036,incendio,-6.4642,-76.475
56040,no_incendio,-7.301346263959235,-76.9768322825311
56043,no_incendio,-6.180704652480343,-76.89113580194854
56060,no_incendio,-6.3480305531769075,-76.22097710185248
56068,no_incendio,-6.566852763907717,-76.67622294647774
56074,incendio,-7.3247,-76.8389
56086,no_incendio,-6.9821795229188215,-77.4814837765738
56087,no_incendio,-6.346021842815813,-77.12333044544714
56089,incendio,-8.0299,-76.6811
56093,incendio,-7.4513,-76.684
56095,no_incendio,-5.798251230559933,-76.03303003317315
56099,no_incendio,-7.378012032391012,-77.45917085361808
56104,incendio,-7.2547,-76.4321
56106,incendio,-7.3654,-76.7347
56113,incendio,-7.5997,-76.6992
56116,incendio,-7.0198,-76.2536
56120,no_incendio,-5.9287884158970305,-76.31836219337158
56125,no_incendio,-7.119124402863609,-77.37715689078294
56151,incendio,-6.9671,-76.6348
56153,no_incendio,-6.309912628737243,-75.57235857764702
56170,incendio,-6.4379,-75.7042
56172,no_incendio,-7.299495014578471,-76.02669026239053
56173,incendio,-7.5632,-76.4968
56181,no_incendio,-6.119596318397669,-75.7668351630271
56183,no_incendio,-5.936247863486473,-77.30432777805068
56185,incendio,-8.6351,-76.3008
56188,no_incendio,-6.308716369141198,-75.7579038479895
56196,no_incendio,-7.388452210624765,-77.20638603731945
56203,incendio,-6.7077,-76.627
56209,no_incendio,-7.265246187084699,-76.5857245979165
56219,no_incendio,-6.1773004933773406,-76.41533827057219
56222,no_incendio,-6.825057480379352,-77.49883680928833
56238,no_incendio,-5.4986752575716835,-76.99704879250469
56249,no_incendio,-6.709233322192638,-77.51049806027564
56250,no_incendio,-6.911054339106914,-76.61694946054432
56252,no_incendio,-5.728382445396997,-77.12017555927592
56253,incendio,-6.3911,-76.5791
56274,no_incendio,-6.775595026700855,-77.38152365692504
56314,no_incendio,-6.684698936601428,-75.64362761188839
56324,no_incendio,-5.859392269860992,-77.07597134063963
56340,incendio,-7.3582,-76.5826
56342,no_incendio,-6.141100932072808,-75.82733820285651
56346,no_incendio,-6.998414939340265,-75.67912715079014
56353,no_incendio,-5.763287542306629,-76.16197141222403
56369,no_incendio,-6.539751025490163,-75.79612657062603
56370,no_incendio,-6.248030507497377,-77.52671049342304
56381,incendio,-6.6918,-76.4062
56387,no_incendio,-6.191285072180344,-75.97348634249272
56400,no_incendio,-5.413750833598563,-75.87946450439262
56402,no_incendio,-5.976473792691887,-77.521298056028
56407,no_incendio,-7.377051275028038,-75.93975534182488
56408,no_incendio,-5.397648721010737,-76.34314573163867
56414,no_incendio,-7.1211989995442275,-77.24932556813594
56421,no_incendio,-6.5631659761878876,-77.17426169429598
56428,incendio,-5.7585,-76.1864
56441,incendio,-6.4907,-76.3625
56449,no_incendio,-6.959314262350769,-76.76578066872496
56452,incendio,-8.6409,-76.7703
56462,no_incendio,-6.076651418507213,-75.99938351654062
56467,incendio,-5.8181,-77.293
56475,incendio,-6.7593,-76.6034
56476,no_incendio,-5.693256209324268,-76.57722873694159
56484,no_incendio,-7.282016752291952,-75.89864347181351
56493,no_incendio,-6.731898455104795,-77.28317456533246
56517,no_incendio,-7.081431158638572,-76.84157131930168
56524,no_incendio,-6.48340164417584,-76.67965578486029
56535,incendio,-5.8308,-77.2928
56541,incendio,-7.1006,-76.14
56543,incendio,-6.4472,-75.7419
56544,no_incendio,-7.575264155010306,-76.7671801072031
56547,incendio,-5.8759,-75.9157
56563,incendio,-7.0356,-76.2319
56565,no_incendio,-7.079367268286084,-75.74962590729507
56567,incendio,-8.4625,-76.2627
56587,no_incendio,-5.668562711065817,-75.61105576661728
56593,no_incendio,-7.536324441611577,-75.98652093293225
56594,incendio,-6.0055,-77.4696
56601,no_incendio,-5.974627825335505,-76.8393257597771
56607,incendio,-6.5786,-76.045
56619,no_incendio,-7.038481344593258,-77.380855509791
56642,no_incendio,-6.281173626920689,-76.33798845589783
56645,no_incendio,-7.010465391222765,-75.64374453725225
56648,no_incendio,-6.482310901757052,-76.90146059819452
56651,incendio,-6.5183,-76.2818
56658,no_incendio,-5.362923654155092,-76.9119868960568
56659,incendio,-7.4029,-76.8602
56662,no_incendio,-6.281173626920689,-76.33798845589783
56663,no_incendio,-5.9462000997115165,-76.43849970195068
56664,incendio,-6.9574,-76.2142
56667,incendio,-6.7551,-76.6581
56680,incendio,-5.3207,-76.4635
56682,no_incendio,-5.739545483497391,-76.77757497448552
56683,incendio,-7.5185,-76.7022
56685,incendio,-6.7639,-76.6484
56688,no_incendio,-6.310252900156727,-75.63690302476967
56689,incendio,-8.4927,-77.6179
56695,incendio,-6.0178,-76.0138
56706,incendio,-6.067,-76.2623
56710,incendio,-6.8633,-76.6216
56718,no_incendio,-7.316542689651407,-77.09719219444501
56719,no_incendio,-7.289453419528988,-76.70433724655702
56724,incendio,-6.0414,-76.2761
56725,incendio,-7.4245,-76.6356
56726,no_incendio,-5.867404604520736,-75.92995443578674
56729,no_incendio,-7.257184386198285,-77.16794482130089
56732,no_incendio,-7.329270682828255,-76.84451015929197
56737,no_incendio,-7.585660689069584,-77.39009094478008
56741,no_incendio,-6.971890891507541,-75.84725150741345
56748,no_incendio,-5.901388111394365,-75.87645660870008
56757,no_incendio,-7.582363301360768,-76.43607509989434
56760,no_incendio,-5.913375544586391,-77.02153912778006
56761,no_incendio,-6.059607457191615,-77.52385870382261
56776,no_incendio,-6.220053203592378,-76.13217715018442
56778,no_incendio,-5.945782975612446,-75.78933619991895
56794,no_incendio,-7.579948204047341,-77.15279486128607
56812,no_incendio,-5.508118125742636,-76.08158705053927
56829,incendio,-6.8568,-76.6773
56834,no_incendio,-7.562840840503951,-75.66286053205432
56842,incendio,-5.9562,-76.2716
56852,incendio,-7.5732,-76.5179
56856,incendio,-6.3371,-76.0529
56858,no_incendio,-7.03159653116471,-76.48526719545968
56859,incendio,-6.5801,-76.0367
56860,no_incendio,-6.573895472470259,-76.90325456502508
56867,no_incendio,-5.913444133925558,-76.54061399484421
56869,no_incendio,-6.196820810614756,-77.18695898534692
56871,incendio,-7.5313,-76.4474
56874,incendio,-7.267,-77.0627
56880,no_incendio,-6.974678823081742,-77.45775985292939
56881,no_incendio,-6.139224623753688,-76.40308726211332
56890,no_incendio,-5.889428519671102,-75.83985217439051
56891,incendio,-6.2084,-75.789
56893,no_incendio,-5.800895908311601,-76.62831443275236
56895,no_incendio,-6.811703020411863,-76.53234904826876
56902,no_incendio,-6.86128898258832,-76.74328169561169
56905,incendio,-7.0414,-76.2958
56920,no_incendio,-5.49005851410074,-77.39191865885853
56956,incendio,-8.0099,-76.7274
56963,no_incendio,-6.107814853885202,-77.33817072189056
56966,incendio,-6.7572,-76.4584
56969,incendio,-6.995,-76.6441
56971,no_incendio,-7.098978961723795,-76.16251434543014
56976,incendio,-6.0478,-75.9316
56978,incendio,-8.7227,-77.3168
56985,no_incendio,-6.974678823081742,-77.45775985292939
57003,no_incendio,-5.8499481349063265,-76.00423037206916
57005,no_incendio,-6.525390337428589,-76.47559277816393
57013,no_incendio,-6.846227548420243,-77.09414313428448
57014,incendio,-7.3312,-76.6549
57025,no_incendio,-6.501541232968051,-77.42157786801864
57029,no_incendio,-7.462272976116109,-77.0484423984109
57033,no_incendio,-7.322683908671553,-75.62004317838583
57037,no_incendio,-5.631534863423365,-75.5444078955286
57038,no_incendio,-6.4891729979787565,-76.11291535541001
57041,no_incendio,-6.1592934714330285,-77.34475903708392
57047,no_incendio,-6.38076556073537,-76.97858606969272
57052,no_incendio,-7.146199438472306,-75.63802434726938
57056,no_incendio,-6.5305605417841495,-76.81567387832536
57062,no_incendio,-6.040675081738544,-76.88692151022694
57065,no_incendio,-7.26944697761503,-76.97064413485722
57077,no_incendio,-6.185102706019143,-75.78932803542219
57078,no_incendio,-6.062840602584927,-76.70237486789418
57086,incendio,-5.9246,-77.6875
57096,no_incendio,-6.6084019823282665,-76.06077967767854
57101,incendio,-5.7574,-76.1523
57110,no_incendio,-7.475413502587504,-75.52501286015236
57114,incendio,-7.0122,-76.8588
57119,incendio,-5.9218,-76.0897
57126,no_incendio,-5.692068833993068,-76.92243000249631
57142,incendio,-7.4219,-76.668
57145,no_incendio,-6.87454750287368,-76.95714014507665
57157,no_incendio,-7.407523974858453,-76.05767195335137
57159,no_incendio,-7.543933320998928,-76.49404370294074
57165,incendio,-5.8003,-77.33
57186,no_incendio,-6.687814799910479,-75.56700420232013
57189,no_incendio,-5.688886934346843,-77.36422749238871
57197,no_incendio,-5.946515429749496,-77.17416988943258
57201,no_incendio,-6.9338065388714725,-77.51645275784907
57202,no_incendio,-6.695277689736439,-77.08154414600035
57212,incendio,-7.3048,-76.7714
57217,no_incendio,-5.49325291733823,-76.90069379643876
57221,no_incendio,-6.178368777472011,-76.33706394423045
57240,incendio,-7.5876,-76.4104
57251,incendio,-6.2621,-75.8675
57261,incendio,-6.1678,-76.0074
57266,no_incendio,-5.455465993485473,-76.16419328270247
57272,incendio,-8.5377,-76.3211
57278,incendio,-7.304,-76.6642
57279,no_incendio,-6.187799355462546,-77.0520465624197
57280,no_incendio,-6.010451782777754,-76.65548557621318
57287,no_incendio,-6.526663320909917,-76.57498858502044
57288,incendio,-7.4263,-76.4255
57290,incendio,-6.3113,-76.1657
57302,no_incendio,-6.963743688695052,-77.15890290229473
57310,incendio,-7.1867,-76.5091
57314,no_incendio,-6.452984723571151,-76.97534564539009
57315,incendio,-7.4993,-76.452
57316,no_incendio,-6.534953195140333,-76.18456106043952
57324,incendio,-7.4232,-76.4507
57325,incendio,-7.2745,-76.9538
57326,no_incendio,-7.006429626529349,-76.40821160101947
57331,incendio,-7.2261,-77.5352
57335,no_incendio,-6.618506694977619,-76.00213992327006
57349,no_incendio,-7.537645825070388,-77.33447245653781
57352,no_incendio,-5.834688696045425,-76.52690718058605
57361,no_incendio,-6.705665824489784,-75.86880266225904
57362,incendio,-6.6775,-77.363
57377,no_incendio,-6.536633754882988,-75.61074686603133
57386,no_incendio,-6.9821795229188215,-77.4814837765738
57387,no_incendio,-6.2701925367746005,-76.81498053088146
57390,incendio,-6.1042,-76.2899
57402,incendio,-6.4987,-75.7346
57412,incendio,-5.74,-76.4003
57414,incendio,-6.6427,-76.2359
57415,incendio,-8.2697,-76.4653
57433,no_incendio,-7.389808722529589,-77.07301560245696
57438,no_incendio,-5.648091386764367,-76.0845405608189
57440,incendio,-5.5376,-75.8464
57446,no_incendio,-7.250518418431454,-77.39731384590523
57448,incendio,-6.0022,-76.2326
57450,no_incendio,-5.459589434430045,-76.77318023823041
57452,incendio,-6.0479,-76.2779
57453,no_incendio,-6.3028561898427915,-76.27802291650278
57463,no_incendio,-5.824960586839608,-76.59374334653756
57466,incendio,-7.0434,-76.6163
57484,incendio,-6.5836,-76.094
57489,incendio,-6.0383,-76.2522
57491,incendio,-6.3606,-77.3975
57494,no_incendio,-7.592937213039827,-76.3910934505804
57498,no_incendio,-6.727275952714791,-77.44889142586435
57502,no_incendio,-5.882916892819359,-76.86515934904114
57503,incendio,-5.7708,-77.3772
57509,incendio,-6.3398,-75.7067
57510,incendio,-6.5924,-76.2681
57512,no_incendio,-6.812990607089626,-75.70820307560577
57514,no_incendio,-5.636606643396935,-75.65023157423232
57519,no_incendio,-6.602549423318465,-77.00681560184587
57522,incendio,-6.9009,-76.9187
57533,no_incendio,-6.973841653653549,-76.58656432123784
57534,no_incendio,-7.233369543625463,-75.83176043083628
57539,incendio,-5.6879,-76.4337
57540,no_incendio,-6.058777263222519,-76.29718752856778
57546,incendio,-7.103,-76.7303
57559,incendio,-8.661,-76.2835
57580,no_incendio,-6.657837978191169,-76.6528349809883
57581,incendio,-8.2585,-76.5784
57583,incendio,-8.5542,-75.5144
57597,no_incendio,-5.89446781447664,-77.22849214912743
57598,no_incendio,-7.173287597971678,-76.70987433367677
57606,no_incendio,-7.292464300747621,-76.5588244421564
57607,no_incendio,-7.381229378022176,-76.50096695875145
57610,no_incendio,-5.592384500349762,-76.12339689137886
57612,no_incendio,-6.295102509635013,-77.52506617532497
57619,no_incendio,-6.890142536767722,-76.21093731168023
57620,no_incendio,-7.192625795202753,-75.79931940133156
57622,incendio,-7.0787,-76.8892
57624,no_incendio,-6.22948269148436,-77.46060172999928
57625,no_incendio,-7.1291364623253095,-77.04904307212506
57636,incendio,-7.4217,-76.4392
57647,no_incendio,-5.326609511462546,-75.7438155508771
57651,no_incendio,-5.763649060823176,-76.26292282199367
57653,incendio,-8.7891,-76.1495
57661,incendio,-6.8498,-76.5821
57662,incendio,-7.0017,-76.8937
57664,no_incendio,-7.442180034070876,-75.92683774273232
57666,incendio,-6.6942,-76.6275
57670,incendio,-6.1287,-76.9384
57678,incendio,-6.6774,-76.4705
57679,no_incendio,-6.324852338083002,-77.32158487709337
57682,incendio,-6.7794,-76.2681
57685,incendio,-6.0223,-76.2836
57691,no_incendio,-6.090705105654209,-75.76196358722034
57694,incendio,-8.0842,-76.5961
57700,incendio,-7.1202,-76.7484
57707,no_incendio,-6.545436147892791,-76.30829128869237
57713,no_incendio,-6.741564716218832,-76.27215624555981
57719,no_incendio,-6.346021842815813,-77.12333044544714
57733,incendio,-7.4027,-76.6026
57746,no_incendio,-7.263705379465793,-77.32787830995856
57750,no_incendio,-7.142345675518539,-77.26966785367183
57756,no_incendio,-6.31265571754434,-77.00564888561091
57760,no_incendio,-5.867404604520736,-75.92995443578674
57764,no_incendio,-6.7392978420431415,-76.19966664513106
57768,no_incendio,-7.585660689069584,-77.39009094478008
57771,no_incendio,-5.590745607594968,-76.01092904258273
57773,incendio,-6.3984,-76.0569
57775,no_incendio,-5.8115954954872135,-76.36754698151917
57776,no_incendio,-6.929511458644296,-75.83962565372784
57789,incendio,-6.1709,-76.8816
57792,incendio,-8.6584,-76.3135
57798,incendio,-7.3014,-76.6066
57801,no_incendio,-6.859834032339221,-77.17846783969736
57802,no_incendio,-6.188812026219859,-77.47999723724293
57806,incendio,-7.3661,-76.7332
57813,no_incendio,-6.109182329794082,-77.41759375115069
57816,no_incendio,-5.609318574866824,-76.18227826181767
57818,no_incendio,-6.587743088391281,-75.70665174033093
57819,no_incendio,-6.851922134143454,-76.90818662457491
57821,incendio,-8.5826,-76.3217
57829,no_incendio,-7.099688871826168,-75.91020418997267
57832,incendio,-6.0761,-75.8967
57836,incendio,-6.9908,-76.2035
57845,incendio,-6.6627,-76.7621
57848,no_incendio,-6.134775971165761,-75.80907324993491
57851,no_incendio,-7.442180034070876,-75.92683774273232
57852,no_incendio,-7.429446375356516,-77.21947961761848
57854,incendio,-7.5327,-76.6231
57857,incendio,-7.0464,-76.8269
57859,no_incendio,-6.2190640726250495,-76.93105958473025
57861,incendio,-7.1033,-76.2999
57864,no_incendio,-7.417769459056535,-76.0278387197161
57866,incendio,-7.1477,-76.6371
57869,incendio,-6.8232,-76.6131
57875,no_incendio,-7.110610391202952,-75.57270966365749
57885,no_incendio,-5.7103480025675015,-77.41410373684516
57887,no_incendio,-6.8267458836303225,-76.04005920267028
57893,incendio,-8.3113,-77.3641
57917,incendio,-6.0701,-77.4472
57920,no_incendio,-7.188428352306568,-77.29319926370498
57922,incendio,-7.5307,-76.4178
57932,no_incendio,-7.019065477801208,-77.45420422372614
57934,no_incendio,-5.974627825335505,-76.8393257597771
57940,incendio,-8.2686,-76.5623
57952,no_incendio,-6.107287203943645,-77.4216594793923
57960,incendio,-6.6682,-76.6698
57964,no_incendio,-5.914538807022697,-77.31789261845223
57965,no_incendio,-5.655403371061297,-77.22066038141541
57968,no_incendio,-7.186570265010596,-75.84461863050306
57971,no_incendio,-5.546857195256127,-75.81190178678054
57974,no_incendio,-6.061679877354346,-76.10414263000189
57975,no_incendio,-5.936332555331325,-76.83179580754164
57979,incendio,-6.0365,-75.9317
57981,no_incendio,-6.041174269159521,-76.02071621272385
57985,no_incendio,-7.145399618003832,-77.00792044464232
57986,incendio,-7.3293,-76.6594
57998,no_incendio,-6.727398434306363,-77.48848492382807
57999,no_incendio,-6.727604587458214,-76.26589680418019
58005,incendio,-7.3654,-76.7855
58010,no_incendio,-5.457985826162461,-76.51538649315398
58042,no_incendio,-7.110610391202952,-75.57270966365749
58045,incendio,-6.7277,-76.4542
58058,incendio,-8.024,-76.7214
58061,no_incendio,-6.460809424904893,-76.67264708557983
58062,incendio,-6.294,-76.6445
58063,incendio,-6.3097,-76.7386
58080,no_incendio,-6.173497385338977,-77.08001241103895
58091,no_incendio,-6.402507911708669,-75.63264270737905
58094,incendio,-7.3226,-76.7234
58098,no_incendio,-6.806897768294474,-76.17637549858149
58108,no_incendio,-6.258662070362653,-76.50630572261905
58116,incendio,-6.211,-75.8279
58131,no_incendio,-6.741440234624422,-77.09605125719467
58142,no_incendio,-5.412071364186887,-77.00251056339543
58145,incendio,-6.5814,-76.0461
58148,incendio,-8.7162,-76.2987
58154,no_incendio,-7.52002816732032,-76.85728021112728
58156,no_incendio,-7.44968802750322,-77.23116283334409
58162,no_incendio,-5.369357026240305,-77.2031702822179
58165,no_incendio,-6.224885960981276,-76.91366721974305
58166,no_incendio,-7.192625795202753,-75.79931940133156
58175,incendio,-6.9376,-76.6378
58183,incendio,-6.065,-76.3204
58185,no_incendio,-7.180514878638644,-76.37224014179314
58191,no_incendio,-5.561294814825637,-75.74902836133377
58193,incendio,-7.4284,-76.618
58194,no_incendio,-7.404587411347148,-77.48236039818194
58199,no_incendio,-6.188812026219859,-77.47999723724293
58216,no_incendio,-6.24016797795497,-75.64844512243143
58217,no_incendio,-7.454902332502221,-76.55109869538403
58219,incendio,-7.0018,-76.5903
58230,no_incendio,-6.378539891531966,-75.71550711436312
58235,incendio,-7.3044,-76.739
58239,incendio,-6.6621,-77.4679
58241,no_incendio,-7.502845115494379,-76.45758833661111
58242,incendio,-8.5059,-76.3997
58243,incendio,-6.6866,-76.4942
58248,no_incendio,-6.668348976590427,-75.85167744687278
58250,no_incendio,-5.882379700992915,-75.5521215473338
58252,incendio,-7.354,-76.5465
58254,incendio,-7.1058,-76.311
58265,incendio,-7.4478,-76.6511
58267,incendio,-7.3859,-76.7341
58272,no_incendio,-6.726107042288016,-76.4764656532763
58273,no_incendio,-6.080706501829642,-77.17715903994046
58287,incendio,-7.5184,-76.5492
58290,incendio,-5.3351,-76.5368
58297,incendio,-8.7657,-76.3045
58303,incendio,-6.9427,-76.6306
58307,no_incendio,-5.7870347665351245,-76.83855785035811
58311,no_incendio,-6.47129538831012,-76.10848069167751
58316,incendio,-7.3383,-76.6581
58320,no_incendio,-6.573895472470259,-76.90325456502508
58327,no_incendio,-7.146199438472306,-75.63802434726938
58329,no_incendio,-6.94690710912819,-75.63438003182783
58344,no_incendio,-6.191430391246121,-75.84894878803162
58351,incendio,-7.316,-76.5745
58354,no_incendio,-6.939438225282601,-76.80786345912996
58355,incendio,-6.5464,-76.5136
58360,incendio,-8.2241,-77.3072
58362,incendio,-7.3753,-76.4403
58363,incendio,-6.5308,-76.4308
58369,incendio,-6.7632,-76.4654
58377,incendio,-7.1387,-76.2918
58378,no_incendio,-7.468820255868223,-76.21884389702247
58379,incendio,-7.3122,-76.9317
58380,incendio,-7.9623,-76.7602
58382,incendio,-7.224,-76.0658
58387,no_incendio,-6.599702785570768,-77.42370077864948
58395,no_incendio,-5.434734993358147,-76.94653262890384
58400,no_incendio,-5.586947404667705,-76.96796502244129
58402,incendio,-6.4943,-76.3631
58412,no_incendio,-6.088150630105884,-77.05183868742043
58414,no_incendio,-5.798404361194972,-75.81527300196596
58420,no_incendio,-5.618133364002661,-76.2191295091602
58423,no_incendio,-5.841084064265475,-76.47146316885033
58426,no_incendio,-7.5120911115649465,-76.43294446778411
58434,no_incendio,-7.424353792615787,-75.73269651500266
58436,incendio,-6.5741,-76.7749
58444,incendio,-7.3441,-77.7366
58453,no_incendio,-7.5348116135080625,-76.04270078901092
58462,no_incendio,-5.41267692948794,-75.94332607139869
58469,no_incendio,-5.494377757817533,-77.22053363364685
58479,no_incendio,-6.974678823081742,-77.45775985292939
58488,no_incendio,-6.727424984115921,-76.66756072308013
58489,no_incendio,-7.225892265359727,-76.0093087691897
58505,no_incendio,-5.809070578757959,-75.92077418660742
58512,no_incendio,-6.3480305531769075,-76.22097710185248
58522,no_incendio,-7.58397179719786,-76.78899858637695
58525,incendio,-6.8593,-76.6901
58547,incendio,-6.0509,-75.9602
58548,no_incendio,-6.416369783766856,-77.46099434503463
58553,no_incendio,-5.65611924902812,-76.450948774078
58556,incendio,-5.8843,-75.9531
58568,incendio,-5.8316,-77.1275
58573,no_incendio,-6.5749903992962055,-76.89683303442592
58574,no_incendio,-7.188266062247751,-75.80338733044515
58575,incendio,-7.3152,-76.6245
58583,no_incendio,-6.308143679517888,-75.54381617905881
58585,no_incendio,-6.56442664767728,-76.08300934140289
58589,no_incendio,-5.743346331540995,-77.34641722204898
58590,no_incendio,-7.396034749471958,-77.09104434205882
58594,no_incendio,-7.523779550040388,-76.57430086125386
58604,no_incendio,-6.400727870765625,-77.48420741846027
58613,no_incendio,-7.143300333347583,-76.01076815200116
58621,incendio,-6.7633,-76.5741
58626,no_incendio,-7.115248664865674,-76.07912965420722
58638,no_incendio,-5.592011294671137,-75.99975689195666
58643,no_incendio,-6.682240904919321,-76.14970898536502
58649,no_incendio,-7.0026426990635535,-77.36552672269332
58656,incendio,-6.9105,-76.4148
58659,no_incendio,-6.567404760010091,-75.93678531261668
58663,no_incendio,-7.238892730733428,-76.47459847040415
58672,no_incendio,-6.812854444766214,-76.31590409569822
58674,no_incendio,-6.2816422432891255,-75.61454508391762
58680,incendio,-7.012,-76.275
58687,no_incendio,-7.191225918716162,-75.54734215721196
58688,no_incendio,-6.165139577023006,-77.17733248367045
58695,incendio,-7.2684,-76.3382
58703,no_incendio,-6.1574013412773905,-75.50582251676065
58704,no_incendio,-5.3750389583532385,-76.27737605989306
58713,no_incendio,-5.746784627492212,-75.78617751665539
58714,no_incendio,-6.590453070259288,-76.04913179233263
58715,no_incendio,-6.023168032179068,-77.26981479042486
58717,incendio,-5.9938,-75.8955
58722,no_incendio,-5.699419411757933,-76.10583548301037
58727,incendio,-5.8688,-77.1129
58731,no_incendio,-7.307422219905113,-77.49030389420659
58740,incendio,-8.0692,-76.7539
58741,incendio,-6.7869,-76.5861
58743,no_incendio,-5.702364736345534,-76.72144500150783
58744,no_incendio,-6.746503515167967,-76.72857236085679
58745,incendio,-6.4115,-75.8667
58751,no_incendio,-7.352637322565051,-76.5869966012663
58757,no_incendio,-6.490391135640375,-76.20592887580928
58763,no_incendio,-5.979395848987274,-75.81605060669331
58764,no_incendio,-6.011348651194169,-77.43448041427209
58766,no_incendio,-5.930404217360228,-76.53983487852608
58773,no_incendio,-5.73653806083423,-77.04027076606343
58774,incendio,-8.3683,-76.5376
58775,incendio,-6.4694,-77.6581
58788,no_incendio,-6.902373213948052,-75.80243684170989
58793,no_incendio,-5.876670821018357,-77.35096983439296
58797,no_incendio,-7.391354511869424,-77.17370886410413
58813,no_incendio,-5.431391280919102,-75.58519659503115
58822,incendio,-6.768,-76.8011
58826,no_incendio,-7.357911846364595,-77.10667831143273
58853,incendio,-5.7806,-76.5164
58855,no_incendio,-5.501399945972402,-76.12442406721492
58858,incendio,-7.0957,-76.5519
58861,no_incendio,-5.703527630485487,-76.04599898833253
58866,no_incendio,-7.188428352306568,-77.29319926370498
58870,no_incendio,-6.650069273774372,-77.45753589439983
58876,incendio,-8.5775,-76.4152
58878,no_incendio,-7.0802266587833635,-75.87902422488
58885,incendio,-6.7249,-76.7302
58899,no_incendio,-7.433029202252227,-75.6952599290436
58900,incendio,-5.9167,-76.422
58913,no_incendio,-5.5904160018413185,-75.95967696851481
58916,incendio,-8.6705,-76.2623
58920,no_incendio,-5.719203795161454,-76.0632701523621
58929,incendio,-6.0394,-76.2027
58941,no_incendio,-6.893380079192219,-76.030920773184
58943,incendio,-6.4047,-75.8157
58944,incendio,-7.1095,-76.5009
58951,incendio,-8.5371,-76.3114
58974,incendio,-8.6608,-76.1618
58976,incendio,-7.0279,-76.6347
58981,no_incendio,-5.6996412211902,-75.5074681731858
58982,no_incendio,-6.871083272493799,-75.76930140332634
58985,no_incendio,-6.271888529403575,-75.79765684657775
58989,incendio,-6.2188,-76.0225
58996,no_incendio,-6.309912628737243,-75.57235857764702
59002,incendio,-6.279,-76.6928
59007,no_incendio,-6.660380391800162,-76.4974881056194
59015,incendio,-8.6423,-76.7801
59020,no_incendio,-7.384008271248504,-77.19420546410333
59042,incendio,-6.892,-76.6152
59044,no_incendio,-7.14999258790223,-77.27323492320696
59058,no_incendio,-7.371625145918922,-75.70238603258082
59059,incendio,-6.378,-76.0617
59061,no_incendio,-7.195118276412429,-75.87773973651454
59077,no_incendio,-6.467350712480753,-77.13922176575424
59085,no_incendio,-6.7911860867707,-76.3184609362465
59089,incendio,-7.4122,-76.5671
59096,no_incendio,-5.763649060823176,-76.26292282199367
59109,no_incendio,-6.233353095567226,-75.91710577734175
59126,no_incendio,-5.472748128836409,-77.20935781294484
59134,no_incendio,-6.664505823088651,-77.4814157749719
59138,incendio,-6.974,-76.8528
59139,no_incendio,-6.20119371633988,-76.87236267556213
59150,incendio,-7.2286,-76.6424
59157,no_incendio,-6.772965762366505,-76.27272500681829
59162,no_incendio,-5.712666897985722,-76.23826320211337
59164,no_incendio,-5.31179064282697,-75.78618195501585
59170,no_incendio,-6.388532043555506,-76.84726928607184
59178,incendio,-6.2063,-75.8613
59187,no_incendio,-6.3737423006602185,-77.16577350376646
59190,incendio,-7.3773,-76.7904
59191,no_incendio,-5.369357026240305,-77.2031702822179
59198,no_incendio,-5.720724874930588,-76.09066535924033
59205,no_incendio,-5.926005528348797,-76.66451761423114
59228,incendio,-6.8861,-76.669
59233,incendio,-7.1464,-76.7262
59242,no_incendio,-5.374155680654134,-76.14052405499798
59249,no_incendio,-5.592798700137297,-76.77202119029057
59254,incendio,-6.7203,-76.7003
59258,no_incendio,-6.10372793592555,-77.07921750093743
59268,no_incendio,-6.001439366513391,-76.98820534580602
59269,no_incendio,-5.936332555331325,-76.83179580754164
59270,no_incendio,-7.436772555974999,-76.13512005747918
59279,incendio,-5.3626,-76.811
59296,incendio,-6.8646,-76.62
59304,incendio,-5.8802,-76.0682
59306,no_incendio,-6.931023435575018,-75.82624629253455
59309,no_incendio,-7.278446400857449,-77.33703515392486
59311,no_incendio,-7.354001962679465,-76.87586506840084
59330,no_incendio,-6.595830198454336,-76.87085544617783
59336,incendio,-6.7159,-77.4078
59337,no_incendio,-5.953019088925324,-76.23284593502969
59344,incendio,-6.766,-76.4814
59356,no_incendio,-5.518725698266722,-76.04231826723102
59365,incendio,-7.4005,-76.6883
59367,no_incendio,-5.608145245385959,-76.22898397370268
59372,no_incendio,-7.208517788052751,-77.27726682011853
59374,no_incendio,-5.89446781447664,-77.22849214912743
59385,no_incendio,-7.52002816732032,-76.85728021112728
59416,no_incendio,-5.698299617649455,-76.9877048304902
59432,no_incendio,-5.733329701316475,-76.97970479241751
59436,no_incendio,-7.232373566693578,-77.33989801092913
59453,incendio,-7.2498,-76.6867
59462,incendio,-7.4809,-76.681
59463,incendio,-6.7677,-76.2552
59468,no_incendio,-7.532917537712722,-76.04821551837472
59474,incendio,-6.0757,-77.572
59483,no_incendio,-5.719203795161454,-76.0632701523621
59484,no_incendio,-6.671769405587168,-77.2003294261131
59499,no_incendio,-5.608145245385959,-76.22898397370268
59503,incendio,-7.2424,-76.1504
59510,incendio,-6.3399,-76.0676
59524,incendio,-5.5014,-76.7576
59526,no_incendio,-5.852253396123982,-76.5690433745382
59536,no_incendio,-5.576377400601263,-76.00886183713747
59541,no_incendio,-7.237010441563305,-76.53847008307255
59542,no_incendio,-6.125013751679443,-76.15307627183338
59546,no_incendio,-5.543275857949961,-76.36401463997392
59554,incendio,-6.6209,-76.1233
59557,incendio,-6.1428,-76.2963
59561,incendio,-7.139,-76.7625
59564,no_incendio,-5.928733149107297,-75.62813587078854
59573,no_incendio,-6.191430391246121,-75.84894878803162
59586,incendio,-6.711,-76.6173
59588,no_incendio,-6.599957493403006,-76.05770861085986
59589,incendio,-7.1113,-76.8138
59600,no_incendio,-5.662370106905432,-77.07535731755083
59622,incendio,-8.3009,-76.5746
59627,no_incendio,-7.099688871826168,-75.91020418997267
59631,no_incendio,-7.3828581911388165,-75.8721549637632
59636,incendio,-6.7151,-76.7077
59639,no_incendio,-7.366259215797565,-77.34248619041158
59644,no_incendio,-6.559185707653601,-77.1814362546677
59647,incendio,-6.9741,-76.3938
59655,no_incendio,-7.593724484851976,-77.34754973911781
59660,no_incendio,-7.532869703153675,-75.62377754135032
59663,no_incendio,-6.368662376296837,-77.03036089290791
59668,no_incendio,-6.558646082464617,-76.16096804971144
59673,no_incendio,-5.979395848987274,-75.81605060669331
59686,incendio,-6.7351,-76.6755
59690,incendio,-7.9716,-76.6768
59697,no_incendio,-6.581475655282046,-76.92813918096854
59698,no_incendio,-6.095756407316532,-77.30841425266888
59701,no_incendio,-5.957368180282539,-76.7498768526133
59708,no_incendio,-6.2190640726250495,-76.93105958473025
59716,incendio,-6.0796,-76.2194
59717,no_incendio,-5.313659040472185,-75.7974059398213
59720,no_incendio,-6.576004984769571,-77.51523302793387
59722,incendio,-7.4902,-76.6263
59725,no_incendio,-6.1419091354730675,-76.8668930112328
59756,no_incendio,-6.6966130629090745,-76.20140385770695
59760,no_incendio,-6.635301014584928,-76.41004319664097
59768,no_incendio,-6.3480305531769075,-76.22097710185248
59771,no_incendio,-5.77315746853071,-76.36797107270804
59774,no_incendio,-5.588125457302943,-77.46080617284144
59780,no_incendio,-7.208517788052751,-77.27726682011853
59784,no_incendio,-5.918920403880599,-75.94938972977876
59787,no_incendio,-7.200090625449649,-75.973583692229
59793,no_incendio,-5.3992279096164255,-77.51525342091976
59794,incendio,-6.6607,-76.7098
59804,incendio,-8.7752,-76.0974
59813,incendio,-7.1338,-76.6307
59817,incendio,-7.6712,-76.7436
59819,incendio,-7.3067,-76.7624
59831,no_incendio,-6.189738223688629,-76.63044449970681
59833,no_incendio,-6.742426821485937,-75.840077033376
59836,no_incendio,-6.895407353104692,-76.79676810992372
59839,no_incendio,-7.3820884546139,-76.13227467193721
59841,no_incendio,-5.899739172279481,-75.62561076754551
59853,incendio,-7.0179,-76.7897
59862,no_incendio,-5.801578937835275,-76.51381524721576
59863,no_incendio,-6.396864121936975,-76.4851873457876
59867,no_incendio,-6.4800299159294745,-75.86986955910662
59872,incendio,-6.7486,-76.5788
59875,incendio,-7.1709,-76.488
59889,no_incendio,-6.4156514594615395,-77.50323228806793
59891,incendio,-8.2799,-76.5529
59900,no_incendio,-5.782302498103818,-75.6928374050029
59912,no_incendio,-6.9422117979050695,-77.32253174388707
59921,incendio,-7.501,-76.4632
59932,no_incendio,-6.304617864281926,-76.60193669802109
59942,no_incendio,-6.992873718796428,-77.40735326396366
59946,no_incendio,-5.868777989192487,-75.61031419176939
59955,incendio,-8.775,-76.1051
59960,no_incendio,-5.693256209324268,-76.57722873694159
59961,no_incendio,-7.170373075763204,-77.40179462648253
59966,no_incendio,-5.959481938609148,-77.35681272469573
59975,no_incendio,-6.230021779466632,-76.57667653530646
59977,no_incendio,-7.040747836565641,-76.40061304391803
59983,incendio,-8.5755,-76.2881
59989,no_incendio,-6.036634194085042,-76.33475368850613
59990,no_incendio,-5.6492373233613264,-76.13173612706044
59991,incendio,-7.064,-76.2326
59994,incendio,-6.0278,-77.5805
60004,incendio,-6.4051,-76.8926
60010,incendio,-6.0468,-75.9876
60013,no_incendio,-5.7532005563442,-76.81683301115936
60020,incendio,-6.3981,-75.7033
60022,no_incendio,-5.493534251624167,-76.05824936892388
60027,no_incendio,-7.010865933982342,-76.63167881965191
60038,no_incendio,-5.740185734953845,-76.52718705325192
60045,no_incendio,-5.876670821018357,-77.35096983439296
60047,no_incendio,-7.250518418431454,-77.39731384590523
60050,no_incendio,-6.096039133600909,-76.29380539264065
60054,incendio,-7.3403,-76.8946
60067,incendio,-7.0143,-77.6818
60082,no_incendio,-6.298521477567302,-76.20182358446478
60083,incendio,-7.2664,-76.4886
60086,incendio,-5.9463,-75.9612
60093,no_incendio,-6.320061417206358,-76.82643295462363
60101,no_incendio,-5.393627530051222,-76.7881303458327
60104,no_incendio,-6.705665824489784,-75.86880266225904
60109,incendio,-6.971,-76.1721
60117,no_incendio,-7.431414415877487,-76.13136950681124
60120,no_incendio,-5.62998043999866,-76.34952477053923
60139,no_incendio,-5.576377400601263,-76.00886183713747
60146,incendio,-7.2592,-76.8409
60148,incendio,-6.8388,-76.2737
60150,incendio,-5.3247,-76.458
60151,no_incendio,-5.924081807664306,-77.5419305607915
60152,no_incendio,-7.3383676381877665,-77.39694154174633
60159,no_incendio,-6.327343874329971,-76.29354784738233
60167,no_incendio,-5.3838831063176515,-76.49104845789617
60172,no_incendio,-6.7988040085111265,-76.15084820178622
60174,no_incendio,-7.111569656244363,-77.04269521527607
60179,no_incendio,-6.15602894819134,-76.33768833426039
60184,incendio,-5.7438,-77.4597
60192,incendio,-7.3226,-76.6394
60193,no_incendio,-7.516029592309847,-76.17814319860955
60196,incendio,-8.3884,-76.2488
60210,incendio,-7.9737,-76.696
60225,no_incendio,-7.327752780112304,-76.88582488471454
60227,no_incendio,-7.149817793244048,-76.68995380242758
60228,no_incendio,-6.08674868659818,-77.38664384875209
60235,no_incendio,-5.465881437617145,-76.83346258647516
60236,no_incendio,-7.332916187784927,-76.99914864296008
60242,incendio,-6.2423,-75.9742
60247,no_incendio,-5.9069362811274955,-76.90796880037888
60251,no_incendio,-6.5096234782459765,-76.05722709745423
60254,no_incendio,-5.621781873154133,-75.59201486751932
60259,incendio,-6.6005,-76.2284
60260,no_incendio,-7.047404652384161,-75.9921217029406
60282,no_incendio,-6.726508547372632,-75.8805912365982
60291,incendio,-6.98,-76.79
60292,no_incendio,-5.418336191471334,-77.27363994749886
60303,no_incendio,-6.7133301961826755,-75.60854075962672
60308,no_incendio,-6.444450177038954,-75.66847301432819
60327,no_incendio,-6.694264893002906,-76.05015609684683
60334,no_incendio,-6.580708866740203,-77.30463518466154
60336,incendio,-7.3711,-76.3825
60338,no_incendio,-6.41045269770062,-76.39156709032302
60346,no_incendio,-5.3088507793034125,-76.33692970134372
60347,no_incendio,-5.849268078249962,-76.0787263818459
60353,no_incendio,-6.092332930769818,-77.53250095731846
60358,incendio,-8.2687,-76.5826
60366,no_incendio,-5.919068188390441,-77.36605426382134
60373,incendio,-5.7225,-76.1696
60378,no_incendio,-7.5636797148906325,-76.80582387525504
60379,incendio,-6.9205,-76.6611
60382,no_incendio,-6.635301014584928,-76.41004319664097
60395,incendio,-7.5993,-76.5387
60396,no_incendio,-7.530943089944216,-75.61039209936172
60397,incendio,-8.1433,-76.6592
60400,no_incendio,-6.314113189001013,-76.77593472488475
60401,incendio,-7.2722,-76.5987
60405,no_incendio,-5.300946297144839,-75.60535100286195
60420,no_incendio,-6.1156293221158835,-76.01949781132349
60423,no_incendio,-5.391936920318269,-75.74765732530163
60437,incendio,-6.7907,-76.2129
60439,no_incendio,-5.863095020713222,-75.7889986714283
60440,no_incendio,-6.253873442293271,-77.4856518253099
60442,incendio,-7.2839,-76.6223
60443,no_incendio,-5.6011690570737915,-76.70090683859456
60444,no_incendio,-6.190431376100011,-77.10696325685771
60445,no_incendio,-7.237010441563305,-76.53847008307255
60462,no_incendio,-5.861691315967814,-75.99243493644171
60493,no_incendio,-6.217977569363936,-76.69976022852224
60496,incendio,-7.489,-76.6766
60497,no_incendio,-5.719448744498719,-77.23298516632254
60504,incendio,-6.2597,-75.8515
60508,incendio,-7.2053,-76.8328
60516,no_incendio,-7.314921869709458,-75.6262107073791
60517,incendio,-7.2258,-76.8634
60522,incendio,-8.5016,-76.3799
60539,incendio,-6.8374,-76.2645
60540,no_incendio,-7.43096053916798,-75.91112977240851
60544,incendio,-6.1441,-76.3661
60545,incendio,-6.8123,-76.4187
60551,incendio,-6.0433,-76.9575
60560,no_incendio,-5.618910457397299,-76.39046295133087
60575,no_incendio,-6.196820810614756,-77.18695898534692
60578,incendio,-7.0356,-76.8134
60582,incendio,-6.9682,-76.8066
60583,no_incendio,-6.0854129819425,-76.79698741171129
60586,incendio,-6.2691,-76.76
60587,no_incendio,-6.668348976590427,-75.85167744687278
60589,incendio,-5.7744,-77.3914
60594,incendio,-8.0381,-76.7118
60601,no_incendio,-6.8038809431040965,-76.81652393345753
60602,no_incendio,-6.080706501829642,-77.17715903994046
60615,no_incendio,-5.397948781588011,-77.53247141487635
60620,no_incendio,-6.650069273774372,-77.45753589439983
60630,no_incendio,-6.441502518699965,-76.95262753749782
60634,no_incendio,-6.061127541678445,-77.3300358732125
60641,incendio,-8.7064,-77.2345
60644,no_incendio,-6.446999968584335,-76.20534088443561
60664,incendio,-6.902,-76.3342
60667,no_incendio,-7.384008271248504,-77.19420546410333
60672,no_incendio,-6.480391966428419,-77.42730148887621
60679,no_incendio,-5.5369399299131885,-77.31171501653961
60680,no_incendio,-7.412957121399091,-77.21617404571616
60683,no_incendio,-5.89795943446839,-76.15835756218627
60685,no_incendio,-6.929511458644296,-75.83962565372784
60709,no_incendio,-5.913375544586391,-77.02153912778006
60715,no_incendio,-6.550462961960492,-75.75305667586812
60718,no_incendio,-6.770535932670912,-77.17143392593205
60726,incendio,-7.2795,-76.357
60728,no_incendio,-6.845497704977086,-76.65360984481556
60729,incendio,-7.1256,-76.2891
60740,incendio,-6.8255,-76.6327
60750,no_incendio,-7.464233169627815,-76.3089508607516
60751,incendio,-6.7704,-76.6766
60754,no_incendio,-5.364143829036743,-76.95415482559467
60757,incendio,-7.317,-76.5776
60770,no_incendio,-6.1029066882194485,-77.35334666324442
60773,no_incendio,-6.469524270312644,-76.04017356223993
60775,incendio,-6.8095,-76.5827
60776,no_incendio,-7.279070011168152,-76.78517622564465
60777,incendio,-5.3172,-75.729
60792,no_incendio,-7.143611941895854,-76.83926289395374
60804,incendio,-8.5136,-76.3097
60814,incendio,-7.0978,-76.2639
60821,no_incendio,-6.09087742872903,-76.39432793529913
60824,incendio,-7.2743,-76.6087
60825,no_incendio,-6.15602894819134,-76.33768833426039
60834,no_incendio,-6.47129538831012,-76.10848069167751
60840,incendio,-7.2898,-76.9431
60864,incendio,-6.4878,-75.742
60868,no_incendio,-6.157983789056771,-76.91942166932327
60873,incendio,-6.6815,-76.2641
60891,incendio,-7.2932,-76.6088
60908,no_incendio,-6.23470396402255,-76.94332145347941
60912,no_incendio,-7.154379449162653,-76.23880537117174
60913,incendio,-6.9105,-76.7485
60915,incendio,-6.5474,-76.3792
60926,incendio,-8.6611,-76.86
60928,no_incendio,-6.467420438436691,-76.19360941434292
60930,no_incendio,-7.014702412265873,-76.4405488433982
60931,incendio,-6.9262,-76.6146
60940,no_incendio,-6.300702389014246,-76.09062532956851
60941,no_incendio,-7.227645324559791,-75.66978466195862
60959,no_incendio,-6.4643629782720495,-76.22804730377794
60962,no_incendio,-6.5875457295775695,-76.60562453766775
60971,incendio,-7.1928,-76.8697
60974,no_incendio,-6.038754568131664,-76.35371867515885
60982,no_incendio,-7.562840840503951,-75.66286053205432
60984,incendio,-7.5821,-76.459
60985,incendio,-7.2204,-76.6232
60990,no_incendio,-5.84380402008071,-75.92947605096468
60993,incendio,-6.5545,-76.0905
60996,incendio,-7.5273,-76.7134
61007,no_incendio,-6.6577808572271095,-76.08571031789008
61014,incendio,-6.5112,-76.4975
61019,incendio,-7.332,-76.2532
61026,no_incendio,-6.931054749326789,-77.2760800084336
61045,incendio,-5.8346,-76.5425
61051,no_incendio,-6.5096234782459765,-76.05722709745423
61059,no_incendio,-5.3928610006268665,-76.95098681919762
61070,incendio,-6.8849,-76.6913
61071,incendio,-8.3821,-76.509
61074,incendio,-6.8745,-76.6149
61077,incendio,-6.2531,-77.7059
61081,no_incendio,-5.4157703002618724,-75.88771884850634
61086,no_incendio,-7.544493851248457,-76.73397529490327
61094,incendio,-7.3191,-75.6006
61098,incendio,-7.2579,-76.4587
61108,incendio,-6.118,-77.062
61111,incendio,-6.1918,-75.9761
61125,incendio,-6.8133,-76.4959
61130,no_incendio,-6.420856851462068,-76.77933512635609
61140,incendio,-6.9362,-76.6283
61141,no_incendio,-6.787959079277664,-75.64572689392233
61142,no_incendio,-7.333298288226105,-76.42146225481947
61160,no_incendio,-6.152183459458481,-75.52419970077695
61163,incendio,-6.8314,-76.2043
61168,no_incendio,-5.586947404667705,-76.96796502244129
61171,incendio,-6.9582,-76.4151
61175,incendio,-7.4179,-76.6012
61176,no_incendio,-7.15250800382105,-75.6698884726493
61188,no_incendio,-5.7826453397308155,-77.3905226367299
61189,incendio,-6.521,-76.3094
61195,incendio,-8.5821,-76.8921
61199,no_incendio,-6.806897768294474,-76.17637549858149
61209,no_incendio,-6.587743088391281,-75.70665174033093
61220,incendio,-7.1792,-76.6513
61221,no_incendio,-7.142345675518539,-77.26966785367183
61222,no_incendio,-7.30848813253614,-75.71138002186875
61238,no_incendio,-7.124827279927048,-76.79852328354966
61240,no_incendio,-7.465611055003252,-76.84521972476566
61241,no_incendio,-5.6698457830937325,-76.36289670664165
61242,no_incendio,-6.3737423006602185,-77.16577350376646
61254,incendio,-6.8795,-76.8426
61255,incendio,-8.4531,-76.9683
61258,incendio,-8.4046,-76.3553
61259,no_incendio,-7.388452210624765,-77.20638603731945
61261,incendio,-6.7153,-76.7421
61273,no_incendio,-7.3828581911388165,-75.8721549637632
61274,incendio,-7.327,-77.687
61275,incendio,-7.4643,-76.5691
61282,no_incendio,-7.110610391202952,-75.57270966365749
61291,no_incendio,-6.73154658128307,-77.37224800507184
61295,no_incendio,-7.5993037570991975,-77.49364640835546
61296,no_incendio,-5.886501214348173,-76.17373588365827
61298,no_incendio,-5.73653806083423,-77.04027076606343
61301,no_incendio,-5.577290052521281,-76.32966434490925
61306,incendio,-7.5359,-76.4375
61318,incendio,-6.6854,-76.4323
61332,no_incendio,-5.531709345051456,-76.12800515028563
61348,incendio,-6.4159,-76.7064
61356,incendio,-7.0295,-76.595
61357,no_incendio,-6.546795271979165,-77.13463626494185
61358,no_incendio,-6.590197592397879,-75.98025100323518
61365,no_incendio,-6.0854129819425,-76.79698741171129
61366,incendio,-8.4905,-76.3729
61378,no_incendio,-7.217736549985553,-75.80888423805258
61381,incendio,-6.818,-76.6228
61382,no_incendio,-5.913375544586391,-77.02153912778006
61391,incendio,-6.9067,-76.5739
61393,no_incendio,-5.849265187399489,-77.52081578278697
61404,incendio,-7.4676,-76.3878
61433,no_incendio,-6.3065520769299415,-76.52048775212563
61434,no_incendio,-5.525266717128592,-75.70624108601852
61440,no_incendio,-5.85348487678678,-75.67716092139695
61441,incendio,-8.5583,-76.364
61447,no_incendio,-5.657826113607748,-77.0484188289704
61454,no_incendio,-6.346021842815813,-77.12333044544714
61457,no_incendio,-6.88204939673875,-76.47181029595973
61459,incendio,-6.9929,-76.6778
61463,no_incendio,-5.364004538303699,-76.51587462337326
61467,no_incendio,-6.846679592265051,-75.78055281220841
61468,no_incendio,-6.234614825176705,-77.3723732006722
61470,no_incendio,-6.7133301961826755,-75.60854075962672
61472,incendio,-6.7986,-76.1799
61477,incendio,-5.9109,-76.286
61480,incendio,-5.7972,-76.4093
61481,incendio,-6.8403,-76.5166
61482,no_incendio,-5.907158352622331,-77.4442973163752
61489,no_incendio,-5.463870053471811,-75.65012298252523
61491,no_incendio,-6.922488599265936,-77.20347324801959
61492,no_incendio,-7.162586032756481,-76.81020137003335
61493,incendio,-6.6643,-77.3544
61495,incendio,-8.7062,-76.121
61505,no_incendio,-7.489751819531982,-75.96573533227652
61539,no_incendio,-6.8707527834716435,-77.1546220579287
61542,incendio,-7.2074,-76.7199
61546,incendio,-8.0961,-76.6501
61549,no_incendio,-6.880264689541971,-77.33984954598883
61555,no_incendio,-6.937667134670242,-75.79567614590403
61564,no_incendio,-5.453647317604843,-76.59202254288773
61571,no_incendio,-6.3480305531769075,-76.22097710185248
61594,incendio,-7.1819,-76.5071
61596,no_incendio,-7.4654999073290265,-76.71461513627762
61605,no_incendio,-6.763948396418463,-75.5008846760666
61617,incendio,-7.3542,-76.7754
61623,no_incendio,-6.994018548876931,-77.44340810717631
61631,no_incendio,-6.189738223688629,-76.63044449970681
61634,no_incendio,-7.217469611041255,-75.6059674027119
61641,no_incendio,-6.129131664861193,-76.45649977733511
61642,incendio,-8.0276,-77.2673
61646,incendio,-8.5441,-76.2945
61653,incendio,-7.2836,-76.8169
61654,no_incendio,-6.880264689541971,-77.33984954598883
61656,no_incendio,-6.718454996800395,-75.59317309755335
61664,no_incendio,-6.261893490975904,-75.72805069897333
61670,no_incendio,-7.014702412265873,-76.4405488433982
61679,no_incendio,-5.577290052521281,-76.32966434490925
61680,incendio,-7.4315,-76.6432
61706,no_incendio,-5.4324592687941,-76.16239104777486
61715,no_incendio,-5.5280435147957645,-75.64292390382334
61722,incendio,-6.5099,-76.4321
61731,no_incendio,-5.592011294671137,-75.99975689195666
61732,incendio,-5.644,-76.5355
61739,incendio,-7.0712,-76.8249
61743,no_incendio,-5.576401103022335,-75.65589793985158
61744,no_incendio,-5.6698457830937325,-76.36289670664165
61750,no_incendio,-5.469135651128677,-76.66584024328755
61751,no_incendio,-6.741564716218832,-76.27215624555981
61752,no_incendio,-7.1291364623253095,-77.04904307212506
61754,no_incendio,-6.79327379780416,-76.83578661930616
61756,no_incendio,-7.221147104950838,-76.3247834569853
61758,no_incendio,-6.236752944768423,-75.59185038594902
61764,no_incendio,-5.525519480392893,-76.3183975995799
61767,no_incendio,-6.581475655282046,-76.92813918096854
61771,no_incendio,-5.485150772179796,-77.0821813016382
61772,no_incendio,-6.480910366032293,-76.46284954850665
61773,no_incendio,-7.518549043794622,-77.46918278069812
61778,incendio,-7.6868,-77.5573
61783,no_incendio,-6.057689001760209,-76.31599873271878
61791,incendio,-5.8412,-76.0949
61793,no_incendio,-6.931488241799888,-76.75916732730077
61796,no_incendio,-5.802372431085104,-75.57878108958735
61797,no_incendio,-5.804055235179965,-77.4451366120588
61798,no_incendio,-6.774947131584925,-76.00722166007617
61816,no_incendio,-6.845471207648621,-76.36886322454563
61824,no_incendio,-6.729488491648472,-77.03653906594069
61829,incendio,-6.8845,-76.2739
61834,incendio,-5.6649,-76.4889
61838,no_incendio,-6.249559347527708,-77.38514191347497
61846,no_incendio,-6.929539925837722,-76.05337955826667
61847,incendio,-7.1084,-76.7921
61860,incendio,-8.3385,-76.4127
61865,incendio,-6.8116,-76.7063
61866,no_incendio,-5.761894026687926,-76.71626651276603
61878,incendio,-7.2291,-76.0881
61890,incendio,-5.8576,-76.5487
61892,no_incendio,-6.607438503581988,-77.25629846979227
61895,no_incendio,-7.265385570436415,-76.15256195898944
61929,no_incendio,-7.316542689651407,-77.09719219444501
61932,no_incendio,-5.3902001479588,-77.1291902290787
61945,incendio,-6.0637,-77.7928
61947,no_incendio,-7.320681720418793,-75.65489361084256
61951,incendio,-6.4298,-76.6072
61952,no_incendio,-6.699363471042822,-76.86169598666291
61959,incendio,-8.2143,-75.6643
61962,incendio,-5.7579,-76.0512
61983,incendio,-6.2023,-76.3287
61987,no_incendio,-6.558646082464617,-76.16096804971144
61988,no_incendio,-5.933819847140226,-76.39063203845332
61994,incendio,-6.2356,-77.6568
61998,incendio,-5.8237,-76.0684
62006,no_incendio,-7.462272976116109,-77.0484423984109
62007,no_incendio,-5.9729308547052575,-77.19584889522876
62011,no_incendio,-7.457798199513177,-76.25066528876945
62017,no_incendio,-7.205543641449294,-77.21195261449198
62018,no_incendio,-6.068535480190217,-76.55604968607116
62030,no_incendio,-6.041174269159521,-76.02071621272385
62046,no_incendio,-7.5699592193140015,-75.58526155924636
62051,no_incendio,-7.150450269408023,-77.18839409410428
62055,no_incendio,-7.081431158638572,-76.84157131930168
62057,no_incendio,-5.6996412211902,-75.5074681731858
62060,incendio,-5.8413,-77.3013
62061,no_incendio,-6.930372562741588,-76.24468121546766
62072,incendio,-5.7987,-76.3442
62074,no_incendio,-6.439049170355273,-77.46289627422017
62078,incendio,-6.433,-76.8659
62079,incendio,-6.4264,-76.2843
62085,no_incendio,-7.26944697761503,-76.97064413485722
62088,incendio,-6.2385,-76.2779
62089,incendio,-7.2446,-76.695
62095,incendio,-7.2167,-76.8646
62107,no_incendio,-7.5990878129892385,-76.01433706050479
62109,no_incendio,-5.559447141003816,-77.53240429845073
62113,no_incendio,-6.893924031218003,-76.04905921446095
62115,no_incendio,-6.141100932072808,-75.82733820285651
62119,no_incendio,-6.0254636524537775,-76.26070791675792
62126,no_incendio,-6.53438876670278,-77.3151143596093
62127,no_incendio,-5.501045309864604,-77.33293151035834
62141,incendio,-6.7731,-76.6293
62150,incendio,-7.0482,-76.5624
62158,no_incendio,-6.967630832661904,-76.66075655259817
62164,no_incendio,-7.180514878638644,-76.37224014179314
62166,no_incendio,-6.768773690834417,-77.41433372649782
62167,incendio,-7.0421,-76.3407
62178,no_incendio,-6.250766771982882,-76.67346707047133
62187,no_incendio,-5.985543510791079,-75.55610035209125
62189,incendio,-6.9101,-76.3411
62195,no_incendio,-6.5749903992962055,-76.89683303442592
62196,no_incendio,-5.918920403880599,-75.94938972977876
62211,no_incendio,-7.27421571842906,-77.20818796800718
62214,incendio,-7.5578,-76.7819
62229,incendio,-8.1634,-76.679
62230,no_incendio,-7.432415046086705,-75.62170917666255
62233,no_incendio,-6.320061417206358,-76.82643295462363
62239,no_incendio,-6.7738595150234,-76.75356063625604
62245,no_incendio,-5.9638581047952375,-75.97775046224217
62246,incendio,-6.5496,-76.5928
62255,no_incendio,-7.086474485794749,-76.34589785341001
62260,incendio,-6.6254,-76.6916
62272,no_incendio,-6.853423603407918,-76.51175603217372
62274,no_incendio,-6.953777990970317,-76.5586078961979
62277,no_incendio,-5.4157703002618724,-75.88771884850634
62283,no_incendio,-5.371545466461964,-76.40334353874748
62285,no_incendio,-7.230008103453095,-76.43726823574747
62289,incendio,-6.7133,-76.7257
62303,no_incendio,-5.879613359801567,-75.64585304449614
62313,no_incendio,-6.470561948843736,-76.94393330664495
62315,no_incendio,-5.871232465142917,-76.52596915622884
62322,incendio,-5.7635,-76.41
62328,no_incendio,-6.677775402102643,-76.83019542388436
62333,no_incendio,-6.434453669791493,-76.35359643649942
62337,incendio,-7.2746,-76.6003
62338,no_incendio,-6.068535480190217,-76.55604968607116
62340,no_incendio,-5.382544750033527,-75.77853597502654
62343,no_incendio,-7.52893790740652,-77.07253517227397
62362,incendio,-8.4171,-77.1978
62366,incendio,-5.8337,-76.0005
62374,no_incendio,-6.167876331105529,-76.10362029847187
62377,no_incendio,-6.501773263941807,-76.20873227680231
62378,no_incendio,-6.557560588378224,-76.50430262965486
62385,no_incendio,-5.712970448713469,-77.45936672905775
62389,incendio,-8.6945,-76.2958
62390,no_incendio,-6.4080436516823225,-77.02161843514952
62399,incendio,-7.0852,-76.5933
62416,no_incendio,-6.536633754882988,-75.61074686603133
62418,no_incendio,-6.934543735011002,-76.3579106281597
62422,incendio,-7.5487,-76.4152
62450,no_incendio,-5.826799302537919,-75.73782519899997
62460,no_incendio,-6.761574880071224,-76.52109859066432
62462,no_incendio,-6.57344451362061,-75.98407882587051
62470,no_incendio,-6.328050055589178,-77.0850887708193
62484,incendio,-6.6074,-76.1359
62491,no_incendio,-6.808753435004469,-75.58127871175964
62493,no_incendio,-5.719448744498719,-77.23298516632254
62496,no_incendio,-7.480945740497024,-75.88131487548965
62506,no_incendio,-7.454820191858604,-77.06390769959336
62510,no_incendio,-5.682009801127555,-77.32557014599907
62511,no_incendio,-5.872543626896172,-76.44213080221468
62516,incendio,-5.9051,-76.3843
62538,incendio,-7.4454,-76.7021
62539,no_incendio,-6.296125170251722,-76.27573079441521
62543,no_incendio,-5.590954776196541,-75.61262101600937
62551,incendio,-7.2964,-77.0447
62556,no_incendio,-5.67746740794027,-76.11677597680215
62571,no_incendio,-6.237007995955339,-77.29653920345977
62581,no_incendio,-5.7927379696305294,-76.1467304713267
62585,no_incendio,-6.0636997194620585,-76.98817967024722
62597,incendio,-6.9738,-76.8558
62598,no_incendio,-6.439049170355273,-77.46289627422017
62599,incendio,-7.0384,-76.6783
62613,incendio,-7.2362,-76.7569
62625,no_incendio,-7.537264707596327,-76.77993123452514
62637,incendio,-7.4387,-76.5182
62638,no_incendio,-5.66978916869293,-75.78583352536694
62646,no_incendio,-7.257884674103633,-77.06798922780067
62648,no_incendio,-6.3065520769299415,-76.52048775212563
62650,incendio,-7.1742,-76.4769
62652,no_incendio,-7.081124602285028,-76.06087878832324
62658,no_incendio,-7.280960307883033,-76.7904575448365
62660,incendio,-7.198,-76.2682
62679,no_incendio,-6.965586863586331,-77.4440785223658
62681,no_incendio,-7.493540878148328,-76.20838654108637
62691,no_incendio,-5.343847653580683,-76.19643132056173
62705,incendio,-7.1547,-76.6471
62711,no_incendio,-6.691674214621824,-77.20756079690301
62743,incendio,-7.0271,-76.3082
62744,no_incendio,-7.345060499544703,-77.11825976617006
62762,no_incendio,-7.201796098982287,-75.59066106327278
62764,no_incendio,-5.384324497906241,-76.81955746951022
62765,no_incendio,-7.371926664770868,-77.38249391708561
62770,no_incendio,-5.473631906137981,-76.93641473945902
62778,no_incendio,-5.688886934346843,-77.36422749238871
62785,no_incendio,-5.441244045280792,-76.19936571316805
62787,incendio,-6.5384,-76.4687
62790,no_incendio,-5.822373025705751,-75.81118308604799
62798,no_incendio,-6.052146999790762,-76.66693051861807
62801,no_incendio,-6.24016797795497,-75.64844512243143
62816,incendio,-8.5463,-76.3771
62818,no_incendio,-7.303191371239219,-76.86950299016307
62823,incendio,-5.8539,-76.0172
62824,incendio,-8.1654,-77.4922
62825,no_incendio,-6.493728884519305,-75.95080124431671
62831,no_incendio,-6.525571951158751,-77.30569775147015
62836,no_incendio,-7.597875070160168,-76.24368895263702
62840,incendio,-5.9167,-75.9397
62841,no_incendio,-5.67746740794027,-76.11677597680215
62847,no_incendio,-6.184018518963494,-76.64827203950954
62855,incendio,-6.9178,-76.8266
62861,incendio,-6.7641,-76.8279
62867,incendio,-6.2953,-76.1907
62870,incendio,-6.5509,-76.5722
62880,no_incendio,-5.3838831063176515,-76.49104845789617
62882,no_incendio,-7.132724984642544,-76.76764396887705
62884,incendio,-6.718,-76.7592
62885,no_incendio,-6.892866951927303,-75.87172300219687
62891,no_incendio,-5.423715260330031,-75.80260147002005
62898,incendio,-6.1804,-76.0089
62902,no_incendio,-7.475453840000244,-77.09283995143899
62903,no_incendio,-6.1305152501535805,-77.20692971202396
62909,incendio,-5.3262,-75.7372
62912,incendio,-7.2101,-76.8273
62929,incendio,-6.3315,-77.5266
62939,no_incendio,-5.582283481453623,-75.95562633397932
62945,incendio,-7.1307,-76.1835
62949,no_incendio,-6.6966130629090745,-76.20140385770695
62954,no_incendio,-6.467906945467672,-76.60396630033286
62955,no_incendio,-6.6832264067033,-77.40030797685029
62957,no_incendio,-5.332935425847374,-77.16749151506393
62995,no_incendio,-7.2386843016197115,-75.95361045134824
62996,no_incendio,-5.83397648887431,-77.22981106334638
62997,no_incendio,-6.266506898778969,-76.33689278886196
63005,no_incendio,-6.236752944768423,-75.59185038594902
63014,incendio,-8.458,-76.3595
63053,no_incendio,-7.436772555974999,-76.13512005747918
63067,incendio,-7.0668,-76.6722
63076,incendio,-8.1687,-76.6017
63080,no_incendio,-7.149817793244048,-76.68995380242758
63083,no_incendio,-7.149862558736682,-77.09989679523933
63085,no_incendio,-6.950538468924696,-76.07104877103448
63088,incendio,-6.9158,-76.1909
63116,no_incendio,-7.394254404476224,-75.68500027222532
63117,incendio,-8.4627,-76.3833
63121,incendio,-6.6733,-76.6671
63135,incendio,-6.0427,-77.0164
63142,incendio,-5.9547,-76.279
63145,no_incendio,-7.508397223486154,-75.66150958377543
63162,incendio,-8.6068,-77.7857
63164,no_incendio,-7.517938460168555,-75.88430182253087
63175,no_incendio,-5.702364736345534,-76.72144500150783
63179,incendio,-6.7936,-76.5703
63181,no_incendio,-5.761894026687926,-76.71626651276603
63188,no_incendio,-6.257364517477317,-77.24088667621311
63191,no_incendio,-7.420738238712349,-77.50365613060586
63193,no_incendio,-6.942054443870175,-75.88451122317879
63194,incendio,-6.8156,-76.5612
63197,no_incendio,-6.058777263222519,-76.29718752856778
63202,no_incendio,-5.374689655955711,-76.01901794140703
63217,no_incendio,-6.336768480146276,-75.8898744780929
63226,incendio,-6.7119,-76.6936
63242,no_incendio,-7.381229378022176,-76.50096695875145
63245,no_incendio,-7.084883582406477,-76.16691642079259
63250,incendio,-7.8258,-76.6989
63252,incendio,-5.9637,-75.9975
63256,no_incendio,-6.877247924736086,-76.70115338296226
63271,incendio,-7.301,-76.4707
63273,incendio,-5.9605,-76.0175
63278,no_incendio,-6.530680448143941,-77.14936961816767
63279,no_incendio,-5.662370106905432,-77.07535731755083
63282,no_incendio,-6.947446276433678,-76.55641004463064
63288,no_incendio,-6.230021779466632,-76.57667653530646
63291,incendio,-6.7097,-76.8483
63293,incendio,-8.0577,-76.6499
63295,no_incendio,-6.308143679517888,-75.54381617905881
63298,no_incendio,-6.41045269770062,-76.39156709032302
63303,no_incendio,-5.706911774664528,-77.15797296628834
63305,no_incendio,-6.5080063012359775,-75.67913673399867
63310,no_incendio,-7.342552043846658,-77.45073212658029
63315,incendio,-7.0005,-76.3151
63316,incendio,-7.3821,-76.646
63318,incendio,-6.7198,-76.4874
63319,no_incendio,-5.9969306066925245,-75.59395245076587
63326,no_incendio,-6.980328156805363,-75.58165966551039
63337,no_incendio,-5.5259385585543805,-76.78474947687066
63338,no_incendio,-7.500619459820059,-77.36318050509186
63345,incendio,-8.4414,-76.4042
63348,no_incendio,-6.55551893099156,-75.68092534598561
63350,no_incendio,-5.304216028521146,-77.22955638933952
63355,no_incendio,-7.084883582406477,-76.16691642079259
63359,no_incendio,-6.038754568131664,-76.35371867515885
63362,no_incendio,-5.692068833993068,-76.92243000249631
63365,no_incendio,-6.319184567250436,-76.7615595241715
63371,incendio,-8.6809,-76.1224
63375,incendio,-5.845,-76.5332
63376,incendio,-8.3012,-76.575
63378,no_incendio,-5.658384235826694,-76.44208065955317
63384,no_incendio,-7.205543641449294,-77.21195261449198
63389,incendio,-8.6752,-76.9634
63393,no_incendio,-6.57344451362061,-75.98407882587051
63396,no_incendio,-6.166609034042587,-76.23843722431326
63402,no_incendio,-7.536324441611577,-75.98652093293225
63416,no_incendio,-7.589730303914846,-76.05435857716274
63452,no_incendio,-6.237634518264563,-76.93733978052377
63464,incendio,-7.1029,-76.5767
63468,no_incendio,-7.456346722108078,-76.20342873895703
63472,no_incendio,-6.519206979509828,-76.45089641887259
63475,no_incendio,-5.818727365285151,-76.86751655981939
63477,incendio,-6.2196,-76.0915
63482,no_incendio,-5.83234820585484,-77.1167119832574
63485,no_incendio,-7.468820255868223,-76.21884389702247
63489,no_incendio,-7.377346584054845,-77.21066750842841
63492,incendio,-6.2829,-76.2088
63501,no_incendio,-7.298951884711561,-75.8714337322258
63508,no_incendio,-7.536324441611577,-75.98652093293225
63511,incendio,-7.2964,-76.7661
63520,no_incendio,-5.60263772570773,-75.78275132850642
63522,no_incendio,-6.2554801571250565,-76.43574997258422
63530,no_incendio,-6.5564240987934905,-76.79797957202473
63533,no_incendio,-7.108875568796339,-76.54317690372051
63534,no_incendio,-5.775752820945428,-75.77309666724678
63550,no_incendio,-6.599702785570768,-77.42370077864948
63554,no_incendio,-6.718454996800395,-75.59317309755335
63557,no_incendio,-6.38076556073537,-76.97858606969272
63561,no_incendio,-5.89795943446839,-76.15835756218627
63563,no_incendio,-7.495613592310532,-75.66310159178755
63567,incendio,-5.8698,-76.2228
63569,no_incendio,-5.3902001479588,-77.1291902290787
63575,no_incendio,-7.353333723942861,-76.86451079953567
63586,no_incendio,-7.189575486518889,-75.71595612356288
63591,no_incendio,-7.321172600418316,-77.03516400852085
63596,no_incendio,-6.766715492175258,-75.83761083407144
63607,no_incendio,-6.440107687486793,-76.71961125303099
63610,incendio,-7.3243,-76.7516
63629,incendio,-7.2115,-76.6406
63630,incendio,-7.6118,-77.5868
63631,no_incendio,-6.306399139576039,-77.35464424704278
63633,incendio,-6.8365,-76.6145
63638,incendio,-7.2061,-76.6565
63641,no_incendio,-7.279073350966451,-75.53370306812118
63653,incendio,-7.058,-76.2222
63660,no_incendio,-6.306399139576039,-77.35464424704278
63661,no_incendio,-6.4548358961700885,-76.10226827896288
63678,no_incendio,-6.4776266103105895,-77.14737002070362
63679,incendio,-6.1818,-76.2796
63682,no_incendio,-6.845471207648621,-76.36886322454563
63686,incendio,-8.1197,-76.4925
63687,incendio,-7.276,-76.6503
63695,no_incendio,-6.580708866740203,-77.30463518466154
63704,no_incendio,-7.26944697761503,-76.97064413485722
63718,incendio,-5.7514,-76.2156
63724,incendio,-8.1316,-76.686
63729,no_incendio,-6.976092489979531,-77.35059361204593
63730,incendio,-8.1831,-76.6163
63735,incendio,-5.8528,-76.2304
63737,no_incendio,-5.428382683589806,-76.59712896608411
63745,no_incendio,-6.904145543477711,-77.38998183817624
63746,incendio,-7.2653,-77.5881
63755,no_incendio,-5.426612634680184,-75.58435399600397
63781,incendio,-6.783,-76.6326
63786,no_incendio,-7.325700741079294,-77.06360146385256
63797,no_incendio,-7.082610644878744,-76.41583738866235
63800,no_incendio,-7.436110407887001,-75.68288184576566
63805,no_incendio,-6.58181358126526,-75.97994293561052
63810,no_incendio,-5.339033958369073,-76.08006911213882
63811,no_incendio,-6.0889717541826,-76.72492959412638
63812,no_incendio,-6.5631659761878876,-77.17426169429598
63820,no_incendio,-6.777084363074236,-76.9625637860872
63834,no_incendio,-6.12520459976937,-77.49886350154438
63838,no_incendio,-6.5340207470218745,-75.73082220173393
63848,no_incendio,-5.8091800479019735,-77.2012977286717
63850,no_incendio,-5.9287884158970305,-76.31836219337158
63851,incendio,-7.0247,-76.2731
63884,incendio,-7.0525,-76.2859
63886,no_incendio,-6.156942123129494,-76.92567844755888
63894,no_incendio,-7.014371526342947,-75.6304094962068
63897,incendio,-8.6978,-76.1396
63902,no_incendio,-7.354001962679465,-76.87586506840084
63919,incendio,-6.8588,-76.5956
63922,no_incendio,-7.298951884711561,-75.8714337322258
63925,incendio,-6.5524,-76.298
63931,incendio,-5.9022,-75.9438
63946,no_incendio,-6.183798772159494,-75.95166434619192
63949,no_incendio,-5.657826113607748,-77.0484188289704
63956,no_incendio,-6.258662070362653,-76.50630572261905
63967,no_incendio,-5.996065973339257,-76.13966106255965
63970,no_incendio,-6.223322439610729,-75.97460472272981
63972,no_incendio,-5.942412033073392,-76.99723759620795
63982,no_incendio,-7.192676000546934,-77.13476748134192
63991,incendio,-7.1562,-76.2233
63993,incendio,-6.3312,-75.9852
64010,no_incendio,-5.882545131668422,-77.4252687375934
64030,no_incendio,-7.536087990026042,-76.53899168088374
64031,incendio,-7.3318,-76.6556
64032,incendio,-6.0671,-77.4554
64040,no_incendio,-6.545046135469808,-77.4695217022142
64046,incendio,-6.7696,-76.815
64049,no_incendio,-5.99701125020352,-76.97976479165838
64054,incendio,-7.265,-77.0497
64066,no_incendio,-5.809070578757959,-75.92077418660742
64069,no_incendio,-6.230021779466632,-76.57667653530646
64073,no_incendio,-7.170373075763204,-77.40179462648253
64075,no_incendio,-6.660380391800162,-76.4974881056194
64077,incendio,-7.1025,-76.5202
64085,incendio,-8.6532,-76.7925
64086,no_incendio,-7.452255229585659,-76.60231274161556
64087,incendio,-5.9407,-76.2561
64101,incendio,-7.4738,-76.5266
64112,incendio,-7.1291,-77.5951
64123,incendio,-7.1902,-76.8082
64125,incendio,-6.5299,-75.6924
64130,no_incendio,-5.783942671800878,-75.80670959767819
64132,no_incendio,-6.530680448143941,-77.14936961816767
64134,incendio,-7.4054,-76.6069
64137,no_incendio,-5.732633885929664,-76.45507870434784
64147,no_incendio,-5.690666241525762,-76.5831246635922
64165,incendio,-7.0889,-76.7009
64193,incendio,-6.9237,-76.802
64214,incendio,-6.1883,-76.3485
64216,incendio,-6.7219,-76.656
64220,incendio,-7.1108,-76.402
64221,no_incendio,-7.261909044974304,-76.6515755533258
64222,incendio,-5.6335,-76.6204
64225,no_incendio,-7.18387555277713,-76.55534207208011
64229,incendio,-5.9527,-76.0073
64236,incendio,-6.0758,-77.2227
64241,no_incendio,-6.550462961960492,-75.75305667586812
64246,no_incendio,-5.670265351646696,-76.15936780244608
64247,no_incendio,-5.525519480392893,-76.3183975995799
64287,no_incendio,-6.246302114010693,-75.65691913180889
64288,no_incendio,-5.659847709526774,-75.83935663792408
64301,incendio,-8.2783,-76.643
64307,no_incendio,-5.846023239980903,-75.59058432825728
64315,no_incendio,-6.036634194085042,-76.33475368850613
64319,incendio,-7.3817,-76.5929
64320,incendio,-7.1984,-76.6405
64321,no_incendio,-5.804055235179965,-77.4451366120588
64327,no_incendio,-5.7532005563442,-76.81683301115936
64330,incendio,-8.3636,-76.4157
64333,incendio,-5.8422,-76.048
64350,incendio,-6.6935,-76.6167
64363,incendio,-6.0439,-75.9359
64371,incendio,-6.5384,-76.4711
64372,no_incendio,-7.491547550658209,-77.41447872545433
64376,no_incendio,-6.467350712480753,-77.13922176575424
64386,no_incendio,-7.425544369473066,-76.60957296073711
64389,no_incendio,-6.871712261045699,-76.6810612935972
64392,incendio,-8.4125,-76.3903
64399,incendio,-8.7101,-76.7279
64420,incendio,-6.2142,-76.8137
64428,no_incendio,-5.5259385585543805,-76.78474947687066
64430,incendio,-7.028,-76.7919
64435,incendio,-5.9135,-76.144
64447,no_incendio,-5.811190643666691,-76.41076755798852
64451,no_incendio,-6.391881397317083,-77.53216465937516
64454,no_incendio,-6.260382263964365,-75.66215989353373
64455,incendio,-7.2429,-76.7936
64457,no_incendio,-7.205543641449294,-77.21195261449198
64472,no_incendio,-6.327343874329971,-76.29354784738233
64479,incendio,-7.5338,-76.7405
64490,no_incendio,-7.038481344593258,-77.380855509791
64504,no_incendio,-5.4181719579024135,-75.50050796250098
64515,incendio,-8.3882,-76.5511
64517,no_incendio,-7.564076009944549,-75.89157611790941
64532,no_incendio,-5.6976044499375105,-76.64278583121316
64542,incendio,-6.2043,-76.9972
64552,no_incendio,-5.693308964023421,-77.38488694411686
64563,incendio,-8.1702,-76.5044
64570,no_incendio,-7.451217530868493,-77.29241876502243
64571,incendio,-8.6638,-76.3155
64574,incendio,-6.0934,-76.2772
64577,no_incendio,-6.722977701208728,-76.08504808570892
64595,no_incendio,-6.922488599265936,-77.20347324801959
64607,no_incendio,-6.1290157028955905,-75.56386178427238
64616,incendio,-7.4919,-76.4439
64618,no_incendio,-5.648091386764367,-76.0845405608189
64632,incendio,-8.6135,-76.6669
64635,incendio,-8.6669,-76.9551
64644,incendio,-8.3131,-76.621
64649,no_incendio,-6.000913642665956,-77.14500157376662
64654,incendio,-5.8874,-75.9831
64655,no_incendio,-7.267527749331178,-76.00258934511766
64656,no_incendio,-6.461789384490803,-77.24534969872819
64667,no_incendio,-7.412957121399091,-77.21617404571616
64673,incendio,-6.0487,-77.0967
64674,incendio,-6.092,-77.7755
64689,no_incendio,-6.400338002031925,-76.1292712340201
64703,no_incendio,-6.902373213948052,-75.80243684170989
64705,no_incendio,-7.1632098636724635,-76.89550285392816
64712,no_incendio,-7.325700741079294,-77.06360146385256
64731,no_incendio,-5.503666402060762,-76.62944463990817
64732,no_incendio,-6.30212067741681,-77.20947071632679
64736,no_incendio,-5.872543626896172,-76.44213080221468
64737,no_incendio,-7.103154809386207,-75.80011378156274
64740,no_incendio,-7.391395621025486,-76.825979662233
64745,no_incendio,-7.143300333347583,-76.01076815200116
64746,no_incendio,-7.194942571615302,-76.85474676634065
64748,incendio,-6.0581,-76.9135
64750,no_incendio,-7.265246187084699,-76.5857245979165
64753,incendio,-6.237,-76.2666
64754,no_incendio,-7.308376267427788,-75.72020744008876
64762,incendio,-7.4311,-76.5645
64767,no_incendio,-6.486581240227174,-76.15835402098138
64774,incendio,-6.6777,-77.7984
64790,incendio,-5.4899,-75.8165
64795,no_incendio,-5.3170098474698,-75.90718083995199
64798,no_incendio,-7.1362153859124,-76.23261669430515
64803,no_incendio,-6.640978763936889,-76.01901055862061
64807,incendio,-5.7216,-76.2682
64808,no_incendio,-6.825822993237503,-77.04144362527458
64821,no_incendio,-6.260923080518788,-75.61074627640608
64827,incendio,-6.1683,-77.5484
64837,no_incendio,-6.848581850084046,-76.26989214867015
64841,no_incendio,-6.808298154641365,-77.1261442416624
64848,no_incendio,-6.939438225282601,-76.80786345912996
64856,incendio,-6.9988,-76.5322
64863,no_incendio,-5.629475532551382,-77.50061748638073
64864,incendio,-6.6726,-76.2654
64875,no_incendio,-5.591020062659783,-76.63960042736485
64890,no_incendio,-5.356858559279738,-76.9184573866197
64902,no_incendio,-7.303191371239219,-76.86950299016307
64910,no_incendio,-6.237716755759431,-77.39156311979332
64924,incendio,-6.7879,-76.8343
64925,no_incendio,-6.535104750481092,-76.08251249993276
64930,no_incendio,-5.926705485124891,-75.77709994653331
64933,no_incendio,-7.414688922024766,-76.2476866383002
64941,no_incendio,-7.217722844984081,-77.2235426849214
64948,no_incendio,-6.508124167264835,-76.61340355687425
64955,incendio,-7.4978,-76.4395
64959,no_incendio,-5.782302498103818,-75.6928374050029
64961,incendio,-5.7508,-76.2216
64964,incendio,-7.3589,-76.8963
64965,incendio,-6.601,-76.7125
64966,no_incendio,-6.949275367929126,-77.03979042014342
64989,no_incendio,-7.03159653116471,-76.48526719545968
64990,no_incendio,-6.368662376296837,-77.03036089290791
64995,incendio,-7.0622,-76.2166
65007,incendio,-5.8983,-76.3228
65008,incendio,-6.8176,-76.5247
65010,incendio,-5.8868,-77.3968
65016,incendio,-8.5953,-76.5512
65021,incendio,-6.3836,-77.5781
65023,no_incendio,-7.040747836565641,-76.40061304391803
65026,no_incendio,-6.327343874329971,-76.29354784738233
65030,incendio,-8.3848,-76.4112
65034,incendio,-6.8928,-76.6683
65037,incendio,-5.6795,-76.0421
65039,no_incendio,-5.715242133239665,-75.6692049037983
65047,no_incendio,-7.508226717447944,-76.74892470083597
65053,incendio,-7.5117,-76.6745
65055,no_incendio,-5.801578937835275,-76.51381524721576
65065,no_incendio,-5.501045309864604,-77.33293151035834
65073,incendio,-7.3748,-76.6413
65103,no_incendio,-6.509338593690795,-76.81131065559471
65109,no_incendio,-6.590618313605878,-75.87293609884875
65130,no_incendio,-6.446999968584335,-76.20534088443561
65134,no_incendio,-6.260923080518788,-75.61074627640608
65135,no_incendio,-6.001439366513391,-76.98820534580602
65136,incendio,-7.2868,-76.6212
65137,no_incendio,-5.811190643666691,-76.41076755798852
65147,no_incendio,-6.823512194602855,-76.05631689166178
65148,no_incendio,-5.833991570039085,-76.02950285469245
65151,incendio,-7.3057,-76.8494
65157,no_incendio,-5.49005851410074,-77.39191865885853
65164,no_incendio,-6.982455617549805,-76.38860618436227
65172,no_incendio,-6.745283632589781,-76.33682715106067
65173,no_incendio,-5.300946297144839,-75.60535100286195
65176,no_incendio,-6.324934683730277,-76.81019781469472
65189,no_incendio,-6.847838156918014,-76.65972952352969
65202,incendio,-5.94,-76.2938
65205,incendio,-7.0321,-76.8664
65206,incendio,-6.7945,-76.7116
65212,incendio,-8.7846,-76.285
65227,no_incendio,-6.581835148874593,-77.10480197876178
65228,no_incendio,-6.308716369141198,-75.7579038479895
65229,no_incendio,-5.586947404667705,-76.96796502244129
65246,no_incendio,-7.433764184828395,-76.19895087453514
65253,no_incendio,-5.632876376439432,-77.16339501604922
65255,incendio,-7.2279,-76.5055
65258,no_incendio,-5.968870459553349,-76.92149677654932
65267,incendio,-6.1935,-76.2
65269,incendio,-5.7553,-76.6192
65286,no_incendio,-6.9177745399597805,-77.27712831962272
65295,incendio,-8.3085,-76.3751
65300,no_incendio,-5.388800568828812,-75.76427198080877
65303,no_incendio,-6.733687512476174,-75.74855689788478
65306,no_incendio,-6.061517131296685,-76.40854652459227
65315,incendio,-8.6921,-76.9257
65324,no_incendio,-6.572656774954891,-77.3264854349528
65327,no_incendio,-5.340154408333765,-76.74093271807992
65328,incendio,-6.6066,-76.5992
65338,no_incendio,-5.508118125742636,-76.08158705053927
65342,no_incendio,-6.072304927752775,-76.77556503555117
65345,no_incendio,-5.812760524192122,-77.54920790478845
65353,no_incendio,-6.825822993237503,-77.04144362527458
65367,incendio,-6.3204,-77.678
65378,no_incendio,-7.415686202537784,-75.85189468645096
65400,no_incendio,-6.026656147123168,-76.76469510540855
65406,no_incendio,-7.000863457307533,-75.58957693762711
65423,no_incendio,-7.336551353349131,-77.20883178649431
65424,incendio,-5.4644,-76.6598
65425,incendio,-5.8051,-76.1365
65430,no_incendio,-7.454920494649443,-76.8925561147692
65437,incendio,-5.912,-75.9807
65441,no_incendio,-7.038387701485983,-77.46608635694433
65443,incendio,-7.3539,-76.49
65462,no_incendio,-6.296125170251722,-76.27573079441521
65467,no_incendio,-7.3045123106112335,-75.99723406684437
65485,incendio,-6.5387,-77.5157
65488,no_incendio,-5.397948781588011,-77.53247141487635
65498,no_incendio,-7.560257578514154,-75.8825568546828
65506,no_incendio,-6.86277091910318,-76.45893260017807
65511,incendio,-7.166,-76.2251
65514,incendio,-8.5493,-76.8847
65517,no_incendio,-5.641271222445664,-77.2589065650696
65519,incendio,-6.5385,-76.5647
65520,no_incendio,-6.775573791793621,-76.68783581514383
65521,no_incendio,-6.808298154641365,-77.1261442416624
65526,no_incendio,-6.388532043555506,-76.84726928607184
65527,no_incendio,-6.86128898258832,-76.74328169561169
65534,incendio,-5.9206,-76.2668
65536,incendio,-6.0883,-76.8147
65539,no_incendio,-6.9335165366157545,-76.90717664275962
65546,incendio,-6.0271,-77.5806
65548,no_incendio,-5.3088507793034125,-76.33692970134372
65555,no_incendio,-6.023168032179068,-77.26981479042486
65556,incendio,-7.3007,-77.7062
65559,no_incendio,-6.161493803649726,-77.185392683239
65561,incendio,-5.7732,-77.3571
65571,incendio,-6.2605,-75.7995
65572,no_incendio,-6.375064281525175,-76.76531716856294
65574,incendio,-7.5848,-76.4931
65576,no_incendio,-6.3280159994888185,-76.39673641063581
65603,incendio,-5.7231,-77.3892
65606,incendio,-8.2158,-75.6753
65609,no_incendio,-6.48340164417584,-76.67965578486029
65618,incendio,-7.0808,-76.1761
65623,no_incendio,-5.776890989468168,-77.17544694472763
65640,incendio,-7.0513,-76.7046
65654,no_incendio,-6.331956733542304,-77.5021084607029
65656,no_incendio,-7.190259524857835,-76.68608585816432
65657,no_incendio,-5.65117658577255,-75.62263099163508
65660,no_incendio,-5.685078590845662,-76.61726952612376
65663,no_incendio,-5.886501214348173,-76.17373588365827
65669,incendio,-5.9868,-77.6732
65676,no_incendio,-5.70993701267222,-76.39276259470975
65678,no_incendio,-6.808753435004469,-75.58127871175964
65679,no_incendio,-5.586947404667705,-76.96796502244129
65681,no_incendio,-5.971167138004345,-76.3740699604034
65682,no_incendio,-6.726577938090313,-76.92865414529734
65692,no_incendio,-7.20837922312058,-75.60173964481412
65696,incendio,-5.7463,-76.2371
65705,no_incendio,-5.461372149282843,-77.4223608733987
65709,incendio,-6.0414,-77.0082
65711,incendio,-5.9597,-76.0216
65734,incendio,-7.5394,-76.6453
65735,no_incendio,-6.09276868271348,-76.00881721213455
65741,incendio,-6.0035,-77.1493
65748,no_incendio,-6.859834032339221,-77.17846783969736
65758,no_incendio,-5.393627530051222,-76.7881303458327
65759,incendio,-7.5526,-76.4184
65765,no_incendio,-6.9256501234330665,-77.07157879837493
65771,incendio,-7.1662,-76.5095
65777,no_incendio,-6.040209440060914,-75.6194334979568
65780,incendio,-8.401,-76.5449
65785,incendio,-7.2457,-77.0609
65787,no_incendio,-6.045557480896305,-76.73042918045354
65814,incendio,-8.5906,-76.3308
65819,no_incendio,-6.1174086914739405,-75.65121133854548
65832,no_incendio,-6.447996016247126,-77.41234607167007
65836,incendio,-7.1932,-76.3262
65842,no_incendio,-6.109182329794082,-77.41759375115069
65843,no_incendio,-6.424415078222516,-76.56153900049968
65854,incendio,-5.7405,-76.6588
65858,incendio,-6.0198,-76.0314
65863,no_incendio,-7.4333859418143975,-75.94488928476447
65874,incendio,-7.4459,-76.59
65889,no_incendio,-6.717293792016525,-75.64014245587184
65897,incendio,-6.8329,-76.7943
65907,no_incendio,-7.205543641449294,-77.21195261449198
65915,no_incendio,-5.933819847140226,-76.39063203845332
65916,no_incendio,-7.36388011313037,-77.4640263849402
65935,incendio,-7.4111,-76.5527
65940,incendio,-6.8224,-76.2375
65948,no_incendio,-6.091674894114575,-77.31779067927825
65952,no_incendio,-6.736884280770205,-76.9775738185435
65960,incendio,-7.4645,-76.5576
65969,no_incendio,-5.946515429749496,-77.17416988943258
65974,incendio,-7.2976,-76.7415
66012,no_incendio,-6.260382263964365,-75.66215989353373
66018,no_incendio,-5.4560539889311706,-76.17543571338655
66024,no_incendio,-7.459517004149713,-75.65348895495933
66033,no_incendio,-5.89446781447664,-77.22849214912743
66035,no_incendio,-5.780675568523146,-77.4440499191556
66036,no_incendio,-5.919068188390441,-77.36605426382134
66037,incendio,-5.9865,-76.8959
66048,no_incendio,-5.388346448693102,-76.72150148992378
66052,incendio,-6.6809,-76.6026
66062,no_incendio,-5.888892522225688,-76.77144344906966
66064,incendio,-8.646,-76.2839
66074,no_incendio,-7.341385532228014,-75.96721546288514
66078,no_incendio,-6.234937456831474,-75.55136134306397
66081,incendio,-6.7465,-76.2394
66091,no_incendio,-7.564076009944549,-75.89157611790941
66119,no_incendio,-6.567404760010091,-75.93678531261668
66122,incendio,-6.8942,-76.6854
66124,incendio,-7.286,-76.6109
66130,incendio,-6.9838,-76.6878
66131,no_incendio,-7.237010441563305,-76.53847008307255
66133,no_incendio,-6.729488491648472,-77.03653906594069
66152,no_incendio,-7.450227101420001,-77.22165209135423
66155,no_incendio,-6.9335165366157545,-76.90717664275962
66156,no_incendio,-5.503666402060762,-76.62944463990817
66158,no_incendio,-7.307422219905113,-77.49030389420659
66165,no_incendio,-5.913444133925558,-76.54061399484421
66170,no_incendio,-5.901183537582431,-77.01906915606199
66180,incendio,-8.4224,-76.4655
66181,no_incendio,-5.494377757817533,-77.22053363364685
66183,incendio,-6.915,-76.7457
66190,incendio,-6.4919,-76.4509
66196,no_incendio,-6.281173626920689,-76.33798845589783
66211,incendio,-7.3687,-76.7144
66220,no_incendio,-5.87938832915223,-76.90538612384941
66228,no_incendio,-5.485555576815183,-76.48568380205462
66230,no_incendio,-7.58397179719786,-76.78899858637695
66236,no_incendio,-7.174304209114396,-76.54277799438324
66237,incendio,-6.342,-76.3
66241,no_incendio,-7.005255736259935,-76.42804994495515
66246,no_incendio,-6.114431837075887,-77.3791914454974
66248,no_incendio,-5.66978916869293,-75.78583352536694
66273,no_incendio,-7.429446375356516,-77.21947961761848
66276,incendio,-6.5495,-76.3084
66279,no_incendio,-7.263705379465793,-77.32787830995856
66281,no_incendio,-7.377346584054845,-77.21066750842841
66288,no_incendio,-5.923104963527884,-76.43553159912858
66298,incendio,-7.0711,-76.84
66299,no_incendio,-6.173497385338977,-77.08001241103895
66305,no_incendio,-7.319106221775668,-76.84964608294781
66313,incendio,-6.73,-76.62
66321,no_incendio,-6.267765286846349,-75.88438881089547
66325,no_incendio,-6.143493830692505,-76.5408916216836
66337,no_incendio,-6.79327379780416,-76.83578661930616
66339,no_incendio,-6.599702785570768,-77.42370077864948
66342,no_incendio,-5.322335273054225,-75.66988823532402
66348,no_incendio,-7.516228282019169,-75.89484036620722
66349,incendio,-6.0757,-75.9112
66350,incendio,-6.4519,-76.6145
66364,no_incendio,-6.049219022458795,-76.2803636866073
66377,no_incendio,-6.146020638711784,-75.61071933850509
66378,incendio,-5.4349,-76.547
66379,incendio,-6.9167,-76.7582
66382,incendio,-8.1607,-76.4774
66385,no_incendio,-6.0854129819425,-76.79698741171129
66395,incendio,-7.3309,-77.7231
66396,no_incendio,-7.346936014424016,-77.24612328998047
66409,no_incendio,-7.357911846364595,-77.10667831143273
66411,no_incendio,-6.215385324683509,-77.39247138767627
66414,incendio,-6.9615,-76.5168
66416,no_incendio,-7.488895468406661,-77.22046866095448
66419,incendio,-8.0114,-77.3855
66420,incendio,-5.8103,-77.3419
66421,no_incendio,-7.128591277381194,-76.12302141097119
66423,no_incendio,-6.726381012789614,-77.29263321460805
66425,no_incendio,-5.397648721010737,-76.34314573163867
66428,no_incendio,-5.399746644332469,-76.68187059720576
66435,incendio,-6.4055,-77.3851
66439,no_incendio,-5.941437702339227,-76.71661667859928
66445,no_incendio,-6.394447416910339,-77.43791713673666
66450,no_incendio,-6.166609034042587,-76.23843722431326
66452,incendio,-6.9854,-76.586
66460,incendio,-5.9395,-75.9359
66464,no_incendio,-5.98497682810957,-77.24575452252367
66468,incendio,-7.5344,-77.5034
66479,incendio,-7.661,-76.4768
66483,no_incendio,-7.1439208952470965,-77.38092521559295
66488,incendio,-6.6518,-76.658
66494,incendio,-6.1932,-77.4754
66496,no_incendio,-5.335389403596253,-76.01475499828726
66498,no_incendio,-7.384620420011121,-76.77592855304549
66500,no_incendio,-6.945484440166689,-76.77951589048426
66508,no_incendio,-7.038387701485983,-77.46608635694433
66510,no_incendio,-6.5603093207023875,-76.81459925787705
66518,no_incendio,-7.3664786483523805,-76.23130655990323
66522,no_incendio,-5.875471323487407,-77.45654526806348
66528,no_incendio,-6.823512194602855,-76.05631689166178
66543,no_incendio,-6.756685989962618,-75.83002754028344
66549,incendio,-6.0936,-77.2413
66553,no_incendio,-5.9343288832648255,-75.71284400291329
66554,incendio,-6.7373,-76.6861
66559,no_incendio,-6.5875457295775695,-76.60562453766775
66575,no_incendio,-5.971724397201385,-75.87816764029395
66578,no_incendio,-5.437451651862052,-75.53119555354411
66583,no_incendio,-7.157163278516986,-76.9354632282693
66593,no_incendio,-5.767577808825913,-75.75625284767814
66594,no_incendio,-5.60683404112794,-77.27867668965091
66596,no_incendio,-5.957368180282539,-76.7498768526133
66602,incendio,-7.1892,-76.6657
66607,no_incendio,-5.544342707790426,-75.8055721541421
66609,incendio,-6.041,-76.2931
66612,no_incendio,-7.552000736404346,-77.05977682552361
66615,incendio,-7.5206,-76.437
66626,incendio,-6.7288,-76.1998
66628,incendio,-5.8729,-76.0227
66636,incendio,-7.3946,-76.3836
66639,no_incendio,-6.40519633681147,-77.40140623826653
66641,no_incendio,-6.775595026700855,-77.38152365692504
66645,no_incendio,-6.684588652346477,-77.1953837139415
66671,no_incendio,-6.788644402631232,-76.08655221338569
66683,no_incendio,-6.076651418507213,-75.99938351654062
66691,incendio,-8.5404,-76.8833
66698,no_incendio,-5.559447141003816,-77.53240429845073
66699,no_incendio,-7.37285257220338,-75.85397128431137
66700,no_incendio,-6.726508547372632,-75.8805912365982
66702,no_incendio,-6.068535480190217,-76.55604968607116
66720,no_incendio,-7.401018606692293,-76.00185651713339
66729,incendio,-6.2797,-75.8217
66749,no_incendio,-7.253889999482386,-76.08590323427873
66751,no_incendio,-7.277740388513622,-77.219832932029
66753,incendio,-6.1901,-77.4953
66762,no_incendio,-5.41267692948794,-75.94332607139869
66771,no_incendio,-6.825822993237503,-77.04144362527458
66787,incendio,-7.2142,-76.6049
66788,incendio,-6.9532,-76.248
66796,no_incendio,-5.6492373233613264,-76.13173612706044
66799,incendio,-7.3077,-77.0316
66801,incendio,-6.9802,-76.32
66813,no_incendio,-7.1816270512499,-75.96620433389496
66816,no_incendio,-6.729488491648472,-77.03653906594069
66818,incendio,-7.2596,-76.4897
66821,no_incendio,-5.409046088511844,-75.85044957982578
66822,no_incendio,-6.252480366224789,-76.488140203218
66827,incendio,-8.5035,-76.4249
66833,no_incendio,-7.431414415877487,-76.13136950681124
66842,incendio,-7.5207,-76.5178
66846,no_incendio,-5.89446781447664,-77.22849214912743
66851,incendio,-7.2122,-76.8487
66855,no_incendio,-7.24803934210104,-76.82472284533478
66861,incendio,-6.7685,-76.5023
66866,incendio,-7.2263,-76.256
66874,incendio,-7.3168,-76.6227
66880,no_incendio,-5.937659253977012,-77.34942172737706
66896,incendio,-7.1953,-76.4603
66901,no_incendio,-5.31562173519542,-75.64368786803017
66907,no_incendio,-7.449590892373755,-76.60010791486725
66910,no_incendio,-5.867914432983562,-76.93835853406706
66911,no_incendio,-6.331956733542304,-77.5021084607029
66912,incendio,-8.4137,-76.354
66919,no_incendio,-6.0746976290586785,-75.57122315970695
66922,no_incendio,-6.987442347939161,-77.51096806537585
66940,incendio,-7.246,-76.7705
66943,incendio,-6.5863,-76.6854
66947,no_incendio,-7.333242178068196,-76.42984929938181
66949,incendio,-6.585,-76.4324
66957,no_incendio,-5.461372149282843,-77.4223608733987
66967,incendio,-6.0749,-75.9578
66980,incendio,-6.8695,-76.1924
66981,no_incendio,-5.662370106905432,-77.07535731755083
67000,incendio,-7.1139,-76.7808
67002,no_incendio,-6.1773004933773406,-76.41533827057219
67012,incendio,-6.7898,-76.582
67023,no_incendio,-6.603103679284163,-76.5352543472929
67027,no_incendio,-6.475196466130733,-76.70818383406251
67031,no_incendio,-6.353424809181855,-75.63008762129351
67045,no_incendio,-6.227801736418022,-76.3562846673644
67054,no_incendio,-5.411652077381302,-77.27749728778487
67063,no_incendio,-5.87076697965016,-76.32402567938676
67064,no_incendio,-6.360887636963093,-77.10755017823716
67067,no_incendio,-7.336551353349131,-77.20883178649431
67086,incendio,-8.7231,-76.2568
67089,no_incendio,-6.57344451362061,-75.98407882587051
67100,no_incendio,-6.508124167264835,-76.61340355687425
67116,incendio,-6.2288,-76.1903
67127,incendio,-6.7194,-76.8375
67133,no_incendio,-6.9560251993392335,-75.65244127896328
67135,incendio,-5.6562,-76.5493
67137,no_incendio,-5.802372431085104,-75.57878108958735
67146,incendio,-6.6177,-77.3551
67153,incendio,-6.3176,-76.3188
67157,incendio,-7.3899,-76.4083
67164,no_incendio,-5.4956287964108785,-77.39970137101125
67166,incendio,-6.7884,-76.5726
67168,no_incendio,-7.511471498657587,-77.0305776349507
67173,incendio,-6.8558,-76.2612
67180,no_incendio,-6.641370996240543,-76.27210728920325
67181,no_incendio,-6.260865842963683,-76.65344397081381
67198,no_incendio,-5.399995483023551,-76.68244565675566
67199,no_incendio,-5.544342707790426,-75.8055721541421
67209,incendio,-5.8965,-76.2907
67210,no_incendio,-6.905350281771543,-75.85773993313076
67212,incendio,-5.9448,-76.0484
67214,incendio,-5.723,-76.4207
67223,no_incendio,-5.4868610147355525,-76.76095607597574
67225,no_incendio,-6.088150630105884,-77.05183868742043
67226,incendio,-8.4028,-76.4969
67230,incendio,-6.9991,-76.3056
67233,incendio,-7.4024,-76.6765
67237,no_incendio,-5.4181719579024135,-75.50050796250098
67238,incendio,-8.2295,-76.4259
67242,no_incendio,-6.303002240210201,-76.72194514117207
67244,no_incendio,-7.097431396465031,-76.35150553329514
67248,no_incendio,-5.631534863423365,-75.5444078955286
67257,no_incendio,-7.436772555974999,-76.13512005747918
67281,no_incendio,-6.566852763907717,-76.67622294647774
67286,no_incendio,-7.4291899383099445,-76.99344952239323
67288,incendio,-5.8021,-76.5159
67290,no_incendio,-6.154726709997222,-75.55076367684507
67301,no_incendio,-6.395505819847665,-76.99761432969862
67310,no_incendio,-6.777339583024972,-77.16983093641421
67311,no_incendio,-5.441244045280792,-76.19936571316805
67316,no_incendio,-5.632530971200962,-77.47788862342078
67322,incendio,-7.1268,-76.5032
67325,no_incendio,-7.294379319518731,-75.60933586901135
67329,no_incendio,-7.536324441611577,-75.98652093293225
67332,no_incendio,-6.808642932215501,-75.79916533133496
67335,no_incendio,-5.5084858154243905,-75.90684850496002
67337,no_incendio,-6.6308882191110055,-76.3915553322726
67338,incendio,-7.1406,-76.5634
67340,no_incendio,-5.925744830854394,-76.62635370808266
67344,incendio,-6.507,-76.4494
67353,no_incendio,-6.896612666946929,-75.75338049940235
67359,no_incendio,-6.338883523616399,-76.67237416346605
67364,no_incendio,-5.622162432874228,-76.70501966558531
67376,incendio,-7.4335,-76.5498
67379,incendio,-7.3475,-76.2578
67380,no_incendio,-6.535104750481092,-76.08251249993276
67387,no_incendio,-7.536087990026042,-76.53899168088374
67392,incendio,-6.2419,-75.8642
67396,incendio,-6.5842,-76.1578
67409,no_incendio,-5.658384235826694,-76.44208065955317
67411,no_incendio,-5.880891988248802,-77.50381327072611
67412,incendio,-7.2716,-76.6464
67420,no_incendio,-6.543996709664201,-75.77625931317041
67430,no_incendio,-5.914538807022697,-77.31789261845223
67435,incendio,-7.0032,-76.6603
67448,incendio,-7.3552,-76.5959
67453,no_incendio,-7.464502353788052,-77.51392837949253
67460,no_incendio,-7.3912095148136645,-77.03017853882585
67462,no_incendio,-6.216596629515713,-76.33055988016247
67465,incendio,-7.4402,-76.6766
67468,no_incendio,-5.348479960720765,-76.73008143184053
67472,no_incendio,-7.3828581911388165,-75.8721549637632
67474,no_incendio,-7.593724484851976,-77.34754973911781
67476,no_incendio,-6.929766621277843,-76.9486595645204
67498,no_incendio,-7.547004527368286,-77.14424900414204
67509,no_incendio,-5.4181719579024135,-75.50050796250098
67514,no_incendio,-7.486384119244431,-77.33522717320785
67515,no_incendio,-5.393926083579098,-77.3710588373999
67517,incendio,-6.0718,-76.2146
67530,no_incendio,-7.491547550658209,-77.41447872545433
67548,no_incendio,-5.815055199872086,-76.00054370091742
67550,incendio,-6.9982,-76.9022
67551,incendio,-8.0626,-76.6028
67553,incendio,-6.8084,-76.6666
67558,no_incendio,-6.468598557394471,-76.29833017428093
67561,incendio,-7.2445,-76.7079
67562,no_incendio,-5.734596234605278,-76.54404736792905
67565,no_incendio,-5.364892363396528,-76.8599043565554
67572,no_incendio,-5.3149529866292395,-75.54616509202799
67583,no_incendio,-6.7988040085111265,-76.15084820178622
67592,incendio,-6.0415,-76.0868
67594,incendio,-7.3899,-76.597
67607,incendio,-6.8838,-76.7497
67615,incendio,-7.2424,-76.7669
67621,no_incendio,-5.706911774664528,-77.15797296628834
67628,no_incendio,-7.327451375962066,-77.03090576588977
67656,no_incendio,-5.915658751464713,-77.38575524652865
67661,incendio,-6.4828,-76.4941
67668,incendio,-8.3873,-77.6352
67675,incendio,-8.4944,-76.4262
67680,no_incendio,-5.800895908311601,-76.62831443275236
67682,no_incendio,-5.715242133239665,-75.6692049037983
67688,no_incendio,-7.298951884711561,-75.8714337322258
67693,no_incendio,-5.509842715479968,-77.22974622552158
67700,incendio,-8.1101,-76.4901
67701,no_incendio,-7.265385570436415,-76.15256195898944
67702,incendio,-7.0458,-76.1219
67706,no_incendio,-5.636606643396935,-75.65023157423232
67727,incendio,-7.1299,-76.6379
67739,incendio,-7.3426,-76.6938
67750,no_incendio,-6.581835148874593,-77.10480197876178
67751,incendio,-6.8172,-76.59
67753,no_incendio,-6.007162927883913,-76.5503319635523
67762,no_incendio,-5.316700367183811,-76.26596491615018
67782,no_incendio,-5.8012341650518415,-77.26448001518449
67790,incendio,-7.3159,-76.6012
67795,no_incendio,-5.882755427823639,-77.51237097659782
67802,incendio,-6.4913,-75.9202
67808,no_incendio,-5.712666897985722,-76.23826320211337
67812,no_incendio,-5.60263772570773,-75.78275132850642
67823,no_incendio,-5.450455855055424,-76.00497644122908
67835,no_incendio,-6.709233322192638,-77.51049806027564
67836,incendio,-7.1518,-76.5547
67841,no_incendio,-5.855088798772725,-76.8781669555971
67844,incendio,-5.9356,-76.3045
67858,no_incendio,-7.443277568920015,-75.95948688269024
67860,no_incendio,-6.4891729979787565,-76.11291535541001
67862,no_incendio,-5.655403371061297,-77.22066038141541
67867,no_incendio,-5.7006314608305315,-76.5774762709844
67875,incendio,-6.8806,-76.8828
67876,incendio,-6.1208,-76.2502
67882,incendio,-6.9718,-76.3469
67906,no_incendio,-6.2234750512942,-76.15839430304165
67908,no_incendio,-7.333298288226105,-76.42146225481947
67910,no_incendio,-6.693645231607011,-77.00083886723358
67939,no_incendio,-6.6577808572271095,-76.08571031789008
67942,no_incendio,-6.184018518963494,-76.64827203950954
67943,no_incendio,-5.356529850556848,-75.70252244587886
67944,no_incendio,-5.326540128955467,-75.8192880237214
67953,incendio,-6.8225,-76.6109
67955,no_incendio,-5.37157572156011,-76.66234225426679
67962,incendio,-5.9571,-76.1757
67965,incendio,-6.4733,-77.4358
67967,no_incendio,-5.707217935164065,-76.52295370572979
67973,no_incendio,-6.480910366032293,-76.46284954850665
67977,no_incendio,-7.327169653945901,-75.96963671647885
67986,no_incendio,-7.552000736404346,-77.05977682552361
67993,no_incendio,-6.136716909605955,-76.35666700182222
67994,no_incendio,-6.763422719650261,-75.74420107703415
68001,no_incendio,-5.559553740329016,-76.98206356543957
68014,no_incendio,-6.073266163575411,-75.6671313489238
68015,no_incendio,-6.426707190480592,-75.93955631582219
68021,no_incendio,-5.6727531578346015,-77.41986068936593
68023,incendio,-7.3415,-76.7018
68036,no_incendio,-6.730142477692188,-76.45478701398325
68038,incendio,-6.7511,-76.4288
68041,incendio,-7.4986,-77.6724
68045,incendio,-6.7537,-76.3755
68052,no_incendio,-5.335389403596253,-76.01475499828726
68066,no_incendio,-5.409046088511844,-75.85044957982578
68068,incendio,-6.7657,-76.6685
68071,no_incendio,-7.287912531535466,-77.51954103984086
68075,no_incendio,-7.121678053413924,-76.22436656303664
68081,no_incendio,-6.587743088391281,-75.70665174033093
68082,incendio,-5.9946,-75.9264
68084,incendio,-6.6865,-76.5214
68087,incendio,-6.8895,-76.7621
68095,incendio,-6.2832,-76.2482
68106,no_incendio,-5.530786000980501,-76.91418709127078
68111,incendio,-7.3907,-76.6008
68131,incendio,-7.1998,-76.3057
68137,no_incendio,-6.427611857268102,-77.39761535548438
68138,no_incendio,-6.758724816086575,-76.05879675132634
68148,incendio,-6.4123,-75.7559
68149,no_incendio,-5.49325291733823,-76.90069379643876
68158,no_incendio,-6.298521477567302,-76.20182358446478
68163,incendio,-7.324,-76.8027
68168,incendio,-5.7864,-77.393
68172,no_incendio,-7.433177363041198,-76.83037064638081
68196,no_incendio,-5.559553740329016,-76.98206356543957
68198,no_incendio,-6.971818693744163,-76.01229344920435
68199,incendio,-6.9386,-76.721
68203,no_incendio,-6.959314262350769,-76.76578066872496
68212,no_incendio,-6.777084363074236,-76.9625637860872
68218,no_incendio,-5.3149529866292395,-75.54616509202799
68220,no_incendio,-5.413750833598563,-75.87946450439262
68226,incendio,-6.7613,-76.4727
68232,no_incendio,-6.725956984213016,-76.31094915112595
68233,no_incendio,-5.992717705570296,-75.97108395344519
68243,no_incendio,-5.394785578322833,-77.00358788486766
68246,no_incendio,-5.382544750033527,-75.77853597502654
68249,no_incendio,-6.905014878753814,-76.49698867319515
68250,no_incendio,-5.4225864404931166,-77.44996456310464
68254,incendio,-7.4341,-76.4116
68262,incendio,-7.2157,-76.6448
68273,no_incendio,-6.672836316039594,-77.21035813191263
68282,incendio,-6.1652,-77.6147
68285,no_incendio,-5.3860874889168056,-76.83704410013208
68290,no_incendio,-5.5904160018413185,-75.95967696851481
68291,no_incendio,-5.7980276983387755,-76.60461534978732
68292,no_incendio,-5.509842715479968,-77.22974622552158
68300,no_incendio,-6.378539891531966,-75.71550711436312
68301,no_incendio,-6.201637039608355,-76.63859765076462
68302,incendio,-7.2652,-76.6659
68305,incendio,-7.3821,-76.3881
68313,incendio,-7.0529,-76.6533
68326,incendio,-6.5056,-76.5506
68332,no_incendio,-6.525571951158751,-77.30569775147015
68343,no_incendio,-7.241827770839374,-75.55383362888189
68347,incendio,-6.6265,-76.6544
68348,no_incendio,-5.5670313248345,-75.99876018929933
68349,no_incendio,-6.1400329007098495,-75.77782950002863
68359,no_incendio,-6.4776266103105895,-77.14737002070362
68371,incendio,-7.7362,-76.7045
68384,no_incendio,-7.0852919010703905,-76.44513634305123
68397,no_incendio,-5.913375544586391,-77.02153912778006
68401,no_incendio,-7.53821724475927,-77.34792258266398
68410,no_incendio,-6.046941056590012,-76.4497684025493
68415,incendio,-7.4529,-76.5851
68425,incendio,-5.6973,-75.9049
68430,no_incendio,-6.165139577023006,-77.17733248367045
68432,incendio,-8.705,-76.3122
68453,no_incendio,-6.4985912391976255,-76.97886285295857
68455,incendio,-7.1334,-76.2228
68472,no_incendio,-5.603013181516009,-76.25847933744605
68474,incendio,-6.8704,-76.947
68485,no_incendio,-5.300946297144839,-75.60535100286195
68492,no_incendio,-7.080940596432744,-77.316377811303
68498,no_incendio,-5.5896376031918615,-76.35252920094948
68499,no_incendio,-6.621617501983885,-75.65329251395444
68527,incendio,-7.0475,-76.4327
68533,incendio,-6.176,-76.2997
68535,incendio,-8.6929,-77.0809
68538,incendio,-5.7531,-76.4045
68542,no_incendio,-5.9969306066925245,-75.59395245076587
68545,no_incendio,-7.245236344594437,-75.87140818649081
68547,no_incendio,-6.013807781245941,-77.54515653099793
68554,no_incendio,-6.893380079192219,-76.030920773184
68556,no_incendio,-5.3928610006268665,-76.95098681919762
68557,no_incendio,-6.252480366224789,-76.488140203218
68574,no_incendio,-7.436110407887001,-75.68288184576566
68598,no_incendio,-7.063019746501072,-77.52481749302208
68631,no_incendio,-6.534406684076978,-76.00352237296187
68643,incendio,-6.9268,-76.6786
68680,incendio,-7.5145,-76.6748
68685,incendio,-5.8261,-76.5102
68691,incendio,-7.0567,-76.7515
68693,no_incendio,-6.521871195981789,-77.46615975017302
68702,no_incendio,-7.160701404821328,-77.50258610161559
68705,incendio,-6.3085,-76.0477
68712,incendio,-6.0129,-76.2316
68715,incendio,-6.1622,-76.8269
68721,no_incendio,-5.454661580886559,-77.46777785872058
68731,no_incendio,-5.875471323487407,-77.45654526806348
68734,no_incendio,-6.895202578534257,-77.04341617849329
68737,no_incendio,-5.577424926283962,-75.86385660107669
68738,no_incendio,-6.000321843594466,-77.16959710695784
68747,no_incendio,-6.061127541678445,-77.3300358732125
68749,no_incendio,-7.3045123106112335,-75.99723406684437
68754,incendio,-6.1163,-75.9596
68759,no_incendio,-6.848581850084046,-76.26989214867015
68778,no_incendio,-5.767577808825913,-75.75625284767814
68784,no_incendio,-6.575273134907994,-75.71241319767115
68791,no_incendio,-6.30791982416226,-77.35125522509678
68793,no_incendio,-5.870407571755855,-76.43899593158982
68810,incendio,-6.6239,-76.3092
68811,no_incendio,-6.224885960981276,-76.91366721974305
68816,no_incendio,-7.301995634610949,-77.3052348248029
68833,no_incendio,-6.311293975828189,-76.65790550589152
68843,no_incendio,-7.488895468406661,-77.22046866095448
68848,incendio,-8.6034,-76.3053
68849,incendio,-6.4158,-76.5869
68850,no_incendio,-6.038754568131664,-76.35371867515885
68856,no_incendio,-6.682338881301072,-76.58990578057626
68857,no_incendio,-6.482310901757052,-76.90146059819452
68859,no_incendio,-6.367884072608207,-76.17501426406548
68861,no_incendio,-6.53325154649785,-76.75115030969212
68871,incendio,-6.5107,-76.4925
68875,no_incendio,-5.714958817536613,-75.57831712461974
68886,no_incendio,-7.121678053413924,-76.22436656303664
68890,no_incendio,-6.441902560534528,-76.15943969390888
68894,no_incendio,-6.736094048254664,-75.79047035285556
68897,no_incendio,-6.856923978483267,-76.96918980938075
68904,no_incendio,-6.899424280300874,-76.07403591805503
68909,no_incendio,-6.391692174987462,-77.10791126635735
68919,no_incendio,-6.376726836973272,-77.35752912688064
68920,no_incendio,-7.324938939394847,-75.95193264911674
68924,incendio,-6.3137,-75.9809
68932,no_incendio,-7.401018606692293,-76.00185651713339
68953,incendio,-7.2146,-76.0563
68958,no_incendio,-6.58181358126526,-75.97994293561052
68960,no_incendio,-5.856151465825925,-75.61952647714237
68963,incendio,-8.3106,-76.3909
68984,incendio,-7.4858,-76.4994
68985,no_incendio,-6.1503156162969,-75.68207577523512
68986,no_incendio,-6.444054607789215,-75.60852282337595
68993,no_incendio,-5.617689246248104,-77.03996515250137
68996,no_incendio,-5.531494331119256,-75.68693972870032
69011,incendio,-6.7472,-76.5036
69012,no_incendio,-7.241496994972613,-76.72736472676876
69016,incendio,-7.2257,-76.4946
69018,no_incendio,-6.420478782048784,-76.46157866406858
69045,incendio,-7.4065,-76.7309
69054,no_incendio,-7.000185157265019,-76.24279253564121
69064,no_incendio,-5.701666858501454,-75.71059369687181
69067,no_incendio,-5.399995483023551,-76.68244565675566
69072,no_incendio,-6.684698936601428,-75.64362761188839
69093,incendio,-5.9014,-76.3096
69094,incendio,-6.8694,-76.3008
69112,no_incendio,-6.237007995955339,-77.29653920345977
69131,incendio,-6.578,-76.3609
69135,no_incendio,-5.5369399299131885,-77.31171501653961
69141,no_incendio,-6.911906202214161,-76.30385492841812
69145,no_incendio,-6.875442125514737,-76.55018813227439
69148,no_incendio,-5.670265351646696,-76.15936780244608
69162,no_incendio,-7.487565239153625,-77.31329030244564
69166,no_incendio,-5.432481694931332,-76.47528675292433
69177,no_incendio,-7.038387701485983,-77.46608635694433
69185,incendio,-6.0052,-76.2287
69187,incendio,-7.2395,-76.2618
69215,incendio,-6.8618,-76.5216
69218,incendio,-7.4138,-76.8235
69229,incendio,-5.8812,-76.0766
69230,no_incendio,-6.140012467892716,-77.09722529665582
69235,no_incendio,-6.303002240210201,-76.72194514117207
69236,no_incendio,-7.124827279927048,-76.79852328354966
69240,no_incendio,-6.234937456831474,-75.55136134306397
69249,incendio,-7.0259,-76.6017
69255,no_incendio,-6.991871137907023,-76.86560292258433
69256,no_incendio,-6.930372562741588,-76.24468121546766
69257,no_incendio,-5.756771146595229,-77.41858176231523
69262,no_incendio,-5.409587022918446,-76.44819351401671
69264,no_incendio,-5.555763303802058,-77.3394188883658
69267,no_incendio,-7.432415046086705,-75.62170917666255
69269,no_incendio,-5.364004538303699,-76.51587462337326
69284,no_incendio,-7.087560477783244,-76.48701616296685
69287,no_incendio,-7.016303677309179,-76.9039929620138
69290,incendio,-7.2127,-77.0548
69292,incendio,-6.7109,-75.5822
69295,no_incendio,-7.0294194294183265,-77.09735006276883
69300,no_incendio,-6.522871972647179,-77.1088712424184
69302,no_incendio,-6.797587829172456,-76.96085855036651
69310,incendio,-6.2803,-75.9911
69311,no_incendio,-7.23268535501901,-75.71791421763211
69313,incendio,-6.0348,-77.5872
69314,no_incendio,-5.428382683589806,-76.59712896608411
69315,no_incendio,-7.011514074885707,-76.73934268520709
69317,no_incendio,-6.534953195140333,-76.18456106043952
69320,incendio,-8.0147,-77.2323
69321,incendio,-5.7265,-76.1994
69324,no_incendio,-5.701666858501454,-75.71059369687181
69329,incendio,-6.9145,-76.5969
69330,no_incendio,-6.645743757749571,-77.31611856562348
69331,incendio,-6.4855,-76.552
69339,incendio,-7.4161,-76.6729
69350,no_incendio,-5.84380402008071,-75.92947605096468
69351,no_incendio,-6.726577938090313,-76.92865414529734
69354,no_incendio,-7.509252354285814,-75.54465114823546
69359,no_incendio,-6.567404760010091,-75.93678531261668
69365,no_incendio,-7.095024308236621,-76.98915064415999
69366,no_incendio,-7.190259524857835,-76.68608585816432
69368,incendio,-6.414,-75.9691
69369,no_incendio,-6.756685989962618,-75.83002754028344
69370,incendio,-7.364,-76.7937
69374,no_incendio,-6.237634518264563,-76.93733978052377
69376,no_incendio,-6.682338881301072,-76.58990578057626
69380,incendio,-8.7588,-76.2687
69382,incendio,-7.1668,-76.695
69383,incendio,-7.2945,-76.4622
69385,no_incendio,-5.704328166594409,-76.92480673286192
69386,incendio,-6.4643,-75.7752
69390,no_incendio,-6.037617039183259,-75.8633441160442
69413,incendio,-6.5532,-76.7667
69419,incendio,-7.2699,-76.6603
69423,no_incendio,-6.353424809181855,-75.63008762129351
69428,no_incendio,-6.491284059337684,-76.25746904489338
69432,no_incendio,-6.040687375273645,-76.93582583750656
69436,no_incendio,-5.382192721085108,-75.80513455395052
69439,no_incendio,-5.936247863486473,-77.30432777805068
69445,no_incendio,-5.940833223348477,-76.76215332326328
69448,no_incendio,-7.170373075763204,-77.40179462648253
69452,no_incendio,-7.181016545835497,-77.14662187463146
69454,no_incendio,-6.040209440060914,-75.6194334979568
69456,no_incendio,-7.510787208532104,-75.93881161563174
69465,incendio,-6.0854,-77.2213
69472,no_incendio,-5.818727365285151,-76.86751655981939
69476,no_incendio,-6.796333772184817,-76.78935654696676
69494,incendio,-8.5841,-76.327
69499,incendio,-7.2276,-76.8265
69507,incendio,-8.3932,-76.47
69514,incendio,-6.34,-76.012
69528,incendio,-8.7252,-76.9711
69530,incendio,-6.2998,-76.1129
69532,incendio,-6.5544,-76.5247
69534,no_incendio,-5.5369399299131885,-77.31171501653961
69548,no_incendio,-7.237010441563305,-76.53847008307255
69565,no_incendio,-6.146925317432729,-76.25875565214055
69568,no_incendio,-7.294379319518731,-75.60933586901135
69572,no_incendio,-5.89446781447664,-77.22849214912743
69585,no_incendio,-6.625422961334142,-76.70627380489785
69602,no_incendio,-6.806373584205248,-76.84212620311408
69611,incendio,-5.6792,-76.6165
69617,no_incendio,-6.4891729979787565,-76.11291535541001
69632,no_incendio,-5.4956287964108785,-77.39970137101125
69634,no_incendio,-7.206553379936274,-76.41990893868237
69637,incendio,-7.5681,-76.6581
69643,incendio,-6.4834,-75.7334
69649,incendio,-6.3454,-76.6671
69650,incendio,-7.2715,-76.6741
69653,no_incendio,-7.125442800649086,-77.06151312787605
69655,no_incendio,-5.746784627492212,-75.78617751665539
69657,no_incendio,-5.3992279096164255,-77.51525342091976
69663,no_incendio,-5.906320557671209,-76.16456069117528
69667,no_incendio,-7.093257969486561,-77.25013940551041
69668,no_incendio,-6.439049170355273,-77.46289627422017
69676,incendio,-6.9697,-76.7176
69677,no_incendio,-5.612307081535751,-76.80288819980903
69681,incendio,-6.2707,-76.1101
69684,incendio,-7.3839,-76.6911
69685,no_incendio,-5.710479011729555,-76.39175910938613
69691,no_incendio,-6.082418461874669,-76.27878687106944
69693,no_incendio,-7.345060499544703,-77.11825976617006
69726,no_incendio,-6.705083355769138,-77.07784196502678
69727,no_incendio,-5.936247863486473,-77.30432777805068
69731,no_incendio,-5.728686151403572,-77.23987774970512
69746,no_incendio,-6.741427767846081,-75.52300413513564
69748,incendio,-8.5578,-76.3236
69753,incendio,-6.9406,-76.661
69754,incendio,-7.0024,-76.8621
69756,incendio,-7.2772,-76.8478
69758,no_incendio,-5.993099838060813,-76.1739103851831
69760,incendio,-6.8602,-76.6607
69762,incendio,-7.2197,-76.7034
69779,incendio,-6.5426,-76.3236
69789,incendio,-7.0826,-76.8245
69791,incendio,-6.3955,-75.7376
69792,no_incendio,-7.487103293775268,-76.06526148025002
69814,incendio,-5.6224,-75.9101
69821,no_incendio,-6.266506898778969,-76.33689278886196
69824,no_incendio,-5.991245342520768,-75.64023187612118
69827,no_incendio,-5.393627530051222,-76.7881303458327
69830,incendio,-8.635,-76.3026
69832,no_incendio,-5.362697688980843,-76.37235425327088
69836,incendio,-5.7938,-77.4248
69849,no_incendio,-6.269350897351528,-76.17554961545872
69877,no_incendio,-7.369405359299169,-75.53775524923043
69881,no_incendio,-5.607896245919547,-76.37910922472966
69883,no_incendio,-5.921016028711128,-75.70718586514504
69885,no_incendio,-6.249559347527708,-77.38514191347497
69896,incendio,-5.3201,-76.4971
69921,no_incendio,-6.2888093914419265,-77.49498781950011
69922,incendio,-8.7823,-76.2694
69924,no_incendio,-5.605657953237715,-77.33944421680316
69928,no_incendio,-6.191285072180344,-75.97348634249272
69942,no_incendio,-7.188428352306568,-77.29319926370498
69952,no_incendio,-6.2816422432891255,-75.61454508391762
69956,no_incendio,-5.636338028013915,-75.57133657890496
69958,incendio,-6.8153,-76.6902
69971,incendio,-6.8751,-76.6319
69989,incendio,-6.1768,-76.9618
69990,incendio,-8.4311,-76.3965
70012,no_incendio,-6.230021779466632,-76.57667653530646
70014,no_incendio,-6.9338065388714725,-77.51645275784907
70015,no_incendio,-6.36044395346056,-75.72277954497737
70016,no_incendio,-7.510954821403472,-75.50873794050783
70025,incendio,-7.2106,-76.8693
70035,no_incendio,-6.60024344042182,-76.28088372901857
70036,no_incendio,-5.316700367183811,-76.26596491615018
70044,no_incendio,-7.480945740497024,-75.88131487548965
70050,no_incendio,-7.413823551899182,-76.79124540072256
70080,no_incendio,-6.833720284532176,-77.09053083344739
70081,incendio,-7.5943,-76.6935
70084,no_incendio,-7.381225768944467,-76.16930082038664
70086,no_incendio,-7.115248664865674,-76.07912965420722
70095,no_incendio,-5.394785578322833,-77.00358788486766
70103,incendio,-6.1314,-76.8555
70105,no_incendio,-6.622512429028128,-75.69288323438259
70118,no_incendio,-6.376726836973272,-77.35752912688064
70127,no_incendio,-6.258662070362653,-76.50630572261905
70128,no_incendio,-6.679897679386204,-77.34823338283437
70129,no_incendio,-7.200090625449649,-75.973583692229
70143,no_incendio,-6.256015929782314,-76.34693713254352
70150,no_incendio,-6.331956733542304,-77.5021084607029
70157,incendio,-5.6079,-75.8824
70163,incendio,-8.3744,-77.5711
70164,no_incendio,-5.433480478841975,-76.00940335234054
70173,no_incendio,-5.356529850556848,-75.70252244587886
70188,incendio,-6.1606,-75.9669
70193,no_incendio,-6.5878777950259835,-76.78969667476908
70210,incendio,-7.4552,-76.576
70215,incendio,-6.9344,-76.5352
70235,no_incendio,-7.217736549985553,-75.80888423805258
70237,no_incendio,-6.150817748541318,-77.2743773218178
70242,no_incendio,-7.5348116135080625,-76.04270078901092
70248,no_incendio,-6.248141133810431,-75.50987121265236
70259,no_incendio,-5.409587022918446,-76.44819351401671
70261,incendio,-7.0278,-76.3226
70266,no_incendio,-5.780675568523146,-77.4440499191556
70267,no_incendio,-7.516029592309847,-76.17814319860955
70272,no_incendio,-7.552000736404346,-77.05977682552361
70273,no_incendio,-6.452984723571151,-76.97534564539009
70286,no_incendio,-6.938909457059822,-76.15534082596828
70289,incendio,-6.4611,-77.0763
70291,no_incendio,-5.767577808825913,-75.75625284767814
70298,no_incendio,-6.911906202214161,-76.30385492841812
70309,incendio,-6.8644,-76.693
70336,no_incendio,-6.425556209293201,-75.70279330371295
70340,no_incendio,-6.692392129901898,-76.24064751909104
70347,no_incendio,-6.09087742872903,-76.39432793529913
70350,no_incendio,-6.231532660134269,-77.43051392350198
70362,incendio,-6.35,-77.6984
70363,no_incendio,-7.436110407887001,-75.68288184576566
70364,no_incendio,-7.367557628064232,-76.4395241338938
70375,no_incendio,-7.517330043663011,-76.85538614453351
70378,no_incendio,-6.152183459458481,-75.52419970077695
70380,no_incendio,-6.242683257012905,-77.09272695265327
70388,no_incendio,-6.5791773780212175,-75.5208242841422
70394,incendio,-6.9128,-76.275
70407,no_incendio,-5.985543510791079,-75.55610035209125
70432,no_incendio,-6.602549423318465,-77.00681560184587
70434,incendio,-7.3148,-76.6073
70437,incendio,-6.4298,-76.5827
70439,no_incendio,-5.863095020713222,-75.7889986714283
70443,no_incendio,-7.2339632492782835,-76.73433396854956
70445,incendio,-6.118,-77.0935
70451,no_incendio,-7.587620813063947,-76.03285942876866
70454,no_incendio,-6.763422719650261,-75.74420107703415
70455,incendio,-7.4735,-76.5593
70457,no_incendio,-6.269160672028454,-77.26185240867942
70459,no_incendio,-5.482360092898033,-75.75875593827813
70463,no_incendio,-5.928392145710498,-76.5403998802667
70464,no_incendio,-5.8418090063734045,-77.13859458576027
70467,no_incendio,-6.378904304384582,-76.46012370931685
70468,incendio,-6.5755,-76.0233
70479,incendio,-5.8283,-77.2884
70480,no_incendio,-6.184018518963494,-76.64827203950954
70490,no_incendio,-5.871232465142917,-76.52596915622884
70501,incendio,-5.7272,-76.419
70503,no_incendio,-7.579948204047341,-77.15279486128607
70505,no_incendio,-5.7870347665351245,-76.83855785035811
70509,no_incendio,-6.050469228584658,-76.73736427886188
70514,no_incendio,-6.2190640726250495,-76.93105958473025
70525,incendio,-6.2833,-75.7654
70527,incendio,-8.7146,-76.7339
70529,no_incendio,-5.62140995348484,-75.55506281291692
70534,incendio,-6.0568,-76.3196
70540,incendio,-7.0974,-76.2927
70563,no_incendio,-6.591526889483433,-77.26946848843974
70564,incendio,-7.3863,-76.3981
70570,incendio,-7.2799,-76.2459
70574,no_incendio,-5.335389403596253,-76.01475499828726
70576,no_incendio,-5.852253396123982,-76.5690433745382
70577,no_incendio,-6.312891094128834,-75.840822427949
70580,incendio,-5.6348,-76.6942
70582,no_incendio,-5.62794321017974,-76.97851232659868
70591,no_incendio,-6.1476999130544865,-77.34007485362595
70593,no_incendio,-6.742426821485937,-75.840077033376
70595,no_incendio,-7.287912531535466,-77.51954103984086
70598,incendio,-6.8732,-76.9284
70613,no_incendio,-5.37157572156011,-76.66234225426679
70615,no_incendio,-6.2190640726250495,-76.93105958473025
70616,no_incendio,-5.544342707790426,-75.8055721541421
70622,incendio,-6.4032,-76.6283
70627,no_incendio,-6.00373135270891,-76.34110147279476
70639,no_incendio,-6.130295951384975,-75.70862882951778
70642,no_incendio,-5.87094442046127,-77.0385590368228
70648,no_incendio,-7.089719383654557,-75.94940066492136
70658,no_incendio,-6.953964765279714,-77.26246463391935
70669,incendio,-8.0436,-76.7251
70672,no_incendio,-5.83234820585484,-77.1167119832574
70677,incendio,-6.7818,-76.1982
70688,no_incendio,-5.562529025700048,-76.57485709284715
70690,incendio,-5.8199,-77.3056
70695,no_incendio,-5.573600216354325,-77.29583969487783
70722,no_incendio,-6.886318678721428,-75.69795842959347
70725,no_incendio,-6.217977569363936,-76.69976022852224
70741,incendio,-7.6846,-76.7001
70743,no_incendio,-5.62794321017974,-76.97851232659868
70751,no_incendio,-5.733303330887296,-76.64353813041618
70752,incendio,-5.8478,-76.2189
70767,no_incendio,-6.135395550199937,-77.01659159261982
70774,incendio,-5.8202,-76.2078
70781,no_incendio,-5.4433732153340495,-76.71634375535739
70784,incendio,-7.2105,-77.0746
70785,no_incendio,-5.8513705657504405,-76.02980196988514
70786,no_incendio,-6.806373584205248,-76.84212620311408
70788,no_incendio,-6.0889717541826,-76.72492959412638
70789,incendio,-7.4199,-76.5974
70800,incendio,-7.0127,-76.6067
70808,no_incendio,-6.7893125147185724,-75.8130856477531
70813,no_incendio,-7.6003471250061425,-76.18857699535684
70828,no_incendio,-5.83983548332399,-77.3596154335897
70836,incendio,-8.0198,-76.6581
70841,no_incendio,-6.546795271979165,-77.13463626494185
70843,incendio,-7.3719,-76.7786
70847,no_incendio,-6.71467279372098,-77.07743264874856
70848,no_incendio,-6.664383213747135,-77.16631140190985
70878,no_incendio,-5.932677032359028,-76.67039982026421
70880,no_incendio,-6.963743688695052,-77.15890290229473
70884,no_incendio,-5.7595902055188795,-75.77924853201874
70900,incendio,-6.6799,-76.6956
70902,no_incendio,-6.003436470117687,-77.4174804711691
70915,incendio,-8.6461,-76.776
70925,no_incendio,-6.976092489979531,-77.35059361204593
70937,incendio,-6.0679,-76.2235
70944,incendio,-5.8801,-75.8982
70945,no_incendio,-6.677775402102643,-76.83019542388436
70952,no_incendio,-5.4157703002618724,-75.88771884850634
70954,no_incendio,-6.269160672028454,-77.26185240867942
70970,no_incendio,-6.299525540013742,-76.28555400177144
70974,incendio,-7.0509,-76.1477
70977,incendio,-6.1668,-76.0089
70982,no_incendio,-6.994951885754811,-75.90892162040349
70985,no_incendio,-6.007112604816549,-77.29204800487722
70995,no_incendio,-7.357911846364595,-77.10667831143273
70996,no_incendio,-7.354001962679465,-76.87586506840084
70997,incendio,-6.053,-76.1554
71002,no_incendio,-6.934543735011002,-76.3579106281597
71013,no_incendio,-6.6046403916429695,-76.28478273774354
71014,no_incendio,-7.516228282019169,-75.89484036620722
71017,incendio,-7.0556,-76.204
71018,incendio,-7.5557,-76.4871
71025,no_incendio,-7.267527749331178,-76.00258934511766
71027,no_incendio,-6.56383921503927,-77.29970461755646
71037,no_incendio,-7.4055258629962415,-75.72836594706017
71041,incendio,-8.6143,-76.1127
71042,no_incendio,-7.506850337937736,-76.33686457857513
71046,no_incendio,-6.66782718852246,-77.11974959426693
71064,no_incendio,-6.788644402631232,-76.08655221338569
71069,no_incendio,-5.569659951211905,-77.11401128748476
71074,incendio,-6.728,-76.435
71077,no_incendio,-7.392389482278091,-76.3604718116053
71082,incendio,-6.0946,-76.3313
71090,incendio,-7.3961,-77.6497
71092,no_incendio,-7.5699592193140015,-75.58526155924636
71100,incendio,-7.5972,-76.6844
71112,no_incendio,-7.347824110154567,-75.82503332128289
71121,incendio,-5.8319,-76.5309
71126,incendio,-8.1666,-76.6239
71140,incendio,-5.6185,-76.7012
71154,no_incendio,-6.390597266026688,-76.66038678496503
71156,no_incendio,-7.516228282019169,-75.89484036620722
71164,no_incendio,-5.815055199872086,-76.00054370091742
71168,no_incendio,-5.682009801127555,-77.32557014599907
71169,no_incendio,-7.4291899383099445,-76.99344952239323
71182,incendio,-6.8079,-76.905
71195,incendio,-7.6131,-77.5954
71205,incendio,-6.6795,-76.7168
71207,incendio,-7.2819,-76.6071
71209,incendio,-6.2053,-75.9877
71214,incendio,-7.4361,-76.688
71220,incendio,-8.4574,-76.4314
71223,no_incendio,-5.789563027304849,-76.53201355790475
71231,no_incendio,-6.026471909112164,-76.38280873739679
71234,incendio,-6.8,-76.4968
71236,no_incendio,-7.241827770839374,-75.55383362888189
71250,incendio,-7.1071,-76.391
71256,incendio,-7.4047,-76.8332
71270,no_incendio,-6.947446276433678,-76.55641004463064
71277,incendio,-6.483,-77.2596
71293,no_incendio,-5.849265187399489,-77.52081578278697
71295,incendio,-5.7816,-76.1874
71296,no_incendio,-6.837388041019548,-77.0882269714977
71297,no_incendio,-5.747916301571042,-76.94248947046277
71299,no_incendio,-7.081431158638572,-76.84157131930168
71303,no_incendio,-7.188266062247751,-75.80338733044515
71310,no_incendio,-5.693256209324268,-76.57722873694159
71317,no_incendio,-5.7038552844593475,-76.24937639790886
71336,no_incendio,-7.006429626529349,-76.40821160101947
71337,incendio,-6.4045,-76.6311
71340,no_incendio,-6.55551893099156,-75.68092534598561
71342,no_incendio,-7.2086548700460105,-76.60794035176814
71346,no_incendio,-6.045557480896305,-76.73042918045354
71350,incendio,-7.3786,-76.5723
71353,no_incendio,-6.2016988445038095,-75.99411742841416
71357,no_incendio,-5.508797884476139,-76.57706115239465
71374,no_incendio,-5.592011294671137,-75.99975689195666
71387,no_incendio,-5.4484392138134945,-75.95921509359859
71391,no_incendio,-6.072304927752775,-76.77556503555117
71395,no_incendio,-5.612907306182736,-76.9815155721773
71402,no_incendio,-6.174948624269397,-76.36859139619342
71407,incendio,-6.4951,-76.7794
71418,no_incendio,-6.949415512269831,-76.30894649629607
71422,incendio,-6.717,-76.3463
71426,no_incendio,-7.377051275028038,-75.93975534182488
71434,incendio,-8.0512,-76.7197
71438,no_incendio,-5.572804894965716,-76.96734256320798
71439,no_incendio,-7.311635265992554,-75.85999069910886
71442,incendio,-6.6358,-76.6835
71448,incendio,-7.6147,-76.812
71455,no_incendio,-5.767157423041838,-75.60792843558447
71459,no_incendio,-6.618506694977619,-76.00213992327006
71463,incendio,-8.2503,-76.4094
71479,incendio,-5.8299,-76.3541
71482,incendio,-7.3856,-76.6409
71492,incendio,-6.5708,-76.7224
71494,incendio,-7.3359,-77.5337
71495,no_incendio,-6.331956733542304,-77.5021084607029
71498,incendio,-6.56,-76.7406
71512,incendio,-6.6903,-76.76
71519,incendio,-8.7008,-76.3105
71524,no_incendio,-7.322815935895123,-76.7836025186051
71533,incendio,-7.2871,-76.7552
71539,no_incendio,-7.208517788052751,-77.27726682011853
71545,no_incendio,-5.420009462532595,-77.54497332899014
71550,incendio,-6.8453,-76.6737
71556,incendio,-6.601,-77.3735
71562,incendio,-8.6138,-76.1234
71568,no_incendio,-6.1628423736617925,-77.33214012724629
71573,incendio,-6.6319,-77.3653
71578,no_incendio,-6.143493830692505,-76.5408916216836
71590,no_incendio,-6.081693229189671,-76.04554760839422
71597,no_incendio,-5.62998043999866,-76.34952477053923
71598,incendio,-8.7139,-76.9635
71603,incendio,-6.6643,-76.6594
71612,no_incendio,-5.546857195256127,-75.81190178678054
71614,no_incendio,-6.061848479102238,-75.8084457666632
71615,no_incendio,-6.210262345134658,-77.11424996637882
71619,incendio,-7.2703,-76.6374
71622,no_incendio,-6.859218995881019,-77.3454749772902
71626,incendio,-6.5519,-76.2773
71634,no_incendio,-7.062719614900722,-75.90547044520231
71636,incendio,-6.8058,-76.6522
71637,no_incendio,-5.978876914297251,-77.26050814725458
71641,incendio,-6.9261,-76.5661
71649,no_incendio,-6.948889791528075,-76.04658173737485
71652,incendio,-6.2077,-76.2218
71653,incendio,-8.3661,-76.4275
71674,incendio,-6.0764,-75.9781
71683,incendio,-6.5972,-76.7125
71694,no_incendio,-6.1574013412773905,-75.50582251676065
71701,no_incendio,-6.709679366409026,-76.89232327371961
71705,no_incendio,-7.36388011313037,-77.4640263849402
71706,incendio,-7.3492,-76.8009
71713,no_incendio,-6.136911310096428,-77.0902535793698
71719,no_incendio,-5.652384048618223,-75.53477074714212
71724,no_incendio,-5.450455855055424,-76.00497644122908
71731,no_incendio,-6.026656147123168,-76.76469510540855
71737,incendio,-7.2208,-76.9928
71738,incendio,-6.9143,-76.896
71747,incendio,-6.0895,-75.8126
71751,incendio,-6.8613,-76.2993
71755,no_incendio,-5.974627825335505,-76.8393257597771
71757,no_incendio,-6.4891729979787565,-76.11291535541001
71762,no_incendio,-5.399746644332469,-76.68187059720576
71766,incendio,-7.0099,-76.2334
71772,incendio,-6.7319,-76.4901
71782,no_incendio,-6.905014878753814,-76.49698867319515
71783,no_incendio,-6.224278076163242,-75.68574152044755
71790,incendio,-5.8429,-76.2278
71798,no_incendio,-7.511017054186108,-77.44217334143556
71801,no_incendio,-6.167876331105529,-76.10362029847187
71805,incendio,-6.8857,-76.5338
71818,incendio,-6.9998,-76.5948
71833,incendio,-6.0346,-75.9084
71838,incendio,-6.7677,-76.5535
71846,no_incendio,-7.199216978961617,-75.9477990392911
71853,incendio,-8.2889,-76.4253
71878,incendio,-6.7329,-76.6125
71881,incendio,-6.2354,-77.2448
71884,no_incendio,-7.204320146605171,-76.588496910205
71887,incendio,-6.7872,-76.6283
71893,incendio,-8.4161,-76.3775
71894,no_incendio,-6.370500555903968,-77.21187079190732
71895,incendio,-8.3238,-76.5508
71898,no_incendio,-5.673007856969957,-76.8124122789181
71900,incendio,-6.7989,-76.431
71904,incendio,-6.5548,-76.3983
71906,no_incendio,-5.322335273054225,-75.66988823532402
71907,no_incendio,-7.4500171761306255,-77.030145813453
71912,no_incendio,-6.47129538831012,-76.10848069167751
71919,incendio,-7.4077,-76.6406
71923,no_incendio,-6.843242986862935,-76.83119639273687
71925,no_incendio,-5.304618892030704,-75.54825226766168
71930,incendio,-7.3666,-76.5909
71932,no_incendio,-5.317490731831781,-77.05291423448321
71948,no_incendio,-7.028663799217614,-75.85033836524988
71955,no_incendio,-6.456445234793438,-77.37382860861014
71957,incendio,-5.9621,-76.2303
71960,no_incendio,-6.7133301961826755,-75.60854075962672
71964,incendio,-6.3175,-76.669
71969,no_incendio,-5.702364736345534,-76.72144500150783
71973,incendio,-6.8638,-76.9002
71979,no_incendio,-6.150817748541318,-77.2743773218178
71990,no_incendio,-5.632530971200962,-77.47788862342078
71992,no_incendio,-7.546681661706002,-77.09086718024028
71997,no_incendio,-7.527611322889828,-76.67002527157386
71998,incendio,-8.6296,-76.77
71999,no_incendio,-6.726779286673033,-77.03336380719702
72002,incendio,-6.2845,-76.7794
72004,incendio,-7.3084,-76.6592
72008,no_incendio,-6.2062844027818835,-77.2816967062703
72014,incendio,-7.1955,-76.8927
72023,no_incendio,-7.284463966351714,-76.84480226943248
72028,no_incendio,-7.506850337937736,-76.33686457857513
72060,no_incendio,-7.107720073878569,-76.6999842966137
72071,no_incendio,-6.324884637478815,-77.29362980195512
72072,no_incendio,-7.449590892373755,-76.60010791486725
72083,no_incendio,-7.15250800382105,-75.6698884726493
72084,no_incendio,-7.3828581911388165,-75.8721549637632
72085,incendio,-7.2816,-76.6287
72100,incendio,-6.5539,-76.1173
72101,no_incendio,-6.525390337428589,-76.47559277816393
72103,no_incendio,-5.95558763459201,-75.58088985962372
72104,incendio,-8.1624,-76.6479
72117,incendio,-6.3179,-77.6959
72127,incendio,-7.0464,-76.7815
72133,no_incendio,-6.5273014114668,-77.07055670023018
72138,no_incendio,-5.503666402060762,-76.62944463990817
72142,incendio,-6.3399,-75.9956
72147,no_incendio,-6.8808047229850295,-76.28180482094469
72151,no_incendio,-5.391936920318269,-75.74765732530163
72155,no_incendio,-6.388532043555506,-76.84726928607184
72159,incendio,-5.8743,-75.9411
72162,no_incendio,-5.9638581047952375,-75.97775046224217
72167,no_incendio,-7.153254312142147,-75.61931012295983
72175,no_incendio,-7.304318403936466,-76.8341795441283
72176,no_incendio,-6.692392129901898,-76.24064751909104
72180,no_incendio,-6.324934683730277,-76.81019781469472
72187,incendio,-6.3297,-77.6967
72198,no_incendio,-7.3138551861663785,-76.44974049103283
72208,incendio,-6.9215,-76.2053
72211,no_incendio,-7.432415046086705,-75.62170917666255
72212,incendio,-7.4188,-76.7238
72215,no_incendio,-5.89201477503853,-77.2682101013539
72224,incendio,-7.1706,-76.397
72229,no_incendio,-5.504827246357519,-77.16574913944
72230,incendio,-5.8783,-76.0809
72246,no_incendio,-6.797587829172456,-76.96085855036651
72254,incendio,-6.9024,-76.5579
72263,incendio,-6.7409,-76.818
72273,no_incendio,-5.423715260330031,-75.80260147002005
72282,no_incendio,-6.781601843650596,-77.34861421933648
72292,incendio,-7.223,-76.4772
72294,no_incendio,-5.701243653353404,-77.51137584362479
72295,no_incendio,-6.781601843650596,-77.34861421933648
72303,no_incendio,-6.606790602498376,-76.50679708602655
72311,no_incendio,-6.31265571754434,-77.00564888561091
72322,incendio,-6.999,-76.6761
72328,no_incendio,-6.061127541678445,-77.3300358732125
72338,no_incendio,-6.884683844966387,-77.48590774056447
72342,no_incendio,-6.880264689541971,-77.33984954598883
72345,no_incendio,-6.729488491648472,-77.03653906594069
72347,no_incendio,-7.391395621025486,-76.825979662233
72348,no_incendio,-7.408503653357758,-76.24578800464187
72359,no_incendio,-7.192625795202753,-75.79931940133156
72362,no_incendio,-6.052146999790762,-76.66693051861807
72372,incendio,-7.6246,-77.4971
72388,incendio,-8.7112,-76.16
72396,no_incendio,-7.493235179350296,-76.56434016404388
72402,incendio,-7.1263,-76.2624
72421,no_incendio,-6.237716755759431,-77.39156311979332
72426,no_incendio,-6.807279841790784,-75.78242302305196
72427,no_incendio,-5.807568980791382,-75.59957931060934
72432,no_incendio,-6.378539891531966,-75.71550711436312
72434,no_incendio,-6.950538468924696,-76.07104877103448
72435,no_incendio,-5.9729308547052575,-77.19584889522876
72442,incendio,-6.8639,-76.6348
72444,no_incendio,-6.768773690834417,-77.41433372649782
72449,no_incendio,-5.971167138004345,-76.3740699604034
72457,incendio,-6.7323,-76.6518
72464,no_incendio,-5.561920884041726,-75.5653879895247
72466,no_incendio,-5.546857195256127,-75.81190178678054
72467,no_incendio,-6.12520459976937,-77.49886350154438
72469,no_incendio,-7.149817793244048,-76.68995380242758
72474,no_incendio,-5.877091540669871,-76.18474625697182
72477,incendio,-7.4061,-76.5816
72486,no_incendio,-6.535104750481092,-76.08251249993276
72497,no_incendio,-5.784820775425025,-76.88322925526231
72499,no_incendio,-6.0258388422724725,-75.8823418796658
72505,no_incendio,-5.952502510545931,-77.35100051203952
72507,no_incendio,-5.98497682810957,-77.24575452252367
72529,no_incendio,-6.736094048254664,-75.79047035285556
72535,no_incendio,-6.224278076163242,-75.68574152044755
72536,no_incendio,-7.3746554478906035,-76.75920088924597
72537,no_incendio,-6.931342706605391,-77.24005682830844
72544,no_incendio,-7.288794185700048,-76.06129578328853
72548,incendio,-5.833,-76.3788
72549,no_incendio,-6.6229879670061225,-75.80299704996388
72555,no_incendio,-5.746784627492212,-75.78617751665539
72558,incendio,-7.3776,-76.7785
72561,no_incendio,-5.915658751464713,-77.38575524652865
72569,incendio,-6.4969,-77.5399
72580,no_incendio,-5.863508615293079,-77.5457929030888
72582,no_incendio,-7.137713754276464,-76.43208640903742
72586,no_incendio,-6.923574495814878,-76.96137100911855
72587,no_incendio,-6.693645231607011,-77.00083886723358
72591,no_incendio,-5.971724397201385,-75.87816764029395
72592,no_incendio,-7.196513313319464,-76.34355474331385
72595,incendio,-6.6885,-76.6814
72602,no_incendio,-6.324934683730277,-76.81019781469472
72604,no_incendio,-6.480391966428419,-77.42730148887621
72608,no_incendio,-6.31265571754434,-77.00564888561091
72609,no_incendio,-7.343476837968453,-76.86299220846689
72614,incendio,-6.0309,-77.1598
72623,no_incendio,-6.887017706594157,-77.30533643415299
72630,no_incendio,-6.493728884519305,-75.95080124431671
72633,no_incendio,-5.908177822401652,-76.8838396640829
72636,no_incendio,-6.1029066882194485,-77.35334666324442
72639,incendio,-7.4161,-76.5666
72650,no_incendio,-7.150750883364853,-76.83628592323717
72652,incendio,-6.6331,-76.7447
72660,no_incendio,-6.41045269770062,-76.39156709032302
72665,incendio,-5.5588,-76.6782
72667,no_incendio,-6.007162927883913,-76.5503319635523
72669,no_incendio,-5.329337229365641,-77.4752371215785
72686,no_incendio,-6.463587748086062,-76.47146037727083
72689,no_incendio,-6.822682837524565,-76.01658832939721
72696,incendio,-5.8977,-75.9646
72699,incendio,-6.2412,-77.2548
72711,incendio,-6.1564,-75.7179
72723,incendio,-7.2666,-76.4944
72727,no_incendio,-7.233369543625463,-75.83176043083628
72733,incendio,-7.3768,-76.6348
72739,no_incendio,-5.89201477503853,-77.2682101013539
72743,incendio,-5.7298,-77.4495
72759,no_incendio,-6.921582299532002,-76.91163158233097
72760,no_incendio,-6.737802446576857,-76.76156798779444
72764,no_incendio,-7.381225768944467,-76.16930082038664
72767,incendio,-6.3026,-76.0713
72769,no_incendio,-6.011348651194169,-77.43448041427209
72775,no_incendio,-5.424572995842199,-76.6735765187215
72777,no_incendio,-5.326540128955467,-75.8192880237214
72781,no_incendio,-7.298931793323789,-76.42163494937755
72783,incendio,-8.2726,-77.612
72794,no_incendio,-6.1579628470379655,-75.78726893747826
72796,incendio,-7.1863,-76.6321
72799,no_incendio,-5.340154408333765,-76.74093271807992
72809,no_incendio,-6.165139577023006,-77.17733248367045
72810,no_incendio,-5.469135651128677,-76.66584024328755
72822,incendio,-5.8084,-76.0215
72824,incendio,-6.9818,-76.7434
72849,incendio,-6.6835,-76.6827
72850,no_incendio,-6.514967490351236,-76.99375522896699
72851,no_incendio,-7.080940596432744,-77.316377811303
72855,incendio,-8.6527,-76.854
72862,incendio,-7.2079,-76.8009
72865,no_incendio,-6.654532009707288,-75.5305999621871
72869,incendio,-7.7161,-77.5894
72890,no_incendio,-7.408503653357758,-76.24578800464187
72897,incendio,-5.5574,-75.9434
72904,no_incendio,-5.65611924902812,-76.450948774078
72905,incendio,-7.4422,-76.7273
72909,incendio,-7.0923,-76.7215
72911,incendio,-6.6449,-76.6863
72918,incendio,-7.2931,-77.528
72920,no_incendio,-6.234222668201542,-76.20280713881237
72921,incendio,-6.6001,-76.2484
72922,incendio,-8.1099,-76.5982
72931,no_incendio,-6.638936461882343,-76.98044793632914
72944,incendio,-5.8276,-76.2298
72949,no_incendio,-5.712986091901971,-76.69466982249243
72951,no_incendio,-7.010465391222765,-75.64374453725225
72955,no_incendio,-5.4560539889311706,-76.17543571338655
72962,no_incendio,-6.2701925367746005,-76.81498053088146
72975,incendio,-7.5915,-76.3889
72978,no_incendio,-5.900355019577343,-76.50972621036057
72980,no_incendio,-5.3130357942785436,-76.58858316456917
73024,no_incendio,-6.125949661803806,-77.27004912325427
73033,no_incendio,-6.806373584205248,-76.84212620311408
73038,incendio,-8.6675,-76.2721
73039,no_incendio,-6.324852338083002,-77.32158487709337
73040,no_incendio,-6.491284059337684,-76.25746904489338
73043,no_incendio,-5.841456819782133,-77.02191077906832
73045,no_incendio,-7.396034749471958,-77.09104434205882
73046,no_incendio,-6.555810705714814,-75.58765246403257
73047,no_incendio,-5.472585153492127,-77.10655294749147
73066,no_incendio,-7.319106221775668,-76.84964608294781
73071,no_incendio,-6.424628672692531,-76.43252138876545
73074,incendio,-8.7969,-76.1376
73078,no_incendio,-6.677775402102643,-76.83019542388436
73086,incendio,-6.7033,-76.6534
73092,no_incendio,-7.6003471250061425,-76.18857699535684
73097,no_incendio,-5.7980276983387755,-76.60461534978732
73102,incendio,-7.5744,-76.5147
73106,no_incendio,-7.327451375962066,-77.03090576588977
73107,no_incendio,-7.374027518305184,-76.32029762844952
73111,no_incendio,-6.210262345134658,-77.11424996637882
73116,no_incendio,-7.014916061647587,-75.71674408231947
73140,incendio,-5.856,-77.1056
73147,incendio,-8.7478,-76.1274
73150,incendio,-6.8322,-77.7872
73151,no_incendio,-5.7462072862910665,-75.82239791523867
73166,no_incendio,-7.468820255868223,-76.21884389702247
73167,no_incendio,-5.453647317604843,-76.59202254288773
73168,no_incendio,-7.468966943240149,-76.0987072289364
73169,no_incendio,-7.188505073730313,-76.90328431055737
73170,no_incendio,-5.965105049339228,-76.99859959497034
73173,no_incendio,-5.388346448693102,-76.72150148992378
73179,incendio,-7.0855,-76.3668
73181,incendio,-8.2968,-76.3994
73185,incendio,-5.9509,-76.2633
73194,incendio,-8.1817,-77.0535
73196,no_incendio,-5.8511939634062635,-76.52247944634267
73197,incendio,-5.9386,-76.9704
73201,no_incendio,-7.5990878129892385,-76.01433706050479
73205,no_incendio,-7.099688871826168,-75.91020418997267
73216,no_incendio,-6.142530239499738,-77.15463621788837
73220,no_incendio,-6.949275367929126,-77.03979042014342
73232,incendio,-6.5252,-76.4942
73249,incendio,-6.7388,-76.6462
73255,no_incendio,-6.727275952714791,-77.44889142586435
73256,no_incendio,-5.541112522183527,-75.99676308138659
73259,incendio,-7.3165,-76.9164
73261,no_incendio,-6.961563570088446,-77.02222304631809
73266,incendio,-8.0742,-76.6845
73277,incendio,-8.3619,-76.2721
73279,incendio,-8.7845,-77.7629
73292,no_incendio,-7.188266062247751,-75.80338733044515
73296,incendio,-8.2493,-76.3967
73303,no_incendio,-5.733857068651538,-76.80904901377532
73305,no_incendio,-5.37157572156011,-76.66234225426679
73322,incendio,-6.7177,-76.8248
73324,incendio,-8.665,-77.122
73326,no_incendio,-6.522871972647179,-77.1088712424184
73327,no_incendio,-5.382192721085108,-75.80513455395052
73337,no_incendio,-5.592798700137297,-76.77202119029057
73340,no_incendio,-6.871083272493799,-75.76930140332634
73347,no_incendio,-7.517330043663011,-76.85538614453351
73352,incendio,-7.0204,-76.607
73355,no_incendio,-5.647813944563046,-75.98631579821414
73368,incendio,-8.4082,-76.3552
73369,no_incendio,-7.191225918716162,-75.54734215721196
73374,no_incendio,-6.360714337530349,-76.51313445356357
73380,no_incendio,-7.409421605310309,-75.83681236527086
73384,no_incendio,-7.468966943240149,-76.0987072289364
73388,incendio,-7.6614,-76.8153
73389,incendio,-6.4905,-76.4411
73391,no_incendio,-6.444054607789215,-75.60852282337595
73398,no_incendio,-7.397102442990121,-76.86665660281676
73404,no_incendio,-6.249559347527708,-77.38514191347497
73410,no_incendio,-6.396864121936975,-76.4851873457876
73417,no_incendio,-6.925307344468632,-76.89098262738764
73419,no_incendio,-6.165061446367449,-75.9664591742673
73420,incendio,-8.3759,-76.4841
73427,incendio,-6.9689,-76.7791
73429,incendio,-6.9716,-76.8452
73441,no_incendio,-6.042014186508827,-75.97046946062136
73446,no_incendio,-7.217469611041255,-75.6059674027119
73450,no_incendio,-6.300957997693996,-76.09847737144455
73453,no_incendio,-5.382544750033527,-75.77853597502654
73455,no_incendio,-5.855088798772725,-76.8781669555971
73465,no_incendio,-5.992717705570296,-75.97108395344519
73468,no_incendio,-6.623625617650361,-76.4412657181978
73489,incendio,-7.1961,-76.8393
73490,incendio,-7.4697,-76.675
73491,no_incendio,-7.397102442990121,-76.86665660281676
73504,no_incendio,-6.456445234793438,-77.37382860861014
73507,no_incendio,-6.376048501437837,-77.12747027240657
73514,incendio,-5.8145,-76.0259
73516,no_incendio,-7.301995634610949,-77.3052348248029
73519,incendio,-7.2438,-76.4417
73520,incendio,-7.2682,-77.0708
73523,no_incendio,-6.261893490975904,-75.72805069897333
73525,incendio,-7.0412,-76.6997
73532,incendio,-8.6682,-76.7592
73535,incendio,-6.8709,-76.7382
73539,no_incendio,-5.871711432876104,-76.01772742487569
73542,incendio,-8.6221,-76.597
73550,incendio,-6.8455,-76.6582
73554,incendio,-6.7603,-76.475
73560,no_incendio,-5.557069716448366,-75.65393079947539
73565,no_incendio,-5.3170098474698,-75.90718083995199
73567,no_incendio,-5.733303330887296,-76.64353813041618
73570,incendio,-5.3332,-76.7802
73577,no_incendio,-6.84710555088138,-75.520478621097
73582,no_incendio,-7.404587411347148,-77.48236039818194
73587,no_incendio,-7.346936014424016,-77.24612328998047
73589,incendio,-7.5956,-76.7032
73591,incendio,-6.8706,-76.7662
73592,no_incendio,-6.22075638484601,-75.88403940669497
73594,no_incendio,-7.3383676381877665,-77.39694154174633
73599,incendio,-7.4612,-76.565
73610,no_incendio,-6.730215654444688,-76.84821672271427
73612,no_incendio,-6.635301014584928,-76.41004319664097
73614,no_incendio,-5.399995483023551,-76.68244565675566
73621,incendio,-8.7937,-76.2226
73624,no_incendio,-6.0254636524537775,-76.26070791675792
73631,no_incendio,-5.881820929193948,-76.58450370780717
73666,no_incendio,-7.265385570436415,-76.15256195898944
73667,incendio,-7.1713,-76.8714
73668,incendio,-5.3258,-75.7384
73670,no_incendio,-7.134812798520641,-75.55898183219816
73672,no_incendio,-7.384008271248504,-77.19420546410333
73679,no_incendio,-6.801666192426729,-76.32704638741743
73697,incendio,-5.7524,-76.5128
73698,no_incendio,-5.77315746853071,-76.36797107270804
73699,no_incendio,-6.136716909605955,-76.35666700182222
73708,no_incendio,-5.531494331119256,-75.68693972870032
73715,incendio,-7.0813,-76.4453
73722,no_incendio,-6.859834032339221,-77.17846783969736
73729,incendio,-6.7782,-76.7942
73731,no_incendio,-5.758693276250254,-76.20523501497284
73732,incendio,-7.5503,-76.7056
73747,no_incendio,-6.482310901757052,-76.90146059819452
73750,incendio,-6.1629,-75.9025
73755,incendio,-6.7204,-76.6685
73773,no_incendio,-5.482360092898033,-75.75875593827813
73775,no_incendio,-7.584063938890335,-77.08532363724217
73778,no_incendio,-6.960986438297525,-76.973990270216
73781,no_incendio,-6.534953195140333,-76.18456106043952
73782,no_incendio,-6.3805177741503645,-77.07356874423562
73791,no_incendio,-5.39776817495506,-77.21180440723553
73792,no_incendio,-7.196513313319464,-76.34355474331385
73796,no_incendio,-5.971572498496214,-75.54699515189168
73800,no_incendio,-5.599508739006035,-77.02715299547113
73803,no_incendio,-7.409421605310309,-75.83681236527086
73804,no_incendio,-6.645538690996345,-76.24231505313135
73808,incendio,-6.8972,-76.891
73819,incendio,-6.8309,-76.2848
73821,incendio,-8.7022,-76.1521
73823,no_incendio,-7.5348116135080625,-76.04270078901092
73826,incendio,-6.67,-76.2476
73829,incendio,-6.8323,-76.2552
73830,no_incendio,-7.253889999482386,-76.08590323427873
73841,no_incendio,-7.428960143280297,-76.20768184148152
73843,incendio,-6.7301,-76.693
73844,no_incendio,-7.234182176376593,-76.40213823666475
73855,incendio,-6.8204,-76.7132
73858,no_incendio,-7.37285257220338,-75.85397128431137
73861,no_incendio,-5.559553740329016,-76.98206356543957
73862,incendio,-5.8058,-77.0216
73864,no_incendio,-7.251053016973333,-77.43482372064443
73866,incendio,-6.238,-76.793
73886,no_incendio,-5.403821247036303,-76.32388095777216
73908,no_incendio,-5.882755427823639,-77.51237097659782
73917,no_incendio,-5.399995483023551,-76.68244565675566
73927,no_incendio,-6.2888093914419265,-77.49498781950011
73942,no_incendio,-6.490391135640375,-76.20592887580928
73943,incendio,-7.6786,-76.4641
73947,incendio,-8.7614,-77.7
73950,incendio,-7.1504,-76.5606
73956,no_incendio,-6.902373213948052,-75.80243684170989
73961,no_incendio,-6.525571951158751,-77.30569775147015
73977,no_incendio,-7.4438050568529475,-75.8809717620132
73980,no_incendio,-7.170373075763204,-77.40179462648253
73983,incendio,-6.4712,-76.5296
73995,no_incendio,-7.53821724475927,-77.34792258266398
74011,incendio,-6.0314,-76.2446
74016,no_incendio,-6.260865842963683,-76.65344397081381
74023,no_incendio,-5.6698457830937325,-76.36289670664165
74029,no_incendio,-6.1245241179034995,-75.6853524981565
74033,incendio,-8.7809,-76.2084
74043,no_incendio,-5.316751485798925,-76.19649120217885
74048,no_incendio,-6.1849308797193405,-77.44943428599332
74049,incendio,-6.8774,-76.8911
74062,incendio,-7.1244,-76.7845
74065,no_incendio,-6.419675876236263,-76.64489280604421
74073,incendio,-5.7636,-76.0917
74093,no_incendio,-7.442941681589652,-76.91434045843735
74100,incendio,-6.9791,-76.5856
74111,no_incendio,-6.938909457059822,-76.15534082596828
74112,no_incendio,-6.466287697296756,-75.7075752786908
74113,incendio,-5.7257,-75.8384
74132,no_incendio,-7.161262686753078,-75.93223007605604
74133,no_incendio,-5.563302307050842,-76.50751783358145
74134,incendio,-6.378,-76.6411
74152,incendio,-7.3898,-76.5711
74160,no_incendio,-7.560257578514154,-75.8825568546828
74162,incendio,-5.317,-75.7247
74163,no_incendio,-6.122720954624869,-76.9879603704079
74190,no_incendio,-6.93526933500558,-76.94440022861454
74191,no_incendio,-5.501399945972402,-76.12442406721492
74195,no_incendio,-5.334479044366705,-77.48777820988575
74199,incendio,-7.4758,-76.4599
74208,no_incendio,-6.1476999130544865,-77.34007485362595
74211,no_incendio,-6.871083272493799,-75.76930140332634
74236,no_incendio,-6.074232738963784,-75.5615873787058
74237,incendio,-5.7676,-76.528
74243,no_incendio,-6.851922134143454,-76.90818662457491
74246,no_incendio,-5.846363398738161,-76.40526766705626
74251,no_incendio,-6.6588540055381635,-76.3643446123623
74259,no_incendio,-7.152157832421082,-77.44831592237493
74261,incendio,-6.9902,-76.6705
74262,no_incendio,-6.1592934714330285,-77.34475903708392
74265,no_incendio,-5.472748128836409,-77.20935781294484
74267,no_incendio,-6.787959079277664,-75.64572689392233
74271,no_incendio,-7.347824110154567,-75.82503332128289
74283,incendio,-7.373,-76.4399
74291,no_incendio,-6.738442276906446,-76.26128977675305
74303,no_incendio,-6.694264893002906,-76.05015609684683
74310,no_incendio,-5.882755427823639,-77.51237097659782
74319,no_incendio,-6.662875308176205,-76.42972525647028
74327,no_incendio,-7.475413502587504,-75.52501286015236
74328,no_incendio,-5.655403371061297,-77.22066038141541
74364,incendio,-6.2854,-75.8406
74373,no_incendio,-5.818727365285151,-76.86751655981939
74376,no_incendio,-6.7663153524803406,-76.63107432313332
74377,incendio,-5.8162,-76.3508
74382,no_incendio,-6.677016361068433,-76.35596462138518
74383,no_incendio,-6.71467279372098,-77.07743264874856
74392,no_incendio,-6.535104750481092,-76.08251249993276
74401,incendio,-8.393,-77.2837
74403,no_incendio,-6.3431574963922905,-76.8897013975212
74412,incendio,-7.2823,-76.4364
74419,no_incendio,-7.108956430874631,-75.5028524515191
74427,no_incendio,-7.180456049019163,-77.4128118764767
74428,incendio,-6.8721,-76.6243
74429,incendio,-7.5479,-76.7122
74433,incendio,-6.9816,-76.3296
74437,no_incendio,-6.2062844027818835,-77.2816967062703
74439,incendio,-8.4132,-76.4565
74440,no_incendio,-5.789563027304849,-76.53201355790475
74451,incendio,-6.7267,-76.7283
74456,incendio,-6.8798,-76.8661
74461,no_incendio,-6.061848479102238,-75.8084457666632
74464,incendio,-6.055,-76.222
74475,no_incendio,-6.320061417206358,-76.82643295462363
74484,incendio,-6.7963,-76.6574
74485,no_incendio,-5.946515429749496,-77.17416988943258
74487,incendio,-5.9988,-75.9389
74490,incendio,-6.2271,-76.2709
74497,incendio,-7.0257,-76.5518
74498,no_incendio,-5.339033958369073,-76.08006911213882
74500,no_incendio,-6.129131664861193,-76.45649977733511
74505,incendio,-7.1562,-76.2223
74519,no_incendio,-6.166609034042587,-76.23843722431326
74524,incendio,-7.2382,-77.0602
74541,no_incendio,-5.702740983602372,-76.82721339280745
74549,no_incendio,-5.796164972487043,-76.72449599512143
74552,no_incendio,-6.75147932991093,-77.49824320852836
74554,no_incendio,-6.344517536741018,-75.98404289972582
74556,incendio,-7.5465,-76.62
74557,no_incendio,-6.040209440060914,-75.6194334979568
74562,incendio,-6.6895,-76.7113
74564,no_incendio,-5.919068188390441,-77.36605426382134
74570,no_incendio,-6.110977096163155,-77.0520623179512
74571,no_incendio,-6.142530239499738,-77.15463621788837
74589,incendio,-7.2731,-76.8184
74591,no_incendio,-5.901183537582431,-77.01906915606199
74593,incendio,-8.4609,-76.4063
74641,no_incendio,-6.156444886914189,-76.11831601972577
74642,no_incendio,-7.2237762907302,-75.57516855360699
74643,no_incendio,-7.333242178068196,-76.42984929938181
74647,incendio,-7.311,-76.7465
74648,no_incendio,-7.464233169627815,-76.3089508607516
74665,no_incendio,-7.371926664770868,-77.38249391708561
74666,incendio,-7.5134,-76.5626
74669,no_incendio,-7.392389482278091,-76.3604718116053
74670,no_incendio,-7.2339632492782835,-76.73433396854956
74676,no_incendio,-5.323979357908248,-75.76496426046252
74681,incendio,-7.1484,-76.4669
74685,no_incendio,-6.86128898258832,-76.74328169561169
74687,incendio,-6.972,-76.7801
74702,no_incendio,-6.9398975097013755,-76.27516039033146
74710,incendio,-6.2577,-76.1953
74713,no_incendio,-5.382698663545955,-75.70884428974506
74716,no_incendio,-5.316751485798925,-76.19649120217885
74719,incendio,-8.6796,-76.1125
74721,incendio,-5.8115,-76.0452
74724,no_incendio,-5.4986752575716835,-76.99704879250469
74726,incendio,-7.3231,-76.6005
74730,no_incendio,-7.448422790645704,-75.84545299813023
74736,no_incendio,-7.082610644878744,-76.41583738866235
74737,no_incendio,-6.328050055589178,-77.0850887708193
74738,incendio,-7.0885,-76.7752
74739,no_incendio,-5.3088507793034125,-76.33692970134372
74740,incendio,-6.8905,-76.6816
74746,no_incendio,-6.00373135270891,-76.34110147279476
74759,incendio,-7.0756,-76.098
74760,no_incendio,-6.310252900156727,-75.63690302476967
74762,incendio,-7.3642,-76.7537
74767,no_incendio,-5.489245275525123,-76.82667902790362
74768,no_incendio,-6.4985912391976255,-76.97886285295857
74770,no_incendio,-5.8084744858353705,-77.25537544416976
74772,incendio,-8.3761,-76.3667
74774,incendio,-5.7327,-77.4625
74780,incendio,-6.8114,-76.2055
74782,no_incendio,-5.3992279096164255,-77.51525342091976
74789,incendio,-6.863,-76.5285
74790,incendio,-6.8911,-76.9328
74793,no_incendio,-7.213623333493973,-77.17840648744146
74797,incendio,-8.4137,-76.4448
74798,incendio,-8.2872,-76.3827
74799,incendio,-6.6007,-76.242
74802,no_incendio,-5.5904160018413185,-75.95967696851481
74814,no_incendio,-7.241586175081285,-75.60658029783822
74817,incendio,-5.909,-76.0837
74821,incendio,-5.858,-76.0047
74826,incendio,-6.8261,-76.4227
74836,incendio,-6.491,-76.3681
74848,incendio,-7.0449,-76.6312
74854,incendio,-7.2335,-76.703
74863,incendio,-7.1936,-77.0449
74868,incendio,-8.1184,-77.6382
74873,no_incendio,-7.304318403936466,-76.8341795441283
74874,no_incendio,-6.326986282349614,-75.6142180056652
74879,no_incendio,-5.588466979788065,-76.18717580992774
74880,incendio,-7.3097,-76.4579
74889,incendio,-6.3686,-76.0844
74897,incendio,-6.2211,-77.7417
74904,no_incendio,-7.433177363041198,-76.83037064638081
74906,incendio,-6.6357,-76.7445
74914,no_incendio,-5.6492373233613264,-76.13173612706044
74923,no_incendio,-6.237634518264563,-76.93733978052377
74932,no_incendio,-6.338883523616399,-76.67237416346605
74935,no_incendio,-6.9422117979050695,-77.32253174388707
74937,no_incendio,-6.059607457191615,-77.52385870382261
74943,incendio,-7.3877,-76.6237
74944,no_incendio,-6.991871137907023,-76.86560292258433
74958,incendio,-5.6724,-76.6515
74959,incendio,-6.7932,-76.5507
74975,no_incendio,-5.629475532551382,-77.50061748638073
74985,no_incendio,-5.829668681149241,-76.34423254304822
74994,no_incendio,-6.026656147123168,-76.76469510540855
74997,incendio,-5.8073,-77.3632
74998,no_incendio,-5.772447993979731,-76.76825761036689
75000,incendio,-6.2203,-76.0399
75003,incendio,-7.3097,-76.9327
75012,incendio,-6.4407,-75.7835
75019,no_incendio,-5.612307081535751,-76.80288819980903
75023,no_incendio,-7.333242178068196,-76.42984929938181
75038,no_incendio,-7.324122621539671,-77.54410654355205
75048,no_incendio,-5.756771146595229,-77.41858176231523
75056,no_incendio,-5.7630676382897414,-75.77232686505347
75062,no_incendio,-7.231319010056117,-76.25282835259368
75065,no_incendio,-6.684588652346477,-77.1953837139415
75069,no_incendio,-7.06430285125658,-76.42921371383994
75074,no_incendio,-7.4438050568529475,-75.8809717620132
75076,incendio,-7.58,-76.4658
75082,no_incendio,-5.7783488736056645,-77.39085635603547
75091,no_incendio,-6.521871195981789,-77.46615975017302
75094,incendio,-6.7726,-76.7231
75124,no_incendio,-5.62776239327014,-77.48408133634722
75125,incendio,-7.1046,-77.7474
75130,incendio,-8.0706,-77.3918
75132,no_incendio,-5.404889796153065,-75.52356189843724
75137,no_incendio,-5.824960586839608,-76.59374334653756
75140,no_incendio,-7.3138551861663785,-76.44974049103283
75143,no_incendio,-5.918920403880599,-75.94938972977876
75147,incendio,-7.2148,-76.3252
75148,no_incendio,-6.426707190480592,-75.93955631582219
75162,no_incendio,-6.631390870435434,-77.17543848057095
75169,no_incendio,-6.3805177741503645,-77.07356874423562
75178,no_incendio,-6.949882284574706,-75.68273295602192
75181,no_incendio,-5.765833579415168,-76.48980976364362
75195,incendio,-6.7091,-76.7427
75199,no_incendio,-5.661805796480656,-77.53514186743837
75205,no_incendio,-6.482310901757052,-76.90146059819452
75212,no_incendio,-5.307511492937007,-75.87055498280709
75223,incendio,-7.2932,-76.4122
75227,no_incendio,-6.48340164417584,-76.67965578486029
75230,no_incendio,-6.1305152501535805,-77.20692971202396
75231,no_incendio,-6.699363471042822,-76.86169598666291
75242,incendio,-8.5096,-76.3521
75250,incendio,-6.854,-76.5179
75252,incendio,-6.9376,-76.7553
75254,incendio,-7.139,-76.4683
75256,incendio,-7.1414,-76.4295
75264,incendio,-6.9793,-76.7992
75269,no_incendio,-7.233369543625463,-75.83176043083628
75273,no_incendio,-6.1922155906112035,-75.54995561422898
75278,no_incendio,-7.5842496329608995,-75.57404179177915
75284,no_incendio,-7.1632098636724635,-76.89550285392816
75289,incendio,-7.1003,-76.557
75299,no_incendio,-5.531494331119256,-75.68693972870032
75301,incendio,-7.5714,-76.8011
75307,incendio,-5.763,-77.4096
75310,no_incendio,-6.922488599265936,-77.20347324801959
75311,no_incendio,-6.559185707653601,-77.1814362546677
75315,incendio,-6.453,-75.6973
75320,incendio,-7.0874,-76.7783
75325,incendio,-6.718,-77.5994
75336,incendio,-8.4632,-76.4026
75338,no_incendio,-6.063333052679301,-77.2619056071794
75339,incendio,-7.3701,-76.6964
75342,no_incendio,-7.394254404476224,-75.68500027222532
75348,no_incendio,-7.093257969486561,-77.25013940551041
75356,no_incendio,-5.8418090063734045,-77.13859458576027
75358,incendio,-7.1039,-76.6214
75359,no_incendio,-5.441048358116876,-77.52077786090675
75360,incendio,-5.8213,-76.0505
75362,no_incendio,-5.902840695958739,-77.46595018427229
75373,no_incendio,-6.024896527341603,-76.2922888028806
75376,incendio,-6.4732,-76.7433
75381,incendio,-8.7924,-76.2135
75382,no_incendio,-5.900355019577343,-76.50972621036057
75387,no_incendio,-6.845497704977086,-76.65360984481556
75397,no_incendio,-7.311635265992554,-75.85999069910886
75399,incendio,-7.091,-77.7414
75407,no_incendio,-5.759511577701185,-76.14983081507849
75408,no_incendio,-7.44968802750322,-77.23116283334409
75412,no_incendio,-6.987442347939161,-77.51096806537585
75413,no_incendio,-7.216614993286788,-77.03461698814449
75418,incendio,-5.7681,-76.5249
75425,incendio,-6.8394,-76.8365
75440,no_incendio,-6.156444886914189,-76.11831601972577
75447,no_incendio,-7.0241667667070145,-76.27510051559456
75453,no_incendio,-6.371807438398121,-75.97041325819922
75454,no_incendio,-5.612307081535751,-76.80288819980903
75459,no_incendio,-6.2554801571250565,-76.43574997258422
75465,no_incendio,-6.698529470828457,-76.28501109879417
75467,no_incendio,-7.423279850513975,-76.1929127649397
75468,incendio,-8.6993,-76.1562
75472,no_incendio,-6.928184042805378,-76.77151382737259
75491,no_incendio,-6.24237475480212,-75.58560175040829
75495,incendio,-7.4746,-76.5161
75500,no_incendio,-6.125013751679443,-76.15307627183338
75505,no_incendio,-6.536633754882988,-75.61074686603133
75512,incendio,-7.3889,-76.4334
75516,no_incendio,-6.080706501829642,-77.17715903994046
75520,no_incendio,-7.147843120370421,-77.31448550971452
75523,incendio,-5.9652,-76.4803
75531,no_incendio,-5.485150772179796,-77.0821813016382
75532,no_incendio,-6.476078930269108,-76.12579467837428
75541,no_incendio,-5.976563784411299,-76.98024729252694
75545,no_incendio,-6.799158296280013,-76.12149634545402
75576,incendio,-7.143,-76.4726
75579,no_incendio,-6.625422961334142,-76.70627380489785
75580,incendio,-7.3684,-76.7426
75583,no_incendio,-6.931488241799888,-76.75916732730077
75588,no_incendio,-6.088150630105884,-77.05183868742043
75593,no_incendio,-6.768246356022148,-77.34898684785115
75594,incendio,-7.3649,-76.753
75597,incendio,-6.8333,-76.7854
75601,no_incendio,-7.23268535501901,-75.71791421763211
75605,incendio,-7.1127,-76.8078
75614,incendio,-6.7971,-76.7108
75618,no_incendio,-5.976273966695589,-76.89556075922386
75619,no_incendio,-5.569129164967829,-76.89146867970102
75630,no_incendio,-6.679897679386204,-77.34823338283437
75642,no_incendio,-5.765833579415168,-76.48980976364362
75649,no_incendio,-5.433480478841975,-76.00940335234054
75653,incendio,-6.8352,-76.5638
75656,no_incendio,-5.485150772179796,-77.0821813016382
75661,incendio,-7.2226,-76.628
75663,no_incendio,-5.412071364186887,-77.00251056339543
75665,incendio,-6.9982,-76.6293
75670,no_incendio,-5.784820775425025,-76.88322925526231
75672,incendio,-7.2222,-77.0028
75681,no_incendio,-5.880891988248802,-77.50381327072611
75694,no_incendio,-7.312843125933768,-75.51939324111113
75698,no_incendio,-6.296125170251722,-76.27573079441521
75706,incendio,-6.1183,-75.9638
75707,incendio,-5.9481,-76.229
75709,no_incendio,-7.2830034027883865,-76.35190261363664
75710,no_incendio,-6.929766621277843,-76.9486595645204
75713,no_incendio,-6.156050459707027,-75.66218917207854
75716,incendio,-6.0373,-75.95
75721,no_incendio,-5.815055199872086,-76.00054370091742
75724,no_incendio,-5.772447993979731,-76.76825761036689
75726,incendio,-6.0261,-76.2239
75727,incendio,-6.3989,-76.4869
75737,no_incendio,-6.325765977825784,-76.5205147871752
75738,no_incendio,-7.433029202252227,-75.6952599290436
75741,no_incendio,-7.2822391020909345,-76.80145523505668
75745,no_incendio,-6.8241555048520945,-76.01927599626522
75747,incendio,-7.3376,-76.5998
75748,no_incendio,-6.444054607789215,-75.60852282337595
75756,incendio,-6.5089,-76.4961
75758,no_incendio,-7.188266062247751,-75.80338733044515
75765,incendio,-7.2764,-76.6224
75770,no_incendio,-5.65117658577255,-75.62263099163508
75775,no_incendio,-6.500803234494254,-76.0342561681164
75776,no_incendio,-6.2554801571250565,-76.43574997258422
75786,no_incendio,-7.52893790740652,-77.07253517227397
75788,no_incendio,-6.156942123129494,-76.92567844755888
75793,no_incendio,-7.257184386198285,-77.16794482130089
75799,no_incendio,-6.846679592265051,-75.78055281220841
75810,no_incendio,-7.154379449162653,-76.23880537117174
75816,no_incendio,-5.780675568523146,-77.4440499191556
75833,incendio,-8.7981,-76.2329
75837,no_incendio,-5.863095020713222,-75.7889986714283
75842,no_incendio,-6.953964765279714,-77.26246463391935
75853,no_incendio,-7.0475824644559095,-77.00777977835193
75854,no_incendio,-5.872543626896172,-76.44213080221468
75855,incendio,-8.2843,-76.4349
75862,no_incendio,-5.532853929708149,-75.98229483983717
75869,no_incendio,-6.162915042417179,-77.15261169414305
75873,no_incendio,-6.012390103585068,-77.46665184846529
75878,no_incendio,-6.9560251993392335,-75.65244127896328
75882,incendio,-7.4151,-76.7014
75893,no_incendio,-6.032904107983954,-75.67491532543472
75895,incendio,-6.8792,-76.5751
75896,incendio,-7.2175,-76.6201
75915,incendio,-5.8796,-76.0593
75916,incendio,-7.0597,-76.3026
75919,no_incendio,-5.776890989468168,-77.17544694472763
75920,incendio,-6.9027,-76.9275
75921,no_incendio,-6.606790602498376,-76.50679708602655
75922,incendio,-5.5608,-76.711
75925,incendio,-8.2364,-76.5655
75935,no_incendio,-6.525390337428589,-76.47559277816393
75936,no_incendio,-7.474717173105087,-76.9435614717976
75946,incendio,-6.9047,-76.6711
75950,incendio,-6.8627,-76.309
75962,no_incendio,-7.15542529777246,-76.2489354268892
75966,no_incendio,-7.208457886315255,-75.76495343289794
75968,no_incendio,-6.645538690996345,-76.24231505313135
75973,no_incendio,-5.423715260330031,-75.80260147002005
75984,incendio,-6.1705,-76.8547
75986,no_incendio,-7.325700741079294,-77.06360146385256
75991,no_incendio,-6.20119371633988,-76.87236267556213
75998,no_incendio,-6.617504610391747,-77.25647472773994
76006,no_incendio,-5.815206419164588,-75.9840705047973
76026,no_incendio,-5.798251230559933,-76.03303003317315
76029,no_incendio,-6.1476999130544865,-77.34007485362595
76033,no_incendio,-7.275276678539276,-76.76197872211165
76042,incendio,-8.1223,-76.5056
76057,no_incendio,-7.4286037527901305,-75.69674631092113
76058,incendio,-7.032,-76.7494
76063,no_incendio,-5.796164972487043,-76.72449599512143
76066,no_incendio,-7.329270682828255,-76.84451015929197
76069,incendio,-8.7926,-76.1101
76070,no_incendio,-6.4080436516823225,-77.02161843514952
76088,no_incendio,-7.1816270512499,-75.96620433389496
76096,no_incendio,-5.339988911138568,-75.94604419335825
76098,no_incendio,-6.859218995881019,-77.3454749772902
76100,incendio,-7.2151,-76.8333
76101,no_incendio,-7.5993037570991975,-77.49364640835546
76107,no_incendio,-6.271617281791801,-76.2353167311132
76125,no_incendio,-7.546681661706002,-77.09086718024028
76127,no_incendio,-5.733857068651538,-76.80904901377532
76133,no_incendio,-6.072304927752775,-76.77556503555117
76137,no_incendio,-7.237158680749911,-76.11796356076336
76140,no_incendio,-6.434453669791493,-76.35359643649942
76141,no_incendio,-7.510954821403472,-75.50873794050783
76147,incendio,-6.9681,-76.9295
76158,no_incendio,-7.340268369426515,-77.43400024997341
76159,no_incendio,-5.747289104744423,-76.88274608576704
76161,no_incendio,-6.654449786981951,-77.1406120148932
76167,no_incendio,-6.635301014584928,-76.41004319664097
76174,no_incendio,-5.3149529866292395,-75.54616509202799
76184,incendio,-5.9543,-76.1747
76197,incendio,-6.9396,-76.6531
76202,no_incendio,-6.7528370184185675,-75.79463738047077
76205,no_incendio,-7.157163278516986,-76.9354632282693
76209,no_incendio,-5.591020062659783,-76.63960042736485
76223,no_incendio,-6.6675087326032685,-77.42602403570756
76226,no_incendio,-6.923574495814878,-76.96137100911855
76231,no_incendio,-5.699419411757933,-76.10583548301037
76239,no_incendio,-7.320681720418793,-75.65489361084256
76250,no_incendio,-6.949415512269831,-76.30894649629607
76252,no_incendio,-6.887017706594157,-77.30533643415299
76254,incendio,-8.3874,-76.4391
76263,no_incendio,-6.074232738963784,-75.5615873787058
76270,incendio,-5.9678,-76.472
76271,no_incendio,-5.316751485798925,-76.19649120217885
76281,no_incendio,-5.977250221064096,-76.70445078164089
76288,no_incendio,-6.038741337094879,-76.35768470937417
76294,no_incendio,-6.250766771982882,-76.67346707047133
76303,no_incendio,-6.547946119465311,-76.58716239935082
76319,no_incendio,-6.599702785570768,-77.42370077864948
76320,incendio,-6.9734,-76.7022
76331,no_incendio,-7.423279850513975,-76.1929127649397
76335,incendio,-6.8931,-76.619
76338,no_incendio,-5.636338028013915,-75.57133657890496
76339,incendio,-7.257,-76.489
76341,no_incendio,-6.641540416375139,-77.47486256481713
76345,no_incendio,-7.019065477801208,-77.45420422372614
76346,no_incendio,-7.115248664865674,-76.07912965420722
76347,incendio,-6.3397,-75.9804
76349,no_incendio,-6.606517162327486,-77.4629258839616
76353,no_incendio,-5.607896245919547,-76.37910922472966
76370,incendio,-6.9748,-76.2815
76372,no_incendio,-6.86128898258832,-76.74328169561169
76414,no_incendio,-7.000095620614563,-76.8362748925339
76415,no_incendio,-6.777339583024972,-77.16983093641421
76416,incendio,-7.1549,-76.2133
76427,no_incendio,-6.545046135469808,-77.4695217022142
76432,incendio,-7.1131,-76.505
76436,incendio,-7.0364,-76.5632
76437,no_incendio,-5.7006314608305315,-76.5774762709844
76439,no_incendio,-5.701243653353404,-77.51137584362479
76455,incendio,-6.8096,-76.4694
76461,incendio,-6.2362,-75.8609
76472,incendio,-7.2827,-76.3342
76473,no_incendio,-5.3699868320408415,-75.54453001162278
76475,no_incendio,-6.698529470828457,-76.28501109879417
76478,incendio,-5.796,-76.1455
76485,no_incendio,-5.957368180282539,-76.7498768526133
76489,no_incendio,-6.390597266026688,-76.66038678496503
76496,no_incendio,-6.702659611656615,-77.00358407805038
76498,no_incendio,-6.827947755317633,-77.24078320536096
76506,no_incendio,-6.3028561898427915,-76.27802291650278
76509,no_incendio,-7.299495014578471,-76.02669026239053
76516,incendio,-7.3119,-76.7406
76517,incendio,-7.3024,-76.4698
76525,no_incendio,-7.327451375962066,-77.03090576588977
76528,incendio,-8.0969,-76.7324
76545,no_incendio,-6.233353095567226,-75.91710577734175
76549,incendio,-7.2775,-77.0613
76555,no_incendio,-6.649475670478298,-75.86589242526365
76559,incendio,-7.2222,-76.3296
76560,incendio,-6.2471,-76.0746
76561,no_incendio,-6.3280159994888185,-76.39673641063581
76568,no_incendio,-7.307422219905113,-77.49030389420659
76574,no_incendio,-6.994018548876931,-77.44340810717631
76575,incendio,-6.3751,-76.6642
76580,incendio,-7.3484,-76.8981
76588,no_incendio,-7.225892265359727,-76.0093087691897
76590,no_incendio,-5.6819042694428346,-76.21370978152449
76595,no_incendio,-7.30848813253614,-75.71138002186875
76600,incendio,-6.8634,-76.6774
76607,no_incendio,-5.309022549050947,-77.11989827113337
76612,no_incendio,-5.8115954954872135,-76.36754698151917
76628,no_incendio,-6.1245241179034995,-75.6853524981565
76631,no_incendio,-5.370065008448104,-77.20634043748042
76638,no_incendio,-7.312843125933768,-75.51939324111113
76648,incendio,-8.671,-76.3422
76649,no_incendio,-6.1628423736617925,-77.33214012724629
76651,incendio,-7.3358,-76.3772
76653,no_incendio,-6.694264893002906,-76.05015609684683
76657,no_incendio,-5.6355072776323825,-77.05987553143974
76670,no_incendio,-7.391354511869424,-77.17370886410413
76675,no_incendio,-5.707217935164065,-76.52295370572979
76693,no_incendio,-7.349457434232458,-77.2287510721594
76716,no_incendio,-6.199800156726071,-75.87903812084684
76719,no_incendio,-7.353333723942861,-76.86451079953567
76724,no_incendio,-7.446777051363318,-75.55823277277759
76725,no_incendio,-7.340268369426515,-77.43400024997341
76728,no_incendio,-5.8332062747008715,-77.144406205254
76729,no_incendio,-5.676274225134516,-77.28318396900629
76740,no_incendio,-7.429446375356516,-77.21947961761848
76741,incendio,-5.3022,-76.264
76743,incendio,-6.2824,-76.8155
76744,incendio,-7.405,-76.6628
76752,no_incendio,-6.114431837075887,-77.3791914454974
76756,incendio,-7.2385,-76.8238
76762,no_incendio,-7.082610644878744,-76.41583738866235
76766,incendio,-7.1744,-76.0365
76771,no_incendio,-6.85257481056394,-76.48694884372748
76778,no_incendio,-7.156566202951519,-76.39767455117727
76782,no_incendio,-5.31179064282697,-75.78618195501585
76787,incendio,-7.284,-76.8242
76790,incendio,-7.0024,-76.282
76795,no_incendio,-7.20837922312058,-75.60173964481412
76803,incendio,-5.7142,-77.4861
76807,incendio,-6.9156,-76.6259
76809,no_incendio,-6.253873442293271,-77.4856518253099
76810,no_incendio,-5.868777989192487,-75.61031419176939
76813,incendio,-6.2934,-76.0737
76821,no_incendio,-5.719203795161454,-76.0632701523621
76826,incendio,-6.4445,-76.8698
76827,incendio,-7.0729,-76.5016
76830,incendio,-6.2011,-76.0193
76844,incendio,-7.3737,-76.588
76845,no_incendio,-5.525266717128592,-75.70624108601852
76848,no_incendio,-5.67746740794027,-76.11677597680215
76850,incendio,-7.0449,-76.4944
76852,no_incendio,-6.5340207470218745,-75.73082220173393
76857,incendio,-8.0266,-77.2141
76858,no_incendio,-7.5389429366733145,-76.3612819242991
76870,no_incendio,-6.722977701208728,-76.08504808570892
76876,no_incendio,-6.9712876814104,-75.72933923833854
76878,incendio,-6.8723,-76.4733
76896,incendio,-5.8752,-77.1451
76902,incendio,-7.5474,-76.6928
76908,no_incendio,-7.279073350966451,-75.53370306812118
76922,incendio,-6.0001,-75.9479
76923,no_incendio,-5.572804894965716,-76.96734256320798
76928,incendio,-7.2849,-76.2344
76930,incendio,-6.3414,-76.0842
76935,no_incendio,-6.026471909112164,-76.38280873739679
76938,no_incendio,-5.815055199872086,-76.00054370091742
76945,incendio,-7.1504,-76.4901
76950,no_incendio,-6.24237475480212,-75.58560175040829
76971,incendio,-7.1953,-76.478
76983,no_incendio,-7.537645825070388,-77.33447245653781
76985,no_incendio,-6.671397085491674,-75.72724206195927
76989,incendio,-6.647,-76.7335
76993,no_incendio,-5.702740983602372,-76.82721339280745
76995,no_incendio,-6.442705023956996,-76.30481606512446
76996,incendio,-7.1216,-76.8139
77001,no_incendio,-5.632530971200962,-77.47788862342078
77008,incendio,-7.3679,-76.7371
77018,incendio,-6.8415,-76.1836
77020,incendio,-7.3759,-76.4029
77024,no_incendio,-5.918920403880599,-75.94938972977876
77041,no_incendio,-7.251215765230244,-76.69670530916802
77046,incendio,-6.8421,-76.495
77049,no_incendio,-7.276587033646778,-76.71291357389988
77062,no_incendio,-5.340154408333765,-76.74093271807992
77071,incendio,-7.2844,-76.5804
77084,no_incendio,-5.808189893519151,-75.58463969579134
77089,incendio,-7.5405,-76.4212
77094,no_incendio,-5.362923654155092,-76.9119868960568
77096,incendio,-6.717,-76.6937
77105,no_incendio,-5.65611924902812,-76.450948774078
77119,incendio,-7.4937,-76.6732
77121,incendio,-5.8019,-76.5437
77144,no_incendio,-5.3750389583532385,-76.27737605989306
77162,incendio,-6.3939,-76.5668
77165,incendio,-6.2643,-76.7884
77180,incendio,-6.9392,-76.2285
77182,no_incendio,-6.557560588378224,-76.50430262965486
77188,no_incendio,-6.8038809431040965,-76.81652393345753
77200,no_incendio,-6.777084363074236,-76.9625637860872
77210,no_incendio,-7.309838483592369,-76.99515991704935
77211,incendio,-8.2304,-76.6003
77213,no_incendio,-6.271888529403575,-75.79765684657775
77215,no_incendio,-6.795665285445913,-76.70031335032672
77225,no_incendio,-6.377843437674785,-75.69894560383477
77229,incendio,-6.6807,-75.596
77238,incendio,-6.4518,-75.7714
77241,incendio,-7.1351,-76.0806
77242,no_incendio,-5.404889796153065,-75.52356189843724
77245,incendio,-6.6963,-76.6546
77252,incendio,-8.4386,-76.4002
77253,incendio,-8.2908,-76.5437
77262,no_incendio,-7.2086548700460105,-76.60794035176814
77263,incendio,-6.9569,-76.7143
77266,no_incendio,-5.617689246248104,-77.03996515250137
77267,no_incendio,-6.25350724604799,-77.4340170352428
77268,no_incendio,-5.993099838060813,-76.1739103851831
77287,no_incendio,-7.532869703153675,-75.62377754135032
77310,no_incendio,-5.348479960720765,-76.73008143184053
77314,incendio,-7.0127,-76.6115
77318,incendio,-7.1524,-76.4455
77327,no_incendio,-5.778538304462726,-77.27874829265495
77347,no_incendio,-5.7103480025675015,-77.41410373684516
77349,incendio,-8.4797,-76.3024
77359,incendio,-5.7978,-76.0339
77368,incendio,-7.4571,-76.5155
77371,incendio,-6.0274,-77.4691
77391,incendio,-7.0344,-76.5729
77404,no_incendio,-5.876670821018357,-77.35096983439296
77405,incendio,-7.5541,-76.4057
77415,no_incendio,-6.9821795229188215,-77.4814837765738
77421,no_incendio,-7.381229378022176,-76.50096695875145
77430,no_incendio,-7.021631546381363,-76.8111659595044
77442,no_incendio,-6.6577808572271095,-76.08571031789008
77446,no_incendio,-6.520841370621428,-77.36086106907894
77451,incendio,-7.5217,-76.5685
77456,incendio,-6.5824,-76.4949
77457,no_incendio,-5.572804894965716,-76.96734256320798
77458,no_incendio,-5.772447993979731,-76.76825761036689
77459,no_incendio,-5.525166300103762,-76.64412404917219
77461,incendio,-7.597,-76.6788
77470,no_incendio,-6.677016361068433,-76.35596462138518
77480,incendio,-6.2212,-76.1874
77481,no_incendio,-7.2237762907302,-75.57516855360699
77486,incendio,-6.2141,-76.3416
77488,no_incendio,-6.135227462144194,-76.4855793054628
77494,no_incendio,-6.370648236891197,-76.34077418345667
77503,incendio,-6.0148,-76.0541
77505,no_incendio,-5.990542250974831,-75.6694532466171
77516,incendio,-6.1152,-75.7872
77523,no_incendio,-5.73056432169004,-76.88063042787364
77544,no_incendio,-6.856229226903604,-75.880120110949
77545,incendio,-6.362,-75.8944
77551,incendio,-8.1758,-76.6619
77552,no_incendio,-6.5749903992962055,-76.89683303442592
77560,incendio,-7.5082,-76.5471
77564,no_incendio,-7.161262686753078,-75.93223007605604
77569,no_incendio,-7.424353792615787,-75.73269651500266
77575,no_incendio,-6.113994500362599,-76.09851389136325
77579,no_incendio,-5.784820775425025,-76.88322925526231
77581,incendio,-6.856,-76.227
77590,no_incendio,-5.590745607594968,-76.01092904258273
77596,no_incendio,-5.530786000980501,-76.91418709127078
77604,no_incendio,-6.695277689736439,-77.08154414600035
77610,incendio,-6.6888,-76.6654
77657,no_incendio,-5.941437702339227,-76.71661667859928
77659,incendio,-7.879,-76.7345
77660,no_incendio,-7.417769459056535,-76.0278387197161
77662,no_incendio,-7.278588939327885,-76.4943759510431
77666,incendio,-5.7773,-77.4488
77669,no_incendio,-7.082226882888392,-75.74798202243628
77672,no_incendio,-6.632429838819291,-76.85546244307059
77675,incendio,-5.9894,-77.0783
77681,no_incendio,-5.800663587251775,-77.2156236281296
77685,no_incendio,-5.984669195028871,-76.49551058575585
77697,no_incendio,-6.5603093207023875,-76.81459925787705
77700,no_incendio,-6.40519633681147,-77.40140623826653
77706,incendio,-7.5376,-76.4482
77708,no_incendio,-5.382698663545955,-75.70884428974506
77714,no_incendio,-7.0287390386317705,-77.03724597379518
77720,incendio,-5.9031,-77.2374
77726,no_incendio,-6.576004984769571,-77.51523302793387
77738,incendio,-6.0814,-76.8868
77739,incendio,-6.779,-76.4802
77744,no_incendio,-5.329749843854847,-75.71078811690217
77753,no_incendio,-6.237093114939267,-75.7117789331342
77755,incendio,-7.2598,-76.4496
77759,no_incendio,-5.87938832915223,-76.90538612384941
77773,no_incendio,-6.884683844966387,-77.48590774056447
77779,incendio,-7.2705,-76.7758
77781,incendio,-6.6482,-76.7022
77782,incendio,-8.3792,-76.4804
77784,no_incendio,-7.390169812745361,-75.85173982819381
77785,no_incendio,-6.895202578534257,-77.04341617849329
77789,no_incendio,-6.5273014114668,-77.07055670023018
77794,no_incendio,-5.55191314269425,-76.59129090689653
77813,incendio,-6.4571,-76.605
77819,no_incendio,-6.71467279372098,-77.07743264874856
77826,incendio,-5.6909,-76.4715
77837,no_incendio,-5.648091386764367,-76.0845405608189
77841,incendio,-8.4328,-76.2719
77863,no_incendio,-6.953964765279714,-77.26246463391935
77867,no_incendio,-7.183923927473843,-76.41258057222892
77868,no_incendio,-6.350208583490028,-76.38539627900366
77871,no_incendio,-6.534406684076978,-76.00352237296187
77876,no_incendio,-6.107287203943645,-77.4216594793923
77885,no_incendio,-7.496239899438951,-76.29662903245722
77888,incendio,-5.8779,-76.0576
77896,no_incendio,-7.349457434232458,-77.2287510721594
77897,no_incendio,-7.1210506239975135,-76.31863607475617
77898,no_incendio,-7.07173503300346,-76.39313006840234
77907,no_incendio,-6.649475670478298,-75.86589242526365
77915,incendio,-7.264,-76.4579
77923,no_incendio,-6.9973012484497445,-77.4510550557952
77925,no_incendio,-7.457798199513177,-76.25066528876945
77932,no_incendio,-7.357911846364595,-77.10667831143273
77935,no_incendio,-6.509338593690795,-76.81131065559471
77940,incendio,-7.2304,-76.8745
77963,no_incendio,-6.303002240210201,-76.72194514117207
77971,incendio,-6.9282,-76.5992
77981,no_incendio,-6.224512205373936,-77.14720066928672
77993,no_incendio,-5.968149636265594,-77.51081675536001
77997,incendio,-7.2328,-76.4867
77998,incendio,-7.2439,-76.2751
77999,incendio,-6.3766,-76.6314
78006,incendio,-8.1779,-76.5228
78024,no_incendio,-6.152311336764004,-75.83217280220295
78026,incendio,-8.2957,-76.5647
78033,no_incendio,-6.467420438436691,-76.19360941434292
78036,incendio,-6.9268,-77.7558
78037,incendio,-8.7925,-76.2754
78058,no_incendio,-5.489245275525123,-76.82667902790362
78059,no_incendio,-6.2888093914419265,-77.49498781950011
78060,no_incendio,-5.89297787831936,-76.40313981264967
78071,incendio,-7.3007,-76.8151
78073,no_incendio,-6.072304927752775,-76.77556503555117
78075,no_incendio,-6.646019680443848,-77.50514894077688
78083,incendio,-7.2772,-76.5882
78085,no_incendio,-6.331589003630742,-76.77579913568411
78088,no_incendio,-6.607438503581988,-77.25629846979227
78093,incendio,-6.7193,-76.4042
78095,no_incendio,-6.064968975705764,-75.80158619111924
78116,no_incendio,-6.059607457191615,-77.52385870382261
78117,no_incendio,-5.380924923914102,-76.12851157268119
78125,no_incendio,-6.390597266026688,-76.66038678496503
78129,incendio,-7.344,-76.4435
78146,incendio,-8.6545,-76.1299
78148,no_incendio,-6.514967490351236,-76.99375522896699
78149,no_incendio,-5.847773952672416,-76.45786537475786
78161,no_incendio,-5.734144568873576,-75.90585662556418
78166,incendio,-6.5505,-76.331
78173,incendio,-7.5728,-76.5037
78179,incendio,-7.4052,-76.5504
78180,no_incendio,-7.518549043794622,-77.46918278069812
78182,no_incendio,-7.5842496329608995,-75.57404179177915
78187,incendio,-6.6576,-76.6378
78190,no_incendio,-6.654449786981951,-77.1406120148932
78205,no_incendio,-7.342552043846658,-77.45073212658029
78217,no_incendio,-5.759511577701185,-76.14983081507849
78225,no_incendio,-7.433177363041198,-76.83037064638081
78231,incendio,-8.3928,-76.4229
78244,incendio,-7.0525,-76.1307
78259,no_incendio,-5.881820929193948,-76.58450370780717
78260,no_incendio,-6.721818890646596,-76.25717682869612
78270,no_incendio,-5.740185734953845,-76.52718705325192
78274,incendio,-6.9704,-76.8232
78277,incendio,-7.0978,-76.3537
78280,no_incendio,-6.846227548420243,-77.09414313428448
78285,incendio,-6.9421,-77.7719
78287,incendio,-6.7105,-76.6588
78292,no_incendio,-5.472585153492127,-77.10655294749147
78293,no_incendio,-6.823512194602855,-76.05631689166178
78298,incendio,-8.5907,-76.1138
78302,no_incendio,-5.83397648887431,-77.22981106334638
78303,incendio,-6.0691,-76.1957
78327,incendio,-7.3419,-76.2223
78331,no_incendio,-6.547946119465311,-76.58716239935082
78332,no_incendio,-5.798404361194972,-75.81527300196596
78336,incendio,-6.7159,-76.4583
78341,no_incendio,-5.304216028521146,-77.22955638933952
78342,no_incendio,-6.518152554514016,-75.5195810155841
78343,incendio,-7.1663,-76.6896
78344,incendio,-7.3417,-76.9043
78349,incendio,-6.0921,-76.2682
78357,no_incendio,-7.079367268286084,-75.74962590729507
78362,incendio,-6.5978,-76.1615
78363,no_incendio,-5.959481938609148,-77.35681272469573
78366,incendio,-6.2317,-76.3078
78367,incendio,-6.4902,-77.4817
78372,no_incendio,-5.315273849835721,-75.96752969040406
78382,no_incendio,-6.1290157028955905,-75.56386178427238
78384,incendio,-8.6126,-76.1248
78391,no_incendio,-6.146925317432729,-76.25875565214055
78394,no_incendio,-5.546857195256127,-75.81190178678054
78400,no_incendio,-5.937825755560712,-77.54131014900841
78413,no_incendio,-7.150450269408023,-77.18839409410428
78414,no_incendio,-6.353424809181855,-75.63008762129351
78416,no_incendio,-6.122241228202742,-76.97601645146484
78418,incendio,-7.1156,-76.8212
78423,no_incendio,-5.916934623864143,-76.40108482987945
78429,no_incendio,-6.566852763907717,-76.67622294647774
78444,no_incendio,-5.936332555331325,-76.83179580754164
78445,no_incendio,-6.638936461882343,-76.98044793632914
78451,incendio,-6.0047,-76.2509
78452,incendio,-7.5133,-76.5324
78455,incendio,-7.3677,-76.6842
78462,no_incendio,-5.423352355280385,-75.9768451523196
78464,no_incendio,-6.961563570088446,-77.02222304631809
78475,no_incendio,-6.938909457059822,-76.15534082596828
78476,incendio,-6.402,-77.7589
78492,no_incendio,-5.739545483497391,-76.77757497448552
78495,incendio,-7.0736,-76.7779
78499,no_incendio,-6.217977569363936,-76.69976022852224
78500,incendio,-7.3147,-77.7264
78503,no_incendio,-5.431391280919102,-75.58519659503115
78508,no_incendio,-5.472585153492127,-77.10655294749147
78518,no_incendio,-7.122938851987355,-76.92917682268381
78520,incendio,-6.9337,-76.6581
78521,no_incendio,-7.427821513315094,-77.09535827635182
78534,no_incendio,-6.871712261045699,-76.6810612935972
78538,no_incendio,-5.576401103022335,-75.65589793985158
78543,no_incendio,-6.555810705714814,-75.58765246403257
78549,incendio,-8.4959,-76.3477
78564,no_incendio,-5.632530971200962,-77.47788862342078
78566,no_incendio,-6.85257481056394,-76.48694884372748
78577,incendio,-7.2755,-76.8124
78581,no_incendio,-6.23478792603882,-76.18381610836184
78582,no_incendio,-5.563302307050842,-76.50751783358145
78584,no_incendio,-6.550462961960492,-75.75305667586812
78587,incendio,-7.6059,-77.4477
78590,incendio,-8.6832,-76.3473
78596,no_incendio,-6.486581240227174,-76.15835402098138
78601,incendio,-6.7243,-76.7269
78606,incendio,-7.3078,-76.7738
78607,incendio,-5.7606,-76.5989
78609,no_incendio,-6.534953195140333,-76.18456106043952
78610,no_incendio,-5.634222890340759,-76.43789808900263
78611,incendio,-7.1282,-76.4189
78612,no_incendio,-5.569129164967829,-76.89146867970102
78613,incendio,-5.9758,-75.9709
78617,no_incendio,-5.364004538303699,-76.51587462337326
78620,no_incendio,-5.519172911219698,-76.89133916809088
78624,no_incendio,-6.418496907062319,-75.56505083254436
78635,no_incendio,-6.617504610391747,-77.25647472773994
78639,no_incendio,-7.447641034854349,-75.90762090121981
78644,no_incendio,-5.607428760846163,-75.61638280541105
78645,incendio,-6.0995,-76.7677
78651,no_incendio,-6.787051317211901,-77.10628604223226
78671,incendio,-5.6972,-77.383
78676,incendio,-7.282,-76.5728
78680,no_incendio,-7.587620813063947,-76.03285942876866
78688,no_incendio,-7.257184386198285,-77.16794482130089
78704,incendio,-7.3748,-76.5881
78706,incendio,-5.8731,-76.1907
78712,incendio,-8.6496,-76.2965
78714,no_incendio,-6.348815001844065,-75.62878823200789
78718,no_incendio,-5.923104963527884,-76.43553159912858
78749,no_incendio,-6.980328156805363,-75.58165966551039
78766,no_incendio,-6.883760214306626,-75.62202390814382
78769,no_incendio,-6.923846443514746,-77.29283624638697
78772,no_incendio,-5.9969306066925245,-75.59395245076587
78773,incendio,-6.8374,-76.8836
78777,no_incendio,-7.189575486518889,-75.71595612356288
78790,incendio,-7.2074,-76.2998
78800,no_incendio,-5.369357026240305,-77.2031702822179
78805,incendio,-7.402,-76.6937
78810,no_incendio,-6.122720954624869,-76.9879603704079
78812,incendio,-7.5209,-76.6438
78818,incendio,-6.0162,-76.9925
78822,incendio,-6.6729,-76.6586
78825,incendio,-7.1998,-76.6577
78828,no_incendio,-6.246302114010693,-75.65691913180889
78846,incendio,-5.782,-76.3452
78853,no_incendio,-7.253889999482386,-76.08590323427873
78856,incendio,-7.3409,-76.7409
78865,no_incendio,-5.487710562433828,-76.3714568595569
78866,incendio,-8.6729,-76.28
78868,no_incendio,-5.748428283636171,-75.60096771532396
78876,incendio,-6.0078,-77.0319
78884,no_incendio,-5.309022549050947,-77.11989827113337
78891,incendio,-6.7844,-76.2802
78894,incendio,-7.9097,-76.684
78904,no_incendio,-7.408503653357758,-76.24578800464187
78912,incendio,-7.4787,-76.5109
78926,no_incendio,-6.046941056590012,-76.4497684025493
78929,no_incendio,-5.901388111394365,-75.87645660870008
78933,no_incendio,-5.68462514388274,-76.77383589546262
78941,no_incendio,-7.327451375962066,-77.03090576588977
78943,incendio,-8.4123,-76.4093
78945,incendio,-7.1734,-76.4261
78948,no_incendio,-5.818727365285151,-76.86751655981939
78958,no_incendio,-7.307422219905113,-77.49030389420659
78963,no_incendio,-6.6675087326032685,-77.42602403570756
78966,incendio,-6.5206,-76.7678
78971,incendio,-8.6966,-76.1234
78978,no_incendio,-7.410323721411357,-76.86954387230432
78984,no_incendio,-5.592843733729189,-75.8469852314677
78991,no_incendio,-6.040675081738544,-76.88692151022694
78993,no_incendio,-7.291269329879484,-76.54650698845496
78995,incendio,-8.6858,-77.6399
79008,no_incendio,-7.316542689651407,-77.09719219444501
79024,no_incendio,-5.3689055308415,-76.62344622964636
79034,no_incendio,-7.25129246536618,-76.47983941905308
79037,no_incendio,-7.4333859418143975,-75.94488928476447
79045,no_incendio,-7.321172600418316,-77.03516400852085
79048,no_incendio,-7.014371526342947,-75.6304094962068
79061,no_incendio,-6.877247924736086,-76.70115338296226
79070,incendio,-7.3747,-76.7169
79072,incendio,-6.0161,-76.0634
79079,no_incendio,-6.671397085491674,-75.72724206195927
79087,incendio,-7.2743,-76.9894
79096,no_incendio,-7.18387555277713,-76.55534207208011
79101,incendio,-7.4333,-76.6104
79104,incendio,-7.0607,-76.2218
79113,incendio,-5.8521,-76.0903
79116,incendio,-7.1931,-76.708
79122,no_incendio,-7.506544236901732,-77.50246102993648
79126,incendio,-7.4661,-76.5903
79131,no_incendio,-6.84710555088138,-75.520478621097
79143,no_incendio,-7.426285004692227,-76.55235970604326
79149,no_incendio,-6.140012467892716,-77.09722529665582
79155,no_incendio,-5.8166617894952815,-76.28161854109814
79156,incendio,-6.7056,-76.6726
79159,no_incendio,-7.217736549985553,-75.80888423805258
79197,no_incendio,-5.451709663906019,-76.0834165906866
79202,incendio,-7.2994,-76.5932
79211,no_incendio,-6.22075638484601,-75.88403940669497
79225,no_incendio,-5.796164972487043,-76.72449599512143
79228,no_incendio,-5.5683966845979995,-76.81768428751661
79230,no_incendio,-7.425544369473066,-76.60957296073711
79232,incendio,-5.7692,-77.4291
79242,no_incendio,-7.124526948992974,-75.69099174784184
79243,incendio,-6.7549,-76.2662
79262,incendio,-7.2716,-76.6809
79268,incendio,-7.321,-76.5974
79272,incendio,-7.1336,-76.7534
79291,incendio,-7.2662,-76.7674
79304,incendio,-8.331,-76.2952
79307,incendio,-6.2576,-76.1832
79311,incendio,-7.3424,-76.8943
79317,no_incendio,-6.705083355769138,-77.07784196502678
79322,incendio,-5.7848,-76.1362
79328,no_incendio,-7.351997452668049,-75.86863921087647
79332,no_incendio,-6.904145543477711,-77.38998183817624
79336,no_incendio,-6.234937456831474,-75.55136134306397
79339,no_incendio,-7.593724484851976,-77.34754973911781
79344,no_incendio,-6.006937780860308,-77.45432250461575
79354,no_incendio,-6.007112604816549,-77.29204800487722
79356,no_incendio,-5.370065008448104,-77.20634043748042
79367,no_incendio,-5.983810951819396,-76.22464105692707
79368,incendio,-8.0145,-76.6996
79371,incendio,-7.2144,-76.7153
79376,no_incendio,-6.799158296280013,-76.12149634545402
79379,incendio,-7.251,-76.7782
79392,incendio,-6.4751,-76.7574
79393,no_incendio,-6.726381012789614,-77.29263321460805
79404,incendio,-7.4414,-76.6488
79427,incendio,-7.3185,-76.6214
79439,no_incendio,-5.398135296375456,-76.71445247130518
79462,no_incendio,-6.709679366409026,-76.89232327371961
79467,incendio,-5.3382,-76.7041
79474,incendio,-6.6286,-76.7874
79475,no_incendio,-6.23478792603882,-76.18381610836184
79476,no_incendio,-6.091674894114575,-77.31779067927825
79479,no_incendio,-7.307422219905113,-77.49030389420659
79481,incendio,-6.0842,-76.1445
79502,incendio,-5.886,-76.0537
79505,incendio,-7.0397,-76.6051
79513,no_incendio,-6.589846765006126,-76.67564163824959
79550,no_incendio,-6.462614163555006,-75.61289892495
79557,no_incendio,-6.248030507497377,-77.52671049342304
79567,no_incendio,-6.536547874138972,-77.31298293788737
79569,no_incendio,-7.2889510765606325,-76.46654281298771
79576,no_incendio,-6.772965762366505,-76.27272500681829
79580,no_incendio,-6.152183459458481,-75.52419970077695
79589,incendio,-8.0692,-76.6886
79591,no_incendio,-5.544342707790426,-75.8055721541421
79600,no_incendio,-6.735984440425587,-77.00622820601815
79601,incendio,-7.3836,-76.5865
79606,no_incendio,-6.4535066542887805,-75.68187662159364
79612,no_incendio,-6.212102855046136,-76.68622274401635
79614,no_incendio,-5.748428283636171,-75.60096771532396
79621,incendio,-5.7406,-76.4408
79626,no_incendio,-6.994951885754811,-75.90892162040349
79647,incendio,-8.1291,-76.6416
79649,no_incendio,-6.772965762366505,-76.27272500681829
79655,no_incendio,-6.729806246426535,-76.87013039720924
79657,no_incendio,-6.216596629515713,-76.33055988016247
79667,no_incendio,-7.537264707596327,-76.77993123452514
79685,incendio,-8.5105,-76.3314
79686,no_incendio,-7.127830025342514,-77.33172299006912
79688,no_incendio,-5.867914432983562,-76.93835853406706
79689,no_incendio,-7.253889999482386,-76.08590323427873
79691,no_incendio,-7.098978961723795,-76.16251434543014
79697,no_incendio,-6.635301014584928,-76.41004319664097
79706,no_incendio,-7.208457886315255,-75.76495343289794
79716,incendio,-6.8353,-76.4213
79725,no_incendio,-5.849268078249962,-76.0787263818459
79728,no_incendio,-7.231319010056117,-76.25282835259368
79737,incendio,-6.7798,-76.6745
79747,no_incendio,-7.15542529777246,-76.2489354268892
79749,incendio,-6.9335,-76.2278
79758,no_incendio,-6.9303848627730344,-77.0665622069992
79765,incendio,-6.0575,-77.4396
79777,incendio,-6.1743,-76.0058
79781,no_incendio,-5.332935425847374,-77.16749151506393
79789,no_incendio,-7.093257969486561,-77.25013940551041
79794,incendio,-8.3177,-76.4056
79798,no_incendio,-6.397916753583541,-76.88339705526924
79805,no_incendio,-6.500803234494254,-76.0342561681164
79813,no_incendio,-5.739545483497391,-76.77757497448552
79823,no_incendio,-7.410323721411357,-76.86954387230432
79840,incendio,-6.6136,-76.2498
79844,incendio,-7.4622,-76.5531
79848,no_incendio,-6.400301881628301,-77.5201604762096
79869,no_incendio,-7.43096053916798,-75.91112977240851
79877,no_incendio,-7.299495014578471,-76.02669026239053
79878,no_incendio,-5.926705485124891,-75.77709994653331
79881,no_incendio,-6.525952464139444,-76.13787075319888
79882,no_incendio,-6.467906945467672,-76.60396630033286
79889,no_incendio,-6.9973012484497445,-77.4510550557952
79894,no_incendio,-6.2585048621667685,-76.21326265306386
79896,incendio,-7.2979,-76.5998
79898,no_incendio,-6.543469703142076,-77.05698988429933
79900,no_incendio,-6.535140869924569,-76.94972010352429
79901,no_incendio,-5.845552774346191,-76.31135197083327
79903,incendio,-6.4017,-76.65
79914,no_incendio,-7.208517788052751,-77.27726682011853
79926,incendio,-5.8032,-77.0004
79928,incendio,-7.2103,-76.8857
79935,no_incendio,-5.714958817536613,-75.57831712461974
79946,no_incendio,-5.369357026240305,-77.2031702822179
79958,no_incendio,-6.326986282349614,-75.6142180056652
79965,no_incendio,-6.893924031218003,-76.04905921446095
79974,incendio,-7.2665,-76.7421
79980,incendio,-6.188,-76.971
79982,incendio,-6.4825,-75.7398
79993,incendio,-7.052,-76.7314
79999,incendio,-8.7229,-76.2987
80013,no_incendio,-5.971724397201385,-75.87816764029395
80017,incendio,-7.609,-76.6602
80041,no_incendio,-5.807017349001207,-75.61769536103809
80044,no_incendio,-7.341385532228014,-75.96721546288514
80047,incendio,-7.0376,-76.5722
80049,no_incendio,-6.696114207645428,-77.01139322381492
80062,incendio,-7.033,-76.8286
80068,incendio,-7.3744,-76.4006
80069,no_incendio,-7.390169812745361,-75.85173982819381
80073,no_incendio,-7.294379319518731,-75.60933586901135
80075,no_incendio,-7.351997452668049,-75.86863921087647
80078,no_incendio,-5.846363398738161,-76.40526766705626
80084,no_incendio,-5.5629279584591815,-75.58676722265717
80092,no_incendio,-5.693308964023421,-77.38488694411686
80097,no_incendio,-6.929539925837722,-76.05337955826667
80098,no_incendio,-5.4157703002618724,-75.88771884850634
80099,incendio,-7.1044,-76.2663
80108,no_incendio,-5.637143675477756,-76.46390106880192
80110,no_incendio,-5.783942671800878,-75.80670959767819
80111,incendio,-6.2141,-76.0211
80115,no_incendio,-6.394447416910339,-77.43791713673666
80127,no_incendio,-6.272889262540646,-77.34340996973071
80128,incendio,-7.432,-76.5686
80135,no_incendio,-7.322683908671553,-75.62004317838583
80140,no_incendio,-6.731898455104795,-77.28317456533246
80142,incendio,-8.293,-76.5537
80145,no_incendio,-6.04175420458928,-75.6154818462728
80152,no_incendio,-7.016303677309179,-76.9039929620138
80158,no_incendio,-7.414688922024766,-76.2476866383002
80159,no_incendio,-7.125442800649086,-77.06151312787605
80160,no_incendio,-6.1922155906112035,-75.54995561422898
80161,no_incendio,-5.5463833686959125,-76.92476001499328
80163,incendio,-6.0852,-75.9612
80167,no_incendio,-7.26944697761503,-76.97064413485722
80168,no_incendio,-5.531434005442488,-77.13875106909684
80170,no_incendio,-6.75147932991093,-77.49824320852836
80173,no_incendio,-6.993239612195546,-76.80617132397158
80175,incendio,-5.9871,-76.2444
80176,no_incendio,-7.582363301360768,-76.43607509989434
80189,incendio,-6.5931,-76.1671
80192,no_incendio,-6.2062844027818835,-77.2816967062703
80199,incendio,-6.9605,-76.5465
80202,no_incendio,-6.1579628470379655,-75.78726893747826
80212,no_incendio,-5.569659951211905,-77.11401128748476
80223,no_incendio,-6.427611857268102,-77.39761535548438
80224,incendio,-6.5809,-76.4984
80231,no_incendio,-5.590950998396602,-75.50740685150045
80237,no_incendio,-5.559553740329016,-76.98206356543957
80247,no_incendio,-5.433480478841975,-76.00940335234054
80254,incendio,-7.3446,-76.8871
80260,no_incendio,-6.394447416910339,-77.43791713673666
80266,no_incendio,-5.465266875680572,-76.24842900681286
80268,no_incendio,-7.453299052251447,-77.18508562471676
80269,no_incendio,-7.227645324559791,-75.66978466195862
80272,incendio,-6.9111,-76.6796
80276,incendio,-6.0281,-76.9578
80279,incendio,-7.1515,-76.5552
80294,no_incendio,-5.748428283636171,-75.60096771532396
80297,incendio,-8.3236,-76.7034
80305,no_incendio,-5.450166959625918,-77.00835031536832
80316,incendio,-8.0873,-77.3626
80317,no_incendio,-5.847773952672416,-76.45786537475786
80323,incendio,-7.1209,-76.6342
80330,incendio,-6.4979,-76.7152
80331,no_incendio,-5.576377400601263,-76.00886183713747
80347,no_incendio,-6.109182329794082,-77.41759375115069
80356,incendio,-7.0085,-76.7347
80365,incendio,-8.3934,-76.2582
80374,no_incendio,-6.645538690996345,-76.24231505313135
80377,no_incendio,-6.342272331916268,-77.0355540401251
80379,no_incendio,-6.237093114939267,-75.7117789331342
80380,no_incendio,-7.391380566669081,-77.4628689446306
80396,no_incendio,-6.530680448143941,-77.14936961816767
80398,incendio,-7.2003,-77.0117
80399,incendio,-7.0345,-76.1141
80422,incendio,-8.2602,-76.5875
80426,no_incendio,-7.317626251154921,-75.78361603634158
80430,no_incendio,-7.462272976116109,-77.0484423984109
80431,no_incendio,-5.65117658577255,-75.62263099163508
80432,incendio,-6.7874,-76.7256
80433,incendio,-6.0284,-77.7378
80453,no_incendio,-6.709679366409026,-76.89232327371961
80455,no_incendio,-6.9260270516583,-76.1608919912471
80457,no_incendio,-7.502611835705684,-75.74342232378346
80458,incendio,-7.1276,-76.2138
80463,incendio,-6.8666,-76.6148
80467,incendio,-7.2035,-76.885
80478,no_incendio,-6.622512429028128,-75.69288323438259
80483,no_incendio,-7.0805818707385395,-75.71658427890108
80484,no_incendio,-5.6909060907931215,-77.03642215530066
80486,no_incendio,-6.242683257012905,-77.09272695265327
80489,no_incendio,-6.586264053943194,-75.6879198104013
80490,incendio,-5.6952,-77.5455
80492,incendio,-6.7905,-76.5175
80497,no_incendio,-6.331589003630742,-76.77579913568411
80509,no_incendio,-6.56383921503927,-77.29970461755646
80513,incendio,-7.5279,-76.5584
80525,no_incendio,-6.646019680443848,-77.50514894077688
80539,incendio,-7.372,-76.6321
80549,no_incendio,-6.109182329794082,-77.41759375115069
80550,no_incendio,-5.8166617894952815,-76.28161854109814
80555,incendio,-7.0748,-76.7637
80556,incendio,-5.8465,-76.2019
80557,no_incendio,-7.2237762907302,-75.57516855360699
80558,incendio,-5.9918,-76.216
80563,incendio,-7.5399,-76.639
80567,no_incendio,-5.853989818371729,-76.78866763757419
80568,no_incendio,-6.566852763907717,-76.67622294647774
80571,no_incendio,-5.845552774346191,-76.31135197083327
80572,no_incendio,-7.179164728014299,-77.26673458504925
80575,no_incendio,-7.000863457307533,-75.58957693762711
80576,incendio,-8.7051,-76.9279
80598,no_incendio,-5.817722164420606,-76.05024701906109
80610,incendio,-7.3786,-76.7412
80618,incendio,-7.3043,-76.5914
80620,no_incendio,-7.019065477801208,-77.45420422372614
80624,no_incendio,-6.230021779466632,-76.57667653530646
80625,no_incendio,-5.482360092898033,-75.75875593827813
80626,incendio,-6.7597,-76.4614
80634,incendio,-7.0245,-76.322
80637,no_incendio,-7.206553379936274,-76.41990893868237
80638,incendio,-5.9684,-76.2275
80645,no_incendio,-7.2237762907302,-75.57516855360699
80648,no_incendio,-5.863095020713222,-75.7889986714283
80651,no_incendio,-6.7392978420431415,-76.19966664513106
80653,no_incendio,-5.366911069115064,-77.28733600522496
80684,no_incendio,-6.976092489979531,-77.35059361204593
80685,no_incendio,-5.747289104744423,-76.88274608576704
80689,incendio,-6.7692,-76.674
80699,incendio,-6.3231,-76.1125
80701,incendio,-7.021,-76.7755
80702,no_incendio,-5.432481694931332,-76.47528675292433
80735,no_incendio,-6.4985912391976255,-76.97886285295857
80738,incendio,-8.3323,-76.5598
80749,incendio,-6.2733,-76.8255
80758,no_incendio,-7.308376267427788,-75.72020744008876
80760,incendio,-7.589,-76.4136
80763,no_incendio,-6.895202578534257,-77.04341617849329
80765,incendio,-7.3032,-76.7794
80766,incendio,-7.1637,-76.2285
80771,incendio,-7.2511,-76.9785
80775,incendio,-6.8683,-76.5512
80784,no_incendio,-6.248141133810431,-75.50987121265236
80786,no_incendio,-5.861691315967814,-75.99243493644171
80787,no_incendio,-5.97958938141772,-75.97696588702247
80789,no_incendio,-7.083533851815549,-75.86202426996425
80791,no_incendio,-6.08565697953034,-76.3565072601085
80794,no_incendio,-7.527307126647749,-77.12744201881532
80798,no_incendio,-5.668562711065817,-75.61105576661728
80804,incendio,-5.8465,-77.0332
80813,no_incendio,-6.947446276433678,-76.55641004463064
80818,incendio,-7.0581,-76.7176
80823,no_incendio,-6.040675081738544,-76.88692151022694
80826,incendio,-7.0132,-76.521
80833,incendio,-8.4346,-76.4586
80837,no_incendio,-6.705083355769138,-77.07784196502678
80839,incendio,-8.1193,-76.6025
80867,incendio,-6.8235,-76.4693
80879,incendio,-6.7452,-76.3813
80880,incendio,-8.2814,-77.6106
80882,incendio,-5.9009,-76.4306
80892,no_incendio,-7.179164728014299,-77.26673458504925
80895,incendio,-6.1044,-75.9812
80908,no_incendio,-5.5084858154243905,-75.90684850496002
80912,no_incendio,-5.968086685454471,-75.87697296740079
80916,no_incendio,-6.152311336764004,-75.83217280220295
80924,no_incendio,-5.976958562482058,-76.80488821989493
80930,no_incendio,-6.010451782777754,-76.65548557621318
80939,no_incendio,-6.036634194085042,-76.33475368850613
80945,incendio,-7.3491,-76.6722
80952,no_incendio,-7.146199438472306,-75.63802434726938
80959,no_incendio,-6.4551795764442375,-76.19574642473289
80964,no_incendio,-7.0294194294183265,-77.09735006276883
80965,no_incendio,-5.987623594847527,-77.50895445827787
80972,no_incendio,-7.332916187784927,-76.99914864296008
80977,no_incendio,-7.263705379465793,-77.32787830995856
80979,incendio,-7.2071,-76.6656
80992,incendio,-5.9607,-76.2272
80995,incendio,-7.0873,-76.3603
80999,no_incendio,-7.199216978961617,-75.9477990392911
81000,incendio,-7.0827,-76.1923
81004,no_incendio,-5.942412033073392,-76.99723759620795
81008,no_incendio,-6.304617864281926,-76.60193669802109
81015,incendio,-7.2359,-76.6442
81025,no_incendio,-5.612307081535751,-76.80288819980903
81035,incendio,-6.4458,-76.5692
81040,no_incendio,-7.510787208532104,-75.93881161563174
81042,no_incendio,-5.592843733729189,-75.8469852314677
81050,no_incendio,-7.201796098982287,-75.59066106327278
81053,no_incendio,-6.931054749326789,-77.2760800084336
81062,no_incendio,-6.9821795229188215,-77.4814837765738
81069,no_incendio,-6.573895472470259,-76.90325456502508
81076,no_incendio,-7.5699592193140015,-75.58526155924636
81079,no_incendio,-6.089075896633828,-77.11331132604498
81085,incendio,-5.6882,-76.4374
81101,no_incendio,-5.332935425847374,-77.16749151506393
81104,no_incendio,-6.641540416375139,-77.47486256481713
81110,no_incendio,-7.000095620614563,-76.8362748925339
81115,incendio,-7.4076,-76.5575
81120,no_incendio,-5.923104963527884,-76.43553159912858
81123,no_incendio,-5.698299617649455,-76.9877048304902
81130,incendio,-6.4722,-76.5223
81133,no_incendio,-6.424415078222516,-76.56153900049968
81136,incendio,-7.0962,-77.5985
81143,incendio,-7.3161,-76.7422
81155,incendio,-8.731,-77.0007
81164,no_incendio,-6.420856851462068,-76.77933512635609
81165,incendio,-7.241,-76.8071
81169,incendio,-8.227,-76.5909
81176,no_incendio,-6.391692174987462,-77.10791126635735
81177,no_incendio,-7.107720073878569,-76.6999842966137
81184,no_incendio,-5.46295343513328,-75.95414593487065
81185,no_incendio,-6.326986282349614,-75.6142180056652
81208,no_incendio,-6.327343874329971,-76.29354784738233
81212,incendio,-7.1778,-76.6937
81218,no_incendio,-6.806373584205248,-76.84212620311408
81222,no_incendio,-5.531709345051456,-76.12800515028563
81223,no_incendio,-7.575264155010306,-76.7671801072031
81230,no_incendio,-6.640978763936889,-76.01901055862061
81235,incendio,-7.3483,-76.7243
81238,no_incendio,-6.178368777472011,-76.33706394423045
81243,incendio,-6.1579,-76.9675
81250,incendio,-8.6173,-76.3162
81253,no_incendio,-6.971890891507541,-75.84725150741345
81257,no_incendio,-5.998881730764309,-77.1385121318961
81260,no_incendio,-6.777084363074236,-76.9625637860872
81267,incendio,-8.3718,-76.5439
81294,no_incendio,-5.811469366759115,-76.0719190251322
81295,incendio,-5.9832,-77.0727
81299,no_incendio,-7.3664786483523805,-76.23130655990323
81302,incendio,-8.2553,-77.3777
81304,incendio,-6.9377,-76.5698
81305,no_incendio,-5.928733149107297,-75.62813587078854
81308,incendio,-6.4027,-77.365
81311,no_incendio,-6.476078930269108,-76.12579467837428
81314,no_incendio,-6.766715492175258,-75.83761083407144
81315,incendio,-7.1851,-76.5393
81319,incendio,-5.3674,-76.7834
81329,no_incendio,-5.6976044499375105,-76.64278583121316
81334,no_incendio,-7.145399618003832,-77.00792044464232
81353,incendio,-6.4431,-76.7278
81354,no_incendio,-6.618506694977619,-76.00213992327006
81355,incendio,-8.1689,-76.4951
81362,incendio,-6.9226,-76.9243
81370,incendio,-7.2422,-76.4945
81379,no_incendio,-7.233124705417647,-77.12066793132318
81381,no_incendio,-7.317626251154921,-75.78361603634158
81382,incendio,-6.623,-76.39
81395,incendio,-6.53,-76.6829
81409,incendio,-6.2368,-77.2547
81414,incendio,-5.9293,-77.7441
81418,no_incendio,-7.194942571615302,-76.85474676634065
81420,incendio,-6.5509,-76.4379
81422,incendio,-6.0963,-77.1547
81434,no_incendio,-5.974627825335505,-76.8393257597771
81435,no_incendio,-5.834688696045425,-76.52690718058605
81438,incendio,-6.8684,-76.8908
81446,incendio,-8.2061,-76.5113
81447,no_incendio,-6.518152554514016,-75.5195810155841
81449,no_incendio,-7.221811632536515,-77.44262630315019
81453,incendio,-8.0532,-76.7243
81457,no_incendio,-5.968149636265594,-77.51081675536001
81462,no_incendio,-7.224623096753857,-76.90340581488266
81465,incendio,-7.2728,-76.4621
81467,no_incendio,-6.4535066542887805,-75.68187662159364
81475,no_incendio,-7.480945740497024,-75.88131487548965
81479,incendio,-7.0515,-76.6861
81488,no_incendio,-7.010865933982342,-76.63167881965191
81492,no_incendio,-6.979813600777688,-77.48470455898823
81498,no_incendio,-6.66812028796298,-76.15230026038583
81503,incendio,-7.3794,-76.5884
81507,no_incendio,-6.050469228584658,-76.73736427886188
81517,no_incendio,-7.493235179350296,-76.56434016404388
81518,no_incendio,-6.715205623153173,-76.11809578650696
81525,no_incendio,-6.032637337308331,-77.27677952675285
81529,no_incendio,-5.728686151403572,-77.23987774970512
81532,no_incendio,-7.010242517235748,-76.48324440357516
81555,no_incendio,-5.733329701316475,-76.97970479241751
81556,no_incendio,-5.41267692948794,-75.94332607139869
81561,no_incendio,-7.56354574516261,-76.00460014183221
81563,incendio,-7.5464,-76.4135
81568,incendio,-6.4054,-75.8558
81569,no_incendio,-5.544976635100384,-76.33130727413504
81570,no_incendio,-6.559185707653601,-77.1814362546677
81582,incendio,-7.0993,-76.747
81584,incendio,-8.7376,-76.2426
81586,incendio,-5.7785,-76.1932
81600,incendio,-6.7115,-76.2717
81611,no_incendio,-7.381225768944467,-76.16930082038664
81612,no_incendio,-5.4956287964108785,-77.39970137101125
81613,no_incendio,-6.058777263222519,-76.29718752856778
81623,incendio,-7.333,-76.8298
81635,no_incendio,-6.717293792016525,-75.64014245587184
81646,no_incendio,-7.084883582406477,-76.16691642079259
81647,no_incendio,-5.465266875680572,-76.24842900681286
81659,incendio,-6.3632,-77.5371
81665,incendio,-6.2702,-76.2501
81678,incendio,-6.7183,-76.717
81683,no_incendio,-7.217736549985553,-75.80888423805258
81692,no_incendio,-5.441048358116876,-77.52077786090675
81693,incendio,-6.2997,-76.0229
81728,no_incendio,-6.367884072608207,-76.17501426406548
81735,no_incendio,-6.467350712480753,-77.13922176575424
81740,no_incendio,-5.996065973339257,-76.13966106255965
81741,no_incendio,-6.4548358961700885,-76.10226827896288
81764,no_incendio,-5.658384235826694,-76.44208065955317
81776,no_incendio,-5.7870347665351245,-76.83855785035811
81780,no_incendio,-6.895407353104692,-76.79676810992372
81781,no_incendio,-6.741427767846081,-75.52300413513564
81792,no_incendio,-6.834902492352533,-77.15059777266319
81794,incendio,-7.4219,-76.6958
81800,no_incendio,-5.765833579415168,-76.48980976364362
81802,incendio,-6.7199,-76.7156
81805,no_incendio,-6.594359651694001,-75.81359177197494
81818,incendio,-7.3659,-76.7704
81819,incendio,-7.36,-76.5612
81820,no_incendio,-7.392389482278091,-76.3604718116053
81824,incendio,-7.2905,-76.5838
81825,incendio,-6.4525,-76.8922
81843,incendio,-6.4768,-76.8051
81853,incendio,-6.8423,-76.473
81859,no_incendio,-7.234182176376593,-76.40213823666475
81865,no_incendio,-6.446499470618798,-75.63834110129498
81870,no_incendio,-6.395505819847665,-76.99761432969862
81872,no_incendio,-5.628009588205993,-76.65354056984353
81873,no_incendio,-6.178368777472011,-76.33706394423045
81887,incendio,-7.0725,-76.8342
81890,incendio,-6.971,-76.7266
81897,incendio,-6.2616,-77.2042
81911,no_incendio,-7.327169653945901,-75.96963671647885
81918,no_incendio,-5.89795943446839,-76.15835756218627
81920,no_incendio,-5.532971684555294,-77.02280558006699
81921,incendio,-8.0239,-77.2334
81940,no_incendio,-5.592210809875936,-75.85957552026237
81944,no_incendio,-6.886318678721428,-75.69795842959347
81946,incendio,-6.5553,-76.4959
81949,no_incendio,-7.593724484851976,-77.34754973911781
81952,no_incendio,-5.504827246357519,-77.16574913944
81968,no_incendio,-6.616039268330141,-77.35690054867337
81974,incendio,-6.2233,-76.7726
81990,no_incendio,-7.53303009358015,-76.30539007678105
82001,no_incendio,-5.530786000980501,-76.91418709127078
82002,no_incendio,-6.486581240227174,-76.15835402098138
82003,no_incendio,-5.9069362811274955,-76.90796880037888
82005,no_incendio,-6.344517536741018,-75.98404289972582
82018,no_incendio,-7.324122621539671,-77.54410654355205
82031,incendio,-7.5557,-76.2092
82038,incendio,-6.46,-77.3973
82039,no_incendio,-5.518901360296995,-75.83606862844933
82041,incendio,-7.4465,-76.5773
82046,no_incendio,-6.893380079192219,-76.030920773184
82048,no_incendio,-5.861691315967814,-75.99243493644171
82058,no_incendio,-5.594721982840302,-76.73250330554579
82062,incendio,-6.7763,-76.5401
82068,incendio,-5.6919,-76.6067
82069,no_incendio,-5.702364736345534,-76.72144500150783
82071,incendio,-7.2283,-76.7412
82082,incendio,-5.6787,-76.6246
82092,no_incendio,-6.737802446576857,-76.76156798779444
82094,no_incendio,-5.834688696045425,-76.52690718058605
82102,no_incendio,-5.940833223348477,-76.76215332326328
82104,incendio,-5.9035,-77.4375
82109,no_incendio,-6.684698936601428,-75.64362761188839
82114,incendio,-6.8044,-76.1852
82128,incendio,-5.7308,-75.7597
82130,incendio,-7.2161,-76.0674
82135,no_incendio,-7.413823551899182,-76.79124540072256
82136,incendio,-7.3026,-76.3727
82139,no_incendio,-7.317626251154921,-75.78361603634158
82150,no_incendio,-7.4286037527901305,-75.69674631092113
82173,no_incendio,-6.462614163555006,-75.61289892495
82176,no_incendio,-6.535140869924569,-76.94972010352429
82180,incendio,-6.6406,-76.7502
82186,incendio,-5.839,-77.3183
82203,no_incendio,-6.642584248060827,-75.75075985956546
82210,no_incendio,-7.322815935895123,-76.7836025186051
82215,incendio,-7.4326,-76.7049
82216,incendio,-7.5802,-76.4122
82219,no_incendio,-6.811703020411863,-76.53234904826876
82224,no_incendio,-6.827947755317633,-77.24078320536096
82225,no_incendio,-5.393926083579098,-77.3710588373999
82233,incendio,-5.9591,-76.177
82235,no_incendio,-5.525519480392893,-76.3183975995799
82240,no_incendio,-5.977250221064096,-76.70445078164089
82255,no_incendio,-6.950453264096688,-75.59880859567114
82268,no_incendio,-6.6046403916429695,-76.28478273774354
82281,incendio,-7.2578,-76.4442
82289,incendio,-7.355,-76.5818
82292,no_incendio,-5.9069362811274955,-76.90796880037888
82294,incendio,-6.2044,-75.8627
82310,no_incendio,-6.234614825176705,-77.3723732006722
82316,no_incendio,-6.942054443870175,-75.88451122317879
82323,no_incendio,-6.882432262080377,-75.90126287963834
82325,incendio,-7.1456,-76.323
82326,no_incendio,-5.69836641593065,-75.72287872908569
82331,no_incendio,-6.4643629782720495,-76.22804730377794
82333,incendio,-6.5065,-76.5581
82339,no_incendio,-6.441502518699965,-76.95262753749782
82345,no_incendio,-6.501541232968051,-77.42157786801864
82346,no_incendio,-7.111569656244363,-77.04269521527607
82376,no_incendio,-5.306363621970229,-76.4042560042154
82383,incendio,-6.6502,-76.4589
82386,incendio,-6.6075,-76.4389
82408,no_incendio,-5.7630676382897414,-75.77232686505347
82420,no_incendio,-5.7927379696305294,-76.1467304713267
82424,incendio,-7.2956,-77.6052
82439,incendio,-7.3429,-76.874
82442,no_incendio,-5.902840695958739,-77.46595018427229
82447,no_incendio,-7.016303677309179,-76.9039929620138
82453,no_incendio,-5.522972759309926,-75.80819311512354
82455,no_incendio,-7.371926664770868,-77.38249391708561
82457,incendio,-7.2674,-76.6037
82458,no_incendio,-7.321172600418316,-77.03516400852085
82463,no_incendio,-5.3689055308415,-76.62344622964636
82466,incendio,-5.8757,-76.0165
82467,no_incendio,-5.441048358116876,-77.52077786090675
82472,no_incendio,-6.1922155906112035,-75.54995561422898
82480,incendio,-7.8526,-77.7782
82483,no_incendio,-5.371121123003669,-76.78705780536207
82487,no_incendio,-5.714958817536613,-75.57831712461974
82490,incendio,-5.5069,-76.77
82497,no_incendio,-7.282016752291952,-75.89864347181351
82499,no_incendio,-5.68462514388274,-76.77383589546262
82501,incendio,-6.5443,-76.8045
82504,incendio,-8.2858,-76.3611
82507,no_incendio,-6.6229879670061225,-75.80299704996388
82522,no_incendio,-7.391919899350189,-76.53710558307176
82524,no_incendio,-6.856229226903604,-75.880120110949
82533,incendio,-8.3413,-76.5584
82541,no_incendio,-6.324934683730277,-76.81019781469472
82550,no_incendio,-6.061127541678445,-77.3300358732125
82564,no_incendio,-5.924081807664306,-77.5419305607915
82565,incendio,-6.0152,-76.3087
82574,no_incendio,-5.346519894910452,-77.42054950645856
82582,no_incendio,-5.6996412211902,-75.5074681731858
82583,incendio,-5.8509,-76.1985
82591,no_incendio,-7.324938939394847,-75.95193264911674
82596,no_incendio,-7.231319010056117,-76.25282835259368
82601,no_incendio,-5.504827246357519,-77.16574913944
82606,incendio,-7.2654,-76.6627
82608,no_incendio,-7.38891296125344,-75.60819465870141
82628,incendio,-6.119,-75.7561
82633,no_incendio,-6.003436470117687,-77.4174804711691
82658,no_incendio,-7.518549043794622,-77.46918278069812
82665,no_incendio,-6.702659611656615,-77.00358407805038
82671,no_incendio,-6.960986438297525,-76.973990270216
82673,no_incendio,-7.217722844984081,-77.2235426849214
82675,no_incendio,-6.0258388422724725,-75.8823418796658
82680,no_incendio,-6.234937456831474,-75.55136134306397
82683,incendio,-6.5409,-76.3014
82685,incendio,-7.0905,-77.062
82691,no_incendio,-5.473631906137981,-76.93641473945902
82699,incendio,-5.8394,-76.024
82703,no_incendio,-6.923574495814878,-76.96137100911855
82705,no_incendio,-6.99869942925542,-76.8613209261512
82713,no_incendio,-6.8812608532922095,-77.14870823308875
82722,incendio,-6.6272,-76.5279
82725,no_incendio,-6.237093114939267,-75.7117789331342
82739,incendio,-7.4722,-76.497
82742,no_incendio,-6.12520459976937,-77.49886350154438
82745,incendio,-6.1689,-76.3385
82770,no_incendio,-7.331602369683786,-75.50190770424915
82786,incendio,-6.6134,-76.4133
82807,incendio,-8.3873,-77.6484
82850,no_incendio,-6.6308882191110055,-76.3915553322726
82853,no_incendio,-6.460809424904893,-76.67264708557983
82856,incendio,-6.8253,-76.5877
82860,no_incendio,-7.20837922312058,-75.60173964481412
82865,no_incendio,-5.704328166594409,-76.92480673286192
82881,no_incendio,-5.423352355280385,-75.9768451523196
82885,no_incendio,-6.191285072180344,-75.97348634249272
82891,incendio,-7.1459,-76.0935
82892,incendio,-5.9917,-76.1494
82895,incendio,-6.9257,-76.8147
82898,no_incendio,-5.65675190083822,-76.2124000269003
82901,no_incendio,-6.567404760010091,-75.93678531261668
82907,no_incendio,-7.443277568920015,-75.95948688269024
82909,no_incendio,-6.729488491648472,-77.03653906594069
82920,incendio,-7.4483,-76.6794
82928,no_incendio,-7.028663799217614,-75.85033836524988
82936,no_incendio,-6.54529109912659,-75.69341596269626
82940,no_incendio,-7.0241667667070145,-76.27510051559456
82947,no_incendio,-7.3138551861663785,-76.44974049103283
82951,incendio,-6.6669,-76.6418
82956,no_incendio,-6.459421110313875,-76.2975020951517
82964,no_incendio,-6.871083272493799,-75.76930140332634
82966,incendio,-6.6224,-76.1344
82978,incendio,-7.413,-76.5742
82995,no_incendio,-6.0746976290586785,-75.57122315970695
82996,incendio,-6.5598,-76.7731
82997,no_incendio,-5.906233795105334,-77.12857966060585
83007,incendio,-8.6999,-76.2761
83009,incendio,-6.0704,-76.2272
83010,incendio,-7.3019,-76.61
83014,no_incendio,-6.434453669791493,-76.35359643649942
83018,no_incendio,-7.391919899350189,-76.53710558307176
83035,incendio,-6.7885,-76.573
83041,incendio,-6.2044,-76.8822
83043,no_incendio,-6.061671698446887,-76.35844064270319
83044,no_incendio,-7.462272976116109,-77.0484423984109
83046,no_incendio,-7.488895468406661,-77.22046866095448
83047,no_incendio,-5.541112522183527,-75.99676308138659
83054,no_incendio,-7.424353792615787,-75.73269651500266
83069,no_incendio,-5.4868610147355525,-76.76095607597574
83071,no_incendio,-5.952502510545931,-77.35100051203952
83077,no_incendio,-7.49572574357337,-75.97213125228711
83083,no_incendio,-6.284005972985306,-75.8733537299608
83089,incendio,-7.4011,-76.6953
83090,no_incendio,-6.332355926126756,-76.57852424451565
83094,incendio,-7.4391,-76.4031
83095,no_incendio,-5.40191525194851,-77.41832441514279
83101,no_incendio,-7.53821724475927,-77.34792258266398
83115,no_incendio,-5.709919403753175,-77.18915952963572
83121,incendio,-7.1489,-77.5958
83127,no_incendio,-5.508118125742636,-76.08158705053927
83130,no_incendio,-6.807279841790784,-75.78242302305196
83138,no_incendio,-6.061848479102238,-75.8084457666632
83140,incendio,-6.9427,-76.5283
83145,no_incendio,-5.811190643666691,-76.41076755798852
83153,incendio,-6.9971,-76.3126
83166,incendio,-7.3372,-76.2435
83168,no_incendio,-7.388452210624765,-77.20638603731945
83177,no_incendio,-6.914205717609276,-76.21644962030662
83190,no_incendio,-5.40191525194851,-77.41832441514279
83200,incendio,-5.5353,-76.7246
83211,incendio,-6.3241,-76.7437
83215,no_incendio,-6.490435100183895,-76.04212659409674
83216,no_incendio,-7.142345675518539,-77.26966785367183
83231,no_incendio,-5.812760524192122,-77.54920790478845
83251,no_incendio,-6.890502660955485,-77.28521359628384
83255,no_incendio,-5.761894026687926,-76.71626651276603
83262,no_incendio,-6.447996016247126,-77.41234607167007
83275,no_incendio,-6.057689001760209,-76.31599873271878
83279,incendio,-6.2215,-75.9824
83287,no_incendio,-6.682338881301072,-76.58990578057626
83309,no_incendio,-7.063019746501072,-77.52481749302208
83312,no_incendio,-6.037617039183259,-75.8633441160442
83321,no_incendio,-5.919068188390441,-77.36605426382134
83322,no_incendio,-7.076017752800738,-75.91978389352657
83337,incendio,-6.1973,-76.7103
83349,incendio,-7.9801,-76.655
83351,no_incendio,-5.630317607867646,-76.28664530211917
83355,incendio,-8.2005,-76.645
83359,no_incendio,-5.391936920318269,-75.74765732530163
83369,no_incendio,-5.3579190970036175,-75.71127050256207
83371,incendio,-7.0271,-76.1744
83372,incendio,-7.1615,-76.6596
83377,no_incendio,-6.75147932991093,-77.49824320852836
83387,no_incendio,-7.321172600418316,-77.03516400852085
83388,no_incendio,-5.485150772179796,-77.0821813016382
83389,no_incendio,-5.326540128955467,-75.8192880237214
83390,no_incendio,-6.838209877352376,-75.74494612497837
83392,no_incendio,-7.298951884711561,-75.8714337322258
83393,no_incendio,-5.933819847140226,-76.39063203845332
83406,no_incendio,-6.53438876670278,-77.3151143596093
83414,no_incendio,-7.0241667667070145,-76.27510051559456
83420,incendio,-5.7493,-77.3695
83433,no_incendio,-6.622512429028128,-75.69288323438259
83436,incendio,-5.7617,-76.0782
83437,incendio,-7.2397,-76.2501
83442,incendio,-5.9308,-75.9933
83448,incendio,-7.2445,-76.7401
83460,no_incendio,-6.6832264067033,-77.40030797685029
83462,no_incendio,-5.487830888913878,-75.70248261618342
83466,no_incendio,-6.184018518963494,-76.64827203950954
83480,incendio,-6.6115,-76.5152
83484,no_incendio,-6.6966130629090745,-76.20140385770695
83485,no_incendio,-7.324122621539671,-77.54410654355205
83502,incendio,-8.6229,-76.6134
83527,incendio,-6.7173,-76.4831
83541,no_incendio,-6.013807781245941,-77.54515653099793
83558,incendio,-7.0892,-76.788
83565,no_incendio,-7.097431396465031,-76.35150553329514
83567,no_incendio,-5.5629279584591815,-75.58676722265717
83574,no_incendio,-6.559793328628168,-75.94281873717337
83583,no_incendio,-7.0026426990635535,-77.36552672269332
83586,no_incendio,-6.001439366513391,-76.98820534580602
83599,incendio,-6.5889,-76.5147
83601,incendio,-6.9221,-76.6593
83606,no_incendio,-6.344738730281884,-77.28085925820518
83610,incendio,-7.1817,-76.5133
83617,no_incendio,-6.097161064451766,-76.22638691915272
83618,incendio,-5.9751,-76.2359
83621,no_incendio,-7.532917537712722,-76.04821551837472
83624,no_incendio,-5.630317607867646,-76.28664530211917
83629,no_incendio,-6.0017769805371435,-76.54978075200272
83630,incendio,-8.1333,-77.2665
83632,no_incendio,-6.456445234793438,-77.37382860861014
83658,no_incendio,-7.468966943240149,-76.0987072289364
83662,incendio,-6.7649,-76.6482
83680,incendio,-6.8469,-77.7688
83684,no_incendio,-6.416369783766856,-77.46099434503463
83687,incendio,-6.7227,-76.4913
83689,no_incendio,-7.062719614900722,-75.90547044520231
83700,no_incendio,-5.69836641593065,-75.72287872908569
83714,no_incendio,-6.709679366409026,-76.89232327371961
83730,incendio,-7.2872,-76.9504
83736,no_incendio,-7.4582565567314925,-76.8374558308584
83739,incendio,-7.0764,-76.761
83744,incendio,-6.5612,-76.6134
83745,incendio,-6.0757,-76.0047
83746,no_incendio,-6.199800156726071,-75.87903812084684
83747,no_incendio,-6.623625617650361,-76.4412657181978
83761,no_incendio,-5.49325291733823,-76.90069379643876
83767,incendio,-7.082,-76.7477
83772,no_incendio,-5.70993701267222,-76.39276259470975
83778,incendio,-5.8457,-77.1625
83797,incendio,-8.2354,-76.544
83809,no_incendio,-7.132724984642544,-76.76764396887705
83818,incendio,-5.9986,-76.1634
83820,incendio,-8.4817,-76.4419
83832,no_incendio,-7.44968802750322,-77.23116283334409
83837,no_incendio,-5.346519894910452,-77.42054950645856
83841,no_incendio,-5.712666897985722,-76.23826320211337
83843,no_incendio,-6.960339111557958,-75.64609550577184
83846,no_incendio,-5.717584209483326,-76.19353141249358
83851,no_incendio,-7.140032609231243,-75.65901239539657
83852,incendio,-8.1952,-76.6133
83859,no_incendio,-6.037617039183259,-75.8633441160442
83867,no_incendio,-6.420856851462068,-76.77933512635609
83876,no_incendio,-6.007112604816549,-77.29204800487722
83905,incendio,-6.6341,-76.0619
83912,incendio,-6.7227,-76.458
83918,incendio,-6.2198,-77.6831
83923,incendio,-5.9329,-77.0602
83928,no_incendio,-6.434453669791493,-76.35359643649942
83935,no_incendio,-6.853423603407918,-76.51175603217372
83949,no_incendio,-5.498957925752801,-76.23819839749541
83951,no_incendio,-6.980328156805363,-75.58165966551039
83968,incendio,-5.8984,-75.9964
83969,incendio,-6.6936,-76.7209
83972,no_incendio,-7.583028139538337,-75.69881965938345
83981,no_incendio,-6.257364517477317,-77.24088667621311
83993,no_incendio,-6.061679877354346,-76.10414263000189
83996,no_incendio,-7.516029592309847,-76.17814319860955
84000,incendio,-7.4163,-76.4867
84004,incendio,-8.7473,-76.2951
84012,incendio,-6.7903,-76.6867
84015,no_incendio,-6.254046612679011,-76.94445690037632
84021,no_incendio,-5.8586832152668595,-76.15130829850591
84024,no_incendio,-5.69836641593065,-75.72287872908569
84027,no_incendio,-5.561294814825637,-75.74902836133377
84029,incendio,-6.8359,-76.8761
84032,no_incendio,-7.083533851815549,-75.86202426996425
84036,no_incendio,-7.195118276412429,-75.87773973651454
84049,incendio,-7.1301,-76.7658
84052,no_incendio,-6.081931713189248,-77.21688851873837
84076,no_incendio,-5.789563027304849,-76.53201355790475
84081,incendio,-5.9604,-76.3485
84083,no_incendio,-7.188505073730313,-76.90328431055737
84084,no_incendio,-7.4319891578174815,-77.15087421098383
84085,incendio,-6.9055,-76.8532
84091,no_incendio,-6.2585048621667685,-76.21326265306386
84093,no_incendio,-6.808753435004469,-75.58127871175964
84095,no_incendio,-5.758693276250254,-76.20523501497284
84107,incendio,-6.9644,-76.2617
84108,incendio,-5.7675,-76.4859
84109,incendio,-6.7204,-76.4411
84110,incendio,-6.8668,-76.2569
84116,no_incendio,-6.7183540623229865,-77.22771131243218
84127,no_incendio,-6.130295951384975,-75.70862882951778
84128,incendio,-6.8483,-76.6593
84140,no_incendio,-5.984669195028871,-76.49551058575585
84144,no_incendio,-6.2701925367746005,-76.81498053088146
84147,incendio,-6.1747,-76.3385
84148,no_incendio,-5.715611122341353,-76.65563746255786
84158,incendio,-6.7176,-76.6478
84163,no_incendio,-5.702740983602372,-76.82721339280745
84166,incendio,-8.5317,-76.4751
84170,no_incendio,-6.057689001760209,-76.31599873271878
84179,incendio,-5.9355,-77.0959
84186,incendio,-6.9236,-76.4113
84189,incendio,-7.0546,-76.6719
84192,no_incendio,-7.56354574516261,-76.00460014183221
84194,incendio,-5.9657,-76.2558
84209,no_incendio,-6.818883045664746,-77.17747642270048
84217,no_incendio,-5.953019088925324,-76.23284593502969
84219,incendio,-6.2866,-75.7461
84220,no_incendio,-5.937659253977012,-77.34942172737706
84222,no_incendio,-7.089179421889268,-75.95457712793731
84224,no_incendio,-5.370065008448104,-77.20634043748042
84225,no_incendio,-5.453647317604843,-76.59202254288773
84226,no_incendio,-5.441244045280792,-76.19936571316805
84229,no_incendio,-5.628009588205993,-76.65354056984353
84237,no_incendio,-6.1628423736617925,-77.33214012724629
84270,no_incendio,-6.490391135640375,-76.20592887580928
84272,no_incendio,-5.719448744498719,-77.23298516632254
84278,incendio,-6.1635,-76.8361
84290,no_incendio,-6.134868701694113,-76.84593822630983
84292,incendio,-6.174,-76.0121
84293,no_incendio,-7.160701404821328,-77.50258610161559
84295,no_incendio,-7.347666513055251,-77.19530347019538
84298,no_incendio,-6.089075896633828,-77.11331132604498
84307,incendio,-5.9775,-76.9008
84308,no_incendio,-6.107287203943645,-77.4216594793923
84310,incendio,-5.8201,-76.2458
84320,incendio,-6.5693,-76.5341
84325,incendio,-6.9047,-76.544
84331,incendio,-7.0452,-76.6829
84333,no_incendio,-7.506850337937736,-76.33686457857513
84336,incendio,-5.7665,-76.5133
84339,no_incendio,-7.122938851987355,-76.92917682268381
84347,no_incendio,-5.863095020713222,-75.7889986714283
84350,incendio,-6.3941,-76.4759
84355,incendio,-7.2061,-76.7107
84357,incendio,-7.1726,-77.0721
84363,no_incendio,-6.442705023956996,-76.30481606512446
84366,no_incendio,-6.136716909605955,-76.35666700182222
84376,incendio,-7.5825,-76.5032
84383,no_incendio,-6.30212067741681,-77.20947071632679
84389,incendio,-6.859,-76.5389
84390,no_incendio,-5.802494877336548,-76.35132685190827
84394,no_incendio,-6.741440234624422,-77.09605125719467
84395,no_incendio,-6.8707527834716435,-77.1546220579287
84404,no_incendio,-6.1773004933773406,-76.41533827057219
84410,no_incendio,-7.597875070160168,-76.24368895263702
84416,incendio,-6.8198,-76.5369
84426,incendio,-7.2729,-76.9802
84429,no_incendio,-7.146199438472306,-75.63802434726938
84432,no_incendio,-6.140503448389999,-75.89152757203433
84441,no_incendio,-5.65611924902812,-76.450948774078
84447,no_incendio,-6.638936461882343,-76.98044793632914
84451,no_incendio,-6.846227548420243,-77.09414313428448
84460,incendio,-6.2025,-75.9154
84464,no_incendio,-6.284005972985306,-75.8733537299608
84465,no_incendio,-6.323745703888591,-76.07826663303581
84469,no_incendio,-6.370500555903968,-77.21187079190732
84474,no_incendio,-6.653744086369802,-76.88423091911557
84478,no_incendio,-5.873429262130088,-76.29994874270383
84489,no_incendio,-7.37285257220338,-75.85397128431137
84500,no_incendio,-7.103154809386207,-75.80011378156274
84509,no_incendio,-6.119596318397669,-75.7668351630271
84510,no_incendio,-6.736094048254664,-75.79047035285556
84516,no_incendio,-6.758060268510353,-77.51884776551792
84520,incendio,-7.6383,-76.6602
84524,no_incendio,-5.996065973339257,-76.13966106255965
84530,incendio,-6.8397,-76.6064
84541,incendio,-7.2533,-76.4266
84543,no_incendio,-6.095756407316532,-77.30841425266888
84552,no_incendio,-6.1290157028955905,-75.56386178427238
84553,incendio,-7.1428,-76.8055
84554,no_incendio,-6.224885960981276,-76.91366721974305
84557,no_incendio,-5.870407571755855,-76.43899593158982
84559,incendio,-6.1057,-76.2223
84569,no_incendio,-6.346021842815813,-77.12333044544714
84583,no_incendio,-5.704328166594409,-76.92480673286192
84597,no_incendio,-7.420738238712349,-77.50365613060586
84615,no_incendio,-5.811469366759115,-76.0719190251322
84620,incendio,-7.1531,-76.4692
84627,no_incendio,-7.014371526342947,-75.6304094962068
84629,no_incendio,-7.196044028055804,-76.77405078763431
84635,no_incendio,-5.968086685454471,-75.87697296740079
84637,no_incendio,-7.017832061015762,-77.13978816386988
84641,no_incendio,-5.6698457830937325,-76.36289670664165
84645,incendio,-7.0425,-76.7204
84649,no_incendio,-5.451709663906019,-76.0834165906866
84652,incendio,-7.6723,-76.5209
84655,incendio,-7.3814,-76.6308
84657,no_incendio,-6.238571072533694,-75.50795501172155
84665,no_incendio,-6.505676796415307,-75.74448285313693
84666,no_incendio,-7.0475824644559095,-77.00777977835193
84668,no_incendio,-6.781601843650596,-77.34861421933648
84669,incendio,-5.9637,-76.2546
84673,no_incendio,-7.051099362667298,-76.62925053957763
84677,no_incendio,-6.701934945529236,-77.46493186657752
84680,incendio,-6.881,-76.5236
84683,incendio,-7.0226,-76.6264
84686,no_incendio,-5.593725246250177,-76.70151478021911
84691,no_incendio,-5.8418090063734045,-77.13859458576027
84718,no_incendio,-6.150817748541318,-77.2743773218178
84723,no_incendio,-6.272889262540646,-77.34340996973071
84730,incendio,-7.1053,-76.7355
84748,no_incendio,-6.701934945529236,-77.46493186657752
84750,incendio,-7.1156,-76.8659
84776,incendio,-7.2947,-76.4238
84777,no_incendio,-5.764033944085201,-76.45830778573153
84786,no_incendio,-5.472585153492127,-77.10655294749147
84791,no_incendio,-5.968870459553349,-76.92149677654932
84795,incendio,-7.163,-76.2656
84797,no_incendio,-5.662370106905432,-77.07535731755083
84807,incendio,-7.2482,-76.7527
84809,no_incendio,-6.7133301961826755,-75.60854075962672
84816,incendio,-7.1002,-76.6091
84819,no_incendio,-6.942054443870175,-75.88451122317879
84820,incendio,-7.8855,-76.7554
84830,incendio,-7.0701,-76.2025
84844,incendio,-5.8674,-75.9156
84849,no_incendio,-7.0475824644559095,-77.00777977835193
84858,no_incendio,-6.059607457191615,-77.52385870382261
84864,incendio,-5.8341,-76.1906
84867,no_incendio,-5.83234820585484,-77.1167119832574
84887,no_incendio,-5.691703950902071,-76.93733770607169
84888,no_incendio,-6.042344688075439,-75.58423135699039
84890,no_incendio,-6.320061417206358,-76.82643295462363
84893,incendio,-6.0374,-76.0125
84894,no_incendio,-7.409421605310309,-75.83681236527086
84898,incendio,-8.3706,-76.4901
84899,no_incendio,-7.261878534754229,-75.78596746234152
84901,no_incendio,-5.576377400601263,-76.00886183713747
84902,no_incendio,-7.14999258790223,-77.27323492320696
84915,no_incendio,-7.378012032391012,-77.45917085361808
84925,incendio,-7.0061,-76.7045
84933,incendio,-7.4318,-76.5576
84940,no_incendio,-6.961563570088446,-77.02222304631809
84961,no_incendio,-6.640978763936889,-76.01901055862061
84968,no_incendio,-7.487103293775268,-76.06526148025002
84969,no_incendio,-6.063333052679301,-77.2619056071794
84970,incendio,-8.3749,-76.5451
84980,no_incendio,-6.36044395346056,-75.72277954497737
84984,incendio,-5.8327,-77.253
84986,no_incendio,-7.282016752291952,-75.89864347181351
84988,incendio,-6.0794,-76.1382
85002,no_incendio,-5.62776239327014,-77.48408133634722
85003,incendio,-7.5799,-76.4183
85011,no_incendio,-6.062840602584927,-76.70237486789418
85028,no_incendio,-7.201796098982287,-75.59066106327278
85029,incendio,-6.7226,-76.7201
85040,no_incendio,-5.715611122341353,-76.65563746255786
85043,no_incendio,-7.538851524680003,-76.89606525439852
85053,no_incendio,-6.452984723571151,-76.97534564539009
85054,no_incendio,-5.914538807022697,-77.31789261845223
85061,no_incendio,-6.156050459707027,-75.66218917207854
85065,no_incendio,-6.397916753583541,-76.88339705526924
85069,incendio,-6.8613,-76.4991
85071,no_incendio,-6.886318678721428,-75.69795842959347
85079,no_incendio,-5.60683404112794,-77.27867668965091
85083,no_incendio,-6.526663320909917,-76.57498858502044
85086,no_incendio,-6.796333772184817,-76.78935654696676
85091,incendio,-7.1693,-76.29
85094,no_incendio,-6.353424809181855,-75.63008762129351
85102,no_incendio,-6.5749903992962055,-76.89683303442592
85103,no_incendio,-6.950453264096688,-75.59880859567114
85104,incendio,-7.3589,-76.7878
85107,no_incendio,-6.802375216185101,-76.58944416230916
85113,no_incendio,-7.20837922312058,-75.60173964481412
85117,incendio,-7.3656,-76.6475
85120,no_incendio,-6.568678711242536,-76.46161690496696
85126,no_incendio,-6.539751025490163,-75.79612657062603
85133,incendio,-7.4478,-76.5863
85142,no_incendio,-5.322335273054225,-75.66988823532402
85143,no_incendio,-6.231532660134269,-77.43051392350198
85145,incendio,-6.8183,-76.562
85148,no_incendio,-7.099688871826168,-75.91020418997267
85152,no_incendio,-7.584063938890335,-77.08532363724217
85157,incendio,-8.0384,-77.2028
85176,no_incendio,-5.802372431085104,-75.57878108958735
85182,incendio,-8.6214,-76.6951
85187,no_incendio,-6.279874050199112,-75.76672987730963
85190,no_incendio,-7.436110407887001,-75.68288184576566
85193,no_incendio,-5.603013181516009,-76.25847933744605
85194,no_incendio,-5.593725246250177,-76.70151478021911
85201,no_incendio,-6.295102509635013,-77.52506617532497
85205,no_incendio,-7.381229378022176,-76.50096695875145
85209,incendio,-7.4108,-76.557
85213,incendio,-7.4178,-76.6322
85225,no_incendio,-6.18702118811894,-77.34328610788602
85226,incendio,-8.1147,-76.5967
85232,no_incendio,-5.4157703002618724,-75.88771884850634
85239,no_incendio,-5.888892522225688,-76.77144344906966
85243,no_incendio,-5.70993701267222,-76.39276259470975
85245,incendio,-6.4303,-75.8935
85251,incendio,-6.7715,-76.1906
85263,incendio,-8.7801,-77.7689
85265,incendio,-6.9524,-76.2441
85268,no_incendio,-7.511471498657587,-77.0305776349507
85269,no_incendio,-6.311293975828189,-76.65790550589152
85271,no_incendio,-7.566170057674632,-77.33420456007225
85286,incendio,-7.014,-76.6613
85293,no_incendio,-7.442941681589652,-76.91434045843735
85295,no_incendio,-5.366911069115064,-77.28733600522496
85301,no_incendio,-6.441902560534528,-76.15943969390888
85309,incendio,-6.8836,-77.7506
85310,incendio,-7.4638,-76.5492
85312,no_incendio,-5.397648721010737,-76.34314573163867
85316,no_incendio,-5.734144568873576,-75.90585662556418
85317,incendio,-6.6328,-76.0658
85325,no_incendio,-7.378012032391012,-77.45917085361808
85327,no_incendio,-5.349324419297768,-77.32630960187535
85332,no_incendio,-7.010242517235748,-76.48324440357516
85333,incendio,-8.7596,-76.1379
85350,no_incendio,-6.049779266057276,-75.95295045421427
85356,no_incendio,-6.60024344042182,-76.28088372901857
85370,no_incendio,-7.059198382146936,-75.77593999522976
85372,no_incendio,-6.7893125147185724,-75.8130856477531
85375,incendio,-8.4129,-76.3459
85376,no_incendio,-6.271617281791801,-76.2353167311132
85384,no_incendio,-6.398926454720778,-76.50536924785067
85404,no_incendio,-6.224885960981276,-76.91366721974305
85412,no_incendio,-6.5603093207023875,-76.81459925787705
85417,no_incendio,-5.702364736345534,-76.72144500150783
85427,incendio,-6.1641,-75.9694
85445,no_incendio,-7.1205154593131565,-76.76326173892171
85453,no_incendio,-6.536633754882988,-75.61074686603133
85460,no_incendio,-7.423279850513975,-76.1929127649397
85466,no_incendio,-5.569659951211905,-77.11401128748476
85477,no_incendio,-6.253426709313807,-77.08659131097349
85479,incendio,-6.0368,-76.0021
85496,no_incendio,-6.156050459707027,-75.66218917207854
85502,no_incendio,-5.453647317604843,-76.59202254288773
85504,no_incendio,-6.196820810614756,-77.18695898534692
85513,no_incendio,-5.6492373233613264,-76.13173612706044
85518,no_incendio,-6.1773004933773406,-76.41533827057219
85520,no_incendio,-7.303191371239219,-76.86950299016307
85522,incendio,-6.2964,-77.5267
85525,no_incendio,-6.271617281791801,-76.2353167311132
85535,no_incendio,-7.081124602285028,-76.06087878832324
85542,incendio,-6.8006,-76.6921
85561,incendio,-6.7184,-76.4795
85566,no_incendio,-5.902840695958739,-77.46595018427229
85568,no_incendio,-7.443277568920015,-75.95948688269024
85571,no_incendio,-6.599957493403006,-76.05770861085986
85572,no_incendio,-6.129131664861193,-76.45649977733511
85580,no_incendio,-7.278588939327885,-76.4943759510431
85581,incendio,-7.2061,-76.8787
85586,incendio,-6.8195,-76.7721
85587,incendio,-7.3143,-76.9464
85590,no_incendio,-6.163392021425101,-76.6587242460342
85591,incendio,-7.2025,-76.4722
85592,incendio,-6.601,-76.6481
85602,no_incendio,-6.599957493403006,-76.05770861085986
85614,no_incendio,-6.664505823088651,-77.4814157749719
85638,no_incendio,-7.278588939327885,-76.4943759510431
85644,no_incendio,-6.672836316039594,-77.21035813191263
85652,no_incendio,-7.4319891578174815,-77.15087421098383
85655,incendio,-6.8036,-76.5758
85657,incendio,-5.97,-76.8893
85670,no_incendio,-6.7528370184185675,-75.79463738047077
85672,incendio,-7.5333,-76.7319
85677,no_incendio,-5.459589434430045,-76.77318023823041
85683,incendio,-6.2413,-76.0313
85709,no_incendio,-7.089179421889268,-75.95457712793731
85711,incendio,-5.9899,-76.2422
85724,no_incendio,-5.384324497906241,-76.81955746951022
85733,no_incendio,-6.402069451962711,-76.21591146142134
85735,no_incendio,-6.505676796415307,-75.74448285313693
85744,incendio,-7.1684,-76.3951
85746,no_incendio,-6.845471207648621,-76.36886322454563
85753,no_incendio,-6.402507911708669,-75.63264270737905
85754,no_incendio,-7.294379319518731,-75.60933586901135
85765,incendio,-8.7671,-76.293
85767,no_incendio,-6.441902560534528,-76.15943969390888
85786,no_incendio,-5.928392145710498,-76.5403998802667
85790,incendio,-6.0983,-75.8095
85792,incendio,-8.4155,-76.437
85799,no_incendio,-5.472748128836409,-77.20935781294484
85808,incendio,-8.1537,-77.2823
85811,no_incendio,-6.741427767846081,-75.52300413513564
85812,no_incendio,-6.150817748541318,-77.2743773218178
85826,incendio,-5.9969,-75.9371
85827,no_incendio,-7.3820884546139,-76.13227467193721
85844,no_incendio,-7.247461423234719,-75.57023459371909
85845,no_incendio,-7.537264707596327,-76.77993123452514
85849,no_incendio,-6.968966493455318,-76.77095416720522
85853,incendio,-6.7159,-76.4736
85855,no_incendio,-6.360714337530349,-76.51313445356357
85857,incendio,-6.9327,-76.2822
85862,no_incendio,-6.842130861811311,-76.61529209965812
85864,no_incendio,-5.87076697965016,-76.32402567938676
85869,incendio,-7.0711,-76.103
85873,no_incendio,-6.501773263941807,-76.20873227680231
85874,incendio,-7.3744,-76.7806
85876,no_incendio,-6.24016797795497,-75.64844512243143
85878,no_incendio,-5.7927379696305294,-76.1467304713267
85879,incendio,-6.5533,-76.2126
85880,incendio,-7.2928,-76.8302
85892,no_incendio,-6.654532009707288,-75.5305999621871
85896,incendio,-6.7509,-76.1734
85902,no_incendio,-7.412957121399091,-77.21617404571616
85912,incendio,-6.1429,-76.3176
85919,incendio,-6.6094,-76.0824
85920,no_incendio,-5.459589434430045,-76.77318023823041
85922,no_incendio,-6.737802446576857,-76.76156798779444
85923,incendio,-7.1772,-76.3233
85943,no_incendio,-5.767157423041838,-75.60792843558447
85951,no_incendio,-6.267765286846349,-75.88438881089547
85970,no_incendio,-5.592455159672106,-77.05696823462097
85972,incendio,-7.5895,-76.412
85989,no_incendio,-7.257884674103633,-77.06798922780067
85991,incendio,-6.2349,-77.0537
85998,no_incendio,-5.670265351646696,-76.15936780244608
85999,incendio,-7.4341,-76.6989
86006,incendio,-6.8439,-76.6462
86011,no_incendio,-7.369405359299169,-75.53775524923043
86012,no_incendio,-5.882916892819359,-76.86515934904114
86019,incendio,-7.2788,-76.8191
86020,incendio,-6.1475,-77.0358
86022,no_incendio,-6.193641518737963,-75.9541835583981
86036,incendio,-6.6281,-77.4912
86042,no_incendio,-5.882545131668422,-77.4252687375934
86043,incendio,-6.0851,-76.2947
86050,no_incendio,-7.377346584054845,-77.21066750842841
86054,no_incendio,-7.579867389663157,-75.5999817001758
86057,incendio,-6.6968,-76.286
86062,no_incendio,-6.535140869924569,-76.94972010352429
86070,no_incendio,-5.717584209483326,-76.19353141249358
86077,no_incendio,-5.888892522225688,-76.77144344906966
86086,incendio,-6.6449,-77.3515
86087,incendio,-6.6302,-76.3023
86090,incendio,-6.7029,-75.7564
86095,incendio,-8.6921,-76.328
86115,no_incendio,-5.915658751464713,-77.38575524652865
86121,incendio,-6.7833,-76.8403
86122,incendio,-7.033,-76.1573
86123,no_incendio,-7.142345675518539,-77.26966785367183
86124,incendio,-7.0008,-76.2722
86127,no_incendio,-5.525473635438348,-76.97243620940135
86129,no_incendio,-7.059198382146936,-75.77593999522976
86130,no_incendio,-6.134775971165761,-75.80907324993491
86133,no_incendio,-6.569933219427762,-75.5278161670118
86135,no_incendio,-5.932677032359028,-76.67039982026421
86145,no_incendio,-6.979782618165886,-76.34280103633438
86157,no_incendio,-7.436772555974999,-76.13512005747918
86170,incendio,-5.8662,-75.9171
86173,incendio,-8.0205,-77.3868
86178,no_incendio,-7.579948204047341,-77.15279486128607
86182,no_incendio,-6.181570378698443,-77.2403974842685
86184,incendio,-7.1014,-76.7645
86193,incendio,-7.3083,-76.6034
86202,no_incendio,-7.265385570436415,-76.15256195898944
86204,incendio,-7.5795,-76.5082
86206,incendio,-7.1425,-76.447
86210,no_incendio,-5.73056432169004,-76.88063042787364
86211,no_incendio,-7.511471498657587,-77.0305776349507
86212,incendio,-6.2452,-76.288
86220,no_incendio,-5.457985826162461,-76.51538649315398
86225,no_incendio,-6.645743757749571,-77.31611856562348
86226,no_incendio,-7.502845115494379,-76.45758833661111
86235,incendio,-7.5042,-76.5282
86238,incendio,-6.4068,-75.7475
86239,no_incendio,-6.812990607089626,-75.70820307560577
86243,no_incendio,-5.990542250974831,-75.6694532466171
86245,incendio,-6.7731,-76.565
86255,incendio,-6.6177,-76.3561
86274,no_incendio,-5.8091800479019735,-77.2012977286717
86276,incendio,-5.898,-76.1339
86281,no_incendio,-6.850119921397431,-77.18105441991001
86287,no_incendio,-5.3750389583532385,-76.27737605989306
86288,incendio,-7.3561,-76.4072
86293,incendio,-5.7039,-76.6564
86296,incendio,-6.7922,-76.8142
86297,incendio,-7.6057,-76.3981
86298,no_incendio,-5.501399945972402,-76.12442406721492
86305,incendio,-6.6715,-76.6493
86311,incendio,-5.977,-76.2536
86321,no_incendio,-5.576401103022335,-75.65589793985158
86331,no_incendio,-5.426612634680184,-75.58435399600397
86334,no_incendio,-5.592210809875936,-75.85957552026237
86343,incendio,-7.5426,-76.5155
86349,incendio,-6.2586,-76.0968
86350,incendio,-6.6388,-76.7672
86356,no_incendio,-5.877091540669871,-76.18474625697182
86357,no_incendio,-7.449590892373755,-76.60010791486725
86362,incendio,-6.7496,-76.611
86367,no_incendio,-6.010451782777754,-76.65548557621318
86371,incendio,-7.4896,-76.4537
86379,no_incendio,-6.420478782048784,-76.46157866406858
86388,no_incendio,-7.265246187084699,-76.5857245979165
86404,incendio,-8.5159,-76.426
86407,incendio,-7.2265,-76.8544
86411,no_incendio,-5.364892363396528,-76.8599043565554
86417,incendio,-8.6906,-76.3027
86419,no_incendio,-5.977893876843185,-76.20383698117358
86420,incendio,-7.6961,-77.575
86424,no_incendio,-6.8707527834716435,-77.1546220579287
86429,no_incendio,-5.532392079747417,-76.92136640270547
86437,incendio,-5.8468,-76.2228
86438,incendio,-6.4101,-77.3612
86447,no_incendio,-6.726779286673033,-77.03336380719702
86448,no_incendio,-6.6308882191110055,-76.3915553322726
86451,no_incendio,-6.505676796415307,-75.74448285313693
86453,no_incendio,-5.428382683589806,-76.59712896608411
86457,no_incendio,-5.3902001479588,-77.1291902290787
86465,no_incendio,-6.371807438398121,-75.97041325819922
86471,no_incendio,-5.712970448713469,-77.45936672905775
86484,no_incendio,-7.453299052251447,-77.18508562471676
86489,no_incendio,-7.233124705417647,-77.12066793132318
86497,no_incendio,-7.306661299403648,-77.35299757529853
86503,no_incendio,-6.905014878753814,-76.49698867319515
86510,no_incendio,-6.8824524173967765,-77.12203229237878
86513,no_incendio,-7.0475824644559095,-77.00777977835193
86522,no_incendio,-6.5631659761878876,-77.17426169429598
86523,no_incendio,-6.332355926126756,-76.57852424451565
86524,no_incendio,-6.346021842815813,-77.12333044544714
86529,no_incendio,-6.043030962073811,-76.47604236953148
86530,no_incendio,-5.784820775425025,-76.88322925526231
86536,incendio,-7.4335,-76.6143
86539,no_incendio,-7.4685281169836575,-76.45982142340358
86544,no_incendio,-7.475413502587504,-75.52501286015236
86547,no_incendio,-5.875159377973664,-77.1185525314163
86549,no_incendio,-6.673178207902485,-77.4048318758823
86556,incendio,-6.3929,-76.6809
86567,no_incendio,-6.125013751679443,-76.15307627183338
86568,no_incendio,-6.632429838819291,-76.85546244307059
86578,no_incendio,-6.370648236891197,-76.34077418345667
86581,no_incendio,-5.715242133239665,-75.6692049037983
86583,no_incendio,-7.000185157265019,-76.24279253564121
86584,no_incendio,-7.2822391020909345,-76.80145523505668
86593,no_incendio,-5.873429262130088,-76.29994874270383
86594,incendio,-7.5539,-76.2126
86601,no_incendio,-7.161262686753078,-75.93223007605604
86605,no_incendio,-6.930372562741588,-76.24468121546766
86612,incendio,-6.4096,-77.4655
86626,incendio,-6.448,-75.7047
86639,no_incendio,-5.99701125020352,-76.97976479165838
86642,incendio,-5.9833,-77.0476
86645,no_incendio,-7.521089953660397,-76.50586647383346
86649,incendio,-5.8178,-76.2067
86653,no_incendio,-6.200171336468845,-76.47517852395984
86659,no_incendio,-6.154726709997222,-75.55076367684507
86671,no_incendio,-6.010674240572804,-77.09796715104932
86677,incendio,-7.0105,-76.5113
86678,no_incendio,-7.353333723942861,-76.86451079953567
86681,no_incendio,-6.993239612195546,-76.80617132397158
86682,incendio,-8.3827,-76.3938
86689,no_incendio,-6.971890891507541,-75.84725150741345
86697,no_incendio,-6.167876331105529,-76.10362029847187
86701,incendio,-6.4468,-75.8029
86719,no_incendio,-5.880337682080549,-76.27434878275604
86722,incendio,-5.9242,-77.0656
86724,no_incendio,-5.487830888913878,-75.70248261618342
86725,incendio,-5.7904,-76.3364
86735,no_incendio,-6.380793727295641,-76.36283674136891
86739,incendio,-7.1973,-76.8606
86741,incendio,-6.8271,-76.8315
86753,incendio,-7.1736,-76.263
86770,no_incendio,-7.417769459056535,-76.0278387197161
86772,incendio,-6.581,-76.0741
86784,no_incendio,-6.312891094128834,-75.840822427949
86797,no_incendio,-6.3427644504242675,-77.35180398852548
86817,incendio,-6.2116,-76.1262
86826,incendio,-7.2703,-76.6773
86839,no_incendio,-6.377843437674785,-75.69894560383477
86847,incendio,-6.2624,-75.7951
86854,no_incendio,-5.382698663545955,-75.70884428974506
86857,no_incendio,-5.531434005442488,-77.13875106909684
86866,no_incendio,-5.976473792691887,-77.521298056028
86875,no_incendio,-6.269350897351528,-76.17554961545872
86884,no_incendio,-7.554963436234575,-75.69130210162552
86885,incendio,-6.8938,-76.1628
