id,category,latitude,longitude
4,no_incendio,-5.384232968668374,-76.97564752527742
5,incendio,-6.7754,-76.8284
9,incendio,-8.0519,-76.7766
23,incendio,-7.6067,-76.4647
30,no_incendio,-6.376048501437837,-77.12747027240657
34,incendio,-7.1611,-76.4243
38,no_incendio,-6.191430391246121,-75.84894878803162
42,no_incendio,-6.671397085491674,-75.72724206195927
54,no_incendio,-6.827947755317633,-77.24078320536096
55,no_incendio,-7.1211989995442275,-77.24932556813594
59,no_incendio,-5.809070578757959,-75.92077418660742
66,no_incendio,-7.589730303914846,-76.05435857716274
74,no_incendio,-7.093257969486561,-77.25013940551041
87,no_incendio,-5.702740983602372,-76.82721339280745
96,no_incendio,-6.895407353104692,-76.79676810992372
101,no_incendio,-6.24016797795497,-75.64844512243143
106,incendio,-6.9046,-76.1154
108,no_incendio,-7.415686202537784,-75.85189468645096
109,no_incendio,-6.727045073831165,-75.91911452014631
110,incendio,-8.6736,-76.8433
113,incendio,-8.6988,-77.2941
115,incendio,-7.1802,-76.7332
116,no_incendio,-6.573360651240456,-77.15419086763502
117,no_incendio,-6.566852763907717,-76.67622294647774
123,incendio,-6.9984,-76.9747
127,incendio,-5.9265,-76.5098
135,no_incendio,-5.926005528348797,-76.66451761423114
136,no_incendio,-7.359360612224768,-76.78029054350944
143,incendio,-6.2278,-75.9358
151,incendio,-7.3274,-76.9248
153,incendio,-8.194,-76.5262
164,incendio,-6.0665,-76.3052
178,no_incendio,-7.017817860779479,-76.95461934375838
182,incendio,-7.189,-76.3541
189,incendio,-7.3894,-76.4311
190,no_incendio,-7.279070011168152,-76.78517622564465
194,incendio,-7.3209,-76.6321
199,incendio,-8.4675,-76.3784
203,incendio,-6.7704,-76.5614
205,incendio,-7.683,-76.555
208,incendio,-8.3779,-75.5336
210,incendio,-7.1021,-76.2511
211,no_incendio,-5.8091800479019735,-77.2012977286717
217,no_incendio,-7.327654305768692,-76.79637397316769
220,incendio,-7.0719,-76.1799
226,no_incendio,-6.143493830692505,-76.5408916216836
229,incendio,-5.9009,-76.1175
233,no_incendio,-5.382698663545955,-75.70884428974506
235,no_incendio,-6.8926897104749445,-77.3151109476637
236,incendio,-8.4307,-76.3451
237,no_incendio,-7.26944697761503,-76.97064413485722
244,no_incendio,-6.470561948843736,-76.94393330664495
247,no_incendio,-5.9963693215198255,-75.6077799161721
259,incendio,-8.19,-76.514
262,incendio,-8.4258,-77.6743
263,no_incendio,-6.254046612679011,-76.94445690037632
283,incendio,-7.2079,-76.8188
285,incendio,-7.1547,-76.2719
296,no_incendio,-7.200090625449649,-75.973583692229
300,incendio,-6.9845,-76.2083
301,incendio,-6.4318,-76.5616
310,no_incendio,-6.253873442293271,-77.4856518253099
316,no_incendio,-6.796333772184817,-76.78935654696676
320,no_incendio,-5.761894026687926,-76.71626651276603
327,no_incendio,-5.4484392138134945,-75.95921509359859
328,no_incendio,-7.410323721411357,-76.86954387230432
333,incendio,-6.9201,-76.894
335,no_incendio,-7.489751819531982,-75.96573533227652
337,no_incendio,-5.992720265748597,-76.93502157829727
346,incendio,-7.1888,-76.2644
349,no_incendio,-7.006429626529349,-76.40821160101947
353,incendio,-6.2574,-75.8602
355,no_incendio,-7.188428352306568,-77.29319926370498
357,incendio,-8.6113,-76.7858
359,incendio,-7.3498,-76.6486
361,no_incendio,-5.648091386764367,-76.0845405608189
362,incendio,-7.4335,-76.6265
364,no_incendio,-6.044963123942919,-77.48508183574644
373,no_incendio,-5.335389403596253,-76.01475499828726
377,no_incendio,-6.178368777472011,-76.33706394423045
379,incendio,-7.2327,-77.7744
382,no_incendio,-6.271617281791801,-76.2353167311132
384,no_incendio,-7.121218145710977,-75.81337445472924
391,no_incendio,-5.780675568523146,-77.4440499191556
400,no_incendio,-7.377600559830132,-77.019111932187
403,no_incendio,-7.447437630617855,-75.7762682609642
405,incendio,-7.4844,-76.698
408,no_incendio,-6.156050459707027,-75.66218917207854
411,no_incendio,-6.038536990606767,-77.06716652123592
416,no_incendio,-6.524425930701368,-75.5544292150011
417,no_incendio,-6.787959079277664,-75.64572689392233
420,no_incendio,-5.402348170521421,-77.02463779239379
421,no_incendio,-6.041174269159521,-76.02071621272385
424,incendio,-7.3327,-76.5731
431,incendio,-6.7467,-76.469
434,no_incendio,-6.672235518740384,-76.40469486255991
435,no_incendio,-5.977954403238399,-75.89740788010133
436,incendio,-8.5125,-77.306
446,incendio,-6.959,-76.0876
451,no_incendio,-6.6084019823282665,-76.06077967767854
458,no_incendio,-6.263351561254887,-76.64078067531564
467,no_incendio,-6.737059261843657,-77.50234796745673
470,no_incendio,-7.351997452668049,-75.86863921087647
473,no_incendio,-6.685049559983484,-76.41070291621934
475,incendio,-7.1791,-77.0942
482,no_incendio,-7.391479645520882,-76.64610969758941
485,no_incendio,-5.503666402060762,-76.62944463990817
489,no_incendio,-5.889428519671102,-75.83985217439051
491,no_incendio,-6.6015678247259215,-76.27888093028594
497,no_incendio,-6.5644589298315985,-76.41194631888501
501,incendio,-7.3752,-76.4326
502,incendio,-6.5348,-76.28
503,incendio,-7.379,-76.5543
507,no_incendio,-7.076017752800738,-75.91978389352657
536,incendio,-6.2177,-76.3438
539,incendio,-6.1656,-77.7797
541,incendio,-8.1026,-77.4846
546,no_incendio,-6.428027041919373,-76.62475957936073
549,incendio,-6.6944,-76.7165
550,incendio,-5.9437,-76.258
554,no_incendio,-6.367884072608207,-76.17501426406548
557,no_incendio,-5.900355019577343,-76.50972621036057
558,incendio,-6.6365,-76.4212
559,no_incendio,-6.911906202214161,-76.30385492841812
563,incendio,-5.6786,-76.4201
569,incendio,-5.8864,-76.3601
571,no_incendio,-6.9560251993392335,-75.65244127896328
579,incendio,-7.2172,-76.0704
583,incendio,-7.0537,-76.6446
586,incendio,-6.3335,-75.8994
592,no_incendio,-6.545824570129261,-76.83977337637627
598,no_incendio,-5.441244045280792,-76.19936571316805
604,no_incendio,-7.333242178068196,-76.42984929938181
605,incendio,-6.7323,-76.626
607,no_incendio,-5.87938832915223,-76.90538612384941
613,incendio,-5.6977,-76.1742
614,incendio,-6.1019,-76.8951
620,incendio,-5.711,-76.458
622,no_incendio,-6.7183540623229865,-77.22771131243218
630,incendio,-5.7745,-75.8804
639,no_incendio,-5.740185734953845,-76.52718705325192
648,no_incendio,-5.7783488736056645,-77.39085635603547
651,no_incendio,-5.576772469133078,-75.97592638298059
652,incendio,-6.6888,-76.7233
654,no_incendio,-6.0457356441581505,-76.76564488218803
658,no_incendio,-6.271888529403575,-75.79765684657775
661,incendio,-7.1197,-76.3282
662,incendio,-7.6726,-76.6576
671,no_incendio,-5.877091540669871,-76.18474625697182
677,no_incendio,-7.3828581911388165,-75.8721549637632
694,incendio,-7.3229,-76.301
698,incendio,-7.3727,-76.7416
709,incendio,-6.7347,-76.7618
718,incendio,-6.792,-76.8242
725,no_incendio,-6.980328156805363,-75.58165966551039
726,no_incendio,-5.472748128836409,-77.20935781294484
732,no_incendio,-7.453299052251447,-77.18508562471676
735,incendio,-7.4958,-77.2937
739,incendio,-5.8188,-76.1491
744,no_incendio,-5.489245275525123,-76.82667902790362
756,incendio,-5.7131,-75.9202
762,no_incendio,-7.038481344593258,-77.380855509791
764,incendio,-7.1347,-76.9128
771,incendio,-8.2716,-77.6186
774,incendio,-7.8155,-77.5643
776,no_incendio,-5.405996026832457,-77.00825976917662
777,no_incendio,-6.323745703888591,-76.07826663303581
783,no_incendio,-6.156444886914189,-76.11831601972577
790,incendio,-6.1083,-76.8391
796,incendio,-6.8195,-76.4994
799,no_incendio,-5.695046426207607,-76.82428560854454
806,no_incendio,-5.7829185122707605,-75.83627637612751
818,incendio,-7.1249,-76.0551
821,no_incendio,-5.593541454604672,-77.03576741540543
826,no_incendio,-7.132755841156035,-76.3660848783576
830,no_incendio,-5.4433732153340495,-76.71634375535739
831,no_incendio,-5.733329701316475,-76.97970479241751
837,incendio,-5.6044,-76.6346
840,no_incendio,-6.360714337530349,-76.51313445356357
842,no_incendio,-7.152579773463051,-77.33584101890563
847,incendio,-6.6533,-76.4154
849,no_incendio,-7.126628531945264,-77.1694503862003
861,no_incendio,-7.161262686753078,-75.93223007605604
869,incendio,-6.8737,-76.1086
871,incendio,-5.4068,-75.7338
872,incendio,-6.496,-76.4748
875,no_incendio,-6.045557480896305,-76.73042918045354
876,no_incendio,-6.0258388422724725,-75.8823418796658
882,no_incendio,-5.397648721010737,-76.34314573163867
888,no_incendio,-7.0290210902954895,-76.54683053820943
890,incendio,-6.3011,-76.6001
898,no_incendio,-6.090705105654209,-75.76196358722034
912,no_incendio,-7.5348116135080625,-76.04270078901092
915,incendio,-7.9449,-76.8124
916,no_incendio,-6.543469703142076,-77.05698988429933
923,incendio,-6.3222,-75.8874
929,no_incendio,-7.4291899383099445,-76.99344952239323
944,incendio,-6.7572,-76.5948
951,no_incendio,-6.227801736418022,-76.3562846673644
967,no_incendio,-7.5120911115649465,-76.43294446778411
970,no_incendio,-7.233369543625463,-75.83176043083628
971,incendio,-7.0117,-76.2257
975,incendio,-8.4631,-76.3463
980,no_incendio,-6.730215654444688,-76.84821672271427
985,no_incendio,-5.592798700137297,-76.77202119029057
996,incendio,-8.3706,-76.3692
999,no_incendio,-6.107287203943645,-77.4216594793923
1002,incendio,-5.9467,-76.2185
1004,incendio,-8.3626,-75.5014
1007,no_incendio,-5.8091800479019735,-77.2012977286717
1030,incendio,-7.4557,-76.4665
1036,incendio,-7.5456,-77.6266
1037,no_incendio,-5.617274160260966,-77.39479584552937
1040,no_incendio,-5.882545131668422,-77.4252687375934
1041,no_incendio,-6.114431837075887,-77.3791914454974
1048,no_incendio,-7.1324095624727075,-76.25453754327332
1049,no_incendio,-6.446999968584335,-76.20534088443561
1050,no_incendio,-6.199800156726071,-75.87903812084684
1058,no_incendio,-6.798024401154352,-77.5135347592825
1061,incendio,-8.7066,-76.8004
1064,incendio,-6.0225,-76.2293
1068,no_incendio,-5.67746740794027,-76.11677597680215
1084,incendio,-7.24,-76.3518
1089,no_incendio,-6.590618313605878,-75.87293609884875
1095,incendio,-6.2949,-75.9162
1117,no_incendio,-5.733303330887296,-76.64353813041618
1118,incendio,-7.3774,-76.8416
1124,no_incendio,-5.976563784411299,-76.98024729252694
1128,incendio,-6.5855,-75.6295
1131,incendio,-6.8215,-76.2917
1134,no_incendio,-6.56442664767728,-76.08300934140289
1138,no_incendio,-6.7449829270010735,-76.32449330393015
1141,incendio,-7.0712,-76.4348
1144,incendio,-6.1039,-76.4324
1152,incendio,-7.082,-76.0955
1156,incendio,-5.8318,-76.2072
1161,no_incendio,-6.679897679386204,-77.34823338283437
1165,no_incendio,-7.153254312142147,-75.61931012295983
1174,incendio,-6.1956,-76.3014
1182,no_incendio,-7.4333859418143975,-75.94488928476447
1183,incendio,-8.3695,-76.3826
1185,incendio,-6.2521,-75.9461
1192,incendio,-8.4924,-75.5773
1193,no_incendio,-7.547278454305467,-75.69007439703174
1199,no_incendio,-5.926005528348797,-76.66451761423114
1204,no_incendio,-5.704328166594409,-76.92480673286192
1207,incendio,-7.1533,-76.3286
1213,no_incendio,-7.333242178068196,-76.42984929938181
1216,incendio,-6.6868,-76.5268
1217,no_incendio,-7.1695522446443345,-76.10103400972879
1220,no_incendio,-5.874728243249529,-75.64280851778764
1231,incendio,-6.6852,-76.6986
1241,no_incendio,-6.3280159994888185,-76.39673641063581
1247,no_incendio,-6.535327617861432,-76.18785766882165
1250,incendio,-7.2794,-76.3408
1255,incendio,-6.5852,-75.5716
1271,incendio,-7.8875,-75.5311
1273,incendio,-6.2491,-75.7888
1280,incendio,-7.1121,-76.2733
1282,no_incendio,-5.847406715102243,-76.75028342676669
1283,no_incendio,-6.174948624269397,-76.36859139619342
1290,incendio,-6.9571,-76.6637
1291,incendio,-6.2169,-76.0565
1298,no_incendio,-6.9398975097013755,-76.27516039033146
1301,incendio,-8.7546,-76.1442
1302,incendio,-6.191,-76.0403
1304,incendio,-7.4236,-76.8339
1305,no_incendio,-7.010242517235748,-76.48324440357516
1313,no_incendio,-7.146378092145123,-77.2986162837755
1315,no_incendio,-6.56383921503927,-77.29970461755646
1317,no_incendio,-6.632429838819291,-76.85546244307059
1323,no_incendio,-6.5305605417841495,-76.81567387832536
1325,incendio,-7.1934,-77.7621
1332,no_incendio,-5.46295343513328,-75.95414593487065
1334,no_incendio,-5.437451651862052,-75.53119555354411
1336,incendio,-5.9761,-76.4615
1337,incendio,-6.1614,-76.2879
1338,no_incendio,-5.702092527781607,-76.13722323166839
1345,incendio,-6.1826,-76.9102
1346,incendio,-6.699,-76.0664
1348,no_incendio,-5.605657953237715,-77.33944421680316
1358,incendio,-6.4887,-76.3747
1370,incendio,-7.1708,-76.1246
1377,no_incendio,-5.784303765593545,-77.38031017269847
1386,no_incendio,-6.260923080518788,-75.61074627640608
1400,no_incendio,-7.147843120370421,-77.31448550971452
1403,incendio,-7.2311,-76.0887
1407,no_incendio,-5.7006314608305315,-76.5774762709844
1419,no_incendio,-5.304618892030704,-75.54825226766168
1425,no_incendio,-6.918732727057085,-75.61509017346891
1429,incendio,-8.3744,-77.7718
1433,no_incendio,-5.740185734953845,-76.52718705325192
1435,incendio,-8.7889,-76.1977
1438,no_incendio,-6.4643629782720495,-76.22804730377794
1442,incendio,-7.3859,-76.837
1447,no_incendio,-7.396293728832261,-76.90325278525978
1449,no_incendio,-6.47471877796748,-76.53215890651624
1451,incendio,-7.5081,-76.2432
1455,no_incendio,-5.871711432876104,-76.01772742487569
1457,no_incendio,-6.500803234494254,-76.0342561681164
1459,incendio,-6.3122,-76.0019
1461,incendio,-8.0004,-77.7769
1462,no_incendio,-6.890142536767722,-76.21093731168023
1463,incendio,-7.0957,-76.0897
1464,incendio,-7.4154,-76.6819
1465,incendio,-8.4643,-76.4973
1481,incendio,-6.4656,-76.501
1483,no_incendio,-6.0889717541826,-76.72492959412638
1485,no_incendio,-6.559185707653601,-77.1814362546677
1491,no_incendio,-6.974678823081742,-77.45775985292939
1492,incendio,-6.0345,-76.2844
1494,no_incendio,-5.913540783181642,-75.98552159371732
1504,incendio,-6.9624,-77.73
1512,no_incendio,-6.982455617549805,-76.38860618436227
1529,no_incendio,-6.64478404826466,-77.47389165461708
1530,no_incendio,-5.872543626896172,-76.44213080221468
1531,incendio,-7.3095,-75.5963
1534,no_incendio,-6.482952600752266,-75.66603340235945
1537,no_incendio,-7.587620813063947,-76.03285942876866
1544,incendio,-7.2122,-76.5854
1550,incendio,-5.985,-76.1624
1554,incendio,-6.1494,-76.8836
1556,no_incendio,-6.833720284532176,-77.09053083344739
1557,no_incendio,-7.3149099675334295,-77.43142674686392
1563,no_incendio,-6.523101272024747,-76.18587374952666
1569,incendio,-6.8909,-76.6509
1571,incendio,-6.8794,-76.8494
1588,incendio,-6.2604,-76.0607
1589,incendio,-6.1571,-76.2371
1603,no_incendio,-7.110610391202952,-75.57270966365749
1609,no_incendio,-7.080940596432744,-77.316377811303
1617,no_incendio,-7.532917537712722,-76.04821551837472
1625,incendio,-5.9986,-77.2249
1630,incendio,-7.4434,-76.3727
1640,incendio,-8.5004,-76.4149
1641,no_incendio,-6.586322213980279,-76.11222675311737
1642,no_incendio,-6.980365789444828,-76.90654360978435
1656,incendio,-7.0882,-77.6092
1661,incendio,-7.1732,-76.0518
1667,incendio,-7.3825,-76.8121
1674,no_incendio,-7.516029592309847,-76.17814319860955
1676,incendio,-5.8271,-77.124
1690,incendio,-8.7422,-76.3551
1696,no_incendio,-5.5369399299131885,-77.31171501653961
1697,incendio,-6.8989,-76.5952
1706,incendio,-5.668,-76.4809
1710,no_incendio,-6.4639019169792,-77.30480351088205
1713,incendio,-6.7881,-76.4833
1717,incendio,-6.6989,-76.7495
1732,incendio,-7.2309,-76.7521
1735,no_incendio,-5.364004538303699,-76.51587462337326
1750,incendio,-7.4955,-76.7676
1753,no_incendio,-7.006429626529349,-76.40821160101947
1754,no_incendio,-6.871712261045699,-76.6810612935972
1755,incendio,-6.3563,-75.916
1759,no_incendio,-5.7870347665351245,-76.83855785035811
1760,no_incendio,-7.192676000546934,-77.13476748134192
1765,no_incendio,-7.587620813063947,-76.03285942876866
1776,incendio,-6.6191,-77.5296
1778,no_incendio,-6.072007171578419,-77.37389388906047
1780,incendio,-6.9927,-76.1274
1782,incendio,-7.3322,-76.307
1785,no_incendio,-7.468725772429347,-76.10537576868492
1786,no_incendio,-6.158099214586715,-77.01707847694989
1788,no_incendio,-6.702659611656615,-77.00358407805038
1790,no_incendio,-6.1245241179034995,-75.6853524981565
1807,no_incendio,-6.775573791793621,-76.68783581514383
1813,incendio,-7.0606,-76.8236
1834,no_incendio,-5.509842715479968,-77.22974622552158
1844,no_incendio,-6.801666192426729,-76.32704638741743
1846,no_incendio,-7.189450340778986,-77.41360825598564
1853,incendio,-6.4919,-76.7725
1855,incendio,-6.6989,-76.3503
1874,no_incendio,-6.5875457295775695,-76.60562453766775
1881,no_incendio,-5.702364736345534,-76.72144500150783
1885,no_incendio,-7.457798199513177,-76.25066528876945
1893,no_incendio,-7.475453840000244,-77.09283995143899
1899,incendio,-6.167,-76.2359
1901,incendio,-7.6445,-76.4691
1903,incendio,-6.7448,-77.4011
1905,no_incendio,-5.362923654155092,-76.9119868960568
1907,no_incendio,-7.518549043794622,-77.46918278069812
1915,incendio,-7.1271,-76.9209
1916,incendio,-8.6692,-76.8659
1919,incendio,-7.2851,-76.0404
1923,incendio,-5.9691,-76.4562
1926,no_incendio,-5.593725246250177,-76.70151478021911
1928,no_incendio,-5.3902001479588,-77.1291902290787
1939,incendio,-6.6978,-76.4434
1940,no_incendio,-6.9256501234330665,-77.07157879837493
1945,no_incendio,-6.520841370621428,-77.36086106907894
1959,no_incendio,-5.626490573988114,-76.90197669049898
1961,no_incendio,-6.6229879670061225,-75.80299704996388
1962,no_incendio,-6.165729925483304,-75.50698017130118
1966,incendio,-6.596,-76.7413
1974,incendio,-7.2378,-76.3525
1984,no_incendio,-5.47343524575129,-77.16854589553184
1993,incendio,-6.7244,-76.6149
2002,no_incendio,-5.882274902361616,-77.44582575941578
2003,incendio,-6.8151,-76.1995
2016,incendio,-6.3298,-76.6242
2017,incendio,-6.2502,-76.24
2020,incendio,-7.3632,-76.5198
2021,incendio,-6.0574,-76.9177
2022,no_incendio,-7.544493851248457,-76.73397529490327
2023,no_incendio,-7.5993037570991975,-77.49364640835546
2027,no_incendio,-6.163392021425101,-76.6587242460342
2028,no_incendio,-5.592011294671137,-75.99975689195666
2029,no_incendio,-7.086474485794749,-76.34589785341001
2030,no_incendio,-6.924448496070446,-76.71293736630675
2031,no_incendio,-6.331589003630742,-76.77579913568411
2032,no_incendio,-5.313019632246528,-76.68398647617104
2046,incendio,-8.6149,-76.6336
2054,no_incendio,-5.348479960720765,-76.73008143184053
2056,no_incendio,-6.7183540623229865,-77.22771131243218
2061,incendio,-7.2363,-77.0699
2062,incendio,-8.7859,-76.1537
2066,no_incendio,-6.2701925367746005,-76.81498053088146
2070,no_incendio,-7.3828581911388165,-75.8721549637632
2073,no_incendio,-7.127093555738052,-76.84105088577114
2074,no_incendio,-6.057503629200967,-77.04560463513205
2076,incendio,-6.7261,-76.564
2077,no_incendio,-6.720824554718193,-75.50396784261568
2080,incendio,-6.9936,-76.1428
2085,incendio,-7.198,-76.4319
2088,incendio,-6.2482,-75.9003
2095,no_incendio,-6.622512429028128,-75.69288323438259
2099,no_incendio,-7.432169915425975,-77.00609767863013
2105,incendio,-6.014,-77.7409
2115,no_incendio,-7.287912531535466,-77.51954103984086
2117,incendio,-6.8912,-76.5525
2120,no_incendio,-6.324884637478815,-77.29362980195512
2123,no_incendio,-7.225892265359727,-76.0093087691897
2124,no_incendio,-6.3823444451531675,-76.72222524088096
2127,no_incendio,-6.837388041019548,-77.0882269714977
2129,no_incendio,-5.4181719579024135,-75.50050796250098
2133,incendio,-5.8176,-76.203
2134,incendio,-6.4925,-76.7864
2136,incendio,-8.4822,-75.5094
2140,no_incendio,-5.952845703420467,-75.94148049091352
2142,no_incendio,-6.06053085389649,-76.20595346492193
2159,no_incendio,-7.108875568796339,-76.54317690372051
2162,incendio,-6.5447,-76.7601
2165,no_incendio,-7.324574626236314,-75.71532261392345
2166,no_incendio,-7.532849923430585,-75.98985614002991
2172,no_incendio,-5.873429262130088,-76.29994874270383
2176,incendio,-6.7418,-76.7155
2179,incendio,-5.6859,-77.1301
2183,incendio,-7.4729,-76.3557
2184,incendio,-7.0208,-76.7749
2195,no_incendio,-5.573273095808294,-75.56339149066723
2196,no_incendio,-5.833991570039085,-76.02950285469245
2197,incendio,-5.9888,-77.2827
2198,no_incendio,-6.115000416217251,-76.1078208358849
2199,no_incendio,-6.441502518699965,-76.95262753749782
2207,incendio,-7.2304,-76.3234
2208,no_incendio,-6.895407353104692,-76.79676810992372
2210,incendio,-5.7492,-76.5148
2216,no_incendio,-5.73056432169004,-76.88063042787364
2229,incendio,-5.8139,-76.1576
2231,no_incendio,-6.9303848627730344,-77.0665622069992
2246,incendio,-6.4524,-75.7597
2253,no_incendio,-7.324122621539671,-77.54410654355205
2260,no_incendio,-7.495613592310532,-75.66310159178755
2263,incendio,-6.7486,-76.1865
2264,incendio,-7.1112,-76.2683
2271,incendio,-6.5812,-75.5562
2272,incendio,-7.2885,-76.377
2273,no_incendio,-6.184018518963494,-76.64827203950954
2274,no_incendio,-7.251053016973333,-77.43482372064443
2278,incendio,-7.1794,-76.8161
2284,incendio,-7.2225,-76.7178
2287,incendio,-6.8248,-76.971
2291,incendio,-5.6448,-76.2175
2292,incendio,-8.4447,-76.2359
2301,incendio,-5.9731,-75.7985
2306,incendio,-6.9678,-76.7186
2311,no_incendio,-5.870963672466929,-77.09658024694261
2312,incendio,-6.084,-77.1553
2317,no_incendio,-6.8417920837321375,-75.96494227446114
2323,no_incendio,-5.811072574827341,-76.93022226699888
2331,no_incendio,-7.4582565567314925,-76.8374558308584
2332,incendio,-6.6618,-76.7465
2340,no_incendio,-6.3402826742912515,-75.67543757743714
2345,no_incendio,-7.404918457174354,-77.31458873150697
2355,incendio,-8.35,-76.3342
2357,no_incendio,-7.201796098982287,-75.59066106327278
2360,no_incendio,-6.061848479102238,-75.8084457666632
2373,no_incendio,-6.808298154641365,-77.1261442416624
2374,incendio,-6.811,-76.652
2378,no_incendio,-7.234182176376593,-76.40213823666475
2383,no_incendio,-6.727604587458214,-76.26589680418019
2385,incendio,-6.644,-76.4201
2391,no_incendio,-5.3130357942785436,-76.58858316456917
2392,incendio,-6.6923,-76.2661
2394,no_incendio,-5.847351714277372,-76.19994787889544
2405,incendio,-7.3092,-76.4465
2410,incendio,-6.7289,-76.1348
2417,no_incendio,-6.252480366224789,-76.488140203218
2420,incendio,-8.6888,-76.1766
2427,incendio,-6.0182,-77.0867
2429,incendio,-6.0605,-76.1372
2430,no_incendio,-7.0802266587833635,-75.87902422488
2446,no_incendio,-6.208571378644004,-77.08847372883292
2451,no_incendio,-5.845552774346191,-76.31135197083327
2477,incendio,-8.7715,-76.2726
2478,no_incendio,-6.228351070264562,-77.26637950725386
2492,incendio,-7.119,-76.106
2498,incendio,-6.7911,-76.2762
2500,incendio,-5.9568,-76.1664
2517,no_incendio,-7.251561643617498,-77.13535304350323
2520,incendio,-7.1268,-76.9123
2534,incendio,-7.3096,-76.1427
2542,incendio,-8.6111,-76.6798
2545,incendio,-5.7602,-75.9857
2546,no_incendio,-5.403821247036303,-76.32388095777216
2548,no_incendio,-7.0475824644559095,-77.00777977835193
2557,no_incendio,-6.3823444451531675,-76.72222524088096
2559,incendio,-6.8589,-76.6963
2565,incendio,-6.8166,-76.8233
2568,no_incendio,-5.719448744498719,-77.23298516632254
2571,no_incendio,-6.709679366409026,-76.89232327371961
2581,incendio,-7.0478,-77.0848
2585,no_incendio,-5.39776817495506,-77.21180440723553
2594,no_incendio,-6.181570378698443,-77.2403974842685
2598,incendio,-6.5724,-76.7649
2602,incendio,-7.2317,-76.3737
2609,incendio,-7.304,-76.5765
2613,no_incendio,-5.423715260330031,-75.80260147002005
2620,no_incendio,-7.2822391020909345,-76.80145523505668
2625,incendio,-8.238,-76.5694
2628,no_incendio,-5.655403371061297,-77.22066038141541
2635,no_incendio,-5.623597121632923,-75.81781716667395
2636,incendio,-7.5529,-76.647
2638,incendio,-7.0639,-76.6812
2641,incendio,-6.5678,-76.7582
2644,no_incendio,-6.477469375479229,-76.23310758199833
2656,no_incendio,-5.659847709526774,-75.83935663792408
2660,no_incendio,-5.808901068525282,-75.66941144469334
2669,no_incendio,-5.444716599482646,-75.83682474093726
2672,incendio,-7.1118,-76.0352
2678,incendio,-5.8182,-76.2088
2681,incendio,-5.7789,-77.244
2682,incendio,-6.432,-76.4661
2684,no_incendio,-6.877247924736086,-76.70115338296226
2689,incendio,-7.3107,-76.1311
2691,no_incendio,-6.931488241799888,-76.75916732730077
2694,no_incendio,-6.081931713189248,-77.21688851873837
2699,no_incendio,-7.404587411347148,-77.48236039818194
2711,no_incendio,-5.914538807022697,-77.31789261845223
2715,incendio,-6.9973,-76.3638
2722,no_incendio,-6.3737423006602185,-77.16577350376646
2724,incendio,-7.3794,-76.5633
2726,no_incendio,-6.94200325407077,-76.26001952788216
2727,no_incendio,-5.588564731066238,-76.5170155204318
2730,no_incendio,-6.248141133810431,-75.50987121265236
2750,incendio,-6.686,-76.5548
2752,no_incendio,-5.433480478841975,-76.00940335234054
2753,incendio,-6.2058,-75.8329
2761,incendio,-6.7623,-77.5043
2767,no_incendio,-6.252480366224789,-76.488140203218
2772,incendio,-7.2317,-76.8113
2776,no_incendio,-5.6909060907931215,-77.03642215530066
2779,incendio,-7.1191,-76.3042
2783,no_incendio,-6.596577810973727,-76.74231910069577
2787,no_incendio,-7.191225918716162,-75.54734215721196
2790,no_incendio,-7.12053033714668,-76.21891493903652
2793,no_incendio,-7.508226717447944,-76.74892470083597
2796,incendio,-7.3522,-76.7774
2808,incendio,-7.3008,-76.9325
2809,incendio,-8.7291,-76.2817
2816,incendio,-6.5418,-77.7428
2817,incendio,-5.8194,-77.357
2822,incendio,-6.3312,-75.8767
2835,incendio,-6.6349,-76.2592
2836,no_incendio,-5.4936747276233415,-76.30736022674145
2837,no_incendio,-6.420478782048784,-76.46157866406858
2838,incendio,-7.1009,-76.7048
2852,incendio,-5.5735,-75.8567
2853,no_incendio,-5.522972759309926,-75.80819311512354
2854,no_incendio,-5.364803393991686,-76.99948220762177
2856,no_incendio,-6.181570378698443,-77.2403974842685
2867,no_incendio,-7.343476837968453,-76.86299220846689
2870,incendio,-8.3857,-76.7561
2879,no_incendio,-7.175345171516485,-76.32071616128651
2885,incendio,-7.0394,-76.5704
2886,no_incendio,-5.721753234372427,-77.04300744557013
2887,no_incendio,-7.320562522058949,-77.46500712713217
2894,no_incendio,-5.4225864404931166,-77.44996456310464
2897,no_incendio,-5.65611924902812,-76.450948774078
2899,incendio,-7.213,-76.4677
2903,no_incendio,-7.433177363041198,-76.83037064638081
2908,no_incendio,-6.934543735011002,-76.3579106281597
2913,incendio,-7.2914,-76.8464
2914,incendio,-7.0349,-77.0948
2920,incendio,-8.5544,-77.229
2923,incendio,-5.7478,-76.4637
2935,incendio,-7.3844,-76.6379
2937,incendio,-7.0684,-76.8307
2938,no_incendio,-5.569129164967829,-76.89146867970102
2942,incendio,-7.2805,-76.4621
2946,no_incendio,-5.394785578322833,-77.00358788486766
2960,no_incendio,-7.448510829758505,-75.60130591089083
2969,incendio,-7.4034,-76.8514
2973,no_incendio,-7.089179421889268,-75.95457712793731
2980,incendio,-6.9565,-76.1948
2982,no_incendio,-7.017832061015762,-77.13978816386988
2986,no_incendio,-7.508226717447944,-76.74892470083597
2991,incendio,-6.776,-76.7806
3006,no_incendio,-6.446499470618798,-75.63834110129498
3011,incendio,-6.695,-76.2973
3012,incendio,-8.7284,-76.758
3017,no_incendio,-7.1362153859124,-76.23261669430515
3019,no_incendio,-7.486384119244431,-77.33522717320785
3020,no_incendio,-5.712666897985722,-76.23826320211337
3022,incendio,-7.0869,-76.9369
3027,incendio,-7.1171,-77.073
3032,incendio,-6.6526,-76.1288
3039,incendio,-6.672,-76.6397
3040,no_incendio,-6.884683844966387,-77.48590774056447
3044,no_incendio,-5.9969306066925245,-75.59395245076587
3067,no_incendio,-6.787051317211901,-77.10628604223226
3075,no_incendio,-6.525952464139444,-76.13787075319888
3085,no_incendio,-7.583980416472904,-76.77428219658412
3088,incendio,-7.0403,-77.6624
3100,no_incendio,-6.852956066598707,-75.87105804229083
3116,no_incendio,-6.165139577023006,-77.17733248367045
3118,incendio,-7.532,-77.5157
3120,no_incendio,-6.395505819847665,-76.99761432969862
3121,incendio,-6.7686,-76.9318
3126,incendio,-7.3194,-76.5531
3127,no_incendio,-5.870407571755855,-76.43899593158982
3129,no_incendio,-5.912936167732294,-77.52366975560912
3143,no_incendio,-6.48340164417584,-76.67965578486029
3144,no_incendio,-5.5909380667142425,-76.34281748442757
3145,no_incendio,-6.9712876814104,-75.72933923833854
3152,no_incendio,-5.83234820585484,-77.1167119832574
3160,no_incendio,-7.028663799217614,-75.85033836524988
3161,incendio,-6.753,-77.4322
3164,no_incendio,-7.170373075763204,-77.40179462648253
3170,no_incendio,-5.702153316153597,-75.54463550563808
3179,incendio,-8.1677,-77.3762
3180,incendio,-6.2941,-75.9009
3183,no_incendio,-5.881820929193948,-76.58450370780717
3194,incendio,-8.768,-76.2617
3196,incendio,-6.9077,-76.2583
3199,no_incendio,-6.444054607789215,-75.60852282337595
3206,no_incendio,-7.4286037527901305,-75.69674631092113
3217,no_incendio,-6.462614163555006,-75.61289892495
3227,no_incendio,-5.3860874889168056,-76.83704410013208
3236,no_incendio,-7.127093555738052,-76.84105088577114
3242,no_incendio,-6.096039133600909,-76.29380539264065
3243,no_incendio,-6.664505823088651,-77.4814157749719
3245,no_incendio,-5.688886934346843,-77.36422749238871
3247,no_incendio,-5.812760524192122,-77.54920790478845
3249,incendio,-5.9104,-75.9346
3255,incendio,-5.7558,-77.5397
3256,incendio,-7.2742,-76.1433
3258,incendio,-7.4167,-76.3959
3262,incendio,-6.5473,-76.4822
3282,no_incendio,-6.522871972647179,-77.1088712424184
3283,incendio,-5.8713,-77.1617
3286,incendio,-7.3598,-76.732
3291,incendio,-7.1045,-76.2404
3301,no_incendio,-5.364004538303699,-76.51587462337326
3302,incendio,-7.0179,-76.7197
3306,incendio,-7.2992,-76.7588
3321,no_incendio,-5.591020062659783,-76.63960042736485
3330,incendio,-7.236,-76.3994
3336,no_incendio,-6.599702785570768,-77.42370077864948
3338,no_incendio,-7.392284579694012,-76.18139927079382
3349,no_incendio,-7.354116731290223,-76.66396776801037
3351,incendio,-7.2387,-76.329
3353,incendio,-7.2344,-76.5059
3358,no_incendio,-6.1592934714330285,-77.34475903708392
3359,incendio,-6.0326,-76.97
3360,incendio,-7.1096,-76.2139
3362,no_incendio,-5.73056432169004,-76.88063042787364
3377,no_incendio,-5.5629279584591815,-75.58676722265717
3381,no_incendio,-5.882379700992915,-75.5521215473338
3382,incendio,-6.0375,-75.7869
3383,incendio,-8.7271,-76.9811
3384,incendio,-7.3344,-76.8191
3390,no_incendio,-6.6308882191110055,-76.3915553322726
3393,incendio,-7.9039,-75.5617
3400,incendio,-6.485,-76.7462
3401,no_incendio,-6.163392021425101,-76.6587242460342
3404,no_incendio,-6.037617039183259,-75.8633441160442
3405,incendio,-6.5136,-76.4778
3414,no_incendio,-5.4986752575716835,-76.99704879250469
3421,incendio,-7.1492,-77.6904
3427,no_incendio,-6.049730139654961,-77.46082735480461
3430,incendio,-6.5375,-76.0158
3435,no_incendio,-6.476078930269108,-76.12579467837428
3440,incendio,-6.3823,-75.7332
3446,no_incendio,-6.0233548840546405,-75.92044328528023
3450,incendio,-6.3409,-75.7098
3451,no_incendio,-5.968449402504552,-76.53045151016956
3463,no_incendio,-5.9729308547052575,-77.19584889522876
3465,incendio,-6.8357,-76.8686
3466,no_incendio,-5.713381764634589,-75.84586135415395
3472,incendio,-8.0301,-76.6688
3473,no_incendio,-6.134775971165761,-75.80907324993491
3478,no_incendio,-7.446777051363318,-75.55823277277759
3481,no_incendio,-6.937481703505858,-75.66626594730945
3484,no_incendio,-5.525266717128592,-75.70624108601852
3488,no_incendio,-5.7191381114518585,-75.62467986900144
3494,incendio,-7.1433,-76.895
3497,no_incendio,-6.09585600344774,-76.33181330264762
3502,no_incendio,-5.861935904469697,-76.55512186642105
3508,no_incendio,-6.331589003630742,-76.77579913568411
3513,no_incendio,-6.645743757749571,-77.31611856562348
3521,no_incendio,-6.566852763907717,-76.67622294647774
3523,incendio,-7.2285,-76.813
3524,incendio,-7.4686,-76.2405
3526,no_incendio,-6.490391135640375,-76.20592887580928
3531,no_incendio,-6.183798772159494,-75.95166434619192
3533,no_incendio,-6.269350897351528,-76.17554961545872
3555,no_incendio,-7.178109146033509,-76.55931189942505
3556,incendio,-6.8867,-76.7689
3568,no_incendio,-5.463870053471811,-75.65012298252523
3570,incendio,-6.651,-77.4727
3572,no_incendio,-7.454920494649443,-76.8925561147692
3577,no_incendio,-5.593725246250177,-76.70151478021911
3584,incendio,-5.767,-76.1894
3592,no_incendio,-5.68462514388274,-76.77383589546262
3593,no_incendio,-6.140503448389999,-75.89152757203433
3594,incendio,-7.3741,-76.5489
3603,incendio,-7.4677,-76.4026
3606,no_incendio,-6.843242986862935,-76.83119639273687
3609,no_incendio,-7.598815481458372,-76.55352785980209
3611,no_incendio,-5.363992552344843,-76.65462431014006
3629,no_incendio,-5.9287884158970305,-76.31836219337158
3630,no_incendio,-6.705083355769138,-77.07784196502678
3644,no_incendio,-6.22075638484601,-75.88403940669497
3646,incendio,-6.6932,-76.8168
3655,no_incendio,-6.664383213747135,-77.16631140190985
3663,no_incendio,-6.1849308797193405,-77.44943428599332
3664,incendio,-6.8405,-76.2876
3687,no_incendio,-6.130872662806922,-76.5006312043827
3688,no_incendio,-6.777339583024972,-77.16983093641421
3690,incendio,-6.7788,-76.6788
3698,incendio,-7.5363,-76.505
3706,no_incendio,-6.975460361902677,-76.92162456472533
3710,incendio,-7.2228,-76.0854
3712,no_incendio,-6.061518078525839,-76.0131222295071
3717,incendio,-6.7233,-76.8476
3728,incendio,-7.0784,-76.1324
3730,incendio,-7.1829,-76.7353
3735,incendio,-8.6202,-76.6155
3745,incendio,-8.2446,-77.3123
3746,incendio,-5.7192,-77.4289
3747,no_incendio,-5.622162432874228,-76.70501966558531
3750,incendio,-6.7141,-76.8471
3756,incendio,-5.787,-77.4189
3757,no_incendio,-7.378372517048929,-77.2685697405298
3765,incendio,-8.4409,-76.4384
3771,no_incendio,-7.455006344206646,-76.76719979015537
3773,incendio,-6.9137,-76.7512
3777,incendio,-5.6371,-76.185
3780,no_incendio,-5.710608178728733,-75.79829358793123
3781,no_incendio,-5.9069362811274955,-76.90796880037888
3784,incendio,-7.3525,-76.036
3786,incendio,-8.448,-76.3069
3793,incendio,-7.3512,-76.5026
3797,incendio,-6.0054,-76.1451
3811,incendio,-7.0499,-77.5861
3822,no_incendio,-6.061671698446887,-76.35844064270319
3829,incendio,-5.894,-76.2941
3833,no_incendio,-5.924081807664306,-77.5419305607915
3835,no_incendio,-5.817722164420606,-76.05024701906109
3836,incendio,-8.1829,-75.6604
3837,no_incendio,-7.566170057674632,-77.33420456007225
3840,incendio,-6.6105,-76.4227
3841,incendio,-5.7861,-77.3894
3847,no_incendio,-6.742426821485937,-75.840077033376
3865,incendio,-8.2231,-76.5898
3869,incendio,-6.5987,-76.7709
3872,no_incendio,-6.9973012484497445,-77.4510550557952
3874,incendio,-6.7864,-76.5546
3875,no_incendio,-6.761574880071224,-76.52109859066432
3876,incendio,-8.7737,-76.2639
3878,no_incendio,-6.1029066882194485,-77.35334666324442
3882,no_incendio,-5.49005851410074,-77.39191865885853
3883,no_incendio,-6.081693229189671,-76.04554760839422
3884,incendio,-8.3875,-76.7444
3887,no_incendio,-6.28035922283821,-76.68630920776259
3890,incendio,-7.2158,-76.4629
3895,no_incendio,-6.201637039608355,-76.63859765076462
3896,no_incendio,-6.254046612679011,-76.94445690037632
3901,no_incendio,-5.461311700498759,-75.5945448077353
3904,incendio,-6.8138,-76.1981
3908,incendio,-7.3256,-76.8182
3913,no_incendio,-7.0287390386317705,-77.03724597379518
3915,no_incendio,-5.815206419164588,-75.9840705047973
3917,no_incendio,-6.003556690744215,-77.02468652756366
3926,incendio,-5.8474,-76.1174
3934,incendio,-6.0532,-76.854
3940,no_incendio,-6.590197592397879,-75.98025100323518
3942,incendio,-7.3654,-76.5959
3946,no_incendio,-6.191285072180344,-75.97348634249272
3953,no_incendio,-5.329749843854847,-75.71078811690217
3957,no_incendio,-5.809070578757959,-75.92077418660742
3965,incendio,-7.8943,-76.7915
3972,incendio,-8.046,-76.6971
3981,no_incendio,-5.607896245919547,-76.37910922472966
3982,no_incendio,-5.83397648887431,-77.22981106334638
3986,no_incendio,-5.783942671800878,-75.80670959767819
3989,incendio,-6.632,-77.3464
3994,no_incendio,-7.288794185700048,-76.06129578328853
3997,no_incendio,-6.187799355462546,-77.0520465624197
3998,incendio,-6.7286,-76.3896
4001,no_incendio,-5.902847721330155,-77.17634156149673
4010,no_incendio,-6.653744086369802,-76.88423091911557
4011,no_incendio,-6.040675081738544,-76.88692151022694
4012,incendio,-7.2402,-76.3405
4015,incendio,-6.5351,-75.6883
4021,incendio,-6.4989,-76.3673
4026,incendio,-8.1585,-76.6644
4028,incendio,-7.3665,-76.4269
4031,no_incendio,-6.081693229189671,-76.04554760839422
4032,incendio,-5.8558,-76.4614
4036,no_incendio,-5.6125377959391995,-77.33223118061976
4041,no_incendio,-5.715705224855978,-76.10744724548829
4048,no_incendio,-6.741440234624422,-77.09605125719467
4061,incendio,-6.533,-76.7909
4067,no_incendio,-6.536633754882988,-75.61074686603133
4078,incendio,-5.9488,-77.3089
4079,incendio,-7.0721,-76.9042
4082,no_incendio,-6.8824524173967765,-77.12203229237878
4083,incendio,-7.1929,-76.7983
4084,incendio,-7.2406,-76.8291
4088,no_incendio,-6.0379955144346065,-76.57612357278757
4090,incendio,-8.3822,-76.3195
4103,incendio,-6.6911,-76.5232
4108,incendio,-6.5628,-75.6721
4114,incendio,-7.5273,-76.5079
4117,incendio,-7.2002,-76.659
4126,incendio,-7.8926,-76.6765
4127,incendio,-7.5026,-76.5105
4131,no_incendio,-6.146020638711784,-75.61071933850509
4133,no_incendio,-6.062840602584927,-76.70237486789418
4134,incendio,-5.8447,-76.2134
4146,incendio,-7.4069,-76.7032
4149,incendio,-7.1727,-76.9464
4151,no_incendio,-7.425544369473066,-76.60957296073711
4167,no_incendio,-6.260382263964365,-75.66215989353373
4175,incendio,-7.2893,-76.5794
4176,no_incendio,-7.003298886006772,-76.85317861595954
4199,incendio,-7.3059,-77.0618
4204,no_incendio,-5.392729276205927,-77.11440314198869
4205,incendio,-7.0552,-76.8434
4210,incendio,-5.9891,-77.2787
4216,incendio,-8.7574,-77.652
4218,no_incendio,-5.719385874964353,-76.50450875261446
4222,incendio,-6.7241,-76.3957
4231,incendio,-8.3895,-76.2764
4242,incendio,-5.7161,-77.3815
4248,incendio,-5.9497,-76.1598
4251,no_incendio,-5.870407571755855,-76.43899593158982
4256,no_incendio,-5.871823711573395,-77.09814467361281
4257,no_incendio,-6.196820810614756,-77.18695898534692
4262,incendio,-8.2453,-76.4421
4264,no_incendio,-6.7528370184185675,-75.79463738047077
4272,no_incendio,-6.607438503581988,-77.25629846979227
4273,incendio,-6.4163,-76.4217
4290,incendio,-6.9909,-76.7603
4292,incendio,-7.1034,-76.1996
4299,no_incendio,-6.804646019796945,-75.71155678151068
4305,no_incendio,-6.509338593690795,-76.81131065559471
4312,incendio,-6.9472,-76.7597
4314,incendio,-6.0919,-76.2843
4316,incendio,-6.6433,-75.6391
4331,incendio,-6.0614,-76.3119
4338,incendio,-6.9764,-76.2609
4343,incendio,-8.0714,-76.5958
4344,no_incendio,-7.37285257220338,-75.85397128431137
4346,no_incendio,-7.52002816732032,-76.85728021112728
4347,no_incendio,-7.011514074885707,-76.73934268520709
4350,incendio,-7.4592,-76.5845
4351,incendio,-7.228,-76.9981
4352,no_incendio,-5.868777989192487,-75.61031419176939
4355,incendio,-7.6508,-76.6566
4358,no_incendio,-7.468820255868223,-76.21884389702247
4366,no_incendio,-6.479517291884607,-77.31045667927476
4367,incendio,-6.4912,-76.3677
4370,no_incendio,-6.617504610391747,-77.25647472773994
4377,incendio,-6.8567,-76.8005
4379,incendio,-7.2691,-76.5965
4384,incendio,-6.335,-75.8792
4386,no_incendio,-6.040209440060914,-75.6194334979568
4387,no_incendio,-5.703720655919404,-76.47389775927839
4391,incendio,-7.2986,-76.1177
4393,incendio,-6.753,-76.6977
4398,no_incendio,-6.525571951158751,-77.30569775147015
4399,no_incendio,-5.73653806083423,-77.04027076606343
4408,no_incendio,-6.823512194602855,-76.05631689166178
4409,no_incendio,-6.959105963658491,-76.85747096898318
4410,no_incendio,-5.730121829536133,-77.33148693539245
4411,no_incendio,-6.258662070362653,-76.50630572261905
4412,no_incendio,-5.682009801127555,-77.32557014599907
4415,no_incendio,-6.638936461882343,-76.98044793632914
4418,no_incendio,-5.532392079747417,-76.92136640270547
4419,no_incendio,-5.640926160648789,-75.58404022132218
4421,incendio,-7.2295,-76.638
4426,no_incendio,-6.834300186862358,-76.1605435782697
4428,no_incendio,-6.55551893099156,-75.68092534598561
4447,no_incendio,-5.630356709908912,-76.65207388484366
4448,incendio,-8.4307,-76.4978
4455,no_incendio,-5.339988911138568,-75.94604419335825
4456,no_incendio,-5.508694746995779,-76.16880100462713
4470,incendio,-5.9692,-76.4702
4477,no_incendio,-6.300957997693996,-76.09847737144455
4481,no_incendio,-6.88218943291164,-77.33569185016518
4488,no_incendio,-5.7639035861878325,-76.93758008924996
4491,no_incendio,-7.142295863783367,-76.24884468058782
4492,no_incendio,-5.544976635100384,-76.33130727413504
4498,incendio,-5.6251,-75.9868
4504,no_incendio,-6.134868701694113,-76.84593822630983
4520,no_incendio,-5.612307081535751,-76.80288819980903
4522,no_incendio,-6.922488599265936,-77.20347324801959
4529,no_incendio,-7.475413502587504,-75.52501286015236
4540,no_incendio,-7.5990878129892385,-76.01433706050479
4548,no_incendio,-7.53303009358015,-76.30539007678105
4552,no_incendio,-5.561729133046666,-77.19722756809463
4556,incendio,-7.0422,-76.88
4564,incendio,-8.7393,-77.6497
4566,incendio,-6.9074,-76.8671
4576,incendio,-5.3089,-76.4726
4577,no_incendio,-6.635420379097316,-76.80260884999211
4578,no_incendio,-7.381176655666243,-76.3122991846356
4582,no_incendio,-5.715242133239665,-75.6692049037983
4587,incendio,-5.8019,-77.0875
4597,incendio,-8.4464,-77.3145
4599,incendio,-6.101,-77.5919
4616,incendio,-7.1777,-76.276
4618,no_incendio,-7.4582565567314925,-76.8374558308584
4629,no_incendio,-5.31535322518463,-76.06505130030695
4635,no_incendio,-7.089179421889268,-75.95457712793731
4648,incendio,-6.6477,-76.7286
4655,incendio,-7.8382,-76.6892
4660,incendio,-7.0976,-76.0881
4661,incendio,-7.3144,-76.7527
4665,no_incendio,-6.269160672028454,-77.26185240867942
4667,incendio,-6.2286,-76.1839
4668,incendio,-8.4244,-76.2883
4670,no_incendio,-6.088150630105884,-77.05183868742043
4672,no_incendio,-6.327343874329971,-76.29354784738233
4673,incendio,-5.7753,-77.4452
4674,no_incendio,-5.409587022918446,-76.44819351401671
4676,no_incendio,-7.288317129023355,-76.62295810073671
4686,no_incendio,-5.8115954954872135,-76.36754698151917
4697,incendio,-7.7102,-76.4606
4700,incendio,-7.0153,-76.5804
4701,no_incendio,-6.586790009452562,-76.86930076964116
4710,incendio,-5.706,-76.0842
4712,incendio,-6.8023,-76.2539
4713,no_incendio,-6.249053635055582,-76.36958728488678
4717,no_incendio,-6.702854259754319,-76.69547369142538
4720,incendio,-8.4395,-76.2405
4723,incendio,-7.7167,-76.4662
4726,no_incendio,-6.931633249533584,-76.70232668603411
4729,no_incendio,-5.444716599482646,-75.83682474093726
4731,incendio,-6.6966,-76.8925
4732,incendio,-8.3648,-76.3879
4738,incendio,-7.4604,-76.6419
4742,no_incendio,-7.518549043794622,-77.46918278069812
4743,incendio,-7.0034,-76.2503
4755,no_incendio,-7.162586032756481,-76.81020137003335
4756,no_incendio,-6.420478782048784,-76.46157866406858
4761,incendio,-5.8948,-76.1187
4762,incendio,-7.1309,-76.9151
4770,no_incendio,-7.196513313319464,-76.34355474331385
4782,incendio,-7.6059,-76.6898
4788,no_incendio,-7.3820884546139,-76.13227467193721
4789,incendio,-6.559,-76.7335
4808,incendio,-7.087,-76.3629
4810,incendio,-6.0166,-76.3492
4823,incendio,-7.7117,-76.5142
4826,incendio,-7.5033,-76.3298
4831,no_incendio,-7.353974209500567,-76.635407884227
4838,no_incendio,-5.692068833993068,-76.92243000249631
4841,incendio,-5.7569,-76.3128
4843,incendio,-7.4878,-76.6639
4847,no_incendio,-5.913375544586391,-77.02153912778006
4851,incendio,-7.3099,-76.5726
4859,incendio,-6.5019,-76.3591
4860,no_incendio,-5.339107107407241,-76.19772074607548
4867,incendio,-5.7452,-75.8156
4869,incendio,-8.7635,-77.2486
4876,incendio,-7.4821,-76.4799
4880,incendio,-5.805,-76.483
4888,no_incendio,-6.04175420458928,-75.6154818462728
4894,no_incendio,-7.225892265359727,-76.0093087691897
4896,incendio,-5.7831,-76.3516
4902,incendio,-6.8645,-76.8529
4906,incendio,-6.2587,-76.0458
4911,no_incendio,-6.3431574963922905,-76.8897013975212
4914,no_incendio,-7.267527749331178,-76.00258934511766
4915,incendio,-6.0305,-76.3017
4917,no_incendio,-6.261893490975904,-75.72805069897333
4920,incendio,-6.3341,-75.8948
4922,incendio,-5.4973,-76.6619
4926,incendio,-8.0902,-76.7461
4929,no_incendio,-7.149817793244048,-76.68995380242758
4939,no_incendio,-5.864349593326015,-76.06071539366262
4941,no_incendio,-5.6698457830937325,-76.36289670664165
4942,no_incendio,-6.228351070264562,-77.26637950725386
4943,no_incendio,-5.337639267388661,-76.79635411817596
4947,incendio,-7.4158,-76.8116
4948,incendio,-6.8022,-76.3113
4949,no_incendio,-6.745283632589781,-76.33682715106067
4954,incendio,-6.0014,-75.8108
4956,incendio,-7.3205,-76.3432
4962,incendio,-5.9277,-75.9693
4967,incendio,-6.378,-75.7205
4977,no_incendio,-6.3823444451531675,-76.72222524088096
4978,incendio,-8.2069,-77.0565
4981,incendio,-8.4374,-76.3888
4983,no_incendio,-5.6219552168348415,-77.06348465306577
4984,incendio,-7.3309,-76.384
4988,no_incendio,-5.7783488736056645,-77.39085635603547
4998,incendio,-7.8281,-77.7022
5005,no_incendio,-6.953474936806491,-76.00378591573222
5014,no_incendio,-7.186570265010596,-75.84461863050306
5015,incendio,-7.3179,-76.548
5016,incendio,-7.0358,-77.0831
5019,no_incendio,-5.693256209324268,-76.57722873694159
5024,incendio,-8.4197,-76.3015
5026,incendio,-5.8593,-77.051
5030,incendio,-5.7719,-77.2829
5033,incendio,-7.475,-76.3994
5038,incendio,-6.5385,-76.5346
5043,incendio,-8.3511,-76.3343
5044,incendio,-7.286,-76.8133
5045,incendio,-6.8855,-76.6058
5049,incendio,-5.9091,-75.8028
5050,incendio,-7.3558,-76.7593
5051,no_incendio,-5.693256209324268,-76.57722873694159
5059,no_incendio,-6.8812608532922095,-77.14870823308875
5060,no_incendio,-6.898682474676021,-77.52286272636172
5065,incendio,-6.7547,-76.3881
5074,incendio,-7.3285,-76.073
5084,no_incendio,-5.786557091420491,-77.33750124317262
5097,no_incendio,-6.53438876670278,-77.3151143596093
5104,no_incendio,-5.380924923914102,-76.12851157268119
5108,incendio,-5.9966,-77.0457
5110,incendio,-6.0678,-77.1661
5114,incendio,-8.5394,-76.5666
5117,no_incendio,-6.454095351587281,-76.74982907786993
5120,incendio,-5.4914,-76.5436
5124,incendio,-6.182,-76.0959
5129,incendio,-6.8122,-76.5266
5133,incendio,-5.9006,-75.9853
5135,incendio,-8.4379,-76.3235
5139,incendio,-7.2857,-76.2606
5142,incendio,-7.3317,-76.1588
5151,no_incendio,-5.508253452055697,-76.34309422011098
5153,incendio,-7.3529,-76.6751
5154,incendio,-8.3007,-76.6331
5165,no_incendio,-6.7893125147185724,-75.8130856477531
5171,no_incendio,-7.20916394163281,-76.74882653338932
5181,incendio,-6.6567,-75.6027
5192,no_incendio,-6.157983789056771,-76.91942166932327
5196,no_incendio,-7.532917537712722,-76.04821551837472
5198,no_incendio,-6.463328526282037,-76.68872432686624
5199,no_incendio,-6.42510939654662,-76.21314660329666
5202,incendio,-5.9366,-75.9107
5218,no_incendio,-7.491726178459623,-77.32116932744539
5231,no_incendio,-6.032637337308331,-77.27677952675285
5249,incendio,-7.1255,-77.0845
5254,no_incendio,-7.418524326808485,-76.32670813744515
5256,no_incendio,-7.6003471250061425,-76.18857699535684
5259,incendio,-8.1848,-76.5106
5260,no_incendio,-5.494029018155098,-77.47055159035845
5263,no_incendio,-6.135395550199937,-77.01659159261982
5273,no_incendio,-6.806897768294474,-76.17637549858149
5280,incendio,-5.8153,-76.2813
5281,incendio,-7.3274,-76.1655
5283,no_incendio,-7.431259467781113,-75.98588345938602
5289,no_incendio,-6.032637337308331,-77.27677952675285
5293,incendio,-5.9529,-77.0527
5296,no_incendio,-6.12520459976937,-77.49886350154438
5306,no_incendio,-5.62776239327014,-77.48408133634722
5310,no_incendio,-7.5348116135080625,-76.04270078901092
5312,incendio,-7.3145,-76.4611
5324,incendio,-5.829,-77.1793
5334,no_incendio,-7.299495014578471,-76.02669026239053
5342,incendio,-5.7544,-77.1728
5345,incendio,-7.9939,-76.6438
5348,incendio,-6.9982,-76.5513
5349,no_incendio,-6.893924031218003,-76.04905921446095
5350,no_incendio,-6.558646082464617,-76.16096804971144
5356,no_incendio,-5.434734993358147,-76.94653262890384
5363,incendio,-7.4042,-76.6533
5364,no_incendio,-6.119596318397669,-75.7668351630271
5385,no_incendio,-5.6355072776323825,-77.05987553143974
5389,no_incendio,-7.143300333347583,-76.01076815200116
5392,no_incendio,-6.046941056590012,-76.4497684025493
5403,no_incendio,-5.991944937539925,-75.60778625331145
5407,incendio,-7.3596,-76.7482
5409,no_incendio,-7.193491617772813,-76.90637497057176
5413,incendio,-6.8371,-76.4175
5423,no_incendio,-7.412957121399091,-77.21617404571616
5425,incendio,-7.4386,-76.5319
5427,no_incendio,-7.318729401485612,-76.81445384525996
5440,incendio,-7.2822,-76.7458
5445,incendio,-6.0357,-76.1496
5456,no_incendio,-7.496239899438951,-76.29662903245722
5474,incendio,-5.7915,-76.504
5477,incendio,-7.3001,-76.2602
5479,no_incendio,-6.714642317648931,-77.4093015382978
5503,incendio,-6.3918,-76.54
5516,incendio,-7.4511,-76.5434
5517,incendio,-7.0986,-76.8825
5522,no_incendio,-6.645538690996345,-76.24231505313135
5524,incendio,-7.1001,-76.2207
5528,incendio,-5.9081,-76.9618
5529,no_incendio,-5.3088507793034125,-76.33692970134372
5532,incendio,-6.3863,-76.1011
5538,no_incendio,-7.392389482278091,-76.3604718116053
5539,no_incendio,-6.081920488696037,-77.43393189597795
5542,incendio,-7.2211,-76.3111
5547,no_incendio,-6.726985202102713,-76.28458472210995
5558,incendio,-6.537,-75.6936
5560,no_incendio,-5.870224939986468,-77.00890834537508
5562,incendio,-5.7674,-75.9065
5563,incendio,-8.0907,-76.5439
5565,no_incendio,-5.7811158391946105,-75.88820728252509
5566,incendio,-7.0037,-76.6655
5577,no_incendio,-7.384620420011121,-76.77592855304549
5580,incendio,-7.5821,-76.4138
5585,incendio,-5.8876,-77.3544
5591,incendio,-6.6799,-76.7426
5595,incendio,-7.8065,-77.5656
5598,incendio,-8.6223,-76.6064
5602,no_incendio,-5.847351714277372,-76.19994787889544
5608,no_incendio,-5.399995483023551,-76.68244565675566
5619,incendio,-7.1092,-76.0727
5627,incendio,-6.8524,-76.5971
5628,no_incendio,-5.592455159672106,-77.05696823462097
5631,no_incendio,-6.998414939340265,-75.67912715079014
5634,no_incendio,-5.349324419297768,-77.32630960187535
5635,no_incendio,-6.653744086369802,-76.88423091911557
5648,no_incendio,-6.8513771226324955,-76.23329542258357
5650,no_incendio,-6.6588540055381635,-76.3643446123623
5654,incendio,-5.8098,-77.3259
5657,no_incendio,-5.62776239327014,-77.48408133634722
5660,incendio,-6.4687,-76.8098
5661,no_incendio,-5.592210809875936,-75.85957552026237
5665,incendio,-7.3025,-76.6582
5666,incendio,-7.2269,-76.6285
5670,incendio,-7.223,-76.3356
5674,incendio,-6.3564,-76.1153
5680,no_incendio,-5.876670821018357,-77.35096983439296
5685,no_incendio,-6.731898455104795,-77.28317456533246
5687,incendio,-8.6564,-76.2869
5689,incendio,-6.4893,-76.3688
5699,no_incendio,-6.081920488696037,-77.43393189597795
5700,incendio,-7.3838,-76.4042
5704,incendio,-6.9766,-76.4574
5709,incendio,-5.8794,-77.0807
5721,incendio,-8.6481,-76.3291
5722,incendio,-6.9911,-76.1679
5730,incendio,-5.7534,-76.1553
5739,incendio,-5.9507,-75.7469
5741,incendio,-7.8928,-76.6888
5744,no_incendio,-7.388452210624765,-77.20638603731945
5745,incendio,-7.0138,-76.1456
5746,no_incendio,-6.698529470828457,-76.28501109879417
5748,no_incendio,-6.53325154649785,-76.75115030969212
5751,incendio,-7.3592,-76.629
5752,incendio,-6.7201,-76.6792
5754,no_incendio,-5.504827246357519,-77.16574913944
5755,incendio,-6.0236,-76.1404
5764,incendio,-8.6621,-76.7676
5766,incendio,-7.1896,-76.8073
5768,no_incendio,-6.09087742872903,-76.39432793529913
5773,incendio,-7.5311,-76.7874
5781,incendio,-6.4939,-76.3522
5783,no_incendio,-6.157774819794636,-75.78253415393733
5785,no_incendio,-7.426267271485416,-76.40232191906173
5787,no_incendio,-6.836006339265761,-75.80496615427175
5788,incendio,-7.1821,-76.8378
5789,incendio,-6.5315,-77.7909
5791,no_incendio,-7.217469611041255,-75.6059674027119
5802,incendio,-6.1356,-77.0953
5803,incendio,-6.6707,-76.9678
5813,incendio,-6.5251,-76.4236
5814,no_incendio,-5.786742413220336,-77.47906670461887
5820,no_incendio,-6.555810705714814,-75.58765246403257
5831,incendio,-8.519,-76.4607
5834,no_incendio,-5.431391280919102,-75.58519659503115
5840,incendio,-5.3388,-76.4783
5844,incendio,-6.7463,-76.4819
5847,no_incendio,-5.900343482064702,-76.22111335024879
5879,no_incendio,-7.139277657699614,-76.6688585627755
5888,no_incendio,-6.454632378965358,-77.1709524531367
5903,no_incendio,-5.588466979788065,-76.18717580992774
5911,no_incendio,-6.343410697053384,-76.27527452339196
5912,incendio,-7.0957,-76.6866
5919,no_incendio,-5.412071364186887,-77.00251056339543
5921,incendio,-6.5078,-76.4661
5927,incendio,-8.7332,-76.1118
5933,incendio,-7.2964,-76.8564
5937,no_incendio,-6.950949434113311,-77.09182299569251
5948,no_incendio,-5.594721982840302,-76.73250330554579
5951,incendio,-7.0478,-76.1815
5952,no_incendio,-7.021631546381363,-76.8111659595044
5953,no_incendio,-7.311635265992554,-75.85999069910886
5957,incendio,-5.7151,-77.4291
5963,incendio,-5.9463,-77.3085
5971,no_incendio,-7.4654999073290265,-76.71461513627762
5985,no_incendio,-7.489751819531982,-75.96573533227652
5987,no_incendio,-6.7911860867707,-76.3184609362465
5990,no_incendio,-5.307511492937007,-75.87055498280709
5997,incendio,-6.9562,-76.4887
6007,incendio,-7.27,-76.3422
6019,incendio,-7.098,-76.5435
6022,no_incendio,-5.784335217321274,-76.30331828695046
6028,incendio,-6.0322,-77.1495
6029,incendio,-6.6596,-76.2096
6035,incendio,-7.5804,-76.7967
6036,incendio,-7.2215,-76.0504
6040,no_incendio,-6.947134560266628,-75.99616880463765
6044,no_incendio,-6.061848479102238,-75.8084457666632
6054,incendio,-6.7535,-76.5961
6055,incendio,-7.2785,-76.5914
6066,no_incendio,-7.324122621539671,-77.54410654355205
6068,incendio,-8.3547,-76.3275
6076,incendio,-5.7779,-77.2752
6079,incendio,-7.5023,-76.3695
6082,incendio,-7.1758,-76.6564
6084,no_incendio,-6.007112604816549,-77.29204800487722
6088,no_incendio,-6.890142536767722,-76.21093731168023
6097,no_incendio,-6.480391966428419,-77.42730148887621
6100,no_incendio,-7.157163278516986,-76.9354632282693
6117,incendio,-5.7019,-76.4478
6118,incendio,-7.2454,-76.6974
6121,no_incendio,-7.194942571615302,-76.85474676634065
6126,incendio,-7.8163,-77.5647
6134,no_incendio,-6.023168032179068,-77.26981479042486
6137,incendio,-6.5237,-76.2825
6140,incendio,-6.9251,-76.7701
6144,no_incendio,-6.400301881628301,-77.5201604762096
6146,no_incendio,-6.573895472470259,-76.90325456502508
6148,no_incendio,-6.931488183656365,-75.96065204566771
6151,no_incendio,-5.589646594794018,-76.68330344392659
6152,no_incendio,-6.124908546496211,-75.75141276131208
6164,incendio,-5.9598,-76.4665
6169,no_incendio,-5.399746644332469,-76.68187059720576
6173,incendio,-5.9001,-76.1555
6176,incendio,-7.0228,-76.2641
6185,incendio,-6.4961,-76.3521
6186,no_incendio,-5.588125457302943,-77.46080617284144
6187,no_incendio,-6.9592639434903925,-76.21575025883445
6190,no_incendio,-7.325700741079294,-77.06360146385256
6192,no_incendio,-6.053663067143272,-77.25400416625581
6194,no_incendio,-7.527611322889828,-76.67002527157386
6196,no_incendio,-6.400301881628301,-77.5201604762096
6205,incendio,-7.228,-76.831
6211,no_incendio,-6.787051317211901,-77.10628604223226
6212,incendio,-7.5088,-76.3822
6223,no_incendio,-5.854474755800036,-77.43512297550622
6235,incendio,-8.1389,-77.4678
6243,no_incendio,-5.585507984340333,-75.53590045517545
6245,no_incendio,-7.284463966351714,-76.84480226943248
6257,no_incendio,-5.591413593143127,-75.84002229506244
6279,no_incendio,-6.359845353613491,-77.5013097081787
6286,no_incendio,-6.032637337308331,-77.27677952675285
6291,no_incendio,-5.681982616285617,-76.62309572104613
6296,incendio,-5.7091,-75.9057
6300,incendio,-7.121,-76.3091
6306,no_incendio,-5.928392145710498,-76.5403998802667
6308,no_incendio,-7.2815610294034085,-75.62529981302215
6311,incendio,-7.1986,-76.8276
6321,no_incendio,-6.60024344042182,-76.28088372901857
6328,no_incendio,-6.959105963658491,-76.85747096898318
6330,incendio,-5.9501,-76.2465
6334,no_incendio,-6.930372562741588,-76.24468121546766
6339,incendio,-7.418,-76.391
6342,incendio,-7.1383,-76.4489
6348,incendio,-7.1752,-76.9647
6350,no_incendio,-7.149862558736682,-77.09989679523933
6353,incendio,-7.3741,-76.7196
6355,incendio,-6.9254,-76.531
6358,no_incendio,-6.86128898258832,-76.74328169561169
6360,incendio,-6.2453,-76.834
6363,no_incendio,-6.380793727295641,-76.36283674136891
6367,incendio,-7.1946,-76.0246
6375,no_incendio,-5.637143675477756,-76.46390106880192
6380,no_incendio,-6.542256231887758,-76.22236926601508
6382,no_incendio,-6.324934683730277,-76.81019781469472
6386,no_incendio,-6.862244443186362,-75.8262342749319
6392,incendio,-6.9022,-76.9424
6397,incendio,-6.7095,-76.5031
6399,no_incendio,-6.837388041019548,-77.0882269714977
6405,incendio,-8.7216,-77.0251
6422,incendio,-7.3891,-76.7234
6426,incendio,-7.0287,-76.3007
6429,incendio,-7.7603,-76.7168
6431,no_incendio,-5.58661767042863,-77.29656837120555
6434,incendio,-7.2217,-77.6606
6440,incendio,-6.7899,-76.6704
6445,incendio,-7.4096,-76.5778
6455,no_incendio,-6.520841370621428,-77.36086106907894
6457,no_incendio,-6.162915042417179,-77.15261169414305
6471,incendio,-6.8994,-76.7794
6472,incendio,-7.2739,-76.3005
6475,incendio,-6.8068,-76.903
6479,no_incendio,-6.3480305531769075,-76.22097710185248
6485,no_incendio,-6.86277091910318,-76.45893260017807
6494,no_incendio,-6.440107687486793,-76.71961125303099
6498,no_incendio,-5.546093305557506,-76.96305959318578
6501,no_incendio,-5.811190643666691,-76.41076755798852
6503,no_incendio,-7.082152760153015,-77.35362796179662
6504,incendio,-7.0482,-76.4583
6518,no_incendio,-6.726107042288016,-76.4764656532763
6520,incendio,-7.4757,-76.5927
6528,incendio,-6.6038,-76.4682
6540,no_incendio,-6.606971151394778,-76.7033258603189
6545,no_incendio,-7.486384119244431,-77.33522717320785
6557,incendio,-7.6746,-76.4915
6573,no_incendio,-6.129131664861193,-76.45649977733511
6581,no_incendio,-6.514967490351236,-76.99375522896699
6583,no_incendio,-6.27232694457078,-76.71038486668505
6593,no_incendio,-7.016303677309179,-76.9039929620138
6594,incendio,-7.0616,-76.47
6595,no_incendio,-5.813466395394225,-76.54314458566375
6596,incendio,-7.0457,-76.6445
6598,incendio,-6.9859,-76.6287
6606,incendio,-6.4639,-76.9883
6629,incendio,-5.6044,-76.5499
6630,no_incendio,-6.425556209293201,-75.70279330371295
6632,no_incendio,-7.547067173376478,-77.09812030006911
6642,incendio,-7.1248,-76.3651
6655,no_incendio,-5.719448744498719,-77.23298516632254
6656,no_incendio,-5.707217935164065,-76.52295370572979
6663,no_incendio,-6.998779826778633,-76.34505275788152
6667,no_incendio,-7.080604108000906,-77.32086073329208
6674,incendio,-8.2707,-76.6676
6707,incendio,-7.3273,-76.1938
6714,incendio,-7.5666,-76.497
6717,incendio,-7.3462,-76.0716
6719,incendio,-6.0668,-77.1704
6722,no_incendio,-6.129131664861193,-76.45649977733511
6724,incendio,-7.2062,-76.808
6727,incendio,-6.8286,-76.4505
6729,incendio,-7.9019,-75.5449
6738,incendio,-5.746,-75.8375
6750,no_incendio,-6.834300186862358,-76.1605435782697
6759,incendio,-8.7791,-76.2069
6760,incendio,-7.176,-76.3668
6776,incendio,-8.6444,-76.773
6798,no_incendio,-6.113161344070998,-75.7616050051639
6804,incendio,-7.0183,-76.2688
6809,no_incendio,-7.20837922312058,-75.60173964481412
6813,incendio,-7.3058,-76.6043
6821,no_incendio,-6.827947755317633,-77.24078320536096
6823,incendio,-7.3019,-76.5831
6829,incendio,-7.3425,-76.6611
6838,incendio,-6.6722,-76.651
6846,incendio,-6.5619,-76.2588
6851,no_incendio,-5.845505966379359,-76.86011046139362
6854,incendio,-7.3084,-76.1467
6859,incendio,-5.898,-76.2903
6862,incendio,-7.3342,-76.9254
6869,incendio,-8.1853,-76.5127
6873,incendio,-6.1555,-76.9178
6874,no_incendio,-5.403854839382082,-76.49653081597255
6879,no_incendio,-7.371926664770868,-77.38249391708561
6880,incendio,-7.1135,-76.2011
6889,no_incendio,-6.741564716218832,-76.27215624555981
6890,no_incendio,-7.134812798520641,-75.55898183219816
6902,no_incendio,-5.846023239980903,-75.59058432825728
6908,incendio,-5.7086,-77.3868
6910,incendio,-7.0929,-76.094
6914,no_incendio,-5.691703950902071,-76.93733770607169
6916,incendio,-7.2777,-77.0505
6923,incendio,-5.892,-75.9075
6925,incendio,-6.9674,-76.5096
6935,no_incendio,-6.163392021425101,-76.6587242460342
6946,no_incendio,-7.547362899320046,-75.73565468655677
6951,no_incendio,-7.284463966351714,-76.84480226943248
6955,no_incendio,-6.04175420458928,-75.6154818462728
6960,no_incendio,-7.44968802750322,-77.23116283334409
6962,no_incendio,-6.808298154641365,-77.1261442416624
6975,no_incendio,-7.109584919436688,-77.13174498249467
6984,incendio,-6.4902,-75.6699
6991,no_incendio,-5.811515028538161,-76.88735513411389
6992,no_incendio,-6.9792600934297315,-75.81026272945974
6996,incendio,-6.56,-75.506
6998,no_incendio,-6.337630898858479,-77.22298031852678
6999,no_incendio,-7.352637322565051,-76.5869966012663
7016,no_incendio,-7.278862439484432,-77.06088162803886
7021,no_incendio,-6.189900798297541,-77.11922448268243
7027,incendio,-6.1929,-75.9474
7031,no_incendio,-6.599957493403006,-76.05770861085986
7032,no_incendio,-5.873429262130088,-76.29994874270383
7035,incendio,-5.8937,-76.2206
7044,no_incendio,-5.402348170521421,-77.02463779239379
7046,no_incendio,-6.082036723994237,-75.91757222337723
7048,incendio,-7.223,-76.3737
7050,incendio,-7.6103,-76.7111
7051,incendio,-7.3552,-76.4643
7052,incendio,-7.1397,-76.3521
7060,no_incendio,-6.026195231563071,-76.58505860878243
7064,no_incendio,-6.109849558373574,-76.14180331525361
7067,incendio,-6.1903,-75.9588
7069,no_incendio,-7.5636797148906325,-76.80582387525504
7072,incendio,-6.2141,-75.6442
7075,incendio,-6.0784,-76.1443
7086,incendio,-8.6114,-76.6957
7094,incendio,-5.785,-76.2213
7098,incendio,-5.6945,-77.4246
7101,no_incendio,-6.482750431789959,-75.7226450599252
7107,incendio,-6.8946,-76.2476
7108,incendio,-6.5044,-76.3473
7112,incendio,-7.0424,-76.2354
7119,no_incendio,-5.508517841264388,-75.94456477687241
7134,incendio,-7.1465,-76.8686
7141,incendio,-7.1169,-76.5452
7142,incendio,-7.2972,-76.6365
7145,incendio,-6.1045,-75.9752
7148,incendio,-6.9459,-76.4293
7149,incendio,-7.1544,-76.2375
7153,no_incendio,-7.346936014424016,-77.24612328998047
7155,incendio,-6.2775,-75.8802
7160,incendio,-8.4319,-76.3723
7166,incendio,-7.0951,-76.0468
7172,incendio,-6.2719,-76.031
7174,no_incendio,-7.314921869709458,-75.6262107073791
7178,incendio,-6.6629,-77.0148
7182,incendio,-7.1531,-77.0597
7190,incendio,-7.3549,-76.6795
7191,no_incendio,-6.215385324683509,-77.39247138767627
7193,no_incendio,-7.322683908671553,-75.62004317838583
7195,incendio,-5.569,-76.7051
7203,incendio,-7.2693,-76.1765
7205,no_incendio,-6.135041209427139,-75.76267554334764
7214,no_incendio,-6.699009805364948,-77.20530585140459
7218,incendio,-6.3439,-76.4589
7228,no_incendio,-7.333242178068196,-76.42984929938181
7229,no_incendio,-6.15602894819134,-76.33768833426039
7233,no_incendio,-6.763948396418463,-75.5008846760666
7253,incendio,-8.4323,-76.5181
7254,incendio,-7.0609,-76.111
7256,no_incendio,-7.333298288226105,-76.42146225481947
7258,incendio,-6.3416,-75.6967
7267,no_incendio,-5.93871403248386,-76.11958022031988
7269,incendio,-8.0469,-75.6126
7272,no_incendio,-6.607449132374961,-76.611892846092
7275,no_incendio,-6.948889791528075,-76.04658173737485
7293,no_incendio,-7.3138551861663785,-76.44974049103283
7301,no_incendio,-6.142530239499738,-77.15463621788837
7302,incendio,-6.9533,-76.5573
7304,incendio,-5.8983,-75.9334
7305,incendio,-7.1108,-77.0739
7308,no_incendio,-6.825822993237503,-77.04144362527458
7310,incendio,-5.7186,-76.4287
7312,no_incendio,-5.306363621970229,-76.4042560042154
7326,incendio,-5.9004,-75.9402
7333,incendio,-8.4314,-76.352
7334,no_incendio,-6.948889791528075,-76.04658173737485
7350,no_incendio,-6.181570378698443,-77.2403974842685
7361,incendio,-7.0397,-76.3411
7364,no_incendio,-5.340103504421782,-76.8594262943057
7371,no_incendio,-6.348815001844065,-75.62878823200789
7372,incendio,-7.4228,-76.7172
7380,incendio,-6.1067,-76.3233
7383,no_incendio,-6.931342706605391,-77.24005682830844
7393,no_incendio,-7.0802266587833635,-75.87902422488
7394,no_incendio,-6.7911860867707,-76.3184609362465
7397,incendio,-5.7831,-76.2074
7398,no_incendio,-5.7006314608305315,-76.5774762709844
7401,incendio,-7.2976,-76.0486
7405,no_incendio,-7.119124402863609,-77.37715689078294
7416,incendio,-7.3552,-76.4756
7420,incendio,-7.2717,-76.139
7426,incendio,-6.6891,-76.6903
7427,incendio,-6.8714,-76.0901
7428,incendio,-6.8326,-76.8128
7430,no_incendio,-6.9398975097013755,-76.27516039033146
7437,incendio,-7.4029,-76.8333
7445,incendio,-7.2866,-77.0555
7456,no_incendio,-5.91214073301588,-76.67956736249475
7470,incendio,-5.9531,-75.7645
7476,no_incendio,-5.900505261421002,-75.56541389748081
7492,incendio,-5.8827,-76.315
7503,incendio,-7.5967,-76.7346
7506,no_incendio,-6.768773690834417,-77.41433372649782
7510,no_incendio,-5.369183277315814,-77.34678614407659
7514,no_incendio,-5.807017349001207,-75.61769536103809
7517,incendio,-6.7221,-76.4544
7518,incendio,-5.4091,-76.7374
7519,no_incendio,-6.187597879328813,-75.84287747399569
7522,incendio,-6.7889,-76.2289
7526,no_incendio,-5.472748128836409,-77.20935781294484
7551,incendio,-6.5625,-75.7056
7555,incendio,-6.8213,-76.5145
7558,no_incendio,-5.66978916869293,-75.78583352536694
7559,incendio,-8.563,-75.6142
7560,no_incendio,-5.4560539889311706,-76.17543571338655
7563,incendio,-6.9281,-76.6628
7565,incendio,-6.0528,-75.8288
7568,incendio,-6.3103,-75.9297
7571,incendio,-6.2477,-75.9618
7582,no_incendio,-6.063333052679301,-77.2619056071794
7584,no_incendio,-6.851922134143454,-76.90818662457491
7587,no_incendio,-5.720724874930588,-76.09066535924033
7589,incendio,-6.2376,-76.1314
7591,no_incendio,-5.673007856969957,-76.8124122789181
7598,no_incendio,-6.559793328628168,-75.94281873717337
7604,incendio,-7.6812,-77.5363
7622,incendio,-7.0236,-77.6874
7624,no_incendio,-6.052146999790762,-76.66693051861807
7631,no_incendio,-5.782786652801426,-76.18817783880273
7639,no_incendio,-7.285979665021611,-76.94332213408417
7640,no_incendio,-6.564880133008887,-76.55893266226474
7641,no_incendio,-7.124526948992974,-75.69099174784184
7649,incendio,-5.6859,-77.3441
7650,incendio,-6.6508,-76.7477
7653,incendio,-8.1563,-77.0806
7658,no_incendio,-7.527307126647749,-77.12744201881532
7659,no_incendio,-5.941735770048068,-75.57871199053399
7663,no_incendio,-5.472748128836409,-77.20935781294484
7668,incendio,-7.3487,-76.5826
7674,no_incendio,-6.931054749326789,-77.2760800084336
7680,no_incendio,-6.8267458836303225,-76.04005920267028
7688,no_incendio,-7.448759349626241,-75.73146487239217
7703,incendio,-6.9835,-76.9308
7705,no_incendio,-6.31035264608626,-75.5539053320617
7711,incendio,-8.5643,-77.061
7712,no_incendio,-6.581402559583874,-76.05505854070626
7715,incendio,-6.7379,-77.327
7725,no_incendio,-7.137713754276464,-76.43208640903742
7740,incendio,-5.9093,-75.8538
7741,incendio,-6.4916,-76.3672
7743,incendio,-7.1425,-76.5337
7748,no_incendio,-6.023168032179068,-77.26981479042486
7749,no_incendio,-5.867914432983562,-76.93835853406706
7754,incendio,-7.1971,-76.0793
7757,incendio,-7.1018,-76.3167
7765,no_incendio,-5.428382683589806,-76.59712896608411
7767,incendio,-6.8618,-76.9425
7768,no_incendio,-6.845497704977086,-76.65360984481556
7771,no_incendio,-6.229250548832098,-77.45328762098028
7772,no_incendio,-6.653744086369802,-76.88423091911557
7773,incendio,-6.2488,-77.7774
7783,no_incendio,-7.510954821403472,-75.50873794050783
7784,incendio,-7.6929,-76.5523
7786,incendio,-5.9889,-77.2794
7790,no_incendio,-6.546795271979165,-77.13463626494185
7791,incendio,-6.2439,-75.9104
7795,incendio,-8.1163,-76.5008
7798,incendio,-6.0082,-76.3098
7800,no_incendio,-6.960986438297525,-76.973990270216
7801,no_incendio,-5.801578937835275,-76.51381524721576
7806,incendio,-6.9156,-76.5117
7809,no_incendio,-6.378904304384582,-76.46012370931685
7815,no_incendio,-6.946238657267608,-75.60296124120543
7826,no_incendio,-7.204320146605171,-76.588496910205
7830,incendio,-7.1003,-76.9055
7836,incendio,-7.5573,-76.5229
7843,incendio,-6.5594,-76.4072
7845,no_incendio,-7.201796098982287,-75.59066106327278
7850,incendio,-6.2255,-76.1975
7851,no_incendio,-7.428960143280297,-76.20768184148152
7856,incendio,-7.4393,-76.407
7859,incendio,-7.2457,-76.1144
7864,incendio,-5.6137,-75.907
7868,incendio,-5.9027,-76.378
7870,incendio,-6.314,-76.1279
7874,incendio,-8.1951,-76.5218
7877,no_incendio,-5.563322800099138,-75.89541464682843
7878,incendio,-8.2683,-76.4619
7880,no_incendio,-5.322335273054225,-75.66988823532402
7883,no_incendio,-6.600562022267514,-76.56677879014364
7885,no_incendio,-5.451258840053241,-77.53607318382386
7891,incendio,-6.0757,-76.9149
7905,no_incendio,-6.156942123129494,-76.92567844755888
7907,no_incendio,-5.339033958369073,-76.08006911213882
7916,incendio,-7.4677,-77.5892
7917,no_incendio,-5.761894026687926,-76.71626651276603
7919,no_incendio,-5.607846615187417,-75.96287796082026
7920,incendio,-6.522,-75.5531
7922,no_incendio,-6.1245241179034995,-75.6853524981565
7930,no_incendio,-6.479517291884607,-77.31045667927476
7931,no_incendio,-5.7826453397308155,-77.3905226367299
7938,incendio,-8.3568,-76.2943
7941,no_incendio,-5.9638581047952375,-75.97775046224217
7942,no_incendio,-6.546795271979165,-77.13463626494185
7948,no_incendio,-7.359360612224768,-76.78029054350944
7949,no_incendio,-7.345060499544703,-77.11825976617006
7957,no_incendio,-5.83983548332399,-77.3596154335897
7958,no_incendio,-6.850581096352503,-76.53792611281966
7966,no_incendio,-6.662875308176205,-76.42972525647028
7974,no_incendio,-7.079367268286084,-75.74962590729507
7977,no_incendio,-6.167901069574159,-76.927319135837
7981,incendio,-8.1297,-76.6995
7982,incendio,-6.8183,-76.2111
7992,incendio,-8.2864,-77.2339
7998,no_incendio,-5.7826453397308155,-77.3905226367299
8000,no_incendio,-6.893924031218003,-76.04905921446095
8037,no_incendio,-6.500687402994644,-77.14225660045209
8045,incendio,-7.105,-76.4764
8047,incendio,-8.6458,-76.7902
8062,incendio,-6.5115,-77.4525
8071,incendio,-6.9813,-76.701
8102,no_incendio,-6.189900798297541,-77.11922448268243
8103,no_incendio,-5.733329701316475,-76.97970479241751
8109,incendio,-7.0957,-77.0265
8111,no_incendio,-5.432468681812304,-76.67229122401412
8113,incendio,-6.0775,-76.3447
8121,no_incendio,-7.206553379936274,-76.41990893868237
8133,incendio,-6.9891,-76.719
8141,no_incendio,-6.342272331916268,-77.0355540401251
8148,incendio,-6.28,-76.2824
8152,no_incendio,-5.316733891866841,-76.36453096352814
8160,incendio,-6.4668,-75.6593
8161,no_incendio,-6.697536206086847,-75.51187659274463
8166,no_incendio,-5.7038552844593475,-76.24937639790886
8173,no_incendio,-5.508797884476139,-76.57706115239465
8187,no_incendio,-6.8112156080943524,-75.85596061798812
8192,no_incendio,-6.441902560534528,-76.15943969390888
8202,incendio,-6.9703,-76.1092
8208,incendio,-7.0121,-76.8649
8209,no_incendio,-5.984669195028871,-76.49551058575585
8211,no_incendio,-6.768246356022148,-77.34898684785115
8213,incendio,-6.9007,-76.4963
8214,no_incendio,-6.509338593690795,-76.81131065559471
8217,no_incendio,-7.516228282019169,-75.89484036620722
8218,no_incendio,-5.780675568523146,-77.4440499191556
8219,incendio,-6.1427,-77.1528
8233,no_incendio,-6.052146999790762,-76.66693051861807
8240,incendio,-7.1476,-76.4306
8243,incendio,-7.3422,-76.7168
8248,incendio,-6.2222,-76.8529
8253,no_incendio,-5.92553377432505,-77.28183275852291
8255,incendio,-6.2132,-76.0615
8259,no_incendio,-6.377843437674785,-75.69894560383477
8260,incendio,-8.6584,-76.4018
8269,no_incendio,-5.3715582616633055,-76.54851901558958
8272,no_incendio,-6.461789384490803,-77.24534969872819
8276,incendio,-6.8334,-76.5953
8285,no_incendio,-5.9729308547052575,-77.19584889522876
8286,no_incendio,-7.127830025342514,-77.33172299006912
8293,incendio,-6.2701,-75.8279
8299,incendio,-6.7248,-76.3847
8306,no_incendio,-6.0399938362094705,-75.60105486733418
8314,incendio,-6.9969,-76.542
8320,no_incendio,-7.005255736259935,-76.42804994495515
8324,no_incendio,-5.432481694931332,-76.47528675292433
8325,no_incendio,-5.563302307050842,-76.50751783358145
8326,no_incendio,-6.201637039608355,-76.63859765076462
8327,no_incendio,-6.715205623153173,-76.11809578650696
8328,incendio,-7.2158,-76.0822
8335,incendio,-6.6836,-76.4237
8351,no_incendio,-6.846679592265051,-75.78055281220841
8358,no_incendio,-6.017393971898976,-75.85609561110088
8361,incendio,-6.6922,-76.3248
8379,incendio,-7.4369,-76.3682
8386,incendio,-8.3357,-76.6963
8387,no_incendio,-6.699363471042822,-76.86169598666291
8390,incendio,-6.1379,-76.3691
8391,incendio,-5.7566,-76.1787
8395,incendio,-8.5732,-77.7737
8399,no_incendio,-5.800663587251775,-77.2156236281296
8402,no_incendio,-7.150186272595645,-76.71326653505247
8403,incendio,-6.9979,-76.6464
8416,incendio,-5.8396,-75.9697
8422,incendio,-5.3078,-76.3019
8425,incendio,-7.5636,-76.403
8433,incendio,-5.8169,-77.2268
8435,incendio,-7.2089,-76.1955
8437,incendio,-6.3982,-77.4821
8438,incendio,-6.1734,-76.1493
8445,incendio,-7.4528,-76.6869
8448,no_incendio,-6.360887636963093,-77.10755017823716
8450,incendio,-5.8574,-76.4584
8456,no_incendio,-7.288436360356817,-75.7935994332263
8463,no_incendio,-5.588125457302943,-77.46080617284144
8472,incendio,-5.8577,-75.9902
8477,no_incendio,-6.905350281771543,-75.85773993313076
8487,no_incendio,-6.434453669791493,-76.35359643649942
8489,incendio,-7.3015,-76.8159
8492,no_incendio,-5.4181719579024135,-75.50050796250098
8499,no_incendio,-6.842130861811311,-76.61529209965812
8500,incendio,-7.2394,-77.0574
8503,no_incendio,-7.196234981868353,-75.99661436931576
8505,no_incendio,-7.3746554478906035,-76.75920088924597
8507,incendio,-6.172,-76.3464
8508,incendio,-6.7728,-76.9265
8534,incendio,-7.3558,-76.7144
8536,no_incendio,-6.157983789056771,-76.91942166932327
8537,incendio,-5.3057,-76.4572
8538,no_incendio,-5.734144568873576,-75.90585662556418
8541,incendio,-5.8703,-75.9754
8542,incendio,-8.7307,-76.2528
8545,incendio,-5.3333,-76.6012
8546,incendio,-5.7345,-75.8072
8557,incendio,-5.7172,-76.6665
8564,no_incendio,-6.634686692730256,-75.5796876028018
8565,incendio,-6.495,-76.5443
8566,incendio,-5.339,-76.4967
8575,no_incendio,-7.517377912140813,-76.78353412913859
8587,incendio,-8.6271,-76.7324
8588,no_incendio,-5.317490731831781,-77.05291423448321
8590,incendio,-6.9793,-76.6556
8592,incendio,-8.0676,-77.6078
8593,incendio,-5.875,-76.3302
8595,incendio,-6.0285,-77.1191
8596,incendio,-8.5103,-76.17
8598,no_incendio,-7.325700741079294,-77.06360146385256
8610,incendio,-7.3193,-76.0665
8632,incendio,-7.604,-76.3878
8634,incendio,-7.2349,-76.7211
8636,no_incendio,-5.500738315784995,-75.59662427893288
8637,incendio,-7.2226,-76.7027
8638,no_incendio,-6.323745703888591,-76.07826663303581
8639,no_incendio,-7.518693989887426,-77.3991346385429
8644,no_incendio,-6.1364068640113905,-77.15367312689337
8645,no_incendio,-7.2237762907302,-75.57516855360699
8653,no_incendio,-6.114431837075887,-77.3791914454974
8654,no_incendio,-6.8707527834716435,-77.1546220579287
8655,incendio,-7.0474,-76.656
8661,incendio,-7.9078,-76.7015
8675,incendio,-7.1375,-76.9313
8676,incendio,-7.5964,-76.5335
8681,incendio,-5.941,-76.2859
8685,incendio,-6.453,-76.4492
8686,no_incendio,-5.4324592687941,-76.16239104777486
8694,no_incendio,-5.7980276983387755,-76.60461534978732
8703,incendio,-7.4928,-76.5901
8705,incendio,-7.1097,-76.3245
8715,incendio,-8.5979,-76.5503
8717,incendio,-6.3289,-76.1427
8721,no_incendio,-7.253889999482386,-76.08590323427873
8727,incendio,-7.9109,-76.6991
8731,incendio,-8.7219,-76.7554
8750,no_incendio,-5.451709663906019,-76.0834165906866
8752,no_incendio,-5.709883799507118,-76.82596443009173
8759,no_incendio,-7.442941681589652,-76.91434045843735
8760,incendio,-7.2825,-76.0388
8776,incendio,-6.3878,-75.9553
8777,incendio,-7.289,-76.2581
8781,incendio,-5.6894,-75.9004
8783,no_incendio,-7.320681720418793,-75.65489361084256
8788,no_incendio,-6.7133301961826755,-75.60854075962672
8790,no_incendio,-5.3088507793034125,-76.33692970134372
8792,no_incendio,-6.662039988149536,-75.62607048266398
8797,incendio,-8.6682,-76.3487
8811,no_incendio,-6.140833770099938,-76.69203917061773
8814,no_incendio,-7.511471498657587,-77.0305776349507
8816,no_incendio,-6.44276545827949,-76.8793463919003
8820,incendio,-5.6483,-76.5522
8826,no_incendio,-5.432202072011853,-76.59374002276904
8828,no_incendio,-7.196044028055804,-76.77405078763431
8835,no_incendio,-6.477469375479229,-76.23310758199833
8837,no_incendio,-5.8084744858353705,-77.25537544416976
8841,incendio,-5.6843,-76.2572
8848,no_incendio,-5.7103480025675015,-77.41410373684516
8854,incendio,-6.232,-75.8725
8862,no_incendio,-5.362697688980843,-76.37235425327088
8864,no_incendio,-5.450455855055424,-76.00497644122908
8868,no_incendio,-7.452255229585659,-76.60231274161556
8870,incendio,-8.449,-77.0228
8898,incendio,-5.8299,-76.2154
8910,no_incendio,-7.54451416166832,-76.68536286505238
8919,no_incendio,-6.309912628737243,-75.57235857764702
8920,no_incendio,-7.436772555974999,-76.13512005747918
8924,incendio,-8.2731,-77.4064
8925,no_incendio,-5.636606643396935,-75.65023157423232
8930,incendio,-6.9182,-76.2391
8932,incendio,-6.7979,-76.4772
8934,no_incendio,-5.428332561684791,-76.79064626096265
8938,incendio,-6.1443,-76.847
8944,incendio,-6.696,-76.6322
8948,no_incendio,-5.6874479423727555,-75.79801976537915
8954,incendio,-7.3841,-76.7061
8957,no_incendio,-6.122720954624869,-76.9879603704079
8959,incendio,-6.1198,-77.6478
8963,no_incendio,-5.3750389583532385,-76.27737605989306
8967,incendio,-5.7105,-75.8475
8970,incendio,-7.2938,-76.6031
8972,no_incendio,-6.265953147804091,-76.85275411486661
8974,no_incendio,-5.70993701267222,-76.39276259470975
8978,incendio,-8.5883,-77.5042
8982,incendio,-7.5938,-76.4121
8990,incendio,-8.0058,-75.5815
8991,no_incendio,-7.111569656244363,-77.04269521527607
8994,incendio,-6.4293,-76.4772
9000,incendio,-7.0905,-76.9034
9003,no_incendio,-7.5990878129892385,-76.01433706050479
9004,no_incendio,-6.929539925837722,-76.05337955826667
9011,no_incendio,-7.448422790645704,-75.84545299813023
9016,incendio,-6.4838,-76.7373
9019,no_incendio,-7.459387198765487,-76.32587223443953
9020,incendio,-6.5239,-75.69
9025,no_incendio,-6.266506898778969,-76.33689278886196
9031,no_incendio,-6.220001862935937,-77.0003825371988
9036,no_incendio,-7.537645825070388,-77.33447245653781
9038,incendio,-6.4531,-76.5788
9043,no_incendio,-6.3389652275161215,-75.73915597021598
9044,no_incendio,-6.486581240227174,-76.15835402098138
9047,no_incendio,-5.603013181516009,-76.25847933744605
9051,no_incendio,-6.490391135640375,-76.20592887580928
9052,no_incendio,-6.052146999790762,-76.66693051861807
9061,incendio,-7.2852,-76.6008
9062,no_incendio,-5.46295343513328,-75.95414593487065
9064,no_incendio,-6.726508547372632,-75.8805912365982
9067,incendio,-5.7338,-77.2612
9075,incendio,-8.0203,-76.7496
9080,incendio,-7.7293,-76.7215
9084,no_incendio,-5.332935425847374,-77.16749151506393
9088,no_incendio,-6.671769405587168,-77.2003294261131
9097,no_incendio,-5.431391280919102,-75.58519659503115
9099,no_incendio,-7.407523974858453,-76.05767195335137
9102,incendio,-6.2175,-76.1996
9111,no_incendio,-6.402069451962711,-76.21591146142134
9140,incendio,-6.0643,-76.3334
9142,no_incendio,-7.552000736404346,-77.05977682552361
9149,no_incendio,-6.899424280300874,-76.07403591805503
9151,no_incendio,-7.282016752291952,-75.89864347181351
9152,no_incendio,-6.080706501829642,-77.17715903994046
9155,no_incendio,-5.469135651128677,-76.66584024328755
9162,incendio,-7.0822,-76.447
9169,incendio,-7.1228,-76.0462
9170,incendio,-7.3102,-76.1262
9174,incendio,-7.3255,-76.836
9192,no_incendio,-7.407523974858453,-76.05767195335137
9205,incendio,-5.8901,-76.1089
9214,no_incendio,-7.322683908671553,-75.62004317838583
9217,incendio,-5.7494,-77.2807
9227,no_incendio,-6.350208583490028,-76.38539627900366
9228,incendio,-7.3637,-76.4352
9229,no_incendio,-7.409421605310309,-75.83681236527086
9234,no_incendio,-5.791181789509089,-77.46024775242152
9237,no_incendio,-6.6943946052690135,-77.51354695316903
9244,no_incendio,-6.797266617151564,-77.33130374727055
9250,no_incendio,-6.081837910268922,-76.79576341806015
9255,incendio,-6.2103,-76.7827
9262,incendio,-5.9459,-77.309
9270,no_incendio,-7.25349996764948,-75.78827289886793
9272,no_incendio,-7.322301486799857,-75.76777551828033
9282,incendio,-6.5255,-75.7848
9286,incendio,-6.4859,-76.372
9290,incendio,-6.8211,-76.4782
9293,no_incendio,-5.959849135210051,-75.95325211391787
9300,no_incendio,-5.739545483497391,-76.77757497448552
9317,incendio,-7.166,-76.2846
9319,no_incendio,-6.4668245198304355,-76.78641327557425
9326,incendio,-5.3601,-76.787
9328,incendio,-6.6849,-76.4667
9331,no_incendio,-6.684698936601428,-75.64362761188839
9332,incendio,-7.9725,-76.672
9336,no_incendio,-6.727604587458214,-76.26589680418019
9348,no_incendio,-6.416369783766856,-77.46099434503463
9352,incendio,-6.2468,-76.5496
9353,incendio,-5.7872,-76.3599
9359,incendio,-6.9744,-76.8621
9362,incendio,-6.9434,-76.8356
9368,incendio,-7.3266,-76.8792
9371,no_incendio,-5.405145685157481,-75.69779420229031
9376,incendio,-5.9552,-76.3014
9380,no_incendio,-5.648091386764367,-76.0845405608189
9383,no_incendio,-6.391692174987462,-77.10791126635735
9384,incendio,-6.8156,-76.9035
9388,no_incendio,-7.143300333347583,-76.01076815200116
9395,no_incendio,-6.447170032494519,-76.7003655984977
9397,incendio,-7.1914,-77.0312
9406,incendio,-6.8699,-76.6467
9412,incendio,-6.4808,-76.5906
9413,no_incendio,-6.456445234793438,-77.37382860861014
9418,incendio,-5.68,-75.9133
9421,no_incendio,-6.230021779466632,-76.57667653530646
9431,no_incendio,-6.26574363006572,-75.945416955943
9434,incendio,-6.5216,-76.5387
9438,incendio,-7.5914,-76.5343
9441,no_incendio,-6.238571072533694,-75.50795501172155
9448,no_incendio,-6.081920488696037,-77.43393189597795
9451,incendio,-5.9083,-77.1023
9455,no_incendio,-5.728382445396997,-77.12017555927592
9460,no_incendio,-6.331589003630742,-76.77579913568411
9461,no_incendio,-7.377051275028038,-75.93975534182488
9467,incendio,-7.0189,-76.8354
9470,no_incendio,-6.7738595150234,-76.75356063625604
9473,incendio,-6.2201,-76.8124
9479,incendio,-7.255,-76.6222
9486,incendio,-7.2653,-76.1023
9487,incendio,-7.2061,-76.4793
9489,incendio,-7.4061,-76.7086
9490,incendio,-6.874,-76.3398
9496,no_incendio,-5.906391031084407,-76.76517093635762
9500,no_incendio,-5.767157423041838,-75.60792843558447
9504,no_incendio,-5.985054140420022,-75.86378295488323
9509,incendio,-7.0866,-76.7476
9515,no_incendio,-6.740620604726765,-75.53582649370667
9519,incendio,-6.2588,-75.8553
9527,incendio,-7.4537,-76.5745
9528,incendio,-6.7083,-76.4102
9532,incendio,-8.6216,-76.7153
9533,incendio,-6.3439,-76.1082
9535,no_incendio,-5.968086685454471,-75.87697296740079
9540,incendio,-6.5031,-76.5798
9543,no_incendio,-6.398007131185694,-77.52617584766764
9544,incendio,-6.7471,-76.9394
9552,incendio,-7.1985,-76.3875
9555,incendio,-7.3528,-76.892
9559,no_incendio,-6.501541232968051,-77.42157786801864
9563,incendio,-6.4922,-76.3618
9567,no_incendio,-5.881820929193948,-76.58450370780717
9572,no_incendio,-5.628009588205993,-76.65354056984353
9573,no_incendio,-6.092332930769818,-77.53250095731846
9576,no_incendio,-6.456445234793438,-77.37382860861014
9578,no_incendio,-6.968927925431377,-76.22918741866454
9579,no_incendio,-6.342272331916268,-77.0355540401251
9582,no_incendio,-5.7462072862910665,-75.82239791523867
9589,no_incendio,-6.332355926126756,-76.57852424451565
9592,no_incendio,-7.413889659642234,-76.63058681921449
9593,incendio,-7.027,-76.7681
9596,incendio,-7.5843,-76.3849
9597,no_incendio,-7.5735441110310955,-75.70422387366325
9598,incendio,-7.6835,-76.4721
9608,incendio,-6.4885,-76.3612
9609,incendio,-6.0516,-76.2915
9612,no_incendio,-6.162590891375011,-77.47849223763072
9615,no_incendio,-5.43361482096437,-76.20744676668566
9617,no_incendio,-6.0854129819425,-76.79698741171129
9629,no_incendio,-6.378904304384582,-76.46012370931685
9642,incendio,-7.9866,-77.5367
9643,no_incendio,-5.340154408333765,-76.74093271807992
9649,no_incendio,-6.942876340672963,-76.33358150381483
9651,no_incendio,-7.433029202252227,-75.6952599290436
9653,incendio,-7.0927,-76.4049
9667,incendio,-7.1007,-76.4192
9670,no_incendio,-6.2062844027818835,-77.2816967062703
9673,incendio,-6.8208,-76.8964
9678,no_incendio,-6.312891094128834,-75.840822427949
9680,no_incendio,-7.15250800382105,-75.6698884726493
9681,incendio,-8.4872,-76.3872
9684,no_incendio,-5.800416298503793,-75.67649671581643
9685,no_incendio,-7.028663799217614,-75.85033836524988
9689,no_incendio,-6.737802446576857,-76.76156798779444
9694,incendio,-6.7732,-76.8507
9699,no_incendio,-6.699490907019747,-76.43296711865733
9703,no_incendio,-6.616039268330141,-77.35690054867337
9712,no_incendio,-5.451709663906019,-76.0834165906866
9716,incendio,-5.8958,-76.1212
9717,incendio,-7.1489,-76.3654
9721,no_incendio,-6.2016988445038095,-75.99411742841416
9733,incendio,-7.1954,-76.1895
9738,no_incendio,-5.4579535733627,-76.73408873734982
9749,incendio,-7.6905,-76.5371
9751,incendio,-6.8032,-76.6272
9752,incendio,-6.9831,-76.6876
9754,incendio,-7.3317,-76.54
9775,incendio,-7.6553,-76.5131
9786,no_incendio,-5.525266717128592,-75.70624108601852
9797,no_incendio,-5.849268078249962,-76.0787263818459
9817,incendio,-6.8257,-76.6874
9819,incendio,-6.8017,-76.706
9820,no_incendio,-5.455465993485473,-76.16419328270247
9823,incendio,-5.7256,-77.3972
9836,no_incendio,-7.546681661706002,-77.09086718024028
9844,incendio,-8.6509,-76.7638
9847,no_incendio,-6.7449829270010735,-76.32449330393015
9849,no_incendio,-6.199610716503437,-77.32631091383604
9852,incendio,-5.8656,-77.0648
9854,no_incendio,-5.870695565841583,-76.8942679234254
9855,no_incendio,-5.930404217360228,-76.53983487852608
9858,incendio,-7.3471,-76.8899
9859,incendio,-6.6532,-76.7265
9867,incendio,-5.9638,-75.7889
9877,no_incendio,-6.797587829172456,-76.96085855036651
9885,incendio,-5.7088,-75.9023
9886,incendio,-6.7655,-76.484
9887,no_incendio,-7.3239429065406565,-75.71625724817507
9888,incendio,-7.3052,-75.6136
9904,incendio,-6.166,-77.1741
9906,incendio,-5.6056,-75.9517
9908,incendio,-6.9673,-76.4616
9914,no_incendio,-6.350208583490028,-76.38539627900366
9922,incendio,-7.1063,-76.2397
9926,incendio,-5.9825,-77.0492
9933,incendio,-8.4872,-76.1982
9937,no_incendio,-5.3921193110930234,-75.91059261775627
9944,no_incendio,-7.144493338051954,-76.98957939354172
9948,no_incendio,-6.534855100609308,-77.21978781844024
9954,incendio,-8.0253,-77.6476
9955,incendio,-7.6799,-76.5371
9969,no_incendio,-5.855822399079694,-75.69747959221154
9970,no_incendio,-6.871490573279869,-76.05603532518752
9971,incendio,-6.9865,-76.3224
9983,no_incendio,-6.941776455915541,-77.36998478256999
9988,no_incendio,-5.364034148225845,-77.09314479946772
9990,no_incendio,-5.7927379696305294,-76.1467304713267
9993,incendio,-6.8821,-76.2966
9995,incendio,-5.6839,-76.6805
10014,no_incendio,-7.308376267427788,-75.72020744008876
10025,no_incendio,-7.082226882888392,-75.74798202243628
10032,incendio,-6.8602,-76.504
10034,incendio,-5.8987,-76.251
10039,incendio,-5.7768,-76.3355
10041,no_incendio,-5.955706826060275,-77.52353123807491
10048,incendio,-5.8486,-76.5565
10054,no_incendio,-6.107814853885202,-77.33817072189056
10059,incendio,-5.309,-76.4785
10069,no_incendio,-6.044769424983038,-75.50599138370771
10073,incendio,-6.5817,-76.777
10080,incendio,-7.4305,-76.5348
10103,no_incendio,-5.945782975612446,-75.78933619991895
10106,incendio,-6.7985,-76.9037
10110,incendio,-5.8913,-76.1193
10120,incendio,-7.8229,-76.7744
10121,no_incendio,-5.358079439842781,-75.845306919219
10135,incendio,-6.4396,-76.5835
10137,no_incendio,-5.632876376439432,-77.16339501604922
10140,incendio,-7.1667,-76.2642
10142,incendio,-7.4248,-76.4604
10145,incendio,-6.9894,-76.9502
10149,incendio,-8.3986,-76.2575
10154,incendio,-7.0913,-76.2777
10160,incendio,-7.6778,-76.5628
10170,incendio,-7.1108,-76.3909
10183,incendio,-5.4834,-76.5166
10194,incendio,-6.7919,-76.4941
10207,incendio,-7.4828,-76.3883
10212,incendio,-7.4173,-76.2598
10214,incendio,-5.947,-77.3055
10215,no_incendio,-5.968971758977705,-76.11488989382185
10216,incendio,-8.4131,-76.3534
10228,incendio,-6.294,-76.0652
10229,incendio,-7.3682,-76.5396
10236,incendio,-6.5927,-76.3129
10240,incendio,-6.9988,-76.5748
10244,incendio,-7.6739,-76.4673
10246,incendio,-7.7129,-76.6749
10265,incendio,-7.1676,-76.7478
10280,incendio,-7.2882,-76.4611
10283,no_incendio,-5.992720265748597,-76.93502157829727
10286,no_incendio,-6.325765977825784,-76.5205147871752
10288,incendio,-6.7524,-76.5827
10294,incendio,-7.298,-76.2716
10298,no_incendio,-7.496239899438951,-76.29662903245722
10300,incendio,-7.257,-76.4318
10305,incendio,-6.8708,-76.6408
10307,incendio,-7.502,-76.4684
10309,no_incendio,-6.444054607789215,-75.60852282337595
10312,no_incendio,-5.927167944934577,-76.39540421574857
10329,no_incendio,-6.09087742872903,-76.39432793529913
10330,incendio,-5.9587,-76.4817
10333,incendio,-6.8486,-76.5998
10343,no_incendio,-5.902847721330155,-77.17634156149673
10345,incendio,-6.6512,-75.6456
10349,no_incendio,-7.4055258629962415,-75.72836594706017
10352,incendio,-5.7022,-77.4847
10354,incendio,-6.8258,-76.8199
10361,no_incendio,-6.467350712480753,-77.13922176575424
10362,no_incendio,-6.5603093207023875,-76.81459925787705
10366,no_incendio,-6.9712876814104,-75.72933923833854
10369,incendio,-7.0721,-76.3997
10372,incendio,-6.6412,-76.4088
10374,incendio,-8.638,-76.7632
10377,incendio,-6.7494,-76.5774
10383,no_incendio,-6.395505819847665,-76.99761432969862
10384,no_incendio,-6.566852763907717,-76.67622294647774
10389,incendio,-8.2113,-77.0667
10391,incendio,-8.2842,-76.2968
10394,incendio,-5.8137,-77.4029
10398,incendio,-6.3896,-75.7339
10405,incendio,-5.9843,-76.4835
10406,no_incendio,-5.759511577701185,-76.14983081507849
10417,incendio,-6.0629,-77.1655
10419,no_incendio,-5.461372149282843,-77.4223608733987
10421,no_incendio,-7.43096053916798,-75.91112977240851
10422,no_incendio,-6.86277091910318,-76.45893260017807
10428,no_incendio,-7.552049820042878,-77.01783985101699
10432,incendio,-7.8147,-77.5533
10435,no_incendio,-6.333472406743339,-75.64833382378124
10442,incendio,-7.5241,-76.4768
10449,no_incendio,-6.45014471724059,-77.23785683491617
10454,incendio,-8.0665,-76.5053
10466,no_incendio,-7.2237762907302,-75.57516855360699
10467,no_incendio,-5.993126140445304,-76.84849527839829
10472,incendio,-8.1777,-77.5515
10476,no_incendio,-6.950453264096688,-75.59880859567114
10478,no_incendio,-7.028360191712289,-77.40999586293198
10479,incendio,-5.6696,-77.2815
10481,incendio,-7.2694,-76.3663
10489,incendio,-7.3974,-76.6391
10499,no_incendio,-5.572804894965716,-76.96734256320798
10516,incendio,-7.2052,-76.4626
10517,incendio,-6.7906,-76.4986
10519,no_incendio,-7.408503653357758,-76.24578800464187
10520,incendio,-8.19,-76.5141
10527,no_incendio,-6.253381490461296,-75.93346606808593
10530,incendio,-6.2639,-76.6567
10532,incendio,-7.504,-76.559
10537,incendio,-5.9667,-75.8915
10538,no_incendio,-6.921582299532002,-76.91163158233097
10540,no_incendio,-7.4500171761306255,-77.030145813453
10542,no_incendio,-7.371926664770868,-77.38249391708561
10547,no_incendio,-6.350208583490028,-76.38539627900366
10552,no_incendio,-5.870275047734573,-75.55914472696311
10554,incendio,-5.9738,-75.8406
10555,no_incendio,-6.890502660955485,-77.28521359628384
10559,incendio,-7.0252,-76.3213
10560,no_incendio,-5.444716599482646,-75.83682474093726
10568,no_incendio,-7.52893790740652,-77.07253517227397
10576,no_incendio,-6.642584248060827,-75.75075985956546
10581,incendio,-7.2812,-76.0721
10583,incendio,-6.2662,-76.5388
10588,no_incendio,-5.73056432169004,-76.88063042787364
10591,incendio,-7.3213,-76.7494
10592,no_incendio,-5.772447993979731,-76.76825761036689
10601,no_incendio,-7.49572574357337,-75.97213125228711
10607,no_incendio,-6.726577938090313,-76.92865414529734
10613,incendio,-8.2808,-77.6472
10615,no_incendio,-6.56442664767728,-76.08300934140289
10619,no_incendio,-6.010451782777754,-76.65548557621318
10624,no_incendio,-7.56354574516261,-76.00460014183221
10625,no_incendio,-6.153013004416,-76.33512796946518
10633,no_incendio,-6.564347270784287,-75.8738633840426
10638,incendio,-7.4769,-76.439
10641,no_incendio,-7.205543641449294,-77.21195261449198
10648,incendio,-6.2148,-76.7922
10651,incendio,-7.0707,-77.625
10663,no_incendio,-5.5896376031918615,-76.35252920094948
10670,no_incendio,-6.640978763936889,-76.01901055862061
10671,no_incendio,-5.756771146595229,-77.41858176231523
10678,incendio,-7.414,-76.6916
10689,incendio,-8.4481,-76.4105
10693,incendio,-6.8404,-76.5259
10695,incendio,-7.2204,-76.3035
10706,incendio,-6.6733,-76.7426
10707,incendio,-6.4332,-76.4226
10720,incendio,-6.0254,-77.229
10722,incendio,-7.6351,-76.6396
10732,no_incendio,-7.388452210624765,-77.20638603731945
10738,incendio,-5.8022,-77.0772
10740,no_incendio,-5.875471323487407,-77.45654526806348
10742,incendio,-6.0177,-75.8677
10747,incendio,-7.4333,-76.5978
10750,no_incendio,-6.324941176899311,-77.47885017977151
10752,no_incendio,-7.137713754276464,-76.43208640903742
10756,incendio,-6.2453,-76.183
10757,incendio,-7.1568,-76.4906
10759,no_incendio,-5.905876002114433,-75.67933515759198
10782,no_incendio,-6.064542854980353,-77.18213602611725
10783,no_incendio,-7.589730303914846,-76.05435857716274
10797,incendio,-8.5334,-76.1515
10803,no_incendio,-6.73629100533477,-77.09982550286665
10806,no_incendio,-7.327169653945901,-75.96963671647885
10809,no_incendio,-6.727275952714791,-77.44889142586435
10810,no_incendio,-5.7630676382897414,-75.77232686505347
10812,incendio,-7.1203,-76.9164
10829,incendio,-8.0741,-76.737
10830,no_incendio,-5.728686151403572,-77.23987774970512
10843,incendio,-7.1055,-76.2453
10849,incendio,-7.2813,-76.3839
10854,incendio,-7.0289,-76.1564
10856,no_incendio,-5.313763457906848,-75.89370439773371
10858,no_incendio,-6.423453063043929,-75.55411738808733
10863,incendio,-7.7383,-76.7311
10867,no_incendio,-5.519172911219698,-76.89133916809088
10871,incendio,-5.3141,-76.4932
10873,incendio,-6.1954,-75.6904
10874,no_incendio,-6.156444886914189,-76.11831601972577
10885,no_incendio,-6.068535480190217,-76.55604968607116
10888,incendio,-6.781,-77.2391
10900,no_incendio,-6.87454750287368,-76.95714014507665
10901,no_incendio,-6.893380079192219,-76.030920773184
10905,incendio,-7.3561,-76.9003
10906,incendio,-7.2817,-76.8205
10913,no_incendio,-6.279874050199112,-75.76672987730963
10915,incendio,-7.2846,-76.4363
10919,no_incendio,-7.275333771869832,-76.48254369646428
10927,no_incendio,-6.812990607089626,-75.70820307560577
10928,no_incendio,-7.592086939740942,-76.80103020899601
10932,incendio,-6.7917,-76.8104
10940,incendio,-5.797,-75.9778
10943,no_incendio,-5.37157572156011,-76.66234225426679
10946,incendio,-7.0363,-76.9183
10951,no_incendio,-6.777084363074236,-76.9625637860872
10952,incendio,-6.2006,-75.9121
10958,no_incendio,-7.303191371239219,-76.86950299016307
10959,no_incendio,-7.016303677309179,-76.9039929620138
10981,no_incendio,-7.457798199513177,-76.25066528876945
10986,incendio,-6.6066,-77.0067
10991,no_incendio,-7.233124705417647,-77.12066793132318
10996,no_incendio,-6.010372322938818,-75.7377414847963
11000,no_incendio,-7.374027518305184,-76.32029762844952
11007,incendio,-7.6198,-76.3836
11008,incendio,-7.1246,-76.0294
11009,no_incendio,-5.882916892819359,-76.86515934904114
11017,incendio,-5.8292,-75.9841
11030,no_incendio,-5.784820775425025,-76.88322925526231
11042,incendio,-6.7357,-77.3632
11047,incendio,-7.0916,-76.4686
11051,incendio,-6.5088,-76.8044
11052,no_incendio,-5.802372431085104,-75.57878108958735
11060,no_incendio,-6.135218428957822,-76.6047820134698
11063,no_incendio,-5.924081807664306,-77.5419305607915
11070,incendio,-6.6907,-76.7463
11072,incendio,-7.1759,-76.3137
11077,no_incendio,-7.014371526342947,-75.6304094962068
11079,incendio,-6.753,-76.5754
11083,incendio,-8.5139,-75.5069
11089,no_incendio,-6.456445234793438,-77.37382860861014
11092,no_incendio,-7.367557628064232,-76.4395241338938
11094,no_incendio,-6.877247924736086,-76.70115338296226
11104,incendio,-8.6882,-76.8215
11107,no_incendio,-6.667544224490424,-77.40322583439472
11108,no_incendio,-5.498957925752801,-76.23819839749541
11116,no_incendio,-5.541112522183527,-75.99676308138659
11120,no_incendio,-6.263351561254887,-76.64078067531564
11122,no_incendio,-5.628151700069917,-75.79803464444952
11129,no_incendio,-5.913375544586391,-77.02153912778006
11131,no_incendio,-5.976273966695589,-76.89556075922386
11142,no_incendio,-7.232489313951526,-77.45250844149733
11143,no_incendio,-5.3928610006268665,-76.95098681919762
11151,no_incendio,-7.468820255868223,-76.21884389702247
11154,no_incendio,-6.072007171578419,-77.37389388906047
11157,incendio,-6.6168,-75.589
11162,incendio,-7.0339,-76.9348
11165,no_incendio,-5.695046426207607,-76.82428560854454
11166,no_incendio,-5.882916892819359,-76.86515934904114
11167,no_incendio,-6.71467279372098,-77.07743264874856
11169,no_incendio,-5.326609511462546,-75.7438155508771
11176,no_incendio,-7.487565239153625,-77.31329030244564
11187,no_incendio,-6.212102855046136,-76.68622274401635
11190,incendio,-7.7319,-76.4964
11196,no_incendio,-5.701243653353404,-77.51137584362479
11199,no_incendio,-6.606179550023269,-77.17612767759138
11200,no_incendio,-7.408366709043457,-76.08058174336732
11217,no_incendio,-6.391881397317083,-77.53216465937516
11220,incendio,-6.7744,-76.4831
11221,incendio,-7.0487,-76.283
11222,no_incendio,-5.450455855055424,-76.00497644122908
11229,no_incendio,-7.324938939394847,-75.95193264911674
11233,incendio,-6.4445,-75.9432
11238,incendio,-6.5637,-76.0978
11246,no_incendio,-6.587743088391281,-75.70665174033093
11247,incendio,-5.8551,-76.3324
11249,incendio,-8.6075,-76.4292
11250,no_incendio,-7.1118507818864485,-76.62321009577809
11261,incendio,-6.7824,-76.8621
11266,incendio,-5.7309,-77.2386
11274,incendio,-7.1178,-76.5138
11289,incendio,-6.7627,-77.3557
11294,no_incendio,-6.572959136388864,-76.70713570582085
11303,incendio,-6.5076,-76.45
11304,no_incendio,-6.964169968407376,-76.61297816101775
11307,no_incendio,-6.48340164417584,-76.67965578486029
11311,incendio,-8.0213,-77.6276
11315,incendio,-7.2128,-76.3473
11323,no_incendio,-6.20119371633988,-76.87236267556213
11330,no_incendio,-7.18387555277713,-76.55534207208011
11332,no_incendio,-5.592516809237302,-76.45660600890858
11349,incendio,-7.4013,-76.6533
11358,incendio,-8.7812,-76.2945
11365,incendio,-7.2005,-76.8132
11375,incendio,-6.4943,-76.3641
11379,no_incendio,-5.818727365285151,-76.86751655981939
11385,no_incendio,-5.423907806643242,-75.99251609378723
11386,incendio,-8.5617,-76.1493
11395,no_incendio,-7.0294194294183265,-77.09735006276883
11398,incendio,-7.1723,-76.0854
11400,no_incendio,-6.845471207648621,-76.36886322454563
11402,no_incendio,-5.824960586839608,-76.59374334653756
11410,no_incendio,-6.324852338083002,-77.32158487709337
11414,no_incendio,-5.84380402008071,-75.92947605096468
11419,no_incendio,-6.573895472470259,-76.90325456502508
11420,incendio,-6.8612,-76.9079
11433,incendio,-7.3162,-76.5648
11438,incendio,-8.7072,-76.2882
11439,no_incendio,-7.456346722108078,-76.20342873895703
11440,no_incendio,-7.340268369426515,-77.43400024997341
11444,no_incendio,-6.695874380106443,-77.47666577452162
11445,incendio,-8.416,-76.3059
11454,no_incendio,-6.6084019823282665,-76.06077967767854
11455,no_incendio,-6.262441524078104,-76.6323274529611
11458,incendio,-6.8146,-76.6441
11459,no_incendio,-5.983783994479498,-76.89128168756567
11463,incendio,-8.6256,-76.7194
11472,incendio,-6.5606,-76.3726
11474,no_incendio,-6.838209877352376,-75.74494612497837
11479,no_incendio,-6.353424809181855,-75.63008762129351
11480,no_incendio,-5.382882681724666,-75.86396318094084
11481,no_incendio,-7.511552826621256,-76.95384131500674
11483,no_incendio,-7.596451559127895,-76.68208951217899
11485,incendio,-7.1114,-76.2407
11488,incendio,-5.7279,-76.1547
11492,incendio,-5.4423,-76.8223
11494,incendio,-6.5628,-76.5638
11496,no_incendio,-5.394785578322833,-77.00358788486766
11497,no_incendio,-5.323979357908248,-75.76496426046252
11499,incendio,-5.9427,-77.3098
11507,no_incendio,-6.1476999130544865,-77.34007485362595
11510,incendio,-5.687,-76.2062
11518,incendio,-5.907,-76.8873
11528,no_incendio,-7.412957121399091,-77.21617404571616
11542,no_incendio,-7.199551540221861,-75.62995354662857
11544,no_incendio,-7.224057601549212,-77.30232861581558
11555,incendio,-7.0558,-76.8821
11557,incendio,-6.4299,-75.9279
11561,no_incendio,-6.846679592265051,-75.78055281220841
11569,no_incendio,-7.508397223486154,-75.66150958377543
11572,incendio,-7.258,-76.4399
11575,incendio,-6.579,-75.6061
11583,no_incendio,-5.959932705913599,-76.9795248154579
11585,incendio,-6.9506,-76.7587
11586,incendio,-6.8142,-76.5925
11592,incendio,-5.8521,-76.0037
11596,incendio,-7.0413,-76.2527
11603,no_incendio,-5.966007765722613,-76.02339603474364
11604,incendio,-7.5131,-76.2659
11611,no_incendio,-6.236752944768423,-75.59185038594902
11616,incendio,-6.9957,-76.188
11617,incendio,-8.5882,-77.7291
11634,incendio,-8.165,-76.9731
11635,incendio,-5.4163,-76.8476
11644,no_incendio,-6.115795109866513,-76.7986802504392
11645,no_incendio,-5.900117559948675,-75.56284439390626
11648,incendio,-6.8771,-76.5475
11654,incendio,-7.0262,-76.7225
11657,no_incendio,-5.590950998396602,-75.50740685150045
11669,no_incendio,-6.1849308797193405,-77.44943428599332
11676,no_incendio,-6.847838156918014,-76.65972952352969
11678,no_incendio,-6.631390870435434,-77.17543848057095
11682,incendio,-7.1676,-76.8775
11690,incendio,-5.9119,-75.9281
11702,no_incendio,-7.3746554478906035,-76.75920088924597
11704,no_incendio,-7.095024308236621,-76.98915064415999
11709,incendio,-5.6627,-76.2585
11710,incendio,-6.7525,-76.7335
11711,no_incendio,-7.0805818707385395,-75.71658427890108
11712,incendio,-5.9099,-76.4721
11717,no_incendio,-6.09276868271348,-76.00881721213455
11726,incendio,-6.9003,-76.4275
11728,incendio,-7.1531,-76.2351
11730,incendio,-5.864,-76.4172
11747,incendio,-7.2931,-77.748
11749,incendio,-7.2704,-76.8017
11754,incendio,-6.0959,-76.8
11764,incendio,-8.711,-76.7459
11769,incendio,-7.1878,-76.8271
11784,incendio,-7.345,-76.9065
11786,no_incendio,-6.806036128446308,-77.5459718526965
11788,no_incendio,-6.040687375273645,-76.93582583750656
11790,no_incendio,-7.010465391222765,-75.64374453725225
11791,incendio,-8.0875,-75.5842
11793,no_incendio,-5.569659951211905,-77.11401128748476
11794,incendio,-5.828,-75.978
11802,no_incendio,-7.480945740497024,-75.88131487548965
11812,no_incendio,-7.142345675518539,-77.26966785367183
11815,incendio,-5.6225,-76.4431
11816,no_incendio,-6.038754568131664,-76.35371867515885
11818,incendio,-7.0089,-76.3804
11832,no_incendio,-5.382544750033527,-75.77853597502654
11835,no_incendio,-7.124827279927048,-76.79852328354966
11837,no_incendio,-6.586896370597282,-75.73758423249603
11842,no_incendio,-7.076017752800738,-75.91978389352657
11844,no_incendio,-5.579576074459713,-77.00285925208463
11852,incendio,-6.745,-76.653
11861,incendio,-5.9701,-75.7691
11868,incendio,-7.5985,-76.4778
11871,no_incendio,-7.488895468406661,-77.22046866095448
11873,no_incendio,-6.890502660955485,-77.28521359628384
11876,incendio,-6.389,-75.9345
11880,incendio,-7.4717,-76.5817
11881,incendio,-6.4943,-76.3635
11885,incendio,-7.2402,-76.1082
11888,no_incendio,-5.748428283636171,-75.60096771532396
11899,incendio,-8.6981,-76.3522
11906,incendio,-7.3171,-76.7147
11907,no_incendio,-5.472585153492127,-77.10655294749147
11914,incendio,-7.4549,-76.8898
11923,incendio,-5.8614,-76.0059
11924,incendio,-5.8539,-77.2985
11928,incendio,-5.8149,-75.943
11931,no_incendio,-6.742426821485937,-75.840077033376
11932,incendio,-5.6279,-76.6764
11933,incendio,-6.6963,-76.5102
11938,no_incendio,-6.320061417206358,-76.82643295462363
11943,no_incendio,-6.446605254566461,-77.26727536491295
11954,incendio,-7.2066,-76.8097
11974,no_incendio,-5.77315746853071,-76.36797107270804
11975,incendio,-7.2667,-76.3478
11977,no_incendio,-5.60263772570773,-75.78275132850642
11979,no_incendio,-7.566170057674632,-77.33420456007225
11982,incendio,-6.9213,-76.0993
11983,no_incendio,-6.569933219427762,-75.5278161670118
11985,incendio,-5.9202,-76.4233
11988,no_incendio,-5.849265187399489,-77.52081578278697
11992,incendio,-5.7259,-77.4345
11995,incendio,-6.7392,-77.5395
12003,no_incendio,-7.314921869709458,-75.6262107073791
12012,incendio,-6.6196,-76.4988
12017,no_incendio,-6.189738223688629,-76.63044449970681
12021,incendio,-6.7752,-76.5691
12025,no_incendio,-7.327169653945901,-75.96963671647885
12027,incendio,-6.4172,-75.7836
12030,no_incendio,-5.851959218441303,-77.12348208603828
12031,no_incendio,-6.9734000570740395,-77.15029703123086
12045,incendio,-5.7426,-76.3543
12055,incendio,-6.2519,-75.7958
12078,incendio,-5.4208,-76.8516
12089,no_incendio,-5.494377757817533,-77.22053363364685
12090,no_incendio,-6.0430570032723985,-76.30137668322672
12092,incendio,-7.29,-76.6329
12093,incendio,-7.7094,-76.4888
12094,incendio,-7.0975,-76.9755
12101,incendio,-8.531,-76.4855
12104,incendio,-6.8309,-76.2018
12105,incendio,-8.5222,-76.2252
12115,incendio,-7.3715,-76.4099
12117,incendio,-5.9066,-75.9832
12121,incendio,-7.2078,-76.8895
12139,incendio,-5.6619,-75.8158
12140,incendio,-6.7465,-76.5417
12149,no_incendio,-5.928733149107297,-75.62813587078854
12157,incendio,-7.271,-76.1285
12164,no_incendio,-6.3805177741503645,-77.07356874423562
12166,no_incendio,-7.4143617918638425,-76.41255499623206
12167,incendio,-5.795,-76.9319
12175,incendio,-7.73,-76.5073
12179,no_incendio,-6.564142616522133,-77.24534138327343
12190,no_incendio,-7.216614993286788,-77.03461698814449
12191,no_incendio,-5.911980434774437,-76.07407858450021
12199,incendio,-6.0515,-76.3257
12206,incendio,-5.9883,-77.2709
12210,incendio,-7.6592,-76.518
12211,no_incendio,-5.609318574866824,-76.18227826181767
12227,incendio,-5.9999,-76.4504
12242,incendio,-5.6898,-76.1823
12243,incendio,-7.2683,-77.0561
12244,no_incendio,-7.227645324559791,-75.66978466195862
12245,incendio,-5.9826,-76.4637
12249,incendio,-6.5889,-76.4177
12251,no_incendio,-6.352348321356028,-75.59610164326816
12252,incendio,-6.5374,-75.5125
12255,no_incendio,-7.061403957049695,-76.62981524420255
12256,incendio,-5.7851,-75.9721
12259,no_incendio,-5.704328166594409,-76.92480673286192
12260,incendio,-8.1891,-76.5135
12262,no_incendio,-5.984669195028871,-76.49551058575585
12266,no_incendio,-5.8568748352763045,-75.92620225226696
12277,incendio,-7.3197,-76.9477
12283,incendio,-6.7572,-76.467
12292,no_incendio,-5.900355019577343,-76.50972621036057
12295,incendio,-7.2025,-76.8348
12302,no_incendio,-6.589323577181184,-75.80958464179112
12304,incendio,-6.923,-76.5255
12311,incendio,-8.1703,-76.4663
12315,no_incendio,-5.493534251624167,-76.05824936892388
12325,incendio,-7.0282,-76.2907
12345,incendio,-6.8813,-76.5168
12352,incendio,-8.0354,-76.746
12356,no_incendio,-6.54529109912659,-75.69341596269626
12358,incendio,-8.045,-76.6461
12359,incendio,-7.1594,-76.2285
12362,no_incendio,-6.761011092876572,-75.80183428086994
12368,incendio,-7.6256,-76.4714
12375,incendio,-5.7089,-76.4163
12381,incendio,-5.3514,-76.563
12382,no_incendio,-5.543287439739066,-76.65532101398328
12384,no_incendio,-6.053838550144545,-75.9306214136527
12385,incendio,-8.7163,-76.8353
12394,incendio,-8.1677,-76.9415
12403,incendio,-6.9728,-76.6877
12407,incendio,-5.798,-77.0439
12412,incendio,-6.7321,-76.8328
12445,incendio,-6.8843,-76.5814
12451,no_incendio,-7.170373075763204,-77.40179462648253
12453,no_incendio,-7.3888510982467634,-77.47688747068628
12477,incendio,-6.1916,-76.1801
12482,no_incendio,-6.581835148874593,-77.10480197876178
12489,no_incendio,-6.327343874329971,-76.29354784738233
12490,incendio,-6.5547,-76.2517
12498,no_incendio,-7.523779550040388,-76.57430086125386
12499,no_incendio,-6.237634518264563,-76.93733978052377
12506,incendio,-5.3277,-76.4348
12508,incendio,-6.8289,-76.4311
12515,no_incendio,-6.18702118811894,-77.34328610788602
12516,no_incendio,-6.444450177038954,-75.66847301432819
12519,incendio,-6.657,-76.6446
12522,no_incendio,-5.525519480392893,-76.3183975995799
12525,no_incendio,-5.9272520922930445,-77.17976360795232
12526,no_incendio,-5.607896245919547,-76.37910922472966
12529,no_incendio,-6.442705023956996,-76.30481606512446
12532,no_incendio,-7.183923927473843,-76.41258057222892
12539,incendio,-8.3594,-75.5183
12554,incendio,-7.1627,-76.4694
12559,incendio,-8.2167,-76.4995
12565,incendio,-8.044,-77.4249
12577,no_incendio,-7.3383676381877665,-77.39694154174633
12580,incendio,-6.6508,-76.2277
12582,no_incendio,-5.62794321017974,-76.97851232659868
12586,no_incendio,-6.303002240210201,-76.72194514117207
12592,incendio,-8.3087,-76.3488
12598,no_incendio,-6.949882284574706,-75.68273295602192
12604,no_incendio,-6.184018518963494,-76.64827203950954
12625,no_incendio,-7.258655694584798,-75.81375247180699
12627,incendio,-6.8338,-76.7044
12630,no_incendio,-5.6897437871119,-77.10615819747757
12638,incendio,-7.1836,-76.9098
12643,no_incendio,-6.235751473084364,-76.43286739348528
12647,incendio,-7.4042,-76.6467
12653,incendio,-7.265,-76.6998
12655,incendio,-8.1879,-76.513
12660,no_incendio,-5.871823711573395,-77.09814467361281
12668,incendio,-7.2206,-76.6178
12682,incendio,-6.7363,-76.4218
12683,incendio,-8.4123,-77.2287
12691,no_incendio,-6.57703906190594,-76.63821218160874
12692,no_incendio,-6.0017769805371435,-76.54978075200272
12702,no_incendio,-5.715242133239665,-75.6692049037983
12703,no_incendio,-7.538851524680003,-76.89606525439852
12705,no_incendio,-6.373987458770602,-76.11545345728199
12707,no_incendio,-5.924081807664306,-77.5419305607915
12710,no_incendio,-7.322815935895123,-76.7836025186051
12713,incendio,-7.0771,-77.0694
12715,no_incendio,-5.399746644332469,-76.68187059720576
12733,incendio,-5.6431,-77.4117
12737,no_incendio,-5.907158352622331,-77.4442973163752
12743,incendio,-8.3219,-76.707
12754,no_incendio,-7.190259524857835,-76.68608585816432
12755,no_incendio,-6.794519962222771,-76.90986347869215
12756,no_incendio,-7.485621627002571,-76.9594043618508
12768,incendio,-7.6007,-76.8097
12784,incendio,-6.7585,-76.7263
12788,incendio,-8.5026,-76.2426
12789,no_incendio,-6.799158296280013,-76.12149634545402
12793,no_incendio,-7.038481344593258,-77.380855509791
12794,incendio,-6.8458,-76.636
12800,no_incendio,-7.142345675518539,-77.26966785367183
12808,no_incendio,-6.003436470117687,-77.4174804711691
12809,no_incendio,-5.940227557317635,-77.39214006420939
12813,no_incendio,-6.467089983600931,-75.63370042508609
12817,incendio,-7.0091,-76.5292
12825,no_incendio,-6.150817748541318,-77.2743773218178
12826,no_incendio,-6.312891094128834,-75.840822427949
12834,incendio,-8.4817,-76.4487
12838,incendio,-7.2564,-76.0874
12839,no_incendio,-7.593724484851976,-77.34754973911781
12844,incendio,-7.2823,-76.3797
12854,incendio,-6.2628,-76.0788
12855,no_incendio,-6.216982494258015,-75.51611920046528
12865,no_incendio,-6.109182329794082,-77.41759375115069
12867,no_incendio,-5.7532005563442,-76.81683301115936
12869,incendio,-6.926,-76.8569
12876,incendio,-8.614,-75.5562
12878,incendio,-6.9748,-76.2495
12882,incendio,-7.112,-76.5533
12885,incendio,-6.8437,-76.6356
12887,no_incendio,-7.205543641449294,-77.21195261449198
12895,incendio,-6.9371,-76.6577
12898,no_incendio,-6.6229879670061225,-75.80299704996388
12901,incendio,-6.9448,-77.7797
12904,no_incendio,-7.381229378022176,-76.50096695875145
12907,incendio,-7.0397,-76.806
12908,incendio,-6.0832,-75.8486
12915,no_incendio,-5.964466764753573,-75.59942367532835
12921,no_incendio,-6.91975600968376,-77.05871610020544
12922,no_incendio,-6.569933219427762,-75.5278161670118
12926,no_incendio,-5.976958562482058,-76.80488821989493
12927,incendio,-6.7324,-76.9339
12931,no_incendio,-5.501045309864604,-77.33293151035834
12935,no_incendio,-6.269192734095028,-77.08580674366688
12941,incendio,-6.0581,-76.4576
12943,incendio,-6.1377,-76.8249
12947,incendio,-7.3594,-76.5649
12952,no_incendio,-5.362923654155092,-76.9119868960568
12955,no_incendio,-6.752631174647365,-76.89757485609974
12961,no_incendio,-6.551429222354349,-76.91211574837874
12980,no_incendio,-5.871823711573395,-77.09814467361281
12982,incendio,-5.7762,-75.8927
12987,incendio,-6.112,-76.3858
12990,no_incendio,-5.523597492537125,-76.54848022376082
12996,no_incendio,-6.267765286846349,-75.88438881089547
12997,no_incendio,-5.588383451752613,-75.7409659836189
13019,no_incendio,-7.516029592309847,-76.17814319860955
13023,incendio,-6.0555,-76.151
13026,no_incendio,-6.184018518963494,-76.64827203950954
13028,no_incendio,-5.500738315784995,-75.59662427893288
13040,incendio,-8.146,-76.6629
13041,no_incendio,-5.791181789509089,-77.46024775242152
13043,incendio,-7.0838,-76.3992
13044,no_incendio,-5.959481938609148,-77.35681272469573
13055,incendio,-5.8272,-77.099
13056,incendio,-7.1273,-76.9541
13058,incendio,-6.7622,-76.8243
13064,no_incendio,-7.585660689069584,-77.39009094478008
13067,no_incendio,-5.59934756811446,-76.99386175308865
13069,no_incendio,-5.532971684555294,-77.02280558006699
13076,incendio,-7.0734,-76.5111
13082,no_incendio,-5.894898869067559,-77.35176843132272
13090,incendio,-5.757,-77.1279
13093,incendio,-6.9716,-77.0041
13094,no_incendio,-7.294379319518731,-75.60933586901135
13097,incendio,-7.4778,-76.5208
13099,no_incendio,-7.388452210624765,-77.20638603731945
13101,incendio,-8.1452,-76.937
13107,no_incendio,-6.378904304384582,-76.46012370931685
13111,incendio,-7.4272,-76.4028
13112,no_incendio,-5.662408971857331,-75.87817689460276
13140,no_incendio,-5.637143675477756,-76.46390106880192
13148,incendio,-7.5731,-76.7404
13150,incendio,-7.6143,-76.458
13154,incendio,-7.1768,-76.5921
13155,no_incendio,-6.299525540013742,-76.28555400177144
13160,incendio,-7.4496,-76.6698
13163,no_incendio,-5.3149529866292395,-75.54616509202799
13167,incendio,-6.8224,-76.9568
13177,incendio,-6.9123,-76.1459
13183,incendio,-6.7344,-76.4198
13192,no_incendio,-5.826799302537919,-75.73782519899997
13217,no_incendio,-6.125013751679443,-76.15307627183338
13218,no_incendio,-6.217977569363936,-76.69976022852224
13226,no_incendio,-5.572804894965716,-76.96734256320798
13228,incendio,-8.2801,-76.6665
13231,no_incendio,-6.929539925837722,-76.05337955826667
13236,no_incendio,-6.657356560215382,-75.84488825674812
13239,incendio,-7.4017,-76.8557
13243,incendio,-8.4806,-76.235
13247,incendio,-6.7786,-76.3441
13259,incendio,-7.2369,-76.6438
13267,incendio,-7.5679,-76.6337
13270,incendio,-7.3963,-76.3929
13277,incendio,-6.9489,-76.571
13278,incendio,-5.3408,-76.858
13281,no_incendio,-7.5993037570991975,-77.49364640835546
13283,no_incendio,-5.946515429749496,-77.17416988943258
13284,incendio,-6.3317,-76.6332
13305,incendio,-6.1873,-76.0557
13306,incendio,-7.3136,-76.2673
13307,no_incendio,-7.488895468406661,-77.22046866095448
13313,incendio,-6.4597,-75.6921
13317,no_incendio,-7.464233169627815,-76.3089508607516
13336,no_incendio,-5.508214763979514,-75.68261084884283
13349,incendio,-6.2105,-75.8684
13350,no_incendio,-5.661805796480656,-77.53514186743837
13375,no_incendio,-7.238892730733428,-76.47459847040415
13381,incendio,-6.5246,-76.6114
13383,no_incendio,-5.8116445962098,-76.59175250460083
13391,incendio,-7.3796,-76.9197
13392,no_incendio,-7.552000736404346,-77.05977682552361
13394,no_incendio,-6.542252546530441,-76.69178298792589
13402,incendio,-5.989,-77.272
13403,incendio,-6.7291,-76.6778
13404,incendio,-7.3711,-76.4374
13405,incendio,-7.0825,-76.7281
13407,incendio,-5.7744,-77.4497
13411,incendio,-7.2837,-76.3358
13414,no_incendio,-7.582363301360768,-76.43607509989434
13418,incendio,-6.7586,-76.4772
13422,incendio,-5.6545,-75.9195
13424,incendio,-5.7179,-76.1697
13425,no_incendio,-7.071371481888854,-75.9393024147611
13426,no_incendio,-7.106677320194198,-75.99165550608727
13431,incendio,-6.6522,-77.3729
13432,incendio,-7.252,-76.6821
13435,no_incendio,-7.227645324559791,-75.66978466195862
13449,incendio,-6.4729,-76.7932
13460,incendio,-7.0116,-76.2948
13462,incendio,-7.2064,-76.0806
13471,no_incendio,-7.000095620614563,-76.8362748925339
13476,incendio,-6.3593,-76.0048
13487,no_incendio,-7.132478183195441,-76.65634588857769
13491,no_incendio,-7.189575486518889,-75.71595612356288
13499,incendio,-6.0605,-77.1661
13505,no_incendio,-7.098978961723795,-76.16251434543014
13512,incendio,-6.0898,-76.3156
13516,no_incendio,-5.707217935164065,-76.52295370572979
13518,no_incendio,-7.228019173352536,-75.83265543127759
13523,incendio,-7.5297,-76.7499
13527,no_incendio,-5.6078863339362925,-76.72542157817563
13528,no_incendio,-6.138845643720651,-77.20222389343259
13533,incendio,-8.7043,-76.1318
13536,incendio,-8.7858,-76.2751
13539,no_incendio,-6.3402826742912515,-75.67543757743714
13544,no_incendio,-6.082261887784666,-77.02949681424465
13549,no_incendio,-6.945484440166689,-76.77951589048426
13560,no_incendio,-6.167876331105529,-76.10362029847187
13561,no_incendio,-6.812990607089626,-75.70820307560577
13565,incendio,-5.4146,-77.2962
13577,no_incendio,-5.534142344135749,-76.00930068474663
13588,no_incendio,-5.623597121632923,-75.81781716667395
13596,incendio,-7.4528,-76.556
13597,incendio,-6.9652,-76.1727
13598,no_incendio,-6.992873718796428,-77.40735326396366
13602,no_incendio,-7.247461423234719,-75.57023459371909
13611,no_incendio,-6.190837025033457,-76.97297430624894
13615,no_incendio,-7.0852919010703905,-76.44513634305123
13617,no_incendio,-7.26944697761503,-76.97064413485722
13620,no_incendio,-6.606179550023269,-77.17612767759138
13623,no_incendio,-5.62776239327014,-77.48408133634722
13626,no_incendio,-7.217469611041255,-75.6059674027119
13635,no_incendio,-5.463120595830709,-76.17730994463734
13638,no_incendio,-5.592384500349762,-76.12339689137886
13640,incendio,-6.341,-75.8717
13644,incendio,-7.2755,-76.8349
13649,no_incendio,-5.577290052521281,-76.32966434490925
13655,incendio,-7.1761,-76.8378
13656,incendio,-5.7357,-75.6535
13657,no_incendio,-6.581475655282046,-76.92813918096854
13659,no_incendio,-7.588515859914238,-76.24969046906399
13662,no_incendio,-6.692392129901898,-76.24064751909104
13673,no_incendio,-5.592011294671137,-75.99975689195666
13674,no_incendio,-7.45739292634008,-76.86263060938384
13681,incendio,-5.8977,-76.1173
13686,incendio,-7.1914,-77.0292
13692,no_incendio,-7.600346645223696,-76.18795452995019
13693,incendio,-6.5498,-76.3079
13696,no_incendio,-6.257364517477317,-77.24088667621311
13704,incendio,-7.1833,-76.7744
13708,no_incendio,-5.68462514388274,-76.77383589546262
13722,incendio,-6.6029,-75.9512
13734,no_incendio,-7.454820191858604,-77.06390769959336
13737,incendio,-7.2883,-76.5918
13740,incendio,-8.6977,-77.7458
13745,no_incendio,-5.902840695958739,-77.46595018427229
13746,incendio,-7.4308,-77.593
13749,incendio,-7.3536,-76.8781
13757,no_incendio,-6.851346088597758,-76.87565472102605
13760,incendio,-7.6677,-76.4901
13762,no_incendio,-6.722977701208728,-76.08504808570892
13767,incendio,-8.1872,-76.5176
13768,incendio,-6.8985,-76.4309
13772,incendio,-8.595,-77.4694
13773,incendio,-6.3101,-75.9387
13777,incendio,-6.9915,-76.5356
13794,incendio,-6.5699,-77.545
13804,no_incendio,-6.608114452936278,-77.26071164262957
13808,incendio,-7.2526,-76.8515
13816,no_incendio,-7.371926664770868,-77.38249391708561
13817,no_incendio,-6.726508547372632,-75.8805912365982
13820,no_incendio,-6.645538690996345,-76.24231505313135
13823,no_incendio,-7.143611941895854,-76.83926289395374
13824,no_incendio,-5.594721982840302,-76.73250330554579
13830,no_incendio,-6.590453070259288,-76.04913179233263
13844,no_incendio,-6.603103679284163,-76.5352543472929
13849,no_incendio,-6.441902560534528,-76.15943969390888
13851,incendio,-7.2675,-76.4409
13858,no_incendio,-5.531494331119256,-75.68693972870032
13859,no_incendio,-7.1439208952470965,-77.38092521559295
13866,no_incendio,-6.634686692730256,-75.5796876028018
13867,no_incendio,-6.4776266103105895,-77.14737002070362
13868,incendio,-6.9896,-76.9584
13874,no_incendio,-7.459517004149713,-75.65348895495933
13875,no_incendio,-5.811190643666691,-76.41076755798852
13878,no_incendio,-6.4505949839902,-76.25287724377878
13882,no_incendio,-6.142536765332656,-75.90694528019196
13884,incendio,-5.3279,-76.4745
13892,incendio,-5.8869,-75.7211
13903,incendio,-8.5214,-76.3648
13908,incendio,-6.8396,-76.4997
13914,incendio,-6.7156,-76.631
13915,incendio,-5.5053,-76.7488
13941,no_incendio,-5.6182132873714625,-76.57421107369413
13944,incendio,-6.6709,-75.5914
13947,incendio,-6.9162,-76.4135
13948,no_incendio,-6.2554801571250565,-76.43574997258422
13955,no_incendio,-5.992717705570296,-75.97108395344519
13957,no_incendio,-7.241827770839374,-75.55383362888189
13962,no_incendio,-6.108268727069333,-76.06109502603651
13980,incendio,-7.3336,-76.5644
13988,no_incendio,-6.064968975705764,-75.80158619111924
13992,incendio,-6.177,-76.3737
14003,no_incendio,-6.66812028796298,-76.15230026038583
14005,no_incendio,-6.536547874138972,-77.31298293788737
14017,no_incendio,-6.331956733542304,-77.5021084607029
14019,no_incendio,-5.6698457830937325,-76.36289670664165
14020,incendio,-7.1319,-76.798
14027,incendio,-8.675,-76.1306
14036,incendio,-7.5398,-76.7134
14041,incendio,-6.249,-77.7703
14046,incendio,-6.9832,-76.948
14053,no_incendio,-6.352348321356028,-75.59610164326816
14068,incendio,-7.6902,-76.7788
14072,incendio,-6.8971,-76.6404
14075,no_incendio,-6.417286759756001,-76.4474931727312
14096,incendio,-7.2768,-77.7383
14107,no_incendio,-7.086048466965619,-75.60482526516276
14109,incendio,-8.2271,-76.4932
14118,no_incendio,-7.217722844984081,-77.2235426849214
14120,incendio,-7.6648,-76.5322
14124,incendio,-6.3395,-75.9264
14131,incendio,-8.6547,-76.3317
14135,incendio,-6.1954,-75.8845
14137,no_incendio,-5.316751485798925,-76.19649120217885
14147,no_incendio,-6.249765082346714,-75.51780295365235
14150,incendio,-7.1089,-76.2661
14156,no_incendio,-5.304618892030704,-75.54825226766168
14160,incendio,-6.7547,-76.3473
14162,incendio,-6.2253,-75.872
14171,incendio,-6.7282,-76.854
14172,incendio,-7.2835,-76.6091
14174,no_incendio,-5.863235967940402,-76.05654586214165
14177,incendio,-6.2758,-76.2422
14184,no_incendio,-5.6819042694428346,-76.21370978152449
14193,no_incendio,-6.158099214586715,-77.01707847694989
14198,incendio,-7.0241,-76.0826
14220,incendio,-5.8693,-77.7735
14223,incendio,-6.8254,-76.5265
14225,incendio,-6.1943,-76.1368
14227,incendio,-7.1929,-76.7908
14230,no_incendio,-5.926005528348797,-76.66451761423114
14231,incendio,-8.4204,-75.5472
14232,incendio,-6.9943,-76.2179
14236,incendio,-7.1542,-76.5976
14237,incendio,-8.1576,-77.5192
14240,incendio,-7.1337,-76.9589
14245,no_incendio,-6.847795301832623,-75.62510218174924
14246,no_incendio,-5.49325291733823,-76.90069379643876
14257,no_incendio,-5.41267692948794,-75.94332607139869
14261,incendio,-6.1842,-76.7578
14267,incendio,-8.505,-76.349
14269,no_incendio,-5.5904160018413185,-75.95967696851481
14273,no_incendio,-6.880264689541971,-77.33984954598883
14276,no_incendio,-7.433764184828395,-76.19895087453514
14280,incendio,-6.8502,-76.2239
14281,incendio,-7.3094,-75.555
14283,no_incendio,-7.251215765230244,-76.69670530916802
14287,incendio,-6.9332,-76.0939
14291,incendio,-5.811,-75.8278
14292,incendio,-7.1544,-76.2947
14296,incendio,-6.1635,-76.3666
14300,incendio,-6.0249,-76.1495
14307,incendio,-5.8546,-77.7644
14311,no_incendio,-6.9973012484497445,-77.4510550557952
14315,incendio,-5.6724,-75.934
14317,no_incendio,-5.371121123003669,-76.78705780536207
14320,no_incendio,-7.349457434232458,-77.2287510721594
14323,incendio,-7.6798,-76.4794
14326,incendio,-8.6437,-76.3051
14328,incendio,-8.6124,-76.8217
14330,incendio,-6.3835,-76.0548
14332,no_incendio,-6.308143679517888,-75.54381617905881
14344,no_incendio,-7.3112077209515025,-75.61208004395472
14349,no_incendio,-5.4181719579024135,-75.50050796250098
14353,no_incendio,-6.234614825176705,-77.3723732006722
14360,incendio,-5.9452,-75.8995
14361,incendio,-7.2793,-76.6854
14363,incendio,-7.0169,-76.5789
14364,incendio,-7.391,-76.5741
14365,incendio,-6.2578,-76.0678
14371,incendio,-7.5015,-76.6294
14375,incendio,-8.1905,-76.5211
14377,incendio,-6.2545,-75.9286
14383,incendio,-7.5376,-76.6489
14384,no_incendio,-6.507381643098237,-75.67749770557734
14386,incendio,-7.5402,-76.46
14391,no_incendio,-6.096039133600909,-76.29380539264065
14393,incendio,-7.329,-76.9311
14396,incendio,-7.1035,-76.6955
14400,no_incendio,-7.5964500853796,-76.68614160369373
14403,no_incendio,-5.420009462532595,-77.54497332899014
14408,incendio,-6.4761,-76.463
14410,incendio,-8.3354,-76.7464
14413,incendio,-7.368,-76.2493
14421,no_incendio,-6.6937802041932395,-76.22369956101515
14429,no_incendio,-6.323745703888591,-76.07826663303581
14441,incendio,-6.8707,-76.2859
14451,incendio,-7.1222,-76.8248
14456,no_incendio,-5.9272520922930445,-77.17976360795232
14470,no_incendio,-6.223381259049257,-77.02950530792265
14473,no_incendio,-6.300957997693996,-76.09847737144455
14489,incendio,-7.3517,-76.2339
14492,no_incendio,-7.285979665021611,-76.94332213408417
14505,no_incendio,-7.233124705417647,-77.12066793132318
14508,no_incendio,-5.337639267388661,-76.79635411817596
14510,incendio,-5.8361,-76.3981
14518,incendio,-6.5452,-77.2549
14522,no_incendio,-5.504492919171114,-77.42460603781088
14523,incendio,-6.9889,-76.2629
14524,incendio,-5.7388,-76.0137
14525,no_incendio,-6.808298154641365,-77.1261442416624
14531,no_incendio,-6.797587829172456,-76.96085855036651
14534,incendio,-7.5761,-76.3421
14541,incendio,-6.8813,-76.8736
14544,no_incendio,-6.10339698248308,-76.07210559062702
14548,incendio,-6.8742,-76.6075
14556,incendio,-6.2842,-76.1748
14559,incendio,-6.5558,-76.7623
14560,incendio,-7.1125,-76.1817
14569,incendio,-7.7754,-76.7345
14580,incendio,-6.8796,-76.116
14581,no_incendio,-6.825057480379352,-77.49883680928833
14583,incendio,-7.1152,-76.9688
14601,incendio,-7.2148,-76.1853
14618,no_incendio,-6.937667134670242,-75.79567614590403
14623,incendio,-7.4427,-76.4646
14627,no_incendio,-6.4643629782720495,-76.22804730377794
14634,incendio,-5.7113,-76.6652
14641,incendio,-7.2041,-76.3389
14643,incendio,-6.9561,-76.6364
14646,incendio,-6.3994,-75.9865
14648,no_incendio,-6.979813600777688,-77.48470455898823
14661,incendio,-7.1237,-76.6297
14663,incendio,-6.0623,-77.1674
14669,incendio,-7.4185,-76.6517
14670,incendio,-8.7713,-76.2739
14675,incendio,-6.5312,-77.4795
14681,incendio,-6.212,-75.8784
14687,no_incendio,-6.26574363006572,-75.945416955943
14690,incendio,-7.428,-76.6302
14691,no_incendio,-6.9398975097013755,-76.27516039033146
14705,incendio,-5.8469,-76.4651
14710,incendio,-6.4909,-76.3549
14711,no_incendio,-5.389176452484517,-75.81151917065094
14713,no_incendio,-5.913375544586391,-77.02153912778006
14717,no_incendio,-5.863508615293079,-77.5457929030888
14719,incendio,-6.6416,-76.4286
14725,no_incendio,-6.591526889483433,-77.26946848843974
14734,no_incendio,-6.606179550023269,-77.17612767759138
14738,no_incendio,-5.452511328645989,-77.32229773796371
14749,incendio,-6.6225,-76.688
14768,no_incendio,-6.295102509635013,-77.52506617532497
14769,incendio,-6.4887,-76.3561
14776,no_incendio,-5.7599949672090105,-76.25513985350867
14786,incendio,-8.346,-76.3077
14792,no_incendio,-5.919206350084349,-76.56088885288167
14797,no_incendio,-5.619318348217799,-76.76258506679603
14803,no_incendio,-6.064542854980353,-77.18213602611725
14820,no_incendio,-6.040687375273645,-76.93582583750656
14823,no_incendio,-7.278446400857449,-77.33703515392486
14829,no_incendio,-7.487103293775268,-76.06526148025002
14830,no_incendio,-7.010865933982342,-76.63167881965191
14833,no_incendio,-6.501773263941807,-76.20873227680231
14838,incendio,-8.2608,-77.2506
14845,incendio,-5.6179,-76.4328
14851,incendio,-8.0243,-76.6372
14857,incendio,-6.7519,-76.6894
14858,no_incendio,-6.645743757749571,-77.31611856562348
14860,no_incendio,-6.7192835578591685,-77.47775030964749
14862,no_incendio,-6.210239243890629,-75.92431256250767
14867,no_incendio,-5.952502510545931,-77.35100051203952
14868,no_incendio,-6.337630898858479,-77.22298031852678
14880,incendio,-6.5545,-75.6899
14890,incendio,-7.4541,-76.4209
14891,incendio,-6.2214,-76.8215
14893,no_incendio,-6.57344451362061,-75.98407882587051
14895,incendio,-7.5911,-76.3941
14901,no_incendio,-6.299525540013742,-76.28555400177144
14905,incendio,-8.5963,-76.2928
14908,no_incendio,-6.439049170355273,-77.46289627422017
14911,incendio,-6.2243,-75.6403
14918,incendio,-5.9065,-76.3077
14921,incendio,-7.4727,-77.6727
14924,no_incendio,-5.894898869067559,-77.35176843132272
14925,no_incendio,-6.3805177741503645,-77.07356874423562
14931,no_incendio,-6.8812608532922095,-77.14870823308875
14932,incendio,-6.047,-76.1478
14933,no_incendio,-5.89201477503853,-77.2682101013539
14945,incendio,-6.1029,-76.2877
14946,no_incendio,-6.237667787344838,-76.59490777338623
14953,incendio,-7.3524,-76.0337
14958,no_incendio,-6.003436470117687,-77.4174804711691
14965,incendio,-7.1387,-77.0721
14966,incendio,-6.7257,-76.3704
14975,incendio,-7.2551,-77.0624
14980,incendio,-6.106,-76.7435
14982,incendio,-6.8233,-76.1475
15007,incendio,-5.9011,-76.121
15008,no_incendio,-5.8084744858353705,-77.25537544416976
15009,incendio,-7.512,-76.3677
15021,no_incendio,-6.237093114939267,-75.7117789331342
15023,no_incendio,-7.261407046715937,-77.54549922894503
15026,no_incendio,-7.086048466965619,-75.60482526516276
15031,no_incendio,-6.023168032179068,-77.26981479042486
15033,no_incendio,-5.901388111394365,-75.87645660870008
15053,incendio,-8.3633,-77.4103
15061,incendio,-6.8612,-76.7907
15063,incendio,-6.8473,-76.4236
15064,no_incendio,-6.539751025490163,-75.79612657062603
15077,no_incendio,-6.646019680443848,-77.50514894077688
15080,incendio,-8.6978,-76.9095
15081,incendio,-6.8062,-76.6215
15085,no_incendio,-5.83234820585484,-77.1167119832574
15089,incendio,-7.0285,-76.6843
15091,incendio,-8.7279,-76.999
15100,no_incendio,-5.607428760846163,-75.61638280541105
15102,incendio,-6.3242,-76.4846
15108,incendio,-6.1451,-77.1036
15109,no_incendio,-7.234182176376593,-76.40213823666475
15113,incendio,-7.3202,-77.0541
15114,no_incendio,-6.922488599265936,-77.20347324801959
15116,no_incendio,-6.339520872179224,-76.81899067100204
15118,incendio,-7.526,-76.4481
15126,incendio,-6.4683,-75.8256
15130,no_incendio,-7.475453840000244,-77.09283995143899
15133,no_incendio,-7.201796098982287,-75.59066106327278
15142,incendio,-8.383,-75.5422
15145,no_incendio,-7.251225875210735,-76.39662764709118
15147,no_incendio,-6.550462961960492,-75.75305667586812
15152,no_incendio,-7.15542529777246,-76.2489354268892
15155,incendio,-8.4304,-76.3883
15158,no_incendio,-7.140032609231243,-75.65901239539657
15171,incendio,-6.5679,-76.7348
15172,incendio,-6.618,-75.7307
15174,no_incendio,-7.153254312142147,-75.61931012295983
15177,incendio,-6.1992,-76.7501
15178,incendio,-5.8962,-76.1224
15179,no_incendio,-5.413750833598563,-75.87946450439262
15187,no_incendio,-5.959481938609148,-77.35681272469573
15198,incendio,-5.9286,-77.1292
15200,no_incendio,-7.183751529698723,-76.19754434394018
15201,incendio,-6.634,-76.5516
15229,incendio,-6.7861,-76.8097
15233,no_incendio,-7.0241667667070145,-76.27510051559456
15234,no_incendio,-5.9729308547052575,-77.19584889522876
15248,incendio,-6.4811,-75.7257
15261,no_incendio,-5.6874479423727555,-75.79801976537915
15267,no_incendio,-6.709534503439617,-76.66045732733674
15271,no_incendio,-5.919068188390441,-77.36605426382134
15275,incendio,-6.9972,-76.3195
15285,incendio,-7.0905,-76.5844
15287,incendio,-6.4958,-76.4784
15288,incendio,-7.5714,-76.5363
15297,incendio,-6.2879,-75.9749
15298,no_incendio,-5.84380402008071,-75.92947605096468
15315,incendio,-6.1905,-76.8843
15317,incendio,-6.4965,-76.3629
15320,incendio,-6.9142,-76.1265
15324,no_incendio,-6.9260270516583,-76.1608919912471
15327,incendio,-6.1541,-75.6986
15329,incendio,-6.1265,-77.0594
15331,incendio,-6.9472,-76.522
15333,no_incendio,-6.823512194602855,-76.05631689166178
15341,incendio,-8.4556,-76.3136
15342,no_incendio,-6.038754568131664,-76.35371867515885
15348,incendio,-8.1376,-76.9313
15350,incendio,-7.6142,-76.4665
15352,incendio,-8.556,-76.3763
15353,no_incendio,-5.802494877336548,-76.35132685190827
15368,incendio,-5.8137,-76.0143
15376,incendio,-5.9992,-75.8299
15380,incendio,-6.2806,-75.9461
15399,incendio,-6.7214,-76.8601
15403,incendio,-7.2351,-76.6709
15405,incendio,-6.3587,-76.759
15414,incendio,-8.0046,-76.7421
15423,no_incendio,-7.336551353349131,-77.20883178649431
15430,no_incendio,-6.547946119465311,-76.58716239935082
15431,no_incendio,-6.3427644504242675,-77.35180398852548
15447,incendio,-8.4424,-76.399
15451,no_incendio,-5.854018083374469,-76.23317499793396
15454,incendio,-5.7405,-75.8247
15462,no_incendio,-5.7462072862910665,-75.82239791523867
15468,no_incendio,-6.046941056590012,-76.4497684025493
15473,incendio,-6.5994,-75.7194
15476,no_incendio,-6.402507911708669,-75.63264270737905
15479,no_incendio,-6.8808047229850295,-76.28180482094469
15482,no_incendio,-5.62998043999866,-76.34952477053923
15483,incendio,-5.9748,-76.3301
15487,no_incendio,-6.631390870435434,-77.17543848057095
15489,no_incendio,-6.125013751679443,-76.15307627183338
15490,no_incendio,-7.029766993937909,-76.6075769681072
15495,no_incendio,-6.039854577433665,-75.5521061019296
15498,incendio,-7.1148,-76.5301
15508,incendio,-6.0658,-76.2594
15511,incendio,-8.3454,-76.7463
15512,incendio,-6.7154,-76.6473
15513,incendio,-7.4593,-76.3916
15518,no_incendio,-6.000913642665956,-77.14500157376662
15523,incendio,-7.1584,-76.4821
15528,no_incendio,-5.3860874889168056,-76.83704410013208
15531,incendio,-7.0669,-76.7624
15532,incendio,-8.1382,-76.4332
15538,incendio,-7.5709,-76.3895
15547,no_incendio,-7.217736549985553,-75.80888423805258
15554,no_incendio,-6.217977569363936,-76.69976022852224
15555,no_incendio,-6.543469703142076,-77.05698988429933
15556,incendio,-7.1067,-76.5566
15561,incendio,-7.0937,-76.9998
15563,incendio,-7.1302,-76.2146
15570,incendio,-5.834,-75.9673
15580,incendio,-5.7305,-75.6962
15586,incendio,-7.2297,-76.25
15593,incendio,-7.0885,-76.5844
15596,incendio,-7.1782,-76.3817
15598,no_incendio,-5.306363621970229,-76.4042560042154
15609,no_incendio,-5.420009462532595,-77.54497332899014
15610,incendio,-8.6509,-75.5298
15625,incendio,-6.8192,-76.707
15630,incendio,-7.09,-76.8186
15631,no_incendio,-5.808144982525313,-76.11656732806814
15632,no_incendio,-5.494377757817533,-77.22053363364685
15639,no_incendio,-5.747916301571042,-76.94248947046277
15640,no_incendio,-5.388800568828812,-75.76427198080877
15646,no_incendio,-6.758060268510353,-77.51884776551792
15648,no_incendio,-5.37157572156011,-76.66234225426679
15649,no_incendio,-6.161493803649726,-77.185392683239
15651,no_incendio,-7.4811756669415,-76.01564428333117
15653,no_incendio,-5.5463833686959125,-76.92476001499328
15658,incendio,-6.4392,-76.4281
15660,incendio,-6.28,-75.8733
15662,incendio,-8.6566,-76.7642
15671,no_incendio,-6.860291707057473,-76.54364725567453
15673,incendio,-7.5165,-76.432
15675,no_incendio,-6.586264053943194,-75.6879198104013
15676,incendio,-6.2511,-75.9136
15677,incendio,-6.8501,-76.5025
15683,incendio,-7.3757,-76.5661
15684,no_incendio,-5.990542250974831,-75.6694532466171
15696,no_incendio,-7.110610391202952,-75.57270966365749
15699,no_incendio,-7.242465202325818,-76.82313227202141
15701,no_incendio,-7.443277568920015,-75.95948688269024
15708,incendio,-8.279,-76.5435
15709,incendio,-6.6283,-76.1325
15710,incendio,-5.3607,-76.5287
15716,incendio,-6.7911,-76.8103
15718,no_incendio,-6.742797209348308,-75.63057425829132
15729,no_incendio,-6.237634518264563,-76.93733978052377
15730,incendio,-7.2325,-76.9686
15737,no_incendio,-5.508118125742636,-76.08158705053927
15739,incendio,-7.7431,-76.5245
15742,no_incendio,-5.609318574866824,-76.18227826181767
15751,no_incendio,-5.728686151403572,-77.23987774970512
15757,no_incendio,-6.94690710912819,-75.63438003182783
15766,no_incendio,-6.94200325407077,-76.26001952788216
15768,no_incendio,-5.3130357942785436,-76.58858316456917
15775,no_incendio,-6.4891729979787565,-76.11291535541001
15776,no_incendio,-7.158262650594558,-76.17139715257736
15784,incendio,-6.6372,-77.3588
15791,no_incendio,-5.935647338684718,-77.45797720623956
15794,incendio,-8.7586,-77.4721
15795,no_incendio,-5.612907306182736,-76.9815155721773
15800,incendio,-7.3507,-76.5894
15805,no_incendio,-6.011348651194169,-77.43448041427209
15807,incendio,-6.85,-76.6926
15813,no_incendio,-7.253889999482386,-76.08590323427873
15815,incendio,-5.9788,-76.9049
15816,no_incendio,-5.746823179646994,-77.34785116550032
15820,no_incendio,-7.108956430874631,-75.5028524515191
15843,incendio,-6.0477,-76.239
15845,no_incendio,-6.931023435575018,-75.82624629253455
15855,no_incendio,-6.026656147123168,-76.76469510540855
15858,no_incendio,-6.691674214621824,-77.20756079690301
15872,no_incendio,-7.279073350966451,-75.53370306812118
15874,no_incendio,-6.929674497241161,-75.6698902029064
15877,incendio,-5.6842,-76.0832
15878,no_incendio,-5.97229472056588,-76.20384427757115
15885,incendio,-6.1202,-75.6887
15890,incendio,-7.2933,-76.2476
15905,no_incendio,-6.74885592845062,-76.02672128613708
15912,no_incendio,-7.415686202537784,-75.85189468645096
15916,incendio,-7.519,-76.508
15924,no_incendio,-7.378012032391012,-77.45917085361808
15947,no_incendio,-5.343847653580683,-76.19643132056173
15953,no_incendio,-6.950453264096688,-75.59880859567114
15954,no_incendio,-6.367884072608207,-76.17501426406548
15961,incendio,-6.8397,-76.5044
15962,no_incendio,-6.8241555048520945,-76.01927599626522
15968,no_incendio,-7.233369543625463,-75.83176043083628
15979,incendio,-5.3135,-76.2752
15981,incendio,-6.2281,-76.1564
15984,no_incendio,-7.4286037527901305,-75.69674631092113
15987,incendio,-7.1341,-76.1981
15988,no_incendio,-7.121678053413924,-76.22436656303664
15990,no_incendio,-6.698529470828457,-76.28501109879417
15999,incendio,-7.0745,-77.7173
16003,no_incendio,-6.004019103665797,-76.05149234515444
16015,no_incendio,-7.4333859418143975,-75.94488928476447
16016,no_incendio,-6.467605252722411,-76.16882285216232
16017,incendio,-7.3203,-75.5849
16019,incendio,-6.6617,-76.7439
16025,incendio,-7.545,-76.7799
16026,no_incendio,-6.273383567178642,-76.44114691338451
16041,no_incendio,-6.923846443514746,-77.29283624638697
16042,incendio,-7.2519,-76.3622
16044,incendio,-6.224,-76.1858
16053,no_incendio,-6.040843804619021,-75.5134205645717
16059,no_incendio,-5.605657953237715,-77.33944421680316
16064,no_incendio,-5.682009801127555,-77.32557014599907
16069,no_incendio,-6.320061417206358,-76.82643295462363
16073,no_incendio,-6.797587829172456,-76.96085855036651
16076,incendio,-5.861,-76.2439
16083,no_incendio,-5.7532005563442,-76.81683301115936
16084,no_incendio,-5.921016028711128,-75.70718586514504
16086,no_incendio,-6.606517162327486,-77.4629258839616
16095,no_incendio,-7.468966943240149,-76.0987072289364
16096,incendio,-6.0416,-75.9764
16102,no_incendio,-6.7988040085111265,-76.15084820178622
16103,incendio,-7.3641,-76.7271
16104,incendio,-6.4314,-75.6799
16106,incendio,-6.189,-75.8954
16117,no_incendio,-6.541834413903653,-76.37649272286701
16119,incendio,-5.8383,-77.086
16120,incendio,-7.2553,-76.7088
16125,incendio,-7.3403,-76.6585
16126,incendio,-8.6792,-77.0476
16133,no_incendio,-7.420738238712349,-77.50365613060586
16134,incendio,-5.9526,-76.461
16150,incendio,-7.0935,-76.5617
16153,no_incendio,-5.559553740329016,-76.98206356543957
16157,incendio,-6.7087,-76.5977
16158,no_incendio,-6.775573791793621,-76.68783581514383
16163,incendio,-6.1886,-75.8882
16164,incendio,-7.1038,-76.7165
16179,no_incendio,-6.036634194085042,-76.33475368850613
16187,incendio,-6.7967,-76.4609
16190,no_incendio,-6.685269917838304,-76.90921684053568
16199,incendio,-6.5747,-76.5574
16214,no_incendio,-6.324514222860181,-76.89947276475436
16226,no_incendio,-6.400338002031925,-76.1292712340201
16228,no_incendio,-6.8842499828547465,-77.0579224363203
16232,incendio,-7.0981,-76.2751
16234,no_incendio,-6.2701925367746005,-76.81498053088146
16246,incendio,-6.4623,-75.7344
16254,no_incendio,-5.574628505049141,-77.50757115698688
16260,no_incendio,-7.4055258629962415,-75.72836594706017
16262,no_incendio,-7.563699063925691,-76.7737056757681
16263,incendio,-6.8882,-76.6195
16269,incendio,-7.4345,-77.6786
16291,incendio,-7.1457,-76.6217
16296,incendio,-6.4893,-76.3725
16309,incendio,-7.3209,-76.7366
16310,no_incendio,-6.980328156805363,-75.58165966551039
16311,incendio,-7.5852,-76.7327
16315,incendio,-6.2247,-76.1741
16318,no_incendio,-5.317099836176048,-76.0062277015524
16330,no_incendio,-6.9821795229188215,-77.4814837765738
16332,no_incendio,-5.6996412211902,-75.5074681731858
16335,no_incendio,-6.748469356300978,-77.34676716691004
16337,incendio,-5.7331,-75.9115
16340,incendio,-8.1921,-76.5172
16348,no_incendio,-5.437451651862052,-75.53119555354411
16352,incendio,-7.2739,-77.5788
16362,incendio,-7.2347,-76.3895
16364,incendio,-6.7075,-76.6431
16369,incendio,-6.891,-76.604
16375,incendio,-6.5726,-77.7197
16377,no_incendio,-5.782302498103818,-75.6928374050029
16378,no_incendio,-7.108875568796339,-76.54317690372051
16387,incendio,-8.4787,-77.584
16391,incendio,-6.2216,-75.914
16392,incendio,-7.2489,-76.621
16399,incendio,-6.858,-76.5972
16402,no_incendio,-6.741564716218832,-76.27215624555981
16412,no_incendio,-6.6966130629090745,-76.20140385770695
16427,incendio,-7.2385,-76.3542
16436,no_incendio,-5.544342707790426,-75.8055721541421
16443,incendio,-8.1929,-76.5184
16452,no_incendio,-5.706911774664528,-77.15797296628834
16458,no_incendio,-7.532869703153675,-75.62377754135032
16468,no_incendio,-6.699270548898152,-76.08934262260517
16469,incendio,-6.3015,-76.72
16476,incendio,-8.435,-77.021
16481,no_incendio,-5.761553670188982,-77.19374189624698
16482,incendio,-8.1291,-77.1128
16483,no_incendio,-6.9422117979050695,-77.32253174388707
16491,incendio,-6.2446,-76.1534
16501,incendio,-7.09,-76.9852
16505,no_incendio,-5.428382683589806,-76.59712896608411
16507,no_incendio,-7.20837922312058,-75.60173964481412
16508,no_incendio,-6.122241228202742,-76.97601645146484
16513,no_incendio,-5.576401103022335,-75.65589793985158
16519,no_incendio,-5.701243653353404,-77.51137584362479
16535,incendio,-8.4754,-77.5807
16540,no_incendio,-5.322335273054225,-75.66988823532402
16554,incendio,-6.3496,-75.8702
16555,incendio,-5.8427,-76.4692
16558,no_incendio,-6.980365789444828,-76.90654360978435
16559,incendio,-6.2308,-75.8901
16561,incendio,-6.9886,-76.9489
16565,incendio,-6.8334,-77.7605
16568,no_incendio,-6.618506694977619,-76.00213992327006
16578,no_incendio,-6.196820810614756,-77.18695898534692
16599,incendio,-5.8003,-75.9998
16605,incendio,-5.4837,-76.6346
16617,no_incendio,-5.798404361194972,-75.81527300196596
16618,incendio,-6.9922,-76.8498
16619,incendio,-6.4003,-76.0982
16624,incendio,-5.9509,-76.4388
16629,no_incendio,-5.31179064282697,-75.78618195501585
16634,incendio,-5.8387,-76.214
16636,no_incendio,-5.761894026687926,-76.71626651276603
16638,no_incendio,-6.566852763907717,-76.67622294647774
16640,no_incendio,-6.930921131158185,-77.30233877943276
16642,incendio,-7.1348,-76.9839
16643,no_incendio,-5.699570522820854,-76.53019599946562
16644,incendio,-5.957,-76.3576
16659,no_incendio,-7.588515859914238,-76.24969046906399
16660,no_incendio,-6.599702785570768,-77.42370077864948
16664,incendio,-7.2835,-76.4605
16666,incendio,-6.4793,-76.4967
16668,no_incendio,-7.464158845376065,-76.1915023228649
16669,incendio,-7.7934,-76.7733
16670,incendio,-7.4225,-76.682
16677,incendio,-8.1922,-76.5642
16686,no_incendio,-6.146925317432729,-76.25875565214055
16687,incendio,-7.1729,-77.0111
16691,no_incendio,-5.472437412852367,-77.44095465611571
16694,no_incendio,-6.049219022458795,-76.2803636866073
16707,no_incendio,-6.0738871282488835,-76.41053775521799
16710,no_incendio,-6.135227462144194,-76.4855793054628
16717,no_incendio,-6.215385324683509,-77.39247138767627
16719,incendio,-7.127,-76.9691
16722,no_incendio,-6.174948624269397,-76.36859139619342
16733,no_incendio,-6.963743688695052,-77.15890290229473
16747,no_incendio,-5.946515429749496,-77.17416988943258
16748,no_incendio,-7.147843120370421,-77.31448550971452
16753,incendio,-5.8199,-76.4135
16755,no_incendio,-7.563506389598616,-75.97255836904225
16762,incendio,-5.629,-76.2796
16763,incendio,-6.9592,-76.5062
16766,no_incendio,-7.178109146033509,-76.55931189942505
16769,no_incendio,-5.971572498496214,-75.54699515189168
16774,no_incendio,-6.911054339106914,-76.61694946054432
16786,no_incendio,-5.834688696045425,-76.52690718058605
16789,incendio,-7.078,-76.2552
16791,no_incendio,-5.618890969285048,-76.74615036047865
16803,incendio,-5.8474,-76.0485
16805,no_incendio,-7.391354511869424,-77.17370886410413
16808,no_incendio,-6.248030507497377,-77.52671049342304
16810,incendio,-7.4196,-76.6895
16812,incendio,-8.6255,-76.6164
16820,no_incendio,-7.014916061647587,-75.71674408231947
16825,incendio,-6.9143,-76.5022
16826,incendio,-7.1785,-76.7323
16830,no_incendio,-6.599472020979063,-77.4737272912427
16841,no_incendio,-7.589730303914846,-76.05435857716274
16845,no_incendio,-6.8241555048520945,-76.01927599626522
16846,incendio,-5.8609,-75.9908
16847,incendio,-7.9734,-76.7005
16848,incendio,-7.2777,-76.2974
16849,no_incendio,-5.473631906137981,-76.93641473945902
16866,incendio,-6.9312,-76.6234
16880,no_incendio,-7.584063938890335,-77.08532363724217
16883,incendio,-7.234,-76.1032
16884,no_incendio,-6.838209877352376,-75.74494612497837
16887,incendio,-6.1278,-77.5669
16898,no_incendio,-6.696114207645428,-77.01139322381492
16903,no_incendio,-7.193647832128174,-76.55694682241511
16907,incendio,-7.5738,-76.3947
16910,incendio,-8.1995,-76.4638
16911,incendio,-6.8629,-76.5699
16913,incendio,-8.2807,-76.417
16914,no_incendio,-7.517330043663011,-76.85538614453351
16920,no_incendio,-6.41045269770062,-76.39156709032302
16923,incendio,-6.3484,-76.5686
16926,incendio,-6.4634,-76.7144
16927,no_incendio,-7.414688922024766,-76.2476866383002
16932,no_incendio,-6.3431574963922905,-76.8897013975212
16946,no_incendio,-6.258662070362653,-76.50630572261905
16947,incendio,-6.9886,-76.5914
16949,incendio,-5.9697,-75.8338
16952,no_incendio,-5.668562711065817,-75.61105576661728
16961,no_incendio,-6.001439366513391,-76.98820534580602
16971,no_incendio,-7.543933320998928,-76.49404370294074
16979,no_incendio,-5.942992405044455,-75.7853598371532
16982,no_incendio,-6.922199249991655,-76.68603062105682
16984,no_incendio,-7.014326773353789,-75.93788137020674
16993,incendio,-6.496,-76.5635
16994,no_incendio,-7.546681661706002,-77.09086718024028
17003,incendio,-6.8686,-76.5491
17009,incendio,-5.7829,-76.4609
17012,no_incendio,-6.796720182530489,-75.69073110670904
17021,no_incendio,-6.73251260572492,-76.53905921309605
17025,no_incendio,-6.419675876236263,-76.64489280604421
17029,incendio,-7.0217,-76.1217
17046,no_incendio,-7.30848813253614,-75.71138002186875
17051,incendio,-7.2668,-76.9295
17059,no_incendio,-6.806897768294474,-76.17637549858149
17073,no_incendio,-7.333182283768559,-76.19171672176053
17074,no_incendio,-5.5191464766387694,-76.10695164936872
17076,no_incendio,-7.1816270512499,-75.96620433389496
17078,no_incendio,-6.423814298530284,-77.47528294673697
17079,no_incendio,-5.622162432874228,-76.70501966558531
17081,no_incendio,-5.313659040472185,-75.7974059398213
17082,no_incendio,-5.703527630485487,-76.04599898833253
17084,no_incendio,-7.157163278516986,-76.9354632282693
17104,no_incendio,-7.366259215797565,-77.34248619041158
17109,no_incendio,-6.9560251993392335,-75.65244127896328
17122,incendio,-6.8763,-76.6051
17123,incendio,-7.2382,-76.7918
17125,no_incendio,-7.52893790740652,-77.07253517227397
17126,no_incendio,-6.525571951158751,-77.30569775147015
17127,incendio,-6.5212,-76.4071
17134,no_incendio,-6.00373135270891,-76.34110147279476
17136,no_incendio,-7.279073350966451,-75.53370306812118
17138,incendio,-5.8037,-76.4697
17139,incendio,-6.2947,-75.832
17141,no_incendio,-5.931410128051382,-77.48442078407336
17147,no_incendio,-5.8418090063734045,-77.13859458576027
17154,incendio,-6.9958,-76.8031
17155,incendio,-5.8359,-76.3964
17182,incendio,-8.2424,-76.5798
17195,no_incendio,-6.709233322192638,-77.51049806027564
17207,incendio,-7.1963,-76.6825
17217,no_incendio,-6.088150630105884,-77.05183868742043
17220,incendio,-7.3015,-76.842
17225,incendio,-6.5056,-76.4657
17229,no_incendio,-7.046643791235978,-75.51769128761521
17236,incendio,-6.0787,-75.8017
17241,incendio,-7.0258,-76.2272
17243,no_incendio,-6.378904304384582,-76.46012370931685
17245,no_incendio,-7.0802266587833635,-75.87902422488
17246,no_incendio,-6.215385324683509,-77.39247138767627
17247,no_incendio,-5.9131219133707775,-77.14720380816945
17250,no_incendio,-7.36388011313037,-77.4640263849402
17259,no_incendio,-6.332355926126756,-76.57852424451565
17260,no_incendio,-6.000913642665956,-77.14500157376662
17268,no_incendio,-6.987442347939161,-77.51096806537585
17281,no_incendio,-7.179164728014299,-77.26673458504925
17284,no_incendio,-6.558202353587192,-77.31831343835394
17286,no_incendio,-7.475453840000244,-77.09283995143899
17287,no_incendio,-5.880891988248802,-77.50381327072611
17293,no_incendio,-5.721753234372427,-77.04300744557013
17299,no_incendio,-6.5878777950259835,-76.78969667476908
17307,incendio,-7.6167,-76.6101
17312,no_incendio,-6.2888093914419265,-77.49498781950011
17321,incendio,-7.1274,-76.4768
17325,no_incendio,-6.190431376100011,-77.10696325685771
17328,incendio,-7.2766,-76.6053
17330,no_incendio,-5.693256209324268,-76.57722873694159
17332,incendio,-7.3634,-76.6352
17337,no_incendio,-7.280960307883033,-76.7904575448365
17339,incendio,-7.3079,-77.7387
17346,incendio,-6.8624,-76.7822
17348,no_incendio,-7.149817793244048,-76.68995380242758
17360,no_incendio,-5.562529025700048,-76.57485709284715
17362,no_incendio,-6.796349975676233,-77.51259113944755
17388,no_incendio,-6.376726836973272,-77.35752912688064
17396,no_incendio,-7.487103293775268,-76.06526148025002
17397,no_incendio,-6.1628423736617925,-77.33214012724629
17416,no_incendio,-7.423279850513975,-76.1929127649397
17423,incendio,-8.7438,-76.9074
17424,incendio,-6.5906,-76.427
17426,incendio,-8.4119,-75.5055
17427,no_incendio,-6.559793328628168,-75.94281873717337
17434,no_incendio,-7.6003471250061425,-76.18857699535684
17437,incendio,-7.0234,-76.3324
17443,no_incendio,-5.839937103171808,-75.9908592372289
17448,no_incendio,-5.304216028521146,-77.22955638933952
17459,no_incendio,-5.6727531578346015,-77.41986068936593
17467,no_incendio,-7.1497869680077395,-76.30300590834543
17468,no_incendio,-5.399995483023551,-76.68244565675566
17474,no_incendio,-6.631800313913562,-76.34525627939975
17476,no_incendio,-7.142295863783367,-76.24884468058782
17478,incendio,-6.527,-76.3509
17483,incendio,-7.3132,-76.4519
17497,incendio,-5.6943,-77.3585
17498,no_incendio,-6.758060268510353,-77.51884776551792
17502,no_incendio,-6.904145543477711,-77.38998183817624
17503,no_incendio,-6.1029066882194485,-77.35334666324442
17505,no_incendio,-6.606790602498376,-76.50679708602655
17507,no_incendio,-5.307511492937007,-75.87055498280709
17508,incendio,-6.9398,-76.1753
17517,no_incendio,-6.351517341637376,-77.31017116176967
17522,incendio,-5.7218,-75.8769
17524,incendio,-7.254,-76.9956
17526,no_incendio,-7.047833010298452,-76.53347035024133
17527,incendio,-6.6878,-76.7565
17549,incendio,-7.3067,-76.9827
17553,no_incendio,-7.598815481458372,-76.55352785980209
17556,no_incendio,-5.91369294253363,-76.91673941934057
17567,incendio,-6.7895,-76.597
17568,no_incendio,-6.623625617650361,-76.4412657181978
17570,no_incendio,-6.979782618165886,-76.34280103633438
17571,incendio,-6.1917,-75.9481
17574,no_incendio,-6.1628423736617925,-77.33214012724629
17579,incendio,-7.1908,-76.8297
17581,incendio,-6.7725,-76.5344
17582,incendio,-5.3452,-76.3022
17584,no_incendio,-6.007162927883913,-76.5503319635523
17586,no_incendio,-6.802375216185101,-76.58944416230916
17595,no_incendio,-6.272889262540646,-77.34340996973071
17596,no_incendio,-6.491284059337684,-76.25746904489338
17600,no_incendio,-6.794519962222771,-76.90986347869215
17601,incendio,-6.5568,-76.7781
17604,incendio,-6.0835,-75.8068
17610,no_incendio,-6.271617281791801,-76.2353167311132
17614,incendio,-7.3523,-76.9651
17621,no_incendio,-6.93468940213984,-76.94543814603033
17630,incendio,-8.2491,-76.4912
17633,incendio,-7.199,-76.069
17635,no_incendio,-6.6577808572271095,-76.08571031789008
17636,incendio,-5.7673,-77.4316
17642,no_incendio,-6.12520459976937,-77.49886350154438
17645,incendio,-8.5351,-75.5438
17653,incendio,-6.6897,-76.4712
17658,incendio,-5.6742,-76.2039
17667,no_incendio,-7.158262650594558,-76.17139715257736
17671,no_incendio,-5.976273966695589,-76.89556075922386
17678,no_incendio,-5.847589394384815,-77.00848719995007
17679,incendio,-6.7685,-76.5872
17685,incendio,-6.7376,-76.6475
17689,incendio,-7.8698,-77.4445
17690,incendio,-7.7336,-76.7132
17697,no_incendio,-7.282016752291952,-75.89864347181351
17702,incendio,-5.3304,-76.7794
17706,incendio,-6.8048,-76.9179
17707,no_incendio,-7.493235179350296,-76.56434016404388
17714,incendio,-7.1109,-76.6894
17717,incendio,-7.094,-76.9867
17722,no_incendio,-7.063019746501072,-77.52481749302208
17754,no_incendio,-5.65611924902812,-76.450948774078
17758,no_incendio,-6.152311336764004,-75.83217280220295
17760,no_incendio,-6.1174086914739405,-75.65121133854548
17761,no_incendio,-7.4654999073290265,-76.71461513627762
17763,no_incendio,-6.991300272279587,-76.75580323161067
17781,no_incendio,-5.888892522225688,-76.77144344906966
17788,no_incendio,-5.3579190970036175,-75.71127050256207
17799,incendio,-7.671,-76.5244
17800,incendio,-7.33,-76.0303
17805,no_incendio,-5.863095020713222,-75.7889986714283
17806,no_incendio,-6.007112604816549,-77.29204800487722
17809,incendio,-6.9611,-76.8903
17810,incendio,-7.0683,-76.1945
17817,no_incendio,-5.382544750033527,-75.77853597502654
17823,incendio,-7.4205,-76.8359
17831,no_incendio,-6.953964765279714,-77.26246463391935
17832,incendio,-6.9217,-76.6186
17833,incendio,-6.1724,-76.2466
17838,incendio,-7.0997,-76.7182
17839,incendio,-7.4868,-76.5071
17844,incendio,-7.1924,-76.6859
17846,no_incendio,-5.304216028521146,-77.22955638933952
17881,incendio,-5.3488,-76.7796
17886,no_incendio,-5.658384235826694,-76.44208065955317
17894,incendio,-6.9695,-76.658
17897,no_incendio,-5.670380383706916,-76.55886902519973
17898,incendio,-5.9328,-76.4889
17902,no_incendio,-6.044769424983038,-75.50599138370771
17903,incendio,-7.3774,-77.7337
17908,incendio,-6.7746,-76.6963
17912,no_incendio,-6.832250558370159,-76.20474853380588
17917,incendio,-6.2678,-76.6735
17920,incendio,-7.2852,-76.6416
17928,no_incendio,-5.715242133239665,-75.6692049037983
17933,incendio,-7.0993,-76.5524
17936,no_incendio,-5.37157572156011,-76.66234225426679
17940,incendio,-5.4728,-76.7696
17948,incendio,-7.1034,-76.0839
17949,incendio,-6.1082,-76.9434
17951,incendio,-6.5904,-76.0939
17963,no_incendio,-7.188266062247751,-75.80338733044515
17984,no_incendio,-6.692392129901898,-76.24064751909104
18015,no_incendio,-7.251053016973333,-77.43482372064443
18016,incendio,-5.9496,-76.2738
18018,no_incendio,-7.413178781855594,-77.05515931189518
18021,no_incendio,-7.396034749471958,-77.09104434205882
18023,incendio,-7.6519,-76.4917
18024,no_incendio,-5.590954776196541,-75.61262101600937
18027,no_incendio,-6.7528370184185675,-75.79463738047077
18032,no_incendio,-5.353246300739066,-75.96334736686653
18034,no_incendio,-5.863508615293079,-77.5457929030888
18035,incendio,-7.3775,-76.914
18038,incendio,-7.0089,-76.9493
18051,no_incendio,-6.591526889483433,-77.26946848843974
18053,incendio,-5.3939,-76.8486
18058,no_incendio,-5.9789890422727945,-75.87335382255354
18062,incendio,-7.0832,-76.3805
18063,incendio,-6.8687,-76.8477
18069,no_incendio,-7.188891983112347,-76.93984707529914
18070,no_incendio,-6.591526889483433,-77.26946848843974
18071,no_incendio,-6.424628672692531,-76.43252138876545
18073,no_incendio,-5.8499481349063265,-76.00423037206916
18076,no_incendio,-6.625422961334142,-76.70627380489785
18078,no_incendio,-6.000321843594466,-77.16959710695784
18083,incendio,-5.7456,-75.867
18085,no_incendio,-7.142295863783367,-76.24884468058782
18087,no_incendio,-6.042014186508827,-75.97046946062136
18091,no_incendio,-5.7870347665351245,-76.83855785035811
18096,incendio,-8.7978,-76.2698
18101,incendio,-6.1109,-77.6491
18113,incendio,-6.7833,-76.4529
18114,no_incendio,-5.3463108842044225,-77.54498710700625
18115,no_incendio,-6.642584248060827,-75.75075985956546
18116,no_incendio,-6.5273014114668,-77.07055670023018
18121,no_incendio,-6.249559347527708,-77.38514191347497
18123,incendio,-7.3551,-76.9506
18127,incendio,-7.0797,-76.2662
18130,incendio,-7.0556,-76.0885
18138,incendio,-7.2035,-76.8788
18142,incendio,-6.8852,-77.7647
18145,incendio,-7.9854,-76.7233
18147,incendio,-6.9518,-77.5139
18151,no_incendio,-5.955706826060275,-77.52353123807491
18156,no_incendio,-7.241496994972613,-76.72736472676876
18158,incendio,-7.3761,-76.0474
18159,incendio,-6.0182,-75.7122
18163,no_incendio,-6.360714337530349,-76.51313445356357
18165,no_incendio,-7.4500171761306255,-77.030145813453
18169,no_incendio,-6.045557480896305,-76.73042918045354
18179,incendio,-5.8971,-77.0118
18184,no_incendio,-6.808298154641365,-77.1261442416624
18188,incendio,-7.3374,-76.8026
18189,no_incendio,-7.508397223486154,-75.66150958377543
18190,incendio,-8.3179,-76.3061
18192,no_incendio,-6.722977701208728,-76.08504808570892
18193,no_incendio,-6.24237475480212,-75.58560175040829
18194,incendio,-7.1073,-76.116
18202,incendio,-6.7923,-76.8973
18204,no_incendio,-7.241827770839374,-75.55383362888189
18214,incendio,-7.3156,-76.1271
18218,no_incendio,-6.395505819847665,-76.99761432969862
18220,no_incendio,-6.797128032172363,-76.15133853102378
18228,no_incendio,-6.419675876236263,-76.64489280604421
18233,incendio,-6.295,-75.852
18240,no_incendio,-7.523203883413939,-75.53868226309328
18248,incendio,-8.2904,-75.5031
18254,no_incendio,-6.4985912391976255,-76.97886285295857
18257,no_incendio,-6.736884280770205,-76.9775738185435
18259,no_incendio,-6.938909457059822,-76.15534082596828
18263,incendio,-5.7643,-77.4418
18267,incendio,-8.5365,-75.6312
18268,no_incendio,-5.67606118350251,-75.6381627284309
18270,incendio,-8.6128,-76.6786
18272,no_incendio,-7.139277657699614,-76.6688585627755
18275,no_incendio,-6.224512205373936,-77.14720066928672
18277,incendio,-6.4191,-76.5144
18289,no_incendio,-7.493540878148328,-76.20838654108637
18290,no_incendio,-7.106983766497296,-76.41530269638099
18299,no_incendio,-6.234051653696172,-77.08306826379199
18312,incendio,-6.8886,-76.2455
18323,incendio,-6.5686,-76.7561
18329,incendio,-7.5658,-76.536
18335,incendio,-6.3842,-76.5694
18345,no_incendio,-7.019065477801208,-77.45420422372614
18349,incendio,-5.897,-76.1149
18350,no_incendio,-6.257967973395159,-77.40735671962005
18352,no_incendio,-6.397916753583541,-76.88339705526924
18360,no_incendio,-6.058777263222519,-76.29718752856778
18365,incendio,-8.1793,-75.6401
18368,no_incendio,-5.858435510959442,-77.08234731471167
18373,no_incendio,-5.628009588205993,-76.65354056984353
18374,incendio,-7.3558,-76.354
18375,no_incendio,-7.0805818707385395,-75.71658427890108
18382,incendio,-7.0262,-76.8704
18383,incendio,-7.3432,-76.9675
18388,no_incendio,-7.108956430874631,-75.5028524515191
18399,incendio,-6.9863,-76.1946
18400,no_incendio,-6.237634518264563,-76.93733978052377
18405,incendio,-7.2437,-76.0506
18407,incendio,-6.5979,-75.7095
18411,no_incendio,-6.3057585792179704,-77.46241942433187
18413,no_incendio,-7.194942571615302,-76.85474676634065
18418,incendio,-6.6555,-76.2608
18424,no_incendio,-7.218485527946944,-75.75442741127395
18440,incendio,-6.8667,-76.5457
18448,incendio,-8.6233,-76.7025
18451,no_incendio,-6.210262345134658,-77.11424996637882
18452,no_incendio,-6.124908546496211,-75.75141276131208
18457,incendio,-8.6276,-76.3257
18460,incendio,-6.1951,-76.8258
18471,no_incendio,-5.712709822389484,-77.13047763943402
18474,incendio,-7.291,-77.7351
18480,no_incendio,-6.097062665245191,-76.98969253314067
18482,no_incendio,-6.547946119465311,-76.58716239935082
18489,no_incendio,-6.165139577023006,-77.17733248367045
18491,no_incendio,-6.818883045664746,-77.17747642270048
18493,no_incendio,-5.889428519671102,-75.83985217439051
18498,no_incendio,-6.856923978483267,-76.96918980938075
18499,incendio,-8.5123,-77.116
18517,incendio,-6.0982,-75.9483
18523,no_incendio,-5.689162165416454,-77.52240954923455
18537,incendio,-7.3689,-76.6377
18550,no_incendio,-5.9287884158970305,-76.31836219337158
18552,no_incendio,-6.773657211365503,-76.04485495284429
18558,no_incendio,-6.189692070444094,-76.2722521853251
18567,no_incendio,-7.224623096753857,-76.90340581488266
18580,no_incendio,-7.378012032391012,-77.45917085361808
18581,no_incendio,-6.859834032339221,-77.17846783969736
18589,no_incendio,-5.484881982857761,-77.32421686569977
18595,incendio,-6.2987,-76.6652
18601,incendio,-6.0772,-75.7939
18603,incendio,-7.1796,-76.1807
18606,incendio,-6.5062,-76.7777
18614,incendio,-6.8673,-76.8477
18617,incendio,-7.5661,-77.6141
18618,incendio,-7.126,-76.5498
18624,no_incendio,-7.163357160429671,-76.52012680201292
18639,incendio,-6.9723,-76.3342
18648,incendio,-5.8928,-76.3205
18654,no_incendio,-6.949882284574706,-75.68273295602192
18661,incendio,-8.2244,-77.3413
18662,incendio,-7.4312,-76.6292
18663,no_incendio,-7.276587033646778,-76.71291357389988
18664,incendio,-6.1789,-75.9738
18665,incendio,-6.8953,-76.5255
18668,no_incendio,-7.20837922312058,-75.60173964481412
18673,incendio,-6.6891,-77.4852
18680,no_incendio,-7.38891296125344,-75.60819465870141
18684,no_incendio,-6.2816422432891255,-75.61454508391762
18691,no_incendio,-6.705083355769138,-77.07784196502678
18692,incendio,-6.738,-76.392
18694,no_incendio,-5.561988258344413,-76.88991934204635
18695,incendio,-5.6623,-76.1441
18696,incendio,-7.3656,-76.6492
18697,incendio,-6.5643,-76.5208
18699,incendio,-7.4001,-76.3955
18703,incendio,-8.6498,-77.0401
18704,incendio,-6.9939,-76.7162
18712,no_incendio,-7.5897198272789534,-76.04473326312396
18716,no_incendio,-6.980328156805363,-75.58165966551039
18717,no_incendio,-5.531434005442488,-77.13875106909684
18718,incendio,-7.4251,-76.8447
18722,incendio,-7.6222,-76.5309
18736,incendio,-7.1466,-76.3783
18739,incendio,-7.2332,-76.192
18744,incendio,-6.8051,-76.8179
18749,no_incendio,-6.838209877352376,-75.74494612497837
18755,incendio,-7.6623,-76.4474
18756,no_incendio,-6.089075896633828,-77.11331132604498
18758,no_incendio,-6.166609034042587,-76.23843722431326
18760,no_incendio,-5.9462000997115165,-76.43849970195068
18762,incendio,-7.0321,-76.7487
18766,incendio,-7.6164,-76.4583
18775,incendio,-5.6801,-76.4773
18777,incendio,-7.2329,-77.0491
18781,incendio,-8.575,-76.2944
18782,incendio,-8.5992,-76.5352
18784,no_incendio,-6.890142536767722,-76.21093731168023
18790,incendio,-8.0647,-76.5584
18797,incendio,-7.5029,-76.4347
18804,incendio,-7.0834,-76.1051
18813,no_incendio,-6.339520872179224,-76.81899067100204
18820,no_incendio,-7.142295863783367,-76.24884468058782
18825,no_incendio,-7.459387198765487,-76.32587223443953
18828,incendio,-7.0641,-76.8984
18831,no_incendio,-5.712970448713469,-77.45936672905775
18832,no_incendio,-5.648091386764367,-76.0845405608189
18833,no_incendio,-5.89795943446839,-76.15835756218627
18835,no_incendio,-6.9712876814104,-75.72933923833854
18839,no_incendio,-7.000095620614563,-76.8362748925339
18843,no_incendio,-5.863095020713222,-75.7889986714283
18844,incendio,-6.3933,-77.474
18860,incendio,-7.1424,-76.3724
18862,incendio,-6.2038,-76.1392
18863,incendio,-6.7101,-77.5671
18873,incendio,-7.2847,-76.0743
18875,incendio,-6.3446,-76.6011
18877,no_incendio,-6.632429838819291,-76.85546244307059
18888,incendio,-8.6261,-76.723
18890,no_incendio,-6.400727870765625,-77.48420741846027
18891,incendio,-6.6534,-77.4904
18896,no_incendio,-5.5773133304619895,-76.64993341377527
18903,incendio,-5.821,-76.4675
18906,no_incendio,-6.731898455104795,-77.28317456533246
18916,incendio,-7.3112,-76.6487
18924,incendio,-8.4772,-77.0206
18927,no_incendio,-5.870407571755855,-76.43899593158982
18929,no_incendio,-5.545003443596255,-76.62406992463623
18947,no_incendio,-6.806373584205248,-76.84212620311408
18948,incendio,-6.2244,-76.2216
18949,no_incendio,-5.41267692948794,-75.94332607139869
18955,no_incendio,-6.856229226903604,-75.880120110949
18960,incendio,-6.7676,-76.6945
18964,no_incendio,-6.731898455104795,-77.28317456533246
18968,no_incendio,-7.530943089944216,-75.61039209936172
18976,incendio,-8.4578,-76.2514
18981,no_incendio,-6.9422117979050695,-77.32253174388707
18983,incendio,-8.1886,-76.5112
18987,incendio,-7.5268,-76.4302
18998,incendio,-5.8344,-76.3448
19007,no_incendio,-7.180456049019163,-77.4128118764767
19012,incendio,-7.0254,-76.9273
19013,incendio,-7.1747,-76.6255
19015,no_incendio,-6.146660724544319,-75.97521919295521
19029,incendio,-6.9534,-76.9118
19030,no_incendio,-5.306306841629591,-77.15046908916776
19034,incendio,-7.1114,-77.0737
19037,incendio,-7.619,-76.5081
19040,no_incendio,-6.588229399587176,-76.8892729173111
19046,no_incendio,-6.007628054839875,-76.09137870131059
19052,no_incendio,-6.684588652346477,-77.1953837139415
19055,no_incendio,-5.923104963527884,-76.43553159912858
19058,incendio,-6.7213,-76.4376
19060,no_incendio,-5.975374754784447,-75.50583088122505
19070,no_incendio,-5.332935425847374,-77.16749151506393
19078,incendio,-7.1647,-76.5381
19081,no_incendio,-6.1029066882194485,-77.35334666324442
19087,incendio,-6.9146,-76.47
19088,incendio,-7.438,-76.5419
19092,incendio,-8.7681,-76.2429
19093,no_incendio,-6.333472406743339,-75.64833382378124
19095,no_incendio,-7.080940596432744,-77.316377811303
19098,incendio,-7.7185,-76.5033
19108,no_incendio,-5.31562173519542,-75.64368786803017
19112,no_incendio,-6.200171336468845,-76.47517852395984
19114,no_incendio,-6.684698936601428,-75.64362761188839
19115,incendio,-6.9227,-76.9337
19122,no_incendio,-6.061679877354346,-76.10414263000189
19123,incendio,-7.228,-76.1973
19139,no_incendio,-5.605657953237715,-77.33944421680316
19140,no_incendio,-6.654449786981951,-77.1406120148932
19151,incendio,-7.1843,-76.3885
19156,incendio,-6.4868,-76.3672
19161,incendio,-6.8653,-76.3727
19163,no_incendio,-6.514967490351236,-76.99375522896699
19164,no_incendio,-7.306661299403648,-77.35299757529853
19172,no_incendio,-6.088150630105884,-77.05183868742043
19178,incendio,-7.1398,-76.3714
19184,no_incendio,-7.4582565567314925,-76.8374558308584
19186,no_incendio,-5.977893876843185,-76.20383698117358
19191,no_incendio,-6.390597266026688,-76.66038678496503
19195,no_incendio,-7.040747836565641,-76.40061304391803
19201,incendio,-6.1919,-76.9998
19202,no_incendio,-7.486989695328659,-75.96758909817325
19208,incendio,-6.921,-76.6322
19212,incendio,-6.4306,-76.609
19216,no_incendio,-6.971818693744163,-76.01229344920435
19217,no_incendio,-5.533040967000405,-76.26492504184081
19221,no_incendio,-6.420856851462068,-76.77933512635609
19226,no_incendio,-7.070198196068285,-76.36379595586068
19227,incendio,-6.4892,-76.9033
19230,no_incendio,-6.328050055589178,-77.0850887708193
19240,incendio,-8.6347,-76.2798
19244,no_incendio,-6.447996016247126,-77.41234607167007
19250,incendio,-6.7932,-76.5032
19254,no_incendio,-5.872543626896172,-76.44213080221468
19258,incendio,-8.1091,-76.7043
19260,no_incendio,-6.742797209348308,-75.63057425829132
19263,no_incendio,-7.506715394985805,-77.42217587330937
19264,incendio,-8.2519,-76.3484
19267,no_incendio,-5.546857195256127,-75.81190178678054
19268,incendio,-7.6652,-76.5392
19269,incendio,-8.6137,-76.3004
19279,no_incendio,-6.469426504691923,-77.12144723552828
19280,incendio,-8.6209,-76.6994
19283,incendio,-5.9757,-76.3346
19288,no_incendio,-7.384620420011121,-76.77592855304549
19293,incendio,-6.7727,-76.4793
19295,incendio,-6.7842,-76.2923
19297,incendio,-7.2719,-76.7381
19300,incendio,-6.746,-76.4004
19303,incendio,-8.0205,-77.6755
19321,no_incendio,-5.364892363396528,-76.8599043565554
19323,incendio,-6.3898,-76.5612
19354,incendio,-8.0586,-76.7343
19356,no_incendio,-7.401018606692293,-76.00185651713339
19359,incendio,-7.3159,-75.5351
19364,incendio,-6.385,-76.5224
19368,incendio,-7.5033,-76.3838
19375,no_incendio,-6.122277486216256,-75.72320627588023
19378,no_incendio,-5.31562173519542,-75.64368786803017
19383,incendio,-6.9827,-76.3223
19401,incendio,-7.021,-76.9792
19402,no_incendio,-6.535327617861432,-76.18785766882165
19403,no_incendio,-6.737802446576857,-76.76156798779444
19406,incendio,-6.0615,-77.169
19415,no_incendio,-5.871232465142917,-76.52596915622884
19434,incendio,-5.8678,-77.2685
19435,incendio,-6.5949,-75.7127
19438,no_incendio,-6.273383567178642,-76.44114691338451
19439,incendio,-5.5531,-76.2379
19449,no_incendio,-5.652384048618223,-75.53477074714212
19453,no_incendio,-5.7870347665351245,-76.83855785035811
19455,no_incendio,-5.9638581047952375,-75.97775046224217
19457,incendio,-5.7988,-76.55
19458,incendio,-8.73,-76.7463
19462,no_incendio,-6.4535066542887805,-75.68187662159364
19470,no_incendio,-6.753009015920508,-77.11830732339537
19486,no_incendio,-7.336551353349131,-77.20883178649431
19487,no_incendio,-6.4551795764442375,-76.19574642473289
19488,incendio,-6.9061,-76.7305
19489,no_incendio,-5.399412164546291,-75.6346920848303
19493,incendio,-7.1727,-76.0747
19495,no_incendio,-6.234937456831474,-75.55136134306397
19498,incendio,-5.7568,-76.0663
19507,no_incendio,-6.30212067741681,-77.20947071632679
19509,no_incendio,-5.6976044499375105,-76.64278583121316
19512,no_incendio,-7.070198196068285,-76.36379595586068
19513,incendio,-6.8381,-76.5988
19518,incendio,-5.6471,-77.4099
19520,no_incendio,-7.298951884711561,-75.8714337322258
19521,incendio,-7.1847,-76.2196
19523,incendio,-5.8946,-76.3972
19527,incendio,-7.6186,-76.4728
19534,no_incendio,-7.009908430459743,-75.97675444196047
19554,no_incendio,-5.432481694931332,-76.47528675292433
19570,no_incendio,-5.743346331540995,-77.34641722204898
19572,incendio,-7.2193,-76.3679
19577,incendio,-8.6065,-75.5279
19580,incendio,-5.9471,-77.3085
19583,no_incendio,-7.536324441611577,-75.98652093293225
19585,no_incendio,-6.994018548876931,-77.44340810717631
19590,no_incendio,-7.371625145918922,-75.70238603258082
19597,no_incendio,-6.064968975705764,-75.80158619111924
19602,no_incendio,-5.340154408333765,-76.74093271807992
19609,no_incendio,-6.227801736418022,-76.3562846673644
19628,no_incendio,-6.400338002031925,-76.1292712340201
19632,no_incendio,-6.08674868659818,-77.38664384875209
19636,incendio,-5.7887,-76.5625
19647,incendio,-7.224,-76.6819
19648,no_incendio,-6.125013751679443,-76.15307627183338
19649,incendio,-6.8189,-76.8821
19659,no_incendio,-5.3750389583532385,-76.27737605989306
19670,incendio,-5.9478,-77.305
19679,incendio,-6.0608,-77.1674
19684,incendio,-7.5053,-76.3678
19685,incendio,-7.1379,-76.4555
19687,incendio,-6.4923,-76.7854
19689,no_incendio,-7.391380566669081,-77.4628689446306
19690,incendio,-8.727,-76.2812
19692,no_incendio,-5.493534251624167,-76.05824936892388
19694,no_incendio,-6.742797209348308,-75.63057425829132
19707,incendio,-5.6888,-76.47
19708,no_incendio,-6.721818890646596,-76.25717682869612
19709,incendio,-8.1593,-76.4971
19712,no_incendio,-6.960697626593194,-77.14750520971012
19720,incendio,-7.2967,-76.0538
19721,no_incendio,-6.246302114010693,-75.65691913180889
19724,no_incendio,-6.8707527834716435,-77.1546220579287
19726,no_incendio,-6.589390257699646,-75.6408986952127
19729,no_incendio,-7.5699592193140015,-75.58526155924636
19735,no_incendio,-5.747289104744423,-76.88274608576704
19737,incendio,-7.2424,-76.35
19746,no_incendio,-7.516029592309847,-76.17814319860955
19750,no_incendio,-6.304617864281926,-76.60193669802109
19756,incendio,-6.7018,-76.6834
19758,incendio,-5.948,-76.4716
19762,incendio,-7.6309,-76.7333
19763,incendio,-7.959,-77.4232
19775,no_incendio,-6.763422719650261,-75.74420107703415
19778,incendio,-8.5883,-77.0375
19784,no_incendio,-6.9674608313940976,-76.11780778351495
19801,no_incendio,-6.1476999130544865,-77.34007485362595
19802,no_incendio,-5.971724397201385,-75.87816764029395
19814,no_incendio,-6.9303848627730344,-77.0665622069992
19821,no_incendio,-6.558646082464617,-76.16096804971144
19833,no_incendio,-6.370500555903968,-77.21187079190732
19838,no_incendio,-7.454920494649443,-76.8925561147692
19849,incendio,-8.0576,-76.662
19851,no_incendio,-5.501515775636018,-76.3801877604814
19854,no_incendio,-5.756771146595229,-77.41858176231523
19867,incendio,-6.5917,-75.5271
19873,incendio,-7.2118,-76.9867
19883,no_incendio,-6.567404760010091,-75.93678531261668
19893,incendio,-8.2003,-76.9584
19904,no_incendio,-6.326928174040345,-77.2532631886426
19915,no_incendio,-6.350208583490028,-76.38539627900366
19917,incendio,-5.8381,-77.3816
19921,incendio,-6.0461,-75.841
19932,no_incendio,-6.641540416375139,-77.47486256481713
19944,no_incendio,-6.774947131584925,-76.00722166007617
19947,no_incendio,-7.000095620614563,-76.8362748925339
19949,no_incendio,-7.341385532228014,-75.96721546288514
19958,no_incendio,-5.329337229365641,-77.4752371215785
19959,incendio,-6.7714,-76.8565
19962,no_incendio,-5.457985826162461,-76.51538649315398
19965,incendio,-7.1046,-76.3713
19967,no_incendio,-5.778538304462726,-77.27874829265495
19970,no_incendio,-6.2554801571250565,-76.43574997258422
19979,incendio,-6.5718,-76.3573
19981,no_incendio,-7.495613592310532,-75.66310159178755
19982,incendio,-7.2194,-76.372
19983,incendio,-6.6027,-75.6979
19998,no_incendio,-6.796720182530489,-75.69073110670904
20006,incendio,-8.1354,-76.2615
20011,no_incendio,-6.859834032339221,-77.17846783969736
20015,incendio,-8.5363,-76.1606
20022,no_incendio,-5.8418090063734045,-77.13859458576027
20023,incendio,-6.3939,-76.0447
20024,incendio,-7.1044,-76.8829
20036,no_incendio,-7.4582565567314925,-76.8374558308584
20037,incendio,-8.0509,-76.6712
20039,no_incendio,-6.522871972647179,-77.1088712424184
20044,no_incendio,-6.671769405587168,-77.2003294261131
20048,incendio,-7.4594,-76.6791
20051,incendio,-7.3967,-76.8413
20055,no_incendio,-6.590618313605878,-75.87293609884875
20059,incendio,-7.2235,-76.2978
20064,no_incendio,-6.777084363074236,-76.9625637860872
20067,incendio,-6.7302,-76.7576
20068,no_incendio,-7.010242517235748,-76.48324440357516
20070,no_incendio,-6.685185816424632,-76.91349326123884
20071,no_incendio,-6.559808771407175,-77.1012994135422
20076,incendio,-6.7544,-76.659
20084,incendio,-7.285,-76.962
20088,no_incendio,-7.3820884546139,-76.13227467193721
20090,no_incendio,-7.173287597971678,-76.70987433367677
20092,no_incendio,-5.546857195256127,-75.81190178678054
20098,incendio,-6.9138,-76.8273
20107,incendio,-7.2237,-76.5164
20109,incendio,-6.4632,-75.8472
20125,no_incendio,-5.802372431085104,-75.57878108958735
20127,incendio,-5.5352,-76.7314
20133,incendio,-7.2701,-76.0432
20136,no_incendio,-7.12053033714668,-76.21891493903652
20140,incendio,-5.9086,-76.316
20147,no_incendio,-5.626490573988114,-76.90197669049898
20148,no_incendio,-6.391823979929684,-76.07285666047848
20154,no_incendio,-5.339988911138568,-75.94604419335825
20161,no_incendio,-5.856151465825925,-75.61952647714237
20167,incendio,-7.9232,-77.4852
20180,no_incendio,-6.488912206718216,-77.21092639424883
20182,no_incendio,-6.1305152501535805,-77.20692971202396
20183,no_incendio,-6.774573707033902,-77.34959858877993
20186,no_incendio,-6.310941404805258,-76.58257850357522
20198,incendio,-7.0122,-76.813
20201,incendio,-5.7587,-76.4533
20208,no_incendio,-7.579948204047341,-77.15279486128607
20209,incendio,-7.6072,-76.5302
20210,no_incendio,-6.6046403916429695,-76.28478273774354
20212,no_incendio,-7.537264707596327,-76.77993123452514
20214,incendio,-7.3552,-76.2731
20216,incendio,-8.6805,-76.7925
20227,incendio,-6.7734,-76.3332
20231,incendio,-7.3977,-76.8349
20232,incendio,-5.9003,-76.1194
20257,no_incendio,-7.230653311251528,-76.66188363656903
20259,no_incendio,-6.15093008996696,-76.49119122235592
20263,incendio,-6.7608,-76.4084
20264,no_incendio,-7.0026426990635535,-77.36552672269332
20266,incendio,-6.7746,-76.9483
20274,no_incendio,-6.161493803649726,-77.185392683239
20278,incendio,-7.192,-76.4108
20281,no_incendio,-6.973814803497775,-76.61262749751272
20283,no_incendio,-6.309912628737243,-75.57235857764702
20287,no_incendio,-6.436627782302701,-75.61846013241453
20290,incendio,-6.7686,-76.6347
20295,no_incendio,-6.368603456274399,-75.97556374416213
20296,incendio,-5.7226,-75.8581
20300,no_incendio,-6.726614018767928,-76.17961603852275
20306,incendio,-5.7883,-76.4803
20313,no_incendio,-5.393627530051222,-76.7881303458327
20316,no_incendio,-6.758724816086575,-76.05879675132634
20320,no_incendio,-7.062719614900722,-75.90547044520231
20326,no_incendio,-6.8038809431040965,-76.81652393345753
20327,incendio,-7.701,-76.4861
20329,incendio,-5.9302,-75.743
20330,incendio,-8.3286,-76.3999
20345,no_incendio,-6.126239418397349,-76.00835180305617
20352,incendio,-7.9727,-77.4303
20358,no_incendio,-6.418496907062319,-75.56505083254436
20360,incendio,-6.229,-76.2286
20365,no_incendio,-7.127830025342514,-77.33172299006912
20366,no_incendio,-6.338883523616399,-76.67237416346605
20374,incendio,-6.9891,-76.1784
20384,no_incendio,-6.310252900156727,-75.63690302476967
20393,incendio,-5.9065,-76.9455
20397,incendio,-6.8046,-76.4311
20404,incendio,-6.7734,-76.5492
20408,incendio,-7.0734,-76.3106
20409,no_incendio,-5.916934623864143,-76.40108482987945
20410,incendio,-6.8797,-76.5518
20417,incendio,-5.8402,-75.99
20418,incendio,-6.6153,-75.5784
20431,no_incendio,-6.655364881494073,-76.77056122498234
20438,no_incendio,-5.913444133925558,-76.54061399484421
20446,incendio,-7.3188,-76.5495
20448,incendio,-7.1043,-77.0237
20449,incendio,-5.9944,-75.8138
20455,incendio,-7.5172,-76.6132
20457,incendio,-6.8729,-76.2407
20459,incendio,-8.2883,-76.376
20475,incendio,-5.9368,-75.9551
20476,no_incendio,-5.592576026879957,-77.10550649403218
20477,incendio,-8.3324,-76.3942
20483,no_incendio,-6.788644402631232,-76.08655221338569
20484,no_incendio,-7.275276678539276,-76.76197872211165
20488,incendio,-6.5313,-76.7868
20489,no_incendio,-6.040687375273645,-76.93582583750656
20494,no_incendio,-7.0241667667070145,-76.27510051559456
20500,no_incendio,-5.9130091622376435,-77.42859659593488
20502,incendio,-6.8074,-77.2256
20504,incendio,-6.3431,-75.9205
20515,incendio,-6.535,-76.2879
20520,incendio,-8.7204,-77.0012
20525,incendio,-6.1959,-76.7468
20536,incendio,-6.138,-76.2656
20539,incendio,-8.195,-76.5122
20542,no_incendio,-7.4319891578174815,-77.15087421098383
20548,no_incendio,-6.173497385338977,-77.08001241103895
20552,incendio,-8.6116,-76.7854
20564,no_incendio,-5.98497682810957,-77.24575452252367
20565,incendio,-7.4633,-76.393
20568,incendio,-5.7259,-77.4243
20570,incendio,-6.7026,-76.3289
20575,incendio,-5.8808,-75.9486
20582,incendio,-7.5854,-76.4576
20583,no_incendio,-5.593125166051203,-76.18080058724955
20588,no_incendio,-6.329192781886754,-76.04043750230694
20590,incendio,-6.7502,-76.458
20598,no_incendio,-7.377346584054845,-77.21066750842841
20608,incendio,-6.6377,-76.4319
20612,no_incendio,-6.442429492492132,-75.8210206317141
20615,no_incendio,-6.339520872179224,-76.81899067100204
20618,no_incendio,-7.311635265992554,-75.85999069910886
20620,no_incendio,-5.841456819782133,-77.02191077906832
20624,no_incendio,-7.500619459820059,-77.36318050509186
20627,no_incendio,-6.945484440166689,-76.77951589048426
20628,no_incendio,-6.949882284574706,-75.68273295602192
20630,no_incendio,-5.88030965167519,-76.8527641018783
20637,no_incendio,-6.4800299159294745,-75.86986955910662
20638,incendio,-6.963,-76.3589
20642,no_incendio,-6.645039245338252,-76.15359224458275
20648,incendio,-7.335,-76.0623
20653,incendio,-5.7179,-76.1679
20656,no_incendio,-6.9256501234330665,-77.07157879837493
20659,incendio,-6.0492,-77.1223
20668,no_incendio,-5.747289104744423,-76.88274608576704
20669,incendio,-6.9512,-76.5566
20673,incendio,-6.6128,-75.5842
20676,incendio,-6.9478,-76.6132
20677,no_incendio,-6.672836316039594,-77.21035813191263
20678,no_incendio,-7.21726371720512,-77.53055568666079
20691,no_incendio,-7.331602369683786,-75.50190770424915
20698,no_incendio,-6.1503156162969,-75.68207577523512
20704,no_incendio,-5.334459587733146,-75.55207402078406
20711,no_incendio,-7.532996636921076,-76.24695076945386
20713,incendio,-6.697,-76.8545
20719,incendio,-6.2172,-75.9531
20722,no_incendio,-5.862678119407266,-76.8979972886448
20731,no_incendio,-6.942876340672963,-76.33358150381483
20734,no_incendio,-6.219239133010214,-75.74553430382387
20736,no_incendio,-6.237216270609751,-75.77060453063258
20737,no_incendio,-6.03851882647106,-77.07112033922151
20748,incendio,-6.6954,-76.4048
20756,incendio,-5.9014,-75.965
20776,no_incendio,-5.772447993979731,-76.76825761036689
20778,no_incendio,-5.652384048618223,-75.53477074714212
20782,no_incendio,-6.10372793592555,-77.07921750093743
20796,incendio,-7.7384,-76.7666
20799,no_incendio,-7.390169812745361,-75.85173982819381
20810,no_incendio,-7.324938939394847,-75.95193264911674
20817,no_incendio,-7.475413502587504,-75.52501286015236
20821,incendio,-7.4148,-76.6853
20825,incendio,-8.6301,-76.7444
20826,incendio,-7.5775,-76.6144
20829,incendio,-5.753,-75.9531
20833,no_incendio,-6.559185707653601,-77.1814362546677
20839,no_incendio,-7.573586798987392,-75.72729255411187
20849,no_incendio,-5.709919403753175,-77.18915952963572
20858,incendio,-6.4917,-76.3576
20860,incendio,-6.5071,-77.0704
20868,incendio,-7.1486,-76.386
20874,no_incendio,-7.098978961723795,-76.16251434543014
20876,no_incendio,-7.3828581911388165,-75.8721549637632
20878,incendio,-6.6598,-76.4163
20879,no_incendio,-6.848581850084046,-76.26989214867015
20886,no_incendio,-7.41959845265657,-75.83874958471428
20890,incendio,-7.2653,-76.0801
20898,no_incendio,-5.6482528855217815,-76.46520365220378
20909,no_incendio,-5.691367325953232,-76.91174291210852
20911,no_incendio,-5.976958562482058,-76.80488821989493
20914,incendio,-6.9487,-76.6114
20921,incendio,-5.3065,-76.4644
20924,no_incendio,-6.797587829172456,-76.96085855036651
20925,no_incendio,-6.535104750481092,-76.08251249993276
20926,incendio,-7.1705,-76.8995
20928,no_incendio,-6.441348790337615,-75.95997357363434
20935,incendio,-8.0578,-76.5995
20936,incendio,-7.5315,-76.4626
20941,no_incendio,-7.382546706989848,-75.68529171756556
20949,incendio,-7.252,-76.4748
20950,no_incendio,-7.03159653116471,-76.48526719545968
20951,no_incendio,-7.321380923057713,-76.79525440749033
20958,incendio,-6.9942,-76.6691
20959,incendio,-5.8096,-76.0264
20967,incendio,-8.3484,-76.435
20971,no_incendio,-5.398135296375456,-76.71445247130518
20987,no_incendio,-6.224278076163242,-75.68574152044755
20990,incendio,-7.2502,-76.3804
20991,no_incendio,-7.299495014578471,-76.02669026239053
20994,no_incendio,-6.113667109473601,-76.53892712453562
21017,no_incendio,-5.418336191471334,-77.27363994749886
21019,incendio,-6.4131,-75.711
21023,no_incendio,-5.525473635438348,-76.97243620940135
21038,no_incendio,-6.124995469329237,-76.94017741724177
21039,no_incendio,-6.67609072823633,-75.56441372549882
21040,no_incendio,-5.7471785562359665,-76.25115253820718
21041,incendio,-7.3431,-76.7852
21043,no_incendio,-6.7524376965656785,-76.77120962689304
21050,incendio,-8.4987,-76.4025
21055,incendio,-8.6597,-76.8541
21059,no_incendio,-6.4548358961700885,-76.10226827896288
21062,incendio,-7.1614,-76.1912
21064,no_incendio,-7.3912095148136645,-77.03017853882585
21072,no_incendio,-7.3497454938237565,-77.01330947831835
21074,incendio,-8.0567,-76.6707
21075,no_incendio,-5.4986752575716835,-76.99704879250469
21088,incendio,-6.6175,-76.764
21090,incendio,-6.7537,-76.6802
21091,incendio,-5.8929,-76.125
21103,incendio,-5.3159,-76.5306
21104,no_incendio,-6.880264689541971,-77.33984954598883
21108,incendio,-5.7255,-75.9699
21109,no_incendio,-5.880891988248802,-77.50381327072611
21117,incendio,-7.6018,-76.3897
21118,no_incendio,-6.672836316039594,-77.21035813191263
21119,no_incendio,-7.188658976147599,-76.54958213524759
21121,incendio,-7.3831,-76.5405
21124,no_incendio,-5.5941151159540015,-75.60783919102062
21128,incendio,-5.9443,-76.487
21131,incendio,-6.6592,-76.6788
21135,incendio,-7.1683,-76.0285
21139,incendio,-7.0995,-76.5138
21143,no_incendio,-5.559247618754692,-77.28735500783372
21144,no_incendio,-7.180456049019163,-77.4128118764767
21147,no_incendio,-7.536087990026042,-76.53899168088374
21148,no_incendio,-6.580708866740203,-77.30463518466154
21153,no_incendio,-6.823512194602855,-76.05631689166178
21156,incendio,-5.75,-76.4981
21158,no_incendio,-6.931054749326789,-77.2760800084336
21172,incendio,-7.1648,-76.5081
21175,incendio,-7.0008,-76.8077
21180,no_incendio,-7.448422790645704,-75.84545299813023
21182,incendio,-5.8757,-76.9702
21205,no_incendio,-6.386426402369189,-77.04162489751405
21211,no_incendio,-7.579867389663157,-75.5999817001758
21214,incendio,-6.8938,-76.3393
21215,no_incendio,-5.7103480025675015,-77.41410373684516
21216,incendio,-5.327,-76.7064
21219,no_incendio,-7.27421571842906,-77.20818796800718
21220,no_incendio,-7.30848813253614,-75.71138002186875
21229,no_incendio,-7.0860818553903275,-75.90470489635607
21230,incendio,-5.9525,-75.7348
21239,incendio,-5.8589,-76.1699
21241,incendio,-6.4578,-76.8684
21242,incendio,-7.236,-76.1949
21245,incendio,-6.8581,-76.1803
21259,incendio,-7.5845,-76.4088
21264,no_incendio,-5.900117559948675,-75.56284439390626
21268,incendio,-7.1491,-76.307
21270,incendio,-6.7592,-77.414
21278,no_incendio,-5.482360092898033,-75.75875593827813
21286,incendio,-6.4162,-75.7365
21290,no_incendio,-6.572959136388864,-76.70713570582085
21291,no_incendio,-5.382544750033527,-75.77853597502654
21292,incendio,-8.6839,-76.4756
21297,incendio,-6.9011,-76.729
21298,no_incendio,-6.9260270516583,-76.1608919912471
21303,incendio,-5.3271,-76.4687
21314,incendio,-8.3118,-76.3268
21326,incendio,-5.7247,-75.8325
21331,incendio,-8.7627,-76.9618
21332,no_incendio,-5.95558763459201,-75.58088985962372
21341,no_incendio,-7.021631546381363,-76.8111659595044
21344,incendio,-6.5062,-75.7269
21345,incendio,-7.2869,-76.73
21349,incendio,-6.8356,-76.5607
21367,incendio,-6.7243,-76.6812
21370,incendio,-6.753,-76.6446
21392,no_incendio,-7.059198382146936,-75.77593999522976
21393,no_incendio,-7.014916061647587,-75.71674408231947
21394,no_incendio,-5.4956287964108785,-77.39970137101125
21404,incendio,-6.6932,-76.7564
21419,no_incendio,-6.695549144298289,-76.30587609863571
21420,incendio,-5.9944,-75.8077
21422,no_incendio,-5.409046088511844,-75.85044957982578
21435,no_incendio,-6.979782618165886,-76.34280103633438
21436,no_incendio,-6.8087501204600445,-77.17056577036678
21437,no_incendio,-6.578202945590633,-76.50501159622002
21439,incendio,-8.0065,-77.7773
21443,incendio,-6.6376,-76.2574
21444,incendio,-8.6897,-76.9279
21446,no_incendio,-5.809374851355544,-76.43868142231265
21450,no_incendio,-6.370648236891197,-76.34077418345667
21451,incendio,-7.9713,-77.4589
21462,incendio,-5.7135,-75.7518
21469,no_incendio,-6.257364517477317,-77.24088667621311
21473,incendio,-5.8353,-75.9846
21475,incendio,-6.9705,-76.8847
21477,no_incendio,-7.50245523159848,-75.65943917128568
21485,incendio,-7.2146,-76.9704
21495,no_incendio,-6.702659611656615,-77.00358407805038
21498,incendio,-8.4573,-76.28
21499,no_incendio,-6.741440234624422,-77.09605125719467
21506,no_incendio,-6.987442347939161,-77.51096806537585
21534,no_incendio,-5.8511939634062635,-76.52247944634267
21540,no_incendio,-6.522871972647179,-77.1088712424184
21557,no_incendio,-6.519206979509828,-76.45089641887259
21582,incendio,-6.0219,-76.3631
21585,no_incendio,-5.978876914297251,-77.26050814725458
21588,incendio,-6.3501,-76.6279
21598,incendio,-6.8759,-76.6073
21617,incendio,-6.1387,-77.0994
21620,incendio,-7.6536,-76.5368
21632,no_incendio,-6.586322213980279,-76.11222675311737
21652,no_incendio,-6.061517131296685,-76.40854652459227
21654,incendio,-5.8795,-76.4049
21657,no_incendio,-5.391936920318269,-75.74765732530163
21662,incendio,-7.5091,-77.2942
21674,incendio,-7.3703,-76.3893
21675,incendio,-7.026,-76.6345
21700,incendio,-6.7852,-76.9376
21703,no_incendio,-6.311293975828189,-76.65790550589152
21706,no_incendio,-6.941338708258946,-75.69517571386349
21710,incendio,-6.797,-76.1707
21713,incendio,-6.8974,-76.1134
21714,incendio,-8.1694,-76.9685
21721,no_incendio,-6.3280159994888185,-76.39673641063581
21726,no_incendio,-6.183798772159494,-75.95166434619192
21733,incendio,-6.2649,-76.1726
21734,no_incendio,-7.03159653116471,-76.48526719545968
21737,incendio,-6.1473,-76.9306
21744,incendio,-8.7174,-76.3587
21750,incendio,-6.8394,-76.1654
21753,incendio,-7.0024,-76.2406
21756,incendio,-6.5776,-76.2452
21757,incendio,-8.6584,-76.3847
21764,no_incendio,-7.389808722529589,-77.07301560245696
21768,no_incendio,-7.047404652384161,-75.9921217029406
21770,no_incendio,-7.179164728014299,-77.26673458504925
21772,no_incendio,-6.068535480190217,-76.55604968607116
21774,no_incendio,-7.23268535501901,-75.71791421763211
21776,no_incendio,-5.371545466461964,-76.40334353874748
21788,no_incendio,-6.134868701694113,-76.84593822630983
21792,incendio,-6.5418,-75.5848
21794,incendio,-8.4517,-76.42
21796,no_incendio,-6.5096234782459765,-76.05722709745423
21799,incendio,-5.8798,-75.9459
21801,no_incendio,-6.857236383262051,-76.76658169794014
21802,no_incendio,-6.272889262540646,-77.34340996973071
21808,no_incendio,-7.086474485794749,-76.34589785341001
21810,incendio,-5.9503,-76.2565
21814,incendio,-5.6263,-75.8792
21820,no_incendio,-7.253889999482386,-76.08590323427873
21821,incendio,-7.5274,-76.6558
21833,no_incendio,-6.543996709664201,-75.77625931317041
21836,no_incendio,-7.199216978961617,-75.9477990392911
21840,no_incendio,-5.3149529866292395,-75.54616509202799
21847,incendio,-6.6427,-76.2292
21850,no_incendio,-5.593725246250177,-76.70151478021911
21858,no_incendio,-5.398135296375456,-76.71445247130518
21861,no_incendio,-5.7158112857010535,-77.38243423840477
21863,incendio,-7.0898,-76.4144
21874,incendio,-6.5745,-75.6377
21880,incendio,-6.7014,-76.6342
21886,incendio,-6.7351,-76.6096
21900,incendio,-6.8105,-76.8834
21902,no_incendio,-5.855088798772725,-76.8781669555971
21906,incendio,-8.2717,-76.4737
21908,incendio,-6.4874,-76.3577
21912,no_incendio,-5.6973793336742,-77.06548143756238
21920,no_incendio,-5.586947404667705,-76.96796502244129
21925,no_incendio,-7.190242104068348,-76.3337792612101
21933,incendio,-7.2908,-76.7512
21938,no_incendio,-6.009883455455032,-77.3447970220629
21943,incendio,-6.9771,-76.6331
21947,incendio,-6.6734,-76.5428
21949,no_incendio,-6.189900798297541,-77.11922448268243
21955,incendio,-8.2556,-76.6295
21956,incendio,-7.6178,-76.3692
21958,incendio,-6.7951,-76.4913
21959,no_incendio,-7.190259524857835,-76.68608585816432
21962,no_incendio,-5.719203795161454,-76.0632701523621
21971,incendio,-6.9993,-76.5685
21974,incendio,-7.2899,-76.0763
21979,incendio,-7.0655,-76.3941
21988,no_incendio,-5.728686151403572,-77.23987774970512
21992,incendio,-8.4447,-76.2756
22006,incendio,-8.5287,-76.3413
22008,incendio,-5.9155,-76.3182
22012,no_incendio,-5.733857068651538,-76.80904901377532
22017,no_incendio,-6.212102855046136,-76.68622274401635
22023,no_incendio,-7.340268369426515,-77.43400024997341
22027,no_incendio,-6.165729925483304,-75.50698017130118
22029,no_incendio,-6.848581850084046,-76.26989214867015
22036,no_incendio,-6.026228631512895,-77.08577582368433
22041,no_incendio,-5.530545114001872,-77.19494832976447
22049,incendio,-7.5993,-76.789
22050,incendio,-5.8899,-76.1562
22051,no_incendio,-6.832250558370159,-76.20474853380588
22057,no_incendio,-7.33313046325463,-76.2000539836304
22059,incendio,-6.6578,-76.6693
22075,incendio,-5.5816,-76.6814
22080,incendio,-5.8135,-77.0526
22083,no_incendio,-5.412071364186887,-77.00251056339543
22084,incendio,-6.1523,-76.9938
22085,incendio,-7.0546,-76.2851
22092,incendio,-6.9874,-76.7054
22094,no_incendio,-6.880264689541971,-77.33984954598883
22097,no_incendio,-5.397948781588011,-77.53247141487635
22098,no_incendio,-7.189575486518889,-75.71595612356288
22103,no_incendio,-5.673007856969957,-76.8124122789181
22115,no_incendio,-5.323979357908248,-75.76496426046252
22126,no_incendio,-5.519172911219698,-76.89133916809088
22133,incendio,-7.383,-76.5769
22138,no_incendio,-6.722985174451003,-76.39617504365586
22146,no_incendio,-7.593724484851976,-77.34754973911781
22154,no_incendio,-6.94814091788126,-77.537765160704
22157,incendio,-8.2021,-76.5921
22158,incendio,-7.3103,-76.062
22159,no_incendio,-5.8166617894952815,-76.28161854109814
22160,incendio,-6.622,-77.5514
22162,incendio,-5.8396,-75.8952
22173,no_incendio,-5.375081422638433,-76.42555675592241
22175,no_incendio,-5.900117559948675,-75.56284439390626
22182,no_incendio,-6.662875308176205,-76.42972525647028
22191,incendio,-7.4116,-76.6419
22211,incendio,-6.0337,-76.9711
22222,no_incendio,-6.545993739725771,-76.56596496779403
22229,incendio,-8.405,-77.0868
22232,incendio,-7.0968,-76.2395
22236,incendio,-7.2536,-76.3746
22238,no_incendio,-6.199486560201427,-77.4221153051421
22239,incendio,-8.1541,-77.052
22249,no_incendio,-5.880891988248802,-77.50381327072611
22253,no_incendio,-6.394447416910339,-77.43791713673666
22260,incendio,-6.7857,-76.6021
22264,no_incendio,-6.959166240525439,-76.30731044079543
22274,no_incendio,-7.391395621025486,-76.825979662233
22278,no_incendio,-6.9213010558098045,-76.33886424086654
22281,no_incendio,-6.013807781245941,-77.54515653099793
22282,incendio,-6.6163,-75.5995
22283,no_incendio,-6.543996709664201,-75.77625931317041
22290,no_incendio,-5.959932705913599,-76.9795248154579
22295,no_incendio,-7.241525662941319,-76.41896984645183
22296,incendio,-5.905,-76.1127
22303,no_incendio,-5.937982315475422,-75.92724379308008
22308,incendio,-5.3104,-76.5302
22310,incendio,-7.2125,-76.4591
22311,no_incendio,-5.882545131668422,-77.4252687375934
22317,no_incendio,-7.475519503083649,-77.46804103195987
22318,no_incendio,-5.647813944563046,-75.98631579821414
22324,incendio,-7.0847,-76.7066
22330,incendio,-6.7537,-77.4277
22331,incendio,-7.0789,-76.3618
22334,no_incendio,-5.503572685354535,-76.8870255218437
22364,no_incendio,-6.010451782777754,-76.65548557621318
22365,incendio,-7.3007,-76.5967
22373,incendio,-5.7301,-75.7572
22375,no_incendio,-5.503666402060762,-76.62944463990817
22376,no_incendio,-5.5670313248345,-75.99876018929933
22403,incendio,-6.8891,-76.1019
22406,no_incendio,-5.370196998275461,-75.689038856576
22413,incendio,-8.5037,-75.5873
22419,no_incendio,-6.314113189001013,-76.77593472488475
22421,incendio,-7.3969,-76.6331
22423,no_incendio,-6.072304927752775,-76.77556503555117
22426,no_incendio,-6.074232738963784,-75.5615873787058
22431,no_incendio,-6.40519633681147,-77.40140623826653
22432,incendio,-7.6748,-76.4859
22438,no_incendio,-6.095756407316532,-77.30841425266888
22441,incendio,-5.7444,-75.9684
22446,incendio,-8.3836,-76.3289
22447,no_incendio,-7.233369543625463,-75.83176043083628
22457,incendio,-8.5103,-76.4145
22459,incendio,-7.0003,-76.8878
22460,incendio,-6.0614,-76.2888
22462,incendio,-7.2302,-76.0815
22470,no_incendio,-6.45014471724059,-77.23785683491617
22473,no_incendio,-5.85348487678678,-75.67716092139695
22486,no_incendio,-5.453647317604843,-76.59202254288773
22494,incendio,-6.6567,-75.594
22495,incendio,-6.8276,-76.6063
22518,no_incendio,-5.797596250550247,-76.87713068907384
22519,incendio,-6.3035,-75.8492
22527,no_incendio,-6.180100380910179,-75.67578293136424
22533,no_incendio,-5.569263216987678,-77.42801037016952
22544,no_incendio,-6.272889262540646,-77.34340996973071
22547,incendio,-6.4759,-76.7647
22562,no_incendio,-6.5631659761878876,-77.17426169429598
22565,no_incendio,-6.654449786981951,-77.1406120148932
22567,no_incendio,-6.47129538831012,-76.10848069167751
22569,no_incendio,-7.181022415547675,-77.05281498239466
22573,no_incendio,-7.217722844984081,-77.2235426849214
22579,no_incendio,-5.5463833686959125,-76.92476001499328
22583,incendio,-7.204,-76.0982
22588,no_incendio,-6.1579628470379655,-75.78726893747826
22612,incendio,-6.1675,-76.2549
22618,incendio,-5.9357,-76.4793
22627,no_incendio,-5.621781873154133,-75.59201486751932
22640,no_incendio,-5.796164972487043,-76.72449599512143
22641,no_incendio,-7.4438050568529475,-75.8809717620132
22646,incendio,-6.7366,-76.4495
22647,no_incendio,-6.157983789056771,-76.91942166932327
22651,no_incendio,-7.450227101420001,-77.22165209135423
22654,incendio,-8.4545,-76.3057
22665,no_incendio,-6.797266617151564,-77.33130374727055
22667,no_incendio,-6.525390337428589,-76.47559277816393
22668,incendio,-7.0635,-76.834
22669,incendio,-7.0901,-76.1854
22675,incendio,-7.693,-76.481
22678,incendio,-5.6155,-76.1693
22682,incendio,-6.9729,-76.2265
22683,incendio,-5.8435,-77.3109
22684,incendio,-7.3647,-76.5274
22686,no_incendio,-7.257184386198285,-77.16794482130089
22688,no_incendio,-7.1362153859124,-76.23261669430515
22691,incendio,-7.4346,-76.4527
22697,incendio,-7.5587,-76.6296
22707,incendio,-6.596,-77.3947
22708,incendio,-7.1682,-76.2977
22711,no_incendio,-7.0852919010703905,-76.44513634305123
22720,incendio,-5.6652,-77.3356
22725,no_incendio,-6.36044395346056,-75.72277954497737
22734,no_incendio,-6.300899600481529,-77.03575943383572
22736,no_incendio,-5.525166300103762,-76.64412404917219
22739,no_incendio,-7.3912095148136645,-77.03017853882585
22741,no_incendio,-7.4685281169836575,-76.45982142340358
22743,no_incendio,-7.126992791984684,-76.61977202734205
22746,no_incendio,-6.654449786981951,-77.1406120148932
22747,no_incendio,-7.4932330675913,-76.47171857799623
22758,no_incendio,-5.748428283636171,-75.60096771532396
22775,incendio,-7.5127,-76.6332
22782,no_incendio,-7.391723487933359,-77.28373715780799
22788,incendio,-6.6167,-76.515
22801,no_incendio,-6.818883045664746,-77.17747642270048
22802,no_incendio,-6.727604587458214,-76.26589680418019
22811,no_incendio,-6.346149620720344,-76.04929277750021
22814,no_incendio,-7.15278141829991,-77.06413752345813
22817,no_incendio,-6.156050459707027,-75.66218917207854
22820,incendio,-6.9752,-76.7645
22821,no_incendio,-7.489751819531982,-75.96573533227652
22822,no_incendio,-7.263705379465793,-77.32787830995856
22824,no_incendio,-6.308716369141198,-75.7579038479895
22825,incendio,-6.9633,-76.1846
22828,no_incendio,-6.5791773780212175,-75.5208242841422
22832,incendio,-7.3663,-76.036
22833,incendio,-7.0221,-76.2258
22835,incendio,-7.1695,-76.4561
22838,incendio,-7.1934,-77.0756
22840,incendio,-7.1617,-76.8114
22849,no_incendio,-6.470561948843736,-76.94393330664495
22852,incendio,-5.7929,-77.2621
22866,no_incendio,-6.269160672028454,-77.26185240867942
22868,incendio,-5.9019,-76.311
22869,incendio,-6.1077,-76.2256
22877,no_incendio,-7.331602369683786,-75.50190770424915
22880,incendio,-5.3789,-76.8295
22885,no_incendio,-6.376048501437837,-77.12747027240657
22901,no_incendio,-5.546121726810674,-77.21880389015298
22903,no_incendio,-6.173348975423568,-75.85866602181171
22905,no_incendio,-5.353246300739066,-75.96334736686653
22906,no_incendio,-7.121678053413924,-76.22436656303664
22912,no_incendio,-6.923574495814878,-76.96137100911855
22920,incendio,-5.6802,-77.5075
22922,no_incendio,-5.370065008448104,-77.20634043748042
22932,incendio,-7.9448,-77.5915
22938,no_incendio,-5.875471323487407,-77.45654526806348
22939,no_incendio,-6.733687512476174,-75.74855689788478
22942,incendio,-5.9447,-77.301
22946,no_incendio,-5.977954403238399,-75.89740788010133
22949,no_incendio,-5.393926083579098,-77.3710588373999
22952,no_incendio,-6.505676796415307,-75.74448285313693
22953,incendio,-6.2068,-76.0953
22955,no_incendio,-7.2089538970519875,-76.94110340861664
22958,no_incendio,-6.196820810614756,-77.18695898534692
22960,no_incendio,-6.3065520769299415,-76.52048775212563
22963,no_incendio,-6.845215133339704,-76.0061485753322
22964,incendio,-5.9486,-76.1948
22969,incendio,-5.6786,-76.6478
22973,no_incendio,-6.107814853885202,-77.33817072189056
22974,no_incendio,-6.324934683730277,-76.81019781469472
22975,no_incendio,-6.201637039608355,-76.63859765076462
22976,incendio,-6.7851,-76.8554
22981,incendio,-6.4297,-76.7676
22986,incendio,-6.515,-77.068
22987,incendio,-7.2389,-76.4839
22988,no_incendio,-7.146199438472306,-75.63802434726938
22997,incendio,-7.0117,-76.2813
23002,incendio,-8.5226,-76.3738
23007,no_incendio,-5.5280435147957645,-75.64292390382334
23008,incendio,-6.9098,-76.6437
23011,no_incendio,-6.037617039183259,-75.8633441160442
23017,no_incendio,-6.234614825176705,-77.3723732006722
23028,no_incendio,-5.888348489579822,-77.35715805332656
23030,no_incendio,-6.469524270312644,-76.04017356223993
23033,incendio,-6.6698,-76.5822
23034,incendio,-7.3706,-76.7555
23036,incendio,-6.6856,-76.6099
23041,incendio,-7.7234,-76.4612
23050,no_incendio,-7.143708896944154,-76.44706491684622
23061,incendio,-6.5542,-76.4316
23062,incendio,-7.1952,-76.8056
23071,incendio,-5.8969,-76.1143
23081,no_incendio,-7.374027518305184,-76.32029762844952
23084,no_incendio,-6.5564240987934905,-76.79797957202473
23087,no_incendio,-5.991245342520768,-75.64023187612118
23094,no_incendio,-7.24813570116868,-76.52197868679315
23110,no_incendio,-5.62615661110973,-77.2642082623634
23124,incendio,-6.6402,-76.6462
23131,incendio,-6.2868,-76.299
23137,incendio,-8.2155,-76.5706
23145,no_incendio,-6.1464831206689965,-77.21946152659409
23149,no_incendio,-6.061848479102238,-75.8084457666632
23150,incendio,-6.974,-76.2798
23152,no_incendio,-6.48340164417584,-76.67965578486029
23160,incendio,-5.9468,-77.3032
23176,incendio,-7.3485,-76.694
23193,no_incendio,-6.586264053943194,-75.6879198104013
23196,incendio,-5.8522,-76.1783
23197,no_incendio,-6.440107687486793,-76.71961125303099
23202,incendio,-7.0805,-76.4253
23208,incendio,-7.2701,-76.1169
23219,no_incendio,-7.5842496329608995,-75.57404179177915
23227,incendio,-6.218,-76.804
23244,incendio,-6.12,-76.2458
23248,no_incendio,-5.856151465825925,-75.61952647714237
23250,no_incendio,-6.808753435004469,-75.58127871175964
23254,no_incendio,-7.2822391020909345,-76.80145523505668
23256,no_incendio,-6.3427644504242675,-77.35180398852548
23258,incendio,-7.1561,-76.4709
23261,no_incendio,-5.307511492937007,-75.87055498280709
23263,incendio,-6.1501,-76.1703
23264,incendio,-6.9848,-76.9674
23267,no_incendio,-6.596577810973727,-76.74231910069577
23272,incendio,-8.214,-75.6694
23280,no_incendio,-6.772965762366505,-76.27272500681829
23285,incendio,-5.9793,-77.2443
23286,no_incendio,-7.5636797148906325,-76.80582387525504
23291,no_incendio,-6.072304927752775,-76.77556503555117
23300,incendio,-8.4664,-77.612
23301,incendio,-6.5066,-76.7952
23305,incendio,-7.5603,-76.2235
23306,no_incendio,-7.347666513055251,-77.19530347019538
23311,incendio,-5.9621,-76.3183
23313,no_incendio,-6.248141133810431,-75.50987121265236
23315,no_incendio,-5.559553740329016,-76.98206356543957
23316,no_incendio,-7.2889510765606325,-76.46654281298771
23320,incendio,-6.4745,-76.4614
23321,incendio,-7.2345,-76.3315
23323,incendio,-6.1906,-77.1085
23345,incendio,-6.7187,-76.6299
23346,no_incendio,-6.012390103585068,-77.46665184846529
23356,incendio,-7.0378,-77.7329
23365,incendio,-6.8226,-76.9344
23396,incendio,-8.0668,-77.6591
23399,no_incendio,-5.588125457302943,-77.46080617284144
23403,no_incendio,-6.950453264096688,-75.59880859567114
23407,incendio,-7.4089,-76.7903
23409,incendio,-5.6627,-76.1424
23412,no_incendio,-6.709233322192638,-77.51049806027564
23420,incendio,-5.8496,-76.2932
23423,no_incendio,-5.8570726019942425,-76.40667258173919
23426,no_incendio,-6.730215654444688,-76.84821672271427
23428,incendio,-5.8906,-76.4022
23431,no_incendio,-6.236752944768423,-75.59185038594902
23433,no_incendio,-7.119124402863609,-77.37715689078294
23434,no_incendio,-5.691367325953232,-76.91174291210852
23443,incendio,-7.1993,-76.8904
23444,no_incendio,-7.599085989378968,-76.01277900476353
23445,no_incendio,-6.807279841790784,-75.78242302305196
23449,incendio,-5.7354,-75.7028
23459,incendio,-6.5641,-76.1906
23460,no_incendio,-7.598815481458372,-76.55352785980209
23477,no_incendio,-5.867209565015489,-77.50628286243776
23485,no_incendio,-5.641271222445664,-77.2589065650696
23496,no_incendio,-6.695225096779551,-76.23948893389061
23498,no_incendio,-6.718454996800395,-75.59317309755335
23504,incendio,-6.9575,-76.1
23505,no_incendio,-6.421249722496318,-77.04956463628945
23514,no_incendio,-6.298521477567302,-76.20182358446478
23521,no_incendio,-5.518725698266722,-76.04231826723102
23527,incendio,-7.2667,-76.5739
23536,no_incendio,-6.922488599265936,-77.20347324801959
23549,incendio,-7.2549,-76.4167
23552,incendio,-8.7766,-76.2764
23554,incendio,-7.8957,-76.6804
23568,incendio,-6.1091,-75.6863
23572,incendio,-5.548,-76.6806
23573,incendio,-5.9992,-75.7771
23575,incendio,-6.8048,-76.3409
23588,no_incendio,-5.450166959625918,-77.00835031536832
23590,no_incendio,-5.433480478841975,-76.00940335234054
23592,incendio,-8.3023,-76.5938
23595,no_incendio,-6.4080031568756075,-76.00044470790617
23601,no_incendio,-7.019065477801208,-77.45420422372614
23606,incendio,-5.9615,-76.3012
23609,incendio,-6.9898,-76.2145
23610,no_incendio,-6.94200325407077,-76.26001952788216
23613,no_incendio,-7.1362153859124,-76.23261669430515
23616,incendio,-6.8378,-76.415
23619,no_incendio,-6.007112604816549,-77.29204800487722
23621,incendio,-6.9176,-76.6585
23623,incendio,-5.6633,-77.2704
23626,incendio,-7.1414,-76.606
23627,no_incendio,-7.464502353788052,-77.51392837949253
23630,no_incendio,-7.537645825070388,-77.33447245653781
23634,no_incendio,-6.091674894114575,-77.31779067927825
23635,no_incendio,-6.073266163575411,-75.6671313489238
23636,incendio,-5.5983,-76.6327
23650,incendio,-6.3368,-75.9865
23653,incendio,-8.5889,-76.2728
23666,incendio,-6.6519,-77.7942
23677,no_incendio,-6.173497385338977,-77.08001241103895
23678,incendio,-6.317,-76.3005
23684,incendio,-6.5178,-75.6935
23685,no_incendio,-6.929511458644296,-75.83962565372784
23688,no_incendio,-6.600798876111644,-77.47285717519692
23693,incendio,-7.7336,-76.5097
23695,incendio,-8.3246,-77.2504
23703,no_incendio,-7.459517004149713,-75.65348895495933
23705,incendio,-7.3634,-76.7673
23711,no_incendio,-6.089075896633828,-77.11331132604498
23726,no_incendio,-5.772447993979731,-76.76825761036689
23730,no_incendio,-5.465881437617145,-76.83346258647516
23735,incendio,-5.9516,-77.0435
23736,no_incendio,-6.469524270312644,-76.04017356223993
23739,incendio,-6.7401,-76.8189
23747,no_incendio,-5.366911069115064,-77.28733600522496
23750,no_incendio,-7.014371526342947,-75.6304094962068
23751,incendio,-6.4824,-75.7707
23754,incendio,-6.0115,-77.086
23760,no_incendio,-6.534406684076978,-76.00352237296187
23764,incendio,-5.7306,-75.8249
23767,no_incendio,-5.4890792342209735,-77.07204209988373
23768,no_incendio,-7.38468478753475,-76.59022400240521
23779,incendio,-6.8724,-76.5363
23790,incendio,-7.0114,-77.7628
23791,no_incendio,-7.554963436234575,-75.69130210162552
23801,incendio,-5.6969,-76.6692
23803,no_incendio,-5.866539639068574,-77.22687497991105
23805,incendio,-8.623,-76.7117
23807,incendio,-7.3067,-76.1392
23810,no_incendio,-6.557560588378224,-76.50430262965486
23826,incendio,-6.2806,-76.0463
23828,no_incendio,-7.331602369683786,-75.50190770424915
23830,incendio,-5.7935,-76.0179
23834,incendio,-7.0421,-76.2305
23837,no_incendio,-5.807568980791382,-75.59957931060934
23840,no_incendio,-5.974627825335505,-76.8393257597771
23843,no_incendio,-6.883760214306626,-75.62202390814382
23845,no_incendio,-5.441244045280792,-76.19936571316805
23858,no_incendio,-7.021631546381363,-76.8111659595044
23864,incendio,-8.2675,-76.4133
23873,no_incendio,-6.040209440060914,-75.6194334979568
23875,no_incendio,-6.090705105654209,-75.76196358722034
23876,incendio,-6.1709,-76.2389
23877,incendio,-5.6837,-76.6182
23880,incendio,-7.3549,-76.2665
23884,no_incendio,-5.83234820585484,-77.1167119832574
23889,incendio,-5.9193,-76.194
23899,no_incendio,-7.564076009944549,-75.89157611790941
23909,incendio,-6.8166,-76.1354
23913,incendio,-5.8107,-77.048
23922,no_incendio,-6.370648236891197,-76.34077418345667
23928,incendio,-6.2859,-75.8394
23931,no_incendio,-5.533837838145786,-75.72558753064112
23947,no_incendio,-5.880337682080549,-76.27434878275604
23948,incendio,-5.8123,-76.2273
23951,incendio,-6.7452,-76.5965
23956,no_incendio,-5.83397648887431,-77.22981106334638
23958,no_incendio,-7.084992337102138,-76.00290783432357
23959,no_incendio,-5.871931947995299,-76.58893437628251
23966,no_incendio,-5.862678119407266,-76.8979972886448
23968,incendio,-6.845,-76.628
23971,incendio,-7.3001,-76.6222
23974,no_incendio,-6.063333052679301,-77.2619056071794
23980,no_incendio,-5.37423014640436,-76.28801458210359
23991,incendio,-7.2914,-76.0958
23994,incendio,-5.5651,-76.24
24000,no_incendio,-7.163650027528195,-76.96450686997079
24001,no_incendio,-6.931023435575018,-75.82624629253455
24010,no_incendio,-5.3689055308415,-76.62344622964636
24015,incendio,-6.2159,-75.6414
24018,incendio,-7.1478,-76.298
24026,no_incendio,-5.782302498103818,-75.6928374050029
24037,no_incendio,-6.904145543477711,-77.38998183817624
24041,no_incendio,-6.922199249991655,-76.68603062105682
24043,no_incendio,-7.245236344594437,-75.87140818649081
24044,incendio,-7.2803,-76.4534
24046,incendio,-8.186,-76.5103
24051,no_incendio,-7.544493851248457,-76.73397529490327
24059,incendio,-6.71,-77.4676
24064,no_incendio,-7.530943089944216,-75.61039209936172
24073,no_incendio,-6.296136511971609,-76.40812295417624
24081,no_incendio,-5.409587022918446,-76.44819351401671
24082,incendio,-6.8937,-76.6692
24085,no_incendio,-6.25491061078941,-77.33408817448023
24089,incendio,-7.2839,-76.9568
24090,incendio,-6.9278,-76.3887
24091,incendio,-5.3332,-76.5537
24092,no_incendio,-6.061671698446887,-76.35844064270319
24094,no_incendio,-7.381229378022176,-76.50096695875145
24101,incendio,-8.6812,-76.2713
24102,incendio,-6.0208,-76.3011
24106,incendio,-6.229,-76.1964
24112,no_incendio,-7.098978961723795,-76.16251434543014
24117,no_incendio,-7.454920494649443,-76.8925561147692
24118,no_incendio,-6.187799355462546,-77.0520465624197
24129,incendio,-7.6481,-76.4349
24134,no_incendio,-5.485555576815183,-76.48568380205462
24136,incendio,-7.7162,-76.4607
24138,incendio,-7.367,-76.7375
24141,no_incendio,-6.089075896633828,-77.11331132604498
24155,no_incendio,-7.000863457307533,-75.58957693762711
24157,no_incendio,-7.224623096753857,-76.90340581488266
24162,incendio,-5.4874,-75.8102
24165,no_incendio,-7.307057596051339,-77.10105133577639
24176,no_incendio,-6.931342706605391,-77.24005682830844
24178,no_incendio,-5.83397648887431,-77.22981106334638
24184,incendio,-7.272,-76.8421
24189,no_incendio,-7.319214183948055,-76.60782028508046
24191,no_incendio,-6.819960436835468,-75.76204305997081
24192,incendio,-8.6647,-76.4398
24199,no_incendio,-7.537645825070388,-77.33447245653781
24202,no_incendio,-7.063967003908729,-75.96901482213464
24211,incendio,-7.3068,-76.5415
24218,incendio,-6.4616,-75.7358
24228,no_incendio,-5.485555576815183,-76.48568380205462
24231,incendio,-7.3127,-76.5473
24234,incendio,-6.288,-75.8543
24235,no_incendio,-6.929766621277843,-76.9486595645204
24237,incendio,-7.2079,-77.6485
24239,incendio,-7.1278,-76.0661
24240,incendio,-8.7037,-76.9493
24245,incendio,-7.025,-76.6196
24259,no_incendio,-5.68462514388274,-76.77383589546262
24260,no_incendio,-6.836006339265761,-75.80496615427175
24263,incendio,-8.7802,-77.4867
24264,no_incendio,-5.706344807939495,-75.53890068499895
24265,no_incendio,-5.882755427823639,-77.51237097659782
24270,incendio,-7.1671,-76.0263
24271,no_incendio,-6.725041372469151,-75.56125792679802
24276,incendio,-7.3405,-76.6455
24279,no_incendio,-7.178109146033509,-76.55931189942505
24280,incendio,-6.8786,-77.7621
24285,no_incendio,-6.75147932991093,-77.49824320852836
24287,no_incendio,-6.224885960981276,-76.91366721974305
24290,incendio,-5.9016,-76.1161
24295,incendio,-6.0325,-75.7507
24305,no_incendio,-5.60263772570773,-75.78275132850642
24306,no_incendio,-7.447641034854349,-75.90762090121981
24307,incendio,-5.9871,-77.1284
24310,no_incendio,-6.581835148874593,-77.10480197876178
24317,incendio,-8.31,-76.4255
24318,incendio,-7.2174,-76.3529
24321,incendio,-6.2419,-76.7026
24323,no_incendio,-6.887017706594157,-77.30533643415299
24324,no_incendio,-5.733857068651538,-76.80904901377532
24329,no_incendio,-5.509464170137781,-77.49293762678506
24337,no_incendio,-6.425556209293201,-75.70279330371295
24338,no_incendio,-6.16528135593961,-76.78785640637115
24339,no_incendio,-6.349598302009982,-77.36461092516129
24344,incendio,-7.2925,-76.5737
24347,no_incendio,-6.178368777472011,-76.33706394423045
24349,no_incendio,-6.298521477567302,-76.20182358446478
24351,no_incendio,-5.465881437617145,-76.83346258647516
24354,incendio,-6.2157,-75.6519
24356,no_incendio,-5.877091540669871,-76.18474625697182
24375,incendio,-5.9116,-75.9955
24382,incendio,-6.0722,-76.152
24384,incendio,-8.5823,-76.3167
24387,incendio,-7.349,-76.2676
24388,incendio,-7.1117,-77.0959
24389,incendio,-7.0683,-76.6711
24391,incendio,-7.061,-76.4416
24393,incendio,-6.9147,-76.7265
24398,incendio,-8.6165,-76.7075
24399,no_incendio,-5.612307081535751,-76.80288819980903
24411,incendio,-7.287,-77.7506
24415,no_incendio,-6.671769405587168,-77.2003294261131
24420,no_incendio,-7.163128957992517,-77.33946379317482
24429,incendio,-6.6207,-76.4267
24431,no_incendio,-7.241827770839374,-75.55383362888189
24434,no_incendio,-6.082418461874669,-76.27878687106944
24437,no_incendio,-6.500803234494254,-76.0342561681164
24438,no_incendio,-7.415686202537784,-75.85189468645096
24441,no_incendio,-7.081124602285028,-76.06087878832324
24457,no_incendio,-6.5273014114668,-77.07055670023018
24459,incendio,-8.6245,-76.3147
24467,no_incendio,-5.996065973339257,-76.13966106255965
24470,no_incendio,-5.356690738855086,-75.83538698151644
24485,no_incendio,-6.705665824489784,-75.86880266225904
24486,no_incendio,-6.136716909605955,-76.35666700182222
24492,no_incendio,-5.391936920318269,-75.74765732530163
24506,incendio,-7.2165,-76.262
24510,incendio,-8.4215,-76.2244
24513,no_incendio,-7.538919499981023,-76.30789351897428
24516,incendio,-7.3311,-76.3844
24517,no_incendio,-7.1211989995442275,-77.24932556813594
24525,incendio,-6.4861,-76.3754
24541,incendio,-6.3954,-75.9133
24552,no_incendio,-7.161262686753078,-75.93223007605604
24554,no_incendio,-6.558646082464617,-76.16096804971144
24557,incendio,-8.6179,-76.2918
24573,no_incendio,-5.882379700992915,-75.5521215473338
24575,no_incendio,-7.597875070160168,-76.24368895263702
24577,no_incendio,-6.323703322144798,-77.03501627790455
24579,no_incendio,-6.575753903909922,-76.88436933200694
24585,incendio,-6.2578,-76.1828
24589,incendio,-6.7699,-76.1936
24590,no_incendio,-7.319106221775668,-76.84964608294781
24592,incendio,-6.64,-77.3687
24596,no_incendio,-6.979813600777688,-77.48470455898823
24601,no_incendio,-6.2585048621667685,-76.21326265306386
24606,no_incendio,-7.230008103453095,-76.43726823574747
24617,incendio,-7.2686,-76.2471
24631,no_incendio,-5.369357026240305,-77.2031702822179
24645,no_incendio,-7.433177363041198,-76.83037064638081
24646,no_incendio,-7.579830164327099,-75.5825162108259
24649,no_incendio,-7.329374471876949,-76.61139361204333
24652,incendio,-5.3327,-76.5941
24658,incendio,-7.2913,-76.0858
24662,incendio,-7.5142,-76.4519
24670,no_incendio,-5.61928379725062,-76.7464492739021
24692,no_incendio,-7.4500171761306255,-77.030145813453
24693,no_incendio,-6.312891094128834,-75.840822427949
24695,incendio,-7.112,-76.0861
24710,incendio,-6.5851,-76.4484
24712,incendio,-6.4216,-76.5163
24719,incendio,-6.221,-76.1942
24720,no_incendio,-6.717293792016525,-75.64014245587184
24722,no_incendio,-7.150850438275079,-76.80236890839828
24724,no_incendio,-6.696114207645428,-77.01139322381492
24739,no_incendio,-6.191430391246121,-75.84894878803162
24740,no_incendio,-5.487830888913878,-75.70248261618342
24750,incendio,-7.2306,-76.9458
24752,incendio,-7.1813,-76.3629
24755,incendio,-6.3985,-75.9027
24756,no_incendio,-6.974678823081742,-77.45775985292939
24767,incendio,-7.102,-77.0585
24779,no_incendio,-5.875471323487407,-77.45654526806348
24784,no_incendio,-5.8499481349063265,-76.00423037206916
24786,incendio,-6.708,-76.7066
24788,incendio,-6.494,-76.9976
24790,no_incendio,-5.932124535029201,-76.05712369100402
24791,incendio,-7.5113,-76.5288
24796,incendio,-6.0533,-76.2527
24797,incendio,-7.2206,-76.184
24798,incendio,-7.5082,-76.5269
24800,no_incendio,-6.049779266057276,-75.95295045421427
24803,incendio,-6.8377,-76.9147
24813,incendio,-6.5449,-76.6214
24816,incendio,-5.8471,-76.2706
24835,incendio,-6.9302,-76.4933
24837,incendio,-8.716,-76.3092
24841,incendio,-7.7878,-77.5544
24842,no_incendio,-6.904586233381429,-75.9004340427078
24843,incendio,-5.8392,-76.2798
24849,incendio,-6.1682,-75.8815
24851,incendio,-5.7232,-76.4142
24857,incendio,-5.755,-77.4478
24859,incendio,-5.8722,-76.2473
24864,no_incendio,-5.523597492537125,-76.54848022376082
24867,no_incendio,-6.682240904919321,-76.14970898536502
24876,no_incendio,-6.599686675625029,-77.25042485782903
24877,no_incendio,-6.720013389410524,-76.18246932103828
24879,no_incendio,-7.233124705417647,-77.12066793132318
24880,no_incendio,-6.1419091354730675,-76.8668930112328
24881,incendio,-6.975,-76.2205
24893,no_incendio,-5.619318348217799,-76.76258506679603
24900,no_incendio,-6.370648236891197,-76.34077418345667
24904,incendio,-7.6555,-76.4706
24905,no_incendio,-5.977250221064096,-76.70445078164089
24908,no_incendio,-7.244709644912411,-75.56657258484273
24913,incendio,-6.5083,-76.4799
24920,no_incendio,-6.5724720452102705,-75.8266564045623
24926,no_incendio,-6.224278076163242,-75.68574152044755
24928,no_incendio,-7.299495014578471,-76.02669026239053
24932,no_incendio,-6.685185816424632,-76.91349326123884
24936,no_incendio,-6.505676796415307,-75.74448285313693
24940,incendio,-5.8203,-75.951
24942,no_incendio,-6.134733445645897,-77.28129832709729
24949,no_incendio,-7.390169812745361,-75.85173982819381
24954,no_incendio,-6.812854444766214,-76.31590409569822
24958,no_incendio,-6.9714049980814945,-77.24001187896316
24961,no_incendio,-5.926705485124891,-75.77709994653331
24967,incendio,-6.8576,-76.2799
24968,incendio,-6.9057,-76.6429
24972,incendio,-6.2802,-76.2702
24977,no_incendio,-7.236767025241832,-75.80597084398892
24982,incendio,-7.3065,-76.1361
24983,no_incendio,-7.298931793323789,-76.42163494937755
24988,incendio,-5.8289,-76.2968
24994,incendio,-6.057,-76.0357
24996,incendio,-8.4119,-76.283
24998,incendio,-6.7747,-76.5403
25005,incendio,-5.5677,-76.7196
25021,no_incendio,-6.819960436835468,-75.76204305997081
25022,incendio,-6.8106,-77.2508
25025,incendio,-8.0727,-76.605
25030,incendio,-5.3246,-76.4907
25033,incendio,-5.9011,-75.9811
25034,incendio,-8.6834,-76.4072
25039,incendio,-6.383,-76.577
25040,incendio,-5.7896,-76.5457
25059,no_incendio,-5.647813944563046,-75.98631579821414
25061,no_incendio,-5.871232465142917,-76.52596915622884
25064,no_incendio,-5.853989818371729,-76.78866763757419
25066,incendio,-7.2798,-76.8394
25081,incendio,-8.5493,-76.9397
25086,incendio,-7.7337,-77.7528
25097,no_incendio,-5.397948781588011,-77.53247141487635
25111,incendio,-8.0925,-77.6402
25119,incendio,-8.7971,-76.5953
25128,no_incendio,-6.726107042288016,-76.4764656532763
25132,no_incendio,-7.394254404476224,-75.68500027222532
25136,incendio,-6.4831,-76.5009
25139,no_incendio,-6.26574363006572,-75.945416955943
25143,no_incendio,-7.292464300747621,-76.5588244421564
25144,no_incendio,-7.080469184809904,-75.61526473498063
25145,no_incendio,-7.115248664865674,-76.07912965420722
25149,no_incendio,-5.531076917141663,-77.42023047694815
25163,incendio,-6.7399,-76.5993
25164,no_incendio,-5.876050328767908,-75.98151461882152
25167,no_incendio,-5.875159377973664,-77.1185525314163
25169,no_incendio,-6.7903775924155765,-75.62455364637906
25172,incendio,-7.6708,-76.5187
25173,incendio,-7.8981,-76.6847
25187,incendio,-6.1877,-76.1531
25199,no_incendio,-5.603071746462285,-76.60067124985213
25205,incendio,-7.2022,-76.0293
25218,no_incendio,-5.545812288948367,-77.25688002432308
25225,no_incendio,-6.682338881301072,-76.58990578057626
25226,incendio,-8.279,-76.6661
25227,incendio,-6.0019,-76.1714
25229,incendio,-7.4104,-76.2549
25231,incendio,-8.3071,-76.4204
25239,incendio,-6.947,-76.4686
25240,incendio,-7.6128,-76.5393
25242,incendio,-7.2289,-77.0035
25247,no_incendio,-7.5389429366733145,-76.3612819242991
25249,no_incendio,-7.442941681589652,-76.91434045843735
25250,incendio,-6.4785,-76.4962
25260,incendio,-7.2454,-77.6804
25264,no_incendio,-6.7183540623229865,-77.22771131243218
25265,no_incendio,-5.733319617679441,-76.17295841826885
25266,incendio,-5.7724,-77.4172
25267,no_incendio,-5.3170098474698,-75.90718083995199
25270,no_incendio,-7.474717173105087,-76.9435614717976
25273,incendio,-6.0865,-77.7819
25278,no_incendio,-6.441902560534528,-76.15943969390888
25283,incendio,-6.6996,-76.7537
25293,incendio,-7.1497,-76.3077
25304,incendio,-7.1918,-76.1788
25308,no_incendio,-7.278588939327885,-76.4943759510431
25316,incendio,-7.2926,-76.5732
25329,incendio,-6.7066,-76.4839
25348,incendio,-7.7903,-76.7023
25355,no_incendio,-6.831361456153335,-75.546017489739
25356,no_incendio,-5.39755741751195,-77.37959958532495
25357,no_incendio,-6.923574495814878,-76.96137100911855
25360,no_incendio,-7.06430285125658,-76.42921371383994
25361,incendio,-6.2574,-75.9296
25370,incendio,-5.856,-75.8809
25375,incendio,-6.4167,-76.5931
25376,no_incendio,-6.088150630105884,-77.05183868742043
25377,incendio,-6.7869,-76.8951
25382,incendio,-6.8883,-76.2181
25384,no_incendio,-5.863095020713222,-75.7889986714283
25394,incendio,-5.7549,-77.4772
25396,no_incendio,-6.953964765279714,-77.26246463391935
25413,incendio,-7.2242,-76.8092
25430,incendio,-6.8298,-76.4233
25438,no_incendio,-7.349457434232458,-77.2287510721594
25450,incendio,-7.1412,-76.8372
25453,incendio,-7.0534,-76.2497
25456,incendio,-6.6475,-76.0847
25461,incendio,-6.4812,-76.3716
25462,incendio,-7.2816,-76.9153
25467,incendio,-7.8248,-76.6977
25471,incendio,-6.9348,-76.7288
25481,incendio,-6.0459,-76.3735
25482,incendio,-6.7578,-76.7206
25494,incendio,-7.6423,-76.634
25496,incendio,-7.1665,-76.6665
25498,no_incendio,-5.632905278993688,-75.79589323683571
25504,no_incendio,-5.461372149282843,-77.4223608733987
25511,incendio,-7.4497,-76.5222
25521,incendio,-6.3327,-76.1311
25524,incendio,-7.0864,-76.0796
25526,no_incendio,-6.994527189210237,-77.43965480263643
25542,no_incendio,-5.657346985761677,-77.43743596108736
25548,incendio,-7.2872,-76.5949
25550,incendio,-5.713,-75.7731
25551,no_incendio,-6.618506694977619,-76.00213992327006
25555,no_incendio,-7.5702550538704605,-75.67821320807053
25558,incendio,-7.0506,-76.792
25559,incendio,-7.0726,-76.4439
25561,incendio,-7.043,-76.6203
25562,no_incendio,-5.3484274855718725,-76.85565292589408
25566,incendio,-6.337,-75.8502
25584,no_incendio,-6.632269842595683,-76.02588369613186
25590,incendio,-6.7442,-76.2687
25593,no_incendio,-6.53438876670278,-77.3151143596093
25595,no_incendio,-6.435467309813667,-76.74998258516142
25597,incendio,-7.1567,-76.5409
25604,incendio,-7.7483,-76.7791
25607,incendio,-8.173,-76.5842
25613,incendio,-7.5632,-77.6494
25619,incendio,-7.2177,-76.7943
25633,incendio,-7.3346,-76.8882
25638,incendio,-6.0669,-77.2181
25644,no_incendio,-6.994951885754811,-75.90892162040349
25648,incendio,-8.6411,-76.335
25649,no_incendio,-7.1205154593131565,-76.76326173892171
25650,no_incendio,-6.4643629782720495,-76.22804730377794
25652,no_incendio,-5.31562173519542,-75.64368786803017
25654,no_incendio,-7.562840840503951,-75.66286053205432
25656,no_incendio,-7.464502353788052,-77.51392837949253
25657,incendio,-6.6243,-76.6003
25658,incendio,-6.4911,-76.3739
25660,no_incendio,-6.622199411950093,-76.86493792295033
25672,no_incendio,-6.9303848627730344,-77.0665622069992
25674,no_incendio,-5.699419411757933,-76.10583548301037
25682,no_incendio,-6.536547874138972,-77.31298293788737
25690,incendio,-7.3614,-76.3986
25695,no_incendio,-5.409587022918446,-76.44819351401671
25698,incendio,-5.9443,-76.2391
25700,no_incendio,-5.953019088925324,-76.23284593502969
25705,incendio,-7.6604,-76.4814
25707,no_incendio,-6.400301881628301,-77.5201604762096
25714,incendio,-7.3929,-76.2652
25721,incendio,-7.2151,-76.6501
25723,no_incendio,-5.8499481349063265,-76.00423037206916
25725,no_incendio,-7.591157646889957,-76.48064707935481
25726,incendio,-7.1235,-76.8235
25734,incendio,-7.2953,-76.3609
25736,incendio,-6.7583,-76.4925
25743,incendio,-7.2698,-76.256
25760,incendio,-6.8495,-76.8854
25762,no_incendio,-5.87938832915223,-76.90538612384941
25765,incendio,-7.0591,-76.1876
25779,no_incendio,-5.7783488736056645,-77.39085635603547
25781,incendio,-5.8299,-75.9448
25783,no_incendio,-5.457985826162461,-76.51538649315398
25785,incendio,-6.2931,-76.1735
25790,no_incendio,-7.0475824644559095,-77.00777977835193
25791,no_incendio,-7.099688871826168,-75.91020418997267
25793,no_incendio,-5.9787702159042375,-76.39270327711898
25794,incendio,-7.2594,-76.6224
25798,incendio,-7.5237,-76.5174
25803,no_incendio,-5.585507984340333,-75.53590045517545
25806,incendio,-6.1071,-76.8523
25809,no_incendio,-6.768246356022148,-77.34898684785115
25813,no_incendio,-6.1628423736617925,-77.33214012724629
25815,no_incendio,-5.923104963527884,-76.43553159912858
25816,incendio,-7.5778,-76.4245
25817,no_incendio,-5.646223843039662,-77.22265388647651
25821,no_incendio,-6.685185816424632,-76.91349326123884
25827,incendio,-6.9618,-76.9176
25828,incendio,-7.4895,-76.7392
25831,no_incendio,-6.715205623153173,-76.11809578650696
25845,no_incendio,-5.3354727703401315,-76.12935011239126
25847,no_incendio,-7.459314331617217,-76.20426085724745
25849,incendio,-8.2252,-77.5679
25853,incendio,-5.9414,-77.3092
25861,incendio,-8.7564,-76.2096
25875,incendio,-5.7175,-76.4364
25877,incendio,-5.8269,-77.1041
25878,no_incendio,-5.743346331540995,-77.34641722204898
25888,no_incendio,-6.799158296280013,-76.12149634545402
25890,incendio,-7.0134,-76.2486
25904,incendio,-6.2861,-75.8198
25909,incendio,-7.1282,-76.5681
25913,incendio,-6.3778,-76.6257
25923,incendio,-7.0283,-76.2018
25934,no_incendio,-5.4324592687941,-76.16239104777486
25938,incendio,-7.0831,-76.8387
25943,incendio,-5.7809,-77.1899
25945,incendio,-7.6266,-76.6118
25947,incendio,-7.1036,-76.1942
25952,incendio,-6.201,-76.7365
25961,incendio,-7.0108,-76.3064
25963,no_incendio,-5.456140690928223,-76.39258408036704
25965,incendio,-7.048,-76.7306
25968,incendio,-5.5886,-77.7226
25975,incendio,-8.2115,-77.3386
25981,no_incendio,-6.36044395346056,-75.72277954497737
25982,no_incendio,-6.050469228584658,-76.73736427886188
25984,incendio,-7.2442,-76.7907
25985,no_incendio,-6.154726709997222,-75.55076367684507
25987,no_incendio,-5.590954776196541,-75.61262101600937
25992,incendio,-5.7364,-76.0128
25994,incendio,-5.6937,-76.1906
26000,incendio,-7.2274,-76.2463
26008,incendio,-6.9562,-76.5056
26010,no_incendio,-6.233619767449174,-76.79682240603283
26019,no_incendio,-6.976092489979531,-77.35059361204593
26024,incendio,-8.2552,-76.5692
26038,no_incendio,-6.42510939654662,-76.21314660329666
26039,incendio,-7.2255,-76.2644
26040,no_incendio,-6.238571072533694,-75.50795501172155
26053,no_incendio,-7.000863457307533,-75.58957693762711
26056,no_incendio,-5.431657994346079,-75.78189490132468
26058,no_incendio,-7.1205154593131565,-76.76326173892171
26059,incendio,-6.0345,-76.9684
26060,no_incendio,-5.577424926283962,-75.86385660107669
26063,no_incendio,-6.735984440425587,-77.00622820601815
26070,incendio,-5.3193,-76.5295
26076,incendio,-7.3865,-76.8353
26089,no_incendio,-6.233353095567226,-75.91710577734175
26093,incendio,-6.2406,-75.8611
26096,no_incendio,-5.559553740329016,-76.98206356543957
26098,no_incendio,-6.937667134670242,-75.79567614590403
26101,incendio,-6.3662,-77.6469
26106,incendio,-5.8961,-76.3742
26111,incendio,-6.6741,-76.6425
26120,no_incendio,-5.5369399299131885,-77.31171501653961
26122,no_incendio,-6.308143679517888,-75.54381617905881
26132,incendio,-6.825,-77.7585
26137,incendio,-6.0253,-76.1453
26138,no_incendio,-6.091674894114575,-77.31779067927825
26149,no_incendio,-7.288794185700048,-76.06129578328853
26150,no_incendio,-5.851710851525425,-77.43871611391367
26162,no_incendio,-6.44311246702837,-76.64720397145403
26164,incendio,-8.7118,-76.9383
26171,incendio,-5.8922,-77.0001
26174,no_incendio,-7.1210506239975135,-76.31863607475617
26176,no_incendio,-6.761574880071224,-76.52109859066432
26177,incendio,-6.2782,-75.8211
26179,no_incendio,-7.287912531535466,-77.51954103984086
26181,incendio,-6.6799,-76.326
26184,incendio,-7.0612,-76.7933
26185,no_incendio,-6.324934683730277,-76.81019781469472
26187,incendio,-6.7499,-76.5837
26188,no_incendio,-6.419675876236263,-76.64489280604421
26203,incendio,-7.4815,-76.3791
26207,incendio,-5.9144,-75.8414
26208,incendio,-8.6895,-76.7134
26209,incendio,-6.9797,-76.3722
26218,no_incendio,-5.3902001479588,-77.1291902290787
26224,incendio,-5.8411,-75.9059
26232,no_incendio,-6.973841653653549,-76.58656432123784
26233,incendio,-7.0399,-76.7221
26246,no_incendio,-5.818727365285151,-76.86751655981939
26254,incendio,-6.7578,-76.966
26262,no_incendio,-6.110977096163155,-77.0520623179512
26271,no_incendio,-6.788644402631232,-76.08655221338569
26280,no_incendio,-6.136911310096428,-77.0902535793698
26281,incendio,-7.3502,-76.9437
26282,incendio,-5.6816,-77.5172
26285,incendio,-8.6385,-77.4656
26289,no_incendio,-5.612907306182736,-76.9815155721773
26290,incendio,-6.9804,-76.6628
26294,incendio,-6.8972,-76.5047
26306,incendio,-7.6978,-76.4492
26315,no_incendio,-7.354001962679465,-76.87586506840084
26322,no_incendio,-7.161262686753078,-75.93223007605604
26334,incendio,-6.9772,-76.8867
26335,no_incendio,-6.775595026700855,-77.38152365692504
26338,no_incendio,-6.223322439610729,-75.97460472272981
26342,incendio,-7.4557,-76.3893
26353,incendio,-6.8236,-76.9778
26359,no_incendio,-6.578202945590633,-76.50501159622002
26360,no_incendio,-7.188428352306568,-77.29319926370498
26361,no_incendio,-5.60683404112794,-77.27867668965091
26363,incendio,-5.9431,-76.4924
26365,no_incendio,-7.53303009358015,-76.30539007678105
26368,no_incendio,-7.07975745271618,-77.48280948527028
26374,no_incendio,-6.825057480379352,-77.49883680928833
26382,no_incendio,-7.015018564254478,-77.26478591456349
26403,incendio,-6.56,-75.6813
26409,no_incendio,-5.457985826162461,-76.51538649315398
26416,incendio,-5.9855,-76.1351
26423,incendio,-7.0273,-76.4114
26426,no_incendio,-5.66978916869293,-75.78583352536694
26431,incendio,-6.9982,-76.0765
26434,no_incendio,-5.413750833598563,-75.87946450439262
26444,no_incendio,-7.373892391589292,-76.12549745858247
26452,incendio,-7.3355,-76.7164
26461,incendio,-7.284,-76.4346
26470,incendio,-6.9781,-76.7575
26478,incendio,-5.7673,-77.4551
26481,incendio,-8.4644,-76.2907
26483,no_incendio,-7.298951884711561,-75.8714337322258
26490,no_incendio,-5.878704208413187,-77.48306861252188
26491,incendio,-6.9708,-76.0735
26493,incendio,-6.4912,-76.3726
26501,no_incendio,-7.0294194294183265,-77.09735006276883
26505,no_incendio,-6.5080063012359775,-75.67913673399867
26514,incendio,-6.0515,-76.3009
26516,no_incendio,-6.994018548876931,-77.44340810717631
26520,incendio,-5.8184,-76.4023
26521,incendio,-6.9402,-76.5476
26526,incendio,-6.4361,-76.6064
26527,incendio,-8.5699,-76.3463
26530,no_incendio,-5.393926083579098,-77.3710588373999
26532,no_incendio,-6.938127664796812,-75.5879048391476
26540,incendio,-6.9866,-76.9354
26545,incendio,-6.4586,-75.7717
26552,no_incendio,-6.095756407316532,-77.30841425266888
26560,incendio,-7.0844,-76.8478
26568,incendio,-5.9163,-77.1184
26573,incendio,-8.3356,-76.7537
26577,no_incendio,-5.441048358116876,-77.52077786090675
26578,incendio,-6.7899,-76.7214
26581,incendio,-7.101,-76.2843
26585,incendio,-7.3511,-76.0266
26589,incendio,-5.8321,-76.573
26591,no_incendio,-6.539751025490163,-75.79612657062603
26593,incendio,-6.9813,-76.6233
26594,no_incendio,-7.225892265359727,-76.0093087691897
26602,no_incendio,-6.646019680443848,-77.50514894077688
26607,no_incendio,-5.576566696321961,-76.32851997412004
26610,no_incendio,-5.818178272937451,-77.39347970691874
26612,no_incendio,-6.587743088391281,-75.70665174033093
26614,incendio,-7.0832,-77.6014
26622,incendio,-7.1494,-76.9078
26625,incendio,-8.7914,-76.0737
26639,incendio,-8.4015,-77.6844
26647,incendio,-5.8004,-75.9789
26648,incendio,-7.5907,-76.5356
26651,incendio,-8.3999,-76.3282
26653,no_incendio,-7.106983766497296,-76.41530269638099
26661,no_incendio,-6.190864426146802,-76.12967606406326
26663,incendio,-7.2762,-76.5727
26666,no_incendio,-6.368662376296837,-77.03036089290791
26669,incendio,-7.1821,-76.0552
26673,incendio,-7.6764,-76.5139
26674,incendio,-8.2136,-77.7893
26675,no_incendio,-6.437468171319466,-76.61472481016831
26678,no_incendio,-7.304318403936466,-76.8341795441283
26679,incendio,-8.3722,-75.5501
26680,no_incendio,-5.450166959625918,-77.00835031536832
26684,no_incendio,-7.276587033646778,-76.71291357389988
26687,no_incendio,-6.490435100183895,-76.04212659409674
26695,incendio,-6.5933,-75.6936
26699,incendio,-7.3605,-76.8446
26712,incendio,-6.8326,-76.6201
26718,no_incendio,-6.199486560201427,-77.4221153051421
26720,no_incendio,-7.179164728014299,-77.26673458504925
26723,incendio,-8.5799,-75.618
26726,incendio,-7.1018,-76.8951
26727,no_incendio,-7.038387701485983,-77.46608635694433
26728,no_incendio,-7.217722844984081,-77.2235426849214
26736,no_incendio,-6.107287203943645,-77.4216594793923
26743,no_incendio,-5.97958938141772,-75.97696588702247
26747,incendio,-6.7873,-76.6568
26751,no_incendio,-7.4592729270664915,-75.5326764193261
26752,incendio,-7.5633,-77.5908
26759,no_incendio,-5.3699868320408415,-75.54453001162278
26761,no_incendio,-6.064968975705764,-75.80158619111924
26763,no_incendio,-7.357911846364595,-77.10667831143273
26764,incendio,-7.0847,-76.6024
26772,no_incendio,-7.279421717581415,-77.30832636957038
26776,no_incendio,-7.2373332017811665,-76.09425476964923
26784,incendio,-7.3296,-76.5582
26791,no_incendio,-5.530786000980501,-76.91418709127078
26795,no_incendio,-6.8808047229850295,-76.28180482094469
26797,no_incendio,-7.157344360732173,-76.55493660480086
26803,incendio,-7.0661,-76.3056
26812,no_incendio,-6.892866951927303,-75.87172300219687
26819,no_incendio,-6.58181358126526,-75.97994293561052
26820,incendio,-7.3028,-76.4234
26831,no_incendio,-7.3680402233360685,-75.9380390323052
26832,incendio,-5.8042,-77.1798
26834,no_incendio,-7.527307126647749,-77.12744201881532
26837,no_incendio,-6.939438225282601,-76.80786345912996
26839,no_incendio,-7.527611322889828,-76.67002527157386
26842,no_incendio,-5.798251230559933,-76.03303003317315
26845,no_incendio,-6.319184567250436,-76.7615595241715
26849,no_incendio,-5.811190643666691,-76.41076755798852
26856,incendio,-6.4764,-76.8364
26863,no_incendio,-6.632429838819291,-76.85546244307059
26865,no_incendio,-6.53485707182687,-77.32526269673933
26869,incendio,-6.9685,-76.3177
26875,no_incendio,-6.887646660032399,-76.69394010803535
26895,incendio,-6.861,-76.2653
26902,incendio,-8.3717,-76.5172
26923,no_incendio,-6.56000528082136,-75.92335775309232
26925,incendio,-7.1911,-76.456
26928,incendio,-6.6531,-76.1333
26931,no_incendio,-6.509452779399813,-77.17274701002702
26932,no_incendio,-5.617689246248104,-77.03996515250137
26939,no_incendio,-6.953964765279714,-77.26246463391935
26946,incendio,-6.9527,-76.567
26947,no_incendio,-6.961563570088446,-77.02222304631809
26963,incendio,-6.0598,-77.152
26969,incendio,-7.0825,-76.0631
26976,incendio,-5.7161,-76.4271
26980,incendio,-5.753,-76.5283
26982,incendio,-6.5914,-75.7113
26985,incendio,-6.9155,-76.7619
26992,no_incendio,-6.833720284532176,-77.09053083344739
26995,no_incendio,-5.418336191471334,-77.27363994749886
26997,incendio,-7.3558,-76.596
26998,no_incendio,-7.26412994339177,-77.03907771144374
26999,incendio,-5.863,-76.1575
27000,no_incendio,-6.5875569833667225,-75.92200223686244
27003,incendio,-7.0933,-76.0416
27008,no_incendio,-6.525952464139444,-76.13787075319888
27023,incendio,-7.3537,-76.0246
27038,no_incendio,-7.308376267427788,-75.72020744008876
27049,no_incendio,-6.811703020411863,-76.53234904826876
27050,incendio,-8.6197,-76.6934
27060,no_incendio,-5.619318348217799,-76.76258506679603
27061,incendio,-7.2333,-76.6259
27062,no_incendio,-6.426707190480592,-75.93955631582219
27065,no_incendio,-5.66978916869293,-75.78583352536694
27072,incendio,-7.359,-76.962
27076,incendio,-7.0881,-76.3437
27082,incendio,-5.9317,-77.0828
27088,no_incendio,-7.0805818707385395,-75.71658427890108
27096,no_incendio,-5.8115954954872135,-76.36754698151917
27102,incendio,-6.0209,-76.4667
27105,incendio,-8.1441,-76.9184
27106,no_incendio,-7.401018606692293,-76.00185651713339
27108,no_incendio,-5.6903867109733755,-77.45360368575757
27115,incendio,-7.2038,-76.8039
27121,no_incendio,-5.591020062659783,-76.63960042736485
27130,incendio,-6.5637,-76.8583
27133,incendio,-7.462,-76.5302
27138,no_incendio,-6.224512205373936,-77.14720066928672
27144,no_incendio,-5.530786000980501,-76.91418709127078
27152,incendio,-6.0608,-77.1664
27154,no_incendio,-7.517938460168555,-75.88430182253087
27156,incendio,-7.084,-76.84
27157,no_incendio,-5.423352355280385,-75.9768451523196
27159,incendio,-7.164,-76.4784
27160,no_incendio,-5.7006314608305315,-76.5774762709844
27163,no_incendio,-5.5369399299131885,-77.31171501653961
27167,incendio,-7.2735,-77.0008
27169,no_incendio,-6.4080436516823225,-77.02161843514952
27172,no_incendio,-5.607428760846163,-75.61638280541105
27174,no_incendio,-6.961824151635389,-76.4742909157096
27176,incendio,-6.5626,-75.5025
27177,no_incendio,-7.213623333493973,-77.17840648744146
27179,incendio,-7.1723,-76.3835
27181,no_incendio,-6.388532043555506,-76.84726928607184
27200,no_incendio,-5.600980151404083,-77.04149672412824
27208,incendio,-7.12,-77.0772
27212,no_incendio,-5.6727531578346015,-77.41986068936593
27220,incendio,-7.2492,-76.2462
27221,incendio,-7.3274,-77.7072
27228,no_incendio,-6.882833223388483,-76.50649956990212
27232,incendio,-8.5796,-75.6059
27234,incendio,-5.8382,-76.4555
27240,incendio,-7.1227,-77.674
27242,no_incendio,-7.265385570436415,-76.15256195898944
27244,incendio,-5.9582,-75.7707
27247,incendio,-6.999,-76.5767
27250,no_incendio,-6.479855068005066,-75.50368458915572
27252,incendio,-6.6857,-76.665
27253,no_incendio,-6.54529109912659,-75.69341596269626
27260,incendio,-5.8345,-77.0682
27268,no_incendio,-7.389808722529589,-77.07301560245696
27269,incendio,-8.6135,-76.6243
27277,incendio,-7.4701,-76.3638
27281,no_incendio,-7.436110407887001,-75.68288184576566
27282,no_incendio,-6.72543117385723,-75.7268706727306
27286,no_incendio,-5.692068833993068,-76.92243000249631
27291,incendio,-7.4566,-76.6053
27292,incendio,-5.8892,-76.1171
27295,incendio,-8.6616,-76.3995
27303,incendio,-6.1786,-76.1469
27312,incendio,-7.4038,-76.582
27314,no_incendio,-6.687814799910479,-75.56700420232013
27324,no_incendio,-6.799158296280013,-76.12149634545402
27327,no_incendio,-6.572959136388864,-76.70713570582085
27330,incendio,-7.4211,-76.6572
27335,incendio,-6.2126,-75.8801
27336,incendio,-7.1791,-76.6285
27337,no_incendio,-7.443588442792704,-75.7463614455077
27342,incendio,-6.909,-76.6212
27348,incendio,-6.8993,-76.853
27350,incendio,-6.3214,-75.94
27354,no_incendio,-5.426612634680184,-75.58435399600397
27356,incendio,-6.9929,-76.7782
27358,incendio,-8.1985,-76.5263
27364,no_incendio,-5.360774716680023,-76.65130740948035
27375,incendio,-6.7044,-76.4958
27378,incendio,-7.843,-76.677
27382,incendio,-6.5324,-77.5267
27389,incendio,-6.7646,-76.9394
27393,no_incendio,-6.6675087326032685,-77.42602403570756
27402,incendio,-6.6402,-76.5303
27410,incendio,-6.9545,-76.6684
27421,incendio,-7.1893,-76.4743
27422,no_incendio,-5.406105166280382,-76.83363539988324
27423,no_incendio,-6.806373584205248,-76.84212620311408
27425,no_incendio,-5.426612634680184,-75.58435399600397
27428,incendio,-8.5903,-75.5164
27431,no_incendio,-6.851922134143454,-76.90818662457491
27438,no_incendio,-7.53821724475927,-77.34792258266398
27439,no_incendio,-6.65964811054552,-75.69169571967363
27452,no_incendio,-5.8494337861738215,-76.63076395822245
27453,no_incendio,-6.705707600218104,-77.15205251936966
27458,no_incendio,-5.3750389583532385,-76.27737605989306
27459,incendio,-8.4623,-76.3618
27466,incendio,-7.2932,-76.3147
27469,no_incendio,-6.050469228584658,-76.73736427886188
27471,incendio,-6.7218,-76.9105
27485,incendio,-6.2969,-76.1364
27489,incendio,-7.5742,-76.7247
27491,incendio,-7.0592,-76.9409
27493,incendio,-6.627,-76.7895
27494,no_incendio,-5.59950907688548,-76.65469517623596
27498,incendio,-6.6757,-76.6287
27501,incendio,-5.903,-76.118
27504,incendio,-7.8702,-75.5386
27505,incendio,-5.8153,-75.8017
27510,incendio,-7.3222,-76.7458
27524,incendio,-6.2012,-76.7455
27527,incendio,-7.3401,-76.0697
27528,incendio,-7.2968,-76.5692
27532,no_incendio,-5.886501214348173,-76.17373588365827
27535,no_incendio,-6.242641616865155,-75.93043787251729
27537,no_incendio,-6.352072940886529,-76.2410560549716
27541,no_incendio,-7.0802266587833635,-75.87902422488
27543,no_incendio,-5.846630959080333,-76.14035292496183
27544,no_incendio,-5.3689055308415,-76.62344622964636
27550,no_incendio,-7.510676995056495,-75.86158273950753
27558,no_incendio,-7.4419744904338305,-75.79077937938794
27561,no_incendio,-5.844105415083421,-76.4769720708049
27568,incendio,-5.9502,-77.1182
27588,no_incendio,-5.907158352622331,-77.4442973163752
27589,incendio,-5.7904,-75.9833
27595,no_incendio,-5.827266514403294,-76.27102582002914
27597,no_incendio,-7.493540878148328,-76.20838654108637
27598,incendio,-7.0336,-76.9013
27602,incendio,-7.2127,-76.7957
27609,no_incendio,-5.684317436738151,-77.1855135563768
27611,no_incendio,-7.447641034854349,-75.90762090121981
27614,no_incendio,-5.9130091622376435,-77.42859659593488
27616,no_incendio,-7.158262650594558,-76.17139715257736
27623,no_incendio,-6.09087742872903,-76.39432793529913
27630,no_incendio,-6.189738223688629,-76.63044449970681
27650,no_incendio,-6.895202578534257,-77.04341617849329
27655,no_incendio,-6.606971151394778,-76.7033258603189
27656,incendio,-6.9785,-76.2101
27659,incendio,-6.8555,-76.2372
27663,no_incendio,-6.113994500362599,-76.09851389136325
27667,no_incendio,-5.716829315463946,-76.6884283959595
27670,incendio,-6.7332,-76.8771
27673,incendio,-7.0211,-76.9077
27675,incendio,-7.3022,-76.4275
27676,incendio,-6.801,-76.5088
27680,no_incendio,-6.257364517477317,-77.24088667621311
27695,incendio,-7.9282,-77.7455
27698,incendio,-7.6919,-76.4875
27707,no_incendio,-6.040675081738544,-76.88692151022694
27710,no_incendio,-6.987442347939161,-77.51096806537585
27723,no_incendio,-6.940699761996049,-76.26181884160466
27729,incendio,-5.8983,-76.1133
27731,incendio,-7.1747,-76.1372
27738,no_incendio,-6.376048501437837,-77.12747027240657
27742,no_incendio,-6.581475655282046,-76.92813918096854
27745,no_incendio,-6.467906945467672,-76.60396630033286
27746,incendio,-5.7302,-75.8684
27749,no_incendio,-6.368662376296837,-77.03036089290791
27750,no_incendio,-6.391692174987462,-77.10791126635735
27753,incendio,-5.3155,-76.7706
27755,no_incendio,-5.5084858154243905,-75.90684850496002
27758,no_incendio,-5.55191314269425,-76.59129090689653
27759,no_incendio,-6.3737423006602185,-77.16577350376646
27761,incendio,-6.9726,-76.8491
27772,no_incendio,-6.918732727057085,-75.61509017346891
27783,incendio,-8.337,-76.6971
27784,incendio,-7.0383,-76.9028
27792,no_incendio,-5.786742413220336,-77.47906670461887
27800,incendio,-5.5294,-76.5368
27802,incendio,-8.7173,-76.2707
27803,no_incendio,-6.834902492352533,-77.15059777266319
27844,incendio,-6.6412,-77.391
27847,incendio,-7.715,-76.4909
27850,no_incendio,-5.469044744455317,-76.8940418577031
27853,no_incendio,-6.752631174647365,-76.89757485609974
27858,incendio,-8.4317,-77.3759
27859,no_incendio,-6.2888093914419265,-77.49498781950011
27869,incendio,-7.3075,-76.8025
27874,incendio,-7.2995,-76.7494
27879,incendio,-7.1762,-77.0762
27884,no_incendio,-5.4377421559232735,-75.73312355743636
27889,no_incendio,-5.921387481016298,-75.640821414452
27898,no_incendio,-6.260923080518788,-75.61074627640608
27901,no_incendio,-7.251215765230244,-76.69670530916802
27902,incendio,-8.2587,-77.3791
27903,incendio,-7.1742,-76.8448
27909,no_incendio,-5.54461735520387,-76.09814066361348
27910,incendio,-7.7189,-76.4936
27913,no_incendio,-6.923846443514746,-77.29283624638697
27914,no_incendio,-6.482310901757052,-76.90146059819452
27916,no_incendio,-6.080706501829642,-77.17715903994046
27918,no_incendio,-7.301346263959235,-76.9768322825311
27926,incendio,-7.0464,-76.1763
27933,no_incendio,-7.3383676381877665,-77.39694154174633
27945,incendio,-7.6723,-76.6001
27946,incendio,-7.2939,-76.9607
27947,no_incendio,-7.37285257220338,-75.85397128431137
27948,no_incendio,-6.375064281525175,-76.76531716856294
27952,no_incendio,-5.49842871788105,-77.25053107698277
27953,incendio,-7.0774,-76.2108
27959,incendio,-5.6719,-75.8569
27963,incendio,-6.5759,-77.7693
27971,no_incendio,-7.587620813063947,-76.03285942876866
27975,no_incendio,-5.607896245919547,-76.37910922472966
27976,incendio,-6.958,-76.7019
27977,incendio,-5.7092,-77.5181
27978,no_incendio,-5.868777989192487,-75.61031419176939
27979,no_incendio,-6.227801736418022,-76.3562846673644
27982,no_incendio,-5.9272520922930445,-77.17976360795232
27986,incendio,-8.7558,-76.1532
27990,incendio,-8.6914,-77.7183
27992,no_incendio,-7.120672034707645,-75.90706380710441
27996,incendio,-6.6641,-76.995
28007,no_incendio,-6.72701051870188,-76.54381281397141
28020,no_incendio,-6.424725744859521,-77.2563796213043
28021,no_incendio,-7.140032609231243,-75.65901239539657
28023,no_incendio,-6.545046135469808,-77.4695217022142
28025,no_incendio,-6.371915861523794,-76.96828121938599
28026,no_incendio,-6.542252546530441,-76.69178298792589
28039,no_incendio,-7.517938460168555,-75.88430182253087
28045,incendio,-5.9006,-76.1138
28052,incendio,-7.3099,-76.5438
28057,no_incendio,-5.420009462532595,-77.54497332899014
28058,incendio,-8.3757,-75.5351
28062,no_incendio,-6.04175420458928,-75.6154818462728
28063,incendio,-8.2729,-77.2338
28065,no_incendio,-6.187799355462546,-77.0520465624197
28069,no_incendio,-6.191430391246121,-75.84894878803162
28078,incendio,-8.4296,-76.4729
28085,no_incendio,-6.725956984213016,-76.31094915112595
28086,no_incendio,-6.325419205021297,-76.22971804418172
28093,no_incendio,-6.788644402631232,-76.08655221338569
28094,no_incendio,-5.913444133925558,-76.54061399484421
28096,incendio,-7.2704,-76.1203
28098,no_incendio,-6.238571072533694,-75.50795501172155
28099,incendio,-5.9898,-75.8605
28100,no_incendio,-5.382698663545955,-75.70884428974506
28117,no_incendio,-5.411652077381302,-77.27749728778487
28123,incendio,-6.8633,-76.1627
28132,no_incendio,-6.440107687486793,-76.71961125303099
28135,incendio,-8.6345,-76.4556
28138,incendio,-6.3328,-76.006
28148,incendio,-7.2517,-76.5977
28149,no_incendio,-6.6817259124413635,-75.77879648666988
28155,no_incendio,-5.424572995842199,-76.6735765187215
28160,incendio,-6.1073,-75.6867
28166,incendio,-7.6121,-76.4843
28167,no_incendio,-5.866539639068574,-77.22687497991105
28168,no_incendio,-5.451826908175354,-76.29692034972793
28169,incendio,-7.1882,-76.0459
28176,no_incendio,-5.712970448713469,-77.45936672905775
28181,incendio,-6.2259,-76.2766
28183,incendio,-5.8056,-76.0474
28189,incendio,-7.2817,-76.4697
28196,no_incendio,-7.493464068709529,-76.11612659213202
28217,incendio,-7.3041,-76.5384
28220,incendio,-5.9157,-76.2426
28221,no_incendio,-7.192676000546934,-77.13476748134192
28222,no_incendio,-6.2273959932403615,-77.23101253846407
28234,no_incendio,-6.142907104132726,-77.34366413737564
28238,incendio,-5.7376,-77.378
28263,no_incendio,-5.482360092898033,-75.75875593827813
28268,incendio,-7.1736,-76.8567
28272,no_incendio,-6.159806259019419,-76.11161427719409
28282,incendio,-6.7673,-76.5838
28288,no_incendio,-7.099688871826168,-75.91020418997267
28290,incendio,-5.8281,-77.3685
28293,incendio,-7.2056,-76.4602
28301,incendio,-7.1472,-76.3447
28302,no_incendio,-6.519036063833387,-76.64299442666437
28306,no_incendio,-7.189575486518889,-75.71595612356288
28307,incendio,-6.2031,-76.7241
28309,incendio,-7.2243,-76.3319
28316,incendio,-7.139,-76.9553
28320,no_incendio,-5.588125457302943,-77.46080617284144
28340,no_incendio,-6.761574880071224,-76.52109859066432
28341,incendio,-7.1617,-76.2385
28356,incendio,-6.835,-76.1681
28365,incendio,-6.2288,-76.1818
28373,no_incendio,-6.660380391800162,-76.4974881056194
28375,incendio,-7.1779,-76.0805
28377,incendio,-8.7397,-76.2905
28384,no_incendio,-6.9177745399597805,-77.27712831962272
28388,incendio,-7.412,-76.6432
28395,no_incendio,-5.800895908311601,-76.62831443275236
28399,incendio,-6.9709,-76.1928
28408,no_incendio,-6.645743757749571,-77.31611856562348
28410,incendio,-5.6741,-76.0889
28411,no_incendio,-6.564880133008887,-76.55893266226474
28414,no_incendio,-7.18387555277713,-76.55534207208011
28420,no_incendio,-5.63417004729727,-76.80661515263758
28423,no_incendio,-5.563302307050842,-76.50751783358145
28433,incendio,-7.181,-76.7344
28442,no_incendio,-5.315273849835721,-75.96752969040406
28447,incendio,-6.8519,-76.6241
28453,incendio,-6.8923,-76.5787
28454,incendio,-7.376,-76.6887
28457,incendio,-5.7636,-77.3167
28465,incendio,-7.0454,-76.6504
28470,incendio,-7.3689,-76.7033
28472,no_incendio,-7.137451472883398,-76.03475505053066
28487,no_incendio,-5.959932705913599,-76.9795248154579
28493,no_incendio,-5.902847721330155,-77.17634156149673
28496,no_incendio,-7.367471169164062,-76.2391428654169
28498,no_incendio,-5.9343288832648255,-75.71284400291329
28500,incendio,-7.1374,-76.3621
28501,incendio,-5.7637,-76.4294
28513,incendio,-6.0441,-76.2798
28520,no_incendio,-6.859218995881019,-77.3454749772902
28528,no_incendio,-6.971130077612643,-77.52313092377642
28529,no_incendio,-6.300702389014246,-76.09062532956851
28541,no_incendio,-5.5750859368578904,-77.18888026677212
28547,no_incendio,-6.94690710912819,-75.63438003182783
28554,no_incendio,-6.152183459458481,-75.52419970077695
28578,incendio,-6.9586,-76.4844
28587,no_incendio,-5.965105049339228,-76.99859959497034
28588,no_incendio,-6.416660683604977,-76.48918931736682
28590,incendio,-7.0731,-76.8656
28598,no_incendio,-6.726779286673033,-77.03336380719702
28608,incendio,-6.1694,-76.3459
28609,no_incendio,-5.636606643396935,-75.65023157423232
28611,incendio,-8.7564,-76.9963
28617,incendio,-6.4914,-76.3657
28620,no_incendio,-6.18702118811894,-77.34328610788602
28622,incendio,-8.076,-76.4967
28624,incendio,-5.6551,-76.4862
28629,incendio,-6.8935,-76.6025
28630,no_incendio,-6.618506694977619,-76.00213992327006
28632,incendio,-7.4259,-76.4052
28634,incendio,-8.5983,-76.3192
28638,no_incendio,-7.529010387489203,-77.01082528012257
28659,no_incendio,-5.752784406472273,-77.28694042914722
28663,no_incendio,-7.062719614900722,-75.90547044520231
28665,incendio,-7.1138,-76.9187
28674,incendio,-8.0867,-76.6721
28676,incendio,-6.306,-76.0653
28677,no_incendio,-5.368868194741233,-76.76636982803312
28678,no_incendio,-6.518152554514016,-75.5195810155841
28681,incendio,-6.4473,-75.968
28686,incendio,-5.7695,-77.2153
28692,incendio,-7.5021,-76.2461
28695,incendio,-8.6765,-76.9336
28704,no_incendio,-6.949275367929126,-77.03979042014342
28708,no_incendio,-6.052146999790762,-76.66693051861807
28713,incendio,-7.2518,-76.8081
28716,no_incendio,-6.682240904919321,-76.14970898536502
28717,no_incendio,-7.1205154593131565,-76.76326173892171
28719,no_incendio,-5.374155680654134,-76.14052405499798
28720,no_incendio,-5.959481938609148,-77.35681272469573
28723,incendio,-5.7281,-77.396
28741,incendio,-5.3926,-76.8346
28752,incendio,-5.8602,-77.0963
28759,incendio,-5.8395,-76.227
28760,incendio,-6.4972,-75.7399
28765,no_incendio,-5.335389403596253,-76.01475499828726
28769,incendio,-7.1809,-76.8226
28772,incendio,-6.861,-76.3584
28773,no_incendio,-7.428960143280297,-76.20768184148152
28779,incendio,-6.6385,-76.0766
28780,incendio,-6.3279,-75.9542
28788,incendio,-6.592,-76.0996
28793,no_incendio,-5.685078590845662,-76.61726952612376
28796,incendio,-6.9699,-76.4651
28807,incendio,-6.7844,-76.8111
28812,no_incendio,-7.2386843016197115,-75.95361045134824
28815,no_incendio,-6.8824524173967765,-77.12203229237878
28816,no_incendio,-7.299495014578471,-76.02669026239053
28818,incendio,-6.8131,-76.8764
28819,no_incendio,-7.251053016973333,-77.43482372064443
28828,no_incendio,-7.127189044090865,-76.43470622059709
28830,incendio,-7.1938,-77.5666
28831,incendio,-6.496,-76.3728
28839,incendio,-5.8125,-76.053
28849,no_incendio,-6.139868989654497,-75.84732492024936
28854,incendio,-6.9644,-76.7274
28855,no_incendio,-6.125013751679443,-76.15307627183338
28859,incendio,-6.0222,-76.274
28860,no_incendio,-6.0746976290586785,-75.57122315970695
28866,no_incendio,-5.869842375317225,-75.95286206170579
28873,incendio,-6.7008,-77.4318
28875,no_incendio,-5.398135296375456,-76.71445247130518
28880,no_incendio,-5.824667785076207,-77.12492678979959
28884,no_incendio,-5.978294858670888,-76.55928013189829
28888,no_incendio,-6.141100932072808,-75.82733820285651
28890,no_incendio,-5.971724397201385,-75.87816764029395
28909,no_incendio,-5.603013181516009,-76.25847933744605
28913,no_incendio,-5.8570726019942425,-76.40667258173919
28914,incendio,-6.5583,-76.7686
28915,incendio,-6.8012,-76.6003
28916,no_incendio,-6.174582004825818,-77.19821420446577
28920,incendio,-6.0717,-76.438
28924,no_incendio,-5.853473913386133,-77.34464218940494
28926,incendio,-5.8176,-76.054
28929,incendio,-7.0737,-77.6075
28932,no_incendio,-5.849265187399489,-77.52081578278697
28933,no_incendio,-5.872543626896172,-76.44213080221468
28935,incendio,-6.6988,-76.883
28936,incendio,-8.1488,-76.4981
28943,no_incendio,-5.6976044499375105,-76.64278583121316
28944,incendio,-7.2254,-76.1947
28945,no_incendio,-5.3935385858341975,-76.95212237429159
28952,no_incendio,-5.397676792642273,-76.51053925208753
28955,incendio,-6.9003,-76.8149
28956,incendio,-7.3422,-76.1669
28968,incendio,-8.3658,-76.385
28969,no_incendio,-6.219703521684984,-76.92758051251145
28974,no_incendio,-6.7133301961826755,-75.60854075962672
28979,no_incendio,-5.916934623864143,-76.40108482987945
29009,incendio,-7.5712,-76.7087
29013,incendio,-5.87,-75.9956
29021,no_incendio,-6.622512429028128,-75.69288323438259
29030,incendio,-7.0294,-76.5695
29048,incendio,-7.1863,-76.059
29050,no_incendio,-5.739591127784566,-75.99955564974134
29061,incendio,-7.7225,-76.4978
29062,incendio,-6.9465,-76.7955
29065,incendio,-6.0599,-77.1662
29074,incendio,-7.1046,-76.2287
29078,incendio,-7.1941,-76.6726
29082,no_incendio,-5.916065744600182,-75.94487361152676
29094,incendio,-6.1953,-75.8658
29108,no_incendio,-7.480783317361513,-75.7785583190598
29138,no_incendio,-6.353424809181855,-75.63008762129351
29143,no_incendio,-6.370500555903968,-77.21187079190732
29144,no_incendio,-5.508118125742636,-76.08158705053927
29146,incendio,-6.2236,-76.557
29151,no_incendio,-6.344517536741018,-75.98404289972582
29155,no_incendio,-7.511471498657587,-77.0305776349507
29166,incendio,-6.2711,-75.8632
29173,no_incendio,-5.532853929708149,-75.98229483983717
29186,incendio,-5.8465,-76.1751
29187,no_incendio,-5.608145245385959,-76.22898397370268
29190,no_incendio,-6.128687087088002,-77.24701973046481
29191,no_incendio,-5.690666241525762,-76.5831246635922
29204,no_incendio,-6.441502518699965,-76.95262753749782
29223,incendio,-6.2431,-76.205
29225,incendio,-6.5726,-75.5066
29234,no_incendio,-5.734596234605278,-76.54404736792905
29237,incendio,-8.0221,-77.6681
29240,incendio,-5.7241,-77.4016
29244,incendio,-6.7447,-76.7219
29248,no_incendio,-7.511017054186108,-77.44217334143556
29251,no_incendio,-6.979813600777688,-77.48470455898823
29254,incendio,-5.9793,-76.4586
29256,no_incendio,-7.341385532228014,-75.96721546288514
29262,no_incendio,-7.414688922024766,-76.2476866383002
29268,incendio,-5.7827,-77.4127
29272,no_incendio,-7.298951884711561,-75.8714337322258
29274,no_incendio,-7.059198382146936,-75.77593999522976
29275,no_incendio,-7.427821513315094,-77.09535827635182
29276,incendio,-7.4283,-76.3753
29284,no_incendio,-5.971167138004345,-76.3740699604034
29293,no_incendio,-6.526663320909917,-76.57498858502044
29304,no_incendio,-7.0026426990635535,-77.36552672269332
29307,incendio,-7.1646,-76.2788
29320,incendio,-6.837,-76.0744
29323,no_incendio,-7.062719614900722,-75.90547044520231
29325,no_incendio,-7.188266062247751,-75.80338733044515
29330,no_incendio,-5.850945482538163,-77.07601316740569
29336,no_incendio,-5.739591127784566,-75.99955564974134
29342,incendio,-6.2691,-77.7066
29343,incendio,-6.4425,-76.5651
29347,no_incendio,-6.093299623613701,-76.24252678292329
29354,incendio,-5.7449,-76.4874
29384,no_incendio,-6.310704970452418,-76.51783396442964
29387,incendio,-7.1963,-76.6615
29388,no_incendio,-7.3239429065406565,-75.71625724817507
29397,no_incendio,-7.30236935027143,-77.04921688073289
29406,no_incendio,-5.861691315967814,-75.99243493644171
29419,incendio,-7.1582,-76.6425
29432,incendio,-7.3287,-76.8219
29433,no_incendio,-6.454793807183636,-77.26467248561134
29435,incendio,-6.7866,-76.8084
29442,incendio,-6.5083,-76.7763
29454,no_incendio,-5.858435510959442,-77.08234731471167
29462,no_incendio,-6.713965187524232,-76.89866172622621
29468,incendio,-6.6397,-76.652
29481,incendio,-6.6805,-76.322
29482,incendio,-8.3787,-75.5768
29492,no_incendio,-7.098435478972287,-75.73211771207235
29497,no_incendio,-6.939438225282601,-76.80786345912996
29515,incendio,-8.7454,-76.9579
29524,incendio,-5.9972,-75.8237
29531,incendio,-7.685,-76.4607
29538,incendio,-8.2886,-77.0038
29540,no_incendio,-5.5683966845979995,-76.81768428751661
29549,incendio,-7.5641,-76.2257
29552,no_incendio,-6.269160672028454,-77.26185240867942
29564,no_incendio,-7.448759349626241,-75.73146487239217
29566,incendio,-7.4749,-76.5124
29569,no_incendio,-7.36388011313037,-77.4640263849402
29573,incendio,-6.8529,-76.5699
29577,no_incendio,-5.882755427823639,-77.51237097659782
29580,incendio,-7.2606,-76.4213
29597,incendio,-5.9457,-76.4533
29598,incendio,-7.2549,-76.9787
29599,incendio,-6.7908,-76.8347
29600,incendio,-6.6166,-76.7922
29601,no_incendio,-6.5080063012359775,-75.67913673399867
29611,no_incendio,-6.388098808683935,-75.80930199571483
29612,no_incendio,-6.332355926126756,-76.57852424451565
29616,incendio,-5.9966,-76.1012
29617,no_incendio,-7.495613592310532,-75.66310159178755
29627,no_incendio,-6.110977096163155,-77.0520623179512
29629,incendio,-5.7273,-76.1935
29637,incendio,-6.357,-75.854
29639,no_incendio,-6.1773004933773406,-76.41533827057219
29641,incendio,-6.2542,-75.9373
29648,incendio,-6.6814,-76.7323
29650,no_incendio,-5.987623594847527,-77.50895445827787
29651,no_incendio,-6.371807438398121,-75.97041325819922
29653,no_incendio,-7.238892730733428,-76.47459847040415
29662,no_incendio,-5.925744830854394,-76.62635370808266
29666,incendio,-6.1613,-76.2965
29667,incendio,-7.2679,-76.8326
29671,incendio,-6.8551,-76.2808
29675,incendio,-5.7215,-77.429
29688,no_incendio,-6.8812608532922095,-77.14870823308875
29691,no_incendio,-6.976745341536001,-76.8154952151621
29697,incendio,-6.9531,-76.6064
29706,incendio,-6.5712,-77.7295
29708,no_incendio,-7.493235179350296,-76.56434016404388
29721,no_incendio,-6.043030962073811,-76.47604236953148
29722,no_incendio,-7.099688871826168,-75.91020418997267
29731,no_incendio,-6.993239612195546,-76.80617132397158
29734,no_incendio,-7.3539736550064925,-76.4233841713346
29736,incendio,-7.2897,-76.2344
29738,no_incendio,-6.721818890646596,-76.25717682869612
29743,no_incendio,-5.756771146595229,-77.41858176231523
29753,no_incendio,-6.536547874138972,-77.31298293788737
29764,incendio,-6.9886,-76.7951
29767,incendio,-8.5845,-76.3707
29773,incendio,-7.8867,-76.7527
29775,no_incendio,-6.745283632589781,-76.33682715106067
29777,incendio,-8.4528,-76.4123
29778,no_incendio,-7.193491617772813,-76.90637497057176
29779,no_incendio,-6.850119921397431,-77.18105441991001
29781,incendio,-7.2096,-76.3882
29787,no_incendio,-7.347666513055251,-77.19530347019538
29790,no_incendio,-6.727275952714791,-77.44889142586435
29792,incendio,-5.9643,-75.8058
29795,incendio,-7.0727,-77.7296
29797,no_incendio,-7.359360612224768,-76.78029054350944
29799,no_incendio,-5.702364736345534,-76.72144500150783
29804,no_incendio,-7.327451375962066,-77.03090576588977
29810,incendio,-5.8382,-75.993
29813,incendio,-6.9271,-76.2116
29819,no_incendio,-6.758724816086575,-76.05879675132634
29826,no_incendio,-5.765833579415168,-76.48980976364362
29832,incendio,-6.4776,-76.5038
29838,no_incendio,-5.659847709526774,-75.83935663792408
29839,no_incendio,-6.324116805006703,-75.80687490202517
29840,no_incendio,-6.129131664861193,-76.45649977733511
29842,no_incendio,-5.6727531578346015,-77.41986068936593
29853,incendio,-8.3982,-76.2998
29854,incendio,-6.9246,-76.8328
29869,no_incendio,-7.192625795202753,-75.79931940133156
29875,incendio,-6.4836,-77.0605
29885,incendio,-8.1568,-76.514
29886,incendio,-6.2361,-75.9391
29887,incendio,-5.9104,-76.488
29897,no_incendio,-5.808359849261875,-75.72295380083676
29902,incendio,-7.4418,-76.6043
29905,incendio,-6.3497,-76.0063
29906,no_incendio,-5.798794863061263,-76.32419405710493
29909,incendio,-6.4966,-76.3593
29919,incendio,-7.3474,-76.1784
29928,incendio,-7.9053,-75.5521
29936,incendio,-7.6342,-76.727
29940,incendio,-8.7498,-77.6504
29951,incendio,-8.4005,-76.4726
29963,no_incendio,-5.528380729274227,-75.92180355434435
29969,incendio,-5.8787,-76.3432
29971,no_incendio,-6.3028561898427915,-76.27802291650278
29972,no_incendio,-6.715205623153173,-76.11809578650696
29973,incendio,-5.6662,-76.6464
29976,incendio,-8.5418,-75.6099
29981,incendio,-6.7085,-76.7122
29982,incendio,-6.282,-76.8585
29992,incendio,-8.2712,-76.4797
29996,incendio,-7.2186,-76.957
30012,incendio,-7.2381,-76.7065
30017,incendio,-7.4246,-76.3957
30020,incendio,-6.8431,-76.5275
30024,incendio,-5.347,-76.4697
30025,no_incendio,-6.338883523616399,-76.67237416346605
30026,incendio,-7.2287,-76.8602
30030,incendio,-5.7013,-77.3064
30049,no_incendio,-6.400301881628301,-77.5201604762096
30051,incendio,-6.2494,-75.9325
30055,no_incendio,-5.5978889160107626,-76.86708534486174
30058,incendio,-6.9461,-76.4414
30078,no_incendio,-6.231532660134269,-77.43051392350198
30081,incendio,-5.7135,-75.8799
30082,no_incendio,-7.418524326808485,-76.32670813744515
30086,incendio,-7.3066,-75.5886
30093,no_incendio,-7.493235179350296,-76.56434016404388
30105,incendio,-6.2189,-76.2096
30107,incendio,-8.6516,-76.2912
30109,incendio,-8.4373,-76.272
30124,no_incendio,-7.2386843016197115,-75.95361045134824
30125,no_incendio,-6.3089816348031365,-76.48782336103379
30127,no_incendio,-5.559447141003816,-77.53240429845073
30130,incendio,-6.7966,-76.4727
30132,incendio,-8.673,-76.1015
30140,incendio,-7.2809,-76.7368
30142,no_incendio,-6.911906202214161,-76.30385492841812
30143,no_incendio,-6.26574363006572,-75.945416955943
30144,incendio,-6.5815,-75.6855
30147,no_incendio,-7.329270682828255,-76.84451015929197
30150,no_incendio,-6.994018548876931,-77.44340810717631
30156,incendio,-7.3685,-76.8802
30157,no_incendio,-7.307422219905113,-77.49030389420659
30160,no_incendio,-5.508797884476139,-76.57706115239465
30161,no_incendio,-5.707217935164065,-76.52295370572979
30184,no_incendio,-6.107814853885202,-77.33817072189056
30191,no_incendio,-6.466287697296756,-75.7075752786908
30195,incendio,-8.7708,-77.3717
30197,incendio,-8.1935,-76.2967
30201,incendio,-5.8526,-76.44
30205,incendio,-7.2258,-76.0666
30209,incendio,-5.3007,-76.4969
30212,incendio,-7.5029,-76.6198
30216,no_incendio,-6.940035404327019,-75.69585861130436
30217,no_incendio,-7.093257969486561,-77.25013940551041
30219,no_incendio,-6.310252900156727,-75.63690302476967
30230,no_incendio,-6.774947131584925,-76.00722166007617
30233,no_incendio,-5.607428760846163,-75.61638280541105
30236,no_incendio,-6.428027041919373,-76.62475957936073
30239,no_incendio,-5.866539639068574,-77.22687497991105
30241,no_incendio,-5.5904160018413185,-75.95967696851481
30243,no_incendio,-7.537264707596327,-76.77993123452514
30246,no_incendio,-5.9343288832648255,-75.71284400291329
30247,no_incendio,-5.4157703002618724,-75.88771884850634
30255,incendio,-7.1929,-77.0394
30256,incendio,-6.5289,-77.502
30259,no_incendio,-7.212405489272185,-75.90281925631811
30267,incendio,-5.6731,-75.855
30268,incendio,-7.1297,-76.8352
30269,no_incendio,-7.404587411347148,-77.48236039818194
30278,no_incendio,-6.040843804619021,-75.5134205645717
30283,incendio,-5.7304,-75.9588
30289,no_incendio,-7.354001962679465,-76.87586506840084
30292,no_incendio,-5.332935425847374,-77.16749151506393
30298,no_incendio,-7.15250800382105,-75.6698884726493
30299,no_incendio,-5.382711375433704,-75.9334483543587
30300,incendio,-5.7842,-76.4699
30313,incendio,-5.8411,-76.2813
30317,incendio,-6.824,-76.9677
30318,incendio,-7.1569,-76.2783
30322,incendio,-7.1584,-76.795
30329,incendio,-5.7315,-76.2666
30332,no_incendio,-6.139224623753688,-76.40308726211332
30334,incendio,-5.3442,-76.7757
30342,incendio,-8.5925,-76.5604
30347,incendio,-5.6956,-76.6325
30350,incendio,-6.732,-76.5891
30357,no_incendio,-5.87076697965016,-76.32402567938676
30359,no_incendio,-7.536324441611577,-75.98652093293225
30362,no_incendio,-6.190864426146802,-76.12967606406326
30365,no_incendio,-6.248030507497377,-77.52671049342304
30370,incendio,-6.8989,-76.9056
30395,no_incendio,-5.710479011729555,-76.39175910938613
30400,incendio,-7.2234,-76.3057
30404,no_incendio,-5.455465993485473,-76.16419328270247
30405,incendio,-8.5639,-76.9471
30414,incendio,-7.2221,-76.3601
30423,no_incendio,-6.3805177741503645,-77.07356874423562
30424,incendio,-5.7949,-76.4898
30430,incendio,-6.6143,-75.7132
30432,incendio,-5.8577,-76.2398
30443,no_incendio,-6.253665633438979,-75.7917353102634
30444,no_incendio,-6.248141133810431,-75.50987121265236
30446,incendio,-7.0794,-76.2742
30448,no_incendio,-5.4433732153340495,-76.71634375535739
30453,no_incendio,-6.0746976290586785,-75.57122315970695
30464,incendio,-6.5666,-76.7759
30467,no_incendio,-6.2823658693606905,-76.53582646921448
30472,no_incendio,-6.535327617861432,-76.18785766882165
30473,no_incendio,-7.433764184828395,-76.19895087453514
30485,incendio,-5.3318,-76.7893
30489,no_incendio,-5.3981951517521995,-75.65085027673824
30492,no_incendio,-5.7103480025675015,-77.41410373684516
30506,incendio,-6.0657,-76.3115
30509,incendio,-6.9796,-76.2153
30516,no_incendio,-6.9560251993392335,-75.65244127896328
30517,no_incendio,-5.832790399799999,-75.63293176769747
30521,incendio,-7.3245,-76.8868
30522,no_incendio,-5.364143829036743,-76.95415482559467
30525,incendio,-7.4819,-76.2377
30536,no_incendio,-5.340087769913169,-76.06460319015936
30538,no_incendio,-5.714958817536613,-75.57831712461974
30543,incendio,-6.448,-76.3933
30545,no_incendio,-5.721753234372427,-77.04300744557013
30554,no_incendio,-6.876747971648932,-77.24294547673294
30558,incendio,-6.2989,-75.8959
30562,no_incendio,-7.369405359299169,-75.53775524923043
30570,no_incendio,-5.444913371985892,-76.04457486352356
30573,no_incendio,-6.736884280770205,-76.9775738185435
30576,no_incendio,-5.36282435022777,-77.04991561126305
30578,incendio,-7.7397,-76.7758
30580,incendio,-6.8814,-76.8808
30581,no_incendio,-5.309022549050947,-77.11989827113337
30585,incendio,-7.5633,-76.4307
30588,no_incendio,-6.818883045664746,-77.17747642270048
30589,incendio,-6.0312,-75.766
30591,incendio,-7.2898,-77.0554
30593,no_incendio,-7.028663799217614,-75.85033836524988
30601,no_incendio,-5.4956287964108785,-77.39970137101125
30602,no_incendio,-6.460809424904893,-76.67264708557983
30604,no_incendio,-6.3194965219178965,-75.72998787465063
30605,no_incendio,-5.98497682810957,-77.24575452252367
30610,incendio,-8.1307,-77.6831
30613,incendio,-8.5765,-76.2967
30619,incendio,-6.8749,-76.6112
30626,incendio,-7.3106,-76.1362
30627,no_incendio,-6.543996709664201,-75.77625931317041
30632,incendio,-7.3045,-76.7612
30638,incendio,-7.2646,-76.6474
30653,no_incendio,-6.895357280237269,-76.19206229738539
30659,no_incendio,-5.8723563930281735,-77.01386331580031
30660,incendio,-7.9874,-77.6007
30665,no_incendio,-5.906233795105334,-77.12857966060585
30666,no_incendio,-7.518549043794622,-77.46918278069812
30668,incendio,-6.8826,-76.6711
30673,no_incendio,-5.9130091622376435,-77.42859659593488
30678,no_incendio,-6.304617864281926,-76.60193669802109
30680,no_incendio,-6.546795271979165,-77.13463626494185
30681,no_incendio,-6.677016361068433,-76.35596462138518
30689,incendio,-7.9984,-77.5889
30692,no_incendio,-6.9338065388714725,-77.51645275784907
30694,incendio,-6.0312,-76.1967
30697,no_incendio,-7.369405359299169,-75.53775524923043
30702,incendio,-8.3755,-77.3072
30711,no_incendio,-5.971724397201385,-75.87816764029395
30720,no_incendio,-5.590954776196541,-75.61262101600937
30724,incendio,-7.0964,-76.5148
30726,incendio,-6.9044,-76.9478
30727,no_incendio,-6.08674868659818,-77.38664384875209
30740,incendio,-5.9316,-76.262
30749,no_incendio,-6.370092629561881,-77.33745161789386
30753,no_incendio,-5.59950907688548,-76.65469517623596
30761,no_incendio,-6.567425980994719,-77.10177611142858
30769,no_incendio,-6.3737423006602185,-77.16577350376646
30770,incendio,-6.8902,-76.669
30772,no_incendio,-7.209200671880887,-76.41273735340543
30774,incendio,-6.2755,-76.1922
30782,incendio,-5.8026,-77.432
30788,no_incendio,-6.23478792603882,-76.18381610836184
30791,no_incendio,-6.501773263941807,-76.20873227680231
30794,no_incendio,-5.307599937700264,-75.96155569785827
30801,no_incendio,-7.141882263889259,-75.8554994906903
30803,incendio,-8.626,-76.4545
30804,no_incendio,-6.3823444451531675,-76.72222524088096
30805,incendio,-7.2144,-76.2589
30806,incendio,-6.6179,-76.5861
30807,incendio,-6.0809,-76.0148
30808,incendio,-7.3905,-76.5033
30813,no_incendio,-7.510787208532104,-75.93881161563174
30822,incendio,-6.1566,-76.0105
30824,incendio,-8.5721,-76.3976
30825,incendio,-6.2779,-75.9022
30826,no_incendio,-6.949415512269831,-76.30894649629607
30828,incendio,-7.5409,-76.2004
30834,no_incendio,-6.42510939654662,-76.21314660329666
30839,incendio,-7.0755,-76.1092
30843,incendio,-6.6709,-76.7478
30844,no_incendio,-6.166441371095199,-77.06098480009524
30852,incendio,-7.0847,-77.5916
30855,incendio,-6.842,-76.2223
30856,incendio,-7.5656,-76.35
30864,no_incendio,-7.390169812745361,-75.85173982819381
30865,incendio,-6.8814,-76.2137
30868,incendio,-8.6466,-76.3095
30870,incendio,-5.906,-77.21
30880,incendio,-6.1041,-76.8795
30886,incendio,-5.9624,-76.2979
30893,incendio,-8.3764,-77.2796
30900,no_incendio,-6.233353095567226,-75.91710577734175
30909,incendio,-6.8826,-76.2546
30924,incendio,-7.1552,-76.3283
30927,incendio,-7.1144,-76.9631
30932,incendio,-5.9593,-76.9983
30939,no_incendio,-5.915658751464713,-77.38575524652865
30949,incendio,-7.062,-76.1502
30957,no_incendio,-7.53303009358015,-76.30539007678105
30958,no_incendio,-6.695277689736439,-77.08154414600035
30959,incendio,-5.3079,-76.2944
30960,incendio,-8.4228,-76.2155
30964,incendio,-8.7829,-76.3061
30982,incendio,-8.38,-75.5493
30984,no_incendio,-5.391936920318269,-75.74765732530163
30986,no_incendio,-6.846227548420243,-77.09414313428448
30992,no_incendio,-5.33757917567879,-76.91272647780633
30997,no_incendio,-7.1632098636724635,-76.89550285392816
31011,no_incendio,-7.063019746501072,-77.52481749302208
31012,incendio,-6.612,-76.0716
31015,incendio,-6.0217,-76.8536
31018,no_incendio,-7.084883582406477,-76.16691642079259
31025,incendio,-5.7027,-76.1778
31028,incendio,-7.161,-76.4354
31034,no_incendio,-5.763675013616544,-76.74191437174483
31037,incendio,-8.7273,-76.2813
31050,incendio,-7.0426,-76.8754
31056,no_incendio,-6.0328534366189315,-75.93549321094768
31057,no_incendio,-7.087560477783244,-76.48701616296685
31060,incendio,-5.7333,-75.7045
31070,no_incendio,-6.806328750881107,-76.16127496699386
31076,incendio,-7.0559,-76.2966
31077,no_incendio,-6.880079102864199,-75.66458011354403
31098,no_incendio,-6.033505738304529,-76.38388825810851
31104,incendio,-7.5856,-76.3969
31118,no_incendio,-7.188505073730313,-76.90328431055737
31120,no_incendio,-7.124569954683306,-77.3329440404402
31122,no_incendio,-5.422565878166282,-75.5891782066083
31123,incendio,-6.5594,-75.606
31127,incendio,-8.4378,-76.3335
31128,incendio,-7.1366,-76.8402
31134,no_incendio,-6.059607457191615,-77.52385870382261
31136,no_incendio,-5.4324592687941,-76.16239104777486
31138,incendio,-6.8507,-76.2558
31140,no_incendio,-5.859392269860992,-77.07597134063963
31143,no_incendio,-5.700205887629432,-75.93264150253519
31150,no_incendio,-7.292676783205119,-75.82456526450503
31152,incendio,-7.0924,-76.2074
31159,incendio,-7.5134,-76.4469
31160,incendio,-7.5491,-76.5228
31162,incendio,-7.3342,-76.4496
31170,incendio,-5.7522,-76.5479
31174,no_incendio,-5.665031141499033,-76.55743995217303
31179,incendio,-8.1667,-77.0005
31180,incendio,-7.4836,-76.7444
31182,no_incendio,-6.938909457059822,-76.15534082596828
31194,incendio,-7.5462,-76.5653
31199,incendio,-5.9089,-76.2588
31200,no_incendio,-6.501303087844287,-77.31745722626587
31212,incendio,-8.5365,-76.5128
31216,no_incendio,-5.808778931520304,-76.10217716387038
31219,no_incendio,-7.087560477783244,-76.48701616296685
31233,no_incendio,-5.968086685454471,-75.87697296740079
31241,incendio,-7.219,-76.3123
31246,no_incendio,-7.5636797148906325,-76.80582387525504
31248,incendio,-7.052,-76.3078
31253,no_incendio,-6.590105149593546,-77.16468448902616
31258,no_incendio,-6.327343874329971,-76.29354784738233
31269,no_incendio,-6.31265571754434,-77.00564888561091
31273,incendio,-5.778,-76.5958
31283,incendio,-5.8503,-76.2438
31288,incendio,-6.9854,-76.6159
31293,incendio,-7.5222,-76.4333
31302,incendio,-6.0856,-75.7952
31303,no_incendio,-7.146199438472306,-75.63802434726938
31307,incendio,-5.9019,-76.1234
31310,incendio,-7.1349,-76.9133
31313,incendio,-7.1743,-76.6577
31315,incendio,-8.3843,-76.7494
31321,incendio,-5.9395,-76.2245
31330,no_incendio,-6.726107042288016,-76.4764656532763
31332,incendio,-5.9051,-75.9347
31336,no_incendio,-5.971167138004345,-76.3740699604034
31337,no_incendio,-5.858813533363299,-75.58674538057389
31347,incendio,-6.0661,-77.7649
31350,incendio,-8.1856,-76.5102
31353,incendio,-6.8329,-76.188
31355,incendio,-6.2395,-75.8103
31358,incendio,-7.1456,-76.4521
31365,incendio,-6.9091,-76.5005
31373,incendio,-7.8725,-75.522
31378,incendio,-6.9273,-76.8229
31380,no_incendio,-6.568678711242536,-76.46161690496696
31381,incendio,-6.2195,-75.7648
31390,no_incendio,-5.4930530245088995,-77.14950280228753
31391,no_incendio,-7.316542689651407,-77.09719219444501
31398,no_incendio,-7.241496994972613,-76.72736472676876
31404,no_incendio,-6.594872736761388,-76.81244710228094
31407,no_incendio,-7.014916061647587,-75.71674408231947
31421,incendio,-5.8347,-76.2296
31430,incendio,-8.4464,-76.3978
31442,incendio,-7.4335,-76.8138
31443,no_incendio,-6.559793328628168,-75.94281873717337
31449,incendio,-7.3967,-76.6887
31454,incendio,-7.2205,-76.4987
31466,incendio,-6.309,-75.9093
31467,no_incendio,-6.777339583024972,-77.16983093641421
31469,no_incendio,-6.178368777472011,-76.33706394423045
31472,no_incendio,-7.420738238712349,-77.50365613060586
31479,incendio,-5.7535,-77.4373
31483,incendio,-7.4733,-76.5018
31484,incendio,-6.4224,-76.5194
31486,incendio,-6.8561,-76.2057
31490,no_incendio,-7.459517004149713,-75.65348895495933
31493,no_incendio,-6.351517341637376,-77.31017116176967
31495,no_incendio,-6.825057480379352,-77.49883680928833
31502,incendio,-7.2253,-76.5275
31506,no_incendio,-5.382698663545955,-75.70884428974506
31514,no_incendio,-6.768773690834417,-77.41433372649782
31518,no_incendio,-5.592485141901219,-76.19283988483512
31523,incendio,-7.4738,-76.5953
31529,no_incendio,-6.238373467810385,-75.80021311615167
31538,incendio,-5.3519,-76.6922
31542,incendio,-5.86,-76.5646
31551,incendio,-6.2725,-76.2222
31562,no_incendio,-6.694264893002906,-76.05015609684683
31563,no_incendio,-6.949882284574706,-75.68273295602192
31573,no_incendio,-7.2237762907302,-75.57516855360699
31575,no_incendio,-6.402069451962711,-76.21591146142134
31578,no_incendio,-5.586947404667705,-76.96796502244129
31581,no_incendio,-7.52002816732032,-76.85728021112728
31589,incendio,-7.2062,-76.3234
31596,no_incendio,-5.734444291860615,-76.35994584200267
31602,incendio,-5.8161,-77.3616
31606,no_incendio,-7.183923927473843,-76.41258057222892
31616,no_incendio,-6.728162070241898,-76.70107507630117
31622,incendio,-8.6903,-76.3437
31623,no_incendio,-6.525390337428589,-76.47559277816393
31627,incendio,-6.1634,-75.8977
31633,no_incendio,-6.374440878471071,-75.7158056744494
31634,incendio,-7.2424,-77.0715
31635,no_incendio,-7.378012032391012,-77.45917085361808
31638,incendio,-5.9791,-76.2026
31641,no_incendio,-7.228019173352536,-75.83265543127759
31642,incendio,-6.6786,-76.0882
31651,incendio,-7.7338,-76.5041
31652,incendio,-6.8743,-76.5339
31660,incendio,-7.4911,-76.3636
31665,no_incendio,-7.140154137047396,-77.31429161617567
31672,no_incendio,-6.812990607089626,-75.70820307560577
31673,no_incendio,-6.342272331916268,-77.0355540401251
31674,no_incendio,-6.808753435004469,-75.58127871175964
31676,incendio,-8.4643,-76.3032
31679,incendio,-7.284,-76.9236
31681,incendio,-5.8654,-77.031
31684,incendio,-7.4569,-76.4499
31685,incendio,-8.72,-76.8471
31686,no_incendio,-6.062840602584927,-76.70237486789418
31687,incendio,-7.1816,-76.7337
31700,incendio,-7.2764,-76.1216
31701,incendio,-8.3424,-75.5592
31717,incendio,-5.765,-76.2139
31718,no_incendio,-6.642944016267298,-76.98020490852264
31722,incendio,-7.1564,-76.3223
31726,incendio,-8.0133,-76.7475
31727,incendio,-6.8297,-76.8875
31730,no_incendio,-6.606790602498376,-76.50679708602655
31732,no_incendio,-6.834902492352533,-77.15059777266319
31736,incendio,-6.8987,-76.5201
31747,incendio,-6.0922,-76.3179
31750,incendio,-5.4163,-76.8291
31753,incendio,-7.0571,-76.8911
31754,no_incendio,-7.181016545835497,-77.14662187463146
31759,incendio,-6.5512,-75.6485
31769,incendio,-8.6533,-76.3217
31772,no_incendio,-7.448759349626241,-75.73146487239217
31774,incendio,-6.5887,-76.5695
31790,no_incendio,-7.428827907597852,-76.06003836792726
31795,incendio,-6.8855,-76.5263
31796,no_incendio,-5.5896376031918615,-76.35252920094948
31801,incendio,-6.8016,-76.7844
31803,incendio,-5.7538,-76.2595
31806,no_incendio,-6.948889791528075,-76.04658173737485
31807,no_incendio,-6.905350281771543,-75.85773993313076
31810,no_incendio,-7.149862558736682,-77.09989679523933
31813,incendio,-7.0435,-76.1822
31820,incendio,-6.0773,-77.0862
31821,no_incendio,-6.671397085491674,-75.72724206195927
31830,incendio,-6.5551,-77.7273
31835,incendio,-7.2995,-76.7253
31841,no_incendio,-6.942054443870175,-75.88451122317879
31843,no_incendio,-6.621617501983885,-75.65329251395444
31844,incendio,-7.4587,-76.3953
31846,no_incendio,-6.8241555048520945,-76.01927599626522
31855,no_incendio,-7.449592698542145,-76.47005934460464
31856,incendio,-8.7209,-76.8432
31861,no_incendio,-5.959481938609148,-77.35681272469573
31867,no_incendio,-6.942054443870175,-75.88451122317879
31868,incendio,-6.2262,-76.1275
31869,no_incendio,-5.822373025705751,-75.81118308604799
31874,no_incendio,-7.5842496329608995,-75.57404179177915
31877,no_incendio,-5.326540128955467,-75.8192880237214
31881,incendio,-6.5984,-76.6241
31891,no_incendio,-6.475196466130733,-76.70818383406251
31896,incendio,-7.4239,-76.6354
31897,incendio,-6.4273,-76.7333
31901,no_incendio,-6.376210550239206,-76.07907704054212
31904,incendio,-6.9512,-76.4619
31924,incendio,-5.3374,-76.5937
31932,incendio,-5.4039,-76.6187
31941,no_incendio,-7.575264155010306,-76.7671801072031
31949,incendio,-5.9998,-76.854
31952,no_incendio,-5.977250221064096,-76.70445078164089
31955,no_incendio,-6.462614163555006,-75.61289892495
31964,no_incendio,-5.531434005442488,-77.13875106909684
31971,no_incendio,-6.401692780621468,-76.45738579875342
31974,incendio,-7.4741,-76.3979
31975,incendio,-6.9124,-76.4557
31976,incendio,-7.2144,-76.0599
31990,incendio,-7.561,-76.5045
32001,no_incendio,-7.142345675518539,-77.26966785367183
32002,no_incendio,-6.165729925483304,-75.50698017130118
32005,no_incendio,-6.295102509635013,-77.52506617532497
32011,no_incendio,-7.443083210932151,-75.82433330261884
32020,no_incendio,-5.423715260330031,-75.80260147002005
32024,no_incendio,-5.763287542306629,-76.16197141222403
32046,incendio,-7.0155,-76.287
32050,incendio,-7.3186,-77.0436
32053,incendio,-6.6337,-76.2259
32071,incendio,-8.5114,-76.3257
32074,no_incendio,-7.3226422677593845,-76.0064093237638
32076,incendio,-7.4947,-76.5275
32087,incendio,-6.7572,-76.7239
32096,incendio,-6.4349,-76.8487
32097,no_incendio,-6.534406684076978,-76.00352237296187
32099,incendio,-5.9428,-77.3055
32102,no_incendio,-6.8038809431040965,-76.81652393345753
32104,no_incendio,-6.076651418507213,-75.99938351654062
32106,no_incendio,-7.3842490774547676,-77.00834024449696
32110,no_incendio,-6.150817748541318,-77.2743773218178
32121,incendio,-7.5485,-77.618
32122,no_incendio,-5.8830364093751575,-75.95621849841731
32131,incendio,-5.942,-76.2135
32134,no_incendio,-7.436110407887001,-75.68288184576566
32137,no_incendio,-7.278446400857449,-77.33703515392486
32138,no_incendio,-5.734596234605278,-76.54404736792905
32141,incendio,-6.9631,-76.7155
32166,no_incendio,-5.65611924902812,-76.450948774078
32172,no_incendio,-7.396034749471958,-77.09104434205882
32177,no_incendio,-7.502611835705684,-75.74342232378346
32180,no_incendio,-6.452984723571151,-76.97534564539009
32183,incendio,-7.5496,-76.6009
32184,no_incendio,-5.8084744858353705,-77.25537544416976
32195,no_incendio,-5.3928610006268665,-76.95098681919762
32196,no_incendio,-5.562529025700048,-76.57485709284715
32211,no_incendio,-6.221076856100413,-76.75303657208187
32217,incendio,-6.6774,-76.6289
32222,no_incendio,-7.342552043846658,-77.45073212658029
32240,no_incendio,-6.1156293221158835,-76.01949781132349
32241,no_incendio,-6.791553468522542,-76.19850061841751
32244,no_incendio,-6.691674214621824,-77.20756079690301
32245,no_incendio,-6.895407353104692,-76.79676810992372
32246,no_incendio,-7.08228034410228,-75.97131777104022
32260,no_incendio,-6.331956733542304,-77.5021084607029
32261,incendio,-5.9282,-76.2604
32270,no_incendio,-6.006937780860308,-77.45432250461575
32273,incendio,-7.3063,-76.1187
32293,no_incendio,-6.606517162327486,-77.4629258839616
32296,no_incendio,-5.452511328645989,-77.32229773796371
32300,incendio,-7.2859,-76.8331
32303,incendio,-7.0527,-76.8465
32311,no_incendio,-5.364143829036743,-76.95415482559467
32314,incendio,-7.1453,-77.006
32317,incendio,-6.7598,-77.3819
32320,no_incendio,-7.359881945280641,-76.7414311135722
32333,incendio,-7.1319,-76.0916
32337,incendio,-7.3273,-76.2462
32341,incendio,-7.2812,-76.2363
32343,incendio,-5.7396,-76.1926
32364,no_incendio,-6.741427767846081,-75.52300413513564
32368,incendio,-7.2829,-76.6091
32369,no_incendio,-6.923574495814878,-76.96137100911855
32379,no_incendio,-6.007344549554368,-75.92901338487279
32380,incendio,-6.1579,-76.0754
32386,incendio,-6.83,-76.6453
32398,no_incendio,-7.303191371239219,-76.86950299016307
32399,incendio,-8.3671,-77.1396
32400,incendio,-7.3273,-76.5711
32406,incendio,-6.0012,-76.1556
32409,incendio,-7.0793,-76.5054
32412,no_incendio,-6.508124167264835,-76.61340355687425
32415,no_incendio,-6.4268340205917,-76.98433679331829
32422,no_incendio,-7.2086548700460105,-76.60794035176814
32427,no_incendio,-6.994018548876931,-77.44340810717631
32431,incendio,-6.8848,-76.729
32445,incendio,-6.9972,-76.2597
32453,no_incendio,-7.468966943240149,-76.0987072289364
32457,no_incendio,-6.300957997693996,-76.09847737144455
32480,no_incendio,-5.393659522706716,-77.53576573473059
32488,incendio,-6.0983,-77.5812
32494,incendio,-8.4601,-76.3596
32507,incendio,-6.7399,-76.6669
32508,no_incendio,-6.30212067741681,-77.20947071632679
32518,no_incendio,-5.59452651419678,-75.9430100079282
32519,no_incendio,-6.831471934568246,-75.7875932896481
32526,no_incendio,-6.91975600968376,-77.05871610020544
32538,incendio,-6.6403,-76.4196
32545,no_incendio,-5.629923225947646,-75.81605706713587
32561,incendio,-8.6698,-76.8256
32566,incendio,-7.4686,-76.6791
32569,no_incendio,-6.679897679386204,-77.34823338283437
32572,no_incendio,-7.341385532228014,-75.96721546288514
32577,no_incendio,-7.345060499544703,-77.11825976617006
32580,incendio,-6.7304,-76.6006
32582,incendio,-7.3092,-76.1268
32584,no_incendio,-5.339988911138568,-75.94604419335825
32593,no_incendio,-7.450227101420001,-77.22165209135423
32599,incendio,-5.7261,-75.7487
32605,no_incendio,-7.424353792615787,-75.73269651500266
32607,incendio,-5.9885,-77.2767
32613,no_incendio,-5.979395848987274,-75.81605060669331
32620,no_incendio,-7.196044028055804,-76.77405078763431
32622,incendio,-7.1726,-76.3547
32630,no_incendio,-6.994951885754811,-75.90892162040349
32636,incendio,-6.6591,-76.315
32644,no_incendio,-6.726630705099086,-75.51763155881792
32653,incendio,-6.2863,-75.9268
32660,no_incendio,-5.800663587251775,-77.2156236281296
32662,no_incendio,-5.964111424258334,-76.62753439152748
32663,incendio,-6.2213,-76.1917
32668,incendio,-5.6812,-76.2775
32683,no_incendio,-5.362923654155092,-76.9119868960568
32684,no_incendio,-6.705665824489784,-75.86880266225904
32686,incendio,-6.8576,-76.2523
32701,incendio,-6.4947,-76.3674
32705,incendio,-8.1925,-76.5166
32708,incendio,-6.0336,-76.9722
32717,no_incendio,-5.85348487678678,-75.67716092139695
32722,no_incendio,-5.39776817495506,-77.21180440723553
32735,incendio,-7.8905,-75.54
32742,incendio,-7.1395,-76.736
32743,incendio,-5.7404,-75.6402
32749,no_incendio,-6.475806926783658,-77.21261151734859
32750,no_incendio,-6.930372562741588,-76.24468121546766
32760,incendio,-6.932,-76.6288
32768,no_incendio,-7.500774186693172,-77.27756747263413
32774,incendio,-8.3146,-76.4186
32777,no_incendio,-6.736094048254664,-75.79047035285556
32782,incendio,-6.4274,-75.6396
32786,incendio,-6.9052,-76.8957
32789,incendio,-7.903,-75.5534
32791,incendio,-7.8274,-77.4962
32801,no_incendio,-6.146020638711784,-75.61071933850509
32815,incendio,-6.421,-76.5181
32817,incendio,-7.1108,-76.5111
32823,no_incendio,-6.3402826742912515,-75.67543757743714
32828,no_incendio,-5.652888797097105,-75.91965711232292
32829,no_incendio,-5.60683404112794,-77.27867668965091
32833,no_incendio,-7.427987396533433,-76.94694431414058
32834,incendio,-6.7971,-76.5479
32840,incendio,-7.5127,-76.4954
32849,no_incendio,-6.377187733554232,-75.74684740899566
32854,no_incendio,-6.847838156918014,-76.65972952352969
32859,no_incendio,-5.996130242370601,-76.81679363157411
32868,incendio,-7.1046,-76.3206
32872,incendio,-6.5314,-76.6878
32876,no_incendio,-5.727731804744509,-75.51935452784612
32886,incendio,-6.9546,-77.5679
32887,no_incendio,-6.347719436463075,-77.19838267083598
32892,incendio,-7.3031,-75.5443
32898,incendio,-7.1943,-77.0048
32902,incendio,-6.2438,-75.8247
32914,incendio,-5.8472,-76.3653
32915,incendio,-6.9097,-76.9539
32922,no_incendio,-5.623597121632923,-75.81781716667395
32923,no_incendio,-6.1174086914739405,-75.65121133854548
32927,no_incendio,-5.92198681198131,-76.25475705565552
32928,no_incendio,-5.3900225422511605,-77.29047069981085
32936,incendio,-6.618,-76.5057
32942,incendio,-7.2462,-76.4619
32945,incendio,-6.0715,-77.0469
32948,no_incendio,-5.801377101327497,-77.02507155164298
32959,incendio,-7.2123,-76.8663
32962,no_incendio,-6.1400329007098495,-75.77782950002863
32971,no_incendio,-5.557069716448366,-75.65393079947539
32975,no_incendio,-6.581835148874593,-77.10480197876178
32976,no_incendio,-6.2502346893804255,-76.22909176100242
32986,incendio,-8.5047,-77.5044
32989,incendio,-7.2945,-76.3239
32994,incendio,-5.7532,-76.0793
32996,incendio,-5.785,-76.2085
32999,incendio,-7.521,-76.6369
33000,no_incendio,-6.953777990970317,-76.5586078961979
33003,no_incendio,-6.590618313605878,-75.87293609884875
33004,no_incendio,-7.5348116135080625,-76.04270078901092
33009,no_incendio,-6.2816422432891255,-75.61454508391762
33011,incendio,-6.1667,-76.2707
33021,no_incendio,-7.454820191858604,-77.06390769959336
33031,no_incendio,-6.572656774954891,-77.3264854349528
33032,no_incendio,-6.053663067143272,-77.25400416625581
33042,no_incendio,-7.076017752800738,-75.91978389352657
33053,no_incendio,-5.300946297144839,-75.60535100286195
33055,incendio,-6.2283,-76.2153
33059,no_incendio,-7.593735270243229,-77.34179684037923
33064,no_incendio,-6.741564716218832,-76.27215624555981
33065,incendio,-7.5189,-76.5083
33066,no_incendio,-7.491547550658209,-77.41447872545433
33072,no_incendio,-5.612307081535751,-76.80288819980903
33078,incendio,-6.5017,-75.7719
33081,incendio,-5.6807,-76.2219
33111,no_incendio,-6.433783206248017,-77.4047629898172
33114,incendio,-6.1614,-75.6957
33115,incendio,-7.2303,-76.2455
33121,no_incendio,-7.517330043663011,-76.85538614453351
33122,no_incendio,-7.583028139538337,-75.69881965938345
33124,no_incendio,-6.260382263964365,-75.66215989353373
33128,incendio,-6.1777,-76.3554
33136,no_incendio,-5.6996412211902,-75.5074681731858
33145,incendio,-8.096,-77.6399
33146,no_incendio,-7.5120911115649465,-76.43294446778411
33149,incendio,-7.5262,-76.6417
33152,no_incendio,-7.488895468406661,-77.22046866095448
33156,incendio,-6.2659,-76.7837
33157,incendio,-7.548,-76.3528
33159,incendio,-8.7939,-77.4252
33165,incendio,-7.305,-75.558
33168,no_incendio,-6.603103679284163,-76.5352543472929
33171,no_incendio,-6.210262345134658,-77.11424996637882
33178,no_incendio,-5.61928379725062,-76.7464492739021
33180,no_incendio,-5.889428519671102,-75.83985217439051
33181,no_incendio,-6.4776266103105895,-77.14737002070362
33185,no_incendio,-6.5875457295775695,-76.60562453766775
33191,no_incendio,-6.883760214306626,-75.62202390814382
33192,incendio,-5.7405,-76.3691
33197,incendio,-8.0789,-76.7232
33201,no_incendio,-6.877247924736086,-76.70115338296226
33208,incendio,-6.4206,-76.5035
33218,no_incendio,-6.545046135469808,-77.4695217022142
33220,no_incendio,-6.808753435004469,-75.58127871175964
33233,no_incendio,-5.83234820585484,-77.1167119832574
33236,no_incendio,-6.042344688075439,-75.58423135699039
33249,no_incendio,-6.859218995881019,-77.3454749772902
33253,no_incendio,-6.000913642665956,-77.14500157376662
33254,incendio,-8.0794,-77.6102
33256,no_incendio,-5.525519480392893,-76.3183975995799
33260,incendio,-7.1528,-76.6074
33266,incendio,-8.6402,-76.4502
33269,incendio,-6.7593,-76.4807
33276,no_incendio,-6.624995202842063,-75.87063415601187
33281,no_incendio,-7.500619459820059,-77.36318050509186
33283,no_incendio,-6.846227548420243,-77.09414313428448
33286,incendio,-6.8733,-76.3415
33288,no_incendio,-5.976473792691887,-77.521298056028
33295,no_incendio,-7.289453419528988,-76.70433724655702
33296,incendio,-7.307,-76.8983
33305,no_incendio,-7.150450269408023,-77.18839409410428
33306,incendio,-6.7937,-76.4863
33317,no_incendio,-5.454661580886559,-77.46777785872058
33323,no_incendio,-6.266506898778969,-76.33689278886196
33325,no_incendio,-5.715611122341353,-76.65563746255786
33327,no_incendio,-6.673178207902485,-77.4048318758823
33329,incendio,-7.1208,-76.8611
33339,incendio,-5.5061,-76.7431
33343,no_incendio,-7.543926895107676,-76.44491018697038
33352,incendio,-6.5653,-75.6391
33355,no_incendio,-5.3130357942785436,-76.58858316456917
33360,no_incendio,-6.237007995955339,-77.29653920345977
33361,incendio,-7.1277,-76.7924
33368,incendio,-8.6241,-75.5727
33373,incendio,-7.5953,-76.4019
33388,incendio,-5.7527,-76.2889
33393,no_incendio,-6.834902492352533,-77.15059777266319
33395,no_incendio,-6.185102706019143,-75.78932803542219
33403,incendio,-7.2474,-76.3579
33408,no_incendio,-7.322681645123254,-77.43192346999665
33411,no_incendio,-5.977954403238399,-75.89740788010133
33412,incendio,-7.1352,-76.3902
33413,no_incendio,-5.4986752575716835,-76.99704879250469
33418,no_incendio,-7.063802655359221,-77.06443379648661
33419,no_incendio,-5.306363621970229,-76.4042560042154
33424,incendio,-7.7097,-76.7784
33433,incendio,-5.936,-75.7688
33438,no_incendio,-5.5259385585543805,-76.78474947687066
33440,no_incendio,-6.727604587458214,-76.26589680418019
33441,incendio,-7.2741,-76.0674
33442,no_incendio,-5.441244045280792,-76.19936571316805
33453,incendio,-6.2209,-76.2145
33457,incendio,-5.6405,-76.6823
33458,no_incendio,-5.867914432983562,-76.93835853406706
33466,incendio,-6.3979,-76.6566
33470,incendio,-6.1726,-76.0709
33474,incendio,-6.7042,-76.1824
33477,incendio,-8.4425,-76.2404
33490,incendio,-6.7235,-76.2108
33495,no_incendio,-5.315273849835721,-75.96752969040406
33498,no_incendio,-6.856923978483267,-76.96918980938075
33503,incendio,-6.1245,-75.6583
33507,no_incendio,-6.162938099831464,-75.92231179436462
33509,no_incendio,-6.08565697953034,-76.3565072601085
33513,incendio,-5.9005,-76.1141
33523,incendio,-7.3684,-77.7169
33525,incendio,-5.903,-76.1142
33533,incendio,-8.6352,-76.7278
33534,no_incendio,-6.84710555088138,-75.520478621097
33537,no_incendio,-7.36388011313037,-77.4640263849402
33542,incendio,-5.9738,-76.2649
33544,incendio,-7.4644,-76.5965
33552,no_incendio,-7.111028527601309,-77.20290885672358
33553,no_incendio,-5.62998043999866,-76.34952477053923
33557,incendio,-6.3541,-76.6213
33565,incendio,-8.6815,-76.1858
33568,no_incendio,-6.6229879670061225,-75.80299704996388
33573,no_incendio,-6.8262136604422015,-77.42672193977442
33581,incendio,-8.7153,-76.8472
33585,no_incendio,-6.938909457059822,-76.15534082596828
33593,no_incendio,-6.447996016247126,-77.41234607167007
33600,incendio,-7.2354,-76.1925
33602,no_incendio,-7.5840821359793225,-77.07092524627863
33608,incendio,-7.2545,-76.757
33609,incendio,-7.229,-76.4458
33614,incendio,-8.7063,-76.8483
33615,incendio,-6.4572,-76.8566
33619,no_incendio,-6.324852338083002,-77.32158487709337
33629,no_incendio,-5.61928379725062,-76.7464492739021
33640,no_incendio,-6.625422961334142,-76.70627380489785
33641,no_incendio,-5.89201477503853,-77.2682101013539
33644,no_incendio,-6.950538468924696,-76.07104877103448
33649,incendio,-7.2636,-76.7572
33650,no_incendio,-5.812760524192122,-77.54920790478845
33663,incendio,-7.3899,-76.3948
33671,incendio,-7.2885,-76.7343
33673,incendio,-5.9112,-76.481
33682,no_incendio,-6.324852338083002,-77.32158487709337
33688,incendio,-6.4929,-76.3618
33695,incendio,-6.9741,-76.726
33696,no_incendio,-6.037617039183259,-75.8633441160442
33698,incendio,-6.9716,-76.2175
33710,incendio,-8.2039,-77.328
33718,no_incendio,-5.61928379725062,-76.7464492739021
33722,incendio,-7.5277,-76.7353
33724,no_incendio,-5.8091800479019735,-77.2012977286717
33728,no_incendio,-5.409046088511844,-75.85044957982578
33731,no_incendio,-6.139224623753688,-76.40308726211332
33741,incendio,-8.4273,-76.298
33742,no_incendio,-6.886318678721428,-75.69795842959347
33745,no_incendio,-5.31179064282697,-75.78618195501585
33759,no_incendio,-6.036634194085042,-76.33475368850613
33778,no_incendio,-7.292676783205119,-75.82456526450503
33781,no_incendio,-5.804055235179965,-77.4451366120588
33791,incendio,-7.1154,-76.2848
33793,incendio,-7.209,-76.0765
33796,incendio,-6.804,-76.4995
33797,incendio,-6.7415,-76.5443
33798,no_incendio,-6.311293975828189,-76.65790550589152
33805,incendio,-6.0603,-75.8344
33807,incendio,-7.1799,-76.4587
33811,incendio,-7.2174,-76.6263
33813,no_incendio,-6.032904107983954,-75.67491532543472
33820,incendio,-6.8204,-76.143
33828,incendio,-8.736,-76.3399
33833,no_incendio,-7.517828817578766,-75.8132724036917
33842,no_incendio,-5.849268078249962,-76.0787263818459
33850,no_incendio,-5.918920403880599,-75.94938972977876
33853,no_incendio,-5.5904160018413185,-75.95967696851481
33861,no_incendio,-6.156389240826183,-75.69007334527575
33864,no_incendio,-7.347824110154567,-75.82503332128289
33865,incendio,-6.0791,-76.0014
33866,incendio,-7.011,-76.2401
33871,incendio,-6.2314,-76.1867
33877,incendio,-7.0195,-76.2282
33888,incendio,-6.5595,-76.706
33889,incendio,-7.594,-76.521
33894,no_incendio,-6.942296347058586,-75.76945694716011
33896,no_incendio,-6.0636997194620585,-76.98817967024722
33899,no_incendio,-5.712986091901971,-76.69466982249243
33900,incendio,-6.7323,-76.6577
33901,no_incendio,-6.971818693744163,-76.01229344920435
33904,no_incendio,-5.767577808825913,-75.75625284767814
33907,incendio,-6.6449,-76.6993
33912,incendio,-5.6905,-77.1489
33917,incendio,-6.6191,-76.7521
33931,no_incendio,-5.509842715479968,-77.22974622552158
33934,incendio,-6.0239,-77.1831
33939,no_incendio,-7.447641034854349,-75.90762090121981
33946,incendio,-8.4664,-76.2967
33954,incendio,-6.0354,-76.2811
33957,incendio,-6.2104,-75.6647
33964,no_incendio,-6.237634518264563,-76.93733978052377
33969,no_incendio,-6.326986282349614,-75.6142180056652
33970,no_incendio,-6.061428733108938,-77.09143212760256
33979,no_incendio,-7.15084646945771,-76.45020091114448
33981,incendio,-7.538,-77.4941
33992,no_incendio,-5.525266717128592,-75.70624108601852
33994,incendio,-5.6813,-75.8644
34003,incendio,-6.2178,-75.8669
34009,incendio,-7.9935,-76.7203
34016,incendio,-7.0861,-76.7164
34021,incendio,-6.8175,-76.8154
34030,incendio,-5.6781,-77.5386
34032,no_incendio,-6.338883523616399,-76.67237416346605
34038,no_incendio,-6.023168032179068,-77.26981479042486
34040,no_incendio,-6.323745703888591,-76.07826663303581
34046,no_incendio,-6.6038527735646975,-77.48138314507658
34054,incendio,-6.3607,-76.6564
34057,no_incendio,-7.488895468406661,-77.22046866095448
34059,incendio,-8.4187,-76.3348
34061,no_incendio,-5.826799302537919,-75.73782519899997
34063,no_incendio,-5.856151465825925,-75.61952647714237
34070,no_incendio,-5.906478218530096,-76.5386722302253
34074,no_incendio,-6.84656496706348,-76.44758799800796
34076,no_incendio,-5.340154408333765,-76.74093271807992
34078,incendio,-8.3294,-76.5723
34080,no_incendio,-5.450455855055424,-76.00497644122908
34082,incendio,-5.8793,-76.1604
34085,incendio,-7.2699,-76.3336
34094,incendio,-5.7638,-76.4715
34096,no_incendio,-6.4080436516823225,-77.02161843514952
34099,incendio,-7.5854,-76.8016
34104,incendio,-8.1567,-77.6494
34105,no_incendio,-6.30212067741681,-77.20947071632679
34107,incendio,-6.6764,-76.7207
34109,no_incendio,-6.049779266057276,-75.95295045421427
34111,incendio,-7.698,-76.4913
34116,incendio,-7.2229,-76.6249
34127,no_incendio,-6.259836653108537,-75.50639448629845
34129,no_incendio,-7.2369262608394616,-75.78242977000548
34131,incendio,-7.4251,-76.4318
34134,incendio,-7.2447,-76.8586
34145,incendio,-5.8496,-75.9206
34148,no_incendio,-6.846227548420243,-77.09414313428448
34154,no_incendio,-5.668562711065817,-75.61105576661728
34155,no_incendio,-5.444716599482646,-75.83682474093726
34160,incendio,-6.6889,-76.7486
34163,no_incendio,-7.014702412265873,-76.4405488433982
34164,no_incendio,-5.907158352622331,-77.4442973163752
34175,no_incendio,-5.561920884041726,-75.5653879895247
34188,incendio,-7.0223,-76.2817
34192,incendio,-6.6309,-75.6469
34198,incendio,-6.7713,-76.2023
34199,incendio,-7.0894,-76.9028
34205,no_incendio,-6.795665285445913,-76.70031335032672
34212,incendio,-5.7519,-76.6065
34215,no_incendio,-6.559185707653601,-77.1814362546677
34220,incendio,-7.3092,-76.1271
34222,no_incendio,-5.434734993358147,-76.94653262890384
34235,no_incendio,-5.403821247036303,-76.32388095777216
34237,incendio,-5.8266,-77.2415
34242,incendio,-7.055,-76.8435
34245,incendio,-6.4307,-75.9156
34250,incendio,-5.8212,-76.1629
34261,incendio,-6.815,-76.8056
34283,no_incendio,-7.516228282019169,-75.89484036620722
34286,no_incendio,-6.255592950733881,-77.24574772217503
34294,incendio,-5.3222,-76.5178
34298,no_incendio,-6.8360705081890325,-77.19977047091912
34303,no_incendio,-6.1290157028955905,-75.56386178427238
34309,no_incendio,-6.557560588378224,-76.50430262965486
34313,incendio,-6.9162,-76.9007
34314,no_incendio,-6.452889088933403,-75.99251770477107
34318,no_incendio,-6.654532009707288,-75.5305999621871
34319,incendio,-7.5773,-76.1989
34320,incendio,-6.1664,-76.1906
34323,incendio,-5.3568,-76.5382
34325,incendio,-7.3494,-76.6496
34330,incendio,-8.2251,-76.6282
34339,no_incendio,-5.728382445396997,-77.12017555927592
34346,no_incendio,-6.642584248060827,-75.75075985956546
34355,incendio,-7.6134,-76.3808
34358,no_incendio,-7.4811756669415,-76.01564428333117
34362,incendio,-7.0303,-76.9883
34373,no_incendio,-7.317626251154921,-75.78361603634158
34377,no_incendio,-7.5964500853796,-76.68614160369373
34382,incendio,-7.2958,-75.5996
34388,no_incendio,-7.010242517235748,-76.48324440357516
34392,no_incendio,-6.459421110313875,-76.2975020951517
34397,no_incendio,-5.978876914297251,-77.26050814725458
34398,incendio,-6.5361,-76.0258
34403,incendio,-6.5091,-75.7137
34407,no_incendio,-6.928184042805378,-76.77151382737259
34408,incendio,-6.2603,-76.0859
34410,incendio,-6.2599,-76.1984
34411,incendio,-7.7142,-76.4735
34416,incendio,-8.1865,-76.5137
34425,no_incendio,-6.163325298360068,-76.10200554496559
34429,no_incendio,-6.772965762366505,-76.27272500681829
34430,incendio,-8.6898,-76.7988
34436,incendio,-7.2322,-76.3045
34442,incendio,-7.0792,-76.4256
34450,no_incendio,-5.720724874930588,-76.09066535924033
34451,no_incendio,-6.00373135270891,-76.34110147279476
34452,incendio,-7.9954,-77.5352
34458,no_incendio,-7.160701404821328,-77.50258610161559
34460,no_incendio,-6.923574495814878,-76.96137100911855
34461,no_incendio,-7.364262602473751,-77.2613173994062
34467,no_incendio,-6.444450177038954,-75.66847301432819
34476,incendio,-6.4114,-75.9647
34479,no_incendio,-6.253873442293271,-77.4856518253099
34484,incendio,-8.4556,-76.2927
34488,no_incendio,-6.173497385338977,-77.08001241103895
34489,no_incendio,-5.702364736345534,-76.72144500150783
34490,no_incendio,-7.544493851248457,-76.73397529490327
34491,incendio,-7.1211,-76.5784
34500,incendio,-6.6527,-76.708
34503,incendio,-6.5496,-77.4029
34532,incendio,-6.2118,-76.0506
34533,incendio,-6.8919,-76.6142
34538,incendio,-5.685,-75.8596
34540,incendio,-8.5134,-76.404
34542,incendio,-7.5381,-76.4754
34545,incendio,-7.2133,-76.0801
34551,no_incendio,-5.930404217360228,-76.53983487852608
34553,incendio,-6.0772,-75.9609
34554,incendio,-6.2122,-76.143
34570,incendio,-6.5803,-76.1924
34572,no_incendio,-7.456237529097935,-76.07927286098648
34576,incendio,-7.4399,-76.5229
34578,incendio,-6.8971,-76.5387
34587,no_incendio,-7.381032476175119,-75.98075413703182
34593,incendio,-5.8428,-76.4444
34597,no_incendio,-6.737802446576857,-76.76156798779444
34600,no_incendio,-6.800884223203532,-75.64210069603733
34603,no_incendio,-5.592210809875936,-75.85957552026237
34606,no_incendio,-5.455465993485473,-76.16419328270247
34612,no_incendio,-5.591360914959251,-75.94509489608593
34632,no_incendio,-5.402348170521421,-77.02463779239379
34635,no_incendio,-6.763422719650261,-75.74420107703415
34637,no_incendio,-7.111569656244363,-77.04269521527607
34657,incendio,-8.7545,-77.4862
34662,incendio,-8.6219,-76.7001
34665,incendio,-6.7679,-76.6917
34675,no_incendio,-7.459517004149713,-75.65348895495933
34677,no_incendio,-5.83983548332399,-77.3596154335897
34679,incendio,-6.5528,-76.3212
34682,no_incendio,-6.398926454720778,-76.50536924785067
34683,incendio,-6.7264,-76.4585
34685,incendio,-5.6877,-77.5393
34690,no_incendio,-6.973841653653549,-76.58656432123784
34691,no_incendio,-5.5750859368578904,-77.18888026677212
34692,incendio,-7.439,-76.5868
34698,no_incendio,-6.400138348170325,-77.15139107217142
34702,no_incendio,-7.366583296246374,-77.14161342224266
34707,no_incendio,-6.237007995955339,-77.29653920345977
34714,incendio,-6.6283,-76.3418
34715,incendio,-8.6431,-77.0907
34723,no_incendio,-5.797671068529707,-76.36918688461087
34730,no_incendio,-6.616039268330141,-77.35690054867337
34732,incendio,-6.4296,-76.4736
34755,incendio,-6.8086,-76.2271
34758,no_incendio,-7.579948204047341,-77.15279486128607
34759,incendio,-8.6305,-76.7343
34760,no_incendio,-5.518725698266722,-76.04231826723102
34765,incendio,-7.6804,-77.5091
34769,no_incendio,-7.417769459056535,-76.0278387197161
34780,incendio,-5.7137,-76.1354
34791,no_incendio,-5.346519894910452,-77.42054950645856
34803,incendio,-6.4411,-75.6909
34804,no_incendio,-5.374155680654134,-76.14052405499798
34805,no_incendio,-6.5749903992962055,-76.89683303442592
34809,incendio,-6.8562,-76.2705
34819,incendio,-7.03,-76.9376
34822,incendio,-6.9588,-76.1095
34823,incendio,-6.6297,-76.142
34828,incendio,-5.9077,-76.2497
34832,no_incendio,-5.423715260330031,-75.80260147002005
34846,no_incendio,-5.49005851410074,-77.39191865885853
34852,no_incendio,-7.456346722108078,-76.20342873895703
34862,no_incendio,-6.201637039608355,-76.63859765076462
34863,incendio,-6.7419,-77.3794
34866,incendio,-7.0941,-77.0098
34877,no_incendio,-6.693645231607011,-77.00083886723358
34879,no_incendio,-6.09276868271348,-76.00881721213455
34883,no_incendio,-5.6727531578346015,-77.41986068936593
34888,no_incendio,-5.912722919366086,-75.57827946588047
34889,incendio,-7.2433,-76.8222
34892,incendio,-6.5005,-77.4439
34895,incendio,-8.6402,-76.1337
34900,incendio,-6.9867,-76.0625
34903,incendio,-6.2955,-76.0755
34907,no_incendio,-7.449590892373755,-76.60010791486725
34917,incendio,-7.2591,-76.9168
34918,no_incendio,-6.682338881301072,-76.58990578057626
34932,no_incendio,-6.718454996800395,-75.59317309755335
34933,incendio,-7.5313,-76.6349
34937,incendio,-6.0581,-76.0533
34942,incendio,-6.1399,-75.9374
34943,no_incendio,-6.73154658128307,-77.37224800507184
34944,incendio,-7.2179,-76.0624
34946,incendio,-6.6261,-76.1205
34968,incendio,-7.5107,-76.4452
34973,incendio,-8.4501,-76.3164
34975,no_incendio,-6.146020638711784,-75.61071933850509
34977,incendio,-5.6918,-76.6048
34980,incendio,-8.5907,-75.5141
34981,incendio,-7.0607,-76.3194
34990,no_incendio,-5.594721982840302,-76.73250330554579
35000,no_incendio,-6.072304927752775,-76.77556503555117
35001,no_incendio,-6.140503448389999,-75.89152757203433
35002,no_incendio,-5.800663587251775,-77.2156236281296
35006,incendio,-7.2538,-76.6662
35009,incendio,-6.3667,-76.7832
35012,incendio,-6.6579,-76.6503
35014,incendio,-6.9889,-76.7472
35021,incendio,-6.1831,-75.9037
35036,incendio,-6.1387,-76.8299
35037,incendio,-6.2514,-76.6912
35039,no_incendio,-6.6015678247259215,-76.27888093028594
35041,incendio,-6.5604,-75.5594
35044,no_incendio,-7.047404652384161,-75.9921217029406
35045,no_incendio,-5.914538807022697,-77.31789261845223
35053,incendio,-7.945,-76.7183
35060,incendio,-8.4585,-77.0488
35067,incendio,-6.1829,-76.0154
35069,incendio,-7.2717,-76.7305
35074,no_incendio,-5.313659040472185,-75.7974059398213
35084,no_incendio,-5.849268078249962,-76.0787263818459
35088,no_incendio,-7.453469697832141,-77.05862654497645
35091,no_incendio,-6.058777263222519,-76.29718752856778
35093,incendio,-8.0656,-77.6504
35098,no_incendio,-6.8707527834716435,-77.1546220579287
35106,incendio,-6.0704,-76.3022
35108,incendio,-7.1015,-76.2614
35111,no_incendio,-7.192676000546934,-77.13476748134192
35112,no_incendio,-7.3696210271809495,-77.38982645969485
35113,incendio,-6.0446,-76.7996
35114,no_incendio,-7.1439208952470965,-77.38092521559295
35116,incendio,-7.6538,-76.4805
35122,incendio,-7.3412,-76.2563
35126,no_incendio,-6.727424984115921,-76.66756072308013
35131,incendio,-6.5651,-75.5731
35146,incendio,-7.8978,-75.5466
35148,no_incendio,-5.957368180282539,-76.7498768526133
35149,incendio,-7.4989,-76.5346
35160,incendio,-5.317,-76.2973
35164,no_incendio,-5.6492373233613264,-76.13173612706044
35166,incendio,-8.0227,-77.637
35167,incendio,-7.1599,-76.1243
35170,incendio,-8.5963,-76.4268
35178,no_incendio,-6.845471207648621,-76.36886322454563
35183,incendio,-7.9565,-77.7835
35186,incendio,-5.8262,-77.0436
35188,no_incendio,-6.371807438398121,-75.97041325819922
35200,incendio,-7.5581,-76.5315
35215,incendio,-8.6102,-77.7001
35217,no_incendio,-7.587607803168267,-76.02144455271655
35219,incendio,-6.0035,-76.144
35226,no_incendio,-5.452511328645989,-77.32229773796371
35230,incendio,-7.1028,-76.9055
35238,no_incendio,-5.326931537697329,-77.25175106818679
35239,no_incendio,-6.57344451362061,-75.98407882587051
35251,no_incendio,-6.555810705714814,-75.58765246403257
35255,no_incendio,-5.4225864404931166,-77.44996456310464
35260,incendio,-7.3859,-76.5622
35269,incendio,-7.2238,-76.8355
35271,incendio,-8.1919,-76.5179
35276,incendio,-6.8141,-76.8937
35278,no_incendio,-6.280736017034457,-77.25827537518386
35284,incendio,-5.7994,-77.3752
35295,no_incendio,-5.924961209990417,-76.10848373564305
35297,incendio,-5.7428,-75.9037
35298,no_incendio,-7.0805818707385395,-75.71658427890108
35299,no_incendio,-5.508214763979514,-75.68261084884283
35310,incendio,-6.9547,-76.7807
35313,incendio,-8.4663,-77.7503
35319,incendio,-5.52,-76.5392
35321,no_incendio,-5.7038552844593475,-76.24937639790886
35338,incendio,-6.9273,-76.1905
35340,incendio,-6.5711,-77.3723
35342,no_incendio,-6.3329466141875885,-76.41659059459474
35343,incendio,-7.6668,-76.5235
35349,no_incendio,-6.0258388422724725,-75.8823418796658
35351,no_incendio,-7.140032609231243,-75.65901239539657
35357,incendio,-6.6438,-77.7839
35360,incendio,-7.2508,-76.387
35370,no_incendio,-6.308716369141198,-75.7579038479895
35372,no_incendio,-7.495613592310532,-75.66310159178755
35379,no_incendio,-5.880337682080549,-76.27434878275604
35386,incendio,-8.1994,-76.5107
35390,incendio,-5.9575,-76.29
35392,incendio,-5.8802,-76.3785
35393,no_incendio,-5.337639267388661,-76.79635411817596
35397,incendio,-6.6241,-77.4176
35402,no_incendio,-5.585507984340333,-75.53590045517545
35406,no_incendio,-7.200090625449649,-75.973583692229
35409,incendio,-8.655,-76.2776
35411,no_incendio,-7.5842496329608995,-75.57404179177915
35412,incendio,-5.6857,-77.4262
35423,incendio,-6.8403,-76.8162
35424,incendio,-8.4222,-76.4038
35425,incendio,-6.1713,-75.9968
35426,incendio,-8.5258,-76.3703
35437,incendio,-7.7531,-76.7013
35440,incendio,-6.8769,-76.6094
35441,no_incendio,-6.796203634232174,-76.09988946489548
35444,incendio,-7.0999,-76.3218
35445,no_incendio,-6.535140869924569,-76.94972010352429
35446,incendio,-6.3079,-76.0343
35450,no_incendio,-6.619624267411062,-76.13638528205797
35453,no_incendio,-6.6817259124413635,-75.77879648666988
35454,incendio,-8.015,-76.662
35458,no_incendio,-7.010465391222765,-75.64374453725225
35463,no_incendio,-6.902373213948052,-75.80243684170989
35474,incendio,-5.9407,-77.3035
35480,incendio,-7.997,-77.7451
35482,incendio,-7.0583,-76.8749
35483,incendio,-6.7129,-76.8778
35490,incendio,-8.1893,-77.3513
35494,incendio,-7.1075,-76.0816
35495,incendio,-7.0406,-77.6131
35496,no_incendio,-6.470418869700618,-75.97609551794216
35498,incendio,-7.2714,-76.3522
35503,no_incendio,-6.154726709997222,-75.55076367684507
35508,no_incendio,-5.508797884476139,-76.57706115239465
35519,incendio,-5.8922,-76.1187
35521,no_incendio,-7.208517788052751,-77.27726682011853
35524,no_incendio,-6.1574013412773905,-75.50582251676065
35529,incendio,-6.7857,-76.7958
35543,incendio,-5.8317,-77.3225
35549,no_incendio,-6.378109031712068,-77.46383288322517
35557,no_incendio,-7.566170057674632,-77.33420456007225
35570,no_incendio,-6.227801736418022,-76.3562846673644
35571,no_incendio,-6.217977569363936,-76.69976022852224
35580,no_incendio,-7.567624123602405,-76.60964562111504
35585,incendio,-8.1961,-77.2761
35587,no_incendio,-7.287912531535466,-77.51954103984086
35591,no_incendio,-7.205543641449294,-77.21195261449198
35593,no_incendio,-6.085395301603299,-77.1099567906179
35600,incendio,-7.1806,-77.083
35602,incendio,-7.691,-76.5229
35604,no_incendio,-5.5369399299131885,-77.31171501653961
35606,no_incendio,-7.15542529777246,-76.2489354268892
35608,no_incendio,-7.149817793244048,-76.68995380242758
35610,incendio,-6.2382,-75.8589
35613,incendio,-6.922,-76.8994
35614,no_incendio,-7.140032609231243,-75.65901239539657
35616,incendio,-8.553,-76.1272
35626,incendio,-6.9062,-76.7778
35627,incendio,-7.2969,-76.659
35628,incendio,-8.0642,-77.4854
35634,incendio,-6.9378,-76.9601
35640,no_incendio,-6.701934945529236,-77.46493186657752
35650,incendio,-6.9598,-76.4804
35664,no_incendio,-6.1592934714330285,-77.34475903708392
35666,incendio,-5.9011,-76.2769
35668,incendio,-5.8963,-76.1216
35674,no_incendio,-5.70993701267222,-76.39276259470975
35680,incendio,-6.6129,-76.4952
35688,incendio,-5.8198,-76.5285
35692,no_incendio,-6.572656774954891,-77.3264854349528
35694,incendio,-5.3131,-76.3255
35695,incendio,-6.6961,-76.8747
35712,incendio,-6.2012,-76.8543
35713,incendio,-6.7352,-77.5047
35715,no_incendio,-5.366717879182793,-77.42895783976188
35720,incendio,-7.181,-76.695
35721,incendio,-7.5322,-76.2134
35722,no_incendio,-6.794519962222771,-76.90986347869215
35727,no_incendio,-7.124526948992974,-75.69099174784184
35728,no_incendio,-6.736884280770205,-76.9775738185435
35733,incendio,-6.2272,-76.1932
35736,no_incendio,-6.324514222860181,-76.89947276475436
35740,no_incendio,-6.660380391800162,-76.4974881056194
35741,incendio,-8.434,-76.4887
35751,incendio,-6.8615,-76.6071
35760,no_incendio,-5.499026820005837,-76.49182741826273
35761,incendio,-6.2072,-77.7945
35766,incendio,-7.7008,-76.5009
35779,no_incendio,-5.561294814825637,-75.74902836133377
35780,incendio,-6.4922,-76.3566
35785,no_incendio,-5.356529850556848,-75.70252244587886
35794,incendio,-6.2155,-75.9015
35798,incendio,-6.3554,-76.6502
35799,no_incendio,-5.519172911219698,-76.89133916809088
35802,incendio,-7.6189,-76.6222
35805,no_incendio,-6.072007171578419,-77.37389388906047
35811,no_incendio,-6.925307344468632,-76.89098262738764
35813,no_incendio,-5.432151669995419,-76.79050654078505
35814,incendio,-7.2454,-76.9268
35827,no_incendio,-6.298521477567302,-76.20182358446478
35829,incendio,-7.5929,-76.3129
35830,incendio,-8.2854,-77.169
35832,no_incendio,-6.654532009707288,-75.5305999621871
35845,incendio,-8.6048,-76.656
35852,no_incendio,-5.84380402008071,-75.92947605096468
35862,no_incendio,-6.925968124096388,-76.49295779349347
35864,incendio,-7.5057,-76.5505
35868,incendio,-8.6193,-76.6995
35874,incendio,-5.8338,-76.2318
35875,no_incendio,-5.670265351646696,-76.15936780244608
35891,no_incendio,-5.7595902055188795,-75.77924853201874
35896,no_incendio,-7.502845115494379,-76.45758833661111
35901,no_incendio,-6.060981828013205,-76.61589601950963
35909,no_incendio,-7.225414461549882,-75.6877528609351
35923,incendio,-8.2989,-76.4388
35924,no_incendio,-5.734596234605278,-76.54404736792905
35940,incendio,-6.8064,-76.6448
35947,incendio,-6.5378,-76.7658
35957,no_incendio,-6.249559347527708,-77.38514191347497
35966,no_incendio,-6.7893125147185724,-75.8130856477531
35969,incendio,-8.4315,-76.3205
35971,no_incendio,-5.62776239327014,-77.48408133634722
35981,no_incendio,-5.399931671320056,-76.85182529389765
35985,incendio,-8.7383,-76.2802
35986,no_incendio,-5.485150772179796,-77.0821813016382
35987,incendio,-6.045,-76.3267
35989,incendio,-7.8885,-76.7858
35993,no_incendio,-5.5683966845979995,-76.81768428751661
35998,no_incendio,-5.339033958369073,-76.08006911213882
36006,no_incendio,-6.2585048621667685,-76.21326265306386
36012,incendio,-7.1117,-76.4612
36019,incendio,-7.3033,-76.2156
36021,no_incendio,-6.260382263964365,-75.66215989353373
36022,no_incendio,-6.6675087326032685,-77.42602403570756
36023,incendio,-6.4635,-76.7202
36034,no_incendio,-6.9338065388714725,-77.51645275784907
36038,no_incendio,-7.145399618003832,-77.00792044464232
36040,incendio,-7.1346,-76.9661
36041,no_incendio,-6.1419091354730675,-76.8668930112328
36042,no_incendio,-6.0854129819425,-76.79698741171129
36052,incendio,-5.9448,-76.4602
36054,incendio,-7.6195,-76.4615
36057,no_incendio,-6.534406684076978,-76.00352237296187
36059,no_incendio,-7.464233169627815,-76.3089508607516
36076,incendio,-6.5815,-76.2444
36085,no_incendio,-5.733420898400664,-76.62615488951488
36091,no_incendio,-6.032904107983954,-75.67491532543472
36092,no_incendio,-5.846363398738161,-76.40526766705626
36095,incendio,-5.751,-77.418
36100,incendio,-7.4051,-76.573
36105,incendio,-7.0888,-76.6908
36106,incendio,-7.1219,-76.7215
36109,no_incendio,-6.188812026219859,-77.47999723724293
36115,no_incendio,-5.77315746853071,-76.36797107270804
36118,no_incendio,-6.490313670780922,-77.14126313613109
36123,no_incendio,-6.0254636524537775,-76.26070791675792
36124,no_incendio,-6.269534585822517,-75.67595662762268
36128,no_incendio,-7.320681720418793,-75.65489361084256
36139,incendio,-8.7712,-76.1665
36142,incendio,-6.4683,-75.766
36150,incendio,-6.6037,-76.1095
36153,no_incendio,-7.435831173510197,-75.54194628189995
36154,incendio,-7.4092,-76.6899
36159,no_incendio,-5.796164972487043,-76.72449599512143
36161,no_incendio,-6.542256231887758,-76.22236926601508
36171,incendio,-7.4097,-76.8349
36173,no_incendio,-6.242683257012905,-77.09272695265327
36186,incendio,-5.9713,-76.4653
36187,incendio,-6.6536,-77.3728
36190,incendio,-6.9905,-76.3637
36202,no_incendio,-6.573769592537256,-76.02367805737546
36205,no_incendio,-5.809070578757959,-75.92077418660742
36221,no_incendio,-6.3480305531769075,-76.22097710185248
36231,incendio,-7.4104,-76.6892
36234,incendio,-8.6928,-76.2815
36244,no_incendio,-5.815206419164588,-75.9840705047973
36249,incendio,-6.1354,-76.0009
36256,incendio,-5.8383,-77.052
36262,incendio,-6.6178,-76.245
36263,incendio,-5.7336,-77.3827
36277,no_incendio,-7.170939960227023,-77.03314171561348
36283,incendio,-7.5735,-76.7323
36284,no_incendio,-7.44968802750322,-77.23116283334409
36294,incendio,-6.0418,-75.8253
36295,incendio,-8.4949,-76.34
36299,no_incendio,-6.91975600968376,-77.05871610020544
36305,no_incendio,-5.46295343513328,-75.95414593487065
36312,incendio,-7.4212,-76.6911
36313,incendio,-7.2489,-76.4108
36318,incendio,-6.6933,-76.8828
36320,no_incendio,-6.344517536741018,-75.98404289972582
36321,no_incendio,-7.486384119244431,-77.33522717320785
36325,no_incendio,-6.6832264067033,-77.40030797685029
36329,no_incendio,-6.668367539707479,-76.62706733832843
36330,incendio,-8.7877,-76.1441
36331,incendio,-8.6266,-76.5995
36333,incendio,-5.9276,-77.0343
36343,incendio,-6.4319,-76.617
36344,no_incendio,-5.337639267388661,-76.79635411817596
36345,no_incendio,-7.584063938890335,-77.08532363724217
36346,incendio,-7.5992,-76.8264
36353,no_incendio,-6.428027041919373,-76.62475957936073
36355,no_incendio,-5.317490731831781,-77.05291423448321
36371,incendio,-6.7655,-76.712
36374,no_incendio,-7.562840840503951,-75.66286053205432
36378,no_incendio,-6.856075969534185,-77.29214790303075
36379,no_incendio,-5.691703950902071,-76.93733770607169
36387,no_incendio,-6.452984723571151,-76.97534564539009
36402,incendio,-6.7778,-76.8569
36404,incendio,-7.4264,-76.5919
36408,no_incendio,-6.979813600777688,-77.48470455898823
36409,no_incendio,-6.092332930769818,-77.53250095731846
36410,no_incendio,-6.811703020411863,-76.53234904826876
36411,no_incendio,-7.186570265010596,-75.84461863050306
36416,incendio,-6.1205,-77.1202
36417,no_incendio,-7.443277568920015,-75.95948688269024
36418,incendio,-6.5607,-76.5592
36421,incendio,-6.8257,-77.7746
36423,incendio,-7.6215,-76.4812
36437,incendio,-7.5392,-76.4557
36442,incendio,-6.7615,-76.6877
36444,no_incendio,-6.672836316039594,-77.21035813191263
36453,no_incendio,-6.518152554514016,-75.5195810155841
36459,incendio,-5.9889,-76.1894
36460,incendio,-6.2018,-75.8711
36464,no_incendio,-7.189575486518889,-75.71595612356288
36467,incendio,-6.7999,-76.5661
36481,incendio,-7.6843,-76.8081
36485,no_incendio,-5.356858559279738,-76.9184573866197
36500,incendio,-7.6103,-76.5341
36502,no_incendio,-5.630317607867646,-76.28664530211917
36506,no_incendio,-5.906233795105334,-77.12857966060585
36523,incendio,-7.6865,-76.5482
36525,no_incendio,-6.887017706594157,-77.30533643415299
36542,no_incendio,-6.66782718852246,-77.11974959426693
36552,no_incendio,-6.733687512476174,-75.74855689788478
36553,incendio,-6.6048,-76.788
36566,incendio,-7.2319,-76.2651
36567,incendio,-7.1228,-76.8912
36572,incendio,-7.2794,-76.5867
36577,no_incendio,-6.416369783766856,-77.46099434503463
36582,no_incendio,-6.590197592397879,-75.98025100323518
36586,no_incendio,-6.6588540055381635,-76.3643446123623
36592,incendio,-5.8698,-77.1515
36596,incendio,-7.3159,-76.7279
36600,incendio,-5.7862,-76.3765
36608,no_incendio,-5.3928610006268665,-76.95098681919762
36621,incendio,-8.4468,-76.4014
36623,incendio,-6.2719,-75.8703
36643,incendio,-6.9497,-76.6727
36645,no_incendio,-6.152311336764004,-75.83217280220295
36647,no_incendio,-5.91369294253363,-76.91673941934057
36651,incendio,-6.79,-76.7173
36671,incendio,-7.4819,-77.6732
36673,incendio,-6.3536,-76.571
36678,no_incendio,-5.914538807022697,-77.31789261845223
36679,incendio,-6.1631,-76.0266
36680,no_incendio,-6.038741337094879,-76.35768470937417
36686,incendio,-7.1557,-76.2782
36689,no_incendio,-7.599305325314794,-77.49293854173405
36692,incendio,-5.8394,-76.2057
36697,no_incendio,-6.446499470618798,-75.63834110129498
36698,incendio,-7.3724,-76.912
36699,incendio,-5.8864,-75.8503
36704,no_incendio,-5.968086685454471,-75.87697296740079
36706,no_incendio,-6.9821795229188215,-77.4814837765738
36718,incendio,-6.1412,-77.0996
36722,no_incendio,-6.775573791793621,-76.68783581514383
36725,no_incendio,-5.775752820945428,-75.77309666724678
36733,incendio,-6.6341,-76.2518
36734,no_incendio,-6.973589775192491,-76.04891772252947
36736,incendio,-7.085,-76.8882
36737,no_incendio,-5.871232465142917,-76.52596915622884
36738,incendio,-5.6914,-77.4826
36746,incendio,-5.7193,-77.4647
36747,no_incendio,-6.5564240987934905,-76.79797957202473
36749,no_incendio,-7.265246187084699,-76.5857245979165
36753,incendio,-5.6944,-77.2517
36755,no_incendio,-6.000913642665956,-77.14500157376662
36761,no_incendio,-7.257884674103633,-77.06798922780067
36768,no_incendio,-6.534490116560807,-77.3216477782519
36769,no_incendio,-6.401346340178114,-76.49303730580321
36776,no_incendio,-6.026471909112164,-76.38280873739679
36778,no_incendio,-6.379088211182336,-76.71938803765185
36789,incendio,-7.2651,-76.3568
36790,incendio,-5.7651,-77.163
36798,no_incendio,-6.23470396402255,-76.94332145347941
36799,no_incendio,-6.4801322599112625,-76.35066566523574
36804,no_incendio,-6.420856851462068,-76.77933512635609
36805,incendio,-6.3981,-75.8276
36806,no_incendio,-6.582091817267395,-76.23218587319789
36814,incendio,-6.6442,-76.2691
36816,incendio,-5.9393,-76.2152
36817,no_incendio,-7.342552043846658,-77.45073212658029
36824,incendio,-7.2199,-76.3868
36826,no_incendio,-5.399995483023551,-76.68244565675566
36827,no_incendio,-6.931054749326789,-77.2760800084336
36828,incendio,-6.675,-76.4676
36836,incendio,-5.4388,-76.8102
36841,no_incendio,-5.31562173519542,-75.64368786803017
36844,no_incendio,-7.5602051599285085,-75.8478334293768
36848,no_incendio,-6.918732727057085,-75.61509017346891
36850,incendio,-6.1563,-76.191
36854,no_incendio,-5.5463833686959125,-76.92476001499328
36858,no_incendio,-7.500619459820059,-77.36318050509186
36869,incendio,-6.9961,-76.895
36877,incendio,-5.7558,-76.3592
36887,incendio,-5.8997,-76.1141
36888,no_incendio,-6.199486560201427,-77.4221153051421
36898,no_incendio,-5.326931537697329,-77.25175106818679
36899,incendio,-8.5672,-76.4027
36902,no_incendio,-6.219703521684984,-76.92758051251145
36903,incendio,-6.0726,-76.8047
36904,no_incendio,-7.518549043794622,-77.46918278069812
36907,incendio,-7.2177,-76.3033
36909,no_incendio,-7.37285257220338,-75.85397128431137
36917,no_incendio,-6.049779266057276,-75.95295045421427
36921,no_incendio,-7.5990878129892385,-76.01433706050479
36926,incendio,-5.7076,-76.3171
36930,incendio,-6.1748,-76.1588
36931,incendio,-5.7996,-76.4797
36935,incendio,-6.198,-75.901
36936,incendio,-5.734,-75.8031
36942,no_incendio,-5.384324497906241,-76.81955746951022
36946,incendio,-7.5194,-76.5079
36947,incendio,-8.6136,-76.6319
36949,no_incendio,-6.329066895240967,-77.1289458150613
36956,no_incendio,-6.904881762702534,-76.7933688252739
36960,incendio,-8.7032,-77.2905
36963,incendio,-5.7033,-76.4575
36975,incendio,-8.3585,-76.2486
36976,no_incendio,-6.777339583024972,-77.16983093641421
36984,incendio,-7.4345,-76.6936
36991,no_incendio,-5.7038552844593475,-76.24937639790886
36992,incendio,-6.2653,-75.9328
36994,incendio,-7.1597,-76.2728
36996,no_incendio,-6.199486560201427,-77.4221153051421
36999,incendio,-7.0907,-76.4338
37009,incendio,-6.6935,-76.7027
37017,no_incendio,-5.348479960720765,-76.73008143184053
37021,incendio,-7.3231,-76.2371
37041,no_incendio,-6.143493830692505,-76.5408916216836
37042,incendio,-8.6099,-76.596
37048,incendio,-6.6556,-76.7373
37049,no_incendio,-5.702153316153597,-75.54463550563808
37050,no_incendio,-7.3383676381877665,-77.39694154174633
37061,incendio,-5.9357,-75.762
37075,no_incendio,-7.217736549985553,-75.80888423805258
37077,no_incendio,-5.816654172707197,-76.80576866107786
37085,incendio,-7.4163,-76.3155
37087,no_incendio,-5.576377400601263,-76.00886183713747
37089,incendio,-6.9779,-76.1961
37090,incendio,-7.26,-76.6288
37096,incendio,-6.7837,-76.5065
37102,incendio,-5.7301,-76.4174
37106,no_incendio,-6.7663153524803406,-76.63107432313332
37109,incendio,-7.0926,-76.2975
37115,no_incendio,-5.661805796480656,-77.53514186743837
37123,incendio,-6.5065,-75.7263
37126,incendio,-8.5631,-76.1392
37130,incendio,-5.9713,-75.7829
37142,no_incendio,-7.1632098636724635,-76.89550285392816
37143,incendio,-5.3224,-76.4598
37147,incendio,-5.5633,-76.2267
37152,incendio,-7.3104,-76.149
37153,no_incendio,-7.487565239153625,-77.31329030244564
37155,incendio,-7.1878,-76.9126
37161,no_incendio,-7.035841915821634,-75.83999881146985
37165,incendio,-7.496,-76.5184
37167,incendio,-6.6523,-77.4817
37172,no_incendio,-5.453647317604843,-76.59202254288773
37178,incendio,-7.2377,-76.4915
37180,incendio,-7.1308,-76.9521
37187,incendio,-5.6975,-77.3056
37190,no_incendio,-7.157163278516986,-76.9354632282693
37200,incendio,-7.3289,-76.2163
37202,no_incendio,-6.325765977825784,-76.5205147871752
37211,incendio,-7.3686,-76.0459
37215,no_incendio,-7.174304209114396,-76.54277799438324
37216,incendio,-5.8439,-76.2536
37222,incendio,-5.8033,-77.1276
37224,no_incendio,-5.8568748352763045,-75.92620225226696
37230,no_incendio,-5.701666858501454,-75.71059369687181
37239,incendio,-7.1413,-76.7615
37240,incendio,-7.0599,-76.3029
37242,incendio,-7.4518,-76.5328
37243,no_incendio,-5.987623594847527,-77.50895445827787
37248,incendio,-6.768,-76.4419
37250,incendio,-6.4704,-77.4162
37252,incendio,-7.5549,-76.4185
37256,incendio,-5.5963,-76.6571
37262,incendio,-7.0146,-76.3713
37268,no_incendio,-5.903474320242092,-76.01426601897917
37271,incendio,-7.0777,-76.1023
37275,incendio,-7.3134,-75.5417
37279,incendio,-6.5085,-75.7083
37284,incendio,-5.9148,-76.2411
37290,incendio,-6.4735,-76.4992
37297,no_incendio,-5.906320557671209,-76.16456069117528
37304,no_incendio,-6.360887636963093,-77.10755017823716
37311,incendio,-6.1188,-75.9684
37324,incendio,-8.0973,-76.7275
37328,incendio,-7.1028,-76.5561
37333,no_incendio,-7.019065477801208,-77.45420422372614
37336,incendio,-7.2994,-76.6214
37351,incendio,-7.106,-76.514
37352,no_incendio,-5.886501214348173,-76.17373588365827
37362,no_incendio,-7.1986605231137615,-75.6034460383668
37371,no_incendio,-7.465533747712335,-76.59823786268794
37375,no_incendio,-6.231532660134269,-77.43051392350198
37376,no_incendio,-6.490391135640375,-76.20592887580928
37381,no_incendio,-6.1476999130544865,-77.34007485362595
37382,incendio,-6.067,-76.321
37383,incendio,-7.2107,-76.3185
37385,incendio,-7.1197,-76.7498
37387,incendio,-6.402,-76.0051
37390,no_incendio,-7.419812910820906,-75.99406148062167
37395,no_incendio,-7.294379319518731,-75.60933586901135
37397,incendio,-6.7301,-76.8688
37402,no_incendio,-6.673178207902485,-77.4048318758823
37407,no_incendio,-6.677611980748083,-76.03936616222926
37423,no_incendio,-6.114055843904405,-76.8762470067621
37424,no_incendio,-5.397648721010737,-76.34314573163867
37425,no_incendio,-6.568678711242536,-76.46161690496696
37427,incendio,-6.6563,-76.4457
37433,incendio,-6.741,-76.2192
37439,no_incendio,-5.60683404112794,-77.27867668965091
37446,no_incendio,-7.357911846364595,-77.10667831143273
37448,incendio,-6.01,-76.9761
37451,no_incendio,-6.595664608523966,-76.01000352249223
37453,no_incendio,-6.662875308176205,-76.42972525647028
37467,incendio,-5.6398,-76.6413
37468,no_incendio,-6.447996016247126,-77.41234607167007
37480,no_incendio,-7.18387555277713,-76.55534207208011
37482,incendio,-7.5189,-76.5044
37486,no_incendio,-5.555763303802058,-77.3394188883658
37497,no_incendio,-6.468598557394471,-76.29833017428093
37502,incendio,-7.2919,-76.0898
37503,no_incendio,-7.414688922024766,-76.2476866383002
37508,no_incendio,-6.043030962073811,-76.47604236953148
37512,incendio,-5.8967,-76.1286
37514,no_incendio,-7.515965442835577,-76.10519225526392
37520,incendio,-6.8385,-76.6699
37522,incendio,-7.2526,-76.0752
37526,incendio,-7.2481,-76.0905
37537,no_incendio,-5.369370124540203,-77.53041632467286
37539,no_incendio,-6.389779130193391,-75.62410167318251
37542,no_incendio,-6.677016361068433,-76.35596462138518
37544,incendio,-8.6662,-76.1173
37555,incendio,-7.0735,-76.0968
37567,no_incendio,-5.911980434774437,-76.07407858450021
37569,no_incendio,-6.541834413903653,-76.37649272286701
37571,incendio,-5.8259,-75.954
37574,no_incendio,-6.04175420458928,-75.6154818462728
37579,incendio,-6.3075,-76.0607
37580,incendio,-7.3503,-77.6456
37588,no_incendio,-5.621781873154133,-75.59201486751932
37592,incendio,-6.5923,-75.6973
37596,no_incendio,-6.434453669791493,-76.35359643649942
37598,incendio,-7.3898,-77.563
37627,incendio,-6.8251,-76.677
37633,no_incendio,-7.093257969486561,-77.25013940551041
37644,no_incendio,-7.371245045330094,-75.50611802563874
37647,incendio,-8.2602,-77.6833
37652,no_incendio,-5.4594648172134,-76.99328701051057
37659,no_incendio,-7.333099866422779,-76.76927186063874
37663,no_incendio,-7.301995634610949,-77.3052348248029
37665,no_incendio,-7.324938939394847,-75.95193264911674
37671,no_incendio,-6.1849308797193405,-77.44943428599332
37672,no_incendio,-7.163128957992517,-77.33946379317482
37673,no_incendio,-7.275276678539276,-76.76197872211165
37675,incendio,-8.4024,-76.4003
37695,no_incendio,-6.397916753583541,-76.88339705526924
37698,incendio,-6.3654,-75.8713
37702,incendio,-6.0035,-76.4751
37703,no_incendio,-7.351997452668049,-75.86863921087647
37705,incendio,-7.1914,-76.379
37707,no_incendio,-7.279070011168152,-76.78517622564465
37709,no_incendio,-7.241496994972613,-76.72736472676876
37714,incendio,-7.3238,-76.0462
37718,incendio,-7.4566,-76.5884
37720,incendio,-8.1904,-76.5261
37722,no_incendio,-5.374689655955711,-76.01901794140703
37731,no_incendio,-7.039130739844732,-76.9845059621587
37736,incendio,-7.4145,-76.6407
37740,no_incendio,-5.384324497906241,-76.81955746951022
37741,no_incendio,-7.453299052251447,-77.18508562471676
37746,no_incendio,-5.383873829587698,-76.64670803155255
37750,incendio,-7.0227,-76.1923
37751,no_incendio,-5.987623594847527,-77.50895445827787
37752,no_incendio,-7.397102442990121,-76.86665660281676
37758,incendio,-8.6634,-77.0286
37760,no_incendio,-6.6817259124413635,-75.77879648666988
37761,incendio,-7.0379,-76.7566
37766,no_incendio,-6.896612666946929,-75.75338049940235
37770,no_incendio,-5.5991267561849085,-77.36649343618953
37771,no_incendio,-5.901388111394365,-75.87645660870008
37781,incendio,-8.01,-76.743
37783,incendio,-5.8069,-76.151
37784,no_incendio,-5.586947404667705,-76.96796502244129
37788,incendio,-8.4188,-76.2397
37789,incendio,-5.7946,-76.4679
37793,no_incendio,-6.914205717609276,-76.21644962030662
37797,incendio,-7.9472,-77.4185
37801,incendio,-7.373,-76.0589
37804,no_incendio,-7.018008177576882,-76.454782910503
37813,incendio,-6.8082,-76.9762
37815,no_incendio,-5.65675190083822,-76.2124000269003
37817,incendio,-8.1919,-76.5147
37830,incendio,-7.5665,-76.6311
37837,incendio,-7.136,-76.8531
37840,no_incendio,-6.385759143148429,-76.5709354755892
37842,no_incendio,-6.428027041919373,-76.62475957936073
37843,no_incendio,-6.061848479102238,-75.8084457666632
37846,incendio,-7.3657,-76.568
37853,incendio,-8.4396,-76.2633
37858,no_incendio,-5.577290052521281,-76.32966434490925
37863,no_incendio,-6.742426821485937,-75.840077033376
37870,no_incendio,-6.0636997194620585,-76.98817967024722
37901,no_incendio,-6.871712261045699,-76.6810612935972
37903,no_incendio,-6.376726836973272,-77.35752912688064
37905,incendio,-5.7629,-75.9322
37906,no_incendio,-6.775273971062121,-75.98057201727346
37908,no_incendio,-7.241586175081285,-75.60658029783822
37911,no_incendio,-5.487710562433828,-76.3714568595569
37912,no_incendio,-5.936332555331325,-76.83179580754164
37915,no_incendio,-5.733319617679441,-76.17295841826885
37930,incendio,-5.9571,-76.326
37931,incendio,-6.9468,-76.5562
37941,incendio,-6.0086,-75.7476
37943,no_incendio,-6.1592934714330285,-77.34475903708392
37944,no_incendio,-6.781601843650596,-77.34861421933648
37946,no_incendio,-5.809070578757959,-75.92077418660742
37948,incendio,-6.0207,-76.2572
37952,no_incendio,-7.369405359299169,-75.53775524923043
37955,no_incendio,-5.300946297144839,-75.60535100286195
37960,no_incendio,-7.532869703153675,-75.62377754135032
37961,no_incendio,-6.024896527341603,-76.2922888028806
37962,incendio,-7.075,-76.3222
37966,incendio,-6.5452,-76.5034
37969,incendio,-8.3913,-76.2889
37973,no_incendio,-6.02476499373588,-76.99393636521953
37979,no_incendio,-5.423352355280385,-75.9768451523196
37980,incendio,-5.3379,-76.4426
37985,no_incendio,-7.287912531535466,-77.51954103984086
37990,incendio,-6.6931,-76.6017
37996,incendio,-8.1791,-76.9555
38006,no_incendio,-6.22948269148436,-77.46060172999928
38011,no_incendio,-5.5896376031918615,-76.35252920094948
38022,no_incendio,-5.9638581047952375,-75.97775046224217
38023,no_incendio,-6.1029066882194485,-77.35334666324442
38031,incendio,-6.9091,-76.6645
38036,incendio,-6.218,-76.2097
38040,no_incendio,-5.323979357908248,-75.76496426046252
38043,no_incendio,-6.322518329995495,-75.91309952295535
38048,incendio,-6.1536,-76.938
38050,incendio,-7.1484,-76.4741
38051,no_incendio,-6.242683257012905,-77.09272695265327
38063,no_incendio,-5.991245342520768,-75.64023187612118
38066,no_incendio,-5.4433732153340495,-76.71634375535739
38069,no_incendio,-6.049219022458795,-76.2803636866073
38073,incendio,-6.8818,-76.5804
38081,incendio,-6.2363,-76.1404
38083,no_incendio,-6.089075896633828,-77.11331132604498
38084,no_incendio,-5.721753234372427,-77.04300744557013
38086,incendio,-8.7069,-76.1191
38088,incendio,-8.6651,-76.4028
38096,incendio,-8.0756,-76.5074
38097,incendio,-7.0238,-76.1078
38103,no_incendio,-5.6011690570737915,-76.70090683859456
38104,incendio,-6.6519,-76.5237
38115,incendio,-7.1081,-76.6045
38116,incendio,-7.6521,-76.6661
38118,no_incendio,-6.842130861811311,-76.61529209965812
38120,incendio,-8.3048,-76.4083
38122,no_incendio,-7.128591277381194,-76.12302141097119
38123,incendio,-8.6716,-76.4669
38138,no_incendio,-6.189738223688629,-76.63044449970681
38139,incendio,-6.2031,-75.8972
38140,incendio,-6.7776,-76.6213
38142,no_incendio,-6.271888529403575,-75.79765684657775
38144,incendio,-7.2662,-76.6989
38146,no_incendio,-7.5389429366733145,-76.3612819242991
38156,incendio,-5.9204,-77.3632
38161,incendio,-6.0604,-76.4352
38173,no_incendio,-6.7738595150234,-76.75356063625604
38176,no_incendio,-6.143493830692505,-76.5408916216836
38177,incendio,-7.2902,-76.263
38182,incendio,-7.0011,-76.2981
38186,incendio,-7.3572,-76.6242
38189,incendio,-5.9553,-76.2966
38192,incendio,-6.6395,-77.3975
38194,incendio,-7.6203,-76.4111
38197,no_incendio,-7.126628531945264,-77.1694503862003
38205,no_incendio,-5.531494331119256,-75.68693972870032
38224,incendio,-8.4582,-76.3686
38225,no_incendio,-7.352637322565051,-76.5869966012663
38235,incendio,-5.995,-76.1844
38236,no_incendio,-5.925744830854394,-76.62635370808266
38239,no_incendio,-7.3410523515382815,-75.74468831903654
38242,no_incendio,-5.4868610147355525,-76.76095607597574
38245,no_incendio,-5.804524856259989,-75.90921910305015
38246,no_incendio,-6.181570378698443,-77.2403974842685
38247,incendio,-6.6147,-76.1289
38250,no_incendio,-5.974627825335505,-76.8393257597771
38251,no_incendio,-5.309022549050947,-77.11989827113337
38256,incendio,-8.1807,-75.6494
38257,incendio,-5.9692,-75.8055
38258,no_incendio,-7.366259215797565,-77.34248619041158
38265,no_incendio,-6.9335165366157545,-76.90717664275962
38268,no_incendio,-6.827947755317633,-77.24078320536096
38270,incendio,-6.7616,-76.8601
38272,incendio,-6.1917,-76.1125
38274,no_incendio,-6.22948269148436,-77.46060172999928
38279,no_incendio,-6.370500555903968,-77.21187079190732
38286,incendio,-6.9899,-76.8069
38296,incendio,-6.6715,-76.3905
38301,incendio,-7.1602,-76.5344
38304,incendio,-7.2962,-76.8482
38310,no_incendio,-6.729439652548672,-75.70864434436406
38332,no_incendio,-7.487103293775268,-76.06526148025002
38335,no_incendio,-7.179613766861715,-76.90540906634283
38341,no_incendio,-6.576004984769571,-77.51523302793387
38349,incendio,-6.8992,-76.5866
38352,no_incendio,-6.959314262350769,-76.76578066872496
38354,incendio,-7.029,-76.9794
38358,no_incendio,-6.801666192426729,-76.32704638741743
38360,no_incendio,-6.547089255129018,-76.23210818406729
38384,incendio,-8.2855,-77.5383
38391,incendio,-6.5492,-75.591
38393,incendio,-7.0998,-76.0872
38401,incendio,-6.9404,-76.7559
38402,incendio,-6.3103,-75.9182
38403,no_incendio,-7.3319918472502295,-77.32161967501251
38407,no_incendio,-5.984669195028871,-76.49551058575585
38411,no_incendio,-7.381225768944467,-76.16930082038664
38427,no_incendio,-6.189738223688629,-76.63044449970681
38428,no_incendio,-6.057689001760209,-76.31599873271878
38430,incendio,-6.8952,-76.8523
38431,incendio,-5.774,-76.2619
38433,incendio,-8.0501,-76.7837
38434,no_incendio,-5.503666402060762,-76.62944463990817
38438,no_incendio,-6.914205717609276,-76.21644962030662
38439,incendio,-7.0105,-76.3181
38441,incendio,-5.8627,-76.0148
38446,no_incendio,-5.699419411757933,-76.10583548301037
38447,no_incendio,-6.402507911708669,-75.63264270737905
38449,no_incendio,-5.562529025700048,-76.57485709284715
38450,no_incendio,-6.156444886914189,-76.11831601972577
38454,no_incendio,-6.480391966428419,-77.42730148887621
38457,no_incendio,-5.915658751464713,-77.38575524652865
38464,incendio,-8.0169,-77.5746
38471,no_incendio,-6.9422117979050695,-77.32253174388707
38472,no_incendio,-6.1419091354730675,-76.8668930112328
38475,no_incendio,-5.382352489473472,-75.95972036553705
38480,no_incendio,-6.596577810973727,-76.74231910069577
38485,incendio,-7.3824,-76.6368
38502,no_incendio,-7.377051275028038,-75.93975534182488
38506,no_incendio,-6.850119921397431,-77.18105441991001
38515,incendio,-6.6596,-76.7593
38516,no_incendio,-5.990542250974831,-75.6694532466171
38522,no_incendio,-7.430734276108154,-75.7654680106583
38526,incendio,-8.7815,-76.2969
38528,no_incendio,-7.196340031044458,-75.91360094440289
38533,no_incendio,-6.482952600752266,-75.66603340235945
38536,no_incendio,-5.426612634680184,-75.58435399600397
38541,no_incendio,-6.887626631829371,-77.285374555124
38545,no_incendio,-5.555763303802058,-77.3394188883658
38550,incendio,-6.4665,-75.7815
38551,incendio,-6.7436,-76.5832
38555,no_incendio,-6.904145543477711,-77.38998183817624
38556,no_incendio,-6.939428127223589,-76.24084236197733
38565,incendio,-7.0388,-76.4444
38568,no_incendio,-5.669827793959057,-76.76196149774505
38582,no_incendio,-6.348815001844065,-75.62878823200789
38590,incendio,-7.2876,-76.8139
38591,incendio,-8.4377,-77.373
38593,no_incendio,-6.702804238123525,-76.23415450427616
38600,incendio,-5.6666,-76.657
38601,no_incendio,-7.523779550040388,-76.57430086125386
38607,no_incendio,-6.188940721206829,-77.47268677976994
38614,incendio,-7.317,-76.1309
38615,no_incendio,-6.6966130629090745,-76.20140385770695
38622,incendio,-7.1325,-76.342
38625,no_incendio,-6.185568083950224,-76.62799796188044
38628,incendio,-5.9853,-75.8006
38629,incendio,-7.2227,-76.3417
38632,no_incendio,-5.943086820538844,-77.20310189012812
38638,incendio,-8.464,-76.3493
38643,no_incendio,-5.60552708112248,-75.63435395853432
38646,incendio,-5.9465,-77.2233
38649,no_incendio,-6.914205717609276,-76.21644962030662
38660,no_incendio,-5.998881730764309,-77.1385121318961
38671,incendio,-5.8358,-76.4797
38676,no_incendio,-6.152311336764004,-75.83217280220295
38678,no_incendio,-6.6832264067033,-77.40030797685029
38683,incendio,-8.5985,-76.5629
38687,incendio,-6.0105,-75.8599
38691,incendio,-6.1929,-76.1091
38694,no_incendio,-7.146199438472306,-75.63802434726938
38697,no_incendio,-6.493728884519305,-75.95080124431671
38698,no_incendio,-6.657913273326973,-75.55726415631119
38708,incendio,-7.1365,-76.3975
38711,no_incendio,-5.5896376031918615,-76.35252920094948
38722,incendio,-6.8707,-76.3862
38723,no_incendio,-6.2111704904516385,-77.54756377440974
38728,no_incendio,-7.06430285125658,-76.42921371383994
38734,incendio,-8.5569,-76.3289
38748,no_incendio,-6.122720954624869,-76.9879603704079
38751,incendio,-7.617,-76.4605
38762,incendio,-5.7312,-75.6771
38766,no_incendio,-7.20837922312058,-75.60173964481412
38772,incendio,-7.0408,-76.5035
38777,incendio,-7.4935,-76.4773
38778,no_incendio,-7.277740388513622,-77.219832932029
38779,incendio,-8.2114,-76.5993
38780,no_incendio,-6.681995013043076,-77.04167327046041
38787,incendio,-6.7326,-76.3574
38791,incendio,-5.8849,-77.196
38792,incendio,-5.8158,-76.456
38796,no_incendio,-6.2234750512942,-76.15839430304165
38798,incendio,-7.0919,-76.352
38807,no_incendio,-6.7375805911695155,-76.02202972540617
38813,incendio,-5.905,-76.9752
38815,no_incendio,-6.807279841790784,-75.78242302305196
38827,no_incendio,-7.45728200774953,-76.98588787498541
38828,incendio,-6.568,-76.7287
38832,no_incendio,-6.594872736761388,-76.81244710228094
38836,incendio,-7.3409,-76.0468
38838,incendio,-8.6223,-76.5798
38846,no_incendio,-6.400727870765625,-77.48420741846027
38851,incendio,-6.6653,-76.6446
38853,incendio,-5.9003,-76.1084
38855,no_incendio,-5.364143829036743,-76.95415482559467
38860,incendio,-6.4994,-75.6479
38863,incendio,-5.4188,-76.6129
38865,incendio,-6.7386,-76.8805
38867,incendio,-5.7207,-77.4608
38871,no_incendio,-6.252480366224789,-76.488140203218
38879,no_incendio,-6.7528370184185675,-75.79463738047077
38883,incendio,-6.7965,-76.4722
38884,no_incendio,-5.895182538120526,-75.8931392626539
38888,incendio,-7.8153,-77.559
38890,no_incendio,-7.038387701485983,-77.46608635694433
38893,incendio,-8.3509,-76.7173
38896,no_incendio,-7.040747836565641,-76.40061304391803
38908,incendio,-8.6246,-76.1439
38910,incendio,-8.2166,-76.5888
38912,incendio,-7.0287,-76.651
38913,incendio,-6.3266,-75.8971
38929,no_incendio,-7.278446400857449,-77.33703515392486
38932,incendio,-8.2826,-76.4337
38936,incendio,-7.5279,-76.4626
38937,incendio,-7.6815,-76.7241
38938,no_incendio,-6.271617281791801,-76.2353167311132
38945,incendio,-6.02,-76.2203
38946,no_incendio,-5.665031141499033,-76.55743995217303
38953,no_incendio,-5.424572995842199,-76.6735765187215
38955,no_incendio,-7.423279850513975,-76.1929127649397
38959,incendio,-7.3215,-76.5629
38962,incendio,-8.6394,-75.614
38964,no_incendio,-6.087315424541848,-76.09166795911304
38972,incendio,-6.4456,-77.065
38975,incendio,-7.2429,-76.8221
38976,no_incendio,-5.826125398643272,-77.25978841596924
38981,no_incendio,-7.127830025342514,-77.33172299006912
38982,no_incendio,-5.702364736345534,-76.72144500150783
39005,incendio,-7.1399,-76.5346
39008,no_incendio,-6.920698986837474,-75.75627326868941
39013,no_incendio,-6.931412719260821,-76.18531948071886
39017,incendio,-7.5663,-76.5021
39023,incendio,-6.7983,-76.6707
39024,incendio,-7.3251,-76.8901
39035,incendio,-6.3215,-76.7628
39039,no_incendio,-7.0114630527008925,-76.23398285446149
39044,no_incendio,-5.6874479423727555,-75.79801976537915
39052,no_incendio,-5.451597714525489,-77.32234997673201
39054,no_incendio,-5.765833579415168,-76.48980976364362
39055,incendio,-6.0014,-76.4554
39060,incendio,-5.7777,-75.6377
39075,no_incendio,-7.485621627002571,-76.9594043618508
39079,no_incendio,-5.464146828464783,-75.87437649006732
39081,incendio,-6.6944,-76.6672
39083,no_incendio,-6.040843804619021,-75.5134205645717
39086,no_incendio,-5.531434005442488,-77.13875106909684
39089,incendio,-7.8055,-77.6971
39092,no_incendio,-7.011514074885707,-76.73934268520709
39107,no_incendio,-7.200090625449649,-75.973583692229
39119,incendio,-8.3748,-76.7318
39123,incendio,-5.8349,-76.235
39153,no_incendio,-7.564076009944549,-75.89157611790941
39155,no_incendio,-7.546739081154037,-77.04439991678024
39159,incendio,-6.7078,-76.3112
39168,incendio,-6.0322,-76.9661
39171,incendio,-7.1426,-76.9722
39173,incendio,-5.4852,-76.5236
39178,no_incendio,-6.9734000570740395,-77.15029703123086
39179,incendio,-6.2192,-76.3323
39180,no_incendio,-7.051099362667298,-76.62925053957763
39181,no_incendio,-6.856923978483267,-76.96918980938075
39185,no_incendio,-5.489245275525123,-76.82667902790362
39190,incendio,-6.706,-77.5593
39191,incendio,-7.3834,-76.405
39195,incendio,-6.1912,-76.161
39201,incendio,-8.4389,-76.7875
39203,no_incendio,-5.767157423041838,-75.60792843558447
39210,no_incendio,-6.092332930769818,-77.53250095731846
39212,no_incendio,-6.441902560534528,-76.15943969390888
39214,incendio,-7.1581,-76.3793
39220,no_incendio,-6.377401959955816,-76.31000906774922
39222,no_incendio,-7.325700741079294,-77.06360146385256
39224,no_incendio,-7.237010441563305,-76.53847008307255
39226,incendio,-6.8595,-76.8956
39231,no_incendio,-6.215385324683509,-77.39247138767627
39239,incendio,-8.2741,-77.0831
39242,incendio,-5.7847,-77.3993
39243,incendio,-6.2336,-76.2029
39246,incendio,-6.4938,-76.4392
39251,no_incendio,-6.064535477207472,-75.86794568538684
39253,incendio,-6.3886,-75.7369
39258,no_incendio,-5.662370106905432,-77.07535731755083
39260,no_incendio,-6.56383921503927,-77.29970461755646
39266,no_incendio,-5.867404604520736,-75.92995443578674
39267,incendio,-6.4947,-76.3697
39269,incendio,-7.3476,-76.5836
39270,incendio,-7.1724,-76.2979
39273,incendio,-7.5238,-76.4072
39275,incendio,-6.5125,-76.7835
39276,no_incendio,-6.893380079192219,-76.030920773184
39277,no_incendio,-5.631534863423365,-75.5444078955286
39280,no_incendio,-6.525876531324351,-75.65491670452673
39283,incendio,-7.4351,-76.8229
39295,incendio,-7.2114,-76.4567
39297,no_incendio,-5.701666858501454,-75.71059369687181
39301,incendio,-8.6369,-76.913
39303,no_incendio,-5.561920884041726,-75.5653879895247
39304,no_incendio,-5.798404361194972,-75.81527300196596
39308,no_incendio,-6.072007171578419,-77.37389388906047
39310,incendio,-7.482,-76.3809
39313,no_incendio,-5.87938832915223,-76.90538612384941
39315,no_incendio,-6.543469703142076,-77.05698988429933
39319,no_incendio,-5.304110908092603,-77.31779065748242
39322,incendio,-6.491,-77.6284
39323,no_incendio,-7.288831684268742,-76.19878040737008
39327,no_incendio,-5.637027799134781,-76.02152789281182
39332,incendio,-6.8571,-76.6605
39334,incendio,-8.1451,-77.1312
39337,incendio,-6.0038,-75.8439
39339,incendio,-6.9016,-76.9143
39340,incendio,-7.3398,-76.8673
39342,incendio,-7.208,-76.196
39345,no_incendio,-6.1400329007098495,-75.77782950002863
39347,no_incendio,-6.722977701208728,-76.08504808570892
39348,incendio,-6.6296,-75.6379
39350,incendio,-5.6738,-76.5208
39351,no_incendio,-6.925307344468632,-76.89098262738764
39354,incendio,-6.3373,-75.8928
39355,no_incendio,-6.394447416910339,-77.43791713673666
39357,incendio,-7.3369,-76.5022
39358,no_incendio,-5.317399962745949,-77.15228914973635
39362,no_incendio,-5.89297787831936,-76.40313981264967
39363,incendio,-7.4141,-76.391
39367,no_incendio,-5.384324497906241,-76.81955746951022
39368,no_incendio,-5.703527630485487,-76.04599898833253
39369,incendio,-7.2363,-76.7303
39370,incendio,-6.8222,-76.4189
39373,no_incendio,-5.518725698266722,-76.04231826723102
39379,no_incendio,-6.896612666946929,-75.75338049940235
39387,no_incendio,-6.475196466130733,-76.70818383406251
39390,no_incendio,-6.163392021425101,-76.6587242460342
39391,no_incendio,-5.316751485798925,-76.19649120217885
39400,incendio,-7.5071,-76.4402
39402,incendio,-7.3434,-76.8102
39405,incendio,-6.2059,-76.1353
39409,incendio,-7.2602,-76.5858
39413,incendio,-8.1078,-76.6953
39418,no_incendio,-7.132724984642544,-76.76764396887705
39425,incendio,-7.373,-76.0623
39437,no_incendio,-7.019810736855677,-76.95606025690836
39442,incendio,-6.8805,-76.5712
39467,no_incendio,-5.876670821018357,-77.35096983439296
39468,no_incendio,-6.30703304782207,-76.24707016611562
39469,incendio,-6.8076,-76.6226
39471,no_incendio,-6.320061417206358,-76.82643295462363
39474,no_incendio,-6.752631174647365,-76.89757485609974
39482,incendio,-7.4149,-76.6665
39489,no_incendio,-5.778538304462726,-77.27874829265495
39495,no_incendio,-6.427611857268102,-77.39761535548438
39498,no_incendio,-6.722186094631,-75.64392011667918
39504,incendio,-7.0228,-76.1278
39505,no_incendio,-5.5280435147957645,-75.64292390382334
39508,no_incendio,-5.900783604667027,-76.15875571678882
39511,no_incendio,-6.156942123129494,-76.92567844755888
39512,incendio,-5.9263,-75.9867
39519,no_incendio,-6.1174086914739405,-75.65121133854548
39523,no_incendio,-6.578202945590633,-76.50501159622002
39526,no_incendio,-7.391354511869424,-77.17370886410413
39538,no_incendio,-6.603103679284163,-76.5352543472929
39543,no_incendio,-5.343847653580683,-76.19643132056173
39550,incendio,-5.9182,-76.4228
39556,incendio,-6.7355,-76.4755
39557,no_incendio,-5.99701125020352,-76.97976479165838
39559,no_incendio,-6.647022334946601,-76.6879552261045
39563,incendio,-5.8685,-77.0558
39566,no_incendio,-5.7158112857010535,-77.38243423840477
39578,no_incendio,-5.706911774664528,-77.15797296628834
39579,no_incendio,-7.095024308236621,-76.98915064415999
39588,no_incendio,-6.471062651076445,-77.19122148184266
39589,incendio,-8.7617,-76.9922
39595,no_incendio,-7.424353792615787,-75.73269651500266
39604,incendio,-6.9207,-76.2621
39606,no_incendio,-6.3065520769299415,-76.52048775212563
39607,incendio,-8.4886,-76.3972
39617,no_incendio,-6.6577808572271095,-76.08571031789008
39619,incendio,-7.469,-76.3618
39621,incendio,-5.7069,-76.4537
39630,incendio,-7.0218,-76.2916
39636,incendio,-8.7151,-76.1293
39639,incendio,-7.4316,-76.3799
39643,no_incendio,-6.011986241614966,-76.07526656845786
39646,no_incendio,-6.930372562741588,-76.24468121546766
39649,no_incendio,-7.491547550658209,-77.41447872545433
39654,no_incendio,-5.561294814825637,-75.74902836133377
39658,no_incendio,-7.486553218513754,-77.23735826479363
39677,incendio,-7.3817,-77.7363
39696,no_incendio,-6.729700815090516,-76.29007957854529
39702,incendio,-5.9425,-76.3444
39716,no_incendio,-6.787959079277664,-75.64572689392233
39719,incendio,-7.3044,-76.4292
39727,no_incendio,-5.418449954598862,-75.68607391681626
39736,incendio,-8.1493,-77.1064
39742,no_incendio,-7.5990878129892385,-76.01433706050479
39744,no_incendio,-6.187799355462546,-77.0520465624197
39748,no_incendio,-5.532853929708149,-75.98229483983717
39757,incendio,-7.2442,-76.8498
39758,no_incendio,-7.58397179719786,-76.78899858637695
39761,no_incendio,-5.531709345051456,-76.12800515028563
39764,no_incendio,-7.127830025342514,-77.33172299006912
39765,incendio,-7.2633,-76.6836
39782,incendio,-5.6967,-76.6251
39795,incendio,-8.1199,-76.8983
39799,no_incendio,-5.3902001479588,-77.1291902290787
39800,incendio,-7.0941,-76.7506
39805,no_incendio,-6.0017769805371435,-76.54978075200272
39812,incendio,-7.5565,-76.3514
39816,incendio,-8.3838,-75.5515
39827,no_incendio,-6.8241555048520945,-76.01927599626522
39834,no_incendio,-6.797128032172363,-76.15133853102378
39839,incendio,-7.2488,-76.3678
39841,no_incendio,-5.307511492937007,-75.87055498280709
39842,incendio,-5.965,-75.9306
39847,no_incendio,-6.851346088597758,-76.87565472102605
39849,no_incendio,-5.656049355160456,-76.83830902323291
39852,incendio,-5.5863,-75.8538
39853,no_incendio,-6.380793727295641,-76.36283674136891
39862,incendio,-7.3674,-76.8981
39863,incendio,-7.3131,-76.7435
39864,no_incendio,-7.224623096753857,-76.90340581488266
39872,incendio,-6.2378,-76.6944
39875,incendio,-7.6627,-76.5245
39888,incendio,-6.7888,-76.5829
39889,no_incendio,-5.801578937835275,-76.51381524721576
39893,no_incendio,-5.9272520922930445,-77.17976360795232
39899,no_incendio,-7.1211989995442275,-77.24932556813594
39900,no_incendio,-7.170373075763204,-77.40179462648253
39906,no_incendio,-6.665462259508061,-76.67998441326426
39909,incendio,-6.6807,-76.0634
39915,no_incendio,-6.543996709664201,-75.77625931317041
39927,incendio,-5.955,-76.5132
39935,no_incendio,-5.39776817495506,-77.21180440723553
39937,incendio,-7.3249,-76.5542
39943,no_incendio,-7.232835622211793,-77.02426673710617
39944,no_incendio,-5.304750791717143,-75.63715250073935
39953,no_incendio,-5.465730414306405,-77.05894646560215
39955,incendio,-7.5362,-76.6228
39971,no_incendio,-5.6011690570737915,-76.70090683859456
39973,incendio,-6.4887,-76.362
39978,incendio,-7.3918,-76.5576
39980,no_incendio,-5.606501156012807,-75.57450680760242
39983,no_incendio,-7.4007822318021725,-75.83042114290441
39988,no_incendio,-5.428382683589806,-76.59712896608411
39998,incendio,-7.5206,-77.5111
40003,incendio,-5.6808,-77.5177
40015,incendio,-7.0535,-76.7339
40017,no_incendio,-6.012390103585068,-77.46665184846529
40027,no_incendio,-6.8259836223464365,-76.8347388171075
40030,no_incendio,-6.24016797795497,-75.64844512243143
40031,no_incendio,-6.185730502150016,-76.23832678922733
40035,no_incendio,-6.242683257012905,-77.09272695265327
40042,no_incendio,-5.582283481453623,-75.95562633397932
40048,no_incendio,-6.930696933198282,-76.49198812108162
40058,no_incendio,-6.061679877354346,-76.10414263000189
40059,incendio,-8.3029,-77.2906
40060,no_incendio,-6.681650086905775,-77.41270898051337
40061,no_incendio,-6.493728884519305,-75.95080124431671
40068,no_incendio,-5.867404604520736,-75.92995443578674
40069,incendio,-7.0196,-76.7713
40071,incendio,-7.1258,-76.4906
40075,incendio,-6.1443,-77.0987
40076,no_incendio,-7.212746042883999,-76.23580517242253
40078,incendio,-6.8293,-76.166
40091,no_incendio,-5.846229053531998,-76.95469429169579
40093,incendio,-6.3382,-76.026
40100,incendio,-7.1878,-76.6715
40103,incendio,-6.2765,-76.1851
40104,incendio,-7.331,-76.763
40105,no_incendio,-5.622162432874228,-76.70501966558531
40112,no_incendio,-6.596181159773374,-75.88203865323678
40116,no_incendio,-5.424500785997842,-76.86386335126598
40130,no_incendio,-6.0258388422724725,-75.8823418796658
40149,no_incendio,-7.174304209114396,-76.54277799438324
40152,incendio,-6.3673,-76.5355
40154,no_incendio,-6.442120004345589,-77.36304363370371
40161,incendio,-6.0885,-76.2831
40167,incendio,-7.5892,-76.7937
40170,incendio,-7.1799,-76.3928
40171,no_incendio,-6.9177745399597805,-77.27712831962272
40173,no_incendio,-5.943086820538844,-77.20310189012812
40175,no_incendio,-6.1579628470379655,-75.78726893747826
40178,no_incendio,-7.247461423234719,-75.57023459371909
40185,incendio,-8.5365,-76.4876
40198,incendio,-7.5103,-76.504
40199,incendio,-6.2133,-75.6858
40205,incendio,-8.2828,-77.4145
40208,no_incendio,-6.845471207648621,-76.36886322454563
40209,no_incendio,-6.801958484243811,-75.90508195007739
40213,no_incendio,-5.632530971200962,-77.47788862342078
40214,incendio,-5.6754,-77.269
40223,no_incendio,-6.885558878413749,-76.87280143017166
40232,incendio,-6.6277,-76.7541
40237,incendio,-6.5383,-77.3534
40248,no_incendio,-6.889347884558152,-75.60173538483494
40250,no_incendio,-5.374689655955711,-76.01901794140703
40257,incendio,-7.2298,-76.0746
40274,incendio,-7.137,-76.0499
40276,incendio,-7.258,-77.0431
40283,incendio,-6.2104,-75.6847
40297,no_incendio,-7.429320671534591,-76.84610802932468
40303,no_incendio,-6.892866951927303,-75.87172300219687
40316,no_incendio,-6.9339812427750385,-75.78664739591257
40321,no_incendio,-5.573600216354325,-77.29583969487783
40326,no_incendio,-6.0889717541826,-76.72492959412638
40331,incendio,-7.0384,-76.3318
40333,no_incendio,-6.040879038047408,-76.334709267242
40343,incendio,-8.1924,-76.5234
40345,no_incendio,-7.3680402233360685,-75.9380390323052
40357,no_incendio,-6.887626631829371,-77.285374555124
40370,incendio,-6.034,-76.9679
40382,incendio,-8.6176,-76.312
40383,no_incendio,-6.189868469399895,-75.91191587248781
40401,no_incendio,-7.547362899320046,-75.73565468655677
40402,incendio,-7.0809,-76.438
40403,incendio,-6.7946,-76.4968
40405,incendio,-7.0015,-76.899
40413,no_incendio,-6.939758211874388,-76.17566888296336
40415,incendio,-6.2329,-75.8055
40422,incendio,-7.3748,-76.0419
40425,no_incendio,-5.857873924745949,-75.59231205367556
40429,no_incendio,-7.160638044417466,-75.55537548555321
40431,no_incendio,-7.2830034027883865,-76.35190261363664
40440,no_incendio,-5.702374601251764,-77.25434289509793
40450,incendio,-7.214,-76.6306
40455,incendio,-8.6784,-76.8264
40457,no_incendio,-6.025916241111167,-77.46786020711632
40477,no_incendio,-5.717584209483326,-76.19353141249358
40481,incendio,-8.1558,-76.9912
40488,no_incendio,-5.532674736240746,-77.30549763247664
40495,no_incendio,-5.8499481349063265,-76.00423037206916
40507,no_incendio,-5.3698896091026755,-77.35056163248119
40509,incendio,-7.6384,-76.6884
40524,incendio,-6.9775,-76.7488
40528,no_incendio,-6.491284059337684,-76.25746904489338
40530,no_incendio,-7.289453419528988,-76.70433724655702
40531,no_incendio,-6.705352804543373,-76.31055418985345
40532,no_incendio,-6.122720954624869,-76.9879603704079
40542,incendio,-7.49,-76.6294
40554,no_incendio,-6.66812028796298,-76.15230026038583
40562,no_incendio,-5.879613359801567,-75.64585304449614
40570,no_incendio,-6.6588540055381635,-76.3643446123623
40598,no_incendio,-5.525573369153832,-75.9826808864592
40606,incendio,-5.6331,-76.5979
40609,incendio,-5.9422,-75.7276
40617,incendio,-7.267,-76.3704
40621,no_incendio,-6.253873442293271,-77.4856518253099
40626,incendio,-7.432,-76.6989
40635,incendio,-5.8213,-76.5238
40640,no_incendio,-6.469524270312644,-76.04017356223993
40645,incendio,-7.516,-76.4563
40660,no_incendio,-5.518901360296995,-75.83606862844933
40662,no_incendio,-5.6897437871119,-77.10615819747757
40664,incendio,-5.6317,-76.5939
40677,no_incendio,-6.530680448143941,-77.14936961816767
40684,incendio,-6.1025,-76.0209
40687,no_incendio,-6.158099214586715,-77.01707847694989
40688,incendio,-6.7487,-76.7495
40689,no_incendio,-5.720724874930588,-76.09066535924033
40690,no_incendio,-5.829668681149241,-76.34423254304822
40700,no_incendio,-7.381225768944467,-76.16930082038664
40702,no_incendio,-5.977893876843185,-76.20383698117358
40709,incendio,-6.1959,-75.8863
40714,incendio,-6.6152,-76.4542
40718,no_incendio,-7.5636797148906325,-76.80582387525504
40723,no_incendio,-6.395401764543208,-75.96571181964029
40725,no_incendio,-5.655403371061297,-77.22066038141541
40732,incendio,-6.6521,-77.2855
40733,no_incendio,-5.561607881400994,-76.05608751016334
40735,incendio,-6.7834,-76.8004
40740,incendio,-6.865,-76.408
40747,incendio,-6.8917,-76.2929
40754,incendio,-6.7332,-76.482
40758,incendio,-7.6805,-76.7249
40761,no_incendio,-6.530226790074001,-75.89901252077937
40762,no_incendio,-5.985543510791079,-75.55610035209125
40765,incendio,-8.6086,-76.636
40766,incendio,-7.0471,-76.1328
40768,incendio,-7.5301,-76.431
40773,incendio,-5.6268,-76.4343
40774,incendio,-5.8622,-76.2544
40780,incendio,-8.6924,-76.2863
40783,incendio,-5.6703,-76.6508
40794,no_incendio,-5.349324419297768,-77.32630960187535
40799,no_incendio,-7.405204979831083,-75.56113184118811
40800,incendio,-8.6037,-75.52
40802,incendio,-7.0957,-76.3205
40808,no_incendio,-6.822682837524565,-76.01658832939721
40815,no_incendio,-6.124908546496211,-75.75141276131208
40821,incendio,-5.3153,-76.289
40825,incendio,-6.5473,-77.7658
40827,no_incendio,-5.682009801127555,-77.32557014599907
40829,incendio,-7.1249,-76.9116
40831,incendio,-7.2144,-76.6172
40836,no_incendio,-5.901388111394365,-75.87645660870008
40847,no_incendio,-6.619578652288662,-76.97686198868091
40862,incendio,-5.9915,-77.2612
40863,no_incendio,-7.162661566709435,-76.43423955803257
40870,incendio,-7.0292,-76.1892
40879,no_incendio,-6.974678823081742,-77.45775985292939
40888,no_incendio,-7.353333723942861,-76.86451079953567
40896,incendio,-6.7189,-76.657
40905,incendio,-8.6685,-76.4332
40914,no_incendio,-6.602354423931499,-75.68050275359916
40917,incendio,-6.6968,-76.6793
40935,incendio,-8.0532,-75.5904
40941,incendio,-7.3715,-76.7562
40952,incendio,-7.37,-77.6446
40954,incendio,-6.4951,-75.6553
40958,no_incendio,-7.202054877491274,-77.29896047325903
40966,no_incendio,-7.510787208532104,-75.93881161563174
40971,incendio,-5.7103,-77.336
40974,incendio,-6.4096,-76.5955
40976,incendio,-6.7143,-76.7371
40983,no_incendio,-7.391395621025486,-76.825979662233
40997,incendio,-6.6235,-76.3463
40998,no_incendio,-6.672374480213379,-75.95174642317869
41001,no_incendio,-5.712986091901971,-76.69466982249243
41003,no_incendio,-6.892866951927303,-75.87172300219687
41006,no_incendio,-5.434734993358147,-76.94653262890384
41007,no_incendio,-5.555763303802058,-77.3394188883658
41018,no_incendio,-6.344517536741018,-75.98404289972582
41019,no_incendio,-6.7893125147185724,-75.8130856477531
41028,no_incendio,-7.32681715562941,-75.73492047160768
41029,incendio,-5.6512,-76.211
41032,no_incendio,-6.003436470117687,-77.4174804711691
41036,incendio,-8.4445,-76.305
41041,incendio,-6.0157,-77.7285
41046,no_incendio,-6.402507911708669,-75.63264270737905
41054,no_incendio,-6.742500153171055,-77.15479378119534
41055,no_incendio,-5.504024274503536,-76.47223087280436
41056,no_incendio,-6.904145543477711,-77.38998183817624
41061,no_incendio,-6.377682235727863,-76.74953572053666
41064,no_incendio,-6.154726709997222,-75.55076367684507
41066,incendio,-6.1432,-77.0981
41074,no_incendio,-6.965586863586331,-77.4440785223658
41076,no_incendio,-5.916451876326068,-76.42141770409339
41080,incendio,-7.1352,-76.7993
41081,incendio,-6.495,-75.8552
41088,incendio,-6.8743,-76.6134
41094,no_incendio,-7.327451375962066,-77.03090576588977
41101,incendio,-6.9904,-76.8968
41102,incendio,-7.367,-76.5154
41105,no_incendio,-6.808642932215501,-75.79916533133496
41109,incendio,-6.6488,-77.3809
41120,no_incendio,-6.947310101942639,-77.12430788847063
41126,incendio,-6.6021,-76.4669
41135,incendio,-8.3255,-77.1447
41139,no_incendio,-6.758724816086575,-76.05879675132634
41142,no_incendio,-6.895202578534257,-77.04341617849329
41149,no_incendio,-5.906320557671209,-76.16456069117528
41161,no_incendio,-5.88161988832418,-76.03348126366238
41182,incendio,-6.9243,-76.5337
41183,no_incendio,-6.572656774954891,-77.3264854349528
41187,incendio,-7.0748,-76.4006
41188,incendio,-8.3992,-77.1265
41190,incendio,-6.1896,-75.9225
41199,no_incendio,-7.396293728832261,-76.90325278525978
41202,no_incendio,-5.52323264122827,-76.08256929907056
41204,incendio,-6.2365,-75.9886
41206,incendio,-5.4722,-77.3323
41210,no_incendio,-7.242155921166638,-77.29649835159157
41213,incendio,-7.3473,-76.2339
41217,no_incendio,-5.423352355280385,-75.9768451523196
41220,no_incendio,-5.590745607594968,-76.01092904258273
41222,no_incendio,-6.6966130629090745,-76.20140385770695
41226,no_incendio,-6.5446908257794405,-77.45428628310522
41232,incendio,-8.5101,-76.3382
41240,incendio,-7.3793,-76.3991
41244,no_incendio,-5.933819847140226,-76.39063203845332
41248,no_incendio,-6.735984440425587,-77.00622820601815
41254,incendio,-6.9811,-76.5372
41255,no_incendio,-7.44968802750322,-77.23116283334409
41268,no_incendio,-5.647813944563046,-75.98631579821414
41269,incendio,-5.8807,-77.1041
41277,incendio,-7.1473,-76.4884
41279,no_incendio,-7.4438050568529475,-75.8809717620132
41293,no_incendio,-6.84710555088138,-75.520478621097
41298,incendio,-6.5259,-76.6205
41309,incendio,-5.8249,-77.1723
41311,no_incendio,-5.733319617679441,-76.17295841826885
41312,no_incendio,-7.291269329879484,-76.54650698845496
41323,no_incendio,-5.902840695958739,-77.46595018427229
41328,no_incendio,-6.224885960981276,-76.91366721974305
41339,no_incendio,-5.707072398203752,-76.95382670814908
41342,no_incendio,-7.245236344594437,-75.87140818649081
41344,incendio,-7.6289,-76.5036
41345,no_incendio,-5.739545483497391,-76.77757497448552
41350,incendio,-6.2262,-76.1906
41351,incendio,-7.1455,-76.4175
41355,incendio,-5.791,-76.2857
41356,incendio,-7.3786,-76.4006
41361,incendio,-6.1463,-77.0842
41363,incendio,-6.79,-76.7066
41378,incendio,-5.6663,-77.5681
41399,incendio,-8.4737,-76.2098
41402,no_incendio,-6.013807781245941,-77.54515653099793
41409,no_incendio,-6.418868746220242,-75.63343805571964
41411,no_incendio,-7.342552043846658,-77.45073212658029
41430,incendio,-6.0481,-76.3058
41432,incendio,-6.4683,-75.7665
41434,incendio,-6.8075,-76.0797
41436,no_incendio,-6.08674868659818,-77.38664384875209
41444,incendio,-6.6755,-76.0755
41446,incendio,-7.3552,-76.8216
41451,incendio,-6.2483,-76.7882
41454,no_incendio,-5.807568980791382,-75.59957931060934
41456,no_incendio,-6.520841370621428,-77.36086106907894
41459,no_incendio,-6.345223512846847,-76.20591598336866
41460,no_incendio,-5.804055235179965,-77.4451366120588
41470,incendio,-7.2668,-76.4011
41475,no_incendio,-5.986262922528314,-76.22484849867156
41487,incendio,-6.0514,-76.7943
41488,no_incendio,-6.971890891507541,-75.84725150741345
41493,no_incendio,-5.866539639068574,-77.22687497991105
41498,no_incendio,-5.97958938141772,-75.97696588702247
41502,incendio,-5.6829,-76.6251
41521,no_incendio,-6.062293412896412,-76.5419474053282
41529,no_incendio,-6.142530239499738,-77.15463621788837
41535,incendio,-6.7124,-76.6268
41537,no_incendio,-6.302185247008176,-75.61088682645
41539,incendio,-8.0241,-76.6632
41542,no_incendio,-6.23478792603882,-76.18381610836184
41549,incendio,-7.6175,-76.5211
41550,incendio,-6.3194,-76.7478
41554,no_incendio,-7.454820191858604,-77.06390769959336
41557,incendio,-6.7694,-76.4515
41560,incendio,-8.5238,-76.3628
41563,incendio,-6.7333,-76.6631
41566,incendio,-6.5705,-75.9975
41567,no_incendio,-7.010865933982342,-76.63167881965191
41571,no_incendio,-5.732633885929664,-76.45507870434784
41578,incendio,-5.7691,-76.2773
41587,incendio,-6.99,-76.6013
41588,incendio,-7.3253,-76.9654
41600,incendio,-6.4667,-76.7286
41608,incendio,-8.0071,-75.5688
41611,no_incendio,-5.971724397201385,-75.87816764029395
41613,no_incendio,-6.337630898858479,-77.22298031852678
41615,incendio,-5.9824,-76.1444
41618,incendio,-7.5206,-76.5038
41621,incendio,-5.9077,-75.9528
41626,no_incendio,-5.360774716680023,-76.65130740948035
41631,incendio,-6.0619,-77.168
41635,incendio,-6.0738,-75.9736
41639,no_incendio,-6.446999968584335,-76.20534088443561
41653,no_incendio,-7.583028139538337,-75.69881965938345
41672,no_incendio,-6.380182739150082,-77.36817277037066
41673,incendio,-7.335,-76.5322
41689,no_incendio,-7.280960307883033,-76.7904575448365
41692,incendio,-6.4676,-75.7553
41693,incendio,-7.5611,-76.229
41698,incendio,-7.3253,-76.1902
41701,incendio,-6.2757,-76.2124
41707,no_incendio,-5.759511577701185,-76.14983081507849
41709,no_incendio,-7.332916187784927,-76.99914864296008
41715,no_incendio,-6.300957997693996,-76.09847737144455
41725,no_incendio,-6.696114207645428,-77.01139322381492
41729,incendio,-7.3207,-76.0581
41746,no_incendio,-6.3431574963922905,-76.8897013975212
41757,no_incendio,-6.852073141179411,-75.84552521251308
41761,incendio,-6.6764,-76.2373
41766,no_incendio,-7.453299052251447,-77.18508562471676
41771,no_incendio,-5.441244045280792,-76.19936571316805
41772,incendio,-5.6178,-76.6301
41773,incendio,-7.3107,-76.4535
41776,incendio,-7.1063,-76.2241
41777,no_incendio,-6.621617501983885,-75.65329251395444
41781,incendio,-7.0118,-76.4983
41789,no_incendio,-5.841456819782133,-77.02191077906832
41798,incendio,-8.3032,-76.5964
41799,no_incendio,-7.114658681110818,-75.66272645152591
41805,incendio,-6.0977,-76.2915
41809,no_incendio,-6.314113189001013,-76.77593472488475
41813,no_incendio,-5.473631906137981,-76.93641473945902
41818,no_incendio,-6.602549423318465,-77.00681560184587
41821,incendio,-7.1799,-76.901
41830,no_incendio,-5.8513705657504405,-76.02980196988514
41834,no_incendio,-5.346519894910452,-77.42054950645856
41845,no_incendio,-5.6011690570737915,-76.70090683859456
41856,incendio,-7.6926,-76.4728
41858,no_incendio,-6.73154658128307,-77.37224800507184
41863,incendio,-5.9379,-76.225
41865,incendio,-7.3856,-76.5751
41871,incendio,-7.4709,-76.2177
41887,no_incendio,-7.227614732333581,-77.40012348547856
41893,incendio,-6.5725,-75.6094
41898,incendio,-7.2501,-76.8323
41899,incendio,-8.0188,-77.6356
41908,incendio,-8.7275,-76.9629
41912,incendio,-7.854,-77.451
41913,incendio,-7.3317,-76.7292
41915,no_incendio,-7.237010441563305,-76.53847008307255
41923,incendio,-8.4605,-76.2716
41924,incendio,-7.3557,-76.8437
41926,incendio,-6.7205,-76.4668
41928,incendio,-6.9959,-76.1233
41943,no_incendio,-7.510954821403472,-75.50873794050783
41945,no_incendio,-5.455556475211868,-76.38084704714296
41946,incendio,-5.8909,-76.3811
41947,no_incendio,-7.192625795202753,-75.79931940133156
41950,incendio,-6.2649,-76.5296
41951,incendio,-7.4267,-76.5558
41959,no_incendio,-6.6966130629090745,-76.20140385770695
41962,incendio,-5.732,-77.5033
41965,incendio,-6.0207,-76.1341
41966,incendio,-6.5687,-75.7042
41972,incendio,-7.5855,-76.5086
41974,incendio,-5.6259,-76.6193
41975,no_incendio,-7.417769459056535,-76.0278387197161
41979,incendio,-8.6494,-76.3382
41990,no_incendio,-5.796164972487043,-76.72449599512143
42000,no_incendio,-5.991873685914407,-76.31372579654939
42006,no_incendio,-6.441502518699965,-76.95262753749782
42015,incendio,-7.3303,-76.7483
42016,incendio,-5.8583,-76.5721
42020,no_incendio,-5.370065008448104,-77.20634043748042
42021,incendio,-7.0151,-76.2923
42024,no_incendio,-5.740185734953845,-76.52718705325192
42028,no_incendio,-6.353424809181855,-75.63008762129351
42029,incendio,-6.8767,-76.9743
42033,no_incendio,-6.654449786981951,-77.1406120148932
42037,incendio,-6.1616,-75.9622
42039,incendio,-7.2157,-76.256
42049,incendio,-6.4862,-76.8204
42051,incendio,-7.0721,-76.88
42055,no_incendio,-5.968149636265594,-77.51081675536001
42058,no_incendio,-5.451597714525489,-77.32234997673201
42067,no_incendio,-6.041639768650352,-76.22938909207001
42083,incendio,-6.1729,-76.0254
42088,incendio,-7.5397,-77.6526
42091,incendio,-5.6674,-77.2652
42096,incendio,-7.205,-76.6867
42098,no_incendio,-6.480910366032293,-76.46284954850665
42100,incendio,-6.0576,-76.2519
42106,no_incendio,-5.304216028521146,-77.22955638933952
42111,incendio,-6.7394,-76.208
42117,no_incendio,-7.061403957049695,-76.62981524420255
42122,no_incendio,-6.444780159228815,-76.66850013632184
42123,no_incendio,-6.095618227578122,-77.09396858513674
42125,no_incendio,-6.324514222860181,-76.89947276475436
42126,incendio,-6.7934,-76.5302
42128,incendio,-7.3518,-76.2664
42135,no_incendio,-6.542256231887758,-76.22236926601508
42138,incendio,-7.1427,-76.0835
42154,no_incendio,-5.646223843039662,-77.22265388647651
42157,no_incendio,-5.894898869067559,-77.35176843132272
42158,no_incendio,-7.275276678539276,-76.76197872211165
42161,incendio,-5.6763,-75.8441
42166,incendio,-8.7031,-76.8083
42175,no_incendio,-6.6229879670061225,-75.80299704996388
42176,incendio,-6.9822,-76.8694
42185,no_incendio,-5.944935096517128,-76.18780832521988
42187,no_incendio,-6.237093114939267,-75.7117789331342
42189,incendio,-7.6711,-76.4667
42193,incendio,-7.2033,-76.3758
42196,incendio,-6.6955,-76.7421
42205,incendio,-7.3218,-76.0702
42208,no_incendio,-5.369357026240305,-77.2031702822179
42210,incendio,-6.8225,-76.488
42213,no_incendio,-7.181016545835497,-77.14662187463146
42215,incendio,-8.4896,-77.7563
42221,incendio,-7.1724,-76.4187
42244,no_incendio,-6.6405522203605365,-77.50010947454504
42246,no_incendio,-5.900355019577343,-76.50972621036057
42252,no_incendio,-7.257184386198285,-77.16794482130089
42256,no_incendio,-6.480910366032293,-76.46284954850665
42260,no_incendio,-5.364892363396528,-76.8599043565554
42265,incendio,-6.5665,-76.5044
42267,no_incendio,-5.701243653353404,-77.51137584362479
42273,no_incendio,-7.391919899350189,-76.53710558307176
42277,incendio,-7.2821,-76.4178
42290,no_incendio,-6.1574013412773905,-75.50582251676065
42297,no_incendio,-5.692068833993068,-76.92243000249631
42301,no_incendio,-5.834688696045425,-76.52690718058605
42322,no_incendio,-5.493534251624167,-76.05824936892388
42325,no_incendio,-6.136716909605955,-76.35666700182222
42327,incendio,-8.1909,-76.5732
42329,no_incendio,-6.971890891507541,-75.84725150741345
42330,incendio,-6.9096,-76.6158
42331,no_incendio,-6.9422117979050695,-77.32253174388707
42338,incendio,-6.8652,-77.4715
42339,incendio,-5.7164,-75.7642
42350,no_incendio,-5.397948781588011,-77.53247141487635
42357,incendio,-6.3281,-76.0359
42360,no_incendio,-6.843242986862935,-76.83119639273687
42363,no_incendio,-6.200171336468845,-76.47517852395984
42364,no_incendio,-7.250518418431454,-77.39731384590523
42369,incendio,-7.4792,-76.2343
42384,no_incendio,-5.944935096517128,-76.18780832521988
42391,incendio,-7.2507,-76.4657
42396,no_incendio,-7.103154809386207,-75.80011378156274
42400,incendio,-5.6986,-75.8788
42401,incendio,-7.3585,-76.0473
42403,no_incendio,-5.906180880379202,-75.93802228835084
42409,no_incendio,-5.716829315463946,-76.6884283959595
42426,no_incendio,-6.594872736761388,-76.81244710228094
42427,no_incendio,-5.668562711065817,-75.61105576661728
42432,no_incendio,-6.590618313605878,-75.87293609884875
42442,incendio,-8.1479,-77.4872
42451,incendio,-6.5584,-76.5534
42455,incendio,-8.7506,-77.1695
42456,incendio,-6.2927,-76.1256
42458,no_incendio,-5.636338028013915,-75.57133657890496
42460,no_incendio,-7.180243148647598,-76.01158517056818
42468,incendio,-7.2252,-76.609
42483,no_incendio,-7.351997452668049,-75.86863921087647
42484,incendio,-7.4692,-76.2427
42486,incendio,-6.2913,-75.9847
42500,no_incendio,-7.084883582406477,-76.16691642079259
42502,incendio,-5.3434,-76.725
42510,no_incendio,-5.636338028013915,-75.57133657890496
42511,incendio,-5.6985,-76.1618
42515,no_incendio,-6.402069451962711,-76.21591146142134
42518,incendio,-6.9198,-76.9396
42525,incendio,-6.9349,-76.9203
42529,incendio,-6.0357,-76.9325
42530,incendio,-6.8703,-76.3422
42533,no_incendio,-6.3028561898427915,-76.27802291650278
42559,no_incendio,-5.921016028711128,-75.70718586514504
42563,incendio,-6.2531,-75.9193
42570,no_incendio,-5.944935096517128,-76.18780832521988
42579,no_incendio,-6.8267458836303225,-76.04005920267028
42583,no_incendio,-6.326986282349614,-75.6142180056652
42584,incendio,-7.6843,-77.5357
42588,no_incendio,-6.4156514594615395,-77.50323228806793
42597,no_incendio,-7.462272976116109,-77.0484423984109
42599,incendio,-6.8388,-76.5063
42611,no_incendio,-6.09276868271348,-76.00881721213455
42612,incendio,-7.2397,-77.0353
42614,no_incendio,-6.525952464139444,-76.13787075319888
42615,no_incendio,-5.418336191471334,-77.27363994749886
42616,incendio,-5.8066,-76.4852
42617,incendio,-7.4716,-76.4013
42624,no_incendio,-7.014702412265873,-76.4405488433982
42634,incendio,-7.3285,-76.6822
42642,incendio,-7.094,-76.7053
42648,incendio,-6.7002,-76.6777
42675,no_incendio,-5.852253396123982,-76.5690433745382
42678,no_incendio,-6.541834413903653,-76.37649272286701
42684,no_incendio,-7.506850337937736,-76.33686457857513
42687,incendio,-5.9216,-77.7663
42690,incendio,-5.7825,-76.5996
42693,no_incendio,-5.941437702339227,-76.71661667859928
42694,incendio,-7.2996,-76.1284
42696,no_incendio,-5.804055235179965,-77.4451366120588
42701,no_incendio,-6.216596629515713,-76.33055988016247
42704,incendio,-6.4057,-75.8779
42705,incendio,-6.2947,-77.1289
42711,no_incendio,-6.756685989962618,-75.83002754028344
42712,incendio,-7.9327,-77.4624
42713,incendio,-7.227,-76.1076
42715,no_incendio,-6.045557480896305,-76.73042918045354
42718,no_incendio,-5.454754738781509,-75.6343200648269
42723,incendio,-6.6263,-76.1236
42731,no_incendio,-6.040209440060914,-75.6194334979568
42734,incendio,-6.7853,-76.6792
42738,incendio,-6.6594,-76.7561
42740,no_incendio,-6.668348976590427,-75.85167744687278
42741,no_incendio,-5.752288568187965,-75.61867904444058
42746,incendio,-7.6224,-76.5268
42754,no_incendio,-6.576004984769571,-77.51523302793387
42756,no_incendio,-5.715611122341353,-76.65563746255786
42757,no_incendio,-6.2062844027818835,-77.2816967062703
42761,incendio,-6.9438,-76.5054
42766,incendio,-6.3472,-76.1049
42771,incendio,-8.3778,-76.6191
42774,incendio,-6.1792,-75.9684
42778,incendio,-7.2515,-76.244
42788,incendio,-7.3078,-76.1176
42793,incendio,-6.3029,-76.1236
42801,incendio,-8.6573,-76.8586
42802,no_incendio,-5.829668681149241,-76.34423254304822
42805,incendio,-6.2246,-77.1055
42807,incendio,-8.0882,-76.7617
42816,incendio,-8.1943,-76.5192
42818,incendio,-7.0054,-76.363
42819,no_incendio,-6.479517291884607,-77.31045667927476
42821,no_incendio,-6.125949661803806,-77.27004912325427
42826,no_incendio,-6.948816018791695,-75.75042703907636
42828,no_incendio,-6.1574013412773905,-75.50582251676065
42830,incendio,-7.3007,-76.7453
42838,incendio,-7.329,-76.6907
42842,incendio,-5.8893,-75.9997
42847,incendio,-5.8862,-77.2051
42848,incendio,-8.6022,-76.3152
42849,no_incendio,-7.160701404821328,-77.50258610161559
42857,no_incendio,-5.473631906137981,-76.93641473945902
42860,no_incendio,-7.5702550538704605,-75.67821320807053
42865,no_incendio,-6.695225096779551,-76.23948893389061
42868,no_incendio,-7.251156973566389,-76.17980410182436
42871,incendio,-6.8215,-76.6548
42872,incendio,-6.5105,-76.7702
42878,no_incendio,-7.277740388513622,-77.219832932029
42882,no_incendio,-5.763649060823176,-76.26292282199367
42885,no_incendio,-5.508797884476139,-76.57706115239465
42886,no_incendio,-5.747916301571042,-76.94248947046277
42893,incendio,-5.7732,-77.4177
42904,incendio,-6.072,-75.9998
42905,incendio,-7.6754,-77.7679
42906,no_incendio,-7.161362446465518,-77.1258226722423
42908,no_incendio,-6.4548358961700885,-76.10226827896288
42909,incendio,-8.1516,-76.9613
42912,incendio,-7.0148,-76.618
42916,incendio,-7.6076,-76.6114
42923,no_incendio,-5.590950998396602,-75.50740685150045
42925,incendio,-6.1706,-76.9082
42926,incendio,-7.3097,-77.0643
42940,no_incendio,-6.74885592845062,-76.02672128613708
42946,no_incendio,-6.311293975828189,-76.65790550589152
42953,no_incendio,-5.316795895807237,-76.29512921900006
42954,incendio,-7.3061,-76.7488
42955,incendio,-7.4908,-76.7486
42959,no_incendio,-5.940833223348477,-76.76215332326328
42975,no_incendio,-7.304141269765339,-75.74306858538212
42981,no_incendio,-5.99701125020352,-76.97976479165838
42983,no_incendio,-5.812760524192122,-77.54920790478845
42984,incendio,-7.234,-76.1888
42992,incendio,-7.1157,-76.8868
42995,incendio,-6.0896,-75.996
42997,incendio,-7.1106,-76.517
43001,no_incendio,-5.706911774664528,-77.15797296628834
43006,incendio,-8.5345,-75.5351
43013,no_incendio,-7.429446375356516,-77.21947961761848
43019,no_incendio,-5.41517785771272,-76.05115692097354
43026,no_incendio,-6.695225096779551,-76.23948893389061
43030,no_incendio,-5.658384235826694,-76.44208065955317
43032,no_incendio,-7.004856438413276,-75.91729727113187
43034,no_incendio,-5.7927379696305294,-76.1467304713267
43038,incendio,-6.1482,-76.2468
43046,incendio,-6.9786,-76.2161
43047,no_incendio,-7.126628531945264,-77.1694503862003
43052,incendio,-6.0208,-76.325
43057,incendio,-6.755,-77.3107
43060,incendio,-5.9912,-76.8975
43070,no_incendio,-6.397571145384552,-75.85346705695244
43075,incendio,-8.1655,-77.048
43083,no_incendio,-6.314113189001013,-76.77593472488475
43086,no_incendio,-7.530943089944216,-75.61039209936172
43095,no_incendio,-5.592843733729189,-75.8469852314677
43098,no_incendio,-5.3170098474698,-75.90718083995199
43101,no_incendio,-7.3045123106112335,-75.99723406684437
43113,incendio,-7.1061,-76.7721
43114,incendio,-6.2481,-76.1105
43115,incendio,-7.09,-76.1021
43117,incendio,-7.0627,-76.1021
43130,no_incendio,-7.0001480442592,-76.32118704958727
43131,incendio,-6.56,-76.5439
43139,incendio,-7.3265,-76.5232
43146,incendio,-7.0864,-76.5314
43152,no_incendio,-5.453647317604843,-76.59202254288773
43162,no_incendio,-5.9787702159042375,-76.39270327711898
43167,no_incendio,-6.314113189001013,-76.77593472488475
43170,incendio,-5.719,-76.2999
43172,no_incendio,-5.693451726385469,-75.75451754417924
43176,no_incendio,-7.265051791627358,-75.86473299239707
43177,incendio,-6.2211,-76.3369
43178,no_incendio,-6.2190640726250495,-76.93105958473025
43185,incendio,-7.2055,-76.3194
43189,incendio,-8.6754,-76.9005
43193,incendio,-7.7041,-76.4891
43199,no_incendio,-7.547004527368286,-77.14424900414204
43200,no_incendio,-7.2339632492782835,-76.73433396854956
43204,incendio,-7.0082,-76.6467
43207,no_incendio,-7.52893790740652,-77.07253517227397
43213,no_incendio,-6.339520872179224,-76.81899067100204
43253,no_incendio,-5.369357026240305,-77.2031702822179
43257,no_incendio,-7.4438050568529475,-75.8809717620132
43260,incendio,-7.0322,-76.52
43267,incendio,-6.7119,-77.4873
43271,incendio,-6.7908,-76.2425
43272,incendio,-7.2145,-76.352
43274,no_incendio,-5.913375544586391,-77.02153912778006
43280,no_incendio,-7.199216978961617,-75.9477990392911
43286,no_incendio,-5.906233795105334,-77.12857966060585
43287,incendio,-5.8897,-76.1236
43303,incendio,-7.3169,-76.5082
43308,no_incendio,-5.525055025205599,-76.92000520629868
43309,incendio,-6.9661,-76.0775
43310,no_incendio,-6.871083272493799,-75.76930140332634
43311,incendio,-6.4878,-77.7739
43319,incendio,-8.342,-76.2698
43324,no_incendio,-6.120095373636364,-76.54964080768222
43325,incendio,-5.7264,-76.4675
43326,no_incendio,-7.582363301360768,-76.43607509989434
43327,incendio,-7.47,-76.6994
43328,incendio,-6.1231,-76.2383
43331,no_incendio,-5.990542250974831,-75.6694532466171
43341,no_incendio,-6.642584248060827,-75.75075985956546
43350,no_incendio,-7.1632098636724635,-76.89550285392816
43351,no_incendio,-5.546093305557506,-76.96305959318578
43352,incendio,-7.7311,-76.7347
43357,no_incendio,-5.485150772179796,-77.0821813016382
43358,incendio,-7.2887,-76.2568
43360,incendio,-5.8424,-75.9557
43369,no_incendio,-5.921387481016298,-75.640821414452
43378,no_incendio,-6.971890891507541,-75.84725150741345
43380,incendio,-6.5776,-75.999
43388,incendio,-8.3381,-76.3268
43392,no_incendio,-7.428960143280297,-76.20768184148152
43398,incendio,-6.3826,-76.0106
43402,incendio,-7.0321,-76.1908
43404,incendio,-7.1108,-76.2802
43418,no_incendio,-5.531434005442488,-77.13875106909684
43419,incendio,-6.2289,-77.7896
43423,incendio,-7.0139,-76.1818
43431,incendio,-6.0081,-75.8121
43445,no_incendio,-6.208571378644004,-77.08847372883292
43446,no_incendio,-6.547946119465311,-76.58716239935082
43447,incendio,-7.6828,-76.4887
43448,no_incendio,-6.682240904919321,-76.14970898536502
43466,no_incendio,-7.5389429366733145,-76.3612819242991
43475,no_incendio,-6.960986438297525,-76.973990270216
43483,incendio,-6.0843,-76.2254
43486,incendio,-7.1578,-76.8624
43490,no_incendio,-6.526663320909917,-76.57498858502044
43493,incendio,-6.8495,-76.9203
43496,incendio,-6.0632,-77.1631
43499,incendio,-6.5737,-76.1513
43501,no_incendio,-6.9712876814104,-75.72933923833854
43502,incendio,-6.913,-76.4247
43504,incendio,-8.6382,-75.6124
43509,incendio,-7.0229,-76.5954
43511,incendio,-7.0416,-76.6836
43514,incendio,-7.6805,-76.4946
43516,incendio,-6.4941,-76.3542
43520,incendio,-8.5868,-77.0266
43533,incendio,-7.2492,-76.7973
43540,no_incendio,-5.371545466461964,-76.40334353874748
43541,no_incendio,-7.396407470324547,-76.72763176582765
43542,incendio,-7.0872,-76.434
43547,no_incendio,-7.459387198765487,-76.32587223443953
43554,incendio,-7.2834,-76.69
43555,no_incendio,-5.7595902055188795,-75.77924853201874
43563,incendio,-7.7967,-77.7746
43565,incendio,-6.4896,-76.3642
43566,no_incendio,-6.85199901938547,-76.26634196774549
43570,incendio,-6.9552,-76.7069
43571,no_incendio,-6.812990607089626,-75.70820307560577
43578,incendio,-6.2949,-76.7624
43579,incendio,-7.1557,-77.0837
43583,incendio,-7.1111,-76.8017
43585,no_incendio,-6.607438503581988,-77.25629846979227
43587,incendio,-5.8095,-76.2205
43599,incendio,-6.6158,-76.4657
43602,incendio,-6.1548,-77.1418
43620,incendio,-7.3179,-75.5232
43625,no_incendio,-5.627829277005344,-77.01697267547831
43630,no_incendio,-7.186570265010596,-75.84461863050306
43649,incendio,-7.2018,-76.8421
43651,no_incendio,-5.632876376439432,-77.16339501604922
43656,incendio,-6.664,-76.7414
43665,incendio,-7.1669,-76.1615
43667,no_incendio,-5.863095020713222,-75.7889986714283
43671,no_incendio,-5.943086820538844,-77.20310189012812
43673,no_incendio,-6.940699761996049,-76.26181884160466
43674,incendio,-5.9262,-77.2786
43675,no_incendio,-6.5096234782459765,-76.05722709745423
43677,no_incendio,-6.22948269148436,-77.46060172999928
43679,incendio,-6.7474,-76.5493
43680,incendio,-7.2671,-76.983
43681,incendio,-8.3776,-76.4158
43690,no_incendio,-5.563302307050842,-76.50751783358145
43697,no_incendio,-7.374027518305184,-76.32029762844952
43700,no_incendio,-7.333242178068196,-76.42984929938181
43704,no_incendio,-7.23268535501901,-75.71791421763211
43705,incendio,-6.9738,-76.7792
43711,no_incendio,-7.394254404476224,-75.68500027222532
43713,no_incendio,-5.882379700992915,-75.5521215473338
43722,no_incendio,-6.959314262350769,-76.76578066872496
43724,no_incendio,-6.946999930209273,-76.16347768392615
43728,no_incendio,-6.4080436516823225,-77.02161843514952
43732,incendio,-7.0954,-76.7152
43733,incendio,-6.7569,-77.3082
43746,incendio,-5.9438,-75.8755
43748,incendio,-5.6645,-77.2275
43751,no_incendio,-6.802375216185101,-76.58944416230916
43756,no_incendio,-5.937659253977012,-77.34942172737706
43759,no_incendio,-7.451217530868493,-77.29241876502243
43760,incendio,-6.8915,-76.2864
43772,no_incendio,-5.469135651128677,-76.66584024328755
43777,no_incendio,-7.433633463069731,-76.05543235569675
43780,incendio,-6.6049,-76.3761
43782,no_incendio,-6.210262345134658,-77.11424996637882
43784,no_incendio,-6.788049219052879,-77.44058768590286
43794,no_incendio,-5.371545466461964,-76.40334353874748
43796,incendio,-8.2603,-77.2519
43798,incendio,-7.1126,-76.5064
43809,no_incendio,-7.275276678539276,-76.76197872211165
43821,incendio,-7.4687,-76.7261
43827,no_incendio,-5.740185734953845,-76.52718705325192
43832,incendio,-8.5883,-76.151
43834,no_incendio,-7.016437513107793,-76.40282278563666
43835,incendio,-7.2998,-76.4352
43855,no_incendio,-5.933819847140226,-76.39063203845332
43856,incendio,-7.1784,-76.8547
43858,incendio,-7.4503,-76.5338
43861,incendio,-5.9588,-76.3369
43863,incendio,-6.0832,-75.9596
43867,incendio,-6.4267,-76.5672
43871,incendio,-7.2337,-76.7516
43879,no_incendio,-6.260923080518788,-75.61074627640608
43880,no_incendio,-7.119713654903862,-76.96456647567159
43891,incendio,-6.9006,-76.621
43904,incendio,-7.3388,-76.8638
43907,no_incendio,-5.582283481453623,-75.95562633397932
43913,no_incendio,-5.618133364002661,-76.2191295091602
43917,incendio,-7.0141,-76.5989
43918,no_incendio,-6.146744794218693,-77.06450101501473
43933,incendio,-5.8219,-77.1517
43936,no_incendio,-7.420738238712349,-77.50365613060586
43941,incendio,-8.6083,-76.2965
43951,no_incendio,-6.7528370184185675,-75.79463738047077
43960,incendio,-7.3894,-76.681
43961,no_incendio,-5.840080182899449,-75.85406235209024
43969,no_incendio,-5.631534863423365,-75.5444078955286
43970,incendio,-7.5336,-76.4261
43971,no_incendio,-6.922025246132582,-76.1042067142141
43976,incendio,-6.0715,-76.2705
43977,incendio,-5.6983,-75.8615
43978,incendio,-7.024,-76.8595
43981,incendio,-6.4819,-75.7462
43983,incendio,-7.6759,-76.7304
43988,incendio,-6.3996,-75.8714
44019,no_incendio,-6.949415512269831,-76.30894649629607
44027,incendio,-7.2494,-76.4735
44032,no_incendio,-7.134812798520641,-75.55898183219816
44041,no_incendio,-7.208457886315255,-75.76495343289794
44042,incendio,-7.1075,-76.0487
44048,no_incendio,-6.833720284532176,-77.09053083344739
44054,no_incendio,-6.386426402369189,-77.04162489751405
44057,no_incendio,-7.584063938890335,-77.08532363724217
44058,incendio,-7.1777,-76.3962
44059,no_incendio,-6.987442347939161,-77.51096806537585
44060,incendio,-7.0931,-76.9236
44063,no_incendio,-5.544976635100384,-76.33130727413504
44074,incendio,-5.6833,-77.5631
44083,incendio,-8.1727,-76.6079
44086,incendio,-7.2219,-76.4625
44087,incendio,-7.41,-76.7197
44103,incendio,-6.7237,-76.579
44106,no_incendio,-6.425556209293201,-75.70279330371295
44107,no_incendio,-6.591526889483433,-77.26946848843974
44111,incendio,-8.3909,-76.2422
44114,incendio,-5.6696,-75.8188
44120,incendio,-6.8076,-76.7587
44123,incendio,-7.0433,-76.1071
44125,incendio,-6.865,-76.3791
44127,no_incendio,-5.77861794532389,-75.83294945249737
44128,no_incendio,-5.316751485798925,-76.19649120217885
44133,incendio,-7.3921,-76.4167
44138,incendio,-6.7449,-77.2868
44139,no_incendio,-6.950538468924696,-76.07104877103448
44149,incendio,-6.7511,-76.2282
44150,no_incendio,-6.234222668201542,-76.20280713881237
44151,no_incendio,-6.4212807531795,-76.03969565710284
44152,incendio,-5.6234,-76.6926
44162,incendio,-5.893,-76.1201
44163,incendio,-8.1745,-76.5951
44164,no_incendio,-5.795781284152276,-77.2311719718403
44166,incendio,-7.4896,-76.5312
44172,incendio,-5.7146,-76.1561
44179,no_incendio,-6.718454996800395,-75.59317309755335
44190,incendio,-6.7317,-76.6305
44194,incendio,-5.8434,-76.2044
44195,no_incendio,-6.709534503439617,-76.66045732733674
44196,no_incendio,-6.939758211874388,-76.17566888296336
44202,incendio,-6.474,-76.4488
44203,incendio,-6.6652,-76.4936
44206,incendio,-7.4892,-76.488
44209,incendio,-5.6158,-76.0008
44224,no_incendio,-6.327415879839147,-77.35700065577102
44225,incendio,-7.7734,-76.7405
44228,incendio,-6.5459,-76.0449
44232,incendio,-6.6739,-76.8833
44233,no_incendio,-5.8091800479019735,-77.2012977286717
44246,incendio,-7.2052,-76.3139
44253,incendio,-7.0489,-76.4417
44255,no_incendio,-5.716829315463946,-76.6884283959595
44258,no_incendio,-5.815055199872086,-76.00054370091742
44266,no_incendio,-6.535140869924569,-76.94972010352429
44269,no_incendio,-5.991944937539925,-75.60778625331145
44272,no_incendio,-6.795403037061402,-76.01023790419823
44275,incendio,-8.6455,-76.3325
44278,no_incendio,-6.402069451962711,-76.21591146142134
44279,no_incendio,-5.503666402060762,-76.62944463990817
44293,no_incendio,-6.302410592664891,-76.09804915179001
44295,no_incendio,-5.880337682080549,-76.27434878275604
44300,no_incendio,-7.573586798987392,-75.72729255411187
44303,incendio,-8.5956,-76.3148
44306,incendio,-6.424,-76.8907
44307,incendio,-7.6509,-76.4569
44315,incendio,-8.7002,-76.2888
44317,incendio,-7.4007,-76.6855
44319,incendio,-6.5631,-76.7149
44320,incendio,-6.746,-77.491
44329,incendio,-5.9764,-76.1271
44334,incendio,-8.7374,-77.0337
44346,no_incendio,-5.9343288832648255,-75.71284400291329
44352,no_incendio,-5.393627530051222,-76.7881303458327
44355,incendio,-6.8433,-76.2129
44356,no_incendio,-6.4891729979787565,-76.11291535541001
44360,incendio,-7.1461,-76.8392
44365,incendio,-5.8946,-77.0946
44371,no_incendio,-7.560257578514154,-75.8825568546828
44373,no_incendio,-5.413913540670089,-76.06082765185747
44374,no_incendio,-5.504024274503536,-76.47223087280436
44377,no_incendio,-6.183200595077096,-77.48563749654942
44384,incendio,-7.2737,-76.8254
44392,incendio,-7.5227,-76.6412
44395,no_incendio,-6.717854264231135,-76.93360863102455
44396,no_incendio,-6.521871195981789,-77.46615975017302
44399,incendio,-7.0366,-76.695
44401,incendio,-6.8213,-76.5411
44408,incendio,-8.752,-77.1788
44413,incendio,-7.5266,-76.6287
44415,no_incendio,-7.119124402863609,-77.37715689078294
44416,incendio,-6.7378,-76.1621
44427,incendio,-7.1654,-76.4936
44428,no_incendio,-5.857180576976917,-76.48483985555048
44433,incendio,-5.6751,-75.9406
44435,incendio,-6.9558,-76.5636
44458,no_incendio,-5.916934623864143,-76.40108482987945
44463,incendio,-6.9194,-76.3412
44469,incendio,-5.9353,-76.1193
44487,incendio,-6.3505,-76.5699
44495,incendio,-7.4987,-77.6266
44499,no_incendio,-6.017393971898976,-75.85609561110088
44506,incendio,-8.5471,-76.4535
44512,incendio,-7.1006,-76.0794
44513,incendio,-7.2687,-76.0336
44524,no_incendio,-6.7738595150234,-76.75356063625604
44535,no_incendio,-7.035328568865795,-77.4057239232557
44536,incendio,-8.623,-76.7131
44553,incendio,-8.6351,-75.5068
44554,no_incendio,-5.326651913477159,-75.9265205390365
44558,no_incendio,-5.719448744498719,-77.23298516632254
44560,no_incendio,-7.241586175081285,-75.60658029783822
44568,incendio,-7.4774,-76.3941
44574,no_incendio,-5.833818403533442,-75.71909137390456
44575,incendio,-7.2281,-76.4615
44578,no_incendio,-6.770535932670912,-77.17143392593205
44582,incendio,-7.2278,-76.3322
44583,incendio,-6.0192,-76.4708
44586,incendio,-5.7895,-76.4691
44595,incendio,-6.8748,-76.5498
44602,no_incendio,-7.014702412265873,-76.4405488433982
44614,incendio,-7.2969,-76.6455
44625,no_incendio,-7.3226422677593845,-76.0064093237638
44631,incendio,-6.998,-76.6529
44632,no_incendio,-6.367884072608207,-76.17501426406548
44634,no_incendio,-6.768773690834417,-77.41433372649782
44637,incendio,-7.2506,-76.4227
44644,no_incendio,-7.413823551899182,-76.79124540072256
44647,incendio,-7.0211,-76.7473
44661,no_incendio,-7.38891296125344,-75.60819465870141
44672,no_incendio,-6.929374374159936,-77.31440953103488
44673,no_incendio,-6.360887636963093,-77.10755017823716
44676,incendio,-5.7086,-76.4579
44691,no_incendio,-5.461372149282843,-77.4223608733987
44693,incendio,-8.0131,-76.6497
44699,incendio,-5.6432,-76.1478
44702,incendio,-7.4282,-76.5516
44712,incendio,-7.2454,-76.4623
44713,incendio,-7.5357,-76.6428
44731,no_incendio,-6.306399139576039,-77.35464424704278
44737,incendio,-7.123,-76.7339
44739,no_incendio,-5.356529850556848,-75.70252244587886
44750,incendio,-6.086,-76.2921
44758,no_incendio,-6.483562321615521,-76.75916170102427
44765,no_incendio,-7.2822391020909345,-76.80145523505668
44776,no_incendio,-6.007162927883913,-76.5503319635523
44777,incendio,-5.6701,-77.5499
44786,incendio,-8.5738,-77.7536
44788,incendio,-5.7268,-77.2004
44789,incendio,-5.9414,-76.4361
44790,no_incendio,-5.415291458153809,-76.23359920985345
44797,incendio,-6.8962,-76.4131
44802,incendio,-7.6393,-76.4947
44806,incendio,-5.7365,-76.4448
44811,incendio,-5.9588,-76.2739
44813,no_incendio,-7.5161179668921685,-75.82233090488322
44817,incendio,-6.5411,-75.6421
44821,no_incendio,-7.143300333347583,-76.01076815200116
44822,no_incendio,-7.208585468124074,-76.27137601541372
44824,no_incendio,-7.173287597971678,-76.70987433367677
44826,incendio,-5.521,-75.8543
44830,no_incendio,-7.18786046074964,-77.49981045735953
44840,no_incendio,-5.717584209483326,-76.19353141249358
44852,no_incendio,-7.389862143820086,-75.6711711336398
44857,incendio,-5.9887,-77.2776
44859,incendio,-8.6856,-76.3915
44867,no_incendio,-7.206553379936274,-76.41990893868237
44875,no_incendio,-6.5273014114668,-77.07055670023018
44884,incendio,-7.5147,-76.4834
44891,no_incendio,-5.89795943446839,-76.15835756218627
44908,no_incendio,-7.170373075763204,-77.40179462648253
44916,incendio,-7.09,-77.04
44917,no_incendio,-6.061758762169631,-76.83724970564258
44925,no_incendio,-5.343847653580683,-76.19643132056173
44926,no_incendio,-5.873429262130088,-76.29994874270383
44927,incendio,-6.7631,-76.1584
44931,incendio,-6.875,-76.6107
44941,no_incendio,-5.495540282606085,-75.60101254125998
44949,incendio,-5.9064,-75.9438
44952,no_incendio,-6.727398434306363,-77.48848492382807
44960,no_incendio,-5.326609511462546,-75.7438155508771
44974,incendio,-6.6661,-77.0076
44987,no_incendio,-5.4484392138134945,-75.95921509359859
44990,incendio,-6.5044,-76.8423
44993,no_incendio,-5.500738315784995,-75.59662427893288
44995,incendio,-7.7104,-76.5151
44998,incendio,-5.9266,-76.2099
45002,no_incendio,-5.786742413220336,-77.47906670461887
45004,incendio,-7.4342,-76.5256
45014,incendio,-7.2937,-76.2673
45021,incendio,-8.7284,-76.1424
45024,no_incendio,-6.589846765006126,-76.67564163824959
45028,no_incendio,-5.991245342520768,-75.64023187612118
45032,incendio,-5.8235,-76.2252
45034,no_incendio,-6.726577938090313,-76.92865414529734
45035,no_incendio,-6.534953195140333,-76.18456106043952
45044,incendio,-6.8227,-76.6617
45046,no_incendio,-6.386426402369189,-77.04162489751405
45048,incendio,-6.2021,-76.1451
45051,incendio,-6.5483,-75.6428
45054,no_incendio,-6.635301014584928,-76.41004319664097
45058,no_incendio,-6.220053203592378,-76.13217715018442
45064,incendio,-7.3467,-76.6894
45068,incendio,-7.2169,-76.9592
45074,no_incendio,-6.530680448143941,-77.14936961816767
45076,no_incendio,-5.60683404112794,-77.27867668965091
45092,incendio,-6.4196,-76.569
45095,incendio,-6.9961,-76.4461
45118,no_incendio,-6.573895472470259,-76.90325456502508
45119,incendio,-6.7759,-76.629
45126,incendio,-7.1972,-76.6241
45136,incendio,-7.658,-76.6817
45142,no_incendio,-6.240837636603836,-76.53427933607097
45153,no_incendio,-6.200224920959681,-76.22338578455044
45166,incendio,-7.0247,-76.2692
45169,incendio,-7.5378,-76.4743
45180,incendio,-6.6864,-77.2758
45186,no_incendio,-5.906202630940826,-77.50913404739389
45195,no_incendio,-6.324884637478815,-77.29362980195512
45196,no_incendio,-5.796164972487043,-76.72449599512143
45197,no_incendio,-7.378012032391012,-77.45917085361808
45198,incendio,-7.0387,-76.9094
45205,incendio,-8.6444,-76.7647
45214,no_incendio,-5.3088507793034125,-76.33692970134372
45225,incendio,-6.0785,-75.687
45226,incendio,-7.294,-76.5829
45229,no_incendio,-5.992717705570296,-75.97108395344519
45231,no_incendio,-5.841456819782133,-77.02191077906832
45233,incendio,-5.6226,-76.4365
45237,no_incendio,-5.845552774346191,-76.31135197083327
45248,no_incendio,-5.3579190970036175,-75.71127050256207
45250,incendio,-6.1572,-76.2775
45251,no_incendio,-5.9069362811274955,-76.90796880037888
45253,no_incendio,-5.875471323487407,-77.45654526806348
45255,no_incendio,-5.561988258344413,-76.88991934204635
45269,incendio,-6.0013,-77.191
45276,no_incendio,-5.670265351646696,-76.15936780244608
45277,incendio,-7.6831,-76.4933
45278,incendio,-7.0428,-76.1073
45279,incendio,-5.499,-76.751
45287,incendio,-7.0351,-76.568
45299,incendio,-7.0947,-76.0723
45300,incendio,-5.7672,-77.3837
45312,no_incendio,-7.579973441198802,-77.1349432446616
45313,no_incendio,-7.238745224856012,-76.16393878907805
45317,no_incendio,-5.619318348217799,-76.76258506679603
45320,no_incendio,-6.2554801571250565,-76.43574997258422
45325,no_incendio,-6.338014120219705,-75.59193349737778
45335,no_incendio,-5.41267692948794,-75.94332607139869
45337,incendio,-5.7346,-77.4663
45340,no_incendio,-7.506544236901732,-77.50246102993648
45341,incendio,-6.805,-76.6942
45345,incendio,-5.6638,-77.3259
45350,incendio,-6.7479,-76.4226
45352,no_incendio,-6.8053340000464315,-76.39338208242373
45354,no_incendio,-5.326931537697329,-77.25175106818679
45361,incendio,-7.1915,-77.5721
45364,no_incendio,-6.568678711242536,-76.46161690496696
45366,no_incendio,-6.729806246426535,-76.87013039720924
45372,no_incendio,-6.808675242061519,-76.44717674733054
45374,no_incendio,-6.71467279372098,-77.07743264874856
45376,incendio,-5.8905,-75.9883
45377,incendio,-5.791,-76.5252
45378,no_incendio,-5.62794321017974,-76.97851232659868
45380,incendio,-6.4323,-76.883
45388,incendio,-6.8776,-76.5507
45399,no_incendio,-7.30848813253614,-75.71138002186875
45408,no_incendio,-5.412071364186887,-77.00251056339543
45419,no_incendio,-5.599508739006035,-77.02715299547113
45435,incendio,-7.1967,-76.3807
45438,no_incendio,-5.8624058726324275,-77.54256899267752
45439,incendio,-8.4011,-76.3911
45451,no_incendio,-7.247461423234719,-75.57023459371909
45453,incendio,-6.16,-76.1381
45458,incendio,-5.6945,-75.8176
45459,no_incendio,-5.561988258344413,-76.88991934204635
45461,incendio,-5.5228,-75.8665
45470,no_incendio,-6.180704652480343,-76.89113580194854
45488,no_incendio,-6.400338002031925,-76.1292712340201
45503,incendio,-5.8749,-75.9561
45508,no_incendio,-5.532392079747417,-76.92136640270547
45512,no_incendio,-5.701812472978363,-75.88796553596778
45514,incendio,-6.4841,-76.3774
45520,no_incendio,-7.456346722108078,-76.20342873895703
45521,no_incendio,-5.67746740794027,-76.11677597680215
45525,no_incendio,-5.544342707790426,-75.8055721541421
45533,no_incendio,-6.695277689736439,-77.08154414600035
45539,no_incendio,-5.3992279096164255,-77.51525342091976
45540,no_incendio,-7.489751819531982,-75.96573533227652
45545,incendio,-6.8393,-76.7545
45547,incendio,-6.2864,-76.2138
45548,no_incendio,-7.014720559128957,-77.17810130446507
45549,no_incendio,-6.7183540623229865,-77.22771131243218
45561,no_incendio,-5.851710851525425,-77.43871611391367
45562,incendio,-7.5972,-76.7811
45577,no_incendio,-7.059198382146936,-75.77593999522976
45578,no_incendio,-7.347824110154567,-75.82503332128289
45585,incendio,-6.7644,-76.3845
45587,no_incendio,-7.325921986017655,-76.82760124158416
45589,no_incendio,-6.208571378644004,-77.08847372883292
45590,no_incendio,-6.974678823081742,-77.45775985292939
45595,no_incendio,-6.253426709313807,-77.08659131097349
45597,incendio,-7.7198,-76.8014
45600,no_incendio,-5.533837838145786,-75.72558753064112
45605,no_incendio,-6.189900798297541,-77.11922448268243
45612,no_incendio,-7.321172600418316,-77.03516400852085
45619,no_incendio,-7.20916394163281,-76.74882653338932
45620,incendio,-5.6927,-76.1714
45622,no_incendio,-5.411908378340763,-77.18230213965823
45628,incendio,-6.87,-76.9777
45636,no_incendio,-6.991256557400648,-76.23314655820306
45641,no_incendio,-6.040209440060914,-75.6194334979568
45646,no_incendio,-6.216596629515713,-76.33055988016247
45650,no_incendio,-6.391881397317083,-77.53216465937516
45656,incendio,-6.5319,-75.5312
45661,incendio,-6.0316,-75.7882
45669,incendio,-5.9338,-77.0763
45672,incendio,-7.097,-76.3296
45673,no_incendio,-6.003436470117687,-77.4174804711691
45678,incendio,-7.5407,-76.5576
45682,incendio,-6.32,-75.9305
45683,incendio,-7.4332,-76.8102
45685,no_incendio,-6.668152380486884,-76.32065241049386
45689,incendio,-7.5909,-76.5096
45693,no_incendio,-6.185102706019143,-75.78932803542219
45708,no_incendio,-6.468598557394471,-76.29833017428093
45712,no_incendio,-5.767577808825913,-75.75625284767814
45713,no_incendio,-7.4811756669415,-76.01564428333117
45716,no_incendio,-7.196044028055804,-76.77405078763431
45721,incendio,-7.0676,-76.1979
45726,no_incendio,-5.984669195028871,-76.49551058575585
45727,no_incendio,-7.245236344594437,-75.87140818649081
45731,incendio,-6.4829,-76.7343
45736,incendio,-6.0425,-76.2913
45740,incendio,-7.0911,-76.3713
45743,no_incendio,-5.89446781447664,-77.22849214912743
45744,incendio,-7.3425,-76.3775
45751,no_incendio,-5.70993701267222,-76.39276259470975
45753,no_incendio,-7.122938851987355,-76.92917682268381
45754,no_incendio,-5.31179064282697,-75.78618195501585
45760,incendio,-5.9888,-75.8432
45762,incendio,-6.0702,-77.038
45765,no_incendio,-7.547362899320046,-75.73565468655677
45769,no_incendio,-6.777084363074236,-76.9625637860872
45775,incendio,-8.3084,-76.56
45778,incendio,-7.3577,-76.564
45788,no_incendio,-6.390597266026688,-76.66038678496503
45797,incendio,-5.8949,-76.122
45802,no_incendio,-5.382192721085108,-75.80513455395052
45815,incendio,-5.7959,-76.2859
45816,incendio,-6.339,-75.9112
45818,incendio,-7.1209,-76.908
45821,no_incendio,-5.9720859301750675,-76.53474646331846
45828,incendio,-7.1239,-76.2676
45829,incendio,-7.1091,-76.4732
45833,no_incendio,-6.061127541678445,-77.3300358732125
45842,incendio,-8.5435,-76.3504
45846,no_incendio,-7.597873273181411,-76.24091197815666
45849,incendio,-6.8214,-76.6706
45854,no_incendio,-5.834449518062208,-77.06637575113496
45875,no_incendio,-5.907158352622331,-77.4442973163752
45879,incendio,-5.7422,-77.3661
45889,incendio,-6.8732,-76.5544
45891,incendio,-6.4888,-76.3558
45894,no_incendio,-5.665031141499033,-76.55743995217303
45895,incendio,-7.242,-76.227
45896,no_incendio,-6.9192120993691315,-77.08092941498545
45906,no_incendio,-5.3838831063176515,-76.49104845789617
45920,incendio,-8.1439,-76.946
45921,incendio,-7.3027,-76.5834
45933,no_incendio,-7.442180034070876,-75.92683774273232
45940,incendio,-6.9153,-76.878
45942,incendio,-5.6776,-75.8531
45949,incendio,-5.9002,-76.1128
45953,no_incendio,-6.050469228584658,-76.73736427886188
45957,incendio,-7.3058,-76.2998
45958,no_incendio,-6.569933219427762,-75.5278161670118
45973,no_incendio,-5.532971684555294,-77.02280558006699
45978,incendio,-5.5992,-77.7059
45984,no_incendio,-6.188812026219859,-77.47999723724293
45991,no_incendio,-6.152183459458481,-75.52419970077695
46003,no_incendio,-6.7133301961826755,-75.60854075962672
46014,incendio,-6.0584,-77.1694
46015,incendio,-6.127,-75.9956
46017,no_incendio,-5.592210809875936,-75.85957552026237
46020,incendio,-5.4728,-76.7664
46024,incendio,-6.9572,-76.6048
46049,incendio,-7.361,-76.8671
46055,no_incendio,-7.2086548700460105,-76.60794035176814
46060,incendio,-8.3606,-76.4008
46061,incendio,-8.5121,-77.4773
46065,incendio,-8.2656,-76.5431
46069,no_incendio,-5.433480478841975,-76.00940335234054
46070,no_incendio,-6.152311336764004,-75.83217280220295
46073,no_incendio,-5.802494877336548,-76.35132685190827
46076,no_incendio,-5.3882776436378474,-76.88098066302724
46077,no_incendio,-6.238722534494159,-76.96599757551694
46090,incendio,-5.6575,-76.1657
46097,no_incendio,-6.581835148874593,-77.10480197876178
46100,no_incendio,-6.902373213948052,-75.80243684170989
46102,incendio,-7.1507,-76.5914
46105,incendio,-6.4856,-76.2446
46110,incendio,-8.3986,-75.5198
46118,incendio,-6.3456,-75.8555
46119,incendio,-6.9614,-76.8952
46120,incendio,-6.5664,-76.7831
46122,no_incendio,-6.300657145765424,-77.02769419344376
46124,no_incendio,-7.318729401485612,-76.81445384525996
46126,incendio,-6.8282,-76.4317
46129,incendio,-6.5035,-76.8569
46131,no_incendio,-6.281173626920689,-76.33798845589783
46132,no_incendio,-6.129131664861193,-76.45649977733511
46135,no_incendio,-5.690488602053567,-76.999903296466
46150,incendio,-7.5916,-76.5644
46159,incendio,-6.9368,-76.2037
46162,incendio,-8.2237,-76.6182
46163,no_incendio,-6.242683257012905,-77.09272695265327
46165,incendio,-6.9638,-76.3626
46166,no_incendio,-7.27421571842906,-77.20818796800718
46173,no_incendio,-5.764033944085201,-76.45830778573153
46175,incendio,-8.7185,-76.8871
46182,incendio,-7.5357,-76.4419
46185,incendio,-7.1435,-76.2317
46187,incendio,-6.92,-76.0898
46189,no_incendio,-6.859911019700541,-76.71035228163608
46190,no_incendio,-6.770535932670912,-77.17143392593205
46191,incendio,-6.5461,-75.5278
46192,no_incendio,-5.919068188390441,-77.36605426382134
46194,no_incendio,-6.064542854980353,-77.18213602611725
46201,no_incendio,-6.300702389014246,-76.09062532956851
46203,no_incendio,-6.095756407316532,-77.30841425266888
46210,incendio,-6.8271,-76.8148
46214,no_incendio,-5.461372149282843,-77.4223608733987
46216,no_incendio,-7.298931793323789,-76.42163494937755
46218,incendio,-7.2492,-76.3472
46236,incendio,-6.6965,-76.6459
46241,no_incendio,-5.523597492537125,-76.54848022376082
46257,no_incendio,-5.509842715479968,-77.22974622552158
46263,incendio,-6.6216,-76.602
46268,incendio,-8.4339,-76.9795
46270,no_incendio,-5.875159377973664,-77.1185525314163
46278,incendio,-6.8285,-76.1658
46279,incendio,-7.5239,-76.5009
46281,no_incendio,-6.2554801571250565,-76.43574997258422
46287,no_incendio,-6.5350687305646415,-76.03706061602115
46290,no_incendio,-6.141100932072808,-75.82733820285651
46296,no_incendio,-6.625422961334142,-76.70627380489785
46303,incendio,-5.8126,-76.1543
46308,no_incendio,-6.082418461874669,-76.27878687106944
46318,incendio,-5.6256,-75.8475
46326,incendio,-8.3919,-75.5295
46327,no_incendio,-6.950538468924696,-76.07104877103448
46332,no_incendio,-6.534953195140333,-76.18456106043952
46345,no_incendio,-6.470561948843736,-76.94393330664495
46350,no_incendio,-6.545046135469808,-77.4695217022142
46372,incendio,-6.5816,-76.1871
46376,incendio,-6.3823,-76.0888
46380,incendio,-6.0133,-75.9217
46382,incendio,-6.2137,-76.0595
46385,no_incendio,-7.588515859914238,-76.24969046906399
46396,incendio,-6.9829,-76.9111
46397,incendio,-5.7685,-76.4995
46403,incendio,-6.9293,-76.1215
46408,incendio,-7.4083,-76.7271
46411,no_incendio,-5.93219045360977,-77.29340365193875
46415,no_incendio,-7.2386843016197115,-75.95361045134824
46417,incendio,-7.2811,-76.787
46418,incendio,-7.3197,-76.631
46428,no_incendio,-5.780675568523146,-77.4440499191556
46435,no_incendio,-5.77315746853071,-76.36797107270804
46437,incendio,-8.5025,-75.5771
46445,incendio,-7.0899,-76.5543
46448,no_incendio,-5.393926083579098,-77.3710588373999
46466,incendio,-6.1611,-76.0289
46468,no_incendio,-7.418524326808485,-76.32670813744515
46475,no_incendio,-7.234182176376593,-76.40213823666475
46485,incendio,-7.1318,-76.9934
46488,incendio,-6.6647,-76.6531
46501,incendio,-7.2025,-76.617
46505,incendio,-8.327,-75.5323
46506,no_incendio,-6.877057799259076,-76.08087001237526
46514,no_incendio,-6.508124167264835,-76.61340355687425
46522,incendio,-7.5725,-76.4571
46525,no_incendio,-5.867914432983562,-76.93835853406706
46529,no_incendio,-5.782302498103818,-75.6928374050029
46532,incendio,-6.8051,-76.698
46543,no_incendio,-5.432202072011853,-76.59374002276904
46545,incendio,-6.3288,-76.0258
46552,incendio,-7.5929,-76.4833
46569,incendio,-8.6455,-76.7474
46570,no_incendio,-6.295102509635013,-77.52506617532497
46584,incendio,-8.6616,-76.4166
46594,incendio,-6.1763,-76.1899
46595,no_incendio,-5.971572498496214,-75.54699515189168
46601,incendio,-7.5766,-76.4974
46602,incendio,-7.058,-76.2903
46608,incendio,-6.8413,-76.206
46613,no_incendio,-5.3992279096164255,-77.51525342091976
46620,incendio,-8.0168,-77.5684
46625,incendio,-7.2325,-76.0999
46633,no_incendio,-7.327169653945901,-75.96963671647885
46634,incendio,-6.137,-76.3447
46645,no_incendio,-5.778455522305078,-75.72084632972607
46649,incendio,-7.2203,-76.5234
46654,no_incendio,-5.637143675477756,-76.46390106880192
46663,no_incendio,-7.1695522446443345,-76.10103400972879
46665,no_incendio,-6.20057296249363,-75.67448207002488
46666,no_incendio,-6.8038809431040965,-76.81652393345753
46668,incendio,-7.3262,-76.9624
46671,incendio,-7.0697,-76.5119
46676,incendio,-6.5974,-76.7622
46685,no_incendio,-5.8513705657504405,-76.02980196988514
46686,no_incendio,-5.632530971200962,-77.47788862342078
46688,incendio,-8.6242,-76.7021
46696,incendio,-5.9069,-76.1095
46697,incendio,-6.838,-76.8384
46704,incendio,-6.2656,-76.8662
46705,no_incendio,-6.256015929782314,-76.34693713254352
46711,incendio,-6.992,-76.153
46716,no_incendio,-6.026471909112164,-76.38280873739679
46718,no_incendio,-6.18702118811894,-77.34328610788602
46719,no_incendio,-6.119596318397669,-75.7668351630271
46721,no_incendio,-7.038481344593258,-77.380855509791
46724,incendio,-7.2794,-76.7757
46725,no_incendio,-6.794568351022706,-76.21891681391108
46733,no_incendio,-7.500619459820059,-77.36318050509186
46736,incendio,-7.381,-76.627
46739,no_incendio,-6.965586863586331,-77.4440785223658
46745,no_incendio,-6.342199034001742,-75.95822752581152
46754,no_incendio,-5.932677032359028,-76.67039982026421
46755,no_incendio,-6.5603093207023875,-76.81459925787705
46761,no_incendio,-6.594617909865595,-77.00174234736866
46762,incendio,-6.9936,-76.1383
46773,no_incendio,-7.579867389663157,-75.5999817001758
46776,no_incendio,-5.783942671800878,-75.80670959767819
46778,incendio,-8.5966,-75.6357
46781,incendio,-8.3895,-76.5128
46782,no_incendio,-6.5261926674204425,-76.38524797852925
46788,no_incendio,-6.586322213980279,-76.11222675311737
46791,incendio,-7.1316,-76.152
46794,no_incendio,-6.15602894819134,-76.33768833426039
46795,no_incendio,-7.419812910820906,-75.99406148062167
46800,no_incendio,-5.7595902055188795,-75.77924853201874
46803,no_incendio,-6.823512194602855,-76.05631689166178
46810,incendio,-7.5815,-76.5083
46812,no_incendio,-5.465266875680572,-76.24842900681286
46830,no_incendio,-6.467906945467672,-76.60396630033286
46835,no_incendio,-6.934543735011002,-76.3579106281597
46843,no_incendio,-6.006937780860308,-77.45432250461575
46845,incendio,-6.0665,-76.3216
46846,no_incendio,-5.7104262943961315,-76.82542277064935
46858,incendio,-7.3665,-76.6037
46861,no_incendio,-6.5946003096451,-75.95074265399953
46862,incendio,-6.7886,-76.4586
46863,incendio,-5.9435,-77.3039
46873,incendio,-6.1019,-75.6827
46877,incendio,-6.764,-76.4344
46883,incendio,-6.8034,-76.2495
46890,incendio,-6.9171,-76.7796
46892,incendio,-6.4772,-76.9896
46894,no_incendio,-6.460809424904893,-76.67264708557983
46899,incendio,-6.8211,-76.0976
46900,no_incendio,-5.592455159672106,-77.05696823462097
46914,incendio,-7.1189,-76.603
46918,no_incendio,-5.841084064265475,-76.47146316885033
46919,incendio,-6.6759,-76.8789
46922,no_incendio,-6.9734000570740395,-77.15029703123086
46926,no_incendio,-6.621617501983885,-75.65329251395444
46928,no_incendio,-5.645767924721762,-75.55196135325615
46931,no_incendio,-6.741440234624422,-77.09605125719467
46937,no_incendio,-5.931410128051382,-77.48442078407336
46943,incendio,-6.0458,-76.8305
46962,incendio,-7.1884,-76.4797
46969,no_incendio,-6.060981828013205,-76.61589601950963
46970,no_incendio,-6.140517171743051,-76.57805750649717
46978,incendio,-5.946,-77.3103
46979,no_incendio,-6.890502660955485,-77.28521359628384
46980,incendio,-5.8088,-76.0684
46984,no_incendio,-5.592384500349762,-76.12339689137886
46986,no_incendio,-6.929766621277843,-76.9486595645204
46995,no_incendio,-6.24016797795497,-75.64844512243143
46998,no_incendio,-6.599957493403006,-76.05770861085986
47000,no_incendio,-6.856229226903604,-75.880120110949
47007,no_incendio,-7.584063938890335,-77.08532363724217
47008,incendio,-5.9544,-75.9004
47014,no_incendio,-6.911054339106914,-76.61694946054432
47018,no_incendio,-5.343900486239555,-76.31811435683882
47021,no_incendio,-6.041363097111863,-76.73639252849324
47025,no_incendio,-5.431391280919102,-75.58519659503115
47026,no_incendio,-6.6084019823282665,-76.06077967767854
47028,no_incendio,-5.40191525194851,-77.41832441514279
47030,no_incendio,-7.391354511869424,-77.17370886410413
47035,no_incendio,-6.061679877354346,-76.10414263000189
47041,no_incendio,-6.473718077481412,-77.49661278682977
47052,no_incendio,-7.340268369426515,-77.43400024997341
47060,incendio,-6.634,-76.4543
47065,no_incendio,-5.346519894910452,-77.42054950645856
47069,no_incendio,-6.1922155906112035,-75.54995561422898
47085,no_incendio,-5.434734993358147,-76.94653262890384
47090,no_incendio,-5.397648721010737,-76.34314573163867
47096,incendio,-7.2666,-76.2163
47099,incendio,-7.5975,-76.6478
47108,no_incendio,-7.49572574357337,-75.97213125228711
47109,no_incendio,-6.346021842815813,-77.12333044544714
47118,incendio,-8.3061,-75.548
47119,incendio,-7.4399,-76.5492
47120,incendio,-5.8126,-76.1486
47121,incendio,-6.8609,-76.5135
47133,incendio,-6.2475,-76.2312
47152,incendio,-6.7685,-76.8413
47156,no_incendio,-6.731898455104795,-77.28317456533246
47157,incendio,-7.0472,-76.3012
47165,incendio,-6.9429,-76.0827
47166,incendio,-5.9763,-76.306
47174,no_incendio,-6.594359651694001,-75.81359177197494
47177,incendio,-7.2202,-76.3315
47178,incendio,-7.1502,-76.3111
47181,incendio,-6.7351,-76.5455
47184,no_incendio,-6.026471909112164,-76.38280873739679
47185,incendio,-7.1724,-76.859
47190,incendio,-7.1017,-76.1198
47191,no_incendio,-6.535104750481092,-76.08251249993276
47194,incendio,-5.6611,-76.5457
47196,incendio,-7.5113,-76.6423
47201,no_incendio,-6.303674677610133,-77.5422248964013
47203,no_incendio,-6.709233322192638,-77.51049806027564
47217,incendio,-6.5546,-77.7479
47219,incendio,-7.3586,-76.6447
47220,no_incendio,-7.475578948011531,-76.98527349241844
47225,incendio,-6.4992,-76.4911
47226,no_incendio,-5.308872125512365,-76.42879798434883
47228,incendio,-5.7096,-75.8998
47242,incendio,-5.9804,-76.2699
47245,no_incendio,-7.597875070160168,-76.24368895263702
47253,no_incendio,-7.014371526342947,-75.6304094962068
47257,no_incendio,-7.493540878148328,-76.20838654108637
47261,no_incendio,-6.036634194085042,-76.33475368850613
47264,no_incendio,-5.3130357942785436,-76.58858316456917
47268,incendio,-8.3026,-76.343
47269,incendio,-6.7734,-76.521
47271,incendio,-8.7078,-77.0102
47272,no_incendio,-5.968870459553349,-76.92149677654932
47273,no_incendio,-5.883511037804077,-76.04364195318125
47281,no_incendio,-6.75824475765212,-77.38725973698892
47284,incendio,-5.6497,-77.249
47287,incendio,-6.9895,-76.7869
47290,incendio,-6.3294,-77.6628
47300,no_incendio,-6.721818890646596,-76.25717682869612
47302,incendio,-6.0547,-77.2529
47307,no_incendio,-6.4643629782720495,-76.22804730377794
47313,no_incendio,-5.7826453397308155,-77.3905226367299
47318,incendio,-6.7853,-76.4959
47319,no_incendio,-6.424628672692531,-76.43252138876545
47321,no_incendio,-6.237716755759431,-77.39156311979332
47326,no_incendio,-5.691367325953232,-76.91174291210852
47337,no_incendio,-6.439732844593629,-76.57320223136172
47345,incendio,-5.6948,-76.1782
47351,incendio,-6.3966,-75.7141
47354,incendio,-7.5808,-76.4651
47355,no_incendio,-7.496239899438951,-76.29662903245722
47356,no_incendio,-5.826799302537919,-75.73782519899997
47359,incendio,-7.1409,-76.2176
47366,no_incendio,-6.043030962073811,-76.47604236953148
47368,incendio,-8.3571,-76.3643
47386,no_incendio,-6.746503515167967,-76.72857236085679
47391,no_incendio,-5.841456819782133,-77.02191077906832
47392,incendio,-6.6272,-76.6034
47399,incendio,-7.178,-76.7386
47401,no_incendio,-6.590453070259288,-76.04913179233263
47403,incendio,-8.1903,-76.6581
47411,no_incendio,-6.442429492492132,-75.8210206317141
47420,no_incendio,-7.429652282174055,-77.07260924152962
47441,no_incendio,-6.59021190121403,-77.23373057764607
47443,no_incendio,-6.831471934568246,-75.7875932896481
47455,no_incendio,-6.950453264096688,-75.59880859567114
47457,no_incendio,-6.490435100183895,-76.04212659409674
47458,incendio,-8.4711,-77.694
47461,no_incendio,-5.83397648887431,-77.22981106334638
47467,incendio,-5.9811,-77.0584
47471,incendio,-5.732,-75.818
47472,incendio,-7.7246,-76.7744
47475,incendio,-8.7434,-76.3201
47476,incendio,-7.4073,-76.3488
47477,incendio,-6.5247,-76.8978
47480,incendio,-6.8829,-76.4782
47486,incendio,-7.2469,-76.7801
47506,no_incendio,-5.767157423041838,-75.60792843558447
47509,no_incendio,-5.978876914297251,-77.26050814725458
47512,no_incendio,-5.629982094333977,-76.71464699448994
47519,incendio,-7.2963,-76.8199
47520,incendio,-7.2365,-76.3465
47529,incendio,-7.5831,-76.3265
47531,no_incendio,-6.536547874138972,-77.31298293788737
47533,no_incendio,-7.063019746501072,-77.52481749302208
47537,no_incendio,-7.117688925300616,-76.79094679252412
47542,incendio,-8.2185,-77.4033
47550,no_incendio,-7.294379319518731,-75.60933586901135
47557,no_incendio,-6.657375055143169,-77.32783662453852
47560,incendio,-5.8234,-76.3857
47562,no_incendio,-6.846227548420243,-77.09414313428448
47570,no_incendio,-6.833720284532176,-77.09053083344739
47571,no_incendio,-5.8511939634062635,-76.52247944634267
47580,no_incendio,-5.808189893519151,-75.58463969579134
47585,no_incendio,-5.65611924902812,-76.450948774078
47588,no_incendio,-6.758060268510353,-77.51884776551792
47606,incendio,-5.859,-75.9155
47608,incendio,-7.038,-76.8481
47612,no_incendio,-5.454661580886559,-77.46777785872058
47620,no_incendio,-7.391380566669081,-77.4628689446306
47622,no_incendio,-6.859834032339221,-77.17846783969736
47626,no_incendio,-7.389994539498961,-76.89198335030245
47642,no_incendio,-6.188812026219859,-77.47999723724293
47646,incendio,-6.4248,-76.398
47655,incendio,-7.5646,-77.6045
47662,no_incendio,-7.014371526342947,-75.6304094962068
47667,incendio,-5.7208,-77.4377
47668,no_incendio,-5.763649060823176,-76.26292282199367
47671,incendio,-7.2659,-76.1006
47687,incendio,-5.6955,-75.8491
47688,incendio,-5.8177,-76.2953
47697,incendio,-6.2331,-75.8453
47700,incendio,-6.8407,-76.8341
47703,no_incendio,-5.647813944563046,-75.98631579821414
47709,incendio,-6.6612,-76.4755
47710,incendio,-5.9575,-75.7707
47711,incendio,-8.6081,-76.7383
47715,no_incendio,-6.86277091910318,-76.45893260017807
47716,incendio,-7.2502,-77.0469
47719,incendio,-5.608,-75.901
47722,no_incendio,-7.511471498657587,-77.0305776349507
47725,no_incendio,-5.818727365285151,-76.86751655981939
47727,incendio,-7.3319,-76.9629
47737,incendio,-7.9575,-77.4576
47738,incendio,-6.0578,-76.1437
47752,no_incendio,-6.042344688075439,-75.58423135699039
47753,no_incendio,-6.744432665503469,-75.60365511201267
47754,incendio,-5.8689,-76.3819
47756,incendio,-6.2174,-76.1604
47763,incendio,-7.3191,-76.9474
47768,incendio,-7.8026,-76.7021
47774,incendio,-7.0659,-76.4109
47784,no_incendio,-6.0746976290586785,-75.57122315970695
47788,incendio,-5.6559,-76.5928
47793,incendio,-6.8462,-76.6875
47800,incendio,-6.557,-77.7418
47803,no_incendio,-7.036643028375762,-75.60012732289076
47804,no_incendio,-5.767577808825913,-75.75625284767814
47808,incendio,-8.3951,-76.5172
47813,no_incendio,-5.489245275525123,-76.82667902790362
47830,no_incendio,-5.629475532551382,-77.50061748638073
47837,incendio,-5.8963,-75.9955
47841,incendio,-8.5245,-75.5581
47845,no_incendio,-7.1539722320594805,-75.85581574536513
47847,no_incendio,-7.582363301360768,-76.43607509989434
47857,incendio,-5.7421,-75.8606
47866,no_incendio,-7.475413502587504,-75.52501286015236
47869,no_incendio,-6.518152554514016,-75.5195810155841
47874,incendio,-7.1359,-76.936
47875,no_incendio,-6.641370996240543,-76.27210728920325
47878,no_incendio,-5.465266875680572,-76.24842900681286
47886,no_incendio,-6.351517341637376,-77.31017116176967
47889,incendio,-8.0815,-76.7512
47890,incendio,-6.8595,-76.7987
47898,incendio,-7.0924,-76.9465
47900,incendio,-8.1616,-77.3783
47915,incendio,-6.0684,-77.1674
47917,no_incendio,-6.272780592421534,-77.3547663887392
47918,incendio,-7.5506,-76.3993
47922,no_incendio,-6.813320133246802,-77.08343216063022
47923,incendio,-5.5756,-76.1218
47930,incendio,-5.7324,-77.252
47937,no_incendio,-7.464502353788052,-77.51392837949253
47952,incendio,-8.65,-77.0853
47956,no_incendio,-7.303191371239219,-76.86950299016307
47965,incendio,-7.7011,-76.4932
47972,incendio,-6.3374,-76.1263
47974,incendio,-7.5058,-76.5216
47981,incendio,-7.273,-76.7862
47985,no_incendio,-7.409421605310309,-75.83681236527086
47993,no_incendio,-6.256015929782314,-76.34693713254352
48005,no_incendio,-6.737059261843657,-77.50234796745673
48006,no_incendio,-7.089179421889268,-75.95457712793731
48008,incendio,-6.2566,-75.8388
48009,no_incendio,-5.95558763459201,-75.58088985962372
48011,incendio,-5.7325,-76.0788
48015,no_incendio,-7.353443194684449,-76.65203331889043
48032,incendio,-7.6024,-76.6062
48036,incendio,-6.6255,-76.3983
48039,incendio,-6.8967,-76.9148
48040,no_incendio,-6.621617501983885,-75.65329251395444
48041,incendio,-7.5374,-76.5
48042,no_incendio,-7.257884674103633,-77.06798922780067
48046,incendio,-6.3331,-75.8835
48051,no_incendio,-6.10372793592555,-77.07921750093743
48057,incendio,-6.107,-76.8301
48058,incendio,-6.6611,-76.328
48059,no_incendio,-6.93526933500558,-76.94440022861454
48075,incendio,-6.8018,-76.3983
48080,incendio,-7.2954,-76.3577
48082,incendio,-6.8923,-76.3278
48083,no_incendio,-6.949555937913036,-76.48135739497957
48104,no_incendio,-6.580708866740203,-77.30463518466154
48115,no_incendio,-7.320681720418793,-75.65489361084256
48124,incendio,-6.7764,-76.563
48127,no_incendio,-7.573586798987392,-75.72729255411187
48137,no_incendio,-7.1291364623253095,-77.04904307212506
48148,incendio,-8.6288,-76.7415
48149,incendio,-7.6913,-76.4714
48153,no_incendio,-7.089719383654557,-75.94940066492136
48155,no_incendio,-5.7006314608305315,-76.5774762709844
48156,incendio,-6.3982,-76.4547
48158,no_incendio,-6.699009805364948,-77.20530585140459
48159,no_incendio,-7.089719383654557,-75.94940066492136
48170,no_incendio,-5.928733149107297,-75.62813587078854
48173,no_incendio,-5.993099838060813,-76.1739103851831
48179,no_incendio,-5.59950907688548,-76.65469517623596
48183,incendio,-6.2848,-76.7559
48189,no_incendio,-7.011514074885707,-76.73934268520709
48199,incendio,-6.9701,-76.4755
48206,no_incendio,-5.942412033073392,-76.99723759620795
48221,no_incendio,-6.886318678721428,-75.69795842959347
48222,no_incendio,-6.313248493497401,-76.78850683195617
48223,incendio,-6.8861,-76.8919
48229,no_incendio,-7.001340466952041,-77.12576187207982
48243,no_incendio,-5.888892522225688,-76.77144344906966
48245,incendio,-6.51,-77.4424
48253,incendio,-6.0065,-75.7556
48256,no_incendio,-6.370500555903968,-77.21187079190732
48263,no_incendio,-5.941437702339227,-76.71661667859928
48268,no_incendio,-7.153254312142147,-75.61931012295983
48271,no_incendio,-6.273383567178642,-76.44114691338451
48272,incendio,-8.634,-76.3133
48280,no_incendio,-6.605998782992554,-75.65519582804205
48284,no_incendio,-5.607896245919547,-76.37910922472966
48285,no_incendio,-7.462272976116109,-77.0484423984109
48290,incendio,-5.6353,-76.5816
48297,no_incendio,-5.488108953088452,-75.94706476403223
48304,incendio,-6.648,-76.6702
48306,no_incendio,-5.646223843039662,-77.22265388647651
48310,no_incendio,-6.1290157028955905,-75.56386178427238
48316,incendio,-5.5977,-77.6954
48317,incendio,-7.0022,-76.3657
48337,incendio,-7.6301,-76.4708
48342,incendio,-8.3555,-76.5599
48344,incendio,-6.9455,-76.6978
48351,no_incendio,-5.472585153492127,-77.10655294749147
48366,no_incendio,-6.405979736399026,-76.3782661506041
48377,no_incendio,-7.332916187784927,-76.99914864296008
48385,incendio,-6.7947,-76.5206
48386,incendio,-6.2152,-76.2066
48387,incendio,-6.7593,-76.5898
48389,incendio,-7.4551,-76.4003
48411,no_incendio,-5.968870459553349,-76.92149677654932
48420,incendio,-6.4967,-77.6495
48425,incendio,-6.889,-76.617
48426,no_incendio,-6.136911310096428,-77.0902535793698
48427,no_incendio,-7.424353792615787,-75.73269651500266
48433,incendio,-7.5246,-76.4465
48438,incendio,-8.2612,-77.2629
48440,incendio,-6.6982,-76.1731
48441,no_incendio,-6.081931713189248,-77.21688851873837
48448,no_incendio,-6.125428103487026,-76.53876796540057
48454,incendio,-6.0326,-76.9741
48455,no_incendio,-6.481249114263664,-76.46843350139385
48488,no_incendio,-7.30848813253614,-75.71138002186875
48492,no_incendio,-6.107963962321368,-76.14425862528958
48497,no_incendio,-6.262409317154696,-77.54584990676739
48499,incendio,-6.8286,-76.8852
48506,no_incendio,-7.142700246389308,-75.6184501532002
48512,no_incendio,-6.831471934568246,-75.7875932896481
48517,incendio,-7.1265,-76.5309
48518,incendio,-6.485,-75.7842
48519,incendio,-6.5647,-75.552
48531,no_incendio,-6.564347270784287,-75.8738633840426
48532,incendio,-5.9994,-75.7769
48545,incendio,-5.8002,-76.3516
48546,no_incendio,-7.076017752800738,-75.91978389352657
48547,incendio,-5.7512,-75.9307
48551,no_incendio,-6.590754018103255,-77.05782694444511
48554,no_incendio,-6.324884637478815,-77.29362980195512
48555,incendio,-6.0915,-75.9892
48566,incendio,-7.9275,-77.486
48568,incendio,-7.5691,-77.4948
48573,no_incendio,-6.53438876670278,-77.3151143596093
48577,incendio,-8.6663,-76.9124
48581,incendio,-7.1765,-76.2023
48589,incendio,-5.9641,-76.5109
48591,incendio,-5.9449,-77.104
48592,no_incendio,-6.238722534494159,-76.96599757551694
48595,no_incendio,-6.061517131296685,-76.40854652459227
48596,incendio,-6.8728,-76.6263
48598,no_incendio,-7.396034749471958,-77.09104434205882
48607,incendio,-6.3187,-76.177
48611,no_incendio,-6.146731180710696,-76.41626474161549
48619,no_incendio,-5.655403371061297,-77.22066038141541
48620,incendio,-8.6668,-76.8175
48626,incendio,-6.4131,-75.9002
48632,no_incendio,-6.84710555088138,-75.520478621097
48633,no_incendio,-5.987623594847527,-77.50895445827787
48639,no_incendio,-6.074232738963784,-75.5615873787058
48644,incendio,-6.5951,-75.721
48648,no_incendio,-6.727398434306363,-77.48848492382807
48668,incendio,-6.4915,-76.3696
48670,no_incendio,-7.357911846364595,-77.10667831143273
48672,no_incendio,-7.079367268286084,-75.74962590729507
48674,no_incendio,-7.538893258472397,-76.84270311973465
48680,no_incendio,-5.450455855055424,-76.00497644122908
48681,no_incendio,-6.050469228584658,-76.73736427886188
48698,incendio,-6.3641,-76.5111
48707,no_incendio,-5.976958562482058,-76.80488821989493
48709,incendio,-7.1145,-76.197
48714,incendio,-5.7487,-76.342
48728,no_incendio,-5.952502510545931,-77.35100051203952
48734,no_incendio,-5.815972204611399,-75.5996631905604
48739,no_incendio,-5.657826113607748,-77.0484188289704
48752,incendio,-7.1075,-76.9153
48761,incendio,-6.7492,-76.4321
48765,no_incendio,-6.623009401594125,-76.90524149374978
48766,incendio,-7.412,-76.8504
48793,incendio,-7.2213,-76.3625
48796,no_incendio,-6.162915042417179,-77.15261169414305
48799,incendio,-7.6769,-76.5443
48801,no_incendio,-5.882379700992915,-75.5521215473338
48803,no_incendio,-7.5964500853796,-76.68614160369373
48810,no_incendio,-7.428960143280297,-76.20768184148152
48812,incendio,-7.5989,-76.4015
48818,incendio,-7.6467,-76.4442
48819,no_incendio,-6.0636997194620585,-76.98817967024722
48822,no_incendio,-7.446762207896028,-76.39856521781556
48829,incendio,-6.786,-76.9037
48833,incendio,-5.752,-76.5701
48838,incendio,-6.6039,-76.9084
48843,incendio,-6.869,-76.1123
48849,incendio,-6.7344,-76.435
48850,incendio,-7.021,-76.5248
48852,incendio,-7.3443,-76.157
48855,no_incendio,-6.807279841790784,-75.78242302305196
48858,incendio,-5.7368,-75.9656
48859,incendio,-6.59,-76.3915
48861,no_incendio,-6.7893125147185724,-75.8130856477531
48871,incendio,-5.8741,-76.2358
48881,no_incendio,-6.8824524173967765,-77.12203229237878
48883,no_incendio,-6.260865842963683,-76.65344397081381
48888,incendio,-5.9098,-76.9733
48891,incendio,-6.9448,-76.7405
48894,no_incendio,-5.399683097686471,-76.85103843093029
48898,incendio,-5.3617,-76.7329
48902,incendio,-5.8286,-76.206
48906,incendio,-7.0825,-76.1088
48907,incendio,-8.4504,-76.2176
48910,no_incendio,-5.824960586839608,-76.59374334653756
48918,no_incendio,-7.308376267427788,-75.72020744008876
48935,incendio,-6.4863,-76.5975
48938,no_incendio,-5.976273966695589,-76.89556075922386
48951,no_incendio,-6.234937456831474,-75.55136134306397
48959,no_incendio,-6.482310901757052,-76.90146059819452
48966,no_incendio,-6.4907275004006655,-77.35721194518156
48967,no_incendio,-7.431414415877487,-76.13136950681124
48976,no_incendio,-7.132724984642544,-76.76764396887705
48979,incendio,-6.7508,-76.5708
48981,no_incendio,-7.480945740497024,-75.88131487548965
48990,no_incendio,-6.400727870765625,-77.48420741846027
48997,incendio,-7.9059,-76.6975
48999,no_incendio,-6.439732844593629,-76.57320223136172
49003,no_incendio,-5.588466979788065,-76.18717580992774
49011,incendio,-8.4482,-76.3179
49012,incendio,-6.7927,-76.8072
49019,no_incendio,-7.588508908070386,-76.23887995392813
49027,no_incendio,-6.53325154649785,-76.75115030969212
49041,no_incendio,-7.447641034854349,-75.90762090121981
49051,no_incendio,-6.623625617650361,-76.4412657181978
49066,no_incendio,-5.632340632015464,-77.5312686703611
49073,incendio,-6.7009,-76.5117
49093,no_incendio,-6.519206979509828,-76.45089641887259
49102,incendio,-5.8485,-75.9583
49106,no_incendio,-7.121678053413924,-76.22436656303664
49107,incendio,-5.6857,-76.1366
49112,incendio,-7.144,-76.0688
49116,no_incendio,-7.4654999073290265,-76.71461513627762
49118,incendio,-6.0738,-76.2291
49120,incendio,-6.1802,-76.1599
49121,no_incendio,-5.3928610006268665,-76.95098681919762
49125,incendio,-7.4127,-76.8255
49127,no_incendio,-5.593725246250177,-76.70151478021911
49129,no_incendio,-5.925744830854394,-76.62635370808266
49134,incendio,-5.8654,-75.9357
49139,no_incendio,-6.038741337094879,-76.35768470937417
49141,no_incendio,-7.371625145918922,-75.70238603258082
49144,incendio,-6.7589,-76.4653
49150,incendio,-8.2638,-75.5105
49152,no_incendio,-5.590745607594968,-76.01092904258273
49153,incendio,-8.1787,-75.6657
49158,incendio,-8.5351,-76.1961
49160,incendio,-5.6902,-75.9366
49161,incendio,-7.2036,-76.3276
49171,incendio,-5.7672,-75.6425
49173,no_incendio,-6.677016361068433,-76.35596462138518
49184,incendio,-7.3044,-75.503
49186,no_incendio,-7.454954880890163,-76.93861380280573
49188,no_incendio,-5.441319758239503,-76.40390121737344
49190,incendio,-7.4041,-76.594
49197,no_incendio,-5.930404217360228,-76.53983487852608
49198,incendio,-7.0696,-76.4747
49200,incendio,-6.7371,-77.524
49208,incendio,-5.841,-76.3513
49212,incendio,-6.1782,-76.216
49213,incendio,-6.4781,-75.6712
49214,no_incendio,-5.65117658577255,-75.62263099163508
49224,no_incendio,-5.452170869834514,-77.53679842313242
49226,incendio,-6.8135,-76.536
49233,incendio,-7.3032,-76.9816
49240,no_incendio,-6.15602894819134,-76.33768833426039
49243,no_incendio,-5.46295343513328,-75.95414593487065
49247,no_incendio,-7.011514074885707,-76.73934268520709
49252,no_incendio,-5.688886934346843,-77.36422749238871
49254,incendio,-6.1312,-75.6711
49255,no_incendio,-6.346021842815813,-77.12333044544714
49259,incendio,-8.5531,-75.537
49262,incendio,-5.6758,-75.9367
49267,incendio,-7.5665,-77.4892
49272,no_incendio,-6.619578652288662,-76.97686198868091
49274,incendio,-5.8541,-76.1744
49278,incendio,-6.9275,-76.8466
49279,incendio,-6.9355,-76.6193
49289,incendio,-6.5988,-76.905
49291,incendio,-6.7504,-76.8568
49300,no_incendio,-7.456346722108078,-76.20342873895703
49303,incendio,-6.7356,-76.5684
49311,incendio,-6.6252,-76.6761
49313,incendio,-6.3078,-76.0431
49316,no_incendio,-5.8586832152668595,-76.15130829850591
49318,no_incendio,-6.939438225282601,-76.80786345912996
49321,incendio,-5.905,-76.1288
49322,no_incendio,-7.523343048173316,-75.60465669486607
49337,incendio,-7.1245,-76.5711
49347,no_incendio,-6.073266163575411,-75.6671313489238
49353,incendio,-7.8779,-75.5244
49362,no_incendio,-6.618506694977619,-76.00213992327006
49366,no_incendio,-7.322887766100147,-76.54492065162458
49388,incendio,-5.6121,-76.2337
49394,incendio,-7.0284,-76.1047
49396,no_incendio,-6.887626631829371,-77.285374555124
49399,incendio,-5.7727,-76.3345
49404,no_incendio,-6.309912628737243,-75.57235857764702
49408,incendio,-8.7042,-77.028
49411,incendio,-7.6017,-76.5268
49417,incendio,-7.321,-76.5665
49420,incendio,-7.3726,-76.9206
49424,no_incendio,-6.0854129819425,-76.79698741171129
49425,incendio,-6.4407,-75.91
49441,incendio,-5.7461,-77.465
49444,no_incendio,-5.926005528348797,-76.66451761423114
49449,no_incendio,-7.516228282019169,-75.89484036620722
49453,no_incendio,-5.326540128955467,-75.8192880237214
49454,no_incendio,-5.976664599441573,-77.36546521909743
49455,no_incendio,-6.296125170251722,-76.27573079441521
49459,no_incendio,-7.040747836565641,-76.40061304391803
49462,no_incendio,-5.875159377973664,-77.1185525314163
49469,incendio,-5.8965,-76.2473
49470,no_incendio,-6.279874050199112,-75.76672987730963
49487,incendio,-6.4124,-75.9027
49489,no_incendio,-6.895479367364911,-76.43871320237119
49498,no_incendio,-5.733048448966248,-77.09664051427532
49500,no_incendio,-6.535104750481092,-76.08251249993276
49501,incendio,-6.0268,-77.2384
49504,no_incendio,-6.295102509635013,-77.52506617532497
49506,incendio,-7.4453,-77.5686
49509,incendio,-7.173,-76.2449
49513,no_incendio,-7.12805585367581,-75.71801368499558
49515,incendio,-5.7791,-77.1941
49522,no_incendio,-7.592937213039827,-76.3910934505804
49525,no_incendio,-5.976563784411299,-76.98024729252694
49526,no_incendio,-5.9758926134267645,-75.59082680491883
49537,no_incendio,-6.693645231607011,-77.00083886723358
49545,no_incendio,-5.702078210266668,-77.14821368853633
49548,no_incendio,-6.5344846327221555,-76.86750199949851
49550,no_incendio,-7.312843125933768,-75.51939324111113
49557,incendio,-7.5795,-76.5113
49564,no_incendio,-6.10372793592555,-77.07921750093743
49572,incendio,-7.4481,-76.6948
49574,incendio,-7.5649,-76.4153
49582,no_incendio,-7.289453419528988,-76.70433724655702
49585,no_incendio,-6.575273134907994,-75.71241319767115
49591,no_incendio,-5.49325291733823,-76.90069379643876
49594,incendio,-6.6465,-76.2561
49595,incendio,-7.0348,-76.9532
49596,no_incendio,-7.558417334158753,-76.37844553101908
49603,no_incendio,-5.998881730764309,-77.1385121318961
49605,incendio,-7.4806,-77.6829
49607,no_incendio,-7.250518418431454,-77.39731384590523
49610,no_incendio,-6.928184042805378,-76.77151382737259
49613,no_incendio,-7.52893790740652,-77.07253517227397
49617,incendio,-8.5141,-76.374
49621,incendio,-8.2869,-76.4426
49632,no_incendio,-5.733857068651538,-76.80904901377532
49638,incendio,-6.9445,-76.493
49640,no_incendio,-5.504024274503536,-76.47223087280436
49655,incendio,-7.1805,-76.458
49656,incendio,-6.6843,-76.3966
49657,incendio,-6.252,-76.2142
49660,incendio,-5.6223,-76.2769
49666,incendio,-7.1521,-77.0116
49670,incendio,-7.397,-76.8517
49676,incendio,-7.0254,-76.2591
49683,no_incendio,-5.590872456159231,-76.97153728569711
49688,incendio,-7.3597,-76.0445
49691,no_incendio,-5.487830888913878,-75.70248261618342
49694,incendio,-6.2254,-75.6427
49700,no_incendio,-6.809398623973844,-76.9530575901813
49702,no_incendio,-6.042014186508827,-75.97046946062136
49706,no_incendio,-7.409421605310309,-75.83681236527086
49711,no_incendio,-5.789563027304849,-76.53201355790475
49713,no_incendio,-6.797266617151564,-77.33130374727055
49726,no_incendio,-6.248141133810431,-75.50987121265236
49728,incendio,-5.7217,-77.4204
49733,incendio,-6.9433,-76.6439
49734,no_incendio,-6.135395550199937,-77.01659159261982
49744,no_incendio,-6.715205623153173,-76.11809578650696
49747,no_incendio,-7.377051275028038,-75.93975534182488
49754,incendio,-7.4676,-76.3401
49758,incendio,-6.8174,-76.6221
49768,incendio,-8.1928,-76.653
49769,incendio,-6.0462,-76.1254
49773,incendio,-7.0522,-76.6521
49777,no_incendio,-6.729488491648472,-77.03653906594069
49779,incendio,-5.8151,-76.2561
49780,no_incendio,-7.588515859914238,-76.24969046906399
49781,no_incendio,-7.180514878638644,-76.37224014179314
49787,no_incendio,-6.191285072180344,-75.97348634249272
49793,incendio,-8.1556,-76.514
49798,incendio,-5.4784,-76.5368
49800,no_incendio,-7.2386843016197115,-75.95361045134824
49809,no_incendio,-6.3092097229122075,-76.70211536382484
49811,no_incendio,-7.2425602636320745,-76.51561097197776
49814,incendio,-6.2487,-77.7511
49815,no_incendio,-7.48961982481022,-75.87043345676155
49821,incendio,-6.3491,-76.1113
49829,no_incendio,-5.763649060823176,-76.26292282199367
49833,incendio,-5.7534,-76.5796
49835,no_incendio,-5.871232465142917,-76.52596915622884
49839,incendio,-7.3309,-76.0322
49840,no_incendio,-6.165061446367449,-75.9664591742673
49845,incendio,-7.1572,-76.3528
49846,incendio,-8.6925,-76.171
49854,incendio,-5.5405,-76.6873
49856,no_incendio,-5.6355072776323825,-77.05987553143974
49865,incendio,-7.2126,-76.4637
49871,no_incendio,-6.068535480190217,-76.55604968607116
49872,no_incendio,-5.346519894910452,-77.42054950645856
49882,incendio,-6.0529,-76.2262
49892,incendio,-7.5401,-76.5235
49897,no_incendio,-7.465611055003252,-76.84521972476566
49900,incendio,-7.0359,-76.3389
49903,no_incendio,-5.326609511462546,-75.7438155508771
49907,no_incendio,-5.397948781588011,-77.53247141487635
49923,no_incendio,-6.756769359700621,-77.15695045549933
49941,incendio,-6.5233,-76.2343
49949,no_incendio,-7.097431396465031,-76.35150553329514
49955,incendio,-6.5429,-76.7403
49960,no_incendio,-6.368662376296837,-77.03036089290791
49967,no_incendio,-5.621781873154133,-75.59201486751932
49979,incendio,-8.7606,-77.487
49982,no_incendio,-7.301346263959235,-76.9768322825311
49983,incendio,-7.4514,-76.4552
49995,incendio,-5.8128,-76.4869
50000,no_incendio,-5.381004607788698,-76.28176692696067
50001,no_incendio,-7.12053033714668,-76.21891493903652
50010,no_incendio,-6.831585030373138,-77.1785377593412
50011,no_incendio,-5.720724874930588,-76.09066535924033
50017,incendio,-7.3318,-76.3056
50025,incendio,-6.2333,-76.2476
50026,incendio,-6.7967,-76.3919
50034,no_incendio,-5.559447141003816,-77.53240429845073
50035,incendio,-5.8546,-77.0342
50058,incendio,-6.774,-76.4393
50072,no_incendio,-6.238722534494159,-76.96599757551694
50073,no_incendio,-7.511471498657587,-77.0305776349507
50075,incendio,-6.5631,-76.2225
50080,incendio,-5.8933,-76.4202
50085,incendio,-8.6091,-76.6519
50089,no_incendio,-5.498957925752801,-76.23819839749541
50092,incendio,-6.0193,-76.1246
50103,incendio,-6.8832,-76.5834
50107,no_incendio,-6.1918096087686365,-76.6929548285273
50108,no_incendio,-6.437468171319466,-76.61472481016831
50109,incendio,-7.2393,-76.6225
50118,no_incendio,-5.7980276983387755,-76.60461534978732
50121,no_incendio,-7.369405359299169,-75.53775524923043
50131,incendio,-8.136,-77.1328
50138,no_incendio,-6.380793727295641,-76.36283674136891
50139,no_incendio,-5.976563784411299,-76.98024729252694
50149,no_incendio,-6.649475670478298,-75.86589242526365
50155,no_incendio,-5.747916301571042,-76.94248947046277
50157,incendio,-7.0889,-76.2605
50175,incendio,-5.8069,-76.0614
50184,incendio,-6.8268,-76.4982
50189,incendio,-8.6645,-76.8664
50193,incendio,-7.3416,-76.5717
50194,no_incendio,-7.195118276412429,-75.87773973651454
50197,no_incendio,-7.6003471250061425,-76.18857699535684
50198,no_incendio,-6.15572718005476,-77.15117547906242
50199,incendio,-5.6045,-76.2055
50207,incendio,-7.5097,-76.5261
50213,incendio,-7.2775,-76.3437
50217,incendio,-6.4813,-76.3806
50218,incendio,-5.3533,-76.7527
50219,no_incendio,-5.384324497906241,-76.81955746951022
50223,no_incendio,-7.075430052033994,-77.51992409919151
50229,no_incendio,-5.532146146166503,-77.2034987855202
50232,incendio,-6.1537,-76.0635
50246,incendio,-7.1167,-76.5789
50247,incendio,-8.2247,-76.5086
50259,incendio,-8.4418,-76.3335
50264,incendio,-8.7213,-76.1236
50267,no_incendio,-6.6588540055381635,-76.3643446123623
50272,incendio,-5.887,-76.329
50274,incendio,-7.1616,-76.2375
50281,no_incendio,-7.181016545835497,-77.14662187463146
50282,incendio,-6.9412,-76.7923
50291,no_incendio,-6.210262345134658,-77.11424996637882
50292,incendio,-8.3691,-76.3594
50304,no_incendio,-5.882545131668422,-77.4252687375934
50314,no_incendio,-5.959234385386309,-75.5759230142443
50315,incendio,-7.317,-76.7409
50316,no_incendio,-6.519206979509828,-76.45089641887259
50317,no_incendio,-6.808642932215501,-75.79916533133496
50320,no_incendio,-6.569933219427762,-75.5278161670118
50326,no_incendio,-6.66812028796298,-76.15230026038583
50330,incendio,-7.1754,-76.5155
50331,incendio,-5.7694,-76.4974
50337,incendio,-6.1954,-75.863
50338,no_incendio,-7.227645324559791,-75.66978466195862
50339,no_incendio,-7.291269329879484,-76.54650698845496
50340,incendio,-6.2225,-76.2654
50346,incendio,-6.6489,-77.4874
50362,no_incendio,-5.717672318433917,-76.63331471133446
50370,no_incendio,-6.617504610391747,-77.25647472773994
50376,incendio,-7.5557,-76.4776
50379,no_incendio,-5.734144568873576,-75.90585662556418
50382,no_incendio,-6.8707527834716435,-77.1546220579287
50388,no_incendio,-5.371545466461964,-76.40334353874748
50390,incendio,-6.8121,-76.6241
50391,no_incendio,-7.023629125286292,-75.78058311541785
50397,incendio,-7.2762,-76.9856
50398,no_incendio,-6.650069273774372,-77.45753589439983
50411,incendio,-7.3153,-76.5808
50413,incendio,-7.5332,-76.2624
50415,incendio,-7.0993,-76.7041
50417,no_incendio,-7.051099362667298,-76.62925053957763
50425,no_incendio,-6.184018518963494,-76.64827203950954
50435,incendio,-7.1208,-76.5913
50453,no_incendio,-5.816553433751549,-76.1238113865024
50455,no_incendio,-5.882545131668422,-77.4252687375934
50458,no_incendio,-5.945782975612446,-75.78933619991895
50464,incendio,-7.9988,-77.7675
50470,incendio,-7.2374,-76.784
50473,incendio,-7.0934,-76.299
50490,no_incendio,-7.017832061015762,-77.13978816386988
50493,incendio,-7.283,-76.8114
50494,incendio,-6.5882,-77.3833
50495,no_incendio,-5.8132294774645175,-77.06453000487373
50505,incendio,-7.2103,-76.3438
50509,no_incendio,-5.450166959625918,-77.00835031536832
50514,incendio,-6.6965,-76.6733
50518,incendio,-6.2754,-77.7497
50521,no_incendio,-5.798404361194972,-75.81527300196596
50525,no_incendio,-6.796720182530489,-75.69073110670904
50540,no_incendio,-6.994769791439695,-76.92380338447121
50541,incendio,-7.2856,-76.2812
50561,no_incendio,-6.165729925483304,-75.50698017130118
50562,no_incendio,-5.617689246248104,-77.03996515250137
50565,no_incendio,-6.911054339106914,-76.61694946054432
50570,incendio,-6.9778,-76.3012
50574,no_incendio,-7.156566202951519,-76.39767455117727
50580,incendio,-6.9903,-76.2551
50584,incendio,-7.2654,-76.3386
50585,incendio,-7.4823,-76.5159
50586,no_incendio,-6.86277091910318,-76.45893260017807
50589,no_incendio,-5.334479044366705,-77.48777820988575
50591,no_incendio,-6.572959136388864,-76.70713570582085
50593,no_incendio,-7.510954821403472,-75.50873794050783
50602,incendio,-6.3026,-75.9942
50610,incendio,-7.0923,-76.9894
50624,incendio,-5.7564,-76.0889
50627,no_incendio,-6.963743688695052,-77.15890290229473
50629,no_incendio,-7.462272976116109,-77.0484423984109
50630,incendio,-7.0604,-76.3082
50633,incendio,-6.0315,-76.9764
50636,no_incendio,-7.257184386198285,-77.16794482130089
50651,incendio,-6.8112,-76.8957
50657,incendio,-6.5437,-76.4478
50671,no_incendio,-7.285979665021611,-76.94332213408417
50672,no_incendio,-5.382192721085108,-75.80513455395052
50673,incendio,-7.1187,-76.5859
50679,incendio,-6.8952,-76.8131
50688,incendio,-6.733,-76.8209
50689,no_incendio,-6.188812026219859,-77.47999723724293
50692,incendio,-6.4954,-77.0077
50693,no_incendio,-6.501541232968051,-77.42157786801864
50698,no_incendio,-5.6996412211902,-75.5074681731858
50699,no_incendio,-7.32360558831936,-77.52908360106467
50703,incendio,-7.1852,-76.7999
50707,incendio,-5.4228,-75.593
50708,no_incendio,-6.434453669791493,-76.35359643649942
50711,no_incendio,-7.327169653945901,-75.96963671647885
50712,no_incendio,-7.317626251154921,-75.78361603634158
50713,incendio,-8.6114,-76.297
50715,no_incendio,-6.424628672692531,-76.43252138876545
50717,no_incendio,-6.15602894819134,-76.33768833426039
50718,incendio,-6.7504,-77.4172
50719,incendio,-7.3266,-76.3125
50723,incendio,-6.9842,-76.6229
50732,no_incendio,-7.206553379936274,-76.41990893868237
50737,incendio,-6.7534,-77.3418
50742,no_incendio,-7.389808722529589,-77.07301560245696
50744,incendio,-7.5682,-76.6428
50764,no_incendio,-6.281173626920689,-76.33798845589783
50767,incendio,-6.9581,-76.5109
50773,no_incendio,-7.538851524680003,-76.89606525439852
50774,no_incendio,-6.929511458644296,-75.83962565372784
50775,no_incendio,-6.006937780860308,-77.45432250461575
50778,incendio,-7.0781,-76.8867
50818,incendio,-6.7831,-76.8146
50824,no_incendio,-6.707120382693278,-76.63620710614674
50831,no_incendio,-7.036314510603764,-76.32413479957033
50839,no_incendio,-6.53438876670278,-77.3151143596093
50842,incendio,-5.9031,-75.9214
50849,no_incendio,-7.199216978961617,-75.9477990392911
50859,incendio,-7.552,-76.544
50878,no_incendio,-6.200806088702109,-77.49099539814571
50880,incendio,-6.7644,-76.6693
50886,no_incendio,-5.6698457830937325,-76.36289670664165
50887,incendio,-8.374,-77.2959
50892,incendio,-6.2982,-76.1453
50898,incendio,-6.6832,-76.3961
50900,incendio,-6.202,-76.1179
50905,incendio,-8.4025,-75.5056
50911,no_incendio,-5.561988258344413,-76.88991934204635
50912,incendio,-6.5431,-76.1108
50922,no_incendio,-7.1076788580694155,-76.27698445928105
50933,no_incendio,-6.146925317432729,-76.25875565214055
50938,no_incendio,-7.487103293775268,-76.06526148025002
50960,incendio,-8.7238,-76.7543
50967,no_incendio,-7.443277568920015,-75.95948688269024
50971,no_incendio,-7.321172600418316,-77.03516400852085
50983,no_incendio,-6.725956984213016,-76.31094915112595
50989,no_incendio,-6.543611311832353,-76.15154024035049
50997,incendio,-7.3171,-76.1264
50999,incendio,-6.7434,-76.7128
51000,no_incendio,-5.304618892030704,-75.54825226766168
51008,no_incendio,-5.662370106905432,-77.07535731755083
51010,no_incendio,-6.736094048254664,-75.79047035285556
51023,no_incendio,-7.216614993286788,-77.03461698814449
51030,incendio,-7.0761,-76.4307
51033,incendio,-5.7623,-76.2326
51037,no_incendio,-5.308928920697991,-77.21212269052707
51041,incendio,-7.3899,-76.6814
51045,incendio,-6.8878,-76.1058
51065,incendio,-6.3386,-76.1233
51066,incendio,-7.6013,-76.338
51072,incendio,-7.5423,-76.6453
51082,incendio,-7.1294,-76.7865
51090,no_incendio,-6.54529109912659,-75.69341596269626
51098,no_incendio,-5.559447141003816,-77.53240429845073
51106,no_incendio,-5.869380763610804,-76.17944838098113
51112,incendio,-6.8673,-76.5903
51119,no_incendio,-6.730124968212935,-76.10223571400434
51122,incendio,-6.5726,-76.3591
51146,no_incendio,-6.726381012789614,-77.29263321460805
51149,incendio,-7.5705,-76.4154
51152,no_incendio,-6.100924085847581,-75.50738744279523
51161,no_incendio,-7.005255736259935,-76.42804994495515
51167,no_incendio,-5.974627825335505,-76.8393257597771
51172,incendio,-7.54,-76.4638
51173,no_incendio,-6.971890891507541,-75.84725150741345
51174,incendio,-7.1239,-76.4968
51176,no_incendio,-7.15250800382105,-75.6698884726493
51177,no_incendio,-6.95637050585835,-77.1501493122166
51179,incendio,-7.4933,-76.4643
51181,no_incendio,-5.859392269860992,-77.07597134063963
51182,incendio,-6.5812,-76.6595
51185,no_incendio,-5.789354381415951,-77.03303232099347
51198,no_incendio,-6.295775551530826,-77.208799925025
51200,no_incendio,-5.763393442014769,-76.64070146608651
51205,incendio,-7.6675,-76.5231
51207,incendio,-7.9605,-76.6986
51208,no_incendio,-5.921016028711128,-75.70718586514504
51209,incendio,-6.2722,-75.8732
51213,incendio,-7.6987,-76.7422
51216,incendio,-7.2062,-76.9885
51217,no_incendio,-7.560257578514154,-75.8825568546828
51226,incendio,-8.4631,-76.4883
51243,no_incendio,-5.503996179920679,-76.73011247345376
51245,incendio,-6.874,-76.6072
51252,incendio,-5.7306,-76.2317
51256,no_incendio,-5.531494331119256,-75.68693972870032
51261,incendio,-7.2365,-76.3815
51267,incendio,-6.835,-76.4324
51268,incendio,-6.8392,-76.1116
51269,no_incendio,-5.394785578322833,-77.00358788486766
51270,incendio,-6.0892,-75.9405
51274,incendio,-7.9709,-77.5443
51276,no_incendio,-5.746784627492212,-75.78617751665539
51279,incendio,-7.4174,-76.5328
51292,incendio,-5.7234,-75.9618
51296,no_incendio,-6.360714337530349,-76.51313445356357
51300,no_incendio,-6.682240904919321,-76.14970898536502
51310,no_incendio,-5.637143675477756,-76.46390106880192
51314,no_incendio,-7.20916394163281,-76.74882653338932
51317,incendio,-8.502,-76.3572
51324,no_incendio,-6.044769424983038,-75.50599138370771
51331,incendio,-6.8833,-76.5322
51340,no_incendio,-7.340268369426515,-77.43400024997341
51341,no_incendio,-5.577424926283962,-75.86385660107669
51344,incendio,-7.0385,-76.7319
51352,no_incendio,-5.472320915480528,-77.33791477752341
51356,no_incendio,-6.7911860867707,-76.3184609362465
51359,no_incendio,-6.092956583925362,-76.7685071943922
51361,incendio,-5.7167,-76.4163
51364,no_incendio,-5.856151465825925,-75.61952647714237
51367,incendio,-5.7517,-76.509
51371,no_incendio,-6.3280159994888185,-76.39673641063581
51372,no_incendio,-5.607428760846163,-75.61638280541105
51375,incendio,-8.5188,-76.3726
51378,no_incendio,-6.777339583024972,-77.16983093641421
51381,no_incendio,-6.6647880355424745,-76.36432189838962
51386,no_incendio,-5.316700367183811,-76.26596491615018
51387,no_incendio,-5.660166095453198,-76.23023113040054
51394,incendio,-7.351,-77.6397
51399,no_incendio,-6.121766843543729,-75.71084327903824
51400,no_incendio,-5.712666897985722,-76.23826320211337
51411,incendio,-6.5733,-76.7276
51419,incendio,-6.6423,-75.6331
51424,no_incendio,-7.468966943240149,-76.0987072289364
51429,no_incendio,-7.366259215797565,-77.34248619041158
51431,no_incendio,-6.8333639864113165,-75.50359116257009
51434,incendio,-7.2894,-76.0928
51439,no_incendio,-5.432202072011853,-76.59374002276904
51443,incendio,-5.8396,-76.3133
51453,incendio,-6.6843,-76.8902
51458,no_incendio,-6.068024232842286,-77.29488063426456
51462,incendio,-7.0934,-76.8465
51465,incendio,-7.4238,-76.544
51473,no_incendio,-6.010674240572804,-77.09796715104932
51477,incendio,-6.9264,-76.2498
51478,incendio,-7.046,-77.0719
51479,no_incendio,-6.1773004933773406,-76.41533827057219
51482,no_incendio,-6.234937456831474,-75.55136134306397
51487,incendio,-7.2901,-76.4526
51489,no_incendio,-5.317490731831781,-77.05291423448321
51495,incendio,-6.0352,-75.9039
51500,no_incendio,-6.616039268330141,-77.35690054867337
51512,incendio,-8.3868,-76.3935
51516,incendio,-7.7019,-76.4957
51522,no_incendio,-7.4286037527901305,-75.69674631092113
51523,incendio,-7.1196,-76.1644
51529,incendio,-7.3217,-76.0367
51530,no_incendio,-6.573329822449683,-76.44630035113441
51533,no_incendio,-6.893924031218003,-76.04905921446095
51547,incendio,-7.0319,-76.1429
51548,no_incendio,-6.856229226903604,-75.880120110949
51555,incendio,-6.3575,-75.8691
51556,no_incendio,-6.230021779466632,-76.57667653530646
51558,no_incendio,-6.961188451960419,-76.42552245945508
51562,no_incendio,-6.590453070259288,-76.04913179233263
51564,no_incendio,-6.772965762366505,-76.27272500681829
51565,no_incendio,-6.695277689736439,-77.08154414600035
51571,incendio,-6.6804,-76.4438
51578,no_incendio,-7.36388011313037,-77.4640263849402
51583,incendio,-6.4937,-75.7654
51589,no_incendio,-5.853989818371729,-76.78866763757419
51592,no_incendio,-5.968870459553349,-76.92149677654932
51593,incendio,-6.683,-76.744
51594,incendio,-8.4397,-76.2514
51597,incendio,-7.4216,-76.5756
51600,incendio,-7.5586,-76.5549
51603,no_incendio,-6.088188553511878,-77.48122826321784
51606,no_incendio,-6.992873718796428,-77.40735326396366
51608,no_incendio,-5.661805796480656,-77.53514186743837
51612,no_incendio,-7.278446400857449,-77.33703515392486
51625,incendio,-6.3045,-77.7013
51643,incendio,-7.1712,-76.5276
51645,incendio,-5.8398,-76.4502
51649,incendio,-6.3074,-75.8413
51664,no_incendio,-7.1439208952470965,-77.38092521559295
51674,no_incendio,-5.91369294253363,-76.91673941934057
51676,no_incendio,-6.844805131719106,-75.72137925160726
51677,incendio,-6.5191,-76.3727
51678,incendio,-7.5326,-76.6258
51687,incendio,-7.0369,-77.0897
51695,incendio,-8.1036,-76.5761
51699,incendio,-5.6305,-76.199
51706,incendio,-8.2146,-76.5738
51709,no_incendio,-6.606580545795404,-76.32439694654553
51710,no_incendio,-5.712666897985722,-76.23826320211337
51711,incendio,-7.0663,-77.734
51717,incendio,-7.5004,-76.4559
51722,incendio,-7.2657,-76.8243
51728,incendio,-7.2349,-76.1062
51732,no_incendio,-6.602549423318465,-77.00681560184587
51742,incendio,-5.9005,-76.3392
51750,incendio,-6.3957,-77.4799
51755,no_incendio,-7.227448332494986,-75.5131110500386
51759,no_incendio,-6.130644472268716,-75.9490482578211
51760,incendio,-6.2467,-76.2288
51762,incendio,-7.1141,-76.9256
51772,incendio,-6.9512,-76.8878
51773,incendio,-7.3007,-76.6165
51779,incendio,-7.0063,-76.7691
51782,incendio,-7.4743,-76.3516
51787,no_incendio,-5.871823711573395,-77.09814467361281
51793,no_incendio,-6.328050055589178,-77.0850887708193
51795,no_incendio,-6.418496907062319,-75.56505083254436
51800,no_incendio,-5.315273849835721,-75.96752969040406
51801,incendio,-8.0155,-76.7399
51812,incendio,-7.2313,-76.2541
51821,no_incendio,-6.940699761996049,-76.26181884160466
51825,no_incendio,-7.127093555738052,-76.84105088577114
51831,no_incendio,-7.4685281169836575,-76.45982142340358
51836,no_incendio,-7.192625795202753,-75.79931940133156
51837,no_incendio,-6.20119371633988,-76.87236267556213
51839,incendio,-7.1856,-76.4005
51842,no_incendio,-7.43096053916798,-75.91112977240851
51843,no_incendio,-6.709534503439617,-76.66045732733674
51847,incendio,-6.9341,-76.2462
51853,no_incendio,-5.60263772570773,-75.78275132850642
51857,incendio,-7.2922,-76.5705
51864,incendio,-7.1703,-76.374
51866,no_incendio,-7.359429171640601,-76.57293286572188
51881,incendio,-5.6647,-75.8275
51882,incendio,-5.931,-77.3611
51884,incendio,-7.1863,-76.7355
51890,incendio,-6.2355,-75.8103
51894,no_incendio,-6.271888529403575,-75.79765684657775
51897,no_incendio,-6.344738730281884,-77.28085925820518
51902,incendio,-6.3324,-75.9938
51904,incendio,-6.5954,-76.6844
51906,incendio,-8.519,-76.4424
51909,no_incendio,-5.573600216354325,-77.29583969487783
51920,no_incendio,-6.725956984213016,-76.31094915112595
51921,no_incendio,-6.12520459976937,-77.49886350154438
51925,no_incendio,-7.06126724009255,-76.16713647237523
51926,incendio,-6.2299,-76.2101
51928,incendio,-7.0306,-76.1992
51932,incendio,-6.6547,-76.9636
51938,no_incendio,-5.451597714525489,-77.32234997673201
51941,incendio,-6.84,-76.1133
51942,no_incendio,-5.41517785771272,-76.05115692097354
51946,no_incendio,-6.942876340672963,-76.33358150381483
51947,incendio,-8.6415,-76.4593
51948,incendio,-6.3234,-76.7114
51951,no_incendio,-6.646019680443848,-77.50514894077688
51965,no_incendio,-6.684698936601428,-75.64362761188839
51967,no_incendio,-6.45014471724059,-77.23785683491617
51981,no_incendio,-7.407316505950096,-75.89176168608776
51983,incendio,-5.6745,-76.2196
51984,no_incendio,-6.31265571754434,-77.00564888561091
51986,incendio,-7.3269,-76.0606
51990,no_incendio,-7.311635265992554,-75.85999069910886
51993,no_incendio,-6.741427767846081,-75.52300413513564
51996,incendio,-6.1701,-76.1598
51998,incendio,-8.6762,-76.2867
52001,no_incendio,-6.064542854980353,-77.18213602611725
52002,no_incendio,-5.569659951211905,-77.11401128748476
52005,no_incendio,-5.955706826060275,-77.52353123807491
52007,incendio,-5.8186,-76.5306
52014,incendio,-7.1398,-76.376
52016,incendio,-7.5393,-76.5717
52024,incendio,-6.0598,-75.9627
52031,no_incendio,-5.62140995348484,-75.55506281291692
52033,incendio,-5.4082,-76.5137
52040,no_incendio,-7.327451375962066,-77.03090576588977
52054,no_incendio,-6.718454996800395,-75.59317309755335
52059,no_incendio,-7.523343048173316,-75.60465669486607
52065,no_incendio,-7.265246187084699,-76.5857245979165
52071,no_incendio,-7.126729071613174,-77.02628949920283
52078,no_incendio,-7.566223412473933,-77.30478500004284
52081,incendio,-7.0789,-76.5231
52100,no_incendio,-6.095852029972877,-77.05612826797191
52101,incendio,-8.3103,-76.3783
52106,no_incendio,-5.913444133925558,-76.54061399484421
52107,no_incendio,-5.364004538303699,-76.51587462337326
52108,no_incendio,-5.992717705570296,-75.97108395344519
52110,incendio,-5.6857,-75.8966
52114,incendio,-7.2489,-76.1691
52122,incendio,-6.3411,-75.9063
52126,no_incendio,-7.532917537712722,-76.04821551837472
52128,no_incendio,-6.787051317211901,-77.10628604223226
52131,incendio,-6.487,-76.4386
52136,no_incendio,-6.396864121936975,-76.4851873457876
52141,incendio,-5.3011,-76.4332
52142,incendio,-6.046,-76.7895
52153,no_incendio,-7.152157832421082,-77.44831592237493
52165,incendio,-8.6377,-77.6916
52167,incendio,-8.2974,-77.0025
52178,no_incendio,-5.868777989192487,-75.61031419176939
52184,no_incendio,-5.5859500723207125,-75.86384101633317
52188,incendio,-7.5502,-77.6613
52190,no_incendio,-5.709919403753175,-77.18915952963572
52193,no_incendio,-7.288429258524324,-77.25181227419536
52210,incendio,-7.344,-76.0396
52214,incendio,-7.4133,-76.8383
52215,incendio,-6.8034,-76.8058
52218,no_incendio,-5.712986091901971,-76.69466982249243
52225,incendio,-7.0129,-76.3853
52232,no_incendio,-6.424628672692531,-76.43252138876545
52238,no_incendio,-5.776890989468168,-77.17544694472763
52240,no_incendio,-6.980845447623106,-77.10027463532495
52243,no_incendio,-6.5875457295775695,-76.60562453766775
52245,no_incendio,-7.208517788052751,-77.27726682011853
52246,no_incendio,-6.424415078222516,-76.56153900049968
52248,incendio,-7.605,-76.5374
52249,no_incendio,-6.694264893002906,-76.05015609684683
52274,no_incendio,-5.334479044366705,-77.48777820988575
52281,incendio,-7.2311,-76.8175
52285,no_incendio,-7.508226717447944,-76.74892470083597
52287,no_incendio,-7.15542529777246,-76.2489354268892
52293,no_incendio,-6.88204939673875,-76.47181029595973
52295,no_incendio,-5.443277933068561,-76.92263564225728
52299,incendio,-6.1542,-75.9507
52301,incendio,-6.6973,-76.8469
52303,incendio,-6.2588,-75.9395
52305,no_incendio,-6.2816422432891255,-75.61454508391762
52307,incendio,-7.2871,-76.3577
52310,no_incendio,-7.3045123106112335,-75.99723406684437
52312,incendio,-7.8686,-75.5268
52317,incendio,-7.3414,-76.363
52324,incendio,-6.9303,-76.399
52327,no_incendio,-6.477469375479229,-76.23310758199833
52334,no_incendio,-5.4868610147355525,-76.76095607597574
52335,no_incendio,-5.85348487678678,-75.67716092139695
52339,no_incendio,-5.362697688980843,-76.37235425327088
52342,incendio,-5.9017,-76.1177
52348,incendio,-6.4097,-77.387
52351,no_incendio,-7.257508948341025,-76.87333868419103
52357,no_incendio,-6.260865842963683,-76.65344397081381
52360,no_incendio,-7.3045123106112335,-75.99723406684437
52367,no_incendio,-5.592011294671137,-75.99975689195666
52370,no_incendio,-5.89446781447664,-77.22849214912743
52397,incendio,-5.7808,-76.2829
52409,no_incendio,-7.436772555974999,-76.13512005747918
52422,incendio,-8.4601,-76.4118
52425,incendio,-5.7934,-76.5177
52429,incendio,-7.0515,-76.8851
52431,no_incendio,-7.276587033646778,-76.71291357389988
52446,no_incendio,-5.695046426207607,-76.82428560854454
52454,no_incendio,-7.4954319936111355,-75.57323965807107
52456,incendio,-8.46,-76.2737
52473,incendio,-5.3421,-76.7696
52483,incendio,-7.5766,-76.3952
52494,incendio,-7.0467,-76.5778
52495,no_incendio,-7.261878534754229,-75.78596746234152
52500,no_incendio,-6.8053340000464315,-76.39338208242373
52509,no_incendio,-5.5670313248345,-75.99876018929933
52515,incendio,-6.7026,-76.7456
52518,incendio,-8.0034,-76.7368
52519,no_incendio,-6.273383567178642,-76.44114691338451
52526,incendio,-7.2244,-76.4667
52535,incendio,-7.1882,-76.4053
52537,incendio,-6.9651,-76.3716
52550,incendio,-6.9479,-76.4805
52557,no_incendio,-6.644983818759033,-76.97235660144274
52558,no_incendio,-6.193868331895341,-76.79997784181697
52559,no_incendio,-6.726508547372632,-75.8805912365982
52570,no_incendio,-6.60024344042182,-76.28088372901857
52573,no_incendio,-6.237457507075429,-76.12964838976413
52574,incendio,-6.9859,-76.568
52577,incendio,-6.2645,-75.9876
52583,no_incendio,-5.693308964023421,-77.38488694411686
52589,incendio,-7.1132,-76.2655
52591,no_incendio,-6.595830198454336,-76.87085544617783
52595,no_incendio,-7.371926664770868,-77.38249391708561
52597,no_incendio,-5.313659040472185,-75.7974059398213
52610,incendio,-6.8205,-76.8319
52613,incendio,-6.0135,-77.0685
52616,no_incendio,-6.992873718796428,-77.40735326396366
52621,no_incendio,-7.585660689069584,-77.39009094478008
52623,incendio,-6.308,-75.9232
52624,incendio,-6.0701,-75.9021
52626,incendio,-5.9399,-77.3067
52643,incendio,-5.5088,-76.7478
52649,no_incendio,-6.477469375479229,-76.23310758199833
52657,no_incendio,-5.699419411757933,-76.10583548301037
52658,incendio,-5.9369,-76.1406
52660,no_incendio,-5.6996412211902,-75.5074681731858
52661,no_incendio,-5.775752820945428,-75.77309666724678
52666,incendio,-6.1333,-76.2873
52668,incendio,-5.9615,-75.7914
52674,incendio,-6.4694,-76.7951
52677,no_incendio,-7.241742843780296,-77.3489577168001
52679,no_incendio,-7.228019173352536,-75.83265543127759
52683,incendio,-6.5269,-76.3997
52687,incendio,-5.6894,-76.0958
52692,incendio,-6.9218,-76.8293
52697,incendio,-7.5737,-76.3125
52703,incendio,-7.4479,-76.5447
52705,no_incendio,-5.3838831063176515,-76.49104845789617
52709,no_incendio,-5.576377400601263,-76.00886183713747
52710,no_incendio,-6.059607457191615,-77.52385870382261
52711,incendio,-6.0763,-76.3219
52733,incendio,-5.9479,-76.4702
52746,no_incendio,-6.462614163555006,-75.61289892495
52749,incendio,-8.5651,-76.3402
52764,incendio,-7.4428,-76.5788
52775,no_incendio,-6.427611857268102,-77.39761535548438
52783,no_incendio,-6.60024344042182,-76.28088372901857
52784,incendio,-6.5575,-75.6773
52804,incendio,-7.335,-76.8699
52811,incendio,-6.9334,-76.8916
52812,incendio,-8.6795,-76.8254
52814,incendio,-7.2371,-76.1195
52816,incendio,-6.0964,-76.3177
52818,incendio,-7.2034,-76.025
52823,incendio,-7.2226,-76.2627
52824,incendio,-7.1771,-76.4312
52827,incendio,-7.221,-76.7083
52830,incendio,-5.908,-76.8983
52849,no_incendio,-5.802432974812657,-76.86338488672354
52853,no_incendio,-5.646223843039662,-77.22265388647651
52859,no_incendio,-6.074232738963784,-75.5615873787058
52866,incendio,-6.1203,-77.7938
52874,no_incendio,-5.834688696045425,-76.52690718058605
52875,no_incendio,-5.976473792691887,-77.521298056028
52890,incendio,-8.0098,-75.5705
52892,incendio,-6.8625,-76.2851
52895,no_incendio,-7.592937213039827,-76.3910934505804
52896,incendio,-5.8347,-75.9838
52904,incendio,-5.7158,-75.7718
52911,incendio,-6.7678,-76.1119
52915,incendio,-7.39,-76.8088
52916,no_incendio,-6.254046612679011,-76.94445690037632
52917,incendio,-6.467,-75.832
52920,no_incendio,-5.518901360296995,-75.83606862844933
52925,incendio,-5.9658,-76.306
52927,incendio,-6.0575,-77.1659
52930,no_incendio,-6.982455617549805,-76.38860618436227
52932,incendio,-8.2342,-76.6016
52935,incendio,-7.4251,-76.442
52939,no_incendio,-5.862678119407266,-76.8979972886448
52942,incendio,-7.1923,-76.9003
52949,incendio,-7.1016,-76.41
52957,incendio,-6.8661,-76.3888
52959,no_incendio,-5.937659253977012,-77.34942172737706
52966,incendio,-6.6955,-76.5159
52967,incendio,-6.4473,-75.9397
52970,incendio,-6.8603,-76.9326
52978,no_incendio,-6.649576581318387,-77.10110199591773
52982,incendio,-8.6164,-76.3073
52984,incendio,-7.2864,-76.4639
52985,incendio,-6.5557,-76.675
52986,incendio,-6.3643,-75.7076
52987,no_incendio,-7.111569656244363,-77.04269521527607
53010,no_incendio,-7.474717173105087,-76.9435614717976
53017,incendio,-5.7018,-76.4165
53018,incendio,-6.0656,-77.166
53030,incendio,-7.6211,-76.5177
53031,incendio,-7.0159,-76.8903
53033,no_incendio,-6.925394905274875,-76.31191780142045
53044,incendio,-7.0578,-76.1786
53046,incendio,-7.4027,-76.3938
53059,no_incendio,-6.234645956889923,-77.06456883528364
53072,no_incendio,-7.538851524680003,-76.89606525439852
53082,incendio,-7.5886,-76.3265
53083,incendio,-8.3535,-75.5048
53085,incendio,-7.396,-76.6519
53096,incendio,-7.2288,-76.1994
53106,incendio,-5.7682,-75.9629
53107,no_incendio,-6.253873442293271,-77.4856518253099
53110,incendio,-6.9716,-76.684
53117,incendio,-7.0716,-76.5116
53118,no_incendio,-5.304216028521146,-77.22955638933952
53122,incendio,-7.002,-76.3161
53124,no_incendio,-6.976092489979531,-77.35059361204593
53127,incendio,-5.7882,-76.3908
53144,no_incendio,-6.838209877352376,-75.74494612497837
53153,incendio,-7.1577,-76.2308
53166,incendio,-7.2158,-76.0913
53172,no_incendio,-5.926705485124891,-75.77709994653331
53173,incendio,-8.2597,-76.6321
53175,no_incendio,-5.914538807022697,-77.31789261845223
53186,no_incendio,-6.013119728097969,-76.10837797430663
53190,no_incendio,-6.1922155906112035,-75.54995561422898
53193,no_incendio,-5.4484392138134945,-75.95921509359859
53194,no_incendio,-5.834202867111047,-76.5685568133162
53199,incendio,-6.2115,-76.0437
53206,incendio,-6.1381,-75.6936
53213,no_incendio,-6.763948396418463,-75.5008846760666
53214,incendio,-7.2001,-76.395
53216,no_incendio,-6.58181358126526,-75.97994293561052
53217,no_incendio,-6.476078930269108,-76.12579467837428
53218,no_incendio,-6.959105963658491,-76.85747096898318
53222,incendio,-8.1878,-76.5116
53229,incendio,-6.5128,-76.4767
53230,incendio,-5.436,-76.7972
53237,incendio,-7.3599,-76.8927
53240,no_incendio,-6.398926454720778,-76.50536924785067
53247,incendio,-7.4439,-76.784
53258,no_incendio,-6.08565697953034,-76.3565072601085
53263,no_incendio,-5.701243653353404,-77.51137584362479
53268,no_incendio,-6.1476999130544865,-77.34007485362595
53269,incendio,-7.8465,-77.7109
53276,no_incendio,-5.62140995348484,-75.55506281291692
53281,no_incendio,-5.871711432876104,-76.01772742487569
53287,no_incendio,-6.693645231607011,-77.00083886723358
53289,incendio,-8.3749,-75.5401
53290,no_incendio,-5.876931655453426,-75.87680120519943
53291,no_incendio,-7.206553379936274,-76.41990893868237
53300,incendio,-6.9757,-76.1283
53306,no_incendio,-6.296125170251722,-76.27573079441521
53313,incendio,-6.7576,-76.1245
53316,no_incendio,-6.673178207902485,-77.4048318758823
53325,no_incendio,-7.000095620614563,-76.8362748925339
53342,incendio,-6.5011,-75.7355
53346,incendio,-5.8317,-75.9495
53347,no_incendio,-6.843242986862935,-76.83119639273687
53352,no_incendio,-7.506850337937736,-76.33686457857513
53359,no_incendio,-7.19668087361042,-76.2603633805298
53361,no_incendio,-5.525519480392893,-76.3183975995799
53375,no_incendio,-5.688956166666647,-75.73006107764193
53387,incendio,-5.8697,-75.8531
53401,incendio,-7.5622,-76.5402
53402,incendio,-5.9877,-77.2739
53404,no_incendio,-6.2701925367746005,-76.81498053088146
53406,incendio,-8.6214,-76.7014
53410,no_incendio,-6.564347270784287,-75.8738633840426
53435,incendio,-7.3833,-76.3923
53447,no_incendio,-7.506544236901732,-77.50246102993648
53449,no_incendio,-7.250518418431454,-77.39731384590523
53453,no_incendio,-6.462614163555006,-75.61289892495
53454,incendio,-7.1031,-76.1928
53457,no_incendio,-7.084883582406477,-76.16691642079259
53459,incendio,-6.233,-76.1881
53471,incendio,-6.5012,-77.7795
53476,no_incendio,-5.329749843854847,-75.71078811690217
53479,no_incendio,-5.404889796153065,-75.52356189843724
53484,incendio,-7.4246,-76.824
53486,no_incendio,-5.8332062747008715,-77.144406205254
53488,no_incendio,-7.396293728832261,-76.90325278525978
53491,no_incendio,-7.582359694573047,-76.4199188020814
53501,no_incendio,-5.369370124540203,-77.53041632467286
53510,no_incendio,-6.113994500362599,-76.09851389136325
53513,no_incendio,-5.925316252745941,-77.24343857667267
53515,incendio,-7.7377,-76.7737
53516,incendio,-5.8146,-76.2505
53517,no_incendio,-5.767157423041838,-75.60792843558447
53518,incendio,-7.4743,-76.6657
53521,incendio,-6.3378,-75.8719
53522,incendio,-6.9605,-76.1002
53531,incendio,-6.7255,-76.413
53537,incendio,-6.9524,-76.457
53539,incendio,-6.3128,-75.9382
53550,incendio,-7.3809,-76.6509
53554,no_incendio,-7.408503653357758,-76.24578800464187
53556,incendio,-8.0234,-77.7577
53557,no_incendio,-7.089719383654557,-75.94940066492136
53560,no_incendio,-6.729488491648472,-77.03653906594069
53565,no_incendio,-7.299132639791061,-75.76819638374414
53572,no_incendio,-7.429446375356516,-77.21947961761848
53581,incendio,-6.3446,-75.9487
53587,no_incendio,-6.594359651694001,-75.81359177197494
53594,incendio,-6.6907,-76.6715
53600,incendio,-6.5101,-76.7164
53601,no_incendio,-6.308716369141198,-75.7579038479895
53606,incendio,-7.3679,-76.4042
53614,incendio,-7.1695,-76.9023
53615,incendio,-6.5412,-76.0402
53616,incendio,-8.1915,-76.517
53617,no_incendio,-6.0854129819425,-76.79698741171129
53619,no_incendio,-6.720013389410524,-76.18246932103828
53621,no_incendio,-6.467990062581768,-77.37867851566017
53622,incendio,-6.9555,-76.5581
53623,no_incendio,-5.946342645809868,-75.75931747108822
53624,incendio,-7.0171,-76.1387
53625,incendio,-7.1763,-76.2974
53630,incendio,-6.4944,-76.778
53641,incendio,-6.4932,-76.7633
53647,no_incendio,-7.487565239153625,-77.31329030244564
53648,incendio,-5.7756,-76.3684
53665,no_incendio,-6.180704652480343,-76.89113580194854
53667,incendio,-6.0611,-77.1707
53669,no_incendio,-5.532853929708149,-75.98229483983717
53671,no_incendio,-6.568678711242536,-76.46161690496696
53679,no_incendio,-6.687814799910479,-75.56700420232013
53680,incendio,-6.2722,-75.8808
53683,incendio,-5.8846,-76.9524
53687,incendio,-6.464,-75.8551
53698,no_incendio,-6.0457356441581505,-76.76564488218803
53699,no_incendio,-7.333298288226105,-76.42146225481947
53701,incendio,-8.494,-77.5837
53703,no_incendio,-5.841388399546868,-75.63444582477722
53704,no_incendio,-6.914205717609276,-76.21644962030662
53711,incendio,-6.9715,-76.3498
53712,no_incendio,-6.371807438398121,-75.97041325819922
53716,incendio,-5.7029,-76.2485
53719,no_incendio,-6.508124167264835,-76.61340355687425
53725,incendio,-5.8468,-76.3352
53730,incendio,-6.7951,-76.6887
53736,incendio,-6.995,-76.6235
53737,incendio,-8.7825,-77.3232
53738,incendio,-5.8987,-76.1121
53743,no_incendio,-5.698299617649455,-76.9877048304902
53745,incendio,-7.2914,-76.2363
53746,no_incendio,-5.985543510791079,-75.55610035209125
53751,no_incendio,-5.822373025705751,-75.81118308604799
53752,incendio,-7.3852,-76.3954
53753,incendio,-5.6842,-75.886
53779,no_incendio,-6.237716755759431,-77.39156311979332
53780,no_incendio,-7.523779550040388,-76.57430086125386
53781,no_incendio,-6.555810705714814,-75.58765246403257
53782,incendio,-6.8645,-76.2805
53789,no_incendio,-7.532869703153675,-75.62377754135032
53791,incendio,-6.8251,-76.1169
53798,no_incendio,-6.378539891531966,-75.71550711436312
53802,no_incendio,-5.873429262130088,-76.29994874270383
53824,no_incendio,-6.5749903992962055,-76.89683303442592
53829,no_incendio,-5.877151575741726,-76.76043389951244
53832,incendio,-6.9171,-76.595
53852,no_incendio,-6.876747971648932,-77.24294547673294
53854,incendio,-7.0799,-76.363
53857,incendio,-7.3095,-76.1154
53858,no_incendio,-5.576401103022335,-75.65589793985158
53861,no_incendio,-6.942054443870175,-75.88451122317879
53869,incendio,-7.4231,-76.6324
53872,no_incendio,-7.429446375356516,-77.21947961761848
53873,no_incendio,-5.733303330887296,-76.64353813041618
53878,no_incendio,-7.1291364623253095,-77.04904307212506
53879,incendio,-7.7001,-76.4989
53880,incendio,-6.0389,-76.971
53891,incendio,-8.5729,-76.2391
53903,no_incendio,-6.668348976590427,-75.85167744687278
53905,incendio,-7.4255,-76.6921
53912,no_incendio,-6.88204939673875,-76.47181029595973
53923,incendio,-6.0361,-76.9717
53926,no_incendio,-7.086048466965619,-75.60482526516276
53927,no_incendio,-5.5259385585543805,-76.78474947687066
53929,incendio,-7.0591,-76.2812
53931,incendio,-5.9377,-76.494
53932,no_incendio,-6.462624856047538,-77.54749679982578
53934,incendio,-7.3079,-76.7156
53941,no_incendio,-7.451217530868493,-77.29241876502243
53943,incendio,-6.9737,-76.2112
53944,incendio,-5.9432,-75.9455
53945,incendio,-6.9186,-76.7366
53947,no_incendio,-6.585948738404431,-77.29325300294279
53950,incendio,-7.5973,-76.5027
53951,no_incendio,-5.487710562433828,-76.3714568595569
53952,no_incendio,-6.500803234494254,-76.0342561681164
53961,no_incendio,-5.733329701316475,-76.97970479241751
53964,incendio,-6.2638,-76.6852
53969,incendio,-6.9564,-76.1014
53971,incendio,-7.3996,-76.6979
53980,no_incendio,-6.466287697296756,-75.7075752786908
53982,no_incendio,-7.432415046086705,-75.62170917666255
53989,incendio,-6.9612,-77.0406
53992,no_incendio,-5.928733149107297,-75.62813587078854
54009,no_incendio,-6.156050459707027,-75.66218917207854
54011,no_incendio,-7.346936014424016,-77.24612328998047
54024,no_incendio,-7.081124602285028,-76.06087878832324
54031,no_incendio,-7.464502353788052,-77.51392837949253
54033,no_incendio,-5.67746740794027,-76.11677597680215
54035,no_incendio,-6.000321843594466,-77.16959710695784
54041,incendio,-6.1784,-76.7307
54044,incendio,-7.1548,-76.1933
54056,incendio,-6.7593,-76.4682
54070,incendio,-7.151,-76.2641
54072,incendio,-7.1605,-76.35
54076,no_incendio,-6.556073151172363,-76.83603927404101
54087,no_incendio,-6.4080436516823225,-77.02161843514952
54090,incendio,-6.502,-76.7907
54094,incendio,-6.9501,-76.4724
54095,no_incendio,-5.983810951819396,-76.22464105692707
54097,no_incendio,-6.66782718852246,-77.11974959426693
54098,no_incendio,-6.073266163575411,-75.6671313489238
54099,incendio,-7.6242,-76.4618
54107,incendio,-5.6179,-76.4228
54115,incendio,-6.1411,-76.2761
54127,no_incendio,-7.412957121399091,-77.21617404571616
54131,incendio,-6.1803,-76.2879
54132,no_incendio,-6.514967490351236,-76.99375522896699
54135,no_incendio,-6.462261362234612,-76.27032678685036
54136,incendio,-6.3078,-76.0797
54137,no_incendio,-5.530786000980501,-76.91418709127078
54138,no_incendio,-7.5092310272639535,-77.51668442739076
54146,no_incendio,-6.060981828013205,-76.61589601950963
54161,no_incendio,-6.573895472470259,-76.90325456502508
54164,incendio,-6.3183,-75.8865
54166,incendio,-6.8125,-76.9178
54179,no_incendio,-5.692068833993068,-76.92243000249631
54182,no_incendio,-5.9287884158970305,-76.31836219337158
54192,no_incendio,-6.193021615142686,-76.39500412419926
54194,incendio,-8.1519,-76.9048
54197,incendio,-6.7681,-76.8442
54198,incendio,-5.7182,-76.3897
54201,no_incendio,-6.308143679517888,-75.54381617905881
54206,incendio,-8.4951,-76.3474
54208,incendio,-6.0953,-75.7333
54209,incendio,-7.4982,-76.5141
54213,incendio,-8.1837,-76.9789
54214,no_incendio,-6.500803234494254,-76.0342561681164
54220,incendio,-6.5532,-76.7573
54224,no_incendio,-6.491284059337684,-76.25746904489338
54236,incendio,-7.7197,-76.4773
54237,incendio,-8.6301,-76.7508
54242,no_incendio,-6.85257481056394,-76.48694884372748
54243,no_incendio,-5.563302307050842,-76.50751783358145
54245,incendio,-8.3242,-77.3489
54247,no_incendio,-5.329262019777052,-75.53513803716363
54249,incendio,-5.9933,-76.1344
54250,incendio,-8.0995,-77.609
54266,incendio,-6.9169,-76.6522
54276,no_incendio,-6.22948269148436,-77.46060172999928
54282,no_incendio,-6.6046403916429695,-76.28478273774354
54284,no_incendio,-6.587743088391281,-75.70665174033093
54286,no_incendio,-6.892768509890196,-77.4746064188562
54287,no_incendio,-6.014761573365237,-76.18822545627151
54296,incendio,-6.196,-76.3325
54297,incendio,-5.8173,-76.5215
54302,no_incendio,-6.437468171319466,-76.61472481016831
54303,no_incendio,-7.331602369683786,-75.50190770424915
54308,no_incendio,-7.232373566693578,-77.33989801092913
54315,no_incendio,-7.4438050568529475,-75.8809717620132
54317,incendio,-7.4004,-76.86
54320,no_incendio,-6.671769405587168,-77.2003294261131
54333,no_incendio,-5.59950907688548,-76.65469517623596
54341,incendio,-6.1996,-76.302
54345,incendio,-6.223,-76.1943
54346,incendio,-7.2117,-76.3101
54347,no_incendio,-6.758724816086575,-76.05879675132634
54349,no_incendio,-6.806897768294474,-76.17637549858149
54350,incendio,-8.5388,-76.301
54351,incendio,-6.6733,-76.6066
54356,incendio,-6.7212,-76.7089
54357,no_incendio,-7.263705379465793,-77.32787830995856
54368,no_incendio,-6.146925317432729,-76.25875565214055
54374,incendio,-7.1886,-76.7347
54375,no_incendio,-6.40974277281647,-77.42222676114329
54384,incendio,-7.3595,-76.5544
54388,incendio,-6.6805,-75.5712
54394,incendio,-7.3246,-76.1595
54398,incendio,-5.7757,-76.3815
54399,incendio,-5.8478,-77.0303
54403,incendio,-7.3424,-76.7507
54412,incendio,-6.9333,-76.6378
54413,incendio,-5.7369,-76.307
54419,no_incendio,-5.420009462532595,-77.54497332899014
54427,incendio,-7.0343,-76.1898
54439,incendio,-8.1635,-76.3485
54443,no_incendio,-6.551429222354349,-76.91211574837874
54444,no_incendio,-7.309838483592369,-76.99515991704935
54449,incendio,-7.3924,-76.5587
54450,no_incendio,-7.510787208532104,-75.93881161563174
54453,no_incendio,-6.595830198454336,-76.87085544617783
54456,incendio,-7.3386,-76.1955
54466,incendio,-7.5564,-76.4855
54470,incendio,-6.1145,-76.3398
54471,incendio,-7.3163,-76.0708
54473,incendio,-6.2528,-76.7017
54476,no_incendio,-6.300702389014246,-76.09062532956851
54484,no_incendio,-6.075438089333736,-76.3159806186811
54489,no_incendio,-6.1503156162969,-75.68207577523512
54491,no_incendio,-6.4745895420603,-75.74417302447227
54522,incendio,-7.037,-76.1882
54524,no_incendio,-5.992609795772456,-76.28192019291933
54532,incendio,-6.7047,-77.0216
54539,incendio,-7.3636,-76.6277
54553,incendio,-7.5896,-76.469
54555,incendio,-8.482,-77.7047
54564,no_incendio,-5.418075597685226,-77.45900081306328
54566,incendio,-6.2741,-76.009
54570,no_incendio,-6.38076556073537,-76.97858606969272
54572,incendio,-5.7216,-75.753
54576,no_incendio,-6.825822993237503,-77.04144362527458
54581,no_incendio,-5.925744830854394,-76.62635370808266
54583,incendio,-6.8958,-76.4953
54585,incendio,-6.362,-76.295
54597,incendio,-5.8291,-76.1456
54605,no_incendio,-7.552000736404346,-77.05977682552361
54606,no_incendio,-7.4748062285678865,-76.83522182215418
54607,incendio,-7.3498,-76.6191
54617,incendio,-7.5794,-76.5953
54635,no_incendio,-5.822373025705751,-75.81118308604799
54642,no_incendio,-7.457798199513177,-76.25066528876945
54643,incendio,-8.6173,-76.6
54676,incendio,-6.8562,-76.5384
54678,incendio,-7.1763,-76.2663
54685,incendio,-6.4907,-76.3632
54686,incendio,-8.1626,-77.3895
54691,no_incendio,-6.66782718852246,-77.11974959426693
54696,incendio,-7.2193,-76.2665
54697,no_incendio,-5.693256209324268,-76.57722873694159
54704,no_incendio,-6.86128898258832,-76.74328169561169
54707,no_incendio,-5.73653806083423,-77.04027076606343
54708,no_incendio,-7.081516526122848,-76.39612274112437
54710,no_incendio,-5.800593790855309,-77.13899792799256
54729,incendio,-6.4951,-76.3595
54732,incendio,-7.2945,-76.8286
54738,incendio,-6.6292,-76.7201
54739,incendio,-6.7129,-76.1542
54742,no_incendio,-5.9787702159042375,-76.39270327711898
54744,incendio,-6.411,-76.5861
54746,no_incendio,-5.482360092898033,-75.75875593827813
54751,no_incendio,-6.439732844593629,-76.57320223136172
54758,no_incendio,-6.24016797795497,-75.64844512243143
54761,no_incendio,-6.802375216185101,-76.58944416230916
54792,no_incendio,-7.538851524680003,-76.89606525439852
54800,incendio,-6.3723,-76.5357
54803,no_incendio,-6.650069273774372,-77.45753589439983
54806,no_incendio,-6.638936461882343,-76.98044793632914
54809,incendio,-8.7733,-76.2501
54810,no_incendio,-6.420856851462068,-76.77933512635609
54811,incendio,-8.6255,-76.6204
54814,no_incendio,-6.279874050199112,-75.76672987730963
54815,no_incendio,-7.036643028375762,-75.60012732289076
54822,no_incendio,-5.786742413220336,-77.47906670461887
54825,no_incendio,-6.738442276906446,-76.26128977675305
54832,no_incendio,-6.677775402102643,-76.83019542388436
54837,incendio,-5.4031,-76.6192
54843,no_incendio,-6.394447416910339,-77.43791713673666
54859,no_incendio,-5.3579190970036175,-75.71127050256207
54862,incendio,-8.5655,-76.9354
54867,incendio,-8.467,-76.3697
54872,no_incendio,-6.152720685612169,-76.6428175960882
54876,no_incendio,-6.871202300838633,-77.19416033868453
54893,incendio,-7.1229,-76.684
54895,no_incendio,-7.319106221775668,-76.84964608294781
54896,no_incendio,-6.30791982416226,-77.35125522509678
54898,incendio,-7.9485,-77.4096
54899,no_incendio,-7.222358332455309,-77.11811213331089
54915,no_incendio,-6.1156293221158835,-76.01949781132349
54917,incendio,-6.6419,-76.6614
54936,no_incendio,-5.313659040472185,-75.7974059398213
54938,no_incendio,-6.5096234782459765,-76.05722709745423
54940,incendio,-7.6844,-76.4957
54942,incendio,-7.0925,-76.5195
54944,incendio,-7.3359,-76.8262
54945,no_incendio,-6.348815001844065,-75.62878823200789
54947,no_incendio,-7.153254312142147,-75.61931012295983
54949,no_incendio,-5.5252100557263795,-77.24871104147262
54950,incendio,-6.0069,-76.156
54960,no_incendio,-7.4291899383099445,-76.99344952239323
54962,no_incendio,-5.918920403880599,-75.94938972977876
54963,incendio,-6.5957,-76.0606
54971,no_incendio,-5.3699868320408415,-75.54453001162278
54989,no_incendio,-5.808189893519151,-75.58463969579134
54995,incendio,-7.2707,-76.297
54996,no_incendio,-6.303002240210201,-76.72194514117207
54999,incendio,-5.6746,-77.2876
55002,no_incendio,-5.4560539889311706,-76.17543571338655
55003,no_incendio,-5.618133364002661,-76.2191295091602
55004,no_incendio,-6.266088304734611,-77.24466049443727
55006,no_incendio,-6.796720182530489,-75.69073110670904
55009,incendio,-6.6613,-77.0209
55026,no_incendio,-5.89446781447664,-77.22849214912743
55032,incendio,-6.7314,-76.6032
55039,incendio,-8.7166,-76.8375
55044,no_incendio,-6.444450177038954,-75.66847301432819
55045,no_incendio,-6.691674214621824,-77.20756079690301
55059,no_incendio,-6.859218995881019,-77.3454749772902
55072,incendio,-7.5101,-76.4758
55086,incendio,-8.3024,-75.5287
55092,no_incendio,-6.762729834910828,-76.08562372451476
55104,no_incendio,-6.519206979509828,-76.45089641887259
55108,incendio,-6.9315,-76.9071
55109,no_incendio,-6.09276868271348,-76.00881721213455
55114,incendio,-7.4271,-76.6805
55115,incendio,-6.0815,-76.1675
55122,incendio,-8.4726,-76.4335
55126,no_incendio,-6.0889717541826,-76.72492959412638
55132,no_incendio,-5.546857195256127,-75.81190178678054
55139,incendio,-7.2956,-76.7599
55143,no_incendio,-6.6817259124413635,-75.77879648666988
55145,no_incendio,-5.316751485798925,-76.19649120217885
55146,incendio,-7.2356,-76.3646
55149,incendio,-6.7176,-76.7333
55165,incendio,-8.7439,-76.3999
55166,no_incendio,-5.996065973339257,-76.13966106255965
55171,incendio,-6.7185,-76.6831
55172,no_incendio,-6.18702118811894,-77.34328610788602
55173,incendio,-8.6122,-76.1883
55174,no_incendio,-5.7630676382897414,-75.77232686505347
55177,incendio,-8.3764,-76.7269
55179,no_incendio,-5.486723170429699,-77.00426559562854
55184,incendio,-6.9205,-76.8595
55185,incendio,-7.2414,-76.6172
55187,no_incendio,-6.4156514594615395,-77.50323228806793
55192,no_incendio,-6.051505218598604,-77.39180257829956
55204,no_incendio,-6.038754568131664,-76.35371867515885
55207,no_incendio,-5.776890989468168,-77.17544694472763
55209,incendio,-5.7705,-77.1932
55213,no_incendio,-7.134812798520641,-75.55898183219816
55222,incendio,-6.6917,-76.3273
55232,no_incendio,-5.409585651505393,-76.62572281413667
55235,incendio,-7.0382,-77.0988
55236,no_incendio,-7.036314510603764,-76.32413479957033
55266,incendio,-6.825,-76.6522
55271,incendio,-6.1216,-77.7848
55276,no_incendio,-7.4319891578174815,-77.15087421098383
55279,incendio,-8.6651,-76.8112
55289,no_incendio,-7.433764184828395,-76.19895087453514
55291,no_incendio,-7.047404652384161,-75.9921217029406
55294,no_incendio,-5.5412960021589,-76.28641162021465
55295,incendio,-8.0077,-76.6439
55298,incendio,-7.3677,-76.0458
55300,no_incendio,-6.384755873591554,-75.53050113466615
55303,incendio,-7.0204,-76.5927
55309,no_incendio,-6.535140869924569,-76.94972010352429
55315,incendio,-8.7699,-76.3013
55317,incendio,-6.5634,-76.7868
55319,incendio,-6.4959,-76.3648
55332,no_incendio,-6.85257481056394,-76.48694884372748
55344,incendio,-6.2636,-76.286
55348,incendio,-7.4436,-76.808
55356,incendio,-6.3974,-75.9293
55362,incendio,-7.3985,-76.7677
55368,incendio,-8.2122,-77.0603
55369,incendio,-7.4816,-76.2475
55378,incendio,-6.666,-76.3342
55379,incendio,-7.1534,-76.1229
55382,incendio,-6.5481,-77.3925
55383,no_incendio,-6.140503448389999,-75.89152757203433
55384,incendio,-7.014,-76.3124
55397,incendio,-8.4452,-77.5985
55407,no_incendio,-6.73154658128307,-77.37224800507184
55410,incendio,-7.5057,-76.4818
55411,incendio,-6.0014,-75.7167
55419,no_incendio,-6.931023435575018,-75.82624629253455
55422,no_incendio,-6.530680448143941,-77.14936961816767
55423,incendio,-7.1212,-76.6093
55425,incendio,-8.0141,-76.6562
55442,incendio,-7.5954,-76.3294
55452,no_incendio,-7.234182176376593,-76.40213823666475
55453,incendio,-6.1483,-77.0154
55460,no_incendio,-6.737059261843657,-77.50234796745673
55461,no_incendio,-6.705665824489784,-75.86880266225904
55466,no_incendio,-7.122938851987355,-76.92917682268381
55474,incendio,-7.0687,-76.6515
55480,incendio,-6.9542,-76.2975
55481,incendio,-6.7008,-76.8707
55486,incendio,-6.6532,-77.2694
55489,no_incendio,-6.939758211874388,-76.17566888296336
55497,no_incendio,-6.091674894114575,-77.31779067927825
55499,incendio,-7.2856,-77.7416
55501,incendio,-8.3077,-76.3206
55508,incendio,-6.2197,-76.2259
55509,no_incendio,-5.743346331540995,-77.34641722204898
55523,incendio,-7.2518,-76.8582
55541,incendio,-7.2246,-77.7209
55555,no_incendio,-5.798251230559933,-76.03303003317315
55556,no_incendio,-6.820149386274599,-77.14316869230039
55557,incendio,-6.4946,-77.0901
55563,no_incendio,-5.31179064282697,-75.78618195501585
55564,no_incendio,-5.69836641593065,-75.72287872908569
55571,incendio,-6.4333,-75.693
55575,no_incendio,-6.261893490975904,-75.72805069897333
55580,incendio,-7.4621,-76.4049
55585,incendio,-5.7603,-76.4592
55590,no_incendio,-5.489245275525123,-76.82667902790362
55593,incendio,-7.2988,-76.79
55597,incendio,-6.5061,-76.6025
55610,no_incendio,-5.657826113607748,-77.0484188289704
55620,incendio,-5.8832,-76.4415
55629,incendio,-8.6104,-75.5219
55634,incendio,-7.4823,-76.7354
55635,no_incendio,-7.284463966351714,-76.84480226943248
55640,incendio,-7.2656,-76.8309
55641,incendio,-8.7466,-76.398
55646,incendio,-7.9946,-77.6503
55648,no_incendio,-5.518901360296995,-75.83606862844933
55672,no_incendio,-6.324934683730277,-76.81019781469472
55675,no_incendio,-6.887017706594157,-77.30533643415299
55677,no_incendio,-6.490435100183895,-76.04212659409674
55680,incendio,-8.6352,-76.6114
55682,no_incendio,-7.279073350966451,-75.53370306812118
55687,incendio,-7.5711,-76.7111
55690,no_incendio,-5.728686151403572,-77.23987774970512
55695,incendio,-5.7882,-76.4602
55699,incendio,-5.5913,-76.5437
55704,incendio,-8.4164,-75.5036
55710,incendio,-5.8612,-76.1336
55735,no_incendio,-5.92288624833366,-77.05036033214864
55737,incendio,-7.23,-76.2448
55739,no_incendio,-7.160701404821328,-77.50258610161559
55740,incendio,-6.6012,-76.464
55746,no_incendio,-5.3579190970036175,-75.71127050256207
55748,incendio,-8.6673,-76.8254
55750,no_incendio,-7.3246018820862275,-77.30746281430696
55756,no_incendio,-5.812760524192122,-77.54920790478845
55759,incendio,-6.0582,-75.9744
55761,incendio,-7.1315,-76.4385
55765,incendio,-7.0647,-76.6392
55777,incendio,-6.6261,-76.4127
55781,incendio,-6.7587,-76.8075
55788,no_incendio,-5.628009588205993,-76.65354056984353
55790,no_incendio,-5.818727365285151,-76.86751655981939
55797,incendio,-6.6379,-77.387
55802,incendio,-7.5648,-76.3395
55804,incendio,-5.9108,-75.9447
55814,incendio,-6.9514,-76.4345
55826,no_incendio,-7.152157832421082,-77.44831592237493
55827,no_incendio,-6.122241228202742,-76.97601645146484
55830,incendio,-5.8538,-75.9157
55835,no_incendio,-6.802375216185101,-76.58944416230916
55836,no_incendio,-6.234222668201542,-76.20280713881237
55838,no_incendio,-5.943086820538844,-77.20310189012812
55842,incendio,-8.1798,-76.2925
55844,no_incendio,-7.6003471250061425,-76.18857699535684
55850,no_incendio,-6.935428056658316,-76.3738990565819
55854,incendio,-7.0033,-77.7089
55863,incendio,-6.9563,-76.5599
55864,no_incendio,-6.822218204858345,-77.39979285483051
55865,no_incendio,-7.5699592193140015,-75.58526155924636
55873,incendio,-7.1348,-77.0612
55874,incendio,-5.9044,-76.3916
55875,incendio,-7.0233,-76.8893
55879,incendio,-8.71,-76.8132
55892,incendio,-6.4945,-76.3574
55911,incendio,-7.3179,-76.8889
55912,incendio,-6.7537,-76.8414
55916,no_incendio,-6.140503448389999,-75.89152757203433
55920,no_incendio,-6.326986282349614,-75.6142180056652
55929,incendio,-8.2426,-77.2637
55932,incendio,-5.7317,-76.6467
55942,no_incendio,-6.324852338083002,-77.32158487709337
55943,incendio,-5.5493,-76.6895
55944,no_incendio,-6.931488241799888,-76.75916732730077
55945,incendio,-6.7817,-76.4118
55946,incendio,-6.5201,-77.471
55951,incendio,-7.095,-76.6003
55959,incendio,-7.9648,-77.4574
55966,incendio,-6.8256,-76.6219
55969,incendio,-6.654,-76.0733
55970,incendio,-6.5611,-77.556
55980,no_incendio,-7.570204289088778,-75.6523649524299
55986,incendio,-6.2165,-76.1842
55987,incendio,-7.0069,-76.7913
55991,incendio,-5.8973,-76.1262
55993,incendio,-6.8896,-76.5946
55995,no_incendio,-5.921547996068449,-76.32072129655478
56000,incendio,-6.8462,-76.6525
56002,no_incendio,-7.080940596432744,-77.316377811303
56006,incendio,-7.3707,-76.5636
56014,no_incendio,-5.518901360296995,-75.83606862844933
56019,incendio,-6.978,-76.2315
56032,incendio,-6.9498,-76.3439
56035,incendio,-6.7794,-76.4937
56041,incendio,-7.0981,-76.4142
56048,incendio,-5.7572,-76.4683
56050,no_incendio,-6.976092489979531,-77.35059361204593
56053,no_incendio,-6.043030962073811,-76.47604236953148
56056,no_incendio,-5.562529025700048,-76.57485709284715
56058,no_incendio,-6.2016988445038095,-75.99411742841416
56070,incendio,-8.3141,-77.3418
56073,incendio,-6.471,-76.837
56084,incendio,-5.319,-76.4945
56085,no_incendio,-6.032637337308331,-77.27677952675285
56090,no_incendio,-5.6976044499375105,-76.64278583121316
56094,no_incendio,-6.311293975828189,-76.65790550589152
56100,no_incendio,-5.879613359801567,-75.64585304449614
56102,incendio,-7.5059,-76.5127
56110,incendio,-6.8088,-76.9181
56124,no_incendio,-6.167876331105529,-76.10362029847187
56127,no_incendio,-7.433029202252227,-75.6952599290436
56131,no_incendio,-5.3992279096164255,-77.51525342091976
56132,no_incendio,-5.907472681123219,-77.48604863513309
56137,incendio,-7.4752,-76.5984
56143,incendio,-8.7894,-76.2468
56144,no_incendio,-7.502611835705684,-75.74342232378346
56154,no_incendio,-5.362923654155092,-76.9119868960568
56158,no_incendio,-7.511017054186108,-77.44217334143556
56159,no_incendio,-6.7667704583040305,-77.17310403249684
56162,no_incendio,-5.557069716448366,-75.65393079947539
56175,incendio,-8.1891,-76.5182
56186,incendio,-5.8668,-76.2379
56190,no_incendio,-6.594359651694001,-75.81359177197494
56199,no_incendio,-6.94690710912819,-75.63438003182783
56200,no_incendio,-7.0026426990635535,-77.36552672269332
56207,no_incendio,-6.4985912391976255,-76.97886285295857
56214,no_incendio,-5.494377757817533,-77.22053363364685
56217,no_incendio,-5.652384048618223,-75.53477074714212
56227,incendio,-8.6203,-76.2945
56229,incendio,-5.7059,-76.6056
56233,incendio,-6.2055,-76.0863
56236,incendio,-6.7504,-76.4066
56245,no_incendio,-5.577290052521281,-76.32966434490925
56248,incendio,-6.6639,-76.456
56258,no_incendio,-6.937481703505858,-75.66626594730945
56259,no_incendio,-5.608145245385959,-76.22898397370268
56261,no_incendio,-5.451709663906019,-76.0834165906866
56264,incendio,-7.0192,-76.1362
56268,incendio,-8.0545,-77.692
56269,no_incendio,-5.9462000997115165,-76.43849970195068
56275,no_incendio,-6.640746048298897,-77.24682022003786
56290,incendio,-8.6317,-76.7759
56298,no_incendio,-5.469135651128677,-76.66584024328755
56299,incendio,-7.0124,-76.3744
56300,no_incendio,-7.329270682828255,-76.84451015929197
56303,incendio,-7.32,-75.592
56307,no_incendio,-5.40191525194851,-77.41832441514279
56316,no_incendio,-5.767577808825913,-75.75625284767814
56317,incendio,-6.8606,-76.1627
56318,incendio,-7.2069,-76.3298
56321,incendio,-8.178,-75.6649
56322,no_incendio,-7.079367268286084,-75.74962590729507
56326,incendio,-8.6133,-76.6025
56328,no_incendio,-6.883760214306626,-75.62202390814382
56331,no_incendio,-6.50897310525775,-75.87651449576903
56334,incendio,-7.4162,-76.5424
56336,no_incendio,-5.649369657550563,-76.5133462871575
56337,incendio,-6.5525,-77.733
56361,no_incendio,-6.5061272002070805,-76.85692738999583
56363,incendio,-6.2169,-76.1458
56364,incendio,-8.3699,-76.2644
56367,no_incendio,-6.763948396418463,-75.5008846760666
56368,incendio,-7.1538,-76.9181
56371,incendio,-7.329,-76.5475
56382,no_incendio,-7.560257578514154,-75.8825568546828
56391,no_incendio,-7.217736549985553,-75.80888423805258
56394,incendio,-6.2288,-76.219
56396,no_incendio,-7.506544236901732,-77.50246102993648
56398,incendio,-7.1577,-76.3606
56399,no_incendio,-6.395505819847665,-76.99761432969862
56401,incendio,-8.0329,-75.5906
56404,no_incendio,-7.017832061015762,-77.13978816386988
56406,incendio,-8.2603,-77.2611
56423,no_incendio,-5.862678119407266,-76.8979972886448
56426,no_incendio,-6.695845884934508,-75.98054207395683
56439,no_incendio,-6.551299690221522,-76.01334671497136
56451,incendio,-7.186,-76.6683
56463,incendio,-7.1899,-76.9072
56465,no_incendio,-5.402348170521421,-77.02463779239379
56478,no_incendio,-5.833991570039085,-76.02950285469245
56479,no_incendio,-5.847351714277372,-76.19994787889544
56482,no_incendio,-6.9256501234330665,-77.07157879837493
56491,no_incendio,-5.329337229365641,-77.4752371215785
56497,incendio,-7.4224,-76.6611
56502,incendio,-6.4459,-76.8692
56513,incendio,-6.8285,-76.4778
56514,no_incendio,-6.1503156162969,-75.68207577523512
56521,incendio,-7.1373,-76.7557
56526,incendio,-6.8032,-76.6566
56532,incendio,-6.6952,-76.7677
56539,no_incendio,-5.908177822401652,-76.8838396640829
56549,no_incendio,-6.695277689736439,-77.08154414600035
56554,incendio,-8.1899,-76.5201
56555,incendio,-6.7041,-76.646
56561,incendio,-5.7573,-76.2602
56579,no_incendio,-6.087826324847768,-75.7576493632963
56598,incendio,-7.3025,-75.51
56603,no_incendio,-6.261031617639508,-76.56522958721264
56610,incendio,-6.4293,-76.5999
56614,no_incendio,-7.233430477045989,-76.80539054802271
56616,no_incendio,-7.5842496329608995,-75.57404179177915
56624,incendio,-5.6648,-75.9272
56627,incendio,-6.2455,-75.9055
56632,incendio,-8.5956,-75.5017
56633,no_incendio,-6.599702785570768,-77.42370077864948
56643,incendio,-8.0983,-77.6175
56644,incendio,-6.7749,-76.6707
56655,incendio,-6.0405,-77.1612
56660,no_incendio,-6.634686692730256,-75.5796876028018
56671,no_incendio,-7.508226717447944,-76.74892470083597
56672,no_incendio,-6.442705023956996,-76.30481606512446
56673,incendio,-6.0776,-75.9717
56677,no_incendio,-5.885065132570478,-75.64334405460914
56678,no_incendio,-5.702740983602372,-76.82721339280745
56691,no_incendio,-7.3664786483523805,-76.23130655990323
56699,no_incendio,-6.931342706605391,-77.24005682830844
56708,no_incendio,-6.012390103585068,-77.46665184846529
56717,no_incendio,-6.146020638711784,-75.61071933850509
56721,incendio,-7.3357,-76.6601
56723,incendio,-7.1033,-76.266
56734,no_incendio,-6.40170746741963,-77.23946539161132
56736,incendio,-8.0048,-76.7463
56742,incendio,-5.4041,-76.8375
56745,incendio,-8.0889,-76.7467
56750,no_incendio,-6.427192432397425,-75.62043295988641
56754,incendio,-7.5607,-76.4101
56756,incendio,-5.652,-75.9153
56762,no_incendio,-6.857088388064447,-76.33167042313654
56769,incendio,-6.988,-76.7925
56779,no_incendio,-5.815972204611399,-75.5996631905604
56782,no_incendio,-6.606790602498376,-76.50679708602655
56783,incendio,-8.6256,-76.6058
56784,no_incendio,-6.701934945529236,-77.46493186657752
56793,incendio,-6.77,-76.9414
56797,incendio,-7.0588,-76.2329
56805,incendio,-7.1941,-76.2893
56806,incendio,-5.6013,-76.1261
56809,incendio,-7.549,-76.4962
56811,no_incendio,-6.9177745399597805,-77.27712831962272
56815,no_incendio,-6.709679366409026,-76.89232327371961
56816,incendio,-7.3956,-76.4243
56817,no_incendio,-5.73653806083423,-77.04027076606343
56822,incendio,-5.9181,-75.8705
56823,incendio,-7.1051,-77.078
56827,incendio,-7.2034,-76.7879
56833,incendio,-7.2725,-76.7936
56840,incendio,-8.611,-76.8128
56844,no_incendio,-6.8053340000464315,-76.39338208242373
56848,incendio,-6.8971,-76.8844
56851,incendio,-7.2181,-76.5126
56879,incendio,-6.2911,-77.7068
56889,incendio,-7.2362,-76.3497
56894,incendio,-6.7157,-76.6182
56896,no_incendio,-5.9919519537985435,-75.55934310613091
56915,incendio,-5.5826,-76.4858
56927,incendio,-8.393,-75.5313
56928,incendio,-8.3143,-76.343
56930,no_incendio,-6.219703521684984,-76.92758051251145
56932,no_incendio,-5.62998043999866,-76.34952477053923
56933,incendio,-6.3373,-76.1143
56935,no_incendio,-6.074232738963784,-75.5615873787058
56938,incendio,-6.7907,-76.8328
56939,no_incendio,-7.429446375356516,-77.21947961761848
56945,no_incendio,-5.577424926283962,-75.86385660107669
56946,incendio,-7.4139,-76.8753
56948,incendio,-8.5923,-76.3483
56953,incendio,-6.2754,-75.9283
56955,incendio,-8.1928,-76.5134
56958,incendio,-7.3122,-75.5371
56961,incendio,-5.6776,-75.9499
56974,incendio,-7.5829,-76.7122
56979,incendio,-8.3798,-76.7395
56980,incendio,-6.5724,-77.3812
56989,no_incendio,-5.76347929525456,-76.25118820325987
56992,no_incendio,-5.973869946314861,-77.49816036206228
56993,no_incendio,-7.357911846364595,-77.10667831143273
57004,incendio,-6.7163,-76.7482
57008,incendio,-7.7164,-76.5183
57012,incendio,-8.5898,-77.5821
57019,incendio,-6.4372,-76.567
57022,no_incendio,-5.815055199872086,-76.00054370091742
57026,no_incendio,-5.563238397512856,-76.81585085485658
57027,incendio,-6.054,-76.4176
57034,no_incendio,-6.884683844966387,-77.48590774056447
57035,incendio,-7.4524,-76.6084
57039,no_incendio,-7.2139817219727025,-76.84648748233342
57040,incendio,-6.5457,-76.5373
57064,no_incendio,-5.965105049339228,-76.99859959497034
57069,no_incendio,-5.508214763979514,-75.68261084884283
57082,no_incendio,-6.130295951384975,-75.70862882951778
57087,no_incendio,-6.269350897351528,-76.17554961545872
57091,incendio,-6.7707,-76.4603
57098,incendio,-8.4557,-76.3612
57099,no_incendio,-5.501399945972402,-76.12442406721492
57103,incendio,-7.5368,-76.3447
57106,no_incendio,-6.960339111557958,-75.64609550577184
57108,no_incendio,-7.194942571615302,-76.85474676634065
57112,no_incendio,-5.764033944085201,-76.45830778573153
57113,incendio,-6.781,-76.2532
57120,incendio,-7.054,-76.8413
57121,incendio,-8.2368,-76.5637
57131,no_incendio,-5.301065878016683,-75.69105370872579
57136,no_incendio,-5.858435510959442,-77.08234731471167
57138,incendio,-6.0598,-75.9762
57139,incendio,-5.7934,-77.0244
57140,no_incendio,-7.017817860779479,-76.95461934375838
57141,no_incendio,-7.251002312253875,-77.0973220802175
57144,incendio,-5.6857,-76.154
57147,incendio,-5.626,-76.1235
57149,incendio,-6.3434,-76.0932
57153,incendio,-6.802,-76.3621
57154,incendio,-6.2671,-77.2023
57166,no_incendio,-6.660380391800162,-76.4974881056194
57168,no_incendio,-6.606517163578252,-75.85191369041031
57172,incendio,-6.4557,-75.9243
57175,incendio,-5.808,-76.4313
57178,no_incendio,-6.692392129901898,-76.24064751909104
57187,no_incendio,-6.256015929782314,-76.34693713254352
57190,incendio,-8.337,-76.706
57193,no_incendio,-7.547004527368286,-77.14424900414204
57199,no_incendio,-5.617689246248104,-77.03996515250137
57200,incendio,-6.5804,-77.551
57203,no_incendio,-5.3170098474698,-75.90718083995199
57205,no_incendio,-6.9303848627730344,-77.0665622069992
57206,no_incendio,-6.644983818759033,-76.97235660144274
57208,incendio,-5.6921,-76.409
57210,no_incendio,-7.213623333493973,-77.17840648744146
57218,no_incendio,-7.450411559721133,-77.09260605177882
57227,incendio,-6.5694,-76.055
57228,no_incendio,-6.705083355769138,-77.07784196502678
57229,no_incendio,-5.609318574866824,-76.18227826181767
57233,incendio,-8.3242,-76.7625
57247,incendio,-5.7177,-75.7514
57276,no_incendio,-6.1419091354730675,-76.8668930112328
57282,no_incendio,-5.57768955148183,-76.18452918544348
57283,no_incendio,-6.796333772184817,-76.78935654696676
57291,incendio,-8.7745,-76.3051
57312,incendio,-5.7714,-77.4617
57336,incendio,-6.4446,-76.8622
57341,incendio,-8.6076,-75.5166
57343,no_incendio,-6.249559347527708,-77.38514191347497
57346,incendio,-7.4666,-76.3767
57350,no_incendio,-7.125442800649086,-77.06151312787605
57355,incendio,-7.128,-76.8397
57358,incendio,-6.5116,-75.7868
57367,incendio,-7.1168,-76.9138
57383,incendio,-6.6595,-76.9626
57396,incendio,-7.4443,-76.8882
57401,incendio,-5.5962,-76.4099
57409,incendio,-7.7091,-76.5053
57413,incendio,-6.0474,-76.3596
57423,no_incendio,-6.940699761996049,-76.26181884160466
57424,incendio,-7.5661,-76.6136
57425,no_incendio,-5.733303330887296,-76.64353813041618
57426,no_incendio,-5.870124181278145,-76.52252785016896
57427,no_incendio,-7.3383676381877665,-77.39694154174633
57432,no_incendio,-5.49325291733823,-76.90069379643876
57439,no_incendio,-6.9501509672176445,-77.17514158104987
57441,no_incendio,-6.931842163036034,-76.53424888448937
57444,incendio,-7.0411,-76.726
57455,incendio,-6.8177,-76.6137
57467,no_incendio,-5.399746644332469,-76.68187059720576
57474,no_incendio,-6.191285072180344,-75.97348634249272
57483,incendio,-7.371,-76.9019
57485,no_incendio,-6.333472406743339,-75.64833382378124
57486,incendio,-5.8693,-75.9458
57490,no_incendio,-5.592798700137297,-76.77202119029057
57506,no_incendio,-5.867914432983562,-76.93835853406706
57507,incendio,-6.9818,-76.6735
57518,incendio,-7.3353,-76.5974
57528,incendio,-5.8845,-75.9635
57529,incendio,-5.9882,-77.2738
57532,no_incendio,-6.324514222860181,-76.89947276475436
57535,incendio,-5.3206,-76.5385
57537,incendio,-7.0157,-76.1296
57560,no_incendio,-6.397916753583541,-76.88339705526924
57563,incendio,-6.3638,-76.7512
57567,incendio,-6.3427,-75.8837
57578,incendio,-5.6714,-77.3121
57585,incendio,-5.956,-76.4934
57587,no_incendio,-7.282016752291952,-75.89864347181351
57593,no_incendio,-5.899739172279481,-75.62561076754551
57595,incendio,-7.5267,-76.4727
57600,incendio,-7.5469,-76.3555
57601,incendio,-7.0552,-77.0685
57617,no_incendio,-5.8166617894952815,-76.28161854109814
57618,incendio,-6.2922,-75.9645
57623,no_incendio,-7.195118276412429,-75.87773973651454
57635,incendio,-8.3447,-76.2987
57645,incendio,-8.7334,-76.2823
57649,no_incendio,-5.618133364002661,-76.2191295091602
57654,no_incendio,-7.006429626529349,-76.40821160101947
57663,incendio,-6.7551,-76.6896
57672,incendio,-6.3178,-76.1703
57675,incendio,-7.2782,-76.0388
57676,no_incendio,-5.404889796153065,-75.52356189843724
57686,incendio,-7.5592,-76.5688
57692,no_incendio,-6.331408328531141,-77.54249048965704
57697,no_incendio,-7.196513313319464,-76.34355474331385
57702,incendio,-7.5408,-76.4141
57703,incendio,-5.8581,-76.256
57705,no_incendio,-6.041174269159521,-76.02071621272385
57715,no_incendio,-6.109182329794082,-77.41759375115069
57734,incendio,-8.2613,-76.4792
57747,no_incendio,-6.328050055589178,-77.0850887708193
57748,no_incendio,-7.097056184949364,-75.91969394472576
57761,incendio,-5.7883,-76.139
57763,no_incendio,-6.692157540659071,-76.42895287815233
57766,incendio,-7.6127,-76.4791
57777,no_incendio,-6.942054443870175,-75.88451122317879
57784,incendio,-6.2366,-76.7088
57787,incendio,-6.6218,-76.7319
57793,incendio,-7.402,-76.8365
57795,incendio,-5.9557,-76.3485
57824,incendio,-8.5498,-76.2875
57842,incendio,-7.4427,-76.3786
57843,no_incendio,-5.555763303802058,-77.3394188883658
57844,incendio,-8.4631,-76.4659
57846,no_incendio,-5.791181789509089,-77.46024775242152
57860,incendio,-6.8311,-76.4793
57871,no_incendio,-6.895202578534257,-77.04341617849329
57874,incendio,-5.9534,-75.8716
57881,incendio,-5.7443,-75.9109
57891,no_incendio,-7.593724484851976,-77.34754973911781
57894,no_incendio,-7.107720073878569,-76.6999842966137
57900,no_incendio,-6.013807781245941,-77.54515653099793
57901,no_incendio,-7.285979665021611,-76.94332213408417
57907,incendio,-7.2054,-76.694
57909,no_incendio,-7.307422219905113,-77.49030389420659
57916,no_incendio,-7.579948204047341,-77.15279486128607
57924,no_incendio,-5.937659253977012,-77.34942172737706
57927,no_incendio,-6.467350712480753,-77.13922176575424
57933,incendio,-6.0453,-76.2849
57943,incendio,-7.0024,-76.1716
57947,no_incendio,-5.707217935164065,-76.52295370572979
57959,incendio,-8.2698,-76.5551
57962,incendio,-6.6358,-76.5645
57977,no_incendio,-6.302495285731171,-77.21683741078643
57978,incendio,-7.1999,-76.0286
57988,no_incendio,-6.567755900478985,-75.57744469880397
57989,incendio,-6.0082,-76.2968
57991,no_incendio,-6.525571951158751,-77.30569775147015
57993,no_incendio,-6.857119664169062,-76.12920236111518
57995,incendio,-8.73,-76.7339
58002,incendio,-6.0173,-75.8697
58007,no_incendio,-7.523779550040388,-76.57430086125386
58008,no_incendio,-6.875049882290226,-75.92832997198381
58012,incendio,-5.6599,-76.6385
58014,no_incendio,-7.401018606692293,-76.00185651713339
58015,no_incendio,-7.353974209500567,-76.635407884227
58016,no_incendio,-5.389176452484517,-75.81151917065094
58025,incendio,-5.8076,-76.4985
58031,no_incendio,-5.704328166594409,-76.92480673286192
58037,incendio,-6.9784,-77.7518
58052,no_incendio,-7.451421425104065,-77.16432174468733
58057,no_incendio,-6.931842163036034,-76.53424888448937
58065,incendio,-7.1614,-76.8983
58066,incendio,-7.0391,-76.9001
58069,incendio,-8.711,-76.8174
58072,no_incendio,-7.3820884546139,-76.13227467193721
58075,no_incendio,-5.5259385585543805,-76.78474947687066
58076,no_incendio,-7.106983766497296,-76.41530269638099
58078,incendio,-6.4027,-76.5785
58084,incendio,-8.3139,-76.4213
58088,no_incendio,-7.485621627002571,-76.9594043618508
58093,no_incendio,-5.531494331119256,-75.68693972870032
58096,incendio,-7.2424,-76.3765
58097,no_incendio,-5.504827246357519,-77.16574913944
58101,incendio,-5.7609,-76.2727
58105,no_incendio,-7.238191721856415,-75.64307051270485
58106,no_incendio,-6.260382263964365,-75.66215989353373
58113,incendio,-8.7075,-77.1776
58118,incendio,-7.2699,-76.4007
58120,no_incendio,-7.040747836565641,-76.40061304391803
58126,no_incendio,-5.629475532551382,-77.50061748638073
58134,no_incendio,-7.511017054186108,-77.44217334143556
58143,incendio,-5.7621,-76.0628
58147,incendio,-8.7343,-76.3649
58152,no_incendio,-5.426874605227848,-75.77698728618986
58157,incendio,-6.7557,-76.8482
58159,no_incendio,-5.993099838060813,-76.1739103851831
58163,incendio,-5.7065,-76.2012
58164,incendio,-7.0707,-76.1426
58169,no_incendio,-6.44311246702837,-76.64720397145403
58173,incendio,-5.8272,-75.963
58180,no_incendio,-7.124526948992974,-75.69099174784184
58188,no_incendio,-6.4156514594615395,-77.50323228806793
58192,no_incendio,-5.882755427823639,-77.51237097659782
58203,incendio,-6.582,-77.5616
58205,no_incendio,-6.714945560919277,-76.31834388469295
58207,no_incendio,-6.602549423318465,-77.00681560184587
58214,no_incendio,-7.1439208952470965,-77.38092521559295
58218,no_incendio,-6.398926454720778,-76.50536924785067
58222,incendio,-5.766,-77.3203
58223,no_incendio,-5.971572498496214,-75.54699515189168
58233,no_incendio,-6.581342033294678,-76.43130059434782
58234,incendio,-6.6869,-76.0494
58240,no_incendio,-6.060398377187397,-77.34829212909203
58244,incendio,-6.5613,-76.3584
58245,incendio,-8.2238,-77.5581
58257,incendio,-7.9347,-77.5011
58261,incendio,-6.959,-76.1834
58263,incendio,-5.7426,-76.4889
58266,no_incendio,-6.953964765279714,-77.26246463391935
58268,incendio,-5.9929,-76.1376
58271,incendio,-8.5927,-76.323
58274,no_incendio,-5.455465993485473,-76.16419328270247
58275,incendio,-7.6323,-77.6016
58276,incendio,-5.8262,-77.0891
58277,no_incendio,-7.592091757815453,-76.79328342138723
58278,no_incendio,-5.852211351038847,-75.94340409504899
58281,no_incendio,-6.825822993237503,-77.04144362527458
58285,no_incendio,-6.4551795764442375,-76.19574642473289
58291,no_incendio,-6.39530825234119,-76.405654904597
58296,incendio,-6.1675,-75.9635
58298,incendio,-7.3202,-76.172
58315,no_incendio,-6.046594561111926,-77.17018221808269
58318,incendio,-6.2482,-76.3004
58319,no_incendio,-5.682009801127555,-77.32557014599907
58322,incendio,-5.6609,-77.3856
58324,incendio,-6.6521,-77.4815
58330,incendio,-7.0202,-76.1386
58333,incendio,-7.5769,-76.3425
58334,no_incendio,-7.58421978174848,-75.56038392032599
58353,incendio,-6.7448,-76.687
58356,no_incendio,-6.9260270516583,-76.1608919912471
58364,no_incendio,-7.306661299403648,-77.35299757529853
58391,no_incendio,-5.695046426207607,-76.82428560854454
58393,no_incendio,-5.525266717128592,-75.70624108601852
58409,incendio,-7.3708,-76.8051
58413,no_incendio,-5.380924923914102,-76.12851157268119
58419,incendio,-5.9855,-76.0959
58427,incendio,-7.1921,-77.0664
58430,incendio,-6.0676,-76.3368
58437,no_incendio,-6.501541232968051,-77.42157786801864
58438,no_incendio,-5.976243455050963,-77.46569306274102
58442,incendio,-5.786,-76.3725
58447,no_incendio,-5.877091540669871,-76.18474625697182
58449,no_incendio,-5.802372431085104,-75.57878108958735
58460,incendio,-7.4782,-76.331
58464,no_incendio,-7.017832061015762,-77.13978816386988
58471,incendio,-6.9197,-76.7852
58472,no_incendio,-6.326986282349614,-75.6142180056652
58475,incendio,-6.2833,-75.9371
58476,no_incendio,-6.53325154649785,-76.75115030969212
58483,no_incendio,-6.928121931895522,-76.19484375945571
58485,incendio,-6.6578,-76.7678
58497,no_incendio,-5.374155680654134,-76.14052405499798
58498,incendio,-7.2897,-76.3181
58501,incendio,-7.5726,-76.4048
58507,no_incendio,-6.781601843650596,-77.34861421933648
58508,no_incendio,-5.703905788521742,-76.67744162480196
58509,incendio,-7.306,-76.5603
58519,incendio,-6.8842,-76.6155
58537,no_incendio,-6.017781234806329,-76.55163665011102
58538,incendio,-7.4407,-76.5762
58555,no_incendio,-6.617504610391747,-77.25647472773994
58559,incendio,-5.8635,-76.4368
58561,no_incendio,-7.442180034070876,-75.92683774273232
58564,incendio,-6.5116,-75.7357
58572,no_incendio,-5.569659951211905,-77.11401128748476
58580,no_incendio,-5.926705485124891,-75.77709994653331
58581,no_incendio,-6.726107042288016,-76.4764656532763
58584,incendio,-7.4414,-76.5384
58587,no_incendio,-7.2328066703542,-75.51680217199777
58601,no_incendio,-6.56442664767728,-76.08300934140289
58607,no_incendio,-7.245236344594437,-75.87140818649081
58612,incendio,-7.1252,-76.0527
58623,incendio,-5.8962,-76.1244
58625,incendio,-7.5393,-76.6167
58629,incendio,-7.1023,-76.8649
58632,no_incendio,-6.971818693744163,-76.01229344920435
58633,no_incendio,-6.580708866740203,-77.30463518466154
58635,no_incendio,-7.593724484851976,-77.34754973911781
58640,no_incendio,-6.257693910309322,-76.09129796601194
58642,no_incendio,-6.125949661803806,-77.27004912325427
58645,no_incendio,-5.641271222445664,-77.2589065650696
58647,incendio,-6.5611,-76.3883
58654,no_incendio,-5.773095456119174,-76.85503049095618
58657,no_incendio,-6.48340164417584,-76.67965578486029
58658,incendio,-6.7066,-77.4825
58660,no_incendio,-5.567222797078491,-76.31046982261108
58661,no_incendio,-7.204320146605171,-76.588496910205
58667,incendio,-5.7598,-76.046
58668,no_incendio,-7.110610391202952,-75.57270966365749
58673,incendio,-8.7439,-77.6841
58677,incendio,-7.368,-76.4201
58678,no_incendio,-7.1534822632517345,-77.28597322340042
58692,incendio,-6.7013,-76.4615
58699,no_incendio,-6.726779286673033,-77.03336380719702
58718,incendio,-6.4422,-76.5447
58719,no_incendio,-7.432415046086705,-75.62170917666255
58723,no_incendio,-6.586264053943194,-75.6879198104013
58724,incendio,-6.7398,-77.4202
58737,no_incendio,-6.58004948557469,-76.69638619777997
58746,incendio,-8.6474,-76.7943
58753,incendio,-6.2161,-77.133
58754,incendio,-7.3427,-76.6369
58756,no_incendio,-6.256015929782314,-76.34693713254352
58765,no_incendio,-6.777084363074236,-76.9625637860872
58767,no_incendio,-6.772965762366505,-76.27272500681829
58768,incendio,-5.7243,-75.7599
58776,incendio,-5.7238,-76.0509
58783,incendio,-7.1564,-76.6138
58787,no_incendio,-6.741427767846081,-75.52300413513564
58790,no_incendio,-5.432202072011853,-76.59374002276904
58795,incendio,-7.404,-76.6071
58803,incendio,-6.823,-76.6379
58807,incendio,-6.4932,-76.5314
58814,no_incendio,-5.369357026240305,-77.2031702822179
58818,incendio,-6.6009,-76.7646
58821,no_incendio,-6.25350724604799,-77.4340170352428
58823,incendio,-5.7983,-76.2633
58824,no_incendio,-6.125131039522042,-76.4724598054466
58832,no_incendio,-7.199216978961617,-75.9477990392911
58833,incendio,-6.8742,-76.5331
58846,incendio,-6.6061,-76.7534
58849,no_incendio,-6.08674868659818,-77.38664384875209
58851,incendio,-6.2918,-75.9886
58854,incendio,-7.4367,-76.5552
58862,no_incendio,-7.081124602285028,-76.06087878832324
58865,incendio,-7.4459,-76.5607
58880,no_incendio,-7.196097131869269,-76.42673251604377
58883,incendio,-6.8991,-76.53
58886,no_incendio,-7.587620813063947,-76.03285942876866
58890,no_incendio,-7.569903097714346,-75.55932093103655
58891,no_incendio,-6.822682837524565,-76.01658832939721
58896,no_incendio,-7.343476837968453,-76.86299220846689
58897,no_incendio,-5.619053862717164,-77.1024753665004
58898,incendio,-5.8301,-76.3308
58903,no_incendio,-6.635301014584928,-76.41004319664097
58905,incendio,-7.906,-76.6853
58907,no_incendio,-6.1156293221158835,-76.01949781132349
58911,incendio,-5.6913,-76.4041
58923,no_incendio,-6.530994184747679,-76.2330880201573
58925,incendio,-6.7547,-76.208
58927,incendio,-7.4011,-76.4169
58932,no_incendio,-6.228351070264562,-77.26637950725386
58939,no_incendio,-5.599508739006035,-77.02715299547113
58947,incendio,-6.3196,-76.9878
58948,no_incendio,-5.546093305557506,-76.96305959318578
58953,incendio,-8.468,-76.2959
58954,no_incendio,-7.192625795202753,-75.79931940133156
58955,no_incendio,-5.908177822401652,-76.8838396640829
58956,no_incendio,-6.4985912391976255,-76.97886285295857
58960,incendio,-6.8424,-76.309
58962,no_incendio,-6.486581240227174,-76.15835402098138
58965,incendio,-8.4701,-76.2422
58970,no_incendio,-5.465266875680572,-76.24842900681286
58977,incendio,-6.5256,-76.7725
58978,no_incendio,-6.882432262080377,-75.90126287963834
58979,no_incendio,-6.468598557394471,-76.29833017428093
58991,incendio,-6.1947,-76.7387
59009,incendio,-6.8409,-76.8091
59010,incendio,-7.1649,-76.252
59011,no_incendio,-6.770535932670912,-77.17143392593205
59017,incendio,-8.615,-77.6573
59022,incendio,-6.5412,-75.651
59026,incendio,-6.2616,-75.9298
59038,incendio,-7.1614,-76.1239
59039,incendio,-7.2006,-76.3339
59041,no_incendio,-6.756685989962618,-75.83002754028344
59052,no_incendio,-6.973841653653549,-76.58656432123784
59056,no_incendio,-6.377843437674785,-75.69894560383477
59057,incendio,-6.698,-76.4302
59062,no_incendio,-6.693645231607011,-77.00083886723358
59070,incendio,-7.4937,-76.3659
59072,incendio,-7.2193,-76.0717
59076,incendio,-5.9822,-76.1769
59082,no_incendio,-6.876747971648932,-77.24294547673294
59090,no_incendio,-5.710479011729555,-76.39175910938613
59103,incendio,-7.4996,-76.3684
59108,incendio,-7.1666,-76.0352
59122,incendio,-7.3403,-76.7643
59124,incendio,-7.1001,-76.2508
59128,no_incendio,-5.3689055308415,-76.62344622964636
59129,incendio,-5.9165,-76.6822
59132,no_incendio,-5.424572995842199,-76.6735765187215
59133,no_incendio,-5.317490731831781,-77.05291423448321
59136,no_incendio,-5.63680634711327,-75.94250770415854
59140,no_incendio,-5.311895131464863,-75.88090262967312
59147,no_incendio,-6.061209534590685,-77.14139663662863
59148,no_incendio,-5.784820775425025,-76.88322925526231
59152,incendio,-6.9916,-76.7788
59159,no_incendio,-5.899739172279481,-75.62561076754551
59168,no_incendio,-5.418336191471334,-77.27363994749886
59172,incendio,-7.086,-76.4399
59173,incendio,-5.9606,-76.9263
59176,no_incendio,-7.150750883364853,-76.83628592323717
59180,no_incendio,-6.871083272493799,-75.76930140332634
59181,no_incendio,-7.372518694562453,-75.6585511672326
59182,incendio,-6.1554,-76.2917
59193,incendio,-7.756,-76.7228
59195,incendio,-6.162,-77.0725
59196,no_incendio,-6.001439366513391,-76.98820534580602
59217,no_incendio,-6.442705023956996,-76.30481606512446
59218,no_incendio,-6.223322439610729,-75.97460472272981
59219,no_incendio,-7.333298288226105,-76.42146225481947
59220,no_incendio,-6.426707190480592,-75.93955631582219
59222,no_incendio,-5.739545483497391,-76.77757497448552
59225,incendio,-6.606,-77.5415
59227,no_incendio,-7.307422219905113,-77.49030389420659
59230,no_incendio,-6.1034945984714595,-75.79834298949085
59231,incendio,-5.9595,-76.2997
59235,incendio,-6.9804,-76.2249
59236,incendio,-7.0799,-76.2557
59244,no_incendio,-6.861143278874841,-76.10935962119562
59247,no_incendio,-7.45728200774953,-76.98588787498541
59251,incendio,-7.1826,-76.7346
59257,incendio,-6.7731,-76.6999
59267,incendio,-5.9752,-76.4451
59274,no_incendio,-6.076651418507213,-75.99938351654062
59277,no_incendio,-6.846679592265051,-75.78055281220841
59278,incendio,-8.3168,-76.3729
59280,no_incendio,-7.259025792408945,-76.1069982504593
59284,incendio,-7.2987,-76.8391
59295,incendio,-5.6693,-77.3409
59298,no_incendio,-5.957368180282539,-76.7498768526133
59300,incendio,-7.1618,-77.7038
59308,incendio,-8.4723,-77.4734
59312,no_incendio,-5.808189893519151,-75.58463969579134
59320,no_incendio,-5.8513705657504405,-76.02980196988514
59324,no_incendio,-7.396223425522508,-76.91536939858025
59325,no_incendio,-7.412957121399091,-77.21617404571616
59326,incendio,-7.3324,-76.0575
59327,no_incendio,-7.431414415877487,-76.13136950681124
59333,incendio,-6.8738,-76.6171
59338,no_incendio,-7.431414415877487,-76.13136950681124
59350,no_incendio,-5.748428283636171,-75.60096771532396
59359,no_incendio,-6.386426402369189,-77.04162489751405
59360,incendio,-6.0641,-76.3065
59366,no_incendio,-5.807568980791382,-75.59957931060934
59373,no_incendio,-7.010780636427077,-77.18807298125991
59379,no_incendio,-5.541112522183527,-75.99676308138659
59386,incendio,-7.3081,-76.1534
59389,no_incendio,-5.4560539889311706,-76.17543571338655
59390,no_incendio,-6.1464831206689965,-77.21946152659409
59392,no_incendio,-6.6832264067033,-77.40030797685029
59396,incendio,-6.6644,-76.7388
59397,incendio,-5.9524,-76.2793
59399,incendio,-7.2013,-76.4
59404,incendio,-7.3964,-76.4011
59406,incendio,-8.5033,-76.3662
59408,incendio,-6.2044,-76.3
59413,incendio,-6.1421,-75.9487
59421,incendio,-7.0866,-77.6028
59439,no_incendio,-6.883760214306626,-75.62202390814382
59444,no_incendio,-5.482611963240762,-75.99861917484141
59448,incendio,-6.5575,-77.391
59457,incendio,-8.7573,-76.2098
59464,incendio,-8.2822,-77.247
59470,no_incendio,-5.420334412033499,-75.68214864532793
59473,no_incendio,-7.139277657699614,-76.6688585627755
59478,incendio,-7.3393,-76.034
59488,no_incendio,-6.36044395346056,-75.72277954497737
59489,no_incendio,-5.977893876843185,-76.20383698117358
59500,incendio,-6.5609,-75.6947
59501,incendio,-7.1756,-76.6221
59515,no_incendio,-7.420738238712349,-77.50365613060586
59516,no_incendio,-6.013807781245941,-77.54515653099793
59519,no_incendio,-7.000863457307533,-75.58957693762711
59535,no_incendio,-6.25350724604799,-77.4340170352428
59537,incendio,-8.7035,-76.7293
59547,no_incendio,-5.366911069115064,-77.28733600522496
59548,incendio,-6.3304,-76.3205
59549,incendio,-6.6343,-76.6305
59553,incendio,-7.4187,-76.269
59558,incendio,-5.7394,-77.1756
59577,incendio,-6.9289,-77.7348
59587,no_incendio,-7.517330043663011,-76.85538614453351
59593,no_incendio,-7.163128957992517,-77.33946379317482
59601,no_incendio,-5.632015032857573,-75.91152631241859
59606,no_incendio,-7.49572574357337,-75.97213125228711
59607,incendio,-7.5149,-76.5023
59614,incendio,-6.6079,-75.5031
59623,no_incendio,-6.525952464139444,-76.13787075319888
59626,incendio,-6.1325,-75.7231
59634,incendio,-7.0899,-76.8647
59635,no_incendio,-6.521871195981789,-77.46615975017302
59638,no_incendio,-7.433029202252227,-75.6952599290436
59653,incendio,-6.1423,-77.0972
59654,no_incendio,-5.441048358116876,-77.52077786090675
59657,no_incendio,-7.2059322207802605,-76.87315318488162
59658,incendio,-7.0761,-76.4095
59672,incendio,-7.2783,-76.0606
59679,no_incendio,-5.937659253977012,-77.34942172737706
59681,no_incendio,-7.005255736259935,-76.42804994495515
59682,no_incendio,-6.641370996240543,-76.27210728920325
59685,incendio,-7.457,-76.3885
59692,incendio,-7.1623,-76.5896
59694,incendio,-7.1495,-76.8326
59705,no_incendio,-6.937481703505858,-75.66626594730945
59710,no_incendio,-5.851580916609269,-76.5836652330877
59711,no_incendio,-7.208457886315255,-75.76495343289794
59713,incendio,-5.8287,-76.4023
59718,incendio,-6.5749,-75.6953
59721,no_incendio,-6.480910366032293,-76.46284954850665
59724,no_incendio,-6.696268263466886,-76.2363741007275
59726,incendio,-7.2384,-76.3803
59727,no_incendio,-5.393627530051222,-76.7881303458327
59732,no_incendio,-7.089179421889268,-75.95457712793731
59744,incendio,-6.6721,-76.7499
59746,no_incendio,-6.082418461874669,-76.27878687106944
59748,incendio,-5.6757,-76.3035
59754,incendio,-6.278,-76.1233
59764,no_incendio,-6.539751025490163,-75.79612657062603
59772,no_incendio,-7.454890771776194,-76.4256008255504
59773,incendio,-7.1791,-76.4745
59782,incendio,-7.0056,-76.8687
59800,no_incendio,-5.970978809605494,-77.02988190645058
59807,incendio,-8.7483,-77.0096
59808,no_incendio,-6.0768564144980575,-76.74533352236556
59812,no_incendio,-5.955706826060275,-77.52353123807491
59814,no_incendio,-6.893380079192219,-76.030920773184
59821,incendio,-6.1555,-75.9735
59824,incendio,-7.6431,-76.4735
59826,no_incendio,-6.308716369141198,-75.7579038479895
59827,no_incendio,-6.572656774954891,-77.3264854349528
59828,no_incendio,-6.080706501829642,-77.17715903994046
59840,no_incendio,-6.742797209348308,-75.63057425829132
59847,incendio,-7.0323,-76.9231
59852,no_incendio,-6.40519633681147,-77.40140623826653
59855,incendio,-6.8278,-76.4442
59856,no_incendio,-7.508259691685048,-76.6692073559441
59858,incendio,-7.3291,-76.1906
59865,incendio,-5.7261,-76.4683
59873,incendio,-7.1322,-76.9401
59886,incendio,-7.5823,-76.5209
59894,no_incendio,-6.0254636524537775,-76.26070791675792
59901,no_incendio,-7.351997452668049,-75.86863921087647
59902,incendio,-5.9784,-76.215
59903,incendio,-8.7604,-76.9956
59907,incendio,-7.1662,-76.8679
59908,no_incendio,-5.531709345051456,-76.12800515028563
59911,no_incendio,-7.377051275028038,-75.93975534182488
59918,incendio,-6.2812,-75.8582
59923,no_incendio,-5.855088798772725,-76.8781669555971
59924,no_incendio,-7.30819350769802,-77.51096201548089
59930,incendio,-7.2781,-76.126
59933,no_incendio,-7.126628531945264,-77.1694503862003
59938,no_incendio,-7.4286037527901305,-75.69674631092113
59939,incendio,-7.1927,-76.8635
59944,no_incendio,-5.555557041643157,-75.59184140417976
59954,incendio,-8.3909,-75.5301
59965,no_incendio,-6.846794989481795,-77.18451705449077
59967,no_incendio,-5.5904160018413185,-75.95967696851481
59969,no_incendio,-6.540081142019239,-76.93762669541404
59970,no_incendio,-6.466287697296756,-75.7075752786908
59987,incendio,-5.8331,-76.0484
59992,incendio,-7.4974,-76.7296
59995,no_incendio,-7.084324476791982,-75.72444571840467
59999,no_incendio,-7.5348116135080625,-76.04270078901092
60006,no_incendio,-5.9969306066925245,-75.59395245076587
60009,no_incendio,-7.536085961803959,-76.48312695756479
60012,incendio,-6.0806,-76.3157
60014,incendio,-6.1274,-75.9422
60018,no_incendio,-6.3480305531769075,-76.22097710185248
60026,no_incendio,-7.384008271248504,-77.19420546410333
60028,no_incendio,-6.525390337428589,-76.47559277816393
60035,incendio,-6.5898,-77.3866
60040,no_incendio,-5.67746740794027,-76.11677597680215
60058,incendio,-8.1884,-77.0564
60068,incendio,-6.7808,-76.7088
60079,incendio,-8.5172,-75.5069
60081,no_incendio,-5.3170098474698,-75.90718083995199
60087,no_incendio,-6.999582445751279,-75.72775890207608
60088,no_incendio,-5.3149529866292395,-75.54616509202799
60095,no_incendio,-5.306306841629591,-77.15046908916776
60105,incendio,-6.7547,-76.669
60106,no_incendio,-5.388800568828812,-75.76427198080877
60112,no_incendio,-5.519172911219698,-76.89133916809088
60125,incendio,-7.3698,-76.7619
60132,no_incendio,-6.787051317211901,-77.10628604223226
60134,incendio,-6.6872,-76.6748
60140,incendio,-7.2025,-76.2508
60147,no_incendio,-5.543275857949961,-76.36401463997392
60149,no_incendio,-5.734417214770462,-76.99824039743078
60156,incendio,-6.3884,-76.1017
60160,no_incendio,-5.39776817495506,-77.21180440723553
60170,no_incendio,-5.501399945972402,-76.12442406721492
60177,no_incendio,-5.590745607594968,-76.01092904258273
60188,no_incendio,-6.508124167264835,-76.61340355687425
60197,incendio,-7.3715,-76.065
60198,no_incendio,-6.717293792016525,-75.64014245587184
60200,incendio,-8.4078,-75.5329
60201,no_incendio,-5.572804894965716,-76.96734256320798
60204,incendio,-6.4867,-76.3634
60207,no_incendio,-5.4234918480613805,-76.16629572534902
60214,no_incendio,-6.467420438436691,-76.19360941434292
60215,no_incendio,-5.5941151159540015,-75.60783919102062
60220,incendio,-6.542,-76.7455
60238,no_incendio,-6.360887636963093,-77.10755017823716
60244,no_incendio,-6.063540036870375,-75.94678113799266
60245,incendio,-6.9625,-76.2896
60246,incendio,-8.3968,-76.4136
60257,incendio,-8.1881,-76.51
60261,no_incendio,-6.99869942925542,-76.8613209261512
60271,no_incendio,-6.994951885754811,-75.90892162040349
60284,no_incendio,-6.073266163575411,-75.6671313489238
60286,incendio,-5.9031,-76.2631
60287,incendio,-7.2717,-76.4965
60295,no_incendio,-5.849268078249962,-76.0787263818459
60297,incendio,-6.9931,-76.318
60310,incendio,-7.3342,-76.0713
60314,no_incendio,-6.310252900156727,-75.63690302476967
60317,incendio,-5.4074,-76.6157
60322,no_incendio,-6.797266617151564,-77.33130374727055
60325,no_incendio,-5.6698457830937325,-76.36289670664165
60328,incendio,-6.4938,-76.4908
60329,incendio,-7.6754,-76.4839
60335,no_incendio,-6.1574013412773905,-75.50582251676065
60340,incendio,-6.8605,-76.3585
60341,no_incendio,-7.562840840503951,-75.66286053205432
60343,no_incendio,-7.442941681589652,-76.91434045843735
60345,incendio,-7.0541,-76.8043
60355,incendio,-6.8418,-76.5356
60359,no_incendio,-7.468820255868223,-76.21884389702247
60362,no_incendio,-5.937825755560712,-77.54131014900841
60368,incendio,-8.3981,-76.2883
60381,incendio,-5.654,-76.6149
60386,incendio,-5.7438,-77.4319
60388,no_incendio,-6.267765286846349,-75.88438881089547
60391,no_incendio,-6.616039268330141,-77.35690054867337
60392,incendio,-7.2931,-76.4271
60404,no_incendio,-7.149817793244048,-76.68995380242758
60417,incendio,-6.5085,-75.7348
60419,no_incendio,-6.084436174673718,-75.50027949977436
60429,no_incendio,-5.451709663906019,-76.0834165906866
60430,no_incendio,-6.968966493455318,-76.77095416720522
60434,incendio,-6.4654,-76.7196
60435,incendio,-6.2843,-76.6646
60449,no_incendio,-6.763422719650261,-75.74420107703415
60458,no_incendio,-6.24237475480212,-75.58560175040829
60461,incendio,-6.9686,-76.6626
60465,incendio,-8.1373,-76.4855
60467,no_incendio,-7.511170107704546,-77.36561455959057
60472,no_incendio,-6.896612666946929,-75.75338049940235
60473,no_incendio,-6.4196119424097,-77.50079336986
60474,no_incendio,-5.930404217360228,-76.53983487852608
60476,no_incendio,-5.426612634680184,-75.58435399600397
60481,no_incendio,-6.806373584205248,-76.84212620311408
60484,no_incendio,-7.188266062247751,-75.80338733044515
60489,no_incendio,-7.150450269408023,-77.18839409410428
60498,no_incendio,-5.87938832915223,-76.90538612384941
60502,no_incendio,-5.863508615293079,-77.5457929030888
60506,no_incendio,-6.886608703013906,-77.13594333407482
60511,incendio,-7.2984,-76.245
60524,no_incendio,-5.433480478841975,-76.00940335234054
60535,no_incendio,-5.8511939634062635,-76.52247944634267
60536,no_incendio,-6.20119371633988,-76.87236267556213
60543,incendio,-6.2248,-75.9274
60549,incendio,-8.5988,-76.5837
60550,no_incendio,-6.822682837524565,-76.01658832939721
60553,incendio,-7.146,-76.4156
60557,no_incendio,-6.982455617549805,-76.38860618436227
60559,no_incendio,-5.576401103022335,-75.65589793985158
60565,no_incendio,-7.452257992019361,-76.47454929467582
60571,incendio,-7.412,-76.6535
60572,incendio,-6.9541,-76.7551
60581,no_incendio,-7.095024308236621,-76.98915064415999
60588,no_incendio,-6.9821795229188215,-77.4814837765738
60592,incendio,-5.6882,-76.114
60593,no_incendio,-6.38076556073537,-76.97858606969272
60595,no_incendio,-7.010865933982342,-76.63167881965191
60598,no_incendio,-6.798455438994011,-77.48450324238898
60607,no_incendio,-5.360774716680023,-76.65130740948035
60608,incendio,-6.6373,-76.0758
60610,incendio,-6.5388,-75.5214
60612,incendio,-7.0501,-76.2939
60616,no_incendio,-5.871328194519735,-75.61953656447243
60618,incendio,-6.0815,-76.209
60622,incendio,-7.4908,-76.2429
60625,no_incendio,-6.224512205373936,-77.14720066928672
60628,no_incendio,-5.409213908766157,-76.02783677104524
60632,no_incendio,-7.381225768944467,-76.16930082038664
60635,incendio,-5.9368,-76.0076
60636,no_incendio,-7.110610391202952,-75.57270966365749
60639,no_incendio,-6.109182329794082,-77.41759375115069
60642,no_incendio,-6.258295759252856,-77.11424387601298
60652,no_incendio,-7.040358333723584,-75.92025125036116
60653,no_incendio,-7.294454537680535,-77.39696437221467
60666,incendio,-7.3199,-76.057
60677,no_incendio,-6.6577808572271095,-76.08571031789008
60682,no_incendio,-7.564076009944549,-75.89157611790941
60684,no_incendio,-5.784820775425025,-76.88322925526231
60694,no_incendio,-7.417769459056535,-76.0278387197161
60701,incendio,-6.2399,-77.3547
60703,incendio,-7.0546,-76.2875
60712,incendio,-8.6549,-76.9834
60716,no_incendio,-5.459589434430045,-76.77318023823041
60721,no_incendio,-7.321172600418316,-77.03516400852085
60725,incendio,-7.6757,-76.5035
60741,incendio,-8.4143,-76.3586
60742,no_incendio,-6.93924699905573,-75.70850782147345
60747,incendio,-6.0834,-76.333
60752,incendio,-7.4781,-76.6872
60766,no_incendio,-5.6549554185283695,-75.55778394676713
60771,no_incendio,-7.585685430350644,-77.37748828997904
60772,no_incendio,-6.822942078246508,-77.44020125918762
60781,incendio,-5.4961,-75.8152
60790,incendio,-6.5553,-75.6393
60793,no_incendio,-5.978876914297251,-77.26050814725458
60794,no_incendio,-6.928804973321887,-77.5279956009838
60795,no_incendio,-6.491284059337684,-76.25746904489338
60801,incendio,-6.0675,-76.4411
60811,incendio,-6.3292,-75.9631
60812,incendio,-7.1269,-76.3877
60813,no_incendio,-5.856738747667134,-76.17788737867787
60816,no_incendio,-7.232373566693578,-77.33989801092913
60831,no_incendio,-6.377843437674785,-75.69894560383477
60832,incendio,-8.3405,-76.5559
60835,incendio,-7.7725,-76.7833
60843,incendio,-6.9174,-76.9433
60854,no_incendio,-7.23268535501901,-75.71791421763211
60856,no_incendio,-6.260865842963683,-76.65344397081381
60858,incendio,-7.0165,-76.362
60860,no_incendio,-7.27421571842906,-77.20818796800718
60869,incendio,-7.1099,-76.7634
60874,no_incendio,-5.704328166594409,-76.92480673286192
60875,incendio,-6.596,-76.772
60903,incendio,-8.622,-76.7388
60905,incendio,-7.6766,-76.469
60914,incendio,-7.1803,-76.3996
60916,no_incendio,-7.474717173105087,-76.9435614717976
60923,no_incendio,-5.8586832152668595,-76.15130829850591
60925,no_incendio,-5.934859539144475,-76.33772116749721
60932,no_incendio,-6.892866951927303,-75.87172300219687
60933,incendio,-7.2642,-76.8266
60934,incendio,-6.0661,-76.9022
60937,no_incendio,-5.8332062747008715,-77.144406205254
60942,no_incendio,-6.514963979689991,-76.06389463356352
60943,no_incendio,-6.807279841790784,-75.78242302305196
60944,incendio,-5.3663,-76.569
60956,incendio,-7.4158,-76.6123
60963,incendio,-7.2557,-76.2214
60967,no_incendio,-7.150750883364853,-76.83628592323717
60972,no_incendio,-7.102892495964654,-77.42362317786845
60989,incendio,-7.2093,-76.2992
60991,no_incendio,-7.347824110154567,-75.82503332128289
60992,incendio,-5.7935,-77.247
60998,incendio,-7.8689,-75.5318
61009,incendio,-7.3588,-76.8803
61012,incendio,-7.1977,-76.1782
61015,incendio,-8.4607,-77.0512
61018,incendio,-5.814,-76.2993
61030,no_incendio,-6.522871972647179,-77.1088712424184
61036,no_incendio,-5.630317607867646,-76.28664530211917
61037,no_incendio,-5.4868610147355525,-76.76095607597574
61046,no_incendio,-7.093257969486561,-77.25013940551041
61049,no_incendio,-6.543469703142076,-77.05698988429933
61055,incendio,-5.9869,-76.1508
61060,no_incendio,-6.049219022458795,-76.2803636866073
61067,incendio,-6.1687,-76.0698
61076,incendio,-7.7861,-77.5523
61083,no_incendio,-7.564029278954403,-75.86011728919352
61084,incendio,-7.2824,-76.2361
61085,no_incendio,-5.710479011729555,-76.39175910938613
61092,no_incendio,-5.3902001479588,-77.1291902290787
61096,incendio,-7.0792,-76.416
61100,no_incendio,-7.0287390386317705,-77.03724597379518
61103,incendio,-7.4682,-76.804
61106,no_incendio,-6.5631659761878876,-77.17426169429598
61110,no_incendio,-6.007162927883913,-76.5503319635523
61114,no_incendio,-5.715242133239665,-75.6692049037983
61121,incendio,-7.0296,-76.8755
61131,incendio,-7.4097,-76.7178
61134,no_incendio,-6.775595026700855,-77.38152365692504
61135,no_incendio,-5.5978889160107626,-76.86708534486174
61144,no_incendio,-5.800895908311601,-76.62831443275236
61148,no_incendio,-6.558646082464617,-76.16096804971144
61155,no_incendio,-7.2922042762637265,-75.56044654209343
61158,incendio,-5.7357,-76.3014
61184,incendio,-7.1173,-76.4904
61193,no_incendio,-5.976473792691887,-77.521298056028
61198,incendio,-7.1351,-76.3797
61201,incendio,-8.6599,-77.026
61202,incendio,-8.2617,-76.4814
61208,no_incendio,-5.3149529866292395,-75.54616509202799
61212,incendio,-6.2174,-76.2191
61213,incendio,-8.4539,-76.339
61214,no_incendio,-6.223322439610729,-75.97460472272981
61218,incendio,-7.3742,-76.6318
61219,incendio,-8.1883,-76.52
61224,no_incendio,-7.554963436234575,-75.69130210162552
61227,no_incendio,-5.798459780491061,-76.54162838365039
61228,no_incendio,-5.5978889160107626,-76.86708534486174
61230,incendio,-7.0713,-76.3984
61232,incendio,-7.6612,-76.6557
61239,incendio,-6.9324,-76.9258
61243,no_incendio,-5.855822399079694,-75.69747959221154
61244,incendio,-7.2988,-76.3533
61245,incendio,-6.3194,-76.1238
61249,incendio,-7.5555,-76.2342
61253,incendio,-7.042,-76.9177
61264,no_incendio,-5.353246300739066,-75.96334736686653
61265,no_incendio,-5.543275857949961,-76.36401463997392
61267,incendio,-5.9861,-77.274
61278,no_incendio,-6.576004984769571,-77.51523302793387
61285,no_incendio,-6.3028561898427915,-76.27802291650278
61292,no_incendio,-7.547004527368286,-77.14424900414204
61297,incendio,-7.14,-76.9795
61305,no_incendio,-6.459421110313875,-76.2975020951517
61312,no_incendio,-6.4891729979787565,-76.11291535541001
61317,incendio,-6.2002,-75.9027
61319,incendio,-8.038,-77.7866
61322,incendio,-5.3954,-76.8474
61333,incendio,-8.7928,-76.2567
61337,incendio,-8.192,-76.5122
61340,incendio,-6.837,-76.9514
61347,no_incendio,-6.036634194085042,-76.33475368850613
61350,no_incendio,-7.41455798191768,-76.08778278827155
61351,incendio,-6.2612,-76.1328
61354,incendio,-5.9713,-76.2275
61362,incendio,-6.5146,-76.4701
61363,no_incendio,-5.801137778820401,-75.72589982617367
61375,no_incendio,-6.684588652346477,-77.1953837139415
61380,no_incendio,-6.212102855046136,-76.68622274401635
61384,no_incendio,-7.224623096753857,-76.90340581488266
61386,incendio,-6.7403,-76.6945
61387,incendio,-8.3103,-76.3596
61388,no_incendio,-5.690666241525762,-76.5831246635922
61396,incendio,-6.4785,-76.9896
61400,no_incendio,-5.329749843854847,-75.71078811690217
61411,no_incendio,-7.585660689069584,-77.39009094478008
61413,no_incendio,-7.312843125933768,-75.51939324111113
61420,no_incendio,-6.535140869924569,-76.94972010352429
61421,incendio,-6.8715,-77.4736
61423,incendio,-7.0403,-76.7248
61428,incendio,-8.7648,-76.2652
61431,no_incendio,-6.122720954624869,-76.9879603704079
61432,incendio,-7.379,-76.9256
61435,incendio,-6.8363,-76.4401
61436,incendio,-8.0402,-75.6193
61448,no_incendio,-7.081431158638572,-76.84157131930168
61473,incendio,-8.5516,-76.1178
61476,no_incendio,-6.556552771707259,-76.74314391359148
61485,incendio,-6.5928,-75.6144
61486,no_incendio,-6.922488599265936,-77.20347324801959
61487,incendio,-6.4221,-76.5188
61490,no_incendio,-7.510787208532104,-75.93881161563174
61500,no_incendio,-6.693894362934683,-77.32350061292144
61512,incendio,-7.3677,-76.8787
61514,incendio,-5.672,-77.1501
61515,incendio,-7.1135,-76.8323
61516,incendio,-5.9385,-75.8354
61517,no_incendio,-5.632876376439432,-77.16339501604922
61520,incendio,-6.9941,-76.1764
61523,no_incendio,-6.905194738350566,-77.31182563038344
61527,no_incendio,-6.224512205373936,-77.14720066928672
61530,incendio,-8.2714,-76.413
61534,incendio,-7.0296,-76.7664
61535,incendio,-6.7554,-76.736
61540,no_incendio,-6.097161064451766,-76.22638691915272
61545,no_incendio,-5.839270188717535,-77.49668062311541
61554,incendio,-5.6891,-76.252
61561,no_incendio,-6.7392978420431415,-76.19966664513106
61562,no_incendio,-7.464233169627815,-76.3089508607516
61565,no_incendio,-6.811703020411863,-76.53234904826876
61568,incendio,-7.3673,-76.0169
61569,incendio,-6.8323,-76.6359
61572,incendio,-8.6329,-75.5007
61574,no_incendio,-6.2016988445038095,-75.99411742841416
61575,incendio,-6.1968,-75.894
61581,no_incendio,-7.3100297231190225,-76.74549877667174
61588,no_incendio,-6.224278076163242,-75.68574152044755
61591,no_incendio,-6.664383213747135,-77.16631140190985
61598,incendio,-7.2879,-76.5772
61613,no_incendio,-5.332935425847374,-77.16749151506393
61619,incendio,-5.9888,-77.277
61628,no_incendio,-5.388800568828812,-75.76427198080877
61629,no_incendio,-6.173497385338977,-77.08001241103895
61645,no_incendio,-6.1464831206689965,-77.21946152659409
61649,no_incendio,-6.937807296357704,-77.1480818428275
61650,incendio,-7.5886,-76.4859
61651,incendio,-6.8701,-76.1643
61655,no_incendio,-5.968028736944726,-75.52547186968108
61658,no_incendio,-7.132478183195441,-76.65634588857769
61661,no_incendio,-6.110977096163155,-77.0520623179512
61662,no_incendio,-5.4868610147355525,-76.76095607597574
61665,incendio,-8.7525,-76.969
61666,no_incendio,-7.532869703153675,-75.62377754135032
61675,incendio,-5.4869,-76.5359
61676,incendio,-8.2796,-76.5612
61678,no_incendio,-7.3226422677593845,-76.0064093237638
61682,no_incendio,-7.200090625449649,-75.973583692229
61683,incendio,-6.7357,-76.7215
61698,incendio,-7.1792,-76.4695
61710,incendio,-6.7357,-76.7257
61711,incendio,-8.3276,-77.4437
61723,no_incendio,-6.113994500362599,-76.09851389136325
61736,no_incendio,-6.24237475480212,-75.58560175040829
61740,incendio,-6.6009,-76.2702
61761,incendio,-7.2116,-76.2561
61763,incendio,-5.8602,-76.2375
61780,incendio,-7.5008,-76.2591
61788,incendio,-7.1649,-76.3968
61795,incendio,-5.842,-75.875
61802,incendio,-6.9012,-76.6319
61806,incendio,-6.6906,-77.3517
61810,incendio,-6.8987,-76.9082
61812,incendio,-6.5275,-75.591
61826,no_incendio,-6.664383213747135,-77.16631140190985
61831,no_incendio,-6.701934945529236,-77.46493186657752
61832,incendio,-6.7974,-76.626
61833,incendio,-7.5453,-76.4867
61836,no_incendio,-6.100924085847581,-75.50738744279523
61841,incendio,-7.1874,-76.0456
61850,incendio,-7.8618,-76.7044
61851,incendio,-5.9761,-76.1425
61852,no_incendio,-5.87094442046127,-77.0385590368228
61853,no_incendio,-6.332355926126756,-76.57852424451565
61857,no_incendio,-7.432415046086705,-75.62170917666255
61869,no_incendio,-5.703527630485487,-76.04599898833253
61877,no_incendio,-7.230653311251528,-76.66188363656903
61883,incendio,-6.0128,-76.272
61885,no_incendio,-6.426114664529252,-76.74684435245346
61887,no_incendio,-5.851710851525425,-77.43871611391367
61894,no_incendio,-6.234937456831474,-75.55136134306397
61898,incendio,-7.3175,-76.5559
61902,no_incendio,-5.826125398643272,-77.25978841596924
61903,incendio,-7.3338,-76.5645
61904,no_incendio,-6.736150945991971,-76.26529623033477
61905,incendio,-5.7348,-76.2243
61913,incendio,-5.7519,-77.3104
61915,no_incendio,-5.4986752575716835,-76.99704879250469
61917,no_incendio,-7.160701404821328,-77.50258610161559
61923,incendio,-7.216,-76.2548
61927,no_incendio,-6.231532660134269,-77.43051392350198
61934,incendio,-6.4425,-76.5393
61940,incendio,-8.2194,-76.5832
61953,no_incendio,-6.557560588378224,-76.50430262965486
61960,incendio,-5.3238,-76.5198
61964,incendio,-5.9971,-76.1888
61965,incendio,-7.2194,-76.4446
61971,incendio,-7.5933,-76.3797
61973,incendio,-7.8377,-76.7367
61976,incendio,-6.515,-75.6517
61985,incendio,-6.8185,-76.5378
61992,no_incendio,-7.45728200774953,-76.98588787498541
62008,no_incendio,-7.426285004692227,-76.55235970604326
62009,incendio,-6.5163,-77.6215
62015,incendio,-8.2397,-76.5649
62016,incendio,-7.3229,-76.7356
62022,no_incendio,-5.881483458104126,-77.16414284221418
62028,no_incendio,-5.99701125020352,-76.97976479165838
62037,incendio,-6.8731,-76.1025
62058,incendio,-8.6008,-76.3058
62066,incendio,-6.803,-76.3746
62069,no_incendio,-6.390597266026688,-76.66038678496503
62075,no_incendio,-5.449965613276835,-77.22055951525992
62077,incendio,-6.4848,-76.3661
62080,incendio,-8.547,-76.3777
62094,no_incendio,-5.322335273054225,-75.66988823532402
62097,incendio,-8.1927,-76.5159
62099,incendio,-7.5943,-76.4931
62103,incendio,-8.7175,-76.2735
62104,incendio,-6.5579,-75.6778
62117,incendio,-7.1927,-77.0316
62122,no_incendio,-5.807017349001207,-75.61769536103809
62129,incendio,-7.27,-76.9873
62132,no_incendio,-6.559793328628168,-75.94281873717337
62133,no_incendio,-6.9183580075179805,-76.69201144944766
62135,incendio,-7.2181,-76.321
62139,no_incendio,-7.201796098982287,-75.59066106327278
62148,no_incendio,-6.368662376296837,-77.03036089290791
62155,incendio,-8.6101,-75.5103
62156,incendio,-6.8889,-76.3633
62175,incendio,-6.0613,-77.1675
62176,incendio,-6.7243,-76.8546
62180,no_incendio,-6.442343259209435,-75.6557677027335
62182,incendio,-5.3427,-76.6283
62185,no_incendio,-7.292676783205119,-75.82456526450503
62186,no_incendio,-7.458325528981381,-76.71492488487854
62188,incendio,-8.1507,-76.6645
62193,no_incendio,-6.834902492352533,-77.15059777266319
62204,incendio,-8.727,-76.1479
62205,incendio,-5.3323,-76.5205
62207,incendio,-7.1975,-76.0711
62209,no_incendio,-6.331956733542304,-77.5021084607029
62210,no_incendio,-6.072304927752775,-76.77556503555117
62213,no_incendio,-7.267527749331178,-76.00258934511766
62216,incendio,-7.4324,-76.6298
62218,incendio,-5.6741,-75.9314
62219,no_incendio,-7.232373566693578,-77.33989801092913
62221,no_incendio,-7.083533851815549,-75.86202426996425
62231,incendio,-6.8575,-76.8414
62234,incendio,-8.1597,-76.6328
62235,no_incendio,-5.855088798772725,-76.8781669555971
62240,incendio,-6.7446,-76.19
62241,no_incendio,-6.299155524282293,-77.22152257420255
62252,no_incendio,-6.5340207470218745,-75.73082220173393
62257,no_incendio,-6.234296161299747,-75.77408947365689
62258,incendio,-8.743,-76.733
62263,incendio,-6.0042,-76.2677
62264,incendio,-7.1291,-76.9151
62268,no_incendio,-7.083111529200552,-77.4686596735444
62269,incendio,-5.7981,-77.0939
62271,incendio,-6.4848,-76.3643
62281,incendio,-8.5874,-77.0278
62286,no_incendio,-6.567404760010091,-75.93678531261668
62295,incendio,-6.9401,-76.4359
62299,incendio,-5.8992,-76.9685
62301,incendio,-7.4473,-76.5479
62304,no_incendio,-5.409046088511844,-75.85044957982578
62306,no_incendio,-5.758765921416655,-76.68002956067983
62316,no_incendio,-7.1816270512499,-75.96620433389496
62326,incendio,-6.1174,-76.8662
62341,no_incendio,-7.010465391222765,-75.64374453725225
62352,incendio,-6.082,-75.6971
62354,incendio,-6.6213,-76.144
62360,incendio,-7.4105,-76.6047
62368,incendio,-6.3204,-76.0078
62375,no_incendio,-5.863508615293079,-77.5457929030888
62384,no_incendio,-6.709534503439617,-76.66045732733674
62386,incendio,-8.0277,-77.4653
62387,no_incendio,-5.561920884041726,-75.5653879895247
62392,incendio,-8.6409,-76.7423
62398,incendio,-7.1842,-76.514
62407,no_incendio,-5.592384500349762,-76.12339689137886
62409,no_incendio,-7.457703389730791,-76.12772647597676
62414,no_incendio,-5.62140995348484,-75.55506281291692
62426,incendio,-7.479,-76.6092
62432,incendio,-6.6477,-77.4784
62433,incendio,-7.7848,-77.5611
62436,no_incendio,-7.391919899350189,-76.53710558307176
62449,incendio,-6.9877,-76.624
62451,incendio,-7.1796,-76.3946
62452,incendio,-6.6768,-76.0847
62453,incendio,-7.2277,-76.0766
62456,no_incendio,-5.9729308547052575,-77.19584889522876
62461,incendio,-7.9238,-75.5701
62463,no_incendio,-7.259025792408945,-76.1069982504593
62477,incendio,-7.4109,-76.8342
62483,incendio,-8.6614,-75.6338
62487,no_incendio,-6.426707190480592,-75.93955631582219
62488,incendio,-7.1552,-76.0967
62492,incendio,-7.7271,-76.8276
62500,incendio,-5.8122,-76.2558
62501,incendio,-8.2276,-76.5953
62503,no_incendio,-5.5941151159540015,-75.60783919102062
62507,no_incendio,-7.152157832421082,-77.44831592237493
62512,no_incendio,-6.542252546530441,-76.69178298792589
62513,incendio,-7.2797,-76.609
62527,no_incendio,-7.340668210870726,-77.21099563259749
62530,no_incendio,-6.134868701694113,-76.84593822630983
62537,no_incendio,-6.973841653653549,-76.58656432123784
62541,no_incendio,-7.508397223486154,-75.66150958377543
62545,no_incendio,-6.480391966428419,-77.42730148887621
62546,no_incendio,-6.22075638484601,-75.88403940669497
62547,no_incendio,-5.853989818371729,-76.78866763757419
62548,incendio,-8.1652,-76.9905
62550,incendio,-8.7251,-77.6842
62555,incendio,-6.6138,-76.5826
62561,no_incendio,-5.636606643396935,-75.65023157423232
62566,incendio,-6.8846,-76.7532
62570,incendio,-6.2259,-76.8008
62572,incendio,-6.9067,-76.781
62573,no_incendio,-5.326931537697329,-77.25175106818679
62576,no_incendio,-7.081431158638572,-76.84157131930168
62582,no_incendio,-5.8624058726324275,-77.54256899267752
62587,no_incendio,-7.317626251154921,-75.78361603634158
62589,no_incendio,-6.427611857268102,-77.39761535548438
62595,no_incendio,-6.434453669791493,-76.35359643649942
62600,no_incendio,-5.7400159375045146,-76.98614097733964
62602,incendio,-5.9742,-77.1025
62604,no_incendio,-6.272889262540646,-77.34340996973071
62610,no_incendio,-5.371121123003669,-76.78705780536207
62614,no_incendio,-5.664887508520502,-76.9523855519072
62618,incendio,-6.838,-76.6819
62621,no_incendio,-5.339033958369073,-76.08006911213882
62623,incendio,-5.8369,-76.3783
62626,incendio,-5.9446,-75.9146
62630,incendio,-6.5867,-76.7172
62631,no_incendio,-6.444450177038954,-75.66847301432819
62634,no_incendio,-6.0725271268817105,-76.06632392761296
62636,incendio,-7.0049,-76.7788
62640,no_incendio,-7.150450269408023,-77.18839409410428
62653,no_incendio,-6.520841370621428,-77.36086106907894
62654,incendio,-7.2139,-77.6425
62656,incendio,-7.0906,-76.4841
62657,no_incendio,-7.137713754276464,-76.43208640903742
62662,incendio,-7.0996,-76.5731
62665,no_incendio,-7.06430285125658,-76.42921371383994
62668,no_incendio,-5.739591127784566,-75.99955564974134
62670,incendio,-6.5478,-75.6977
62680,no_incendio,-6.3309290976703485,-75.6891699953356
62684,no_incendio,-7.161262686753078,-75.93223007605604
62685,no_incendio,-6.050048338096627,-76.67601963605742
62689,no_incendio,-5.940833223348477,-76.76215332326328
62692,incendio,-5.3134,-76.2877
62698,no_incendio,-7.347666513055251,-77.19530347019538
62708,incendio,-6.5613,-75.6905
62710,no_incendio,-6.178045647421169,-77.16961242201813
62713,no_incendio,-5.394785578322833,-77.00358788486766
62716,no_incendio,-5.901183537582431,-77.01906915606199
62719,no_incendio,-5.543275857949961,-76.36401463997392
62720,no_incendio,-6.634686692730256,-75.5796876028018
62721,no_incendio,-5.863528939846276,-76.35307230512572
62729,incendio,-7.1283,-76.8888
62731,no_incendio,-5.866416209812787,-75.74390603732071
62733,incendio,-7.5945,-76.3247
62734,no_incendio,-5.629475532551382,-77.50061748638073
62737,incendio,-6.0458,-76.3537
62738,no_incendio,-6.061671698446887,-76.35844064270319
62740,incendio,-5.9359,-75.765
62749,incendio,-7.6174,-76.796
62753,no_incendio,-7.145399618003832,-77.00792044464232
62754,incendio,-7.5947,-76.3895
62757,incendio,-8.1635,-77.0506
62759,incendio,-7.0992,-76.1305
62763,no_incendio,-7.3680402233360685,-75.9380390323052
62772,no_incendio,-5.349324419297768,-77.32630960187535
62773,no_incendio,-6.3427644504242675,-77.35180398852548
62776,incendio,-5.6973,-76.3066
62779,incendio,-6.6811,-76.5128
62784,no_incendio,-6.9734000570740395,-77.15029703123086
62786,incendio,-5.8575,-76.2073
62793,no_incendio,-6.745283632589781,-76.33682715106067
62794,incendio,-6.4926,-76.3512
62805,no_incendio,-6.000321843594466,-77.16959710695784
62808,no_incendio,-6.640978763936889,-76.01901055862061
62812,incendio,-6.9113,-76.2592
62814,incendio,-8.7992,-75.5046
62815,incendio,-8.7051,-76.9526
62827,incendio,-5.7461,-75.9242
62832,no_incendio,-6.9023700759162985,-77.2540346072636
62848,no_incendio,-5.9462000997115165,-76.43849970195068
62856,no_incendio,-6.787959079277664,-75.64572689392233
62857,no_incendio,-5.626490573988114,-76.90197669049898
62860,no_incendio,-5.5941151159540015,-75.60783919102062
62862,no_incendio,-5.543275857949961,-76.36401463997392
62866,no_incendio,-5.32673427590497,-75.85118422857516
62868,incendio,-6.9666,-76.6716
62869,incendio,-7.9171,-76.6688
62871,no_incendio,-5.789563027304849,-76.53201355790475
62876,no_incendio,-6.668464879448152,-77.10303719859729
62887,no_incendio,-5.457985826162461,-76.51538649315398
62889,incendio,-7.5379,-76.6537
62890,no_incendio,-6.653744086369802,-76.88423091911557
62893,no_incendio,-5.508214763979514,-75.68261084884283
62904,no_incendio,-6.859834032339221,-77.17846783969736
62914,no_incendio,-6.9973012484497445,-77.4510550557952
62920,incendio,-7.0232,-76.928
62925,incendio,-7.3535,-77.6743
62927,no_incendio,-5.8084744858353705,-77.25537544416976
62928,incendio,-7.5807,-76.4656
62931,incendio,-5.8363,-75.9331
62936,no_incendio,-7.410323721411357,-76.86954387230432
62938,no_incendio,-6.233353095567226,-75.91710577734175
62946,no_incendio,-5.7980276983387755,-76.60461534978732
62947,no_incendio,-5.95558763459201,-75.58088985962372
62951,incendio,-5.9389,-76.1895
62956,no_incendio,-7.554963436234575,-75.69130210162552
62958,incendio,-7.6807,-77.7704
62961,no_incendio,-6.134775971165761,-75.80907324993491
62964,no_incendio,-6.730215654444688,-76.84821672271427
62970,incendio,-6.8424,-76.6395
62972,incendio,-7.1286,-76.9307
62977,no_incendio,-6.741440234624422,-77.09605125719467
62980,no_incendio,-6.882432262080377,-75.90126287963834
62981,no_incendio,-6.090705105654209,-75.76196358722034
62991,incendio,-5.3475,-76.7109
62992,no_incendio,-6.796333772184817,-76.78935654696676
62998,incendio,-7.0023,-76.9232
63001,no_incendio,-7.537292932390775,-76.72513755928978
63003,no_incendio,-5.334479044366705,-77.48777820988575
63011,no_incendio,-6.887017706594157,-77.30533643415299
63013,no_incendio,-7.448422790645704,-75.84545299813023
63016,no_incendio,-6.444054607789215,-75.60852282337595
63017,no_incendio,-5.3838831063176515,-76.49104845789617
63018,no_incendio,-5.8801882534272565,-76.2241751262081
63019,incendio,-6.2823,-76.131
63020,incendio,-5.7841,-76.2071
63030,no_incendio,-5.459589434430045,-76.77318023823041
63031,incendio,-7.5747,-76.4066
63035,incendio,-7.0888,-76.7876
63041,incendio,-6.7109,-76.679
63042,incendio,-7.1608,-76.2384
63043,incendio,-6.7966,-76.1764
63047,incendio,-6.7969,-76.2317
63055,incendio,-6.8403,-76.5071
63062,incendio,-5.831,-77.3143
63064,no_incendio,-6.781601843650596,-77.34861421933648
63066,no_incendio,-7.035328568865795,-77.4057239232557
63071,no_incendio,-6.687814799910479,-75.56700420232013
63079,no_incendio,-6.756685989962618,-75.83002754028344
63082,no_incendio,-6.729806246426535,-76.87013039720924
63104,no_incendio,-7.217469611041255,-75.6059674027119
63105,incendio,-7.2365,-76.0673
63106,no_incendio,-6.848581850084046,-76.26989214867015
63107,incendio,-6.7636,-77.5132
63110,incendio,-6.8812,-76.6515
63111,incendio,-7.1674,-76.2574
63118,incendio,-7.2948,-76.4357
63122,no_incendio,-7.359881945280641,-76.7414311135722
63131,incendio,-7.1727,-76.8523
63132,incendio,-7.0475,-76.3305
63138,no_incendio,-6.9973012484497445,-77.4510550557952
63139,incendio,-8.6534,-76.9725
63144,incendio,-8.6246,-76.6022
63148,no_incendio,-6.3402826742912515,-75.67543757743714
63149,no_incendio,-6.640978763936889,-76.01901055862061
63158,incendio,-6.2502,-76.3089
63166,incendio,-7.2428,-76.8278
63171,incendio,-5.687,-77.5406
63173,incendio,-6.3292,-75.9292
63195,incendio,-5.7829,-77.0886
63196,no_incendio,-5.921387481016298,-75.640821414452
63198,incendio,-5.7171,-76.3807
63210,incendio,-5.7428,-76.1769
63214,no_incendio,-7.218112205729853,-76.89519313423195
63218,incendio,-5.919,-76.3097
63219,incendio,-7.1936,-76.508
63227,incendio,-6.491,-76.3673
63228,incendio,-7.1998,-77.0124
63230,no_incendio,-7.496239899438951,-76.29662903245722
63235,incendio,-7.2344,-76.2558
63243,incendio,-5.4608,-75.5984
63247,incendio,-5.8318,-76.0061
63254,no_incendio,-5.370065008448104,-77.20634043748042
63255,no_incendio,-7.5327488758472905,-75.56594466797198
63257,incendio,-6.9384,-76.5052
63259,incendio,-6.8448,-76.6772
63266,incendio,-5.7259,-76.67
63270,incendio,-6.9925,-76.747
63274,incendio,-6.9499,-76.902
63275,no_incendio,-7.442180034070876,-75.92683774273232
63277,incendio,-8.663,-76.9157
63289,no_incendio,-6.910783499041465,-76.02557178392166
63294,no_incendio,-5.9969306066925245,-75.59395245076587
63321,no_incendio,-6.460809424904893,-76.67264708557983
63325,no_incendio,-7.4319891578174815,-77.15087421098383
63332,incendio,-6.6973,-76.6347
63333,no_incendio,-7.342552043846658,-77.45073212658029
63340,incendio,-6.4832,-76.4475
63354,incendio,-6.7863,-76.9543
63364,incendio,-6.2286,-76.2011
63367,no_incendio,-6.346021842815813,-77.12333044544714
63368,incendio,-6.9651,-76.6605
63370,no_incendio,-5.677610470044735,-76.52243457284158
63377,no_incendio,-5.4324592687941,-76.16239104777486
63385,incendio,-7.593,-76.7059
63400,incendio,-6.7763,-76.675
63401,incendio,-6.9502,-76.8897
63412,no_incendio,-6.664505823088651,-77.4814157749719
63420,incendio,-8.3191,-76.3117
63429,no_incendio,-6.329066895240967,-77.1289458150613
63437,no_incendio,-6.395989324044173,-77.50423285105032
63443,incendio,-6.218,-76.1944
63444,incendio,-7.0113,-76.2291
63455,no_incendio,-7.124827279927048,-76.79852328354966
63457,no_incendio,-7.143300333347583,-76.01076815200116
63460,incendio,-7.3733,-76.4184
63463,no_incendio,-5.815206419164588,-75.9840705047973
63465,no_incendio,-7.037056131673141,-77.16693386900573
63467,no_incendio,-6.024896527341603,-76.2922888028806
63469,incendio,-5.7998,-77.4272
63481,no_incendio,-5.977250221064096,-76.70445078164089
63493,no_incendio,-6.1290157028955905,-75.56386178427238
63494,no_incendio,-6.324340606949741,-75.71790454771553
63495,no_incendio,-6.40519633681147,-77.40140623826653
63499,no_incendio,-5.97958938141772,-75.97696588702247
63502,incendio,-6.8618,-76.262
63507,incendio,-8.2979,-77.3301
63510,no_incendio,-5.559916449786531,-75.78826141765923
63518,no_incendio,-6.482310901757052,-76.90146059819452
63521,no_incendio,-5.569129164967829,-76.89146867970102
63526,incendio,-8.1409,-76.5177
63531,no_incendio,-5.612049272108454,-77.15299470338601
63535,incendio,-8.3908,-75.5314
63537,incendio,-7.0741,-76.0674
63539,no_incendio,-7.108956430874631,-75.5028524515191
63544,incendio,-8.4602,-76.9044
63545,no_incendio,-5.62794321017974,-76.97851232659868
63546,no_incendio,-7.088457134441075,-75.5159563444842
63549,incendio,-5.7416,-77.1755
63556,incendio,-5.6856,-76.6112
63573,incendio,-6.9006,-76.9041
63577,no_incendio,-6.467420438436691,-76.19360941434292
63587,incendio,-8.5025,-76.4549
63593,incendio,-7.735,-76.7645
63599,incendio,-7.3342,-76.0806
63602,incendio,-8.7203,-76.2849
63613,incendio,-6.6331,-76.2708
63615,no_incendio,-5.673007856969957,-76.8124122789181
63616,incendio,-5.6872,-76.1618
63621,no_incendio,-7.308051321355075,-77.51968198006284
63624,no_incendio,-7.491547550658209,-77.41447872545433
63626,no_incendio,-7.188505073730313,-76.90328431055737
63627,no_incendio,-7.391580238488426,-76.99411659222757
63632,incendio,-8.1577,-76.9198
63644,incendio,-5.89,-76.1232
63646,no_incendio,-7.4333859418143975,-75.94488928476447
63647,no_incendio,-7.353333723942861,-76.86451079953567
63654,no_incendio,-6.645743757749571,-77.31611856562348
63655,incendio,-5.9325,-75.7356
63664,no_incendio,-6.299525540013742,-76.28555400177144
63665,no_incendio,-7.393908024813402,-75.50816346911843
63670,no_incendio,-6.774947131584925,-76.00722166007617
63672,incendio,-7.4491,-76.4301
63676,no_incendio,-7.520074993386008,-76.78774390875454
63677,incendio,-8.1885,-76.5169
63685,incendio,-6.5526,-76.7068
63691,no_incendio,-5.7532005563442,-76.81683301115936
63693,no_incendio,-5.356529850556848,-75.70252244587886
63700,no_incendio,-5.582283481453623,-75.95562633397932
63709,incendio,-6.7535,-76.6557
63713,incendio,-6.8278,-76.4075
63714,incendio,-7.0295,-76.6583
63716,incendio,-7.381,-76.4071
63719,no_incendio,-6.797128032172363,-76.15133853102378
63720,no_incendio,-5.953019088925324,-76.23284593502969
63725,incendio,-6.7453,-76.4743
63726,incendio,-6.0937,-77.7959
63731,incendio,-5.8124,-76.2878
63744,incendio,-7.1137,-76.8129
63748,incendio,-6.6616,-77.0028
63752,no_incendio,-6.377187733554232,-75.74684740899566
63763,no_incendio,-6.837388041019548,-77.0882269714977
63767,no_incendio,-6.505676796415307,-75.74448285313693
63771,incendio,-7.3312,-76.3083
63777,incendio,-5.7747,-76.4815
63780,no_incendio,-5.916756923391846,-77.01065888811738
63784,no_incendio,-6.091674894114575,-77.31779067927825
63790,incendio,-6.1976,-76.7434
63791,no_incendio,-7.394254404476224,-75.68500027222532
63799,no_incendio,-5.676274225134516,-77.28318396900629
63801,incendio,-6.6761,-75.6026
63804,incendio,-7.1243,-76.7843
63809,incendio,-6.9288,-76.5947
63830,incendio,-5.7376,-76.1532
63831,incendio,-6.4505,-77.5524
63835,incendio,-6.7604,-76.4754
63840,incendio,-7.2325,-76.8119
63863,incendio,-7.1987,-76.3956
63865,no_incendio,-6.119596318397669,-75.7668351630271
63871,no_incendio,-6.064968975705764,-75.80158619111924
63875,incendio,-8.3206,-76.5825
63876,incendio,-6.7687,-76.6373
63878,incendio,-5.9541,-76.5018
63879,no_incendio,-7.146199438472306,-75.63802434726938
63889,no_incendio,-6.575273134907994,-75.71241319767115
63890,incendio,-6.8722,-76.85
63895,incendio,-7.0766,-76.313
63900,incendio,-5.7732,-77.1565
63903,no_incendio,-7.250518418431454,-77.39731384590523
63907,no_incendio,-7.132724984642544,-76.76764396887705
63910,no_incendio,-5.775752820945428,-75.77309666724678
63921,no_incendio,-6.461789384490803,-77.24534969872819
63924,incendio,-8.7181,-76.1342
63940,incendio,-5.6997,-75.8536
63942,no_incendio,-5.432544936008446,-76.3594703794668
63948,incendio,-5.7236,-77.4026
63952,incendio,-8.5533,-77.6744
63954,incendio,-6.856,-76.5867
63958,incendio,-6.464,-76.5726
63959,no_incendio,-7.338751151616799,-77.17224474344802
63962,no_incendio,-5.485526958986328,-76.72784738717777
63965,no_incendio,-6.694264893002906,-76.05015609684683
63969,no_incendio,-7.261878534754229,-75.78596746234152
63971,no_incendio,-6.998642933608751,-77.21308949603099
63979,no_incendio,-6.827947755317633,-77.24078320536096
63980,incendio,-7.3571,-76.5688
63983,no_incendio,-7.407523974858453,-76.05767195335137
63988,no_incendio,-5.977332727909163,-76.13248733210641
63990,incendio,-7.316,-76.5909
63992,incendio,-6.9595,-76.5583
63994,no_incendio,-6.575273134907994,-75.71241319767115
63995,incendio,-6.7591,-76.1909
64009,no_incendio,-6.87454750287368,-76.95714014507665
64012,incendio,-8.6502,-76.3391
64013,incendio,-6.7886,-76.4839
64016,incendio,-5.9411,-75.7576
64017,incendio,-5.9913,-76.2229
64019,incendio,-6.6074,-76.4512
64020,incendio,-5.9014,-76.1723
64024,no_incendio,-6.812854444766214,-76.31590409569822
64028,no_incendio,-5.413750833598563,-75.87946450439262
64041,incendio,-7.1466,-76.6392
64043,no_incendio,-5.968149636265594,-77.51081675536001
64050,no_incendio,-5.691367325953232,-76.91174291210852
64059,no_incendio,-5.590950998396602,-75.50740685150045
64062,no_incendio,-5.608219990125195,-76.57555735236957
64067,no_incendio,-5.41517785771272,-76.05115692097354
64068,incendio,-6.9158,-77.7353
64078,no_incendio,-6.377187733554232,-75.74684740899566
64088,no_incendio,-5.826799302537919,-75.73782519899997
64090,incendio,-7.3253,-76.0493
64091,no_incendio,-6.000826685590267,-75.62000348888625
64092,no_incendio,-5.448597232048553,-76.17002467537372
64096,incendio,-6.6943,-77.2784
64100,incendio,-6.9924,-76.3128
64106,incendio,-6.2419,-75.8701
64107,no_incendio,-6.180704652480343,-76.89113580194854
64108,no_incendio,-5.699419411757933,-76.10583548301037
64111,no_incendio,-7.5699592193140015,-75.58526155924636
64127,incendio,-5.7815,-76.5981
64140,incendio,-6.821,-76.1715
64150,incendio,-6.67,-76.9744
64159,no_incendio,-6.766715492175258,-75.83761083407144
64166,no_incendio,-6.463587748086062,-76.47146037727083
64179,no_incendio,-5.747289104744423,-76.88274608576704
64180,no_incendio,-5.690949306136133,-77.32923002790304
64190,incendio,-6.9778,-76.5588
64192,incendio,-6.4351,-77.4601
64198,no_incendio,-5.366911069115064,-77.28733600522496
64203,no_incendio,-5.494377757817533,-77.22053363364685
64204,no_incendio,-7.258142521868358,-76.77387217359941
64207,no_incendio,-7.196044028055804,-76.77405078763431
64208,no_incendio,-6.66812028796298,-76.15230026038583
64211,no_incendio,-5.69836641593065,-75.72287872908569
64212,incendio,-6.4576,-75.7244
64217,incendio,-6.9867,-76.573
64224,no_incendio,-7.192226304768889,-77.49948308791099
64242,incendio,-8.5843,-76.145
64244,no_incendio,-6.75147932991093,-77.49824320852836
64251,no_incendio,-6.257364517477317,-77.24088667621311
64255,no_incendio,-7.099688871826168,-75.91020418997267
64259,no_incendio,-5.5670313248345,-75.99876018929933
64263,no_incendio,-6.722483891323308,-77.38292117577865
64265,no_incendio,-5.918920403880599,-75.94938972977876
64292,no_incendio,-5.398135296375456,-76.71445247130518
64293,no_incendio,-6.744114505793266,-75.59106785479379
64299,no_incendio,-7.527627352247893,-76.60690831743555
64300,no_incendio,-6.759048810204301,-76.79747909594184
64306,no_incendio,-6.135227462144194,-76.4855793054628
64308,no_incendio,-6.3929514761541695,-76.49787129882161
64313,incendio,-7.5127,-76.5194
64316,no_incendio,-6.793210505173568,-76.14372687427164
64318,no_incendio,-6.727275952714791,-77.44889142586435
64326,incendio,-7.2878,-76.65
64328,incendio,-6.9023,-76.8569
64339,no_incendio,-6.010451782777754,-76.65548557621318
64348,incendio,-6.5017,-75.735
64355,incendio,-6.5555,-75.5044
64356,incendio,-5.7345,-76.4303
64358,no_incendio,-6.589846765006126,-76.67564163824959
64364,no_incendio,-6.525390337428589,-76.47559277816393
64365,no_incendio,-5.811190643666691,-76.41076755798852
64366,no_incendio,-6.75147932991093,-77.49824320852836
64367,incendio,-6.484,-76.4326
64368,no_incendio,-7.099090681394218,-77.53062801872903
64373,incendio,-6.7634,-76.5336
64380,no_incendio,-5.389176452484517,-75.81151917065094
64384,incendio,-6.9484,-76.6637
64385,no_incendio,-7.157806311244868,-75.79177273833336
64395,incendio,-6.5749,-75.6366
64400,incendio,-7.3651,-76.7293
64401,no_incendio,-5.561920884041726,-75.5653879895247
64406,no_incendio,-7.432415046086705,-75.62170917666255
64409,incendio,-7.5746,-76.3644
64412,no_incendio,-5.453647317604843,-76.59202254288773
64413,incendio,-6.1649,-76.2146
64415,no_incendio,-5.388346448693102,-76.72150148992378
64423,incendio,-7.4057,-76.7224
64424,no_incendio,-6.403196230691737,-76.65710031682701
64427,incendio,-5.6851,-76.1131
64432,no_incendio,-7.028663799217614,-75.85033836524988
64437,incendio,-5.956,-76.1948
64440,no_incendio,-5.661805796480656,-77.53514186743837
64448,incendio,-8.1495,-76.6284
64450,no_incendio,-6.590197592397879,-75.98025100323518
64456,incendio,-6.4644,-76.795
64459,no_incendio,-6.682338881301072,-76.58990578057626
64460,no_incendio,-5.91369294253363,-76.91673941934057
64461,no_incendio,-5.765676620225243,-76.9706129266151
64471,no_incendio,-7.14999258790223,-77.27323492320696
64477,no_incendio,-5.621781873154133,-75.59201486751932
64486,incendio,-6.8638,-76.443
64495,no_incendio,-7.3226422677593845,-76.0064093237638
64498,no_incendio,-7.194942571615302,-76.85474676634065
64505,no_incendio,-5.882755427823639,-77.51237097659782
64507,no_incendio,-6.061517131296685,-76.40854652459227
64522,incendio,-6.5677,-76.3666
64523,no_incendio,-6.532798690076173,-75.83675693046307
64524,incendio,-6.4758,-77.2811
64526,no_incendio,-5.621874767827211,-75.91354489142527
64528,incendio,-5.6958,-76.3963
64533,no_incendio,-7.536324441611577,-75.98652093293225
64534,incendio,-7.0345,-76.8826
64547,no_incendio,-5.629475532551382,-77.50061748638073
64549,incendio,-7.2919,-76.8392
64550,no_incendio,-6.837388041019548,-77.0882269714977
64551,incendio,-8.1636,-76.6641
64557,incendio,-6.8133,-76.9018
64558,incendio,-6.6391,-76.6378
64564,no_incendio,-7.134812798520641,-75.55898183219816
64565,incendio,-7.2076,-76.3266
64567,incendio,-6.9498,-77.7651
64568,no_incendio,-6.765920861530089,-75.91587727642656
64575,incendio,-7.2158,-76.2691
64584,no_incendio,-6.5305605417841495,-76.81567387832536
64587,incendio,-7.8702,-77.4478
64597,incendio,-7.0472,-77.7049
64603,no_incendio,-5.8332062747008715,-77.144406205254
64609,incendio,-8.4264,-77.1523
64613,incendio,-6.8999,-76.6225
64621,no_incendio,-6.551429222354349,-76.91211574837874
64622,incendio,-6.7675,-76.4474
64628,incendio,-8.5286,-76.4394
64641,no_incendio,-6.5603093207023875,-76.81459925787705
64642,no_incendio,-6.550462961960492,-75.75305667586812
64646,no_incendio,-6.880264689541971,-77.33984954598883
64647,no_incendio,-6.061127541678445,-77.3300358732125
64657,incendio,-5.7429,-77.4841
64661,incendio,-6.037,-76.9703
64663,incendio,-5.8663,-75.9142
64668,incendio,-5.7535,-76.0804
64678,no_incendio,-6.218607144229803,-75.74847019322173
64679,incendio,-7.2205,-76.9893
64681,incendio,-5.3345,-76.4494
64687,no_incendio,-5.636338028013915,-75.57133657890496
64690,incendio,-6.8377,-76.9669
64691,no_incendio,-5.329337229365641,-77.4752371215785
64699,incendio,-6.2099,-75.9125
64701,no_incendio,-6.536633754882988,-75.61074686603133
64702,incendio,-5.8567,-76.2111
64708,incendio,-6.7154,-76.6372
64713,incendio,-7.0903,-76.9623
64719,no_incendio,-6.000321843594466,-77.16959710695784
64723,no_incendio,-5.60263772570773,-75.78275132850642
64742,no_incendio,-6.1628423736617925,-77.33214012724629
64752,no_incendio,-6.438816169609303,-75.57886530905841
64758,incendio,-5.9025,-77.0104
64760,incendio,-6.5913,-76.6606
64763,incendio,-8.5963,-77.4753
64765,no_incendio,-7.349457434232458,-77.2287510721594
64768,no_incendio,-7.474717173105087,-76.9435614717976
64779,no_incendio,-6.534406684076978,-76.00352237296187
64780,incendio,-7.1026,-76.9736
64781,incendio,-6.9041,-76.5859
64792,no_incendio,-5.401746153826728,-75.53989723661618
64796,no_incendio,-5.89297787831936,-76.40313981264967
64799,incendio,-6.0585,-76.4496
64801,no_incendio,-5.797749162771594,-77.11285149279803
64809,no_incendio,-6.441602668838871,-77.21704300026458
64814,no_incendio,-5.856930145945861,-76.96522518601967
64815,no_incendio,-6.135395550199937,-77.01659159261982
64817,incendio,-6.9228,-76.5338
64824,no_incendio,-6.525598541749314,-77.26729149158032
64836,incendio,-5.9419,-76.3391
64839,no_incendio,-7.436772555974999,-76.13512005747918
64843,incendio,-6.783,-76.4489
64846,incendio,-8.6842,-76.1293
64851,no_incendio,-6.092060101120185,-76.02691740271173
64857,no_incendio,-6.284005972985306,-75.8733537299608
64861,no_incendio,-6.599957493403006,-76.05770861085986
64868,incendio,-7.2465,-76.6221
64871,no_incendio,-6.224395293880875,-75.73603399808782
64872,incendio,-7.1289,-76.7484
64874,no_incendio,-7.124526948992974,-75.69099174784184
64878,incendio,-6.9282,-76.5093
64885,incendio,-7.1321,-76.7387
64893,incendio,-8.4388,-76.4222
64895,incendio,-7.2708,-76.2871
64896,no_incendio,-6.902373213948052,-75.80243684170989
64903,no_incendio,-5.500730489151724,-75.53875893190725
64904,no_incendio,-6.388532043555506,-76.84726928607184
64912,no_incendio,-5.559553740329016,-76.98206356543957
64927,no_incendio,-7.311811215072649,-76.3424662222631
64945,no_incendio,-7.291269329879484,-76.54650698845496
64956,incendio,-6.1739,-76.0799
64963,no_incendio,-5.928055702222858,-77.15973175592025
64976,incendio,-7.6168,-76.536
64977,incendio,-6.0714,-77.2379
64984,incendio,-7.3066,-77.7299
64987,no_incendio,-7.56354574516261,-76.00460014183221
64991,no_incendio,-5.7677002863615,-76.09047417657956
64996,no_incendio,-7.566170057674632,-77.33420456007225
65001,incendio,-8.1655,-75.6124
65005,incendio,-7.2919,-75.5946
65009,incendio,-6.0158,-76.2517
65024,no_incendio,-5.4157703002618724,-75.88771884850634
65025,incendio,-8.1808,-76.5699
65029,incendio,-7.6091,-76.3893
65036,incendio,-6.1694,-76.3596
65038,incendio,-6.0901,-76.3251
65042,no_incendio,-6.677775402102643,-76.83019542388436
65044,incendio,-6.5671,-76.7541
65052,no_incendio,-5.747289104744423,-76.88274608576704
65057,incendio,-7.201,-76.8381
65067,no_incendio,-6.032904107983954,-75.67491532543472
65072,no_incendio,-7.221811632536515,-77.44262630315019
65075,no_incendio,-5.485150772179796,-77.0821813016382
65077,no_incendio,-5.888892522225688,-76.77144344906966
65086,incendio,-8.5138,-77.2972
65087,incendio,-5.7395,-76.2001
65094,incendio,-6.5712,-76.3746
65096,no_incendio,-6.059607457191615,-77.52385870382261
65097,no_incendio,-6.781601843650596,-77.34861421933648
65100,no_incendio,-6.237716755759431,-77.39156311979332
65106,no_incendio,-6.351517341637376,-77.31017116176967
65112,incendio,-7.4819,-76.5275
65125,no_incendio,-5.536608995510319,-75.54807300464203
65131,incendio,-6.7619,-76.9445
65141,incendio,-7.3182,-76.0663
65143,no_incendio,-5.8115954954872135,-76.36754698151917
65144,incendio,-6.0339,-76.9713
65145,incendio,-6.64,-76.7241
65153,incendio,-7.0323,-76.9443
65154,no_incendio,-5.690666241525762,-76.5831246635922
65158,incendio,-6.8646,-76.9384
65160,incendio,-5.8027,-77.2466
65161,no_incendio,-7.404587411347148,-77.48236039818194
65174,no_incendio,-7.2042338267830965,-76.24821641861813
65177,incendio,-7.0163,-76.8719
65178,incendio,-6.9196,-76.4019
65180,no_incendio,-6.685168478604178,-76.12905260635094
65196,no_incendio,-5.6355072776323825,-77.05987553143974
65204,no_incendio,-7.485621627002571,-76.9594043618508
65208,incendio,-8.5894,-77.5765
65209,incendio,-8.2879,-75.5266
65216,incendio,-7.0218,-76.8996
65218,no_incendio,-6.99869942925542,-76.8613209261512
65219,incendio,-6.5158,-76.7294
65220,no_incendio,-5.508723960463702,-76.83900397054197
65232,no_incendio,-7.059198382146936,-75.77593999522976
65240,no_incendio,-5.930066421322579,-77.16088192739225
65251,no_incendio,-6.682338881301072,-76.58990578057626
65252,incendio,-6.4095,-75.8368
65257,no_incendio,-7.181016545835497,-77.14662187463146
65262,no_incendio,-5.846363398738161,-76.40526766705626
65264,incendio,-7.7544,-76.7329
65271,no_incendio,-6.745283632589781,-76.33682715106067
65274,incendio,-7.4751,-76.577
65279,incendio,-6.0259,-77.7385
65280,no_incendio,-5.941437702339227,-76.71661667859928
65283,no_incendio,-5.592063275268206,-77.39032644462159
65285,incendio,-6.5147,-76.8692
65298,no_incendio,-6.842130861811311,-76.61529209965812
65301,no_incendio,-6.396864121936975,-76.4851873457876
65307,no_incendio,-6.3805177741503645,-77.07356874423562
65317,incendio,-7.2122,-76.8574
65321,no_incendio,-6.853423603407918,-76.51175603217372
65325,incendio,-8.7056,-77.2967
65330,no_incendio,-6.134868701694113,-76.84593822630983
65337,incendio,-7.0416,-76.9472
65341,incendio,-7.2779,-76.3996
65344,no_incendio,-6.156444886914189,-76.11831601972577
65348,no_incendio,-6.467350712480753,-77.13922176575424
65351,no_incendio,-7.292401905772351,-76.29406965586941
65352,incendio,-7.4926,-76.3733
65355,incendio,-8.6567,-76.3379
65358,incendio,-7.6769,-76.486
65362,no_incendio,-6.269160672028454,-77.26185240867942
65363,incendio,-6.3807,-75.9333
65364,no_incendio,-5.397648721010737,-76.34314573163867
65365,incendio,-5.7538,-77.2743
65373,incendio,-7.8656,-77.4829
65377,incendio,-5.8961,-76.0362
65387,no_incendio,-5.5670313248345,-75.99876018929933
65396,no_incendio,-6.928184042805378,-76.77151382737259
65398,no_incendio,-5.41517785771272,-76.05115692097354
65404,incendio,-6.7575,-76.6334
65407,no_incendio,-5.618910457397299,-76.39046295133087
65415,no_incendio,-6.0457356441581505,-76.76564488218803
65418,incendio,-6.1392,-76.4065
65420,no_incendio,-6.246302114010693,-75.65691913180889
65422,no_incendio,-7.547362899320046,-75.73565468655677
65426,incendio,-7.1607,-76.3309
65427,incendio,-7.2383,-76.6341
65433,incendio,-7.2217,-76.3124
65439,incendio,-7.1278,-76.5408
65446,incendio,-6.8741,-76.5382
65447,incendio,-5.7952,-77.1993
65455,no_incendio,-5.339033958369073,-76.08006911213882
65466,no_incendio,-5.501045309864604,-77.33293151035834
65471,incendio,-6.0827,-75.9674
65475,incendio,-6.941,-76.2504
65477,incendio,-7.193,-76.6274
65480,incendio,-7.4631,-76.3793
65494,incendio,-5.4078,-76.7277
65495,incendio,-6.523,-76.5238
65496,no_incendio,-5.858780132041354,-76.7113253982132
65499,incendio,-7.2364,-76.366
65502,no_incendio,-5.485555576815183,-76.48568380205462
65504,incendio,-5.9352,-77.1261
65505,incendio,-7.0896,-76.9179
65512,no_incendio,-5.89201477503853,-77.2682101013539
65518,no_incendio,-6.726381012789614,-77.29263321460805
65522,incendio,-7.4274,-76.3903
65525,no_incendio,-5.655403371061297,-77.22066038141541
65529,no_incendio,-6.673178207902485,-77.4048318758823
65535,incendio,-6.8669,-76.5112
65549,no_incendio,-6.546795271979165,-77.13463626494185
65552,no_incendio,-7.536087990026042,-76.53899168088374
65553,no_incendio,-5.659847709526774,-75.83935663792408
65566,no_incendio,-5.485150772179796,-77.0821813016382
65570,incendio,-6.3321,-76.0153
65575,incendio,-6.6115,-75.5044
65583,no_incendio,-6.381641086946435,-75.67891265493145
65585,no_incendio,-6.603103679284163,-76.5352543472929
65605,incendio,-7.4724,-76.3627
65607,no_incendio,-6.162915042417179,-77.15261169414305
65610,no_incendio,-7.119124402863609,-77.37715689078294
65611,incendio,-5.7165,-77.2555
65615,incendio,-7.4188,-76.4436
65616,no_incendio,-5.532392079747417,-76.92136640270547
65628,incendio,-6.3826,-76.58
65629,incendio,-6.7718,-76.8211
65631,incendio,-7.1157,-76.2617
65632,incendio,-7.365,-76.8404
65641,no_incendio,-6.726577938090313,-76.92865414529734
65646,no_incendio,-6.991871137907023,-76.86560292258433
65664,no_incendio,-6.590453070259288,-76.04913179233263
65673,no_incendio,-7.079292054136447,-77.35282058385175
65674,no_incendio,-7.14999258790223,-77.27323492320696
65687,no_incendio,-7.005255736259935,-76.42804994495515
65690,incendio,-7.2834,-76.5326
65694,no_incendio,-6.4551795764442375,-76.19574642473289
65700,no_incendio,-7.292464300747621,-76.5588244421564
65710,no_incendio,-6.4535066542887805,-75.68187662159364
65713,no_incendio,-6.304617864281926,-76.60193669802109
65719,no_incendio,-7.582999682484395,-75.6838967095638
65720,no_incendio,-6.1922155906112035,-75.54995561422898
65728,incendio,-7.6075,-76.4393
65729,no_incendio,-5.802494877336548,-76.35132685190827
65731,incendio,-8.7447,-76.3292
65736,no_incendio,-5.8511939634062635,-76.52247944634267
65740,no_incendio,-6.947446276433678,-76.55641004463064
65744,incendio,-5.9413,-76.1942
65746,incendio,-7.0822,-76.7799
65749,incendio,-5.6351,-75.8133
65757,no_incendio,-6.770535932670912,-77.17143392593205
65760,no_incendio,-6.668348976590427,-75.85167744687278
65764,no_incendio,-5.393627530051222,-76.7881303458327
65766,no_incendio,-5.888892522225688,-76.77144344906966
65767,incendio,-6.4219,-76.5165
65772,incendio,-7.0797,-76.1413
65775,no_incendio,-6.94200325407077,-76.26001952788216
65776,no_incendio,-7.2085944585798325,-77.31566412697588
65782,incendio,-6.5928,-75.7219
65790,no_incendio,-6.13408846697657,-75.5914474072378
65793,incendio,-7.3112,-76.553
65796,incendio,-6.5513,-75.6792
65797,no_incendio,-5.783942671800878,-75.80670959767819
65802,no_incendio,-5.525473635438348,-76.97243620940135
65805,no_incendio,-7.425544369473066,-76.60957296073711
65808,incendio,-8.3462,-75.5138
65813,no_incendio,-6.590197592397879,-75.98025100323518
65822,incendio,-6.4186,-76.0547
65825,no_incendio,-6.253426709313807,-77.08659131097349
65838,incendio,-8.625,-76.7074
65845,incendio,-7.1677,-76.5231
65850,incendio,-7.4617,-76.4022
65852,incendio,-6.072,-77.0896
65857,no_incendio,-6.41045269770062,-76.39156709032302
65859,no_incendio,-6.6015678247259215,-76.27888093028594
65862,incendio,-5.9097,-76.0607
65867,no_incendio,-7.233124705417647,-77.12066793132318
65868,no_incendio,-5.712666897985722,-76.23826320211337
65871,no_incendio,-7.0475824644559095,-77.00777977835193
65875,no_incendio,-5.501399945972402,-76.12442406721492
65879,no_incendio,-5.6011690570737915,-76.70090683859456
65890,incendio,-6.3209,-75.8963
65892,no_incendio,-7.374027518305184,-76.32029762844952
65894,incendio,-7.5036,-76.4599
65903,no_incendio,-6.458827311662831,-77.37001088250284
65904,incendio,-7.2115,-76.2151
65905,incendio,-7.144,-77.0806
65910,no_incendio,-6.949275367929126,-77.03979042014342
65911,no_incendio,-7.269040165613338,-76.9103123983766
65912,no_incendio,-5.472748128836409,-77.20935781294484
65919,incendio,-5.9068,-77.2091
65925,incendio,-6.8177,-76.8554
65928,no_incendio,-5.716554307959944,-77.12750812216541
65934,incendio,-6.0773,-75.9213
65941,no_incendio,-5.388346448693102,-76.72150148992378
65946,no_incendio,-7.341385532228014,-75.96721546288514
65947,no_incendio,-6.3431574963922905,-76.8897013975212
65949,incendio,-6.9567,-76.7111
65954,incendio,-6.082,-76.3234
65955,incendio,-5.9968,-75.7921
65958,no_incendio,-6.896612666946929,-75.75338049940235
65962,incendio,-6.5136,-75.7073
65970,no_incendio,-5.706911774664528,-77.15797296628834
65973,no_incendio,-5.576377400601263,-76.00886183713747
65975,incendio,-7.2676,-76.5901
65977,no_incendio,-5.681943169517799,-75.68549120152845
65986,incendio,-6.3172,-76.7093
65995,no_incendio,-7.089719383654557,-75.94940066492136
65996,incendio,-6.1515,-77.0357
65997,incendio,-6.0854,-75.8228
66002,no_incendio,-6.679897679386204,-77.34823338283437
66003,no_incendio,-5.9364378534752245,-75.88088359384444
66006,incendio,-6.2226,-76.2147
66011,incendio,-6.4936,-76.5206
66017,incendio,-7.2444,-76.4808
66021,no_incendio,-7.279073350966451,-75.53370306812118
66039,incendio,-6.0611,-76.0665
66049,no_incendio,-7.449590892373755,-76.60010791486725
66050,incendio,-7.6124,-76.4666
66051,incendio,-6.8375,-76.1104
66053,incendio,-7.06,-76.6584
66056,no_incendio,-5.329749843854847,-75.71078811690217
66059,incendio,-7.247,-76.0686
66060,no_incendio,-5.901388111394365,-75.87645660870008
66063,no_incendio,-6.3427644504242675,-77.35180398852548
66077,no_incendio,-5.592384500349762,-76.12339689137886
66087,incendio,-7.0766,-76.7131
66089,no_incendio,-7.4890362922964755,-77.12458698912043
66095,incendio,-5.5153,-76.744
66096,no_incendio,-6.726508547372632,-75.8805912365982
66104,no_incendio,-7.000185157265019,-76.24279253564121
66109,incendio,-6.7802,-76.3558
66118,incendio,-6.5658,-76.7795
66120,incendio,-6.0925,-77.5476
66126,incendio,-6.692,-76.0849
66140,no_incendio,-6.801666192426729,-76.32704638741743
66147,incendio,-5.8951,-77.0022
66149,no_incendio,-6.971676515035088,-77.35830416680736
66153,incendio,-5.9439,-77.3084
66164,incendio,-6.2244,-76.1648
66166,no_incendio,-6.329066895240967,-77.1289458150613
66167,no_incendio,-6.763706250396068,-77.07698414110581
66168,no_incendio,-7.2237762907302,-75.57516855360699
66171,no_incendio,-5.956556478209443,-76.11701643539489
66174,no_incendio,-5.3838831063176515,-76.49104845789617
66187,incendio,-6.4923,-76.3615
66188,incendio,-6.9888,-76.2048
66194,incendio,-6.8708,-76.8503
66202,incendio,-7.2835,-76.9773
66212,no_incendio,-7.278588939327885,-76.4943759510431
66221,no_incendio,-5.523597492537125,-76.54848022376082
66232,no_incendio,-5.508118125742636,-76.08158705053927
66234,incendio,-5.6959,-76.1952
66243,incendio,-8.108,-77.36
66244,no_incendio,-5.813466395394225,-76.54314458566375
66254,no_incendio,-5.78730049345808,-75.92845022628111
66257,incendio,-6.2799,-75.8812
66261,no_incendio,-6.367633983982645,-77.16939425118319
66265,incendio,-8.1864,-75.6336
66269,no_incendio,-6.911906202214161,-76.30385492841812
66303,incendio,-6.9912,-76.5695
66312,no_incendio,-6.062840602584927,-76.70237486789418
66319,no_incendio,-6.938998860354006,-75.60894703541375
66320,no_incendio,-5.658384235826694,-76.44208065955317
66326,incendio,-6.2752,-76.8029
66327,incendio,-7.2398,-77.0497
66329,incendio,-6.9861,-76.1159
66333,no_incendio,-5.501045309864604,-77.33293151035834
66340,incendio,-7.4161,-76.6124
66343,no_incendio,-5.9787702159042375,-76.39270327711898
66344,no_incendio,-6.420856851462068,-76.77933512635609
66345,no_incendio,-5.976273966695589,-76.89556075922386
66351,incendio,-5.836,-75.9969
66352,incendio,-7.6746,-76.4721
66355,no_incendio,-6.0621326089855465,-77.43637747953944
66356,no_incendio,-6.296125170251722,-76.27573079441521
66358,incendio,-6.6982,-76.7229
66359,incendio,-6.8899,-76.5111
66363,no_incendio,-7.218925664720446,-76.08201561394016
66365,no_incendio,-6.440107687486793,-76.71961125303099
66383,incendio,-6.2274,-75.6628
66388,no_incendio,-6.857236383262051,-76.76658169794014
66389,no_incendio,-6.730142477692188,-76.45478701398325
66392,no_incendio,-7.384008271248504,-77.19420546410333
66394,incendio,-7.5064,-76.252
66397,incendio,-7.9151,-75.5568
66400,incendio,-7.5456,-76.7729
66402,no_incendio,-5.5629279584591815,-75.58676722265717
66408,no_incendio,-5.568169909476732,-77.13041340824508
66426,no_incendio,-7.038387701485983,-77.46608635694433
66430,no_incendio,-6.607987766523693,-76.4057434201967
66446,no_incendio,-6.762864710659274,-76.8037089986203
66467,incendio,-7.3621,-76.7764
66469,no_incendio,-5.797671068529707,-76.36918688461087
66478,no_incendio,-5.6897437871119,-77.10615819747757
66495,no_incendio,-5.800895908311601,-76.62831443275236
66502,no_incendio,-6.23470396402255,-76.94332145347941
66511,no_incendio,-5.432481694931332,-76.47528675292433
66512,no_incendio,-7.419812910820906,-75.99406148062167
66519,no_incendio,-6.733687512476174,-75.74855689788478
66524,incendio,-6.2299,-76.1929
66526,incendio,-6.1028,-76.2991
66529,no_incendio,-6.762864710659274,-76.8037089986203
66532,no_incendio,-6.236752944768423,-75.59185038594902
66534,incendio,-7.0905,-76.1022
66537,no_incendio,-7.232373566693578,-77.33989801092913
66546,incendio,-5.3687,-76.7998
66550,no_incendio,-6.306399139576039,-77.35464424704278
66557,incendio,-7.521,-76.2519
66573,no_incendio,-7.465679427322869,-76.72900079910733
66574,no_incendio,-6.25350724604799,-77.4340170352428
66576,no_incendio,-6.618336919332366,-77.2107528047825
66579,no_incendio,-5.733469963121409,-77.26267470120415
66587,incendio,-8.5498,-75.5111
66595,incendio,-6.0685,-75.8362
66601,incendio,-7.127,-77.6318
66614,incendio,-6.0054,-76.2924
66617,incendio,-5.7574,-76.5011
66618,incendio,-5.8395,-76.4518
66619,incendio,-8.6338,-75.6034
66620,no_incendio,-6.607438503581988,-77.25629846979227
66622,incendio,-6.8647,-77.7761
66624,no_incendio,-7.247729186461933,-77.31770266149704
66625,no_incendio,-7.536087990026042,-76.53899168088374
66627,no_incendio,-6.476078930269108,-76.12579467837428
66629,no_incendio,-5.343847653580683,-76.19643132056173
66635,no_incendio,-7.035328568865795,-77.4057239232557
66644,incendio,-8.5336,-75.5567
66656,incendio,-6.9424,-76.6326
66661,no_incendio,-7.454820191858604,-77.06390769959336
66672,incendio,-7.2082,-76.4847
66674,incendio,-7.5469,-76.6451
66675,incendio,-5.9258,-76.2909
66678,no_incendio,-7.396034749471958,-77.09104434205882
66685,incendio,-6.868,-76.5437
66703,incendio,-6.1368,-75.9964
66704,no_incendio,-7.5702550538704605,-75.67821320807053
66705,incendio,-5.7008,-77.4829
66707,incendio,-7.6181,-76.6198
66713,no_incendio,-5.86770779691417,-76.49756240713975
66717,no_incendio,-6.263351561254887,-76.64078067531564
66721,incendio,-5.8166,-75.8108
66722,no_incendio,-6.9821795229188215,-77.4814837765738
66731,no_incendio,-7.088994577968302,-75.51124745808686
66732,incendio,-6.2582,-76.2524
66733,incendio,-5.8963,-76.2805
66746,no_incendio,-7.346936014424016,-77.24612328998047
66750,no_incendio,-6.741753311247621,-76.35987049227468
66759,incendio,-6.2137,-75.6371
66761,incendio,-8.1474,-76.672
66763,no_incendio,-5.953019088925324,-76.23284593502969
66766,incendio,-6.1409,-77.1028
66775,incendio,-5.93,-76.2267
66778,no_incendio,-6.40519633681147,-77.40140623826653
66782,no_incendio,-6.965586863586331,-77.4440785223658
66786,no_incendio,-7.017817860779479,-76.95461934375838
66826,incendio,-6.5045,-76.5399
66829,no_incendio,-5.362697688980843,-76.37235425327088
66831,incendio,-8.6578,-76.1195
66837,incendio,-6.069,-75.9603
66838,incendio,-5.7851,-75.917
66844,incendio,-7.3245,-76.933
66845,incendio,-8.6483,-76.7833
66847,no_incendio,-7.103154809386207,-75.80011378156274
66849,incendio,-6.7183,-76.8368
66858,incendio,-8.5338,-75.5344
66867,no_incendio,-5.485555576815183,-76.48568380205462
66869,no_incendio,-5.759511577701185,-76.14983081507849
66871,incendio,-8.4335,-77.4979
66888,no_incendio,-5.525473635438348,-76.97243620940135
66891,no_incendio,-7.314921869709458,-75.6262107073791
66894,incendio,-7.5417,-76.6116
66895,incendio,-5.9307,-76.1915
66897,no_incendio,-5.971572498496214,-75.54699515189168
66906,incendio,-7.3326,-76.6947
66908,incendio,-6.5687,-75.6241
66915,incendio,-6.3441,-75.8937
66923,no_incendio,-5.757102575512343,-75.84233059316084
66925,no_incendio,-5.968149636265594,-77.51081675536001
66929,incendio,-6.5832,-75.683
66930,no_incendio,-7.43096053916798,-75.91112977240851
66932,incendio,-8.605,-75.5169
66933,no_incendio,-5.966007765722613,-76.02339603474364
66935,no_incendio,-6.040675081738544,-76.88692151022694
66936,no_incendio,-6.017393971898976,-75.85609561110088
66942,no_incendio,-7.303191371239219,-76.86950299016307
66946,no_incendio,-6.237007995955339,-77.29653920345977
66954,no_incendio,-6.729806246426535,-76.87013039720924
66961,incendio,-7.2475,-76.7189
66962,incendio,-7.4962,-76.4418
66963,no_incendio,-5.968149636265594,-77.51081675536001
66985,no_incendio,-7.448422790645704,-75.84545299813023
66988,no_incendio,-7.4654999073290265,-76.71461513627762
66993,incendio,-8.719,-76.276
66995,no_incendio,-6.536633754882988,-75.61074686603133
66996,incendio,-7.5068,-77.3002
66997,no_incendio,-6.699009805364948,-77.20530585140459
66999,incendio,-7.0681,-76.2202
67003,no_incendio,-6.946999930209273,-76.16347768392615
67006,no_incendio,-5.73056432169004,-76.88063042787364
67011,no_incendio,-5.573600216354325,-77.29583969487783
67015,no_incendio,-6.2585048621667685,-76.21326265306386
67017,no_incendio,-5.590745607594968,-76.01092904258273
67025,incendio,-6.7554,-77.4978
67040,no_incendio,-5.30621125525126,-77.24040942868191
67044,incendio,-6.5817,-75.9922
67048,no_incendio,-7.241827770839374,-75.55383362888189
67061,incendio,-6.21,-76.1185
67062,incendio,-6.7341,-76.9262
67071,no_incendio,-5.630317607867646,-76.28664530211917
67073,incendio,-5.7843,-77.1756
67074,no_incendio,-7.217736549985553,-75.80888423805258
67076,incendio,-7.0135,-76.5835
67077,incendio,-6.1442,-77.0973
67078,incendio,-6.7463,-76.6257
67083,no_incendio,-5.990542250974831,-75.6694532466171
67090,no_incendio,-6.061671698446887,-76.35844064270319
67091,incendio,-5.6923,-76.4645
67097,incendio,-7.3193,-76.0586
67098,no_incendio,-6.9882772399479,-76.9858523637422
67102,no_incendio,-5.382698663545955,-75.70884428974506
67104,incendio,-8.6932,-76.8197
67106,incendio,-6.8501,-76.4256
67107,incendio,-7.6182,-76.465
67119,incendio,-6.871,-76.2277
67122,incendio,-6.1729,-76.2099
67129,incendio,-6.0877,-76.2797
67131,no_incendio,-6.253426709313807,-77.08659131097349
67139,no_incendio,-6.156692774964284,-76.47622314359754
67149,incendio,-8.4746,-76.2014
67165,no_incendio,-5.721178719143926,-77.48646984149075
67170,no_incendio,-5.4505993438608265,-76.21746684109164
67179,no_incendio,-7.1562922328676155,-76.01649811517805
67183,incendio,-7.2932,-76.0989
67185,incendio,-6.8539,-77.7394
67186,incendio,-8.4964,-76.338
67187,incendio,-5.8621,-76.2501
67192,incendio,-7.2939,-76.8358
67201,no_incendio,-5.382544750033527,-75.77853597502654
67205,incendio,-6.5482,-76.2703
67208,incendio,-5.8539,-76.576
67211,incendio,-6.5261,-76.2827
67219,no_incendio,-7.446703036867479,-76.26610342128403
67220,no_incendio,-7.27421571842906,-77.20818796800718
67222,no_incendio,-6.049779266057276,-75.95295045421427
67231,no_incendio,-6.992873718796428,-77.40735326396366
67232,no_incendio,-7.035328568865795,-77.4057239232557
67243,incendio,-6.1041,-75.962
67246,no_incendio,-6.534953195140333,-76.18456106043952
67252,no_incendio,-5.880891988248802,-77.50381327072611
67253,incendio,-7.3996,-76.552
67254,no_incendio,-5.756771146595229,-77.41858176231523
67268,incendio,-7.2883,-77.7483
67274,no_incendio,-6.2701925367746005,-76.81498053088146
67285,incendio,-7.0615,-76.8155
67299,no_incendio,-7.098978961723795,-76.16251434543014
67306,incendio,-5.7657,-76.1799
67308,incendio,-8.7391,-76.2781
67315,incendio,-7.2497,-76.7091
67317,no_incendio,-5.846023239980903,-75.59058432825728
67320,no_incendio,-6.887626631829371,-77.285374555124
67323,no_incendio,-6.5875457295775695,-76.60562453766775
67326,no_incendio,-6.89326126410029,-77.49319680622742
67330,incendio,-6.9488,-76.482
67336,no_incendio,-6.7449829270010735,-76.32449330393015
67339,incendio,-5.8646,-77.0624
67345,incendio,-7.7383,-76.5414
67349,no_incendio,-5.525166300103762,-76.64412404917219
67354,no_incendio,-5.7595902055188795,-75.77924853201874
67361,incendio,-5.824,-77.0474
67362,no_incendio,-7.014702412265873,-76.4405488433982
67373,incendio,-7.1941,-76.2462
67374,incendio,-7.5567,-76.4194
67381,incendio,-8.2117,-77.1864
67383,no_incendio,-6.74885592845062,-76.02672128613708
67393,incendio,-6.4338,-75.5911
67395,incendio,-6.0252,-77.0933
67403,incendio,-5.9027,-76.1143
67406,no_incendio,-6.337034763293665,-76.85789585293341
67407,no_incendio,-5.868777989192487,-75.61031419176939
67410,no_incendio,-5.776890989468168,-77.17544694472763
67415,no_incendio,-7.318729401485612,-76.81445384525996
67427,incendio,-7.5038,-76.3573
67428,incendio,-6.8279,-76.4337
67431,incendio,-8.4614,-76.4654
67438,incendio,-6.7933,-76.8334
67440,no_incendio,-6.266506898778969,-76.33689278886196
67444,no_incendio,-7.575264155010306,-76.7671801072031
67449,no_incendio,-6.853423603407918,-76.51175603217372
67454,no_incendio,-5.582283481453623,-75.95562633397932
67459,no_incendio,-6.84710555088138,-75.520478621097
67461,no_incendio,-7.217722844984081,-77.2235426849214
67469,incendio,-7.2982,-76.7161
67470,incendio,-7.2395,-76.0923
67471,no_incendio,-6.949415512269831,-76.30894649629607
67473,no_incendio,-6.134775971165761,-75.80907324993491
67475,incendio,-5.7313,-75.8028
67477,no_incendio,-5.801578937835275,-76.51381524721576
67479,no_incendio,-6.826079665766883,-76.37738097957558
67483,incendio,-5.883,-76.2738
67486,incendio,-7.497,-76.5244
67491,incendio,-6.6818,-76.4088
67496,incendio,-7.3115,-76.3178
67500,incendio,-7.7444,-76.7125
67502,no_incendio,-6.1579628470379655,-75.78726893747826
67507,incendio,-5.846,-76.469
67511,no_incendio,-6.181834411394211,-76.0261207280895
67512,no_incendio,-7.560257578514154,-75.8825568546828
67518,no_incendio,-7.491547550658209,-77.41447872545433
67525,no_incendio,-6.717293792016525,-75.64014245587184
67532,incendio,-6.8262,-76.9683
67538,incendio,-6.8999,-76.5197
67547,no_incendio,-7.415418161985053,-75.6932064080782
67549,incendio,-6.1884,-75.898
67560,no_incendio,-6.249559347527708,-77.38514191347497
67564,incendio,-6.8792,-76.5991
67567,no_incendio,-6.136716909605955,-76.35666700182222
67568,incendio,-6.6944,-76.1897
67575,incendio,-7.3168,-76.3395
67582,incendio,-7.1914,-76.6747
67586,incendio,-7.5283,-76.6497
67593,no_incendio,-6.5817301914343584,-77.15721101657348
67608,no_incendio,-5.594520044846664,-77.0676130473271
67611,no_incendio,-6.322518329995495,-75.91309952295535
67612,incendio,-7.792,-76.7644
67620,no_incendio,-5.693308964023421,-77.38488694411686
67625,incendio,-8.2938,-75.516
67631,incendio,-6.8601,-76.5978
67632,no_incendio,-7.125442800649086,-77.06151312787605
67646,no_incendio,-5.326609511462546,-75.7438155508771
67649,no_incendio,-6.547946119465311,-76.58716239935082
67650,no_incendio,-5.9069362811274955,-76.90796880037888
67651,no_incendio,-7.523343048173316,-75.60465669486607
67654,incendio,-6.2334,-76.2087
67657,incendio,-8.5694,-76.4044
67658,no_incendio,-7.108875568796339,-76.54317690372051
67670,incendio,-6.17,-76.9963
67672,incendio,-7.342,-76.2688
67677,no_incendio,-7.1695522446443345,-76.10103400972879
67681,incendio,-6.9697,-76.1838
67690,no_incendio,-6.877293945386321,-76.62267675355646
67695,no_incendio,-5.85348487678678,-75.67716092139695
67704,no_incendio,-7.345060499544703,-77.11825976617006
67707,no_incendio,-7.07173503300346,-76.39313006840234
67711,incendio,-6.1797,-75.9012
67717,incendio,-7.4533,-76.6655
67722,no_incendio,-6.685185816424632,-76.91349326123884
67725,no_incendio,-6.026656147123168,-76.76469510540855
67728,no_incendio,-6.196820810614756,-77.18695898534692
67729,no_incendio,-7.031285563744319,-75.99705849236764
67731,incendio,-5.8943,-75.8994
67737,no_incendio,-5.306306841629591,-77.15046908916776
67745,incendio,-7.0994,-76.9815
67746,no_incendio,-6.789404652469696,-77.16793432521979
67748,incendio,-5.7062,-77.5279
67749,no_incendio,-6.945484440166689,-76.77951589048426
67752,incendio,-5.9859,-77.1277
67757,no_incendio,-5.732523860438398,-76.9076033634886
67759,no_incendio,-7.408503653357758,-76.24578800464187
67760,incendio,-7.1218,-77.0804
67767,no_incendio,-5.702694412946875,-75.9718948810993
67770,incendio,-6.9563,-76.7584
67775,incendio,-5.7859,-75.966
67776,no_incendio,-6.5663023838945955,-75.79051509859407
67779,no_incendio,-7.367732718410358,-75.73839467107018
67786,incendio,-5.8212,-77.5179
67793,no_incendio,-5.459589434430045,-76.77318023823041
67801,no_incendio,-6.107287203943645,-77.4216594793923
67805,no_incendio,-7.317626251154921,-75.78361603634158
67815,no_incendio,-7.216614993286788,-77.03461698814449
67818,no_incendio,-5.945959491884538,-77.07301583818746
67819,incendio,-7.5112,-77.3109
67820,incendio,-8.2807,-76.4134
67824,incendio,-6.5664,-76.3576
67837,no_incendio,-6.998059008251853,-76.93427347647867
67838,no_incendio,-5.662370106905432,-77.07535731755083
67842,no_incendio,-6.534953195140333,-76.18456106043952
67855,incendio,-6.2157,-75.8726
67856,incendio,-7.0482,-77.6014
67864,incendio,-7.1111,-76.9068
67865,incendio,-6.556,-77.5743
67868,no_incendio,-5.702153316153597,-75.54463550563808
67871,no_incendio,-6.589846765006126,-76.67564163824959
67884,no_incendio,-7.537264707596327,-76.77993123452514
67886,incendio,-7.735,-76.7228
67887,incendio,-7.0264,-76.3107
67889,no_incendio,-6.788461063623078,-76.99962506720986
67893,no_incendio,-6.961563570088446,-77.02222304631809
67902,incendio,-6.9263,-76.232
67904,incendio,-8.4734,-76.3491
67905,incendio,-7.2192,-76.2625
67914,incendio,-6.9763,-76.6377
67917,incendio,-7.1168,-77.0724
67925,incendio,-6.2278,-76.8087
67937,incendio,-7.5639,-76.5718
67938,incendio,-6.9638,-76.0982
67945,no_incendio,-6.400338002031925,-76.1292712340201
67947,incendio,-6.6744,-76.6368
67949,no_incendio,-6.418496907062319,-75.56505083254436
67950,no_incendio,-5.371528504099269,-76.80754291553038
67954,incendio,-5.7546,-76.3029
67956,no_incendio,-5.339988911138568,-75.94604419335825
67957,incendio,-6.5078,-75.6668
67961,no_incendio,-6.559185707653601,-77.1814362546677
67972,no_incendio,-7.4291899383099445,-76.99344952239323
67980,no_incendio,-6.625422961334142,-76.70627380489785
67981,incendio,-6.9581,-76.7429
67982,incendio,-7.1296,-76.8977
67988,no_incendio,-6.150817748541318,-77.2743773218178
67989,no_incendio,-5.872543626896172,-76.44213080221468
67991,no_incendio,-7.230653311251528,-76.66188363656903
68000,no_incendio,-5.714958817536613,-75.57831712461974
68005,no_incendio,-6.641540416375139,-77.47486256481713
68006,no_incendio,-6.1592934714330285,-77.34475903708392
68007,no_incendio,-6.963743688695052,-77.15890290229473
68019,incendio,-6.6554,-76.3139
68022,incendio,-6.9891,-76.8774
68030,no_incendio,-5.87076697965016,-76.32402567938676
68031,incendio,-6.4471,-76.6101
68035,no_incendio,-7.332916187784927,-76.99914864296008
68039,incendio,-7.4402,-76.3676
68044,incendio,-6.3063,-76.297
68046,no_incendio,-5.5978889160107626,-76.86708534486174
68050,incendio,-7.2101,-76.3338
68051,incendio,-8.738,-77.6592
68054,no_incendio,-7.178109146033509,-76.55931189942505
68060,no_incendio,-7.530817712197482,-75.55092897604735
68063,incendio,-6.643,-76.276
68067,no_incendio,-7.436624371286573,-75.99422584424754
68073,no_incendio,-5.487830888913878,-75.70248261618342
68085,incendio,-6.7369,-77.3478
68088,no_incendio,-5.316700367183811,-76.26596491615018
68093,no_incendio,-7.186032951688349,-77.53954247872174
68096,incendio,-6.7635,-77.3578
68100,incendio,-6.7405,-76.9906
68107,incendio,-6.3848,-76.502
68113,incendio,-6.6354,-76.4152
68114,no_incendio,-7.019065477801208,-77.45420422372614
68115,incendio,-6.0351,-76.9707
68117,no_incendio,-7.464233169627815,-76.3089508607516
68119,incendio,-7.0524,-76.5854
68129,incendio,-7.3328,-76.1612
68140,incendio,-7.1306,-76.3729
68145,incendio,-6.8718,-76.2537
68146,incendio,-6.9513,-76.5587
68152,incendio,-8.6088,-75.5013
68156,no_incendio,-6.971818693744163,-76.01229344920435
68171,no_incendio,-5.561294814825637,-75.74902836133377
68175,no_incendio,-6.237506957303134,-76.47484745554722
68177,incendio,-6.7635,-76.6059
68181,incendio,-6.1988,-76.0003
68182,incendio,-6.1115,-76.8016
68184,incendio,-6.0579,-76.3121
68188,incendio,-7.1062,-76.9064
68192,no_incendio,-7.442180034070876,-75.92683774273232
68194,no_incendio,-5.3699868320408415,-75.54453001162278
68200,incendio,-7.2618,-76.6564
68205,incendio,-6.8355,-76.5915
68207,incendio,-7.3415,-76.7743
68209,incendio,-6.8228,-76.6638
68210,no_incendio,-5.719448744498719,-77.23298516632254
68214,no_incendio,-6.0258388422724725,-75.8823418796658
68227,incendio,-7.5069,-76.3751
68231,no_incendio,-7.351636841942441,-75.65532029205
68234,incendio,-8.3753,-77.2836
68245,no_incendio,-5.326540128955467,-75.8192880237214
68252,no_incendio,-6.623248114799376,-77.01562989048257
68256,incendio,-8.1994,-75.6261
68259,no_incendio,-7.15542529777246,-76.2489354268892
68268,no_incendio,-5.388976002399341,-75.92452128222607
68275,incendio,-6.1933,-75.933
68280,incendio,-6.8857,-76.8903
68284,no_incendio,-6.044836156866758,-77.44970071202685
68288,no_incendio,-5.380924923914102,-76.12851157268119
68303,no_incendio,-5.370065008448104,-77.20634043748042
68307,no_incendio,-6.913452785695022,-75.62783672070347
68309,no_incendio,-7.208517788052751,-77.27726682011853
68318,no_incendio,-7.278588939327885,-76.4943759510431
68322,no_incendio,-5.518953736936953,-77.16220344478737
68333,incendio,-7.0253,-76.6449
68344,no_incendio,-6.806897768294474,-76.17637549858149
68345,no_incendio,-5.641271222445664,-77.2589065650696
68346,no_incendio,-6.856229226903604,-75.880120110949
68351,no_incendio,-5.522972759309926,-75.80819311512354
68352,no_incendio,-6.010674240572804,-77.09796715104932
68355,incendio,-6.7379,-76.4419
68356,no_incendio,-6.702659611656615,-77.00358407805038
68358,no_incendio,-6.243138922756055,-76.47340591243582
68360,incendio,-7.1067,-76.9743
68369,incendio,-6.5214,-77.2164
68370,incendio,-6.5397,-75.5294
68375,incendio,-8.0735,-75.6031
68377,no_incendio,-7.132478183195441,-76.65634588857769
68389,incendio,-7.2919,-75.6127
68393,no_incendio,-6.7911860867707,-76.3184609362465
68406,incendio,-6.8284,-76.6889
68407,no_incendio,-5.702740983602372,-76.82721339280745
68412,no_incendio,-7.423279850513975,-76.1929127649397
68420,no_incendio,-6.646408622803713,-76.49838795817985
68426,incendio,-6.2922,-77.1091
68433,incendio,-6.8271,-76.3591
68434,incendio,-6.2423,-77.1936
68444,incendio,-7.5776,-76.7265
68473,incendio,-6.8864,-76.9001
68476,incendio,-8.4031,-76.3349
68478,no_incendio,-6.4551795764442375,-76.19574642473289
68489,incendio,-5.9939,-77.2463
68493,incendio,-6.7758,-77.3712
68496,no_incendio,-6.490391135640375,-76.20592887580928
68502,incendio,-5.7185,-76.1668
68504,incendio,-5.8244,-76.1435
68507,incendio,-7.0087,-76.9522
68514,no_incendio,-5.8620297511297705,-77.46143308815323
68522,no_incendio,-5.592843733729189,-75.8469852314677
68531,incendio,-7.2595,-76.0557
68543,no_incendio,-7.448759349626241,-75.73146487239217
68544,no_incendio,-6.961563570088446,-77.02222304631809
68552,no_incendio,-6.946999930209273,-76.16347768392615
68553,no_incendio,-7.562840840503951,-75.66286053205432
68558,no_incendio,-6.931342706605391,-77.24005682830844
68566,no_incendio,-5.839270188717535,-77.49668062311541
68567,no_incendio,-6.459421110313875,-76.2975020951517
68569,incendio,-6.5753,-76.9329
68572,incendio,-7.2803,-76.4425
68573,incendio,-7.1988,-77.6846
68581,no_incendio,-6.606179550023269,-77.17612767759138
68585,no_incendio,-7.5347452790995115,-75.98597138699381
68595,no_incendio,-5.752288568187965,-75.61867904444058
68599,no_incendio,-7.5702550538704605,-75.67821320807053
68602,no_incendio,-5.702153316153597,-75.54463550563808
68604,no_incendio,-6.200171336468845,-76.47517852395984
68605,no_incendio,-6.592096426850043,-76.40533140528656
68617,no_incendio,-5.976473792691887,-77.521298056028
68620,incendio,-7.3193,-76.3589
68628,incendio,-8.3848,-76.2472
68630,incendio,-5.3077,-76.4714
68634,no_incendio,-6.165227774205944,-75.94895878608209
68645,no_incendio,-5.340154408333765,-76.74093271807992
68647,no_incendio,-5.590950998396602,-75.50740685150045
68650,incendio,-6.9737,-76.8041
68652,incendio,-5.9052,-76.1084
68653,no_incendio,-7.3239429065406565,-75.71625724817507
68663,no_incendio,-6.960986438297525,-76.973990270216
68664,no_incendio,-6.729488491648472,-77.03653906594069
68665,no_incendio,-5.369565985009553,-75.62447128006367
68666,incendio,-7.6297,-76.7342
68672,incendio,-7.1529,-76.2849
68683,incendio,-6.5317,-76.7817
68684,incendio,-6.9783,-76.2951
68688,no_incendio,-6.325765977825784,-76.5205147871752
68689,incendio,-7.1861,-76.0414
68694,no_incendio,-5.734596234605278,-76.54404736792905
68696,no_incendio,-6.046941056590012,-76.4497684025493
68697,incendio,-7.0916,-76.5044
68698,incendio,-7.126,-76.8447
68703,incendio,-7.1831,-76.4314
68704,incendio,-7.2178,-76.3253
68709,no_incendio,-5.546857195256127,-75.81190178678054
68718,incendio,-6.3333,-75.6927
68726,no_incendio,-6.061679877354346,-76.10414263000189
68730,no_incendio,-6.920056831635237,-76.47503844636377
68732,incendio,-6.061,-77.1612
68739,incendio,-5.7031,-76.2082
68740,incendio,-6.7982,-76.9977
68743,no_incendio,-5.441048358116876,-77.52077786090675
68752,incendio,-8.5079,-77.5867
68753,no_incendio,-7.174304209114396,-76.54277799438324
68761,incendio,-7.3401,-76.3193
68766,no_incendio,-6.31847662494229,-75.66433308806575
68767,incendio,-6.0624,-76.025
68775,no_incendio,-5.569659951211905,-77.11401128748476
68776,incendio,-7.2865,-76.2326
68780,incendio,-8.4379,-76.2124
68782,incendio,-7.1142,-76.8661
68787,incendio,-7.0544,-76.8295
68808,no_incendio,-5.95558763459201,-75.58088985962372
68824,no_incendio,-6.736094048254664,-75.79047035285556
68830,no_incendio,-5.622225593075143,-75.95076328923042
68831,incendio,-5.8258,-75.9659
68839,no_incendio,-6.122241228202742,-76.97601645146484
68841,no_incendio,-6.143493830692505,-76.5408916216836
68847,incendio,-7.1949,-76.2236
68854,incendio,-5.8884,-76.1282
68858,no_incendio,-7.18387555277713,-76.55534207208011
68860,incendio,-5.9384,-75.9391
68868,no_incendio,-7.152157832421082,-77.44831592237493
68869,incendio,-7.0979,-76.6944
68870,incendio,-5.8339,-76.2239
68884,no_incendio,-6.92169469427016,-76.32939320859903
68899,no_incendio,-6.231532660134269,-77.43051392350198
68900,incendio,-6.7581,-76.6254
68902,no_incendio,-5.531709345051456,-76.12800515028563
68917,incendio,-7.2636,-76.6903
68918,no_incendio,-7.333298288226105,-76.42146225481947
68925,no_incendio,-6.190864426146802,-76.12967606406326
68926,incendio,-6.385,-76.6285
68928,incendio,-6.9921,-76.8784
68931,no_incendio,-5.628009588205993,-76.65354056984353
68939,no_incendio,-5.374689655955711,-76.01901794140703
68944,no_incendio,-7.49572574357337,-75.97213125228711
68951,incendio,-6.6162,-76.4118
68955,no_incendio,-6.934543735011002,-76.3579106281597
68959,incendio,-7.1364,-76.9228
68966,incendio,-6.7246,-76.7386
68970,no_incendio,-5.546093305557506,-76.96305959318578
68972,incendio,-6.9161,-76.2278
68973,incendio,-8.0579,-76.7153
68976,incendio,-6.4239,-76.5467
68988,no_incendio,-5.612307081535751,-76.80288819980903
68999,no_incendio,-7.195118276412429,-75.87773973651454
69005,incendio,-5.962,-76.2958
69006,incendio,-6.6973,-77.2752
69009,no_incendio,-6.308143679517888,-75.54381617905881
69021,incendio,-6.1572,-76.248
69023,no_incendio,-7.304318403936466,-76.8341795441283
69024,no_incendio,-7.132478183195441,-76.65634588857769
69026,incendio,-8.7143,-76.1067
69027,incendio,-7.436,-76.6767
69029,no_incendio,-6.525571951158751,-77.30569775147015
69031,incendio,-7.1323,-76.8108
69032,no_incendio,-6.705665824489784,-75.86880266225904
69037,incendio,-6.9766,-76.1864
69046,incendio,-7.3182,-75.6099
69060,no_incendio,-6.136746378065995,-75.83770023810146
69063,no_incendio,-6.78231634973003,-76.64709974425112
69068,no_incendio,-6.1564556315067485,-76.93225237365907
69075,incendio,-7.3124,-77.6687
69076,incendio,-6.2933,-77.1123
69077,no_incendio,-5.68462514388274,-76.77383589546262
69078,no_incendio,-7.278480100888925,-76.21773060328806
69081,incendio,-6.8271,-76.9882
69085,incendio,-6.1085,-77.1119
69086,incendio,-8.3568,-75.5055
69087,incendio,-7.517,-76.6405
69092,no_incendio,-6.5749903992962055,-76.89683303442592
69095,no_incendio,-6.2190640726250495,-76.93105958473025
69100,incendio,-6.5575,-76.3589
69104,no_incendio,-6.375064281525175,-76.76531716856294
69106,incendio,-7.0243,-76.6053
69108,no_incendio,-5.562325409191487,-75.87320691603831
69111,no_incendio,-5.369370124540203,-77.53041632467286
69115,incendio,-6.75,-77.4169
69117,no_incendio,-6.899424280300874,-76.07403591805503
69120,incendio,-7.6695,-76.5209
69122,incendio,-6.6936,-76.6539
69126,no_incendio,-5.915658751464713,-77.38575524652865
69134,incendio,-7.3746,-76.439
69136,no_incendio,-7.251053016973333,-77.43482372064443
69137,no_incendio,-5.374689655955711,-76.01901794140703
69140,incendio,-6.5697,-75.6633
69144,incendio,-6.2774,-75.9807
69153,incendio,-6.6918,-76.6106
69155,no_incendio,-6.87454750287368,-76.95714014507665
69156,incendio,-6.0037,-75.6783
69158,incendio,-6.233,-75.9452
69159,incendio,-8.3192,-75.5304
69167,no_incendio,-5.5280435147957645,-75.64292390382334
69168,incendio,-8.7536,-76.6127
69172,incendio,-5.9463,-77.302
69176,no_incendio,-6.818883045664746,-77.17747642270048
69182,no_incendio,-6.828495179676625,-76.57876137405398
69183,incendio,-6.2602,-76.0061
69184,incendio,-5.7065,-76.1406
69194,incendio,-8.2832,-76.4276
69198,no_incendio,-6.324884637478815,-77.29362980195512
69204,incendio,-6.7216,-77.4219
69212,incendio,-7.1195,-76.7073
69213,incendio,-7.1884,-76.0584
69223,incendio,-5.7923,-76.2947
69228,no_incendio,-6.100924085847581,-75.50738744279523
69239,no_incendio,-7.502611835705684,-75.74342232378346
69246,no_incendio,-5.364892363396528,-76.8599043565554
69251,incendio,-5.6871,-76.1634
69254,incendio,-6.6729,-76.5964
69259,no_incendio,-5.882916892819359,-76.86515934904114
69260,no_incendio,-6.923846443514746,-77.29283624638697
69266,incendio,-7.0364,-76.7463
69268,incendio,-5.973,-76.9086
69271,no_incendio,-7.44968802750322,-77.23116283334409
69273,incendio,-5.3226,-76.2805
69274,incendio,-7.1094,-76.5365
69289,no_incendio,-6.263351561254887,-76.64078067531564
69291,incendio,-6.7118,-77.4074
69304,incendio,-5.8463,-75.95
69312,incendio,-6.8299,-76.4594
69319,incendio,-7.5478,-76.4991
69322,no_incendio,-5.657826113607748,-77.0484188289704
69325,no_incendio,-5.956753833781617,-77.39395556047486
69328,incendio,-5.8676,-77.7834
69341,no_incendio,-6.726381012789614,-77.29263321460805
69343,incendio,-7.5298,-76.4791
69345,incendio,-7.0264,-76.802
69352,incendio,-7.1234,-76.3894
69357,no_incendio,-7.322815935895123,-76.7836025186051
69363,no_incendio,-6.960339111557958,-75.64609550577184
69373,incendio,-7.3286,-76.9526
69379,no_incendio,-6.152183459458481,-75.52419970077695
69387,incendio,-6.8472,-76.5775
69391,incendio,-7.4213,-76.6283
69398,incendio,-6.557,-75.6121
69399,incendio,-7.3333,-76.8671
69403,no_incendio,-6.25350724604799,-77.4340170352428
69406,no_incendio,-6.501773263941807,-76.20873227680231
69410,incendio,-5.7615,-75.9751
69414,no_incendio,-5.364892363396528,-76.8599043565554
69422,no_incendio,-5.403821247036303,-76.32388095777216
69433,incendio,-7.8905,-75.5541
69442,incendio,-6.5538,-75.6729
69446,incendio,-7.7076,-76.7694
69449,incendio,-5.8621,-75.9139
69455,no_incendio,-7.358134578547567,-76.89833574553381
69466,incendio,-6.7671,-76.6386
69473,incendio,-6.1896,-76.3823
69477,no_incendio,-7.306661299403648,-77.35299757529853
69481,incendio,-8.6202,-76.6198
69483,incendio,-7.04,-76.6716
69492,no_incendio,-5.956265262918295,-76.22406219482724
69500,incendio,-6.6542,-76.747
69520,no_incendio,-7.20814511486295,-77.47872511885727
69525,incendio,-8.6137,-75.6725
69526,no_incendio,-6.93526933500558,-76.94440022861454
69529,incendio,-5.7261,-77.3985
69536,no_incendio,-7.546681661706002,-77.09086718024028
69539,no_incendio,-6.467420438436691,-76.19360941434292
69541,incendio,-7.4368,-76.5424
69556,no_incendio,-5.576377400601263,-76.00886183713747
69559,incendio,-5.8427,-76.2006
69569,no_incendio,-5.966007765722613,-76.02339603474364
69573,incendio,-5.9676,-76.4953
69576,incendio,-8.3679,-76.3952
69580,no_incendio,-6.032904107983954,-75.67491532543472
69583,no_incendio,-7.180514878638644,-76.37224014179314
69590,no_incendio,-5.952502510545931,-77.35100051203952
69593,incendio,-7.5392,-76.785
69596,no_incendio,-5.6897437871119,-77.10615819747757
69597,no_incendio,-6.4548358961700885,-76.10226827896288
69601,no_incendio,-5.902840695958739,-77.46595018427229
69604,no_incendio,-6.911906202214161,-76.30385492841812
69608,no_incendio,-6.4891729979787565,-76.11291535541001
69612,no_incendio,-5.879613359801567,-75.64585304449614
69613,no_incendio,-6.934543735011002,-76.3579106281597
69614,incendio,-6.9198,-76.9106
69621,incendio,-5.8145,-76.1682
69630,incendio,-7.2851,-76.1465
69638,no_incendio,-6.606790602498376,-76.50679708602655
69640,incendio,-8.241,-76.5708
69644,incendio,-7.1848,-76.8228
69645,no_incendio,-7.390169812745361,-75.85173982819381
69651,no_incendio,-6.00373135270891,-76.34110147279476
69669,incendio,-7.3385,-76.3255
69672,no_incendio,-6.768963570850221,-76.63605022733529
69679,no_incendio,-5.362717377002581,-76.51001014398894
69686,no_incendio,-5.985543510791079,-75.55610035209125
69699,no_incendio,-7.475453840000244,-77.09283995143899
69702,incendio,-6.7583,-76.8691
69710,incendio,-6.2775,-76.2242
69711,incendio,-5.9343,-75.9369
69712,no_incendio,-5.618133364002661,-76.2191295091602
69714,incendio,-7.2278,-76.3232
69720,no_incendio,-6.77720314180006,-76.25674400929242
69733,no_incendio,-6.460809424904893,-76.67264708557983
69734,no_incendio,-5.547130410354485,-76.10660420518454
69739,no_incendio,-5.715611122341353,-76.65563746255786
69750,incendio,-5.7256,-75.8557
69766,no_incendio,-7.221811632536515,-77.44262630315019
69768,no_incendio,-5.501070432252085,-75.85232235412057
69771,no_incendio,-6.963743688695052,-77.15890290229473
69774,incendio,-8.2753,-76.6776
69775,no_incendio,-5.885065132570478,-75.64334405460914
69784,no_incendio,-5.454661580886559,-77.46777785872058
69788,incendio,-6.6988,-76.8809
69797,no_incendio,-5.672684414225894,-77.21421169829276
69801,incendio,-5.9291,-76.2262
69802,incendio,-5.5929,-76.6693
69803,no_incendio,-7.284463966351714,-76.84480226943248
69804,incendio,-7.1082,-76.5789
69806,incendio,-7.455,-76.4525
69812,no_incendio,-7.1205154593131565,-76.76326173892171
69817,no_incendio,-6.421249722496318,-77.04956463628945
69826,incendio,-6.9842,-76.8592
69833,no_incendio,-5.588466979788065,-76.18717580992774
69840,no_incendio,-7.391380566669081,-77.4628689446306
69845,no_incendio,-5.732633885929664,-76.45507870434784
69855,incendio,-7.2544,-76.2124
69860,incendio,-6.2756,-76.0899
69869,incendio,-5.4346,-76.7833
69870,no_incendio,-7.265385570436415,-76.15256195898944
69873,no_incendio,-6.5878777950259835,-76.78969667476908
69882,no_incendio,-7.308376267427788,-75.72020744008876
69884,incendio,-7.3801,-76.6861
69892,no_incendio,-7.316542689651407,-77.09719219444501
69893,no_incendio,-6.212102855046136,-76.68622274401635
69894,no_incendio,-6.391881397317083,-77.53216465937516
69903,incendio,-8.615,-76.6973
69904,incendio,-6.5621,-76.7627
69905,incendio,-7.4018,-76.6518
69908,no_incendio,-7.583028139538337,-75.69881965938345
69911,incendio,-6.7857,-76.6784
69913,incendio,-7.044,-76.6993
69914,incendio,-8.3062,-75.5325
69920,no_incendio,-6.871712261045699,-76.6810612935972
69927,incendio,-5.7958,-76.233
69933,incendio,-7.3823,-76.0004
69935,incendio,-5.791,-76.3701
69936,incendio,-6.0615,-77.1653
69937,incendio,-7.3642,-76.4161
69940,incendio,-7.2186,-76.2306
69951,no_incendio,-7.298792617562192,-76.16243368634262
69960,incendio,-7.1601,-76.8574
69961,incendio,-8.247,-76.5415
69978,no_incendio,-6.239450608989755,-76.3926278218276
69979,no_incendio,-5.811469366759115,-76.0719190251322
69981,no_incendio,-5.968870459553349,-76.92149677654932
69986,no_incendio,-7.468841879657955,-75.98545112995306
70000,incendio,-5.7617,-76.4265
70018,no_incendio,-7.006010142701164,-75.89846742843115
70028,no_incendio,-5.498957925752801,-76.23819839749541
70029,incendio,-6.8651,-76.4144
70031,incendio,-6.9598,-76.9049
70034,no_incendio,-6.8267458836303225,-76.04005920267028
70039,no_incendio,-5.411652077381302,-77.27749728778487
70040,incendio,-5.6627,-75.9314
70041,no_incendio,-6.376048501437837,-77.12747027240657
70045,no_incendio,-6.011348651194169,-77.43448041427209
70064,no_incendio,-6.521871195981789,-77.46615975017302
70065,incendio,-7.2959,-76.2841
70068,no_incendio,-7.544493851248457,-76.73397529490327
70071,no_incendio,-7.423279850513975,-76.1929127649397
70075,incendio,-8.3198,-76.3194
70076,no_incendio,-6.493728884519305,-75.95080124431671
70089,no_incendio,-6.938909457059822,-76.15534082596828
70096,no_incendio,-6.622512429028128,-75.69288323438259
70107,no_incendio,-6.261893490975904,-75.72805069897333
70109,no_incendio,-7.313197034572448,-77.32299160325714
70114,incendio,-7.3624,-76.7493
70115,incendio,-5.7456,-76.3692
70116,no_incendio,-6.720013389410524,-76.18246932103828
70117,no_incendio,-6.819960436835468,-75.76204305997081
70125,incendio,-5.7087,-75.8551
70133,incendio,-8.5054,-76.3288
70134,no_incendio,-6.201864082075295,-76.84675438771461
70141,no_incendio,-7.592086939740942,-76.80103020899601
70142,incendio,-6.4547,-76.5
70152,incendio,-5.6511,-77.2592
70160,incendio,-7.3419,-76.3525
70167,incendio,-6.8806,-76.9377
70171,incendio,-7.2527,-76.6735
70175,no_incendio,-7.135780753435629,-75.83407160290639
70181,no_incendio,-5.366911069115064,-77.28733600522496
70185,incendio,-7.2638,-76.2829
70186,incendio,-6.2502,-75.9326
70197,incendio,-6.8691,-76.3685
70198,no_incendio,-6.208571378644004,-77.08847372883292
70203,no_incendio,-6.684698936601428,-75.64362761188839
70206,no_incendio,-6.456445234793438,-77.37382860861014
70211,incendio,-8.7116,-77.2628
70217,incendio,-5.7776,-76.4683
70228,no_incendio,-6.74885592845062,-76.02672128613708
70230,no_incendio,-7.487727922373681,-77.21640064766143
70232,no_incendio,-6.650069273774372,-77.45753589439983
70238,no_incendio,-7.427821513315094,-77.09535827635182
70245,no_incendio,-5.608145245385959,-76.22898397370268
70246,incendio,-5.3144,-76.3344
70252,no_incendio,-6.232310063567931,-76.25914782187436
70262,no_incendio,-6.090705105654209,-75.76196358722034
70264,no_incendio,-7.120538244092864,-76.35124384411968
70269,no_incendio,-5.315273849835721,-75.96752969040406
70280,no_incendio,-7.316542689651407,-77.09719219444501
70281,no_incendio,-7.2086548700460105,-76.60794035176814
70284,no_incendio,-7.123114132581702,-76.51933216860513
70295,incendio,-5.7366,-77.3102
70302,no_incendio,-7.462272976116109,-77.0484423984109
70304,incendio,-7.9718,-77.549
70310,no_incendio,-5.323979357908248,-75.76496426046252
70314,no_incendio,-5.984328482107857,-77.1628204616077
70317,incendio,-5.7193,-75.8595
70320,no_incendio,-6.151141348770003,-76.03390338328126
70324,incendio,-7.374,-76.5583
70326,no_incendio,-6.991871137907023,-76.86560292258433
70351,incendio,-7.0635,-76.4624
70352,incendio,-7.2358,-76.3517
70354,no_incendio,-6.045557480896305,-76.73042918045354
70355,no_incendio,-5.787583375716228,-76.86316436814501
70361,no_incendio,-7.451217530868493,-77.29241876502243
70369,no_incendio,-7.038387701485983,-77.46608635694433
70382,incendio,-7.5163,-76.204
70395,no_incendio,-6.672836316039594,-77.21035813191263
70399,no_incendio,-7.155027573416094,-75.86683651806695
70400,no_incendio,-5.487710562433828,-76.3714568595569
70411,incendio,-6.7768,-76.5663
70420,no_incendio,-6.929511458644296,-75.83962565372784
70423,no_incendio,-5.334479044366705,-77.48777820988575
70429,incendio,-6.2575,-75.9873
70435,no_incendio,-6.922199249991655,-76.68603062105682
70440,incendio,-6.645,-76.694
70446,no_incendio,-7.3078954672867225,-77.23924319242337
70447,incendio,-5.7161,-77.4229
70448,no_incendio,-5.885065132570478,-75.64334405460914
70452,incendio,-5.9036,-76.1131
70453,no_incendio,-6.856923978483267,-76.96918980938075
70458,incendio,-6.1205,-75.9516
70470,incendio,-7.1685,-76.2887
70481,no_incendio,-6.477904625999691,-76.18575851394918
70491,no_incendio,-6.589846765006126,-76.67564163824959
70494,incendio,-6.3753,-76.582
70500,no_incendio,-7.188266062247751,-75.80338733044515
70511,incendio,-8.2658,-75.5255
70513,no_incendio,-6.929539925837722,-76.05337955826667
70515,incendio,-7.3552,-76.7572
70517,no_incendio,-7.38891296125344,-75.60819465870141
70519,incendio,-6.5826,-76.2443
70523,no_incendio,-6.967630832661904,-76.66075655259817
70528,incendio,-6.6418,-76.636
70531,no_incendio,-5.972852910388238,-75.80354473667084
70541,no_incendio,-6.918732727057085,-75.61509017346891
70542,incendio,-8.7044,-76.8177
70550,incendio,-7.2225,-76.3212
70553,incendio,-7.3279,-76.704
70556,incendio,-7.3131,-76.2056
70558,no_incendio,-6.696116083768962,-76.75572773731696
70559,incendio,-5.8958,-76.1165
70562,incendio,-7.1811,-76.2538
70565,no_incendio,-5.8624058726324275,-77.54256899267752
70578,no_incendio,-6.638936461882343,-76.98044793632914
70579,incendio,-7.3158,-76.7006
70581,no_incendio,-7.014916061647587,-75.71674408231947
70583,incendio,-8.4194,-76.4074
70585,no_incendio,-5.931410128051382,-77.48442078407336
70590,incendio,-6.2655,-77.2137
70597,incendio,-8.3966,-75.5379
70600,incendio,-6.9481,-76.1144
70601,incendio,-5.8314,-76.3397
70602,incendio,-6.5593,-76.3636
70603,incendio,-7.3122,-76.3448
70604,no_incendio,-6.011348651194169,-77.43448041427209
70609,no_incendio,-5.49005851410074,-77.39191865885853
70619,no_incendio,-6.851922134143454,-76.90818662457491
70625,incendio,-7.5016,-76.4526
70629,incendio,-6.774,-76.7973
70630,incendio,-7.0467,-76.8207
70633,incendio,-6.8509,-76.6211
70634,no_incendio,-5.747916301571042,-76.94248947046277
70641,no_incendio,-6.480391966428419,-77.42730148887621
70646,no_incendio,-5.698299617649455,-76.9877048304902
70647,incendio,-7.325,-76.6302
70651,no_incendio,-6.775595026700855,-77.38152365692504
70652,incendio,-8.1933,-76.6171
70660,incendio,-6.584,-76.1183
70662,incendio,-5.9863,-77.2799
70665,no_incendio,-7.238892730733428,-76.47459847040415
70666,incendio,-6.278,-75.9009
70678,no_incendio,-7.446805146209128,-77.47663812889024
70683,incendio,-6.7298,-76.4945
70684,no_incendio,-5.691703950902071,-76.93733770607169
70691,no_incendio,-6.118059326676478,-76.43229245657533
70694,no_incendio,-6.45014471724059,-77.23785683491617
70702,no_incendio,-5.714958817536613,-75.57831712461974
70703,incendio,-6.9859,-76.9343
70704,no_incendio,-7.324122621539671,-77.54410654355205
70706,incendio,-8.1988,-76.9813
70712,no_incendio,-7.5389429366733145,-76.3612819242991
70713,incendio,-6.2496,-77.1175
70715,incendio,-7.1093,-76.0787
70717,no_incendio,-6.5791773780212175,-75.5208242841422
70721,incendio,-6.5691,-76.4
70727,no_incendio,-6.439049170355273,-77.46289627422017
70729,no_incendio,-7.316542689651407,-77.09719219444501
70733,no_incendio,-5.885645069919687,-76.22631599775536
70737,incendio,-5.886,-77.096
70739,incendio,-7.0259,-76.2548
70756,no_incendio,-5.531814591168352,-75.96870301898942
70758,no_incendio,-6.733985124484316,-77.05590297419246
70759,no_incendio,-6.303002240210201,-76.72194514117207
70760,no_incendio,-6.71467279372098,-77.07743264874856
70761,no_incendio,-6.040675081738544,-76.88692151022694
70765,no_incendio,-6.752631174647365,-76.89757485609974
70768,incendio,-6.0,-77.182
70772,incendio,-6.9989,-76.2112
70777,no_incendio,-7.279070011168152,-76.78517622564465
70779,incendio,-5.7866,-76.5401
70780,no_incendio,-6.589390257699646,-75.6408986952127
70787,incendio,-7.3985,-76.4066
70794,incendio,-7.0258,-76.7524
70795,incendio,-5.8592,-76.1525
70797,no_incendio,-5.557426353157693,-75.95750476645475
70818,no_incendio,-6.042263520905991,-76.6869016707266
70827,incendio,-7.6231,-76.4932
70832,no_incendio,-6.931054749326789,-77.2760800084336
70834,incendio,-7.0332,-76.8083
70853,no_incendio,-6.2816422432891255,-75.61454508391762
70863,no_incendio,-5.7630676382897414,-75.77232686505347
70868,incendio,-6.88,-76.8764
70871,incendio,-7.3175,-76.1182
70881,no_incendio,-5.592011294671137,-75.99975689195666
70885,no_incendio,-6.081931713189248,-77.21688851873837
70895,incendio,-6.9866,-76.5702
70903,no_incendio,-6.522811790872001,-76.54279465031992
70905,no_incendio,-6.6675087326032685,-77.42602403570756
70909,no_incendio,-7.175027516508212,-75.95564958292479
70910,incendio,-7.4046,-76.8556
70912,incendio,-7.3331,-76.1683
70916,no_incendio,-5.808189893519151,-75.58463969579134
70917,no_incendio,-7.082226882888392,-75.74798202243628
70922,no_incendio,-6.397916753583541,-76.88339705526924
70926,no_incendio,-5.811469366759115,-76.0719190251322
70928,incendio,-6.0313,-76.9683
70938,incendio,-5.9658,-76.3046
70949,incendio,-7.3284,-76.2015
70953,no_incendio,-7.108956430874631,-75.5028524515191
70958,incendio,-7.1906,-76.0743
70965,no_incendio,-7.377346584054845,-77.21066750842841
70980,incendio,-7.3408,-76.0492
70981,no_incendio,-5.635052342474313,-77.42989514091708
70986,incendio,-6.4617,-75.9276
70990,incendio,-8.093,-77.4925
70992,incendio,-6.5234,-76.3203
71003,no_incendio,-5.846023239980903,-75.59058432825728
71005,no_incendio,-6.185102706019143,-75.78932803542219
71006,no_incendio,-5.441048358116876,-77.52077786090675
71010,incendio,-7.5477,-76.4102
71022,incendio,-5.9245,-76.4594
71023,no_incendio,-6.040843804619021,-75.5134205645717
71024,incendio,-6.0203,-76.2165
71036,incendio,-7.5301,-76.662
71039,incendio,-7.3058,-76.2442
71040,no_incendio,-5.698299617649455,-76.9877048304902
71044,no_incendio,-7.277740388513622,-77.219832932029
71047,incendio,-6.8912,-76.5989
71051,no_incendio,-5.525519480392893,-76.3183975995799
71052,incendio,-6.2876,-75.83
71055,no_incendio,-6.141100932072808,-75.82733820285651
71058,incendio,-7.5044,-76.4724
71059,no_incendio,-5.487710562433828,-76.3714568595569
71062,incendio,-7.5587,-77.616
71079,no_incendio,-7.388693966098852,-77.02434670823592
71080,incendio,-7.9981,-77.7727
71081,incendio,-5.7857,-76.363
71084,no_incendio,-7.4333859418143975,-75.94488928476447
71087,incendio,-7.5869,-76.4673
71091,no_incendio,-6.6046403916429695,-76.28478273774354
71095,incendio,-7.2298,-76.6162
71109,incendio,-8.5307,-76.9135
71110,incendio,-5.8026,-77.0533
71116,no_incendio,-7.481044160665957,-75.91293479153082
71117,no_incendio,-6.251826450089646,-77.38391492306411
71120,no_incendio,-5.532971684555294,-77.02280558006699
71125,no_incendio,-5.5683966845979995,-76.81768428751661
71131,no_incendio,-5.594721982840302,-76.73250330554579
71136,no_incendio,-5.531709345051456,-76.12800515028563
71145,no_incendio,-7.446777051363318,-75.55823277277759
71153,no_incendio,-6.042344688075439,-75.58423135699039
71162,no_incendio,-7.359881945280641,-76.7414311135722
71174,incendio,-8.4158,-77.3883
71175,incendio,-7.171,-76.3745
71180,no_incendio,-6.547210882925631,-75.68527794762721
71199,no_incendio,-6.041174269159521,-76.02071621272385
71202,incendio,-8.456,-76.4638
71208,no_incendio,-7.459387198765487,-76.32587223443953
71212,no_incendio,-6.107814853885202,-77.33817072189056
71217,no_incendio,-6.563544700305401,-76.2857678335734
71219,incendio,-6.8611,-76.2753
71221,incendio,-7.5312,-76.5373
71222,incendio,-6.2273,-76.0961
71224,incendio,-8.7193,-76.8495
71239,incendio,-5.7253,-76.1221
71242,incendio,-5.9346,-75.8791
71249,no_incendio,-6.063333052679301,-77.2619056071794
71253,no_incendio,-5.49005851410074,-77.39191865885853
71254,incendio,-7.3369,-76.8884
71255,no_incendio,-7.319106221775668,-76.84964608294781
71262,incendio,-7.6921,-76.4854
71268,incendio,-7.1243,-76.9754
71273,incendio,-6.7354,-76.9353
71278,incendio,-5.8239,-77.0489
71286,incendio,-6.4906,-76.3703
71287,no_incendio,-7.080940596432744,-77.316377811303
71300,no_incendio,-6.722977701208728,-76.08504808570892
71305,incendio,-7.1468,-76.3464
71306,incendio,-8.6262,-76.7074
71312,no_incendio,-6.3085465819277395,-76.24497446002277
71314,no_incendio,-6.540943022133077,-77.51939287579982
71320,incendio,-5.699,-77.3775
71321,incendio,-6.2267,-76.2397
71329,incendio,-6.3396,-75.8852
71330,incendio,-8.1691,-76.4873
71332,incendio,-7.0807,-76.3691
71333,no_incendio,-6.36044395346056,-75.72277954497737
71334,no_incendio,-5.6492373233613264,-76.13173612706044
71339,no_incendio,-7.573586798987392,-75.72729255411187
71348,incendio,-5.9493,-76.4528
71370,incendio,-7.3228,-76.0589
71371,incendio,-6.4635,-75.7502
71384,no_incendio,-7.14999258790223,-77.27323492320696
71388,incendio,-5.6864,-76.2538
71390,no_incendio,-7.409421605310309,-75.83681236527086
71393,no_incendio,-5.67298434461423,-75.77203346510761
71397,incendio,-7.5445,-76.5508
71409,no_incendio,-5.518881001325958,-76.31287944551491
71412,no_incendio,-5.356529850556848,-75.70252244587886
71413,no_incendio,-6.518152554514016,-75.5195810155841
71415,incendio,-7.1322,-76.905
71417,no_incendio,-5.437451651862052,-75.53119555354411
71419,no_incendio,-5.97958938141772,-75.97696588702247
71420,incendio,-6.1093,-76.8789
71421,incendio,-7.2429,-76.2982
71427,incendio,-6.5231,-76.2895
71430,incendio,-6.223,-76.3462
71433,incendio,-8.7133,-76.1041
71437,no_incendio,-6.851922134143454,-76.90818662457491
71446,incendio,-6.1979,-76.0966
71450,no_incendio,-6.219703521684984,-76.92758051251145
71452,incendio,-6.5771,-76.7604
71453,incendio,-8.1487,-76.4951
71460,incendio,-8.3809,-76.3899
71466,no_incendio,-5.3750389583532385,-76.27737605989306
71471,no_incendio,-6.24237475480212,-75.58560175040829
71472,incendio,-8.6112,-76.6935
71478,incendio,-6.9302,-76.2042
71481,incendio,-7.0411,-76.7585
71483,no_incendio,-7.409138891052633,-75.67277112899474
71486,incendio,-6.2491,-76.8636
71487,incendio,-8.1974,-76.972
71497,incendio,-6.2507,-75.9415
71501,no_incendio,-7.597875070160168,-76.24368895263702
71508,incendio,-5.6578,-77.3007
71520,no_incendio,-6.100924085847581,-75.50738744279523
71529,incendio,-8.2589,-76.4779
71531,incendio,-6.5813,-75.6273
71537,incendio,-6.4261,-76.4586
71542,no_incendio,-6.220053203592378,-76.13217715018442
71543,no_incendio,-5.732633885929664,-76.45507870434784
71552,no_incendio,-5.709919403753175,-77.18915952963572
71555,incendio,-7.3107,-76.1158
71565,no_incendio,-6.135227462144194,-76.4855793054628
71566,no_incendio,-6.993239612195546,-76.80617132397158
71569,no_incendio,-7.069804459736003,-75.90865990307721
71575,incendio,-6.0293,-76.2842
71581,no_incendio,-6.0017769805371435,-76.54978075200272
71586,incendio,-5.8466,-75.8822
71591,no_incendio,-5.562431514699555,-76.88253278090706
71592,incendio,-7.5927,-76.5208
71593,no_incendio,-7.377346584054845,-77.21066750842841
71601,incendio,-5.7228,-75.8985
71602,no_incendio,-7.493540878148328,-76.20838654108637
71607,incendio,-5.7075,-75.9081
71616,incendio,-5.775,-76.6205
71621,no_incendio,-6.641540416375139,-77.47486256481713
71623,incendio,-7.2762,-76.8335
71640,no_incendio,-6.679897679386204,-77.34823338283437
71646,incendio,-6.8768,-76.5434
71647,incendio,-7.1001,-76.9385
71648,incendio,-7.2307,-76.9841
71671,no_incendio,-5.326796907527068,-77.35932680846722
71672,incendio,-7.1556,-76.352
71673,incendio,-5.3081,-76.2759
71678,no_incendio,-6.576004984769571,-77.51523302793387
71679,no_incendio,-5.533837838145786,-75.72558753064112
71682,incendio,-7.6172,-76.5202
71685,incendio,-5.7022,-77.4739
71687,incendio,-7.2673,-76.0677
71688,no_incendio,-5.855822399079694,-75.69747959221154
71691,incendio,-7.26,-76.7923
71699,incendio,-5.8787,-76.3673
71703,incendio,-6.2859,-75.7311
71704,incendio,-5.6678,-76.1356
71708,no_incendio,-6.684588652346477,-77.1953837139415
71715,no_incendio,-6.161493803649726,-77.185392683239
71721,incendio,-6.5732,-76.8572
71728,incendio,-6.7742,-76.9359
71730,no_incendio,-5.748963744851152,-76.06756714081862
71736,incendio,-7.0799,-76.5275
71741,incendio,-6.0366,-76.2972
71745,incendio,-6.1811,-75.8406
71752,incendio,-8.3501,-76.3888
71759,incendio,-5.3709,-76.7866
71764,no_incendio,-5.394637977572077,-77.16867429500955
71769,no_incendio,-6.43490273431634,-75.69794209792583
71771,incendio,-6.3291,-75.8934
71774,no_incendio,-5.5463833686959125,-76.92476001499328
71789,no_incendio,-5.525166300103762,-76.64412404917219
71809,no_incendio,-6.631390870435434,-77.17543848057095
71816,no_incendio,-6.7988040085111265,-76.15084820178622
71817,incendio,-6.2506,-77.7641
71824,incendio,-7.0104,-76.226
71826,no_incendio,-5.501045309864604,-77.33293151035834
71829,incendio,-7.3195,-76.0629
71830,incendio,-5.7143,-76.2805
71840,incendio,-5.9251,-76.2462
71842,no_incendio,-5.656833524780012,-76.60036734901797
71854,no_incendio,-6.135227462144194,-76.4855793054628
71856,incendio,-6.7787,-76.5825
71863,incendio,-6.8568,-76.8012
71864,no_incendio,-6.1773004933773406,-76.41533827057219
71865,incendio,-8.6133,-76.292
71867,no_incendio,-7.56762867825993,-76.58084220376608
71872,incendio,-7.3387,-76.0602
71873,incendio,-7.1029,-76.2173
71882,no_incendio,-5.993099838060813,-76.1739103851831
71886,incendio,-6.066,-77.5485
71888,no_incendio,-7.421052074349739,-77.34977414023118
71890,incendio,-7.3785,-76.6872
71897,no_incendio,-5.900077330745216,-77.1051585516076
71908,no_incendio,-6.923846443514746,-77.29283624638697
71910,incendio,-8.0445,-76.6258
71916,no_incendio,-7.408503653357758,-76.24578800464187
71917,no_incendio,-5.89201477503853,-77.2682101013539
71921,incendio,-5.3588,-76.7777
71939,incendio,-7.425,-76.637
71940,incendio,-8.0392,-77.7777
71944,incendio,-7.1998,-76.2401
71946,no_incendio,-7.431414415877487,-76.13136950681124
71954,no_incendio,-6.1297843172602455,-76.35496538879435
71956,no_incendio,-6.360984055369506,-76.7111987517038
71958,incendio,-7.2093,-76.0945
71965,no_incendio,-7.552000736404346,-77.05977682552361
71972,no_incendio,-5.775752820945428,-75.77309666724678
71976,incendio,-6.4638,-75.8509
71994,no_incendio,-6.5305605417841495,-76.81567387832536
72003,incendio,-7.144,-76.6735
72017,incendio,-8.1884,-76.5176
72024,no_incendio,-7.347234922810763,-77.02854365146464
72027,incendio,-7.0172,-76.9337
72036,no_incendio,-6.981987059723509,-75.85834367556873
72038,incendio,-7.12,-76.8856
72042,no_incendio,-6.224278076163242,-75.68574152044755
72049,incendio,-5.7712,-77.0395
72053,no_incendio,-6.808753435004469,-75.58127871175964
72059,incendio,-6.7145,-76.6831
72064,incendio,-5.9387,-75.9839
72065,incendio,-7.0495,-76.673
72068,no_incendio,-6.396864121936975,-76.4851873457876
72076,incendio,-5.7638,-77.3119
72086,incendio,-5.9332,-75.7721
72095,no_incendio,-5.404889796153065,-75.52356189843724
72097,no_incendio,-7.314921869709458,-75.6262107073791
72108,no_incendio,-5.55191314269425,-76.59129090689653
72110,no_incendio,-7.384008271248504,-77.19420546410333
72111,no_incendio,-6.594359651694001,-75.81359177197494
72116,incendio,-6.8809,-76.4947
72121,incendio,-5.9768,-76.4559
72122,no_incendio,-5.609318574866824,-76.18227826181767
72146,incendio,-7.6999,-76.5109
72149,incendio,-7.4343,-76.376
72156,no_incendio,-6.922199249991655,-76.68603062105682
72161,incendio,-8.5801,-75.5512
72170,no_incendio,-6.756685989962618,-75.83002754028344
72178,no_incendio,-5.690666241525762,-76.5831246635922
72181,incendio,-6.1552,-77.1557
72184,no_incendio,-6.10372793592555,-77.07921750093743
72197,no_incendio,-7.097431396465031,-76.35150553329514
72201,incendio,-8.5138,-77.4877
72204,no_incendio,-7.517330043663011,-76.85538614453351
72207,incendio,-7.6268,-76.3641
72213,incendio,-6.8235,-77.7724
72219,no_incendio,-6.967630832661904,-76.66075655259817
72222,no_incendio,-5.9408859336893,-77.34710227227029
72226,incendio,-7.0945,-77.5592
72227,no_incendio,-5.413750833598563,-75.87946450439262
72239,incendio,-6.2882,-76.2423
72241,no_incendio,-7.233369543625463,-75.83176043083628
72244,no_incendio,-7.217469611041255,-75.6059674027119
72249,incendio,-5.8862,-76.3321
72251,no_incendio,-6.853423603407918,-76.51175603217372
72256,incendio,-5.9437,-77.3066
72266,no_incendio,-7.449875858595047,-77.10166728328358
72269,no_incendio,-7.082610644878744,-76.41583738866235
72272,no_incendio,-6.726501650557869,-77.18165293471671
72279,incendio,-7.1013,-76.9961
72283,incendio,-6.7554,-76.3761
72286,incendio,-7.2896,-77.0455
72288,no_incendio,-7.327752780112304,-76.88582488471454
72289,incendio,-5.8688,-76.0172
72304,no_incendio,-6.00373135270891,-76.34110147279476
72307,no_incendio,-6.843206730343357,-76.18187808711231
72308,no_incendio,-5.6355072776323825,-77.05987553143974
72316,no_incendio,-7.19668087361042,-76.2603633805298
72317,no_incendio,-5.388346448693102,-76.72150148992378
72352,incendio,-5.6711,-75.9299
72354,no_incendio,-5.423352355280385,-75.9768451523196
72357,incendio,-6.4956,-75.9476
72364,no_incendio,-7.392389482278091,-76.3604718116053
72366,no_incendio,-5.833991570039085,-76.02950285469245
72371,no_incendio,-5.5797385570843945,-76.68051881795166
72373,incendio,-7.1871,-76.3627
72375,incendio,-8.6845,-76.9193
72376,no_incendio,-7.205543641449294,-77.21195261449198
72379,incendio,-7.1206,-76.6882
72385,incendio,-6.5224,-76.6899
72391,no_incendio,-6.47129538831012,-76.10848069167751
72393,incendio,-6.2468,-75.9145
72409,no_incendio,-6.797128032172363,-76.15133853102378
72416,no_incendio,-7.450227101420001,-77.22165209135423
72423,incendio,-8.4717,-77.5718
72439,no_incendio,-6.993254683376983,-76.28519834630733
72441,no_incendio,-6.344517536741018,-75.98404289972582
72451,incendio,-7.3339,-76.7031
72461,no_incendio,-5.469135651128677,-76.66584024328755
72463,incendio,-5.7476,-77.4676
72475,incendio,-6.2466,-75.9159
72479,no_incendio,-5.316700367183811,-76.26596491615018
72481,no_incendio,-6.042014186508827,-75.97046946062136
72501,no_incendio,-5.6909060907931215,-77.03642215530066
72513,no_incendio,-7.327752780112304,-76.88582488471454
72522,no_incendio,-7.532917537712722,-76.04821551837472
72526,incendio,-8.2595,-76.2538
72527,no_incendio,-5.349324419297768,-77.32630960187535
72540,no_incendio,-7.277740388513622,-77.219832932029
72543,incendio,-8.796,-76.1462
72545,no_incendio,-6.193641518737963,-75.9541835583981
72552,no_incendio,-6.320061417206358,-76.82643295462363
72572,incendio,-5.7998,-77.1703
72579,no_incendio,-7.5699592193140015,-75.58526155924636
72585,no_incendio,-7.475413502587504,-75.52501286015236
72589,no_incendio,-6.564118460670997,-75.67151561363346
72593,incendio,-7.585,-76.454
72594,incendio,-8.6162,-76.302
72615,no_incendio,-5.73653806083423,-77.04027076606343
72619,incendio,-6.1395,-77.099
72620,no_incendio,-5.849265187399489,-77.52081578278697
72628,no_incendio,-6.0636997194620585,-76.98817967024722
72629,incendio,-7.0362,-76.8479
72632,no_incendio,-6.709124047238622,-75.89671136602306
72634,incendio,-6.6394,-76.6483
72637,no_incendio,-6.905350281771543,-75.85773993313076
72638,incendio,-6.8102,-76.9111
72641,no_incendio,-6.738029748320719,-76.76298967627768
72645,incendio,-6.256,-75.8248
72646,incendio,-8.4244,-76.3368
72655,incendio,-6.6096,-76.587
72664,incendio,-5.7466,-77.3684
72666,no_incendio,-5.618910457397299,-76.39046295133087
72668,incendio,-6.2751,-76.7073
72670,incendio,-5.8203,-77.056
72673,no_incendio,-7.251215765230244,-76.69670530916802
72676,incendio,-5.7259,-75.8276
72679,no_incendio,-5.451597714525489,-77.32234997673201
72682,no_incendio,-6.5340207470218745,-75.73082220173393
72690,incendio,-7.0936,-76.0573
72694,no_incendio,-6.081920488696037,-77.43393189597795
72703,incendio,-7.0612,-76.7834
72705,incendio,-7.1279,-76.4942
72707,no_incendio,-7.547004527368286,-77.14424900414204
72712,incendio,-6.6716,-76.6057
72715,no_incendio,-7.347824110154567,-75.82503332128289
72720,no_incendio,-7.267527749331178,-76.00258934511766
72726,no_incendio,-5.937825755560712,-77.54131014900841
72728,no_incendio,-6.4156514594615395,-77.50323228806793
72731,incendio,-6.5049,-75.7135
72735,incendio,-7.4305,-76.5893
72741,no_incendio,-6.725956984213016,-76.31094915112595
72742,no_incendio,-6.836006339265761,-75.80496615427175
72748,incendio,-7.2591,-76.9866
72750,incendio,-7.2807,-76.3508
72755,no_incendio,-6.905014878753814,-76.49698867319515
72761,incendio,-7.57,-76.4386
72770,incendio,-6.6247,-76.4977
72774,no_incendio,-6.998414939340265,-75.67912715079014
72778,incendio,-6.099,-75.7829
72780,incendio,-7.5222,-76.4651
72784,incendio,-6.31,-76.2971
72786,incendio,-6.737,-76.4862
72788,no_incendio,-5.991245342520768,-75.64023187612118
72790,no_incendio,-5.605657953237715,-77.33944421680316
72791,incendio,-5.436,-76.7931
72793,no_incendio,-6.960339111557958,-75.64609550577184
72795,no_incendio,-5.800663587251775,-77.2156236281296
72797,incendio,-5.8933,-76.1117
72813,incendio,-5.9544,-77.0673
72816,no_incendio,-6.130295951384975,-75.70862882951778
72818,incendio,-7.1312,-76.2809
72820,no_incendio,-5.933640988385415,-77.01460142830385
72826,no_incendio,-6.370648236891197,-76.34077418345667
72833,incendio,-6.5934,-76.2574
72834,no_incendio,-5.908177822401652,-76.8838396640829
72835,incendio,-7.2838,-76.09
72837,incendio,-6.2808,-76.7816
72839,incendio,-5.6725,-75.9169
72840,incendio,-6.5645,-75.6942
72845,no_incendio,-6.224885960981276,-76.91366721974305
72846,incendio,-6.0017,-76.131
72856,no_incendio,-7.589730303914846,-76.05435857716274
72857,incendio,-7.596,-76.4886
72861,no_incendio,-7.554963436234575,-75.69130210162552
72863,incendio,-6.074,-76.0407
72872,incendio,-5.9049,-76.1279
72883,incendio,-6.4042,-75.9426
72887,incendio,-7.0663,-76.8862
72889,no_incendio,-5.309022549050947,-77.11989827113337
72895,incendio,-7.1509,-76.3806
72898,incendio,-6.497,-76.3572
72899,incendio,-7.0934,-76.9099
72903,no_incendio,-6.71467279372098,-77.07743264874856
72913,incendio,-8.5518,-75.5281
72915,incendio,-8.4188,-77.3987
72916,incendio,-8.6359,-76.4457
72923,no_incendio,-6.514967490351236,-76.99375522896699
72924,no_incendio,-5.509842715479968,-77.22974622552158
72929,no_incendio,-6.43490273431634,-75.69794209792583
72932,incendio,-7.1427,-76.5971
72934,no_incendio,-6.150817748541318,-77.2743773218178
72941,no_incendio,-7.261878534754229,-75.78596746234152
72945,no_incendio,-5.626490573988114,-76.90197669049898
72948,no_incendio,-7.121678053413924,-76.22436656303664
72954,incendio,-6.7645,-76.5991
72956,no_incendio,-5.746784627492212,-75.78617751665539
72965,incendio,-6.7863,-76.4432
72971,no_incendio,-7.354001962679465,-76.87586506840084
72976,no_incendio,-5.9343288832648255,-75.71284400291329
72983,incendio,-7.2822,-76.0426
72985,incendio,-7.322,-76.955
72991,no_incendio,-7.301346263959235,-76.9768322825311
72992,no_incendio,-5.849265187399489,-77.52081578278697
73006,incendio,-7.1348,-77.0549
73008,no_incendio,-6.354122557454569,-76.61263310647983
73010,incendio,-7.2801,-76.2845
73011,no_incendio,-7.343476837968453,-76.86299220846689
73013,no_incendio,-6.622512429028128,-75.69288323438259
73016,incendio,-7.5352,-76.5167
73022,incendio,-7.2297,-76.2719
73023,no_incendio,-6.352348321356028,-75.59610164326816
73025,incendio,-7.3217,-76.07
73030,no_incendio,-6.114431837075887,-77.3791914454974
73031,incendio,-7.1968,-76.4387
73037,incendio,-5.3265,-76.2917
73042,incendio,-5.8327,-77.072
73053,incendio,-7.3373,-76.9033
73056,incendio,-6.0933,-76.8226
73062,no_incendio,-7.436110407887001,-75.68288184576566
73063,no_incendio,-6.30791982416226,-77.35125522509678
73065,no_incendio,-6.378539891531966,-75.71550711436312
73080,incendio,-5.7208,-75.7909
73085,incendio,-7.1059,-77.0805
73088,no_incendio,-7.288794185700048,-76.06129578328853
73095,no_incendio,-5.4225864404931166,-77.44996456310464
73098,no_incendio,-7.347666513055251,-77.19530347019538
73100,no_incendio,-5.936332555331325,-76.83179580754164
73101,no_incendio,-7.397102442990121,-76.86665660281676
73103,no_incendio,-6.736094048254664,-75.79047035285556
73105,no_incendio,-5.776486008828747,-75.61601586908587
73121,incendio,-6.4996,-76.4939
73126,no_incendio,-5.544976635100384,-76.33130727413504
73129,no_incendio,-6.899424280300874,-76.07403591805503
73132,incendio,-5.956,-75.9217
73133,incendio,-8.1303,-76.5123
73152,incendio,-8.3384,-76.571
73153,incendio,-5.9346,-77.1228
73157,no_incendio,-6.607438503581988,-77.25629846979227
73164,no_incendio,-7.4240649953310935,-75.58160346289161
73171,incendio,-7.5642,-76.637
73180,no_incendio,-5.459589434430045,-76.77318023823041
73188,incendio,-7.1813,-76.2785
73198,incendio,-6.0324,-76.9705
73200,no_incendio,-6.606517162327486,-77.4629258839616
73202,incendio,-7.9054,-76.7069
73212,no_incendio,-5.631534863423365,-75.5444078955286
73213,no_incendio,-7.5627763723747155,-75.63067659682274
73217,incendio,-7.4202,-76.5363
73219,no_incendio,-7.26944697761503,-76.97064413485722
73222,no_incendio,-5.693080952346205,-76.99621267878452
73223,incendio,-6.7392,-76.6988
73233,no_incendio,-6.790594304755216,-75.5049595453949
73234,incendio,-6.4832,-76.3671
73241,incendio,-6.0141,-75.7238
73242,incendio,-8.3578,-75.5071
73248,no_incendio,-7.269040165613338,-76.9103123983766
73251,incendio,-7.3298,-76.7185
73253,no_incendio,-6.1579628470379655,-75.78726893747826
73273,incendio,-6.7341,-76.6525
73274,no_incendio,-5.541112522183527,-75.99676308138659
73282,incendio,-7.3146,-77.0679
73286,incendio,-6.8195,-76.4467
73288,incendio,-7.6006,-76.6225
73306,incendio,-5.6901,-76.2252
73307,incendio,-6.5749,-75.687
73308,no_incendio,-5.409046088511844,-75.85044957982578
73309,incendio,-7.2847,-76.073
73310,incendio,-6.5655,-76.2006
73311,no_incendio,-6.738442276906446,-76.26128977675305
73316,incendio,-5.9196,-75.8214
73329,incendio,-7.001,-76.3109
73334,no_incendio,-5.798251230559933,-76.03303003317315
73342,incendio,-7.2218,-76.349
73348,incendio,-7.124,-76.2724
73356,no_incendio,-6.694264893002906,-76.05015609684683
73366,incendio,-6.47,-75.836
73386,no_incendio,-6.452984723571151,-76.97534564539009
73387,no_incendio,-7.127022606481778,-76.76299851218882
73395,incendio,-5.6657,-76.5941
73416,incendio,-6.3632,-76.5936
73421,no_incendio,-6.699009805364948,-77.20530585140459
73422,incendio,-6.5478,-76.5628
73423,no_incendio,-6.281173626920689,-76.33798845589783
73426,no_incendio,-6.925231635229958,-75.582427134776
73432,incendio,-7.1552,-76.4946
73434,incendio,-7.025,-76.3215
73438,no_incendio,-6.31265571754434,-77.00564888561091
73442,no_incendio,-5.568862129612705,-77.20485673295369
73443,no_incendio,-7.25129246536618,-76.47983941905308
73461,no_incendio,-5.382192721085108,-75.80513455395052
73463,incendio,-7.2163,-76.3168
73471,no_incendio,-6.527458260414743,-76.15130491290189
73473,no_incendio,-5.815972204611399,-75.5996631905604
73475,no_incendio,-6.846679592265051,-75.78055281220841
73476,no_incendio,-6.819960436835468,-75.76204305997081
73478,incendio,-6.5387,-76.3268
73482,incendio,-7.1895,-76.4621
73484,no_incendio,-6.44311246702837,-76.64720397145403
73493,no_incendio,-5.518725698266722,-76.04231826723102
73495,no_incendio,-6.929539925837722,-76.05337955826667
73496,incendio,-6.57,-75.6799
73498,incendio,-7.3075,-76.5914
73500,incendio,-6.2345,-75.9423
73517,no_incendio,-6.371807438398121,-75.97041325819922
73526,incendio,-5.735,-76.1983
73534,incendio,-7.4459,-76.2582
73537,incendio,-6.8576,-76.8618
73548,incendio,-7.1757,-76.364
73549,incendio,-5.7134,-75.8711
73555,incendio,-8.1334,-77.1066
73563,incendio,-5.705,-75.781
73564,no_incendio,-6.377187733554232,-75.74684740899566
73574,no_incendio,-6.595830198454336,-76.87085544617783
73583,no_incendio,-6.831471934568246,-75.7875932896481
73585,incendio,-7.5647,-76.3502
73586,incendio,-8.0548,-76.6628
73593,no_incendio,-7.1816270512499,-75.96620433389496
73596,no_incendio,-6.467024106480507,-77.27299313997005
73598,no_incendio,-7.415686202537784,-75.85189468645096
73606,no_incendio,-6.466287697296756,-75.7075752786908
73613,incendio,-6.1076,-75.7743
73619,no_incendio,-6.5595763365562565,-76.28954943551798
73625,no_incendio,-7.443277568920015,-75.95948688269024
73632,no_incendio,-5.6492373233613264,-76.13173612706044
73633,no_incendio,-7.53821724475927,-77.34792258266398
73639,no_incendio,-5.557069716448366,-75.65393079947539
73642,incendio,-5.7082,-76.4628
73647,incendio,-6.734,-76.367
73652,no_incendio,-6.4776266103105895,-77.14737002070362
73655,incendio,-6.4316,-76.5025
73656,no_incendio,-5.717584209483326,-76.19353141249358
73665,no_incendio,-5.592210127252981,-76.33273124508551
73675,incendio,-5.9705,-77.024
73682,no_incendio,-5.437451651862052,-75.53119555354411
73684,no_incendio,-6.469524270312644,-76.04017356223993
73686,incendio,-7.0103,-76.272
73706,no_incendio,-6.902373213948052,-75.80243684170989
73712,no_incendio,-6.30212067741681,-77.20947071632679
73718,incendio,-7.4136,-76.7799
73724,no_incendio,-6.539751025490163,-75.79612657062603
73725,incendio,-7.2099,-77.0309
73728,incendio,-7.5425,-76.6094
73730,incendio,-8.2513,-76.5155
73761,no_incendio,-6.154726709997222,-75.55076367684507
73766,incendio,-6.873,-76.5003
73772,no_incendio,-7.3680402233360685,-75.9380390323052
73785,incendio,-7.403,-76.5351
73789,no_incendio,-6.010451782777754,-76.65548557621318
73793,no_incendio,-5.697810915881694,-77.41114667224156
73820,incendio,-6.8264,-76.1475
73827,no_incendio,-6.476981187398421,-77.32105808807076
73831,incendio,-6.2217,-76.3373
73837,incendio,-7.2528,-76.2531
73846,incendio,-7.8587,-75.5074
73851,incendio,-7.3011,-76.6325
73854,no_incendio,-7.349457434232458,-77.2287510721594
73857,no_incendio,-5.673007856969957,-76.8124122789181
73860,incendio,-7.2807,-76.2313
73875,no_incendio,-6.925307344468632,-76.89098262738764
73881,no_incendio,-6.806373584205248,-76.84212620311408
73899,incendio,-5.3156,-76.4638
73900,no_incendio,-5.65117658577255,-75.62263099163508
73906,incendio,-6.8367,-76.4912
73907,no_incendio,-7.180456049019163,-77.4128118764767
73910,incendio,-8.1976,-77.3504
73914,incendio,-6.0667,-76.2796
73915,incendio,-6.8401,-76.2085
73921,incendio,-6.8517,-76.7951
73923,incendio,-7.8408,-76.7031
73924,no_incendio,-6.729750349853759,-76.12381275287323
73931,no_incendio,-5.877091540669871,-76.18474625697182
73933,incendio,-6.2016,-75.8624
73939,incendio,-6.7685,-76.2204
73941,no_incendio,-6.107287203943645,-77.4216594793923
73949,incendio,-6.0349,-76.9765
73955,no_incendio,-5.501399945972402,-76.12442406721492
73965,incendio,-8.4882,-77.1722
73967,no_incendio,-6.729488491648472,-77.03653906594069
73972,no_incendio,-6.939438225282601,-76.80786345912996
73973,incendio,-7.9956,-77.532
73978,no_incendio,-5.559447141003816,-77.53240429845073
73985,incendio,-5.8685,-76.2553
74001,no_incendio,-5.940833223348477,-76.76215332326328
74007,incendio,-7.3186,-76.9309
74012,no_incendio,-7.516228282019169,-75.89484036620722
74018,no_incendio,-5.817722164420606,-76.05024701906109
74026,incendio,-7.3581,-76.7289
74030,no_incendio,-5.40191525194851,-77.41832441514279
74032,no_incendio,-5.404889796153065,-75.52356189843724
74041,incendio,-7.1022,-76.9652
74046,no_incendio,-7.585660689069584,-77.39009094478008
74051,incendio,-7.5286,-76.4821
74053,no_incendio,-6.114431837075887,-77.3791914454974
74054,no_incendio,-6.000204117931503,-75.8006198806344
74060,incendio,-6.9577,-76.663
74064,no_incendio,-5.592843733729189,-75.8469852314677
74070,no_incendio,-5.776890989468168,-77.17544694472763
74071,incendio,-7.1679,-76.048
74074,no_incendio,-5.743346331540995,-77.34641722204898
74077,incendio,-7.2363,-76.695
74082,incendio,-8.4578,-76.4614
74084,no_incendio,-5.688886934346843,-77.36422749238871
74086,incendio,-6.809,-76.0914
74088,no_incendio,-5.489933874106546,-75.58847645544046
74094,no_incendio,-7.147843120370421,-77.31448550971452
74114,no_incendio,-7.4956026077562194,-75.88194640156598
74115,no_incendio,-7.231011309310447,-75.93574719856538
74128,no_incendio,-6.788644402631232,-76.08655221338569
74131,incendio,-6.9334,-76.6267
74139,incendio,-6.8143,-76.6304
74148,incendio,-7.1297,-76.5789
74153,no_incendio,-6.581475655282046,-76.92813918096854
74161,no_incendio,-5.35676217428481,-77.05123070886248
74167,incendio,-7.3566,-76.6008
74171,incendio,-7.0793,-76.3567
74172,incendio,-8.5088,-75.5374
74174,incendio,-8.4097,-76.3
74177,no_incendio,-7.3820884546139,-76.13227467193721
74178,incendio,-8.4052,-76.2561
74180,no_incendio,-6.575273134907994,-75.71241319767115
74181,no_incendio,-5.592798700137297,-76.77202119029057
74187,no_incendio,-6.191430391246121,-75.84894878803162
74188,incendio,-5.5477,-75.841
74196,incendio,-6.7133,-77.5681
74198,incendio,-5.6714,-75.8676
74202,no_incendio,-6.467906945467672,-76.60396630033286
74204,incendio,-7.2524,-76.4479
74212,no_incendio,-6.742426821485937,-75.840077033376
74220,incendio,-8.1911,-76.5202
74221,incendio,-7.4713,-77.6826
74223,no_incendio,-7.03159653116471,-76.48526719545968
74224,incendio,-7.2855,-76.4448
74230,incendio,-6.7871,-76.4738
74231,incendio,-8.5497,-76.5316
74232,no_incendio,-5.9287884158970305,-76.31836219337158
74235,no_incendio,-5.619078612722898,-77.11864599715891
74238,no_incendio,-7.332916187784927,-76.99914864296008
74240,incendio,-6.5608,-75.6165
74247,incendio,-6.3221,-75.8406
74249,incendio,-8.575,-77.7871
74254,incendio,-6.7782,-76.4024
74263,incendio,-7.1206,-77.0607
74268,no_incendio,-6.142530239499738,-77.15463621788837
74275,incendio,-6.5913,-75.6399
74276,incendio,-8.5463,-77.5213
74280,no_incendio,-5.991137723964122,-76.34230982809156
74284,no_incendio,-6.5080063012359775,-75.67913673399867
74289,no_incendio,-6.91975600968376,-77.05871610020544
74294,no_incendio,-6.550462961960492,-75.75305667586812
74295,no_incendio,-5.676274225134516,-77.28318396900629
74296,no_incendio,-5.4560539889311706,-76.17543571338655
74298,no_incendio,-6.746503515167967,-76.72857236085679
74300,incendio,-6.8605,-76.7655
74304,incendio,-7.1359,-76.5167
74309,no_incendio,-5.541112522183527,-75.99676308138659
74314,incendio,-5.7517,-76.5193
74315,incendio,-6.9116,-76.7695
74317,no_incendio,-5.6946907884119335,-77.24486008489458
74318,no_incendio,-5.817915770948317,-76.5754230586692
74334,no_incendio,-7.230008103453095,-76.43726823574747
74342,incendio,-5.839,-76.2929
74350,no_incendio,-5.634222890340759,-76.43789808900263
74354,incendio,-6.1457,-77.1049
74361,no_incendio,-7.3045123106112335,-75.99723406684437
74365,incendio,-8.5286,-77.0454
74366,no_incendio,-6.344738730281884,-77.28085925820518
74372,no_incendio,-6.167876331105529,-76.10362029847187
74375,no_incendio,-6.1290157028955905,-75.56386178427238
74384,incendio,-6.7315,-76.5863
74389,no_incendio,-5.855822399079694,-75.69747959221154
74390,incendio,-8.3633,-77.6676
74396,no_incendio,-7.117688925300616,-76.79094679252412
74398,no_incendio,-6.237007995955339,-77.29653920345977
74400,no_incendio,-6.3737423006602185,-77.16577350376646
74406,no_incendio,-5.300946297144839,-75.60535100286195
74407,no_incendio,-5.911980434774437,-76.07407858450021
74408,no_incendio,-6.042654757587567,-77.19311977162722
74422,incendio,-6.425,-75.7224
74425,no_incendio,-6.895202578534257,-77.04341617849329
74426,incendio,-6.8649,-76.1545
74436,incendio,-7.1272,-76.5007
74443,no_incendio,-6.668348976590427,-75.85167744687278
74444,incendio,-7.2834,-76.4403
74450,incendio,-6.4938,-76.4804
74459,no_incendio,-5.306363621970229,-76.4042560042154
74466,incendio,-7.0519,-76.1742
74467,incendio,-6.5747,-77.4849
74471,incendio,-7.227,-76.7514
74476,no_incendio,-6.7133301961826755,-75.60854075962672
74477,incendio,-6.7792,-76.6426
74486,no_incendio,-6.061127541678445,-77.3300358732125
74489,no_incendio,-5.9662110608255166,-76.6749771357585
74493,no_incendio,-6.490435100183895,-76.04212659409674
74501,no_incendio,-5.931410128051382,-77.48442078407336
74503,incendio,-6.1699,-76.0882
74510,no_incendio,-5.62140995348484,-75.55506281291692
74513,no_incendio,-5.709919403753175,-77.18915952963572
74515,no_incendio,-5.590954776196541,-75.61262101600937
74516,no_incendio,-7.407523974858453,-76.05767195335137
74520,incendio,-6.9487,-76.8889
74527,no_incendio,-6.329066895240967,-77.1289458150613
74530,no_incendio,-6.376726836973272,-77.35752912688064
74542,incendio,-6.5231,-76.7597
74546,incendio,-5.9693,-76.3026
74548,incendio,-7.1391,-76.3669
74575,no_incendio,-6.890502660955485,-77.28521359628384
74576,incendio,-7.1406,-76.6656
74581,no_incendio,-6.976092489979531,-77.35059361204593
74584,no_incendio,-7.464747955714223,-77.39760066868617
74586,incendio,-7.2097,-76.5917
74587,incendio,-5.9941,-77.0617
74594,no_incendio,-5.4181719579024135,-75.50050796250098
74601,no_incendio,-5.623910890735348,-76.17784532456557
74602,incendio,-6.8668,-76.957
74605,incendio,-6.3149,-75.8596
74608,no_incendio,-6.737005253880685,-76.23738700424346
74610,incendio,-6.5225,-76.7065
74632,no_incendio,-6.1400329007098495,-75.77782950002863
74634,incendio,-6.0365,-76.9658
74638,no_incendio,-5.668562711065817,-75.61105576661728
74639,incendio,-7.0777,-76.2846
74644,incendio,-6.868,-76.6611
74650,incendio,-6.5345,-75.7223
74651,no_incendio,-7.598815609951342,-76.55148080072048
74652,no_incendio,-5.979841635996528,-76.6401626019796
74654,no_incendio,-7.413823551899182,-76.79124540072256
74659,no_incendio,-5.4413145466471375,-75.67581913987242
74662,incendio,-5.9451,-77.3056
74677,incendio,-7.4555,-76.398
74686,no_incendio,-7.0287390386317705,-77.03724597379518
74698,incendio,-7.0011,-76.8902
74707,no_incendio,-6.884683844966387,-77.48590774056447
74709,no_incendio,-5.850016350483484,-76.02355428985733
74711,incendio,-7.2927,-76.6771
74715,incendio,-5.6657,-77.2874
74717,incendio,-6.7413,-77.43
74718,incendio,-7.2515,-76.1956
74722,no_incendio,-6.882432262080377,-75.90126287963834
74733,incendio,-7.5692,-76.5077
74735,incendio,-8.6667,-76.9471
74742,incendio,-8.0544,-76.6617
74751,no_incendio,-6.252480366224789,-76.488140203218
74753,no_incendio,-7.181055082013443,-75.60676210722922
74765,no_incendio,-7.188428352306568,-77.29319926370498
74769,no_incendio,-7.517938460168555,-75.88430182253087
74776,no_incendio,-7.269040165613338,-76.9103123983766
74778,incendio,-6.4518,-75.8937
74788,incendio,-6.4841,-76.361
74801,incendio,-8.5838,-76.4466
74803,incendio,-6.1795,-76.2185
74805,incendio,-7.3545,-76.2603
74808,incendio,-8.3796,-76.3808
74818,no_incendio,-5.504024274503536,-76.47223087280436
74823,incendio,-6.541,-75.7265
74831,incendio,-7.3064,-77.0246
74833,no_incendio,-5.65117658577255,-75.62263099163508
74842,no_incendio,-7.191225918716162,-75.54734215721196
74843,incendio,-7.248,-76.9241
74847,no_incendio,-5.322335273054225,-75.66988823532402
74852,incendio,-7.5518,-76.637
74855,no_incendio,-7.082226882888392,-75.74798202243628
74856,incendio,-6.5798,-76.4344
74859,no_incendio,-5.852253396123982,-76.5690433745382
74861,incendio,-6.6803,-76.2927
74870,no_incendio,-7.241586175081285,-75.60658029783822
74871,no_incendio,-7.391919899350189,-76.53710558307176
74883,no_incendio,-7.086474485794749,-76.34589785341001
74890,incendio,-7.2209,-76.6713
74893,no_incendio,-5.902840695958739,-77.46595018427229
74895,incendio,-5.7759,-77.2104
74899,incendio,-5.6475,-76.3735
74900,incendio,-7.3069,-76.1363
74903,no_incendio,-7.278083946064159,-76.94290793050806
74913,incendio,-6.8678,-76.857
74917,incendio,-7.1266,-76.0623
74921,no_incendio,-7.496183267870244,-76.2066364757035
74926,incendio,-5.827,-76.227
74936,no_incendio,-6.152183459458481,-75.52419970077695
74939,no_incendio,-5.356858559279738,-76.9184573866197
74947,incendio,-8.5388,-77.2926
74950,no_incendio,-6.446999968584335,-76.20534088443561
74951,incendio,-6.8272,-76.8759
74954,incendio,-5.499,-75.8618
74955,incendio,-7.0901,-76.6997
74964,incendio,-7.3312,-76.4051
74976,no_incendio,-6.851346088597758,-76.87565472102605
74978,no_incendio,-6.246302114010693,-75.65691913180889
74979,incendio,-8.0551,-75.6027
74980,no_incendio,-7.038481344593258,-77.380855509791
74981,incendio,-7.3194,-76.6493
74982,incendio,-6.1409,-76.1076
74984,incendio,-6.7693,-76.461
74989,incendio,-7.1574,-76.4797
74992,no_incendio,-7.433177363041198,-76.83037064638081
74993,no_incendio,-5.957368180282539,-76.7498768526133
75007,no_incendio,-6.501773263941807,-76.20873227680231
75008,incendio,-7.4001,-76.8441
75013,no_incendio,-5.983810951819396,-76.22464105692707
75029,incendio,-6.8753,-76.4801
75041,incendio,-5.8113,-76.0257
75055,no_incendio,-5.69836641593065,-75.72287872908569
75057,no_incendio,-5.69836641593065,-75.72287872908569
75066,no_incendio,-6.727424984115921,-76.66756072308013
75084,incendio,-6.6562,-75.5801
75085,no_incendio,-6.23470396402255,-76.94332145347941
75100,no_incendio,-6.60024344042182,-76.28088372901857
75104,no_incendio,-6.081931713189248,-77.21688851873837
75105,no_incendio,-6.1305152501535805,-77.20692971202396
75106,no_incendio,-5.778538304462726,-77.27874829265495
75108,no_incendio,-6.459421110313875,-76.2975020951517
75111,no_incendio,-7.527307126647749,-77.12744201881532
75113,no_incendio,-5.807017349001207,-75.61769536103809
75114,incendio,-6.7891,-76.5036
75118,no_incendio,-5.937825755560712,-77.54131014900841
75123,no_incendio,-7.511017054186108,-77.44217334143556
75139,no_incendio,-6.23470396402255,-76.94332145347941
75145,no_incendio,-5.807577699425627,-76.1341890618069
75146,no_incendio,-6.664383213747135,-77.16631140190985
75150,incendio,-6.896,-76.7389
75156,no_incendio,-6.521871195981789,-77.46615975017302
75164,incendio,-5.7205,-77.4054
75168,no_incendio,-7.418424547998998,-76.17005591082113
75173,no_incendio,-6.360992764006292,-76.04618947762197
75174,incendio,-7.235,-76.9787
75177,incendio,-7.2382,-76.0999
75184,incendio,-5.8901,-76.1213
75185,no_incendio,-5.798404361194972,-75.81527300196596
75197,no_incendio,-5.853989818371729,-76.78866763757419
75211,incendio,-7.6066,-76.6196
75244,no_incendio,-7.389808722529589,-77.07301560245696
75246,no_incendio,-7.126729071613174,-77.02628949920283
75258,incendio,-6.8863,-76.2755
75260,no_incendio,-6.691563595236893,-77.51228272707279
75262,incendio,-6.8278,-76.4215
75275,no_incendio,-5.800895908311601,-76.62831443275236
75282,incendio,-7.3144,-75.5878
75287,no_incendio,-7.298951884711561,-75.8714337322258
75290,incendio,-7.2906,-76.7208
75295,incendio,-5.7412,-76.4035
75296,no_incendio,-6.1922155906112035,-75.54995561422898
75298,incendio,-6.998,-76.3224
75303,no_incendio,-7.346936014424016,-77.24612328998047
75304,no_incendio,-6.57344451362061,-75.98407882587051
75309,incendio,-6.6513,-76.7172
75316,no_incendio,-5.465881437617145,-76.83346258647516
75317,no_incendio,-6.509338593690795,-76.81131065559471
75330,incendio,-7.1048,-76.3053
75332,incendio,-6.3444,-76.0695
75333,incendio,-7.5409,-76.485
75346,no_incendio,-7.583028139538337,-75.69881965938345
75350,incendio,-6.727,-76.4627
75351,incendio,-7.5006,-76.4502
75353,no_incendio,-6.564501887155676,-77.03630061279952
75364,incendio,-6.2043,-75.8226
75366,no_incendio,-5.618910457397299,-76.39046295133087
75374,no_incendio,-7.38891296125344,-75.60819465870141
75386,no_incendio,-6.1245241179034995,-75.6853524981565
75395,incendio,-8.5353,-76.3271
75396,incendio,-7.3667,-76.6558
75404,no_incendio,-6.6308882191110055,-76.3915553322726
75406,incendio,-5.881,-76.573
75409,incendio,-6.6895,-76.6258
75410,incendio,-7.1071,-76.7925
75414,no_incendio,-6.298293571652661,-77.13696872816753
75416,no_incendio,-7.427821513315094,-77.09535827635182
75419,no_incendio,-6.1400329007098495,-75.77782950002863
75420,no_incendio,-6.545046135469808,-77.4695217022142
75422,incendio,-6.6557,-76.6976
75427,no_incendio,-6.452984723571151,-76.97534564539009
75428,incendio,-8.5385,-75.5928
75432,no_incendio,-6.937667134670242,-75.79567614590403
75435,incendio,-6.7851,-76.6143
75439,incendio,-8.0578,-76.5708
75445,no_incendio,-6.125949661803806,-77.27004912325427
75446,no_incendio,-5.992720265748597,-76.93502157829727
75449,no_incendio,-6.948889791528075,-76.04658173737485
75455,no_incendio,-6.007162927883913,-76.5503319635523
75457,no_incendio,-6.3028561898427915,-76.27802291650278
75461,incendio,-5.9,-76.2888
75462,no_incendio,-5.8570726019942425,-76.40667258173919
75475,incendio,-8.68,-76.1763
75480,no_incendio,-6.671397085491674,-75.72724206195927
75482,no_incendio,-6.859218995881019,-77.3454749772902
75486,incendio,-7.2796,-76.8254
75487,no_incendio,-6.224891744973302,-76.55796574558396
75502,incendio,-6.6046,-76.6532
75503,no_incendio,-5.899739172279481,-75.62561076754551
75517,incendio,-6.185,-76.007
75524,no_incendio,-7.320681720418793,-75.65489361084256
75537,no_incendio,-7.417563984884952,-75.87074126776271
75538,incendio,-6.5743,-76.4363
75542,no_incendio,-6.649475670478298,-75.86589242526365
75547,no_incendio,-7.371625145918922,-75.70238603258082
75548,incendio,-6.909,-76.9248
75549,no_incendio,-6.3446202047318385,-76.95859715825664
75550,no_incendio,-6.606517162327486,-77.4629258839616
75552,no_incendio,-5.82959967672257,-76.87944620579347
75559,no_incendio,-6.331956733542304,-77.5021084607029
75562,no_incendio,-5.353246300739066,-75.96334736686653
75564,incendio,-8.6948,-76.3103
75565,no_incendio,-6.55608499725218,-75.9034092368513
75574,no_incendio,-6.946999930209273,-76.16347768392615
75575,incendio,-5.9286,-76.2172
75592,incendio,-5.7138,-76.3038
75606,no_incendio,-7.3239429065406565,-75.71625724817507
75613,incendio,-6.4502,-76.5693
75621,incendio,-6.238,-75.7999
75623,no_incendio,-6.442705023956996,-76.30481606512446
75625,incendio,-7.0457,-76.7955
75629,incendio,-6.872,-76.7589
75645,incendio,-5.7432,-77.4837
75650,no_incendio,-6.473718077481412,-77.49661278682977
75651,incendio,-7.2926,-75.5785
75655,incendio,-6.3616,-76.4628
75664,no_incendio,-6.931842163036034,-76.53424888448937
75678,incendio,-6.5653,-75.6028
75679,incendio,-6.038,-76.966
75687,incendio,-5.6756,-76.2134
75689,incendio,-7.3267,-76.7028
75696,no_incendio,-6.328050055589178,-77.0850887708193
75701,no_incendio,-6.79327379780416,-76.83578661930616
75711,incendio,-5.866,-77.1077
75725,incendio,-7.3536,-76.5213
75750,no_incendio,-5.783942671800878,-75.80670959767819
75751,incendio,-6.1823,-77.0992
75754,incendio,-6.8292,-76.5844
75757,incendio,-5.8455,-76.035
75759,incendio,-7.0915,-76.9957
75760,no_incendio,-6.836006339265761,-75.80496615427175
75762,incendio,-7.1951,-76.3939
75767,no_incendio,-7.396293728832261,-76.90325278525978
75769,incendio,-7.0042,-76.5845
75772,incendio,-7.1033,-77.6568
75783,no_incendio,-6.545436147892791,-76.30829128869237
75790,no_incendio,-5.728382445396997,-77.12017555927592
75791,incendio,-6.5027,-76.3671
75794,incendio,-5.7735,-76.5544
75806,incendio,-8.172,-76.3488
75812,no_incendio,-7.527307126647749,-77.12744201881532
75813,no_incendio,-7.194516291616842,-75.52995016380477
75820,no_incendio,-7.324122621539671,-77.54410654355205
75824,incendio,-5.9101,-76.3272
75825,no_incendio,-6.671397085491674,-75.72724206195927
75827,incendio,-6.1428,-77.0977
75830,no_incendio,-6.545436147892791,-76.30829128869237
75846,no_incendio,-6.261651230164631,-76.51434688238852
75849,incendio,-6.8858,-76.3569
75857,no_incendio,-6.124908546496211,-75.75141276131208
75863,no_incendio,-6.696114207645428,-77.01139322381492
75864,no_incendio,-6.196964522662709,-75.9856312995938
75867,incendio,-7.0514,-77.5807
75870,incendio,-6.8233,-76.5319
75877,incendio,-7.5181,-76.4989
75887,no_incendio,-7.579867389663157,-75.5999817001758
75891,no_incendio,-6.388532043555506,-76.84726928607184
75897,no_incendio,-7.237010441563305,-76.53847008307255
75900,no_incendio,-7.311847282906321,-76.59060620233514
75902,incendio,-8.5352,-75.6221
75905,incendio,-8.0207,-77.775
75908,incendio,-5.8324,-75.9903
75912,incendio,-8.3586,-76.3327
75917,no_incendio,-6.94690710912819,-75.63438003182783
75923,no_incendio,-6.342272331916268,-77.0355540401251
75927,no_incendio,-7.083533851815549,-75.86202426996425
75930,no_incendio,-5.784820775425025,-76.88322925526231
75941,incendio,-6.3132,-75.8915
75960,no_incendio,-7.468966943240149,-76.0987072289364
75964,no_incendio,-5.631534863423365,-75.5444078955286
75972,no_incendio,-7.230653311251528,-76.66188363656903
75977,incendio,-7.1217,-76.9871
75978,no_incendio,-5.306306841629591,-77.15046908916776
75981,incendio,-5.7998,-77.0564
75987,no_incendio,-6.5878777950259835,-76.78969667476908
75990,no_incendio,-5.62998043999866,-76.34952477053923
75999,incendio,-5.8373,-76.2831
76000,no_incendio,-7.192676000546934,-77.13476748134192
76002,no_incendio,-5.5084858154243905,-75.90684850496002
76007,no_incendio,-6.4776266103105895,-77.14737002070362
76009,incendio,-6.5226,-76.2333
76010,no_incendio,-5.966007765722613,-76.02339603474364
76013,no_incendio,-7.292676783205119,-75.82456526450503
76016,incendio,-6.8094,-77.0362
76019,incendio,-6.4846,-76.374
76034,no_incendio,-6.9338065388714725,-77.51645275784907
76037,incendio,-7.6863,-76.5156
76041,no_incendio,-5.977893424293853,-76.86544215043895
76052,no_incendio,-6.645538690996345,-76.24231505313135
76053,no_incendio,-6.447996016247126,-77.41234607167007
76059,no_incendio,-5.399746644332469,-76.68187059720576
76061,no_incendio,-7.289453419528988,-76.70433724655702
76064,incendio,-7.7359,-76.5489
76073,incendio,-7.5295,-76.5509
76078,incendio,-6.2282,-76.105
76079,incendio,-7.2232,-76.6754
76084,incendio,-8.4038,-76.3556
76086,no_incendio,-6.001439366513391,-76.98820534580602
76091,incendio,-5.3673,-76.7804
76097,incendio,-7.2226,-76.9947
76105,no_incendio,-6.736884280770205,-76.9775738185435
76108,no_incendio,-6.234614825176705,-77.3723732006722
76114,incendio,-7.3566,-76.6505
76115,incendio,-8.6797,-76.2961
76131,no_incendio,-5.612907306182736,-76.9815155721773
76135,no_incendio,-6.75147932991093,-77.49824320852836
76138,no_incendio,-6.253426709313807,-77.08659131097349
76139,incendio,-5.9461,-77.3091
76149,no_incendio,-5.5750859368578904,-77.18888026677212
76151,incendio,-7.3497,-76.2889
76177,no_incendio,-6.847566209472291,-76.01427208406653
76178,incendio,-6.5911,-76.4267
76182,incendio,-5.3124,-75.7126
76183,no_incendio,-6.109182329794082,-77.41759375115069
76189,no_incendio,-6.421249722496318,-77.04956463628945
76210,no_incendio,-6.419303415409308,-76.60326031264454
76212,incendio,-5.8393,-75.9598
76214,no_incendio,-6.238571072533694,-75.50795501172155
76222,no_incendio,-7.179164728014299,-77.26673458504925
76224,incendio,-6.6619,-76.3433
76232,incendio,-7.4246,-76.4249
76235,no_incendio,-7.424353792615787,-75.73269651500266
76237,incendio,-8.6471,-76.9206
76238,no_incendio,-7.021631546381363,-76.8111659595044
76240,incendio,-8.6802,-76.9173
76243,no_incendio,-5.3689055308415,-76.62344622964636
76251,no_incendio,-6.961563570088446,-77.02222304631809
76255,no_incendio,-7.120064283943195,-75.80694277231363
76259,no_incendio,-6.180704652480343,-76.89113580194854
76262,no_incendio,-5.826125398643272,-77.25978841596924
76268,incendio,-8.568,-76.2697
76285,incendio,-5.309,-76.4515
76290,no_incendio,-6.230021779466632,-76.57667653530646
76307,no_incendio,-5.597606844130151,-77.20494533983178
76324,no_incendio,-7.52002816732032,-76.85728021112728
76330,incendio,-7.4462,-76.5715
76333,no_incendio,-7.208457886315255,-75.76495343289794
76337,no_incendio,-6.905350281771543,-75.85773993313076
76342,no_incendio,-7.1291364623253095,-77.04904307212506
76343,no_incendio,-6.416369783766856,-77.46099434503463
76344,incendio,-7.2574,-76.9227
76351,no_incendio,-5.599508739006035,-77.02715299547113
76357,no_incendio,-7.322683908671553,-75.62004317838583
76360,no_incendio,-5.8865689459398265,-76.75744878565837
76366,no_incendio,-7.3912095148136645,-77.03017853882585
76368,no_incendio,-5.839270188717535,-77.49668062311541
76378,incendio,-8.0708,-76.6081
76379,no_incendio,-6.063333052679301,-77.2619056071794
76381,no_incendio,-6.058614954402865,-77.02772742113605
76387,no_incendio,-5.719203795161454,-76.0632701523621
76388,incendio,-6.8322,-76.9749
76394,incendio,-6.3961,-75.9203
76395,incendio,-7.069,-77.6151
76396,incendio,-7.2242,-76.7848
76398,incendio,-7.2702,-76.3926
76400,incendio,-6.9794,-76.8506
76426,incendio,-5.8512,-76.3695
76435,no_incendio,-6.199800156726071,-75.87903812084684
76438,no_incendio,-7.1177362428646065,-76.37652093563999
76443,no_incendio,-7.228019173352536,-75.83265543127759
76446,incendio,-6.0701,-75.8429
76451,no_incendio,-5.979395848987274,-75.81605060669331
76454,incendio,-6.3851,-76.5371
76456,no_incendio,-5.658319059596408,-76.83137069764533
76457,no_incendio,-5.662370106905432,-77.07535731755083
76458,no_incendio,-6.081693229189671,-76.04554760839422
76459,incendio,-6.6037,-77.3777
76466,no_incendio,-6.156942123129494,-76.92567844755888
76474,no_incendio,-7.128591277381194,-76.12302141097119
76479,incendio,-6.5299,-75.6636
76481,no_incendio,-7.443039567738179,-76.77872704096883
76482,incendio,-6.7162,-76.5075
76487,no_incendio,-5.772447993979731,-76.76825761036689
76493,incendio,-6.8256,-76.3752
76502,no_incendio,-6.402507911708669,-75.63264270737905
76503,incendio,-7.2684,-76.3705
76504,incendio,-8.1873,-76.6354
76510,no_incendio,-5.576401103022335,-75.65589793985158
76514,no_incendio,-7.225892265359727,-76.0093087691897
76518,no_incendio,-5.702740983602372,-76.82721339280745
76522,incendio,-6.9479,-76.5946
76529,no_incendio,-6.113161344070998,-75.7616050051639
76533,incendio,-7.3191,-76.7067
76536,incendio,-8.543,-76.9849
76538,no_incendio,-5.374792945857664,-76.16703847894121
76539,incendio,-5.8408,-76.4541
76544,no_incendio,-5.3699868320408415,-75.54453001162278
76546,no_incendio,-5.636338028013915,-75.57133657890496
76552,no_incendio,-5.3710451194982705,-76.93190460506545
76557,no_incendio,-7.257184386198285,-77.16794482130089
76565,incendio,-6.0652,-76.3128
76566,incendio,-8.1901,-76.5161
76571,incendio,-6.5591,-77.402
76578,no_incendio,-6.837715299233529,-76.43410363134704
76583,no_incendio,-7.579948204047341,-77.15279486128607
76585,no_incendio,-6.158099214586715,-77.01707847694989
76601,no_incendio,-5.952502510545931,-77.35100051203952
76604,no_incendio,-6.068535480190217,-76.55604968607116
76608,incendio,-5.7888,-76.1188
76615,incendio,-6.3636,-76.6494
76624,no_incendio,-5.531829894689132,-76.40956278563966
76625,no_incendio,-7.377346584054845,-77.21066750842841
76629,no_incendio,-6.006937780860308,-77.45432250461575
76630,incendio,-8.2225,-76.5866
76635,no_incendio,-6.441502518699965,-76.95262753749782
76637,no_incendio,-5.899739172279481,-75.62561076754551
76640,no_incendio,-5.388346448693102,-76.72150148992378
76642,incendio,-6.0133,-76.2556
76650,no_incendio,-7.446777051363318,-75.55823277277759
76652,incendio,-6.594,-75.6138
76659,incendio,-8.3934,-75.5414
76660,no_incendio,-5.5750859368578904,-77.18888026677212
76672,incendio,-5.8461,-76.246
76684,no_incendio,-5.900355019577343,-76.50972621036057
76687,no_incendio,-6.644983818759033,-76.97235660144274
76694,no_incendio,-5.403821247036303,-76.32388095777216
76697,no_incendio,-6.271888529403575,-75.79765684657775
76702,incendio,-5.9484,-76.4627
76705,incendio,-8.3569,-76.5696
76713,incendio,-7.0207,-76.2166
76721,incendio,-7.6112,-76.6395
76731,no_incendio,-6.254046612679011,-76.94445690037632
76733,no_incendio,-6.2190640726250495,-76.93105958473025
76749,incendio,-5.7666,-77.5363
76750,incendio,-7.3925,-76.808
76755,no_incendio,-6.91125023193162,-75.71323576883934
76776,no_incendio,-6.2062844027818835,-77.2816967062703
76788,incendio,-8.6513,-76.1579
76798,no_incendio,-7.4500171761306255,-77.030145813453
76799,incendio,-6.9429,-76.9167
76802,no_incendio,-6.377843437674785,-75.69894560383477
76805,incendio,-6.3528,-76.0633
76806,incendio,-8.4391,-76.5042
76808,incendio,-6.0295,-76.8404
76815,incendio,-7.2745,-76.1437
76818,no_incendio,-5.965105049339228,-76.99859959497034
76824,no_incendio,-6.1665878520573445,-76.32949299308113
76834,no_incendio,-5.5280435147957645,-75.64292390382334
76837,incendio,-8.4565,-76.2425
76839,no_incendio,-5.873379709990288,-76.87246737784963
76841,no_incendio,-6.156050459707027,-75.66218917207854
76843,incendio,-6.9443,-76.9155
76847,incendio,-6.1058,-75.9842
76855,incendio,-6.9771,-76.3616
76860,no_incendio,-7.180456049019163,-77.4128118764767
76861,no_incendio,-6.044769424983038,-75.50599138370771
76869,incendio,-6.5806,-75.9831
76871,incendio,-6.7576,-76.6834
76874,no_incendio,-7.465611055003252,-76.84521972476566
76880,no_incendio,-7.247461423234719,-75.57023459371909
76881,incendio,-5.7864,-76.3452
76882,no_incendio,-7.149862558736682,-77.09989679523933
76897,incendio,-5.7428,-76.4721
76907,incendio,-6.3439,-76.5385
76914,no_incendio,-5.978554678772024,-77.05499391467558
76919,no_incendio,-6.09585600344774,-76.33181330264762
76926,no_incendio,-5.399995483023551,-76.68244565675566
76943,no_incendio,-6.420478782048784,-76.46157866406858
76955,no_incendio,-7.017817860779479,-76.95461934375838
76965,incendio,-7.6132,-76.4744
76967,incendio,-5.9874,-77.2802
76988,incendio,-6.7532,-76.16
76990,no_incendio,-6.158257803294862,-76.3212307691492
76997,incendio,-6.7515,-77.6512
77004,no_incendio,-5.627556778667622,-77.34202896635587
77010,no_incendio,-5.463870053471811,-75.65012298252523
77012,no_incendio,-6.22075638484601,-75.88403940669497
77019,no_incendio,-7.191634216167984,-77.24664995091142
77022,incendio,-6.1879,-76.2798
77023,no_incendio,-6.881677856423703,-76.53218564204522
77025,no_incendio,-5.945782975612446,-75.78933619991895
77027,incendio,-7.6645,-76.4878
77028,incendio,-7.1473,-76.3806
77031,no_incendio,-7.427821513315094,-77.09535827635182
77034,incendio,-6.6958,-77.3083
77039,no_incendio,-7.342957266001393,-77.22971445809152
77040,incendio,-5.8332,-76.2841
77047,no_incendio,-6.376726836973272,-77.35752912688064
77048,no_incendio,-6.095756407316532,-77.30841425266888
77050,incendio,-7.1782,-76.3852
77052,no_incendio,-6.457184992120814,-76.39442028175577
77057,incendio,-6.7742,-76.6709
77058,incendio,-6.6682,-76.5938
77065,no_incendio,-6.93526933500558,-76.94440022861454
77076,no_incendio,-6.535104750481092,-76.08251249993276
77078,no_incendio,-7.1257388412122395,-76.65392777317454
77082,incendio,-7.6313,-76.5208
77086,incendio,-8.7231,-76.3962
77088,incendio,-6.6175,-76.6688
77093,no_incendio,-7.453299052251447,-77.18508562471676
77098,incendio,-7.3026,-76.9523
77109,incendio,-6.9841,-76.6609
77116,no_incendio,-7.306661299403648,-77.35299757529853
77118,incendio,-6.7772,-76.6241
77120,incendio,-7.1112,-76.3002
77122,no_incendio,-6.380793727295641,-76.36283674136891
77124,no_incendio,-6.808642932215501,-75.79916533133496
77126,no_incendio,-7.4143617918638425,-76.41255499623206
77127,no_incendio,-5.453589681281289,-76.80703530075603
77130,no_incendio,-6.5080063012359775,-75.67913673399867
77138,no_incendio,-6.3480305531769075,-76.22097710185248
77140,no_incendio,-7.5993037570991975,-77.49364640835546
77142,incendio,-7.4408,-76.3847
77149,no_incendio,-7.128591277381194,-76.12302141097119
77155,no_incendio,-6.2190640726250495,-76.93105958473025
77157,no_incendio,-6.727398434306363,-77.48848492382807
77158,incendio,-5.9386,-76.0855
77166,no_incendio,-7.059071853933183,-77.36182930616495
77174,incendio,-6.4187,-76.0548
77177,no_incendio,-7.465611055003252,-76.84521972476566
77178,incendio,-7.2951,-76.6802
77181,no_incendio,-6.190431376100011,-77.10696325685771
77189,incendio,-7.3501,-76.5971
77190,no_incendio,-5.632530971200962,-77.47788862342078
77191,incendio,-5.6851,-77.5468
77193,incendio,-7.254,-76.7798
77194,no_incendio,-7.598815481458372,-76.55352785980209
77207,no_incendio,-7.163128957992517,-77.33946379317482
77212,incendio,-7.1361,-76.9244
77214,no_incendio,-7.3912095148136645,-77.03017853882585
77218,incendio,-6.6232,-76.6636
77244,incendio,-7.5538,-76.1748
77247,no_incendio,-6.737479092914376,-75.52229433355122
77250,incendio,-6.7883,-76.2817
77251,incendio,-7.171,-76.1611
77258,incendio,-5.7423,-77.3333
77269,incendio,-8.7228,-76.2886
77277,no_incendio,-5.826047836193789,-75.74241495339915
77279,incendio,-7.2189,-76.6538
77286,no_incendio,-5.41282052609007,-76.12372064196028
77295,incendio,-5.7428,-76.5714
77299,incendio,-7.5886,-76.5227
77303,no_incendio,-6.224584438282255,-75.96946034534166
77309,incendio,-6.5906,-76.7082
77311,incendio,-5.9055,-77.0155
77323,incendio,-6.8913,-76.5208
77331,no_incendio,-6.722985174451003,-76.39617504365586
77332,no_incendio,-7.221147104950838,-76.3247834569853
77334,no_incendio,-6.337630898858479,-77.22298031852678
77337,no_incendio,-5.49325291733823,-76.90069379643876
77342,no_incendio,-6.702659611656615,-77.00358407805038
77346,incendio,-6.6909,-76.6352
77355,no_incendio,-6.026656147123168,-76.76469510540855
77363,no_incendio,-5.881820929193948,-76.58450370780717
77365,no_incendio,-6.638936461882343,-76.98044793632914
77378,incendio,-6.1832,-76.9831
77381,incendio,-6.5319,-76.4524
77383,incendio,-5.9574,-75.7389
77385,no_incendio,-5.746784627492212,-75.78617751665539
77397,incendio,-6.1726,-76.0058
77398,incendio,-7.2465,-76.5104
77408,no_incendio,-6.1464831206689965,-77.21946152659409
77409,incendio,-6.1064,-75.9782
77419,no_incendio,-5.8980387625082615,-76.75184457790033
77427,no_incendio,-7.401018606692293,-76.00185651713339
77429,incendio,-7.3334,-76.7857
77432,no_incendio,-5.879613359801567,-75.64585304449614
77433,incendio,-7.0461,-76.156
77463,no_incendio,-6.606971151394778,-76.7033258603189
77464,no_incendio,-6.822682837524565,-76.01658832939721
77466,no_incendio,-6.091209382817573,-76.52012958430777
77467,no_incendio,-6.352348321356028,-75.59610164326816
77469,incendio,-5.7727,-76.5196
77483,no_incendio,-6.602549423318465,-77.00681560184587
77485,incendio,-6.1544,-76.3762
77495,no_incendio,-7.510954821403472,-75.50873794050783
77501,no_incendio,-6.176860928999074,-77.24695983873882
77504,no_incendio,-6.44311246702837,-76.64720397145403
77507,incendio,-7.3893,-76.586
77510,no_incendio,-5.919068188390441,-77.36605426382134
77515,incendio,-6.8211,-76.1532
77524,incendio,-7.5548,-76.4876
77525,no_incendio,-5.37157572156011,-76.66234225426679
77528,no_incendio,-5.55191314269425,-76.59129090689653
77536,no_incendio,-6.271360105085483,-77.1474807021895
77537,incendio,-7.0989,-76.6276
77546,no_incendio,-6.480252277374532,-76.96026487670592
77550,incendio,-7.3442,-76.0643
77557,no_incendio,-6.931488241799888,-76.75916732730077
77562,no_incendio,-6.2888093914419265,-77.49498781950011
77566,no_incendio,-5.415931919977412,-76.07079273692673
77576,incendio,-6.6602,-76.7573
77578,incendio,-6.3892,-75.9562
77587,no_incendio,-5.946515429749496,-77.17416988943258
77597,no_incendio,-6.059607457191615,-77.52385870382261
77601,no_incendio,-5.450166959625918,-77.00835031536832
77603,no_incendio,-5.3533499949473,-76.09316908183466
77613,no_incendio,-5.957368180282539,-76.7498768526133
77615,no_incendio,-5.813466395394225,-76.54314458566375
77617,incendio,-7.55,-76.4786
77618,no_incendio,-6.338883523616399,-76.67237416346605
77633,no_incendio,-7.15250800382105,-75.6698884726493
77639,incendio,-6.8774,-76.5557
77642,incendio,-8.3017,-76.6291
77656,no_incendio,-7.301995634610949,-77.3052348248029
77658,no_incendio,-7.006429626529349,-76.40821160101947
77664,incendio,-7.2797,-76.1035
77665,no_incendio,-6.85257481056394,-76.48694884372748
77667,incendio,-7.519,-76.6262
77674,no_incendio,-6.113994500362599,-76.09851389136325
77676,incendio,-6.5759,-75.9738
77677,incendio,-5.8946,-76.3471
77684,incendio,-5.6827,-77.492
77686,incendio,-6.7969,-76.3962
77689,incendio,-5.9144,-75.9188
77690,incendio,-7.1962,-76.2876
77695,no_incendio,-5.902847721330155,-77.17634156149673
77711,incendio,-7.1363,-76.5689
77716,no_incendio,-5.752288568187965,-75.61867904444058
77719,incendio,-5.9081,-76.4259
77725,no_incendio,-5.715611122341353,-76.65563746255786
77728,no_incendio,-7.303312729127354,-76.61404906596543
77730,no_incendio,-6.1174086914739405,-75.65121133854548
77731,incendio,-5.3156,-76.484
77737,no_incendio,-6.807430134474803,-77.15267645508325
77747,incendio,-7.6438,-76.6761
77750,incendio,-6.159,-76.2902
77757,no_incendio,-6.726779286673033,-77.03336380719702
77758,no_incendio,-5.532853929708149,-75.98229483983717
77761,no_incendio,-5.322468314170631,-75.77370448714252
77770,incendio,-7.1234,-76.2637
77788,incendio,-6.4913,-76.3779
77798,incendio,-8.1871,-76.5134
77800,incendio,-8.4394,-76.7964
77804,incendio,-7.2131,-76.8201
77810,incendio,-7.2002,-76.2341
77814,incendio,-5.8957,-76.2941
77816,incendio,-7.2434,-76.3101
77823,no_incendio,-5.87094442046127,-77.0385590368228
77828,incendio,-7.1275,-76.8976
77832,incendio,-8.7186,-76.9698
77835,incendio,-5.6791,-76.2114
77838,no_incendio,-7.261878534754229,-75.78596746234152
77843,no_incendio,-6.41045269770062,-76.39156709032302
77849,no_incendio,-6.348815001844065,-75.62878823200789
77856,no_incendio,-6.20119371633988,-76.87236267556213
77858,incendio,-7.4544,-76.61
77864,no_incendio,-7.5110664104038465,-77.48229116680717
77865,incendio,-5.4793,-76.6354
77869,no_incendio,-6.960339111557958,-75.64609550577184
77878,no_incendio,-6.772070251605074,-75.56325029375948
77879,incendio,-7.5305,-76.5625
77881,no_incendio,-6.0631762267283325,-75.67307745253368
77886,no_incendio,-7.450145710800829,-76.90069904701134
77890,incendio,-7.5768,-76.3505
77899,incendio,-7.1325,-76.5701
77901,no_incendio,-6.21624367881249,-77.19573139654543
77905,incendio,-8.7442,-76.0962
77910,incendio,-6.7132,-77.436
77916,no_incendio,-6.68178360604825,-75.8028926974307
77919,incendio,-6.6876,-76.4823
77921,no_incendio,-7.082226882888392,-75.74798202243628
77922,no_incendio,-6.998414939340265,-75.67912715079014
77928,incendio,-7.2536,-76.8299
77930,incendio,-8.7987,-76.2168
77931,no_incendio,-5.632876376439432,-77.16339501604922
77934,no_incendio,-6.446499470618798,-75.63834110129498
77944,no_incendio,-6.850119921397431,-77.18105441991001
77946,incendio,-7.1834,-76.2511
77952,incendio,-6.8257,-76.4334
77954,no_incendio,-6.065422443918369,-76.53775666460226
77956,no_incendio,-5.719203795161454,-76.0632701523621
77960,no_incendio,-6.578202945590633,-76.50501159622002
77961,no_incendio,-7.372261817603296,-77.18654408842619
77968,incendio,-7.3857,-76.378
77973,no_incendio,-5.66978916869293,-75.78583352536694
77984,no_incendio,-5.928392145710498,-76.5403998802667
77988,no_incendio,-5.7630676382897414,-75.77232686505347
77995,no_incendio,-6.594872736761388,-76.81244710228094
77996,incendio,-7.2337,-76.3495
78005,incendio,-6.2679,-76.7713
78009,no_incendio,-6.486581240227174,-76.15835402098138
78018,incendio,-7.1925,-76.8277
78020,no_incendio,-6.489941389218566,-77.30493067442713
78022,no_incendio,-6.726577938090313,-76.92865414529734
78028,incendio,-6.3362,-75.8905
78034,incendio,-7.0293,-77.1001
78035,no_incendio,-5.791181789509089,-77.46024775242152
78038,no_incendio,-6.388532043555506,-76.84726928607184
78039,incendio,-5.9022,-76.4189
78042,incendio,-7.6622,-76.5459
78043,no_incendio,-7.53821724475927,-77.34792258266398
78049,no_incendio,-7.4055258629962415,-75.72836594706017
78053,no_incendio,-6.041174269159521,-76.02071621272385
78061,no_incendio,-6.9398975097013755,-76.27516039033146
78069,incendio,-6.4591,-76.7301
78072,incendio,-8.3355,-76.7584
78078,no_incendio,-6.346021842815813,-77.12333044544714
78087,no_incendio,-7.227645324559791,-75.66978466195862
78092,no_incendio,-5.761894026687926,-76.71626651276603
78099,incendio,-8.1892,-76.5176
78102,no_incendio,-6.396864121936975,-76.4851873457876
78105,incendio,-7.3508,-76.895
78112,incendio,-6.8366,-76.7766
78119,incendio,-8.2378,-76.6247
78120,incendio,-5.7557,-77.1189
78121,no_incendio,-6.768773690834417,-77.41433372649782
78123,no_incendio,-5.432481694931332,-76.47528675292433
78124,no_incendio,-5.661861869647961,-77.46826691295037
78126,incendio,-6.4841,-75.6717
78128,no_incendio,-7.237158680749911,-76.11796356076336
78132,incendio,-6.229,-75.9173
78133,incendio,-7.4084,-76.2612
78136,incendio,-6.7282,-76.4929
78142,no_incendio,-7.142345675518539,-77.26966785367183
78153,no_incendio,-6.86128898258832,-76.74328169561169
78156,no_incendio,-6.446499470618798,-75.63834110129498
78157,incendio,-5.8653,-76.4678
78158,incendio,-6.2278,-76.8493
78159,incendio,-7.2477,-76.2559
78167,incendio,-5.7371,-76.3647
78177,incendio,-8.1296,-77.3611
78183,no_incendio,-7.537645825070388,-77.33447245653781
78185,no_incendio,-7.381880618657335,-75.94449429584121
78189,no_incendio,-5.894385467668769,-75.76933157067977
78193,incendio,-6.1194,-76.2407
78197,incendio,-8.111,-76.688
78199,no_incendio,-5.532971684555294,-77.02280558006699
78211,incendio,-7.2019,-76.8237
78214,no_incendio,-5.544976635100384,-76.33130727413504
78215,no_incendio,-7.23268535501901,-75.71791421763211
78219,incendio,-7.3077,-77.0339
78220,no_incendio,-7.366259215797565,-77.34248619041158
78224,no_incendio,-5.8570726019942425,-76.40667258173919
78229,incendio,-6.2429,-76.8146
78234,incendio,-5.73,-76.1967
78238,no_incendio,-6.006731946927777,-77.23682297893073
78241,no_incendio,-5.936332555331325,-76.83179580754164
78243,incendio,-6.6747,-76.8973
78248,no_incendio,-7.158262650594558,-76.17139715257736
78251,incendio,-6.1216,-75.6983
78252,incendio,-8.585,-77.0334
78255,no_incendio,-6.237093114939267,-75.7117789331342
78256,no_incendio,-6.134775971165761,-75.80907324993491
78265,no_incendio,-6.881562593330813,-75.8556058196226
78268,no_incendio,-6.082611942794017,-76.13491046702575
78275,incendio,-6.3373,-75.8709
78276,no_incendio,-6.994951885754811,-75.90892162040349
78288,incendio,-6.7329,-76.7369
78294,incendio,-5.6874,-76.1668
78295,no_incendio,-7.14999258790223,-77.27323492320696
78305,incendio,-7.3752,-76.7577
78307,no_incendio,-5.8318485799635935,-75.60447702805865
78308,incendio,-5.9173,-76.2093
78314,incendio,-6.8444,-76.9471
78318,no_incendio,-6.5273014114668,-77.07055670023018
78323,incendio,-7.0753,-76.4471
78326,incendio,-6.9402,-76.643
78328,no_incendio,-6.534320491010402,-77.14025833094311
78329,no_incendio,-7.432746895271251,-75.55166284837178
78346,incendio,-7.1506,-77.6997
78347,incendio,-6.8267,-76.5413
78354,incendio,-6.7812,-76.438
78355,no_incendio,-7.53821724475927,-77.34792258266398
78360,no_incendio,-5.544342707790426,-75.8055721541421
78365,incendio,-5.7294,-77.1931
78369,incendio,-7.2715,-76.3947
78371,no_incendio,-5.739545483497391,-76.77757497448552
78376,incendio,-6.892,-76.634
78377,incendio,-5.9404,-76.2801
78381,incendio,-6.9776,-76.3064
78389,incendio,-8.3584,-76.3645
78404,incendio,-8.621,-76.6687
78405,incendio,-8.7303,-76.3364
78419,no_incendio,-5.623597121632923,-75.81781716667395
78437,no_incendio,-7.288317129023355,-76.62295810073671
78448,incendio,-6.8737,-76.9087
78466,no_incendio,-6.165139577023006,-77.17733248367045
78471,incendio,-5.8672,-77.3264
78474,incendio,-6.8682,-76.3881
78481,incendio,-6.8721,-76.6213
78482,no_incendio,-7.381229378022176,-76.50096695875145
78493,incendio,-8.3158,-75.5257
78504,incendio,-7.1182,-76.7402
78505,no_incendio,-5.976563784411299,-76.98024729252694
78506,no_incendio,-6.261893490975904,-75.72805069897333
78509,no_incendio,-7.082610644878744,-76.41583738866235
78516,no_incendio,-6.2062844027818835,-77.2816967062703
78525,incendio,-7.2208,-76.255
78533,incendio,-7.7093,-76.4609
78536,no_incendio,-5.797671068529707,-76.36918688461087
78553,no_incendio,-5.551812739328562,-76.88993137869547
78561,incendio,-6.0889,-76.2247
78569,no_incendio,-7.1816270512499,-75.96620433389496
78570,incendio,-5.8912,-76.1307
78573,no_incendio,-6.649475670478298,-75.86589242526365
78574,incendio,-6.1712,-76.0972
78586,incendio,-6.5321,-75.7259
78588,incendio,-7.4036,-76.7708
78591,no_incendio,-5.733857068651538,-76.80904901377532
78592,incendio,-6.0624,-77.1663
78595,incendio,-6.1775,-75.9646
78600,incendio,-6.583,-76.0015
78614,incendio,-7.1813,-76.8236
78618,no_incendio,-7.06219794136368,-77.49423548665644
78622,incendio,-6.4634,-75.7282
78627,no_incendio,-6.234614825176705,-77.3723732006722
78634,no_incendio,-6.937640475042342,-77.27748942084207
78636,no_incendio,-7.417769459056535,-76.0278387197161
78638,incendio,-7.1892,-76.2731
78640,no_incendio,-6.766715492175258,-75.83761083407144
78641,no_incendio,-7.52002816732032,-76.85728021112728
78642,incendio,-8.1928,-76.5164
78646,incendio,-5.7964,-76.1065
78650,no_incendio,-7.126729071613174,-77.02628949920283
78655,no_incendio,-6.391692174987462,-77.10791126635735
78659,incendio,-8.2049,-77.5529
78664,incendio,-6.9852,-76.5631
78678,no_incendio,-6.726779286673033,-77.03336380719702
78693,incendio,-6.2263,-75.9382
78697,incendio,-7.2506,-76.2635
78708,incendio,-7.0178,-76.3721
78719,no_incendio,-6.979782618165886,-76.34280103633438
78722,no_incendio,-5.693308964023421,-77.38488694411686
78724,incendio,-7.0004,-76.9084
78730,no_incendio,-7.433173670538118,-75.80126897724773
78732,no_incendio,-6.468598557394471,-76.29833017428093
78733,no_incendio,-7.309838483592369,-76.99515991704935
78735,incendio,-8.1465,-76.93
78739,no_incendio,-6.421249722496318,-77.04956463628945
78744,incendio,-5.7405,-77.425
78748,no_incendio,-6.599702785570768,-77.42370077864948
78751,no_incendio,-5.423715260330031,-75.80260147002005
78761,no_incendio,-6.677016361068433,-76.35596462138518
78765,no_incendio,-6.141100932072808,-75.82733820285651
78768,incendio,-7.0521,-76.8129
78770,no_incendio,-7.506850337937736,-76.33686457857513
78775,no_incendio,-7.384008271248504,-77.19420546410333
78779,incendio,-6.1584,-76.3513
78781,no_incendio,-6.775595026700855,-77.38152365692504
78787,incendio,-7.1867,-76.2767
78788,no_incendio,-7.282016752291952,-75.89864347181351
78789,no_incendio,-5.360774716680023,-76.65130740948035
78795,no_incendio,-6.279874050199112,-75.76672987730963
78802,no_incendio,-6.271617281791801,-76.2353167311132
78811,incendio,-5.6916,-76.1719
78814,no_incendio,-7.263705379465793,-77.32787830995856
78820,incendio,-5.9205,-76.4373
78821,no_incendio,-7.267527749331178,-76.00258934511766
78823,incendio,-5.7341,-75.6939
78832,incendio,-6.7542,-77.3747
78836,incendio,-7.4673,-76.5478
78838,no_incendio,-7.309838483592369,-76.99515991704935
78839,no_incendio,-5.807017349001207,-75.61769536103809
78842,no_incendio,-5.946236874350089,-76.42389005389352
78848,incendio,-6.7806,-76.938
78857,no_incendio,-6.230021779466632,-76.57667653530646
78863,no_incendio,-6.735984440425587,-77.00622820601815
78870,no_incendio,-7.079367268286084,-75.74962590729507
78874,incendio,-5.735,-77.3855
78881,incendio,-6.8732,-76.7335
78887,no_incendio,-6.7422463207526135,-76.83728247338428
78890,no_incendio,-7.1741638893032285,-76.17678062296676
78892,no_incendio,-5.572491852376647,-77.28390511193855
78896,no_incendio,-7.213623333493973,-77.17840648744146
78900,incendio,-7.3549,-76.8872
78905,incendio,-5.9538,-76.5043
78920,no_incendio,-5.592455159672106,-77.05696823462097
78925,no_incendio,-6.812854444766214,-76.31590409569822
78935,incendio,-7.1466,-76.3306
78936,no_incendio,-5.6909060907931215,-77.03642215530066
78938,incendio,-6.3644,-76.5973
78960,incendio,-6.8813,-76.2676
78961,no_incendio,-7.1977592020733425,-77.03415799769597
78965,no_incendio,-5.728410969325981,-75.63945067976005
78968,no_incendio,-5.525554080564499,-76.59460332292021
78981,no_incendio,-6.049219022458795,-76.2803636866073
78988,no_incendio,-5.658384235826694,-76.44208065955317
79004,incendio,-8.2694,-76.6585
79011,no_incendio,-6.542252546530441,-76.69178298792589
79018,incendio,-5.8036,-76.0625
79030,incendio,-5.7053,-77.4954
79032,incendio,-7.0242,-76.3007
79036,incendio,-5.8538,-75.9259
79043,no_incendio,-6.217977569363936,-76.69976022852224
79044,incendio,-6.1133,-76.3948
79055,incendio,-6.8967,-76.5329
79058,incendio,-7.522,-76.5043
79069,incendio,-8.505,-76.4019
79071,no_incendio,-5.40191525194851,-77.41832441514279
79074,incendio,-7.5319,-76.2535
79076,incendio,-7.864,-75.5052
79078,incendio,-6.314,-76.024
79080,incendio,-6.807,-76.9139
79088,no_incendio,-6.9213010558098045,-76.33886424086654
79089,no_incendio,-5.992720265748597,-76.93502157829727
79097,no_incendio,-7.480945740497024,-75.88131487548965
79105,no_incendio,-5.482360092898033,-75.75875593827813
79108,no_incendio,-5.648091386764367,-76.0845405608189
79110,incendio,-8.1322,-76.4608
79117,incendio,-7.061,-76.8102
79120,incendio,-6.1908,-75.9322
79124,no_incendio,-6.344738730281884,-77.28085925820518
79127,no_incendio,-7.311635265992554,-75.85999069910886
79130,incendio,-7.459,-76.2402
79146,no_incendio,-7.195118276412429,-75.87773973651454
79151,no_incendio,-7.442941681589652,-76.91434045843735
79152,no_incendio,-6.752634757928031,-76.17079398324987
79154,incendio,-7.3388,-76.3831
79158,incendio,-7.1529,-76.896
79160,incendio,-6.0326,-76.9724
79163,incendio,-7.3999,-76.7773
79168,no_incendio,-6.493784317761262,-77.05282456387818
79171,incendio,-6.4404,-76.4073
79172,incendio,-6.6742,-76.7412
79174,incendio,-8.7954,-76.5828
79178,incendio,-7.5012,-77.3091
79180,incendio,-6.2978,-76.2015
79181,incendio,-6.7186,-76.7283
79182,incendio,-6.7787,-76.4882
79184,no_incendio,-5.703527630485487,-76.04599898833253
79194,incendio,-8.6472,-76.7511
79203,no_incendio,-5.356858559279738,-76.9184573866197
79208,no_incendio,-6.86128898258832,-76.74328169561169
79213,no_incendio,-5.622162432874228,-76.70501966558531
79231,no_incendio,-7.56354574516261,-76.00460014183221
79238,no_incendio,-5.465881437617145,-76.83346258647516
79246,incendio,-8.4242,-76.7504
79249,no_incendio,-6.696116083768962,-76.75572773731696
79250,no_incendio,-6.698529470828457,-76.28501109879417
79252,no_incendio,-6.3280159994888185,-76.39673641063581
79253,no_incendio,-6.344738730281884,-77.28085925820518
79256,no_incendio,-6.617504610391747,-77.25647472773994
79263,no_incendio,-5.974627825335505,-76.8393257597771
79266,incendio,-7.2829,-77.0231
79270,no_incendio,-6.088913958514269,-75.81997218761347
79273,no_incendio,-5.915658751464713,-77.38575524652865
79276,no_incendio,-5.733329701316475,-76.97970479241751
79281,incendio,-7.4311,-76.4613
79286,no_incendio,-6.260923080518788,-75.61074627640608
79290,incendio,-8.4963,-76.5477
79298,no_incendio,-6.0746976290586785,-75.57122315970695
79309,incendio,-7.0335,-77.0662
79315,no_incendio,-5.411399668458163,-77.45717484805428
79321,incendio,-7.3417,-76.239
79323,no_incendio,-7.062719614900722,-75.90547044520231
79326,no_incendio,-6.526663320909917,-76.57498858502044
79331,incendio,-6.7515,-76.6096
79340,no_incendio,-6.1849308797193405,-77.44943428599332
79349,no_incendio,-5.998881730764309,-77.1385121318961
79350,no_incendio,-6.550462961960492,-75.75305667586812
79352,incendio,-7.2153,-76.3159
79361,incendio,-6.9367,-76.8647
79372,no_incendio,-6.574853572826485,-76.0181878348691
79375,incendio,-7.2414,-77.0635
79385,no_incendio,-6.4548358961700885,-76.10226827896288
79387,incendio,-7.1821,-76.9583
79390,no_incendio,-5.921016028711128,-75.70718586514504
79399,incendio,-8.3495,-76.2913
79400,no_incendio,-6.535327617861432,-76.18785766882165
79402,no_incendio,-6.602637416885318,-76.15180908859617
79414,incendio,-7.1683,-76.2846
79415,incendio,-7.2426,-76.2516
79417,no_incendio,-5.847773952672416,-76.45786537475786
79423,no_incendio,-6.28432152037934,-76.79634649877207
79425,incendio,-8.349,-76.7266
79428,incendio,-7.4718,-76.4302
79437,no_incendio,-6.632429838819291,-76.85546244307059
79438,no_incendio,-6.224885960981276,-76.91366721974305
79442,no_incendio,-6.190864426146802,-76.12967606406326
79451,incendio,-7.4855,-76.3815
79453,incendio,-5.9124,-76.4126
79466,incendio,-6.9342,-76.5769
79472,no_incendio,-6.463587748086062,-76.47146037727083
79485,no_incendio,-6.51819067709504,-75.52445132719726
79486,incendio,-5.4242,-75.5985
79493,no_incendio,-7.567624123602405,-76.60964562111504
79496,no_incendio,-5.612907306182736,-76.9815155721773
79503,no_incendio,-6.319184567250436,-76.7615595241715
79504,no_incendio,-5.833991570039085,-76.02950285469245
79511,no_incendio,-6.850119921397431,-77.18105441991001
79515,no_incendio,-5.315097713624504,-75.64385770116112
79518,incendio,-6.4667,-75.5476
79527,incendio,-6.987,-76.942
79532,no_incendio,-6.303002240210201,-76.72194514117207
79537,no_incendio,-5.65675190083822,-76.2124000269003
79546,no_incendio,-7.000185157265019,-76.24279253564121
79552,incendio,-7.3122,-76.9003
79560,no_incendio,-5.693308964023421,-77.38488694411686
79566,no_incendio,-5.882916892819359,-76.86515934904114
79581,no_incendio,-5.933819847140226,-76.39063203845332
79596,incendio,-6.5397,-75.7173
79597,no_incendio,-7.221811632536515,-77.44262630315019
79599,no_incendio,-6.886318678721428,-75.69795842959347
79604,no_incendio,-7.345060499544703,-77.11825976617006
79610,no_incendio,-6.467906945467672,-76.60396630033286
79613,incendio,-7.198,-77.0768
79618,incendio,-7.1901,-76.8038
79619,no_incendio,-6.5791773780212175,-75.5208242841422
79620,incendio,-6.8666,-76.2409
79625,no_incendio,-5.916253207952854,-77.03057708969372
79627,incendio,-8.16,-76.6756
79632,incendio,-6.2549,-75.8703
79633,incendio,-5.7517,-76.4752
79636,incendio,-6.6453,-75.6536
79637,no_incendio,-6.5631659761878876,-77.17426169429598
79638,incendio,-6.6449,-76.6246
79652,no_incendio,-6.391692174987462,-77.10791126635735
79661,incendio,-8.4395,-76.3465
79666,incendio,-6.5451,-76.2969
79671,incendio,-8.549,-77.2928
79676,no_incendio,-5.665031141499033,-76.55743995217303
79681,incendio,-6.9105,-76.5103
79682,no_incendio,-5.424572995842199,-76.6735765187215
79694,no_incendio,-6.461789384490803,-77.24534969872819
79704,incendio,-7.2169,-76.8175
79707,incendio,-6.1835,-75.8431
79710,no_incendio,-5.588466979788065,-76.18717580992774
79721,incendio,-7.024,-76.8314
79727,incendio,-6.4674,-76.8546
79735,incendio,-8.1452,-76.6643
79741,no_incendio,-6.446999968584335,-76.20534088443561
79743,no_incendio,-5.976958562482058,-76.80488821989493
79746,incendio,-6.3422,-75.9432
79755,no_incendio,-7.450227101420001,-77.22165209135423
79756,no_incendio,-6.096039133600909,-76.29380539264065
79762,incendio,-7.7262,-76.4922
79769,incendio,-5.905,-76.1101
79774,no_incendio,-5.824960586839608,-76.59374334653756
79776,incendio,-7.1334,-76.9166
79783,incendio,-7.1202,-76.5171
79784,no_incendio,-7.391354511869424,-77.17370886410413
79785,incendio,-7.3957,-76.3884
79790,no_incendio,-5.4956287964108785,-77.39970137101125
79792,incendio,-8.7569,-76.9678
79793,no_incendio,-7.5082375657898535,-75.58261743800985
79796,no_incendio,-5.573600216354325,-77.29583969487783
79799,incendio,-6.76,-76.6507
79800,no_incendio,-6.306399139576039,-77.35464424704278
79808,incendio,-8.6308,-76.6407
79824,no_incendio,-5.992974766127643,-76.6454790426464
79827,no_incendio,-7.010465391222765,-75.64374453725225
79832,incendio,-6.8155,-76.5005
79836,no_incendio,-5.487830888913878,-75.70248261618342
79841,incendio,-6.1624,-76.0793
79843,no_incendio,-6.0254636524537775,-76.26070791675792
79847,incendio,-8.269,-77.255
79858,no_incendio,-7.392389482278091,-76.3604718116053
79860,incendio,-7.5271,-76.509
79861,incendio,-6.8522,-76.8718
79862,incendio,-6.2402,-76.1338
79864,no_incendio,-7.230008103453095,-76.43726823574747
79866,incendio,-6.5646,-76.3644
79868,no_incendio,-6.0457356441581505,-76.76564488218803
79874,incendio,-8.604,-76.564
79875,no_incendio,-6.125949661803806,-77.27004912325427
79876,no_incendio,-7.486384119244431,-77.33522717320785
79883,no_incendio,-6.645538690996345,-76.24231505313135
79884,no_incendio,-6.486232385907933,-77.25412471867725
79890,incendio,-6.6209,-76.3751
79892,no_incendio,-5.335389403596253,-76.01475499828726
79895,incendio,-7.7136,-76.5045
79904,no_incendio,-5.304618892030704,-75.54825226766168
79907,incendio,-7.5126,-76.2458
79909,incendio,-7.1132,-76.2707
79917,no_incendio,-5.746784627492212,-75.78617751665539
79918,no_incendio,-6.461789384490803,-77.24534969872819
79921,no_incendio,-6.871083272493799,-75.76930140332634
79925,no_incendio,-5.428382683589806,-76.59712896608411
79929,incendio,-6.5586,-75.6654
79931,no_incendio,-5.657826113607748,-77.0484188289704
79933,incendio,-6.8226,-76.7812
79937,no_incendio,-6.026471909112164,-76.38280873739679
79938,no_incendio,-7.196513313319464,-76.34355474331385
79944,no_incendio,-7.391395621025486,-76.825979662233
79945,no_incendio,-6.7096447028622554,-76.12881006318385
79948,no_incendio,-5.525762707196371,-77.06132480548385
79951,incendio,-6.9512,-76.2634
79957,no_incendio,-5.452511328645989,-77.32229773796371
79959,no_incendio,-5.585507984340333,-75.53590045517545
79961,incendio,-8.1968,-76.5154
79964,no_incendio,-6.420322138462025,-75.76893804058845
79968,no_incendio,-6.950538468924696,-76.07104877103448
79981,no_incendio,-6.746238085592625,-75.99646123252205
79992,incendio,-7.1901,-77.0391
79997,no_incendio,-5.815972204611399,-75.5996631905604
80001,incendio,-6.5198,-75.7185
80004,incendio,-7.5289,-76.4206
80005,incendio,-5.8097,-76.5075
80008,no_incendio,-6.774947131584925,-76.00722166007617
80009,incendio,-6.5667,-75.6487
80010,no_incendio,-5.385990428005082,-76.99464100623678
80016,no_incendio,-5.936332555331325,-76.83179580754164
80018,no_incendio,-6.6832264067033,-77.40030797685029
80019,incendio,-7.0578,-76.5873
80033,no_incendio,-5.933819847140226,-76.39063203845332
80035,incendio,-8.7972,-76.2556
80043,incendio,-7.0175,-77.1043
80048,incendio,-6.7532,-76.4003
80052,no_incendio,-6.942876340672963,-76.33358150381483
80053,no_incendio,-7.150466540411062,-76.88692903917973
80055,no_incendio,-6.322752750353888,-76.86893238867219
80059,no_incendio,-5.465329095426964,-76.4733837672455
80066,no_incendio,-7.546681661706002,-77.09086718024028
80072,no_incendio,-5.380924923914102,-76.12851157268119
80077,incendio,-7.0818,-77.6111
80082,incendio,-7.3704,-76.2328
80089,incendio,-7.1411,-76.1105
80103,no_incendio,-5.582502470365113,-76.28035395066786
80104,no_incendio,-6.9177745399597805,-77.27712831962272
80119,incendio,-7.2475,-76.4649
80123,no_incendio,-6.706668587945945,-75.87039096958037
80125,incendio,-7.1037,-76.5077
80129,no_incendio,-6.237093114939267,-75.7117789331342
80143,no_incendio,-6.1411905557084285,-75.61842169956424
80150,incendio,-7.261,-76.8613
80153,no_incendio,-6.644983818759033,-76.97235660144274
80162,incendio,-8.3725,-76.5199
80174,incendio,-6.4144,-75.7023
80186,no_incendio,-5.617689246248104,-77.03996515250137
80214,no_incendio,-7.301995634610949,-77.3052348248029
80215,incendio,-8.6479,-76.8355
80218,no_incendio,-6.47129538831012,-76.10848069167751
80238,incendio,-6.4878,-76.3675
80244,no_incendio,-5.991944937539925,-75.60778625331145
80250,incendio,-7.1978,-76.0447
80261,incendio,-8.3705,-76.2554
80263,incendio,-8.6485,-76.7695
80264,incendio,-7.0335,-76.3126
80265,incendio,-7.2188,-76.0963
80278,incendio,-8.1434,-77.1009
80281,no_incendio,-5.971167138004345,-76.3740699604034
80282,incendio,-5.7792,-77.0716
80286,no_incendio,-7.3828581911388165,-75.8721549637632
80306,incendio,-6.5392,-76.7556
80307,no_incendio,-6.619578652288662,-76.97686198868091
80308,no_incendio,-5.329883324654868,-75.82086403668251
80309,incendio,-6.2854,-76.2897
80311,incendio,-7.2408,-77.0596
80325,no_incendio,-7.336551353349131,-77.20883178649431
80326,no_incendio,-7.278588939327885,-76.4943759510431
80334,incendio,-6.492,-76.5375
80337,incendio,-8.5175,-76.3636
80339,no_incendio,-6.296125170251722,-76.27573079441521
80340,no_incendio,-6.327343874329971,-76.29354784738233
80342,no_incendio,-6.0905602311957105,-77.15222273805118
80345,incendio,-7.2218,-76.8328
80349,incendio,-6.6502,-76.3897
80355,no_incendio,-6.791553468522542,-76.19850061841751
80359,no_incendio,-5.5629279584591815,-75.58676722265717
80362,incendio,-7.4176,-76.3244
80372,incendio,-6.2698,-76.2473
80378,incendio,-5.9765,-75.7651
80384,incendio,-7.1025,-76.3567
80387,incendio,-7.2107,-76.1051
80388,incendio,-7.0005,-76.3636
80391,incendio,-5.6006,-76.5633
80397,incendio,-6.1132,-75.9545
80408,incendio,-8.3137,-77.0848
80413,no_incendio,-5.876670821018357,-77.35096983439296
80416,incendio,-5.8304,-77.1895
80424,incendio,-7.6721,-76.487
80427,incendio,-7.2161,-76.2969
80428,incendio,-6.4778,-76.5603
80447,no_incendio,-7.086396945058378,-77.2139374216272
80454,no_incendio,-6.080704039899694,-75.87675054011096
80462,no_incendio,-6.310252900156727,-75.63690302476967
80465,incendio,-5.8409,-76.0048
80470,no_incendio,-5.498957925752801,-76.23819839749541
80477,incendio,-7.115,-76.8034
80491,incendio,-6.6631,-77.0235
80495,no_incendio,-7.241586175081285,-75.60658029783822
80496,no_incendio,-6.42510939654662,-76.21314660329666
80501,incendio,-5.751,-77.398
80510,no_incendio,-7.448203101271309,-75.71484770085459
80517,incendio,-6.5666,-76.3114
80519,incendio,-6.4429,-76.445
80523,incendio,-6.9456,-76.8461
80526,incendio,-7.1816,-76.9136
80532,incendio,-7.4604,-76.4911
80534,incendio,-8.6994,-76.8094
80535,no_incendio,-5.906320557671209,-76.16456069117528
80536,incendio,-7.3391,-76.5331
80537,no_incendio,-5.881820929193948,-76.58450370780717
80542,no_incendio,-7.433029202252227,-75.6952599290436
80553,incendio,-8.526,-76.3728
80561,no_incendio,-5.389340087703655,-75.9720398141549
80562,incendio,-8.6135,-76.6959
80566,no_incendio,-6.370846095224117,-76.15883706257101
80569,no_incendio,-6.284005972985306,-75.8733537299608
80573,incendio,-6.5274,-76.2916
80579,no_incendio,-6.882432262080377,-75.90126287963834
80582,no_incendio,-6.47129538831012,-76.10848069167751
80584,no_incendio,-6.391881397317083,-77.53216465937516
80592,no_incendio,-5.720887209504591,-76.53318154480125
80594,incendio,-6.0349,-76.9664
80599,no_incendio,-5.9638581047952375,-75.97775046224217
80604,no_incendio,-6.9335165366157545,-76.90717664275962
80608,incendio,-6.6928,-76.4805
80615,incendio,-5.9186,-76.2562
80617,no_incendio,-5.544342707790426,-75.8055721541421
80627,no_incendio,-7.4811756669415,-76.01564428333117
80629,incendio,-6.882,-76.9613
80631,incendio,-5.6713,-75.8317
80632,incendio,-7.5961,-76.7301
80633,no_incendio,-7.177984654779217,-76.1965746295941
80659,no_incendio,-6.580708866740203,-77.30463518466154
80683,incendio,-6.8697,-76.4765
80690,no_incendio,-7.480945740497024,-75.88131487548965
80693,no_incendio,-6.537186191377129,-76.40192195278561
80694,no_incendio,-6.654532009707288,-75.5305999621871
80707,no_incendio,-6.081693229189671,-76.04554760839422
80708,incendio,-6.2044,-75.9345
80711,no_incendio,-5.6701466904806175,-76.18522926037747
80717,no_incendio,-7.162586032756481,-76.81020137003335
80718,no_incendio,-5.7870347665351245,-76.83855785035811
80720,no_incendio,-5.885065132570478,-75.64334405460914
80721,incendio,-6.9526,-76.5488
80723,no_incendio,-7.083533851815549,-75.86202426996425
80726,no_incendio,-7.261909044974304,-76.6515755533258
80727,no_incendio,-7.392389482278091,-76.3604718116053
80728,incendio,-7.2688,-76.679
80729,incendio,-7.3105,-76.3243
80730,no_incendio,-6.845497704977086,-76.65360984481556
80733,incendio,-8.362,-76.3964
80742,incendio,-6.7564,-76.695
80747,incendio,-7.1193,-76.4813
80750,no_incendio,-5.942412033073392,-76.99723759620795
80752,no_incendio,-6.463587748086062,-76.47146037727083
80755,incendio,-8.4956,-77.5735
80759,incendio,-7.106,-76.9725
80761,incendio,-8.6195,-76.6991
80764,no_incendio,-6.6084019823282665,-76.06077967767854
80769,incendio,-8.6285,-76.601
80773,no_incendio,-7.036643028375762,-75.60012732289076
80795,incendio,-7.2173,-76.6091
80801,incendio,-8.3324,-76.3488
80806,no_incendio,-6.313429460907596,-75.67438518741506
80807,no_incendio,-5.632530971200962,-77.47788862342078
80814,no_incendio,-6.684588652346477,-77.1953837139415
80815,incendio,-6.2895,-76.7204
80820,no_incendio,-6.08565697953034,-76.3565072601085
80838,incendio,-6.2549,-75.9969
80842,incendio,-6.4548,-76.5175
80846,no_incendio,-6.631390870435434,-77.17543848057095
80848,no_incendio,-7.465611055003252,-76.84521972476566
80852,incendio,-5.8914,-76.1142
80859,incendio,-6.0342,-76.9748
80860,no_incendio,-7.26944697761503,-76.97064413485722
80871,incendio,-6.4302,-76.5049
80872,incendio,-7.6599,-76.4707
80873,incendio,-7.464,-76.413
80888,incendio,-6.5558,-76.0748
80889,incendio,-7.3029,-76.8514
80890,no_incendio,-5.691703950902071,-76.93733770607169
80893,incendio,-6.1723,-75.8989
80896,no_incendio,-5.409587022918446,-76.44819351401671
80899,no_incendio,-7.191225918716162,-75.54734215721196
80900,no_incendio,-7.487565239153625,-77.31329030244564
80906,incendio,-5.6431,-76.2053
80920,incendio,-7.4682,-76.5757
80921,incendio,-6.4928,-76.3749
80926,incendio,-5.3141,-76.2927
80927,no_incendio,-7.322815935895123,-76.7836025186051
80934,no_incendio,-6.418496907062319,-75.56505083254436
80943,no_incendio,-7.432233865108956,-77.52769658730097
80950,incendio,-6.0645,-77.1704
80951,incendio,-7.2392,-76.3519
80956,no_incendio,-5.932677032359028,-76.67039982026421
80970,no_incendio,-5.701666858501454,-75.71059369687181
80971,no_incendio,-6.9213010558098045,-76.33886424086654
80997,incendio,-5.8972,-75.9421
81001,incendio,-5.7403,-76.0739
81007,incendio,-7.1094,-76.9135
81027,incendio,-7.0037,-76.9132
81033,no_incendio,-7.384620420011121,-76.77592855304549
81036,no_incendio,-7.391919899350189,-76.53710558307176
81046,incendio,-5.9034,-76.4277
81048,incendio,-7.0433,-77.7337
81060,no_incendio,-5.876670821018357,-77.35096983439296
81073,no_incendio,-6.080706501829642,-77.17715903994046
81078,incendio,-5.7776,-77.2743
81086,no_incendio,-7.03159653116471,-76.48526719545968
81088,no_incendio,-6.5603093207023875,-76.81459925787705
81096,no_incendio,-6.248030507497377,-77.52671049342304
81102,no_incendio,-6.965586863586331,-77.4440785223658
81107,incendio,-6.2826,-76.2711
81111,no_incendio,-7.280960307883033,-76.7904575448365
81112,no_incendio,-6.929511458644296,-75.83962565372784
81117,no_incendio,-6.31265571754434,-77.00564888561091
81125,no_incendio,-6.479517291884607,-77.31045667927476
81126,incendio,-7.2647,-76.6712
81129,incendio,-5.7429,-77.3566
81142,incendio,-7.011,-76.3703
81144,incendio,-6.2565,-76.2715
81154,no_incendio,-6.3065520769299415,-76.52048775212563
81157,no_incendio,-7.259025792408945,-76.1069982504593
81160,incendio,-8.7841,-76.5893
81162,incendio,-7.3649,-76.3878
81170,no_incendio,-5.4021877398819145,-77.19617226983429
81171,incendio,-7.98,-77.548
81175,no_incendio,-5.906233795105334,-77.12857966060585
81187,no_incendio,-6.3427610185327845,-75.81301482437568
81189,no_incendio,-7.329270682828255,-76.84451015929197
81194,incendio,-7.3196,-76.5449
81195,incendio,-5.7029,-76.2678
81204,incendio,-8.6236,-76.6057
81216,no_incendio,-6.9260270516583,-76.1608919912471
81220,no_incendio,-6.639002001371529,-76.1565208176211
81227,incendio,-8.4035,-75.5053
81240,incendio,-8.1453,-76.5145
81248,no_incendio,-6.011348651194169,-77.43448041427209
81252,incendio,-5.9376,-77.3072
81265,no_incendio,-5.641271222445664,-77.2589065650696
81268,incendio,-7.2015,-76.3921
81272,incendio,-6.6665,-76.341
81275,incendio,-7.0954,-76.5704
81278,no_incendio,-7.070198196068285,-76.36379595586068
81279,no_incendio,-5.6874479423727555,-75.79801976537915
81281,no_incendio,-6.16159884950172,-75.9539174786101
81286,no_incendio,-5.5259385585543805,-76.78474947687066
81289,no_incendio,-5.557069716448366,-75.65393079947539
81290,incendio,-6.3404,-75.7073
81291,incendio,-7.2336,-76.3373
81296,no_incendio,-6.845471207648621,-76.36886322454563
81297,no_incendio,-6.001439366513391,-76.98820534580602
81301,incendio,-6.1255,-75.688
81322,incendio,-7.3115,-76.3073
81323,incendio,-7.3917,-76.5478
81330,incendio,-6.252,-75.9457
81333,incendio,-5.9884,-77.2783
81337,incendio,-6.7085,-76.4133
81338,no_incendio,-5.4157703002618724,-75.88771884850634
81344,incendio,-7.271,-76.6316
81347,no_incendio,-7.135246839573529,-77.20993549359832
81348,no_incendio,-7.353333723942861,-76.86451079953567
81349,incendio,-5.8928,-76.1176
81350,no_incendio,-6.473718077481412,-77.49661278682977
81358,incendio,-6.3002,-76.6919
81359,no_incendio,-7.0026426990635535,-77.36552672269332
81360,incendio,-5.7525,-77.4533
81363,no_incendio,-6.677775402102643,-76.83019542388436
81367,incendio,-7.3086,-76.5347
81374,no_incendio,-7.263705379465793,-77.32787830995856
81384,incendio,-8.6568,-76.3993
81388,incendio,-8.4489,-76.402
81402,incendio,-7.0707,-76.5137
81405,incendio,-8.7178,-76.2721
81415,incendio,-7.1378,-76.8493
81425,incendio,-7.2749,-76.9367
81428,incendio,-6.2083,-77.6212
81431,incendio,-7.668,-76.5204
81436,incendio,-6.7988,-76.9124
81444,incendio,-6.8742,-76.9187
81445,no_incendio,-6.442429492492132,-75.8210206317141
81450,no_incendio,-5.824960586839608,-76.59374334653756
81456,no_incendio,-5.851710851525425,-77.43871611391367
81463,no_incendio,-6.871177556513642,-76.5291154177702
81464,no_incendio,-6.482093944932541,-75.94362879906089
81466,no_incendio,-6.200171336468845,-76.47517852395984
81477,incendio,-7.1116,-76.8961
81480,incendio,-6.6953,-76.8629
81483,no_incendio,-6.838424495658649,-77.14170588340214
81485,incendio,-7.0816,-76.2381
81490,incendio,-5.8343,-77.3531
81493,no_incendio,-6.486581240227174,-76.15835402098138
81496,no_incendio,-5.561294814825637,-75.74902836133377
81500,no_incendio,-6.649475670478298,-75.86589242526365
81511,no_incendio,-6.4800299159294745,-75.86986955910662
81513,no_incendio,-7.218925664720446,-76.08201561394016
81514,no_incendio,-5.472585153492127,-77.10655294749147
81515,incendio,-6.5966,-75.7243
81527,incendio,-6.6577,-76.6302
81528,incendio,-7.4474,-76.4353
81533,no_incendio,-7.309838483592369,-76.99515991704935
81535,no_incendio,-6.595830198454336,-76.87085544617783
81536,no_incendio,-6.475196466130733,-76.70818383406251
81539,incendio,-7.4604,-76.5972
81541,no_incendio,-6.258662070362653,-76.50630572261905
81545,incendio,-7.0242,-76.2157
81546,incendio,-8.4601,-76.4656
81550,incendio,-7.3052,-76.8212
81554,no_incendio,-5.802372431085104,-75.57878108958735
81559,no_incendio,-7.143611941895854,-76.83926289395374
81560,no_incendio,-5.942412033073392,-76.99723759620795
81562,no_incendio,-5.7532005563442,-76.81683301115936
81567,no_incendio,-5.709455507582733,-75.57268425738746
81576,no_incendio,-5.889428519671102,-75.83985217439051
81577,no_incendio,-5.525473635438348,-76.97243620940135
81585,incendio,-6.4179,-76.5223
81590,incendio,-7.2437,-76.4435
81591,incendio,-7.6664,-76.479
81592,incendio,-8.5379,-76.4978
81599,incendio,-7.3313,-76.8446
81604,incendio,-7.5475,-76.3481
81609,no_incendio,-6.812854444766214,-76.31590409569822
81617,no_incendio,-6.530680448143941,-77.14936961816767
81626,no_incendio,-6.010674240572804,-77.09796715104932
81636,no_incendio,-6.937481703505858,-75.66626594730945
81643,incendio,-8.53,-76.3505
81657,no_incendio,-6.698529470828457,-76.28501109879417
81658,incendio,-7.1756,-76.7975
81662,no_incendio,-7.298509550360581,-75.6126372567009
81666,incendio,-6.2115,-75.7969
81668,no_incendio,-6.470561948843736,-76.94393330664495
81669,incendio,-5.9352,-75.6957
81670,incendio,-8.3337,-76.4032
81671,incendio,-6.701,-77.2836
81682,incendio,-6.2634,-76.7764
81686,incendio,-6.9239,-76.9138
81688,no_incendio,-6.738442276906446,-76.26128977675305
81689,incendio,-7.4113,-76.6418
81695,incendio,-7.3403,-76.5684
81700,no_incendio,-7.0287390386317705,-77.03724597379518
81702,no_incendio,-6.010674240572804,-77.09796715104932
81705,incendio,-8.7773,-76.2641
81706,no_incendio,-5.940833223348477,-76.76215332326328
81711,incendio,-6.7256,-76.6944
81712,no_incendio,-6.062840602584927,-76.70237486789418
81713,incendio,-6.2616,-75.9826
81714,incendio,-5.7698,-75.9187
81724,incendio,-8.4544,-76.3521
81733,no_incendio,-7.103154809386207,-75.80011378156274
81738,no_incendio,-6.5791773780212175,-75.5208242841422
81745,incendio,-6.1566,-76.1292
81752,incendio,-5.7734,-77.4133
81754,incendio,-6.0671,-76.2739
81762,incendio,-6.4394,-75.901
81789,incendio,-7.1849,-76.3947
81790,incendio,-7.3192,-76.9403
81799,no_incendio,-5.63707381959818,-76.83510213428208
81801,no_incendio,-7.186570265010596,-75.84461863050306
81803,no_incendio,-5.525166300103762,-76.64412404917219
81812,no_incendio,-7.5548875794977555,-75.65231265388313
81814,no_incendio,-5.4225864404931166,-77.44996456310464
81817,incendio,-7.1339,-76.3707
81823,no_incendio,-5.928733149107297,-75.62813587078854
81828,incendio,-6.2278,-76.1648
81830,incendio,-7.1092,-76.1199
81842,incendio,-8.5996,-76.9566
81844,no_incendio,-5.398063660648765,-76.88225695466387
81846,incendio,-7.2728,-76.6876
81848,incendio,-6.4312,-76.4761
81857,no_incendio,-5.941437702339227,-76.71661667859928
81868,no_incendio,-7.4055258629962415,-75.72836594706017
81871,incendio,-6.6756,-76.4611
81881,no_incendio,-5.522972759309926,-75.80819311512354
81888,incendio,-6.6601,-75.6095
81894,incendio,-7.3175,-76.9283
81896,no_incendio,-5.748428283636171,-75.60096771532396
81898,no_incendio,-6.096120156966874,-76.02100984221812
81904,incendio,-7.1426,-76.3393
81906,no_incendio,-7.509252354285814,-75.54465114823546
81913,incendio,-6.0807,-76.3572
81923,no_incendio,-7.107720073878569,-76.6999842966137
81926,incendio,-6.6015,-76.1642
81931,no_incendio,-7.509252354285814,-75.54465114823546
81941,incendio,-6.6893,-77.3427
81959,incendio,-7.186,-76.7792
81967,no_incendio,-6.884683844966387,-77.48590774056447
81973,incendio,-8.4101,-75.5364
81978,incendio,-7.2918,-77.051
81979,incendio,-6.6104,-76.7214
81997,incendio,-5.4118,-77.3175
81998,no_incendio,-5.329337229365641,-77.4752371215785
82004,incendio,-8.6191,-76.5798
82006,incendio,-8.6404,-76.2991
82007,incendio,-6.9223,-76.7983
82010,incendio,-7.1294,-77.0326
82011,incendio,-7.5578,-76.3606
82019,incendio,-6.9239,-76.8065
82022,no_incendio,-6.385759143148429,-76.5709354755892
82027,no_incendio,-6.877247924736086,-76.70115338296226
82029,no_incendio,-5.592798700137297,-76.77202119029057
82030,incendio,-5.7312,-77.3813
82056,no_incendio,-5.998881730764309,-77.1385121318961
82061,no_incendio,-5.356858559279738,-76.9184573866197
82063,no_incendio,-7.1632098636724635,-76.89550285392816
82066,no_incendio,-5.364004538303699,-76.51587462337326
82067,no_incendio,-6.467350712480753,-77.13922176575424
82074,no_incendio,-6.623625617650361,-76.4412657181978
82084,incendio,-7.2592,-76.8406
82087,no_incendio,-5.4157703002618724,-75.88771884850634
82093,no_incendio,-5.4484392138134945,-75.95921509359859
82096,no_incendio,-6.834300186862358,-76.1605435782697
82098,no_incendio,-5.839270188717535,-77.49668062311541
82103,incendio,-7.0045,-76.5596
82116,no_incendio,-5.5683966845979995,-76.81768428751661
82118,incendio,-6.0144,-76.1601
82122,incendio,-7.1591,-76.4745
82125,no_incendio,-7.000863457307533,-75.58957693762711
82127,no_incendio,-6.893380079192219,-76.030920773184
82131,no_incendio,-7.047404652384161,-75.9921217029406
82132,no_incendio,-7.327451375962066,-77.03090576588977
82133,no_incendio,-6.122241228202742,-76.97601645146484
82140,incendio,-5.8341,-75.841
82146,no_incendio,-6.834050104641918,-76.4332722060556
82152,no_incendio,-7.1211989995442275,-77.24932556813594
82155,no_incendio,-5.454661580886559,-77.46777785872058
82156,no_incendio,-6.766715492175258,-75.83761083407144
82158,incendio,-6.7291,-76.519
82167,no_incendio,-6.619578652288662,-76.97686198868091
82174,no_incendio,-5.901183537582431,-77.01906915606199
82179,no_incendio,-5.921387481016298,-75.640821414452
82183,no_incendio,-6.691674214621824,-77.20756079690301
82195,incendio,-8.0791,-76.7452
82200,incendio,-6.1832,-76.3361
82201,no_incendio,-5.8624058726324275,-77.54256899267752
82205,no_incendio,-6.893924031218003,-76.04905921446095
82218,no_incendio,-6.191484869128339,-76.81725359672812
82220,no_incendio,-7.381225768944467,-76.16930082038664
82230,incendio,-7.5094,-76.7216
82234,no_incendio,-6.322518329995495,-75.91309952295535
82236,no_incendio,-5.634222890340759,-76.43789808900263
82245,incendio,-5.8516,-76.3075
82257,no_incendio,-5.522972759309926,-75.80819311512354
82258,incendio,-6.7443,-76.3893
82260,no_incendio,-7.508397223486154,-75.66150958377543
82265,no_incendio,-6.567404760010091,-75.93678531261668
82269,incendio,-6.5972,-76.7361
82273,incendio,-6.1182,-75.768
82282,incendio,-6.7653,-76.685
82288,incendio,-7.1357,-76.2988
82291,no_incendio,-6.544364326878484,-76.92141002139903
82293,no_incendio,-5.728382445396997,-77.12017555927592
82295,incendio,-5.8771,-76.3497
82297,incendio,-7.2379,-76.3426
82298,incendio,-7.2713,-76.4716
82303,incendio,-7.2069,-76.8034
82319,no_incendio,-5.703883091976473,-77.35334115123077
82324,incendio,-5.8253,-76.0989
82327,incendio,-5.8432,-75.9494
82334,no_incendio,-5.765833579415168,-76.48980976364362
82338,incendio,-7.2153,-76.3162
82341,incendio,-5.7962,-77.1786
82351,no_incendio,-6.705083355769138,-77.07784196502678
82360,incendio,-6.853,-76.2137
82361,incendio,-7.22,-76.8206
82362,incendio,-6.0065,-76.4684
82363,incendio,-6.8715,-76.391
82365,incendio,-6.3619,-76.5843
82368,no_incendio,-5.90262370110633,-75.7242629319594
82375,no_incendio,-6.741427767846081,-75.52300413513564
82377,incendio,-6.9043,-76.7436
82379,incendio,-8.18,-75.6366
82380,no_incendio,-6.501541232968051,-77.42157786801864
82390,no_incendio,-6.38076556073537,-76.97858606969272
82391,incendio,-8.4778,-77.4785
82395,no_incendio,-6.768246356022148,-77.34898684785115
82422,no_incendio,-5.569129164967829,-76.89146867970102
82423,incendio,-6.7378,-76.5228
82431,no_incendio,-6.53325154649785,-76.75115030969212
82445,incendio,-7.4874,-76.439
82449,no_incendio,-6.439049170355273,-77.46289627422017
82452,no_incendio,-5.811469366759115,-76.0719190251322
82456,no_incendio,-7.336551353349131,-77.20883178649431
82462,incendio,-5.8367,-76.3817
82494,incendio,-6.6345,-76.4157
82498,incendio,-8.7063,-76.3085
82500,incendio,-7.3717,-76.6361
82502,no_incendio,-7.536324441611577,-75.98652093293225
82505,no_incendio,-6.237716755759431,-77.39156311979332
82508,incendio,-7.3483,-76.6885
82514,no_incendio,-7.261909044974304,-76.6515755533258
82515,no_incendio,-7.267106573617252,-75.71671966181115
82517,incendio,-7.208,-76.0706
82518,incendio,-5.3073,-76.4863
82521,incendio,-5.877,-76.9613
82525,no_incendio,-6.727398434306363,-77.48848492382807
82527,incendio,-8.3517,-75.5579
82535,incendio,-6.4712,-76.7226
82538,no_incendio,-6.590012335102573,-76.82501411426004
82542,incendio,-5.8109,-76.6033
82544,no_incendio,-7.208457886315255,-75.76495343289794
82547,no_incendio,-6.439732844593629,-76.57320223136172
82554,no_incendio,-6.30791982416226,-77.35125522509678
82556,incendio,-7.4111,-76.5353
82568,incendio,-5.9253,-76.1674
82569,no_incendio,-5.911980434774437,-76.07407858450021
82570,incendio,-6.3958,-75.7064
82581,no_incendio,-7.446777051363318,-75.55823277277759
82586,no_incendio,-6.677775402102643,-76.83019542388436
82599,incendio,-7.3234,-76.0813
82607,incendio,-6.7289,-76.4228
82616,incendio,-8.3358,-76.7185
82619,no_incendio,-5.431391280919102,-75.58519659503115
82620,incendio,-7.4633,-76.5376
82621,incendio,-5.688,-75.8897
82625,no_incendio,-5.900117559948675,-75.56284439390626
82631,incendio,-8.3616,-76.3675
82636,no_incendio,-6.673320061017703,-76.41564800377634
82649,incendio,-7.0964,-76.4025
82650,incendio,-5.7541,-76.2831
82651,no_incendio,-7.083533851815549,-75.86202426996425
82652,no_incendio,-7.564076009944549,-75.89157611790941
82655,incendio,-5.9874,-77.2793
82662,no_incendio,-7.536252695307649,-75.93114554100197
82667,incendio,-8.6182,-77.0812
82669,incendio,-6.5235,-77.5959
82672,incendio,-6.1554,-75.7078
82676,no_incendio,-6.012390103585068,-77.46665184846529
82677,incendio,-6.1735,-76.8217
82681,no_incendio,-6.41045269770062,-76.39156709032302
82684,incendio,-8.4592,-76.2002
82686,no_incendio,-5.992717705570296,-75.97108395344519
82694,incendio,-6.7369,-77.2924
82695,no_incendio,-6.699363471042822,-76.86169598666291
82696,incendio,-5.8994,-76.1168
82697,incendio,-7.6667,-76.4809
82704,incendio,-5.6314,-76.6215
82706,incendio,-7.4284,-76.7398
82709,incendio,-7.2792,-76.4724
82710,no_incendio,-7.4319891578174815,-77.15087421098383
82712,incendio,-6.2082,-76.7211
82718,incendio,-6.487,-76.3669
82721,no_incendio,-6.733687512476174,-75.74855689788478
82729,incendio,-7.2592,-76.1143
82730,incendio,-6.8883,-76.946
82733,no_incendio,-7.036314510603764,-76.32413479957033
82734,no_incendio,-5.804055235179965,-77.4451366120588
82735,no_incendio,-6.380564865810172,-76.02893647459089
82737,no_incendio,-7.436772555974999,-76.13512005747918
82743,incendio,-6.1107,-76.8444
82750,incendio,-6.543,-76.2599
82753,incendio,-8.4192,-76.2777
82763,no_incendio,-5.846023239980903,-75.59058432825728
82767,incendio,-7.2931,-76.848
82772,no_incendio,-5.815055199872086,-76.00054370091742
82775,incendio,-7.139,-76.4067
82783,no_incendio,-5.991944937539925,-75.60778625331145
82793,incendio,-5.7486,-77.3809
82794,incendio,-7.3045,-76.2359
82796,no_incendio,-6.717293792016525,-75.64014245587184
82803,no_incendio,-5.389176452484517,-75.81151917065094
82805,no_incendio,-5.8115954954872135,-76.36754698151917
82806,incendio,-7.543,-76.7656
82809,no_incendio,-7.224775350710692,-76.58064716556508
82819,incendio,-7.1595,-76.365
82820,incendio,-5.9042,-76.1209
82821,no_incendio,-5.977250221064096,-76.70445078164089
82823,no_incendio,-7.269040165613338,-76.9103123983766
82826,incendio,-6.6946,-76.674
82836,no_incendio,-6.960986438297525,-76.973990270216
82841,no_incendio,-7.423137385125066,-76.04040790754738
82843,incendio,-6.2483,-76.2947
82847,no_incendio,-6.248030507497377,-77.52671049342304
82848,no_incendio,-5.6848810444703455,-77.02929321132693
82854,no_incendio,-7.530943089944216,-75.61039209936172
82858,incendio,-6.1426,-77.0379
82864,no_incendio,-6.979782618165886,-76.34280103633438
82874,no_incendio,-6.419675876236263,-76.64489280604421
82876,no_incendio,-5.3992279096164255,-77.51525342091976
82879,incendio,-6.0289,-75.8107
82890,incendio,-8.1766,-77.0043
82896,incendio,-8.7309,-76.9404
82897,incendio,-6.6909,-76.2562
82899,no_incendio,-5.371121123003669,-76.78705780536207
82902,incendio,-6.1962,-76.814
82903,incendio,-6.7819,-76.8046
82911,no_incendio,-6.721818890646596,-76.25717682869612
82918,incendio,-6.2496,-76.1075
82919,no_incendio,-7.485707708029909,-76.86043038535676
82921,no_incendio,-7.325700741079294,-77.06360146385256
82929,no_incendio,-6.042344688075439,-75.58423135699039
82932,no_incendio,-5.4433732153340495,-76.71634375535739
82937,incendio,-7.0419,-76.7088
82943,incendio,-7.5229,-76.2006
82944,no_incendio,-6.622751122070155,-75.60405736932539
82945,incendio,-7.3522,-76.6299
82946,incendio,-5.9978,-77.2508
82952,no_incendio,-5.855088798772725,-76.8781669555971
82958,incendio,-6.639,-76.7231
82968,no_incendio,-7.1695522446443345,-76.10103400972879
82974,no_incendio,-6.623625617650361,-76.4412657181978
82979,incendio,-5.8553,-76.5605
82980,incendio,-6.6637,-77.0327
82984,incendio,-7.6216,-76.4175
82999,incendio,-8.6673,-76.4294
83004,no_incendio,-5.472585153492127,-77.10655294749147
83005,incendio,-8.6658,-76.991
83017,incendio,-7.1917,-77.5799
83019,incendio,-8.3456,-76.7535
83021,incendio,-5.8328,-77.3417
83027,incendio,-6.6869,-76.8442
83028,incendio,-8.6593,-76.7626
83050,incendio,-6.2363,-76.1908
83060,incendio,-7.4091,-76.8378
83063,no_incendio,-7.191225918716162,-75.54734215721196
83065,incendio,-5.708,-75.7281
83075,no_incendio,-6.349515224526358,-76.60739927029685
83084,no_incendio,-6.886318678721428,-75.69795842959347
83099,incendio,-6.7124,-76.7458
83102,no_incendio,-6.6308882191110055,-76.3915553322726
83131,no_incendio,-5.362697688980843,-76.37235425327088
83134,no_incendio,-5.648036107499856,-76.36681259524042
83135,incendio,-7.152,-76.5823
83139,no_incendio,-5.782302498103818,-75.6928374050029
83148,incendio,-8.451,-76.2404
83151,no_incendio,-5.504827246357519,-77.16574913944
83158,incendio,-7.3654,-76.3996
83170,incendio,-7.1261,-76.3743
83185,no_incendio,-5.500738315784995,-75.59662427893288
83189,no_incendio,-7.173287597971678,-76.70987433367677
83192,no_incendio,-6.629946418979946,-75.56056246435337
83196,incendio,-5.9129,-77.4327
83197,no_incendio,-7.3664786483523805,-76.23130655990323
83201,incendio,-6.6354,-76.7593
83206,incendio,-5.8994,-76.1218
83214,incendio,-6.2371,-75.8825
83218,no_incendio,-7.502611835705684,-75.74342232378346
83220,incendio,-8.4257,-77.4259
83221,incendio,-7.0727,-76.4078
83223,incendio,-7.0783,-77.0789
83224,incendio,-7.4493,-76.5763
83233,incendio,-5.7178,-76.1903
83235,incendio,-8.3447,-76.3217
83236,no_incendio,-5.374155680654134,-76.14052405499798
83242,incendio,-6.7488,-76.449
83244,no_incendio,-6.09087742872903,-76.39432793529913
83248,incendio,-6.0547,-76.1225
83253,incendio,-6.6544,-76.0784
83257,incendio,-7.1859,-76.9104
83259,no_incendio,-7.117688925300616,-76.79094679252412
83261,no_incendio,-6.061127541678445,-77.3300358732125
83264,incendio,-5.8256,-77.095
83266,no_incendio,-7.537741895594102,-77.28057875829536
83271,incendio,-7.4961,-76.7206
83283,no_incendio,-6.190431376100011,-77.10696325685771
83284,no_incendio,-6.158433406484025,-76.60278389005589
83289,no_incendio,-5.364143829036743,-76.95415482559467
83296,no_incendio,-7.428314386557717,-75.54935129705557
83303,incendio,-5.7359,-77.4754
83311,incendio,-6.9009,-76.1745
83314,incendio,-7.0906,-76.4991
83316,incendio,-7.1994,-76.091
83317,no_incendio,-7.523343048173316,-75.60465669486607
83319,incendio,-8.6115,-77.7095
83323,no_incendio,-5.98497682810957,-77.24575452252367
83330,incendio,-6.9984,-76.6174
83340,incendio,-5.8919,-76.1137
83343,no_incendio,-7.374713429835429,-76.56494558335362
83345,no_incendio,-7.276587033646778,-76.71291357389988
83347,incendio,-7.1742,-76.4384
83364,no_incendio,-5.84380402008071,-75.92947605096468
83365,incendio,-6.0718,-76.1992
83379,no_incendio,-7.343587660563976,-76.64206422334878
83384,no_incendio,-7.036643028375762,-75.60012732289076
83391,incendio,-6.49,-76.3688
83394,no_incendio,-6.367884072608207,-76.17501426406548
83396,no_incendio,-6.250766771982882,-76.67346707047133
83399,no_incendio,-5.591020062659783,-76.63960042736485
83401,no_incendio,-7.527388974024702,-77.06439432574598
83403,no_incendio,-5.924081807664306,-77.5419305607915
83412,no_incendio,-5.928392145710498,-76.5403998802667
83413,incendio,-8.5792,-77.0232
83417,no_incendio,-6.931023435575018,-75.82624629253455
83418,no_incendio,-7.220879290194988,-75.99895499160812
83423,incendio,-5.8081,-76.211
83425,no_incendio,-6.896746566647063,-77.20010556344174
83429,incendio,-6.4312,-75.6857
83430,no_incendio,-5.592455159672106,-77.05696823462097
83432,no_incendio,-6.567404760010091,-75.93678531261668
83434,no_incendio,-6.333472406743339,-75.64833382378124
83438,no_incendio,-6.228351070264562,-77.26637950725386
83439,incendio,-6.0546,-75.842
83441,no_incendio,-6.654532009707288,-75.5305999621871
83443,incendio,-7.6471,-76.4497
83450,no_incendio,-6.871083272493799,-75.76930140332634
83455,no_incendio,-6.812074026038133,-75.640532503425
83457,no_incendio,-6.049084963678036,-77.00275749227583
83458,incendio,-6.0359,-76.9663
83459,incendio,-7.2762,-76.2249
83486,no_incendio,-6.1415181952391045,-76.62842366298023
83496,incendio,-6.6833,-76.6389
83500,incendio,-6.873,-76.6771
83505,incendio,-8.1965,-76.6485
83506,incendio,-8.5334,-76.7552
83508,incendio,-6.5139,-75.7411
83510,incendio,-8.4774,-76.455
83512,no_incendio,-6.23478792603882,-76.18381610836184
83513,no_incendio,-7.419812910820906,-75.99406148062167
83515,incendio,-8.1967,-76.6593
83517,incendio,-6.057,-76.9296
83518,no_incendio,-6.007112604816549,-77.29204800487722
83526,no_incendio,-6.763948396418463,-75.5008846760666
83528,no_incendio,-5.504827246357519,-77.16574913944
83536,incendio,-7.1851,-76.7347
83540,no_incendio,-5.715361899368006,-77.0936722148221
83544,no_incendio,-7.19668087361042,-76.2603633805298
83546,no_incendio,-6.191285072180344,-75.97348634249272
83548,incendio,-8.5857,-76.9958
83549,incendio,-5.8617,-76.0023
83553,incendio,-8.424,-76.4157
83556,no_incendio,-6.427611857268102,-77.39761535548438
83560,incendio,-6.6805,-76.3323
83561,no_incendio,-6.737059261843657,-77.50234796745673
83562,incendio,-7.2941,-77.7877
83573,incendio,-7.1768,-76.0337
83578,incendio,-7.049,-77.7162
83582,no_incendio,-6.185102706019143,-75.78932803542219
83589,incendio,-5.3409,-76.6921
83594,incendio,-7.6153,-76.4677
83596,no_incendio,-7.0475824644559095,-77.00777977835193
83603,no_incendio,-6.787959079277664,-75.64572689392233
83604,incendio,-7.2873,-76.0375
83612,incendio,-6.8361,-76.437
83626,no_incendio,-7.376757541842092,-75.74783500826763
83635,incendio,-8.6525,-76.4634
83642,incendio,-6.561,-76.7211
83649,no_incendio,-7.169057059261111,-75.73112977267716
83652,incendio,-6.4859,-75.7631
83660,incendio,-6.9023,-76.889
83667,no_incendio,-5.752288568187965,-75.61867904444058
83669,no_incendio,-6.097161064451766,-76.22638691915272
83674,incendio,-5.9868,-77.2669
83681,no_incendio,-5.7980276983387755,-76.60461534978732
83690,incendio,-5.3314,-76.5422
83701,incendio,-5.3163,-76.7885
83707,no_incendio,-5.932677032359028,-76.67039982026421
83708,incendio,-8.7868,-76.5974
83710,incendio,-6.5283,-76.4628
83713,no_incendio,-5.618910457397299,-76.39046295133087
83726,no_incendio,-7.301995634610949,-77.3052348248029
83727,incendio,-5.9041,-77.0208
83733,incendio,-6.7895,-76.6873
83735,incendio,-7.1104,-76.4521
83737,incendio,-5.9807,-76.1393
83741,incendio,-8.7477,-77.7156
83742,no_incendio,-5.9798261843011495,-76.47923271781816
83743,incendio,-7.4431,-77.654
83751,no_incendio,-6.260865842963683,-76.65344397081381
83756,no_incendio,-5.87076697965016,-76.32402567938676
83765,no_incendio,-6.642489639388239,-76.65378719011099
83766,no_incendio,-5.651625661066085,-76.00636959968817
83770,no_incendio,-6.4800299159294745,-75.86986955910662
83780,no_incendio,-6.929766621277843,-76.9486595645204
83791,incendio,-8.5881,-77.5696
83792,incendio,-5.6257,-76.6079
83800,no_incendio,-6.8236816928659,-77.40373833956428
83801,no_incendio,-6.9338065388714725,-77.51645275784907
83802,incendio,-7.1319,-76.3819
83807,no_incendio,-7.125442800649086,-77.06151312787605
83821,no_incendio,-7.213623333493973,-77.17840648744146
83822,incendio,-7.0191,-76.302
83827,no_incendio,-6.071472336019086,-77.51766701683835
83830,no_incendio,-7.404587411347148,-77.48236039818194
83836,incendio,-5.6468,-75.9266
83838,no_incendio,-6.56383921503927,-77.29970461755646
83839,no_incendio,-7.180514878638644,-76.37224014179314
83847,no_incendio,-6.570792838369313,-76.69546655700583
83860,incendio,-7.2271,-76.8256
83866,no_incendio,-7.324938939394847,-75.95193264911674
83869,incendio,-7.0436,-76.8704
83873,no_incendio,-6.843242986862935,-76.83119639273687
83881,incendio,-5.9796,-76.1042
83882,incendio,-6.2535,-76.2695
83883,incendio,-7.1366,-76.3969
83884,incendio,-8.2874,-76.3065
83890,no_incendio,-7.20916394163281,-76.74882653338932
83909,incendio,-7.1097,-76.8726
83911,no_incendio,-5.43456938003646,-77.14557166496017
83913,incendio,-8.4601,-76.1999
83917,incendio,-8.392,-75.5254
83930,no_incendio,-6.876747971648932,-77.24294547673294
83931,no_incendio,-6.476078930269108,-76.12579467837428
83937,incendio,-6.2022,-76.7054
83938,no_incendio,-7.016303677309179,-76.9039929620138
83940,no_incendio,-5.792851962577258,-76.65055869681397
83941,no_incendio,-6.5566936857722204,-75.61062777982464
83944,incendio,-7.4559,-77.586
83945,no_incendio,-6.640978763936889,-76.01901055862061
83946,no_incendio,-5.8418090063734045,-77.13859458576027
83948,no_incendio,-6.526663320909917,-76.57498858502044
83952,no_incendio,-5.463870053471811,-75.65012298252523
83959,no_incendio,-5.743430295637575,-75.75862128750796
83963,no_incendio,-7.217659712736239,-77.32767615298005
83973,no_incendio,-7.517938460168555,-75.88430182253087
83975,incendio,-7.2702,-76.6563
83976,no_incendio,-5.928689882467539,-76.93806009407633
83979,no_incendio,-5.326540128955467,-75.8192880237214
83980,incendio,-7.0851,-76.4082
83982,no_incendio,-6.448815154104584,-76.42577979137852
83988,no_incendio,-5.716829315463946,-76.6884283959595
83989,no_incendio,-7.221811632536515,-77.44262630315019
83994,incendio,-7.031,-76.8755
84011,incendio,-6.6295,-76.4189
84014,no_incendio,-7.597875070160168,-76.24368895263702
84028,no_incendio,-5.815055199872086,-76.00054370091742
84034,incendio,-5.7821,-76.5025
84037,no_incendio,-5.798251230559933,-76.03303003317315
84042,no_incendio,-7.388452210624765,-77.20638603731945
84064,no_incendio,-5.5906358261862135,-76.29132470815453
84089,no_incendio,-5.913444133925558,-76.54061399484421
84096,incendio,-7.1407,-76.118
84102,incendio,-6.6389,-76.2663
84103,incendio,-8.3873,-76.2776
84121,no_incendio,-6.319184567250436,-76.7615595241715
84125,incendio,-7.3638,-76.5673
84126,incendio,-5.804,-76.5978
84132,incendio,-7.9714,-77.59
84135,incendio,-5.8871,-75.8727
84146,incendio,-7.2476,-76.2845
84149,incendio,-7.1262,-76.0639
84156,no_incendio,-6.060981828013205,-76.61589601950963
84172,incendio,-7.1319,-77.0686
84180,incendio,-8.792,-76.2788
84181,no_incendio,-5.572804894965716,-76.96734256320798
84184,incendio,-7.8824,-76.701
84188,incendio,-6.7395,-76.3608
84193,incendio,-7.063,-76.8342
84200,incendio,-6.9015,-76.7191
84205,no_incendio,-6.949415512269831,-76.30894649629607
84208,no_incendio,-5.985543510791079,-75.55610035209125
84213,no_incendio,-7.292464300747621,-76.5588244421564
84214,incendio,-7.175,-76.3153
84215,no_incendio,-7.322683908671553,-75.62004317838583
84227,no_incendio,-6.267765286846349,-75.88438881089547
84231,incendio,-6.5957,-76.7185
84232,incendio,-7.1193,-76.8901
84238,incendio,-6.4488,-75.9342
84239,incendio,-6.1577,-75.6803
84242,no_incendio,-6.309912628737243,-75.57235857764702
84246,no_incendio,-5.9130091622376435,-77.42859659593488
84247,incendio,-6.873,-76.7935
84251,incendio,-6.2686,-75.8383
84252,incendio,-5.8402,-76.5159
84258,incendio,-7.4985,-76.3745
84263,no_incendio,-5.411652077381302,-77.27749728778487
84266,incendio,-6.8302,-76.1005
84276,no_incendio,-6.4535066542887805,-75.68187662159364
84279,no_incendio,-5.309022549050947,-77.11989827113337
84281,incendio,-7.0632,-76.8642
84282,incendio,-5.8093,-77.3453
84283,incendio,-7.8656,-77.6741
84286,no_incendio,-6.394447416910339,-77.43791713673666
84297,no_incendio,-7.103154809386207,-75.80011378156274
84302,incendio,-7.3724,-76.5426
84305,incendio,-6.0466,-76.1567
84319,incendio,-8.4286,-76.2432
84321,incendio,-5.7166,-76.3849
84327,no_incendio,-6.5878777950259835,-76.78969667476908
84329,no_incendio,-5.487726308644033,-76.61547130884777
84342,no_incendio,-6.921582299532002,-76.91163158233097
84358,incendio,-6.0615,-77.1712
84359,no_incendio,-7.347439584652955,-75.60819024208901
84367,incendio,-7.374,-76.7326
84368,incendio,-7.4365,-76.5952
84373,no_incendio,-7.280960307883033,-76.7904575448365
84374,no_incendio,-7.188428352306568,-77.29319926370498
84384,incendio,-6.0236,-75.9475
84386,incendio,-8.3585,-76.2858
84387,incendio,-7.4745,-76.45
84396,incendio,-6.3453,-75.6958
84411,incendio,-5.9456,-77.3058
84414,incendio,-6.7967,-76.4921
84424,incendio,-7.1114,-76.1244
84430,incendio,-5.5741,-76.244
84431,no_incendio,-5.4956287964108785,-77.39970137101125
84438,no_incendio,-6.929929012030064,-76.37345248925105
84442,no_incendio,-6.238722534494159,-76.96599757551694
84443,incendio,-7.1725,-76.382
84445,incendio,-8.1758,-76.967
84448,incendio,-6.7371,-76.712
84452,no_incendio,-5.776169281760538,-76.2627640653975
84456,incendio,-7.5017,-77.5254
84462,incendio,-6.3958,-77.4809
84463,incendio,-5.7435,-76.6358
84468,no_incendio,-5.5084858154243905,-75.90684850496002
84473,no_incendio,-7.237010441563305,-76.53847008307255
84475,no_incendio,-6.6046403916429695,-76.28478273774354
84480,incendio,-7.1371,-76.9229
84481,no_incendio,-7.307422219905113,-77.49030389420659
84483,incendio,-8.625,-76.7171
84486,no_incendio,-5.393926083579098,-77.3710588373999
84494,no_incendio,-5.952998836149447,-76.87323092409342
84501,no_incendio,-5.332810022685264,-77.2800936729228
84514,no_incendio,-6.8267458836303225,-76.04005920267028
84515,incendio,-6.7554,-76.6913
84528,no_incendio,-5.62794321017974,-76.97851232659868
84529,incendio,-6.7114,-77.3211
84531,incendio,-5.8938,-76.1184
84533,no_incendio,-5.603013181516009,-76.25847933744605
84542,no_incendio,-6.766715492175258,-75.83761083407144
84546,incendio,-5.8433,-75.9592
84547,incendio,-7.3668,-76.8237
84549,no_incendio,-6.2888093914419265,-77.49498781950011
84556,no_incendio,-7.391380566669081,-77.4628689446306
84565,incendio,-7.087,-76.2494
84574,incendio,-7.263,-76.1698
84576,no_incendio,-6.931875285155776,-76.66650164489808
84580,incendio,-6.0168,-76.3243
84581,incendio,-7.3323,-76.514
84582,incendio,-7.4324,-76.6149
84590,no_incendio,-5.99701125020352,-76.97976479165838
84592,incendio,-5.9393,-77.0822
84595,no_incendio,-7.436110407887001,-75.68288184576566
84601,incendio,-6.9062,-76.4191
84605,incendio,-6.5614,-75.5155
84606,incendio,-5.8002,-77.2602
84607,no_incendio,-5.8012341650518415,-77.26448001518449
84623,incendio,-6.2678,-76.7011
84626,no_incendio,-6.0017769805371435,-76.54978075200272
84631,incendio,-6.8942,-76.5929
84633,incendio,-7.372,-76.5701
84644,incendio,-5.7401,-77.4259
84650,no_incendio,-6.7738595150234,-76.75356063625604
84671,no_incendio,-6.036441893158909,-77.04639807589722
84678,no_incendio,-7.451217530868493,-77.29241876502243
84681,no_incendio,-5.763287542306629,-76.16197141222403
84689,incendio,-7.066,-76.6443
84695,incendio,-5.3931,-76.7625
84706,no_incendio,-6.289769348042763,-76.37261989446091
84708,incendio,-6.6783,-76.5344
84716,incendio,-7.6219,-76.5152
84720,incendio,-7.3554,-77.7116
84721,no_incendio,-5.586947404667705,-76.96796502244129
84724,no_incendio,-7.129420427701822,-76.64460899492764
84733,no_incendio,-6.709679366409026,-76.89232327371961
84734,incendio,-6.5239,-76.5411
84736,no_incendio,-5.850181936909551,-76.55690064785173
84742,incendio,-6.078,-77.0771
84752,incendio,-5.821,-76.1671
84757,no_incendio,-6.7988040085111265,-76.15084820178622
84764,no_incendio,-7.316787466069986,-76.85337730809154
84766,no_incendio,-7.2086548700460105,-76.60794035176814
84768,incendio,-7.1264,-76.8571
84775,incendio,-6.8437,-76.6484
84778,incendio,-6.5074,-76.4642
84782,no_incendio,-7.274554626570461,-76.9282272101623
84790,no_incendio,-7.394254404476224,-75.68500027222532
84800,no_incendio,-6.337978623244148,-76.14189325491108
84802,no_incendio,-7.063019746501072,-77.52481749302208
84803,no_incendio,-5.945782975612446,-75.78933619991895
84805,no_incendio,-5.6492373233613264,-76.13173612706044
84806,incendio,-6.4904,-76.3653
84808,incendio,-8.6956,-76.1627
84817,no_incendio,-5.714958817536613,-75.57831712461974
84821,no_incendio,-7.53303009358015,-76.30539007678105
84836,incendio,-8.7971,-76.0871
84840,no_incendio,-6.473718077481412,-77.49661278682977
84848,no_incendio,-5.60941962880499,-76.52987242241865
84850,incendio,-6.605,-76.409
84860,no_incendio,-5.508118125742636,-76.08158705053927
84874,incendio,-6.7811,-76.9153
84876,incendio,-7.2073,-76.3688
84885,no_incendio,-6.236752944768423,-75.59185038594902
84886,incendio,-8.7323,-76.1123
84907,incendio,-7.7158,-76.498
84909,incendio,-6.9239,-76.823
84910,no_incendio,-6.581475655282046,-76.92813918096854
84914,incendio,-6.7458,-76.1171
84930,incendio,-8.6201,-76.1771
84936,incendio,-5.8313,-77.3384
84937,no_incendio,-5.369370124540203,-77.53041632467286
84957,no_incendio,-7.2339632492782835,-76.73433396854956
84959,no_incendio,-5.533837838145786,-75.72558753064112
84960,incendio,-7.2656,-76.7423
84962,incendio,-5.7789,-77.2832
84981,no_incendio,-6.6577808572271095,-76.08571031789008
84985,incendio,-7.1177,-76.0927
84989,incendio,-5.8861,-76.1283
84997,incendio,-8.2954,-75.5355
85000,incendio,-6.4989,-76.9987
85006,incendio,-6.611,-76.7327
85007,incendio,-7.0647,-76.439
85008,incendio,-5.8978,-76.26
85017,no_incendio,-5.944967093704828,-76.821322517604
85025,incendio,-6.9632,-76.5558
85027,incendio,-8.6279,-76.1917
85031,no_incendio,-6.155520945491134,-76.36382237627095
85037,incendio,-7.3315,-76.0913
85046,incendio,-6.0664,-76.049
85047,incendio,-5.8982,-76.1199
85049,no_incendio,-6.66782718852246,-77.11974959426693
85055,incendio,-5.7356,-76.1986
85068,no_incendio,-5.636606643396935,-75.65023157423232
85088,incendio,-6.1685,-76.1483
85098,no_incendio,-5.8332062747008715,-77.144406205254
85105,incendio,-8.2589,-77.2429
85108,incendio,-6.8805,-76.5182
85130,no_incendio,-7.128591277381194,-76.12302141097119
85132,incendio,-8.7362,-76.9591
85136,no_incendio,-5.752813156227562,-76.08854343765152
85147,no_incendio,-5.937825755560712,-77.54131014900841
85150,incendio,-6.2043,-76.1415
85153,incendio,-7.3243,-76.0514
85159,no_incendio,-6.650069273774372,-77.45753589439983
85165,incendio,-8.2765,-76.5693
85166,no_incendio,-5.652384048618223,-75.53477074714212
85167,incendio,-7.3201,-76.5415
85174,no_incendio,-5.530786000980501,-76.91418709127078
85179,no_incendio,-5.569129164967829,-76.89146867970102
85180,no_incendio,-6.56383921503927,-77.29970461755646
85183,no_incendio,-6.258662070362653,-76.50630572261905
85184,no_incendio,-6.061517131296685,-76.40854652459227
85185,no_incendio,-6.38076556073537,-76.97858606969272
85204,no_incendio,-6.299525540013742,-76.28555400177144
85206,incendio,-5.3104,-75.7574
85214,no_incendio,-7.381229378022176,-76.50096695875145
85230,incendio,-5.8944,-76.2851
85235,no_incendio,-7.147843120370421,-77.31448550971452
85236,no_incendio,-6.09585600344774,-76.33181330264762
85241,incendio,-6.2346,-75.8256
85257,no_incendio,-6.799158296280013,-76.12149634545402
85261,incendio,-6.1059,-75.6766
85277,incendio,-7.4236,-76.6221
85279,no_incendio,-7.150450269408023,-77.18839409410428
85285,no_incendio,-6.825057480379352,-77.49883680928833
85287,no_incendio,-5.523529920939882,-76.82301748630859
85304,incendio,-6.9852,-76.85
85306,incendio,-7.2355,-76.9958
85324,incendio,-5.4729,-76.7626
85326,no_incendio,-5.335389403596253,-76.01475499828726
85330,no_incendio,-6.899424280300874,-76.07403591805503
85331,no_incendio,-5.493534251624167,-76.05824936892388
85344,no_incendio,-5.763287542306629,-76.16197141222403
85348,incendio,-5.7986,-76.2608
85349,incendio,-6.7601,-76.678
85355,no_incendio,-7.4291899383099445,-76.99344952239323
85359,no_incendio,-6.536633754882988,-75.61074686603133
85360,incendio,-6.1379,-75.9781
85391,incendio,-6.0547,-76.9039
85394,incendio,-7.325,-76.1645
85397,incendio,-6.5688,-75.5632
85402,incendio,-7.2909,-76.2571
85406,incendio,-7.2933,-76.2972
85410,no_incendio,-5.892046618415954,-75.8070084390832
85423,no_incendio,-6.949692499954961,-75.51362477388832
85424,no_incendio,-5.324098127661911,-75.87007348182945
85425,no_incendio,-6.30791982416226,-77.35125522509678
85439,incendio,-6.6586,-76.638
85444,no_incendio,-5.5629279584591815,-75.58676722265717
85447,no_incendio,-5.349144496195418,-77.4530143461394
85454,incendio,-5.8361,-77.0697
85463,no_incendio,-6.8812608532922095,-77.14870823308875
85469,incendio,-7.3336,-76.6354
85475,no_incendio,-6.249020318613046,-76.4027093403235
85476,no_incendio,-6.982455617549805,-76.38860618436227
85482,incendio,-8.1912,-76.5152
85484,incendio,-6.0949,-76.779
85494,no_incendio,-7.509252354285814,-75.54465114823546
85503,no_incendio,-5.906320557671209,-76.16456069117528
85515,no_incendio,-5.6690325033862985,-76.00961558964393
85519,no_incendio,-6.32771136024187,-76.57421098232008
85526,incendio,-8.3717,-76.3949
85531,incendio,-6.8561,-76.4157
85532,incendio,-6.481,-75.671
85533,no_incendio,-5.6909060907931215,-77.03642215530066
85543,incendio,-7.6732,-76.7427
85547,incendio,-7.9972,-77.5431
85555,incendio,-7.3644,-76.5588
85558,no_incendio,-7.538314078144,-77.29454051960317
85562,no_incendio,-6.174948624269397,-76.36859139619342
85565,incendio,-8.3281,-76.5563
85567,no_incendio,-6.3065520769299415,-76.52048775212563
85569,incendio,-6.3174,-75.8426
85574,incendio,-7.2313,-77.6724
85577,incendio,-6.5713,-77.7459
85579,incendio,-6.8778,-77.7584
85605,no_incendio,-5.41267692948794,-75.94332607139869
85607,incendio,-8.3839,-77.3
85610,incendio,-5.7309,-76.1822
85620,no_incendio,-6.246302114010693,-75.65691913180889
85623,incendio,-7.3895,-76.7168
85624,no_incendio,-7.575264155010306,-76.7671801072031
85627,incendio,-5.3483,-76.606
85641,incendio,-6.7722,-76.5736
85651,no_incendio,-6.5631659761878876,-77.17426169429598
85658,no_incendio,-5.577290052521281,-76.32966434490925
85664,incendio,-8.5272,-75.5479
85671,no_incendio,-5.388800568828812,-75.76427198080877
85673,no_incendio,-6.99195397313016,-76.34349235416961
85674,incendio,-8.0063,-76.6873
85678,incendio,-7.3479,-76.586
85680,incendio,-8.6878,-76.6935
85682,no_incendio,-7.384620420011121,-76.77592855304549
85685,incendio,-8.5238,-75.5623
85686,no_incendio,-6.026656147123168,-76.76469510540855
85688,incendio,-7.467,-76.3867
85692,no_incendio,-5.719203795161454,-76.0632701523621
85694,no_incendio,-6.564347270784287,-75.8738633840426
85696,incendio,-5.6677,-76.4186
85697,no_incendio,-6.037617039183259,-75.8633441160442
85703,incendio,-6.3289,-76.3165
85713,incendio,-7.5816,-76.4332
85720,no_incendio,-5.411652077381302,-77.27749728778487
85727,no_incendio,-6.937667134670242,-75.79567614590403
85734,incendio,-7.0694,-76.1917
85737,no_incendio,-6.4985912391976255,-76.97886285295857
85738,no_incendio,-7.509252354285814,-75.54465114823546
85748,no_incendio,-6.1305152501535805,-77.20692971202396
85751,incendio,-8.7193,-76.8494
85756,incendio,-7.3535,-76.7682
85759,incendio,-6.495,-76.3809
85760,incendio,-5.7462,-76.4524
85769,incendio,-5.8863,-77.228
85771,incendio,-6.1622,-76.0434
85779,no_incendio,-6.1773004933773406,-76.41533827057219
85783,incendio,-7.2346,-76.3409
85787,incendio,-8.4502,-77.5933
85788,no_incendio,-5.701666858501454,-75.71059369687181
85789,no_incendio,-7.010242517235748,-76.48324440357516
85805,incendio,-5.8066,-77.283
85809,incendio,-5.7511,-76.1281
85817,no_incendio,-5.977954403238399,-75.89740788010133
85822,no_incendio,-5.840692906003626,-75.51734872601975
85824,incendio,-8.3095,-76.575
85825,no_incendio,-7.5964500853796,-76.68614160369373
85841,no_incendio,-5.7927379696305294,-76.1467304713267
85847,incendio,-8.5199,-75.5676
85852,incendio,-6.848,-76.9489
85856,no_incendio,-5.591020062659783,-76.63960042736485
85858,no_incendio,-5.300946297144839,-75.60535100286195
85859,incendio,-7.2615,-76.8048
85861,incendio,-6.1403,-76.4242
85875,incendio,-7.0011,-76.2317
85877,no_incendio,-6.101755608454697,-76.27461032148798
85883,no_incendio,-7.433764184828395,-76.19895087453514
85907,incendio,-7.1307,-77.7486
85909,incendio,-5.9229,-77.089
85910,incendio,-6.0449,-76.2037
85911,incendio,-5.3353,-76.5284
85918,incendio,-7.028,-77.091
85928,incendio,-7.0547,-76.2782
85932,incendio,-6.7197,-77.4441
85944,incendio,-6.5172,-77.4885
85945,incendio,-5.8659,-76.1483
85950,incendio,-6.9773,-76.9047
85960,incendio,-7.1452,-76.3324
85964,incendio,-7.2563,-77.0693
85982,no_incendio,-7.173287597971678,-76.70987433367677
85985,no_incendio,-5.473631906137981,-76.93641473945902
85990,no_incendio,-6.300702389014246,-76.09062532956851
85994,incendio,-6.7691,-76.83
85995,no_incendio,-5.715486446619464,-76.01643684362058
86009,incendio,-8.7357,-76.2677
86015,no_incendio,-6.306399139576039,-77.35464424704278
86023,no_incendio,-6.541834413903653,-76.37649272286701
86024,incendio,-6.6626,-76.6578
86025,no_incendio,-6.353424809181855,-75.63008762129351
86027,no_incendio,-7.086048466965619,-75.60482526516276
86033,no_incendio,-5.315751930648007,-75.74182512731494
86047,no_incendio,-6.281173626920689,-76.33798845589783
86048,no_incendio,-6.5096234782459765,-76.05722709745423
86056,incendio,-7.2839,-76.1037
86069,no_incendio,-6.9560251993392335,-75.65244127896328
86083,no_incendio,-6.475196466130733,-76.70818383406251
86092,incendio,-5.6891,-77.1389
86094,no_incendio,-5.532392079747417,-76.92136640270547
86100,incendio,-7.1362,-76.5651
86106,no_incendio,-6.325765977825784,-76.5205147871752
86111,incendio,-7.437,-76.5432
86112,incendio,-5.9934,-76.209
86117,incendio,-6.6193,-76.1296
86120,no_incendio,-5.698299617649455,-76.9877048304902
86126,no_incendio,-6.980328156805363,-75.58165966551039
86134,no_incendio,-6.4985442390610055,-76.03499831358806
86149,no_incendio,-6.110682442761524,-75.77734593920329
86158,incendio,-8.6461,-76.7979
86163,incendio,-8.7594,-76.3316
86181,incendio,-7.3924,-76.7069
86189,incendio,-5.944,-76.5031
86190,incendio,-7.022,-76.1099
86192,no_incendio,-5.7004509848014004,-77.00274161441278
86197,incendio,-7.141,-76.5678
86199,incendio,-5.8269,-76.9175
86201,incendio,-6.7848,-76.9442
86227,no_incendio,-5.55191314269425,-76.59129090689653
86236,incendio,-7.2405,-76.8641
86237,no_incendio,-6.797106100623743,-77.05206366790144
86241,no_incendio,-5.928392145710498,-76.5403998802667
86246,incendio,-6.6543,-75.7118
86250,no_incendio,-7.527611322889828,-76.67002527157386
86258,incendio,-6.0348,-76.9743
86259,no_incendio,-6.444054607789215,-75.60852282337595
86260,incendio,-8.7735,-76.2628
86264,no_incendio,-6.9256501234330665,-77.07157879837493
86271,incendio,-7.58,-76.5267
86278,incendio,-6.8862,-76.8228
86279,incendio,-7.1939,-76.4882
86284,incendio,-8.7936,-76.2455
86286,no_incendio,-6.416369783766856,-77.46099434503463
86291,incendio,-7.259,-76.6564
86301,no_incendio,-6.250766771982882,-76.67346707047133
86303,no_incendio,-5.599508739006035,-77.02715299547113
86313,no_incendio,-6.386409016523069,-76.00200785601628
86314,no_incendio,-6.634394542999118,-75.58281910991994
86317,incendio,-7.0336,-77.0856
86323,no_incendio,-5.875159377973664,-77.1185525314163
86326,no_incendio,-7.56354574516261,-76.00460014183221
86329,no_incendio,-7.208517788052751,-77.27726682011853
86337,no_incendio,-6.993239612195546,-76.80617132397158
86338,incendio,-5.7262,-76.0065
86339,incendio,-7.2078,-76.728
86345,incendio,-6.0505,-75.9831
86354,incendio,-7.3806,-76.4153
86364,no_incendio,-6.5305605417841495,-76.81567387832536
86365,incendio,-6.6287,-77.3586
86374,incendio,-6.3681,-76.7924
86382,no_incendio,-5.826125398643272,-77.25978841596924
86386,no_incendio,-5.65117658577255,-75.62263099163508
86396,incendio,-5.9744,-75.826
86402,incendio,-7.6731,-76.7642
86406,no_incendio,-5.971167138004345,-76.3740699604034
86410,no_incendio,-6.801666192426729,-76.32704638741743
86434,incendio,-6.3993,-76.6468
86435,no_incendio,-6.266506898778969,-76.33689278886196
86443,incendio,-8.4691,-76.2801
86445,no_incendio,-5.9969306066925245,-75.59395245076587
86446,incendio,-7.9439,-76.7139
86449,incendio,-6.1439,-76.1027
86450,incendio,-8.2081,-76.4067
86458,no_incendio,-6.1156293221158835,-76.01949781132349
86459,no_incendio,-5.735941781602204,-77.496325680402
86460,no_incendio,-6.905014878753814,-76.49698867319515
86466,no_incendio,-7.462397570030293,-76.92952452237982
86475,incendio,-6.0556,-76.8768
86479,no_incendio,-7.319106221775668,-76.84964608294781
86480,no_incendio,-5.412071364186887,-77.00251056339543
86483,incendio,-8.1872,-76.5134
86493,incendio,-5.796,-76.4702
86495,no_incendio,-7.43096053916798,-75.91112977240851
86496,no_incendio,-5.8418090063734045,-77.13859458576027
86500,no_incendio,-5.465266875680572,-76.24842900681286
86505,incendio,-6.9528,-76.8981
86507,no_incendio,-7.579867389663157,-75.5999817001758
86515,incendio,-7.361,-76.0376
86517,no_incendio,-7.516029592309847,-76.17814319860955
86518,incendio,-8.6225,-76.5858
86519,no_incendio,-7.37285257220338,-75.85397128431137
86531,no_incendio,-6.664505823088651,-77.4814157749719
86532,incendio,-6.1995,-76.3282
86540,no_incendio,-6.445065985748936,-76.72870674097753
86551,incendio,-7.0689,-76.4385
86555,no_incendio,-6.933627852118379,-76.33514816727585
86557,no_incendio,-6.959314262350769,-76.76578066872496
86559,incendio,-5.8162,-75.9519
86572,incendio,-7.1488,-76.9906
86577,no_incendio,-6.845497704977086,-76.65360984481556
86587,no_incendio,-5.406105166280382,-76.83363539988324
86588,incendio,-6.8686,-76.5996
86607,no_incendio,-5.886501214348173,-76.17373588365827
86618,no_incendio,-5.802962540732335,-76.09136975008678
86619,incendio,-5.9257,-76.2696
86620,no_incendio,-6.135395550199937,-77.01659159261982
86633,incendio,-7.5611,-76.6859
86640,no_incendio,-5.932677032359028,-76.67039982026421
86644,incendio,-7.3511,-76.9246
86646,no_incendio,-6.763422719650261,-75.74420107703415
86647,incendio,-8.6749,-76.8964
86648,incendio,-6.9206,-77.7
86658,incendio,-6.6402,-76.6473
86664,incendio,-6.7515,-76.5523
86669,incendio,-5.8207,-76.2167
86670,no_incendio,-6.0889717541826,-76.72492959412638
86673,incendio,-7.1736,-76.7309
86691,incendio,-7.6776,-76.5095
86713,no_incendio,-7.414290181747748,-76.25230691949652
86716,no_incendio,-6.375064281525175,-76.76531716856294
86717,no_incendio,-5.382192721085108,-75.80513455395052
86718,incendio,-7.1341,-76.377
86720,incendio,-7.5988,-76.5909
86731,incendio,-8.5918,-77.1178
86732,no_incendio,-7.5993037570991975,-77.49364640835546
86736,incendio,-5.8052,-77.2734
86742,no_incendio,-5.603013181516009,-76.25847933744605
86744,no_incendio,-6.7392978420431415,-76.19966664513106
86746,no_incendio,-5.959932705913599,-76.9795248154579
86754,no_incendio,-5.463870053471811,-75.65012298252523
86762,incendio,-7.4409,-76.562
86780,incendio,-5.4798,-76.5389
86785,incendio,-6.777,-76.4747
86786,incendio,-6.1413,-75.7047
86789,no_incendio,-6.467420438436691,-76.19360941434292
86794,no_incendio,-6.646019680443848,-77.50514894077688
86800,no_incendio,-7.371625145918922,-75.70238603258082
86801,no_incendio,-6.8824524173967765,-77.12203229237878
86803,incendio,-5.8041,-77.2662
86807,no_incendio,-6.825822993237503,-77.04144362527458
86808,incendio,-8.6059,-76.6572
86811,no_incendio,-6.5749903992962055,-76.89683303442592
86825,incendio,-7.2815,-76.0834
86830,no_incendio,-6.998414939340265,-75.67912715079014
86831,incendio,-7.7508,-76.7105
86834,incendio,-6.4757,-75.7636
86837,no_incendio,-6.808642932215501,-75.79916533133496
86848,incendio,-7.7192,-76.7459
86859,incendio,-7.1501,-76.3941
86860,incendio,-7.1683,-76.728
86865,no_incendio,-5.712986091901971,-76.69466982249243
86867,no_incendio,-7.45728200774953,-76.98588787498541
86871,no_incendio,-5.807568980791382,-75.59957931060934
86878,no_incendio,-6.7449829270010735,-76.32449330393015
86881,no_incendio,-5.68780625145824,-76.2124414549356
