id,category,latitude,longitude
12,incendio,-5.8548,-77.0825
13,no_incendio,-5.900355019577343,-76.50972621036057
14,incendio,-5.4729,-76.7668
25,incendio,-8.7825,-77.6487
27,incendio,-7.3245,-76.2875
31,no_incendio,-7.485621627002571,-76.9594043618508
32,incendio,-6.0074,-75.9734
35,no_incendio,-7.312843125933768,-75.51939324111113
36,incendio,-5.3249,-76.4386
45,incendio,-7.2996,-76.44
60,no_incendio,-6.575273134907994,-75.71241319767115
64,no_incendio,-6.976092489979531,-77.35059361204593
65,incendio,-6.8226,-76.9756
75,no_incendio,-7.446777051363318,-75.55823277277759
77,no_incendio,-6.929511458644296,-75.83962565372784
84,incendio,-7.525,-76.4671
88,incendio,-6.2371,-76.1341
89,no_incendio,-6.48340164417584,-76.67965578486029
102,incendio,-7.6968,-77.5053
105,incendio,-7.1615,-76.8802
111,incendio,-7.3292,-76.062
128,incendio,-6.6658,-77.0031
133,no_incendio,-6.777339583024972,-77.16983093641421
134,no_incendio,-7.448422790645704,-75.84545299813023
141,no_incendio,-7.418524326808485,-76.32670813744515
147,no_incendio,-6.100924085847581,-75.50738744279523
148,incendio,-5.6273,-76.6446
159,incendio,-6.175,-76.2753
176,incendio,-6.9705,-76.5358
179,incendio,-6.312,-76.647
185,no_incendio,-6.942876340672963,-76.33358150381483
191,no_incendio,-5.525166300103762,-76.64412404917219
196,incendio,-7.4646,-76.5593
197,no_incendio,-7.299495014578471,-76.02669026239053
200,incendio,-6.8781,-76.8717
212,incendio,-5.759,-77.1172
214,incendio,-5.639,-76.513
219,incendio,-7.5696,-76.7046
221,no_incendio,-6.590453070259288,-76.04913179233263
225,incendio,-6.9823,-76.1676
231,incendio,-7.4467,-76.6381
246,incendio,-7.7575,-76.7684
254,no_incendio,-6.535104750481092,-76.08251249993276
266,incendio,-8.4865,-77.0021
269,incendio,-7.1987,-77.0236
272,incendio,-7.4686,-76.389
273,incendio,-5.9759,-76.2832
277,incendio,-5.8644,-76.0035
278,no_incendio,-6.439049170355273,-77.46289627422017
284,incendio,-7.1478,-76.8489
286,incendio,-6.9098,-76.268
291,no_incendio,-7.181016545835497,-77.14662187463146
298,no_incendio,-5.441244045280792,-76.19936571316805
305,no_incendio,-6.040687375273645,-76.93582583750656
307,no_incendio,-5.811469366759115,-76.0719190251322
309,no_incendio,-6.9821795229188215,-77.4814837765738
311,no_incendio,-6.22948269148436,-77.46060172999928
314,no_incendio,-5.921387481016298,-75.640821414452
315,incendio,-6.8153,-76.5237
318,incendio,-7.2342,-76.4128
330,incendio,-7.0855,-76.8773
332,no_incendio,-5.454661580886559,-77.46777785872058
336,incendio,-5.9404,-76.2607
340,no_incendio,-6.3427644504242675,-77.35180398852548
341,no_incendio,-6.006937780860308,-77.45432250461575
342,no_incendio,-6.395505819847665,-76.99761432969862
343,incendio,-7.161,-76.4725
348,no_incendio,-5.504024274503536,-76.47223087280436
350,no_incendio,-5.380924923914102,-76.12851157268119
352,incendio,-8.7652,-76.1176
363,no_incendio,-6.089075896633828,-77.11331132604498
367,incendio,-8.4094,-77.3878
376,incendio,-7.2099,-76.8743
380,no_incendio,-7.241586175081285,-75.60658029783822
381,incendio,-8.7545,-76.255
387,incendio,-7.2327,-76.6349
392,no_incendio,-6.974678823081742,-77.45775985292939
393,incendio,-5.3255,-76.5431
394,no_incendio,-5.775752820945428,-75.77309666724678
395,no_incendio,-7.488895468406661,-77.22046866095448
396,incendio,-5.7748,-76.513
402,incendio,-7.0255,-76.583
404,incendio,-7.5166,-76.5442
412,no_incendio,-6.377187733554232,-75.74684740899566
433,incendio,-6.6854,-76.6406
439,incendio,-7.4052,-76.5346
442,incendio,-7.2301,-76.6966
453,incendio,-7.3032,-76.9934
459,incendio,-6.5466,-76.8459
468,incendio,-6.4059,-75.749
477,no_incendio,-6.165061446367449,-75.9664591742673
481,no_incendio,-6.378539891531966,-75.71550711436312
484,incendio,-7.16,-76.8515
493,incendio,-6.9724,-76.7814
499,incendio,-7.5943,-76.6327
500,incendio,-6.7019,-77.3048
508,incendio,-7.6974,-76.7803
510,incendio,-8.5394,-75.5177
513,no_incendio,-7.451217530868493,-77.29241876502243
516,no_incendio,-7.327169653945901,-75.96963671647885
520,no_incendio,-7.217469611041255,-75.6059674027119
521,no_incendio,-5.335389403596253,-76.01475499828726
525,no_incendio,-6.525952464139444,-76.13787075319888
534,no_incendio,-5.459589434430045,-76.77318023823041
537,no_incendio,-6.756685989962618,-75.83002754028344
540,incendio,-7.4116,-76.7993
544,incendio,-8.069,-77.4034
553,no_incendio,-6.228351070264562,-77.26637950725386
556,no_incendio,-6.281173626920689,-76.33798845589783
561,no_incendio,-7.433177363041198,-76.83037064638081
567,incendio,-8.3587,-76.3452
573,incendio,-5.7119,-76.2058
574,incendio,-7.4805,-76.601
580,no_incendio,-7.369405359299169,-75.53775524923043
588,no_incendio,-6.8812608532922095,-77.14870823308875
590,incendio,-6.1756,-76.3421
596,no_incendio,-5.543275857949961,-76.36401463997392
600,no_incendio,-5.504024274503536,-76.47223087280436
602,incendio,-6.9919,-76.3039
610,incendio,-7.3274,-76.6696
615,incendio,-5.6577,-76.5107
617,no_incendio,-6.15602894819134,-76.33768833426039
618,incendio,-6.874,-76.9693
623,incendio,-6.6297,-76.6453
624,incendio,-6.2641,-75.9329
626,incendio,-6.1383,-76.3891
631,incendio,-6.1706,-77.0176
632,no_incendio,-6.328050055589178,-77.0850887708193
634,no_incendio,-6.684698936601428,-75.64362761188839
635,no_incendio,-6.089075896633828,-77.11331132604498
636,no_incendio,-5.704328166594409,-76.92480673286192
637,incendio,-6.1676,-77.4758
638,no_incendio,-5.592455159672106,-77.05696823462097
643,incendio,-7.5802,-76.388
659,incendio,-7.2434,-77.0442
676,no_incendio,-7.527307126647749,-77.12744201881532
678,incendio,-7.23,-76.6143
679,incendio,-8.5257,-77.0545
683,no_incendio,-6.299525540013742,-76.28555400177144
685,incendio,-5.7135,-76.0856
695,incendio,-6.6148,-76.533
697,no_incendio,-6.742426821485937,-75.840077033376
701,incendio,-6.5663,-76.58
705,no_incendio,-5.323979357908248,-75.76496426046252
706,incendio,-7.132,-76.9078
712,no_incendio,-6.042344688075439,-75.58423135699039
713,incendio,-7.3089,-75.5604
723,incendio,-7.6171,-76.4554
724,incendio,-8.4738,-76.3682
728,no_incendio,-6.606517162327486,-77.4629258839616
729,incendio,-7.3345,-76.9482
731,incendio,-8.4134,-76.2886
736,no_incendio,-6.673178207902485,-77.4048318758823
742,incendio,-5.6801,-77.5249
745,incendio,-7.7047,-76.7866
746,incendio,-7.2641,-76.7634
749,incendio,-6.2859,-75.8132
754,incendio,-5.7965,-76.3729
755,no_incendio,-6.834902492352533,-77.15059777266319
757,incendio,-7.5591,-76.396
760,no_incendio,-6.521871195981789,-77.46615975017302
763,no_incendio,-6.043030962073811,-76.47604236953148
765,incendio,-6.79,-76.9205
769,incendio,-8.0094,-77.6171
772,incendio,-6.8493,-76.5002
775,incendio,-7.5663,-76.5062
778,incendio,-6.8772,-76.6064
785,incendio,-7.3442,-76.5629
786,incendio,-8.5835,-77.2182
791,incendio,-6.8936,-76.8723
795,incendio,-7.7071,-76.462
798,no_incendio,-5.393627530051222,-76.7881303458327
802,incendio,-6.8791,-76.3459
805,no_incendio,-5.3860874889168056,-76.83704410013208
813,no_incendio,-5.353246300739066,-75.96334736686653
822,incendio,-7.1039,-76.213
825,incendio,-8.5817,-76.1049
829,incendio,-8.4822,-77.0652
833,incendio,-7.2289,-76.4754
838,no_incendio,-6.390597266026688,-76.66038678496503
844,incendio,-5.9715,-76.2898
846,no_incendio,-7.227645324559791,-75.66978466195862
848,no_incendio,-6.228351070264562,-77.26637950725386
857,no_incendio,-6.808753435004469,-75.58127871175964
859,incendio,-6.0315,-75.7807
862,no_incendio,-6.696116083768962,-76.75572773731696
865,incendio,-7.4378,-76.5921
866,incendio,-7.5218,-76.5625
874,no_incendio,-7.597875070160168,-76.24368895263702
883,incendio,-7.0064,-76.811
884,incendio,-7.4927,-76.6619
889,no_incendio,-6.525571951158751,-77.30569775147015
894,no_incendio,-7.3912095148136645,-77.03017853882585
899,no_incendio,-7.010465391222765,-75.64374453725225
902,incendio,-7.6437,-76.6282
909,incendio,-7.5775,-76.7007
910,no_incendio,-7.566170057674632,-77.33420456007225
918,incendio,-6.8288,-76.4942
919,incendio,-7.2691,-76.653
920,incendio,-6.2836,-76.2746
927,incendio,-7.5252,-76.819
930,incendio,-6.7446,-76.4584
932,no_incendio,-5.69836641593065,-75.72287872908569
933,no_incendio,-6.2585048621667685,-76.21326265306386
935,incendio,-6.5645,-76.5629
937,no_incendio,-5.5670313248345,-75.99876018929933
943,incendio,-7.5363,-76.6606
950,no_incendio,-6.134868701694113,-76.84593822630983
955,incendio,-6.8592,-76.7635
956,incendio,-5.7375,-76.0904
961,incendio,-6.3535,-76.321
962,incendio,-5.7332,-77.3364
964,no_incendio,-5.504024274503536,-76.47223087280436
965,incendio,-6.0018,-76.1864
972,incendio,-5.8954,-76.1114
974,incendio,-6.8122,-76.2199
976,incendio,-7.0911,-76.9512
978,no_incendio,-5.424572995842199,-76.6735765187215
979,incendio,-6.7496,-76.5047
981,no_incendio,-6.950538468924696,-76.07104877103448
982,incendio,-6.9093,-76.1895
993,no_incendio,-7.26944697761503,-76.97064413485722
1005,no_incendio,-5.4986752575716835,-76.99704879250469
1006,incendio,-6.313,-76.0824
1008,incendio,-7.2867,-76.0786
1010,no_incendio,-5.942412033073392,-76.99723759620795
1011,incendio,-7.3379,-76.5487
1015,incendio,-7.2732,-76.6309
1016,no_incendio,-6.576004984769571,-77.51523302793387
1022,incendio,-6.2235,-76.1969
1024,no_incendio,-5.739545483497391,-76.77757497448552
1025,no_incendio,-6.1476999130544865,-77.34007485362595
1029,no_incendio,-7.4286037527901305,-75.69674631092113
1035,no_incendio,-5.7532005563442,-76.81683301115936
1039,no_incendio,-6.9213010558098045,-76.33886424086654
1044,incendio,-7.4052,-76.7043
1046,no_incendio,-5.450166959625918,-77.00835031536832
1052,incendio,-7.3404,-76.8731
1053,no_incendio,-5.626490573988114,-76.90197669049898
1062,incendio,-8.6509,-76.1036
1063,no_incendio,-6.718454996800395,-75.59317309755335
1065,incendio,-7.2639,-76.9944
1069,incendio,-7.4893,-76.5485
1072,incendio,-7.7808,-76.6783
1076,incendio,-6.3452,-76.1093
1077,no_incendio,-7.040747836565641,-76.40061304391803
1079,no_incendio,-6.631390870435434,-77.17543848057095
1082,no_incendio,-6.081920488696037,-77.43393189597795
1087,no_incendio,-7.089719383654557,-75.94940066492136
1092,no_incendio,-6.545046135469808,-77.4695217022142
1093,no_incendio,-5.592384500349762,-76.12339689137886
1094,incendio,-5.7816,-77.26
1096,no_incendio,-7.409421605310309,-75.83681236527086
1103,no_incendio,-5.885065132570478,-75.64334405460914
1107,incendio,-5.9364,-75.9838
1114,no_incendio,-6.559793328628168,-75.94281873717337
1115,no_incendio,-6.090705105654209,-75.76196358722034
1120,no_incendio,-7.157163278516986,-76.9354632282693
1121,incendio,-7.6642,-77.4969
1127,no_incendio,-7.227645324559791,-75.66978466195862
1133,no_incendio,-6.672836316039594,-77.21035813191263
1140,incendio,-6.3015,-75.8321
1151,incendio,-7.1743,-76.6441
1153,no_incendio,-5.409587022918446,-76.44819351401671
1164,no_incendio,-6.8707527834716435,-77.1546220579287
1170,no_incendio,-6.378539891531966,-75.71550711436312
1172,no_incendio,-6.1592934714330285,-77.34475903708392
1173,incendio,-5.9693,-76.2257
1187,no_incendio,-7.552000736404346,-77.05977682552361
1189,incendio,-7.4617,-76.4143
1190,incendio,-8.5213,-76.4741
1194,no_incendio,-5.879613359801567,-75.64585304449614
1201,incendio,-7.0586,-76.7046
1202,incendio,-7.0939,-76.2149
1205,no_incendio,-5.7006314608305315,-76.5774762709844
1215,incendio,-7.7013,-76.6815
1218,incendio,-7.4898,-76.4731
1219,incendio,-7.2226,-77.0605
1224,no_incendio,-5.41267692948794,-75.94332607139869
1230,no_incendio,-6.547946119465311,-76.58716239935082
1232,incendio,-6.7691,-76.5818
1235,no_incendio,-6.304617864281926,-76.60193669802109
1238,no_incendio,-6.93526933500558,-76.94440022861454
1240,incendio,-6.2022,-75.9945
1262,no_incendio,-6.026656147123168,-76.76469510540855
1263,no_incendio,-7.103154809386207,-75.80011378156274
1264,incendio,-7.5606,-76.5045
1267,no_incendio,-6.576004984769571,-77.51523302793387
1277,no_incendio,-5.326609511462546,-75.7438155508771
1278,no_incendio,-7.0805818707385395,-75.71658427890108
1279,incendio,-6.5433,-76.5697
1284,incendio,-8.4858,-76.4142
1285,incendio,-7.3156,-76.6016
1286,incendio,-6.9963,-76.5443
1311,incendio,-7.3368,-76.5519
1330,no_incendio,-5.924081807664306,-77.5419305607915
1339,incendio,-7.2329,-76.7975
1340,no_incendio,-5.4986752575716835,-76.99704879250469
1347,no_incendio,-5.3992279096164255,-77.51525342091976
1350,incendio,-6.8507,-76.7927
1359,no_incendio,-6.589846765006126,-76.67564163824959
1364,no_incendio,-7.5348116135080625,-76.04270078901092
1365,incendio,-7.9181,-75.5499
1366,incendio,-7.6868,-76.5035
1375,incendio,-6.4679,-76.5449
1382,incendio,-6.8499,-76.5792
1383,incendio,-7.5049,-76.63
1387,incendio,-5.6943,-77.4781
1393,incendio,-7.3501,-76.5666
1394,incendio,-5.5531,-76.6958
1395,no_incendio,-7.294379319518731,-75.60933586901135
1398,no_incendio,-5.984669195028871,-76.49551058575585
1401,no_incendio,-5.894898869067559,-77.35176843132272
1405,no_incendio,-5.4225864404931166,-77.44996456310464
1415,incendio,-7.324,-76.908
1417,incendio,-5.9323,-76.2727
1423,incendio,-6.3249,-76.0889
1426,incendio,-6.5996,-77.5812
1432,no_incendio,-5.339988911138568,-75.94604419335825
1439,incendio,-8.5279,-76.4452
1441,incendio,-8.0215,-76.6627
1450,incendio,-6.7349,-76.8685
1456,incendio,-5.7414,-76.108
1460,incendio,-8.7009,-76.116
1474,incendio,-7.0483,-76.2071
1478,incendio,-7.0559,-76.6436
1480,incendio,-6.9174,-76.2683
1482,no_incendio,-5.658384235826694,-76.44208065955317
1484,incendio,-5.8264,-76.0228
1496,no_incendio,-7.183923927473843,-76.41258057222892
1514,incendio,-8.5652,-76.3723
1516,incendio,-6.1916,-76.4088
1518,no_incendio,-7.028663799217614,-75.85033836524988
1520,incendio,-7.3749,-76.4962
1521,no_incendio,-5.424572995842199,-76.6735765187215
1523,incendio,-8.7947,-76.2339
1524,incendio,-7.4203,-76.4585
1527,no_incendio,-5.802372431085104,-75.57878108958735
1532,no_incendio,-5.62794321017974,-76.97851232659868
1538,no_incendio,-6.266506898778969,-76.33689278886196
1541,incendio,-5.6764,-76.1714
1545,no_incendio,-5.817722164420606,-76.05024701906109
1546,no_incendio,-7.153254312142147,-75.61931012295983
1558,incendio,-7.2758,-76.5922
1560,no_incendio,-6.602549423318465,-77.00681560184587
1564,incendio,-6.4903,-76.3614
1576,incendio,-8.6052,-76.8847
1579,no_incendio,-5.800663587251775,-77.2156236281296
1584,incendio,-7.0279,-76.6337
1587,no_incendio,-7.108875568796339,-76.54317690372051
1590,incendio,-7.5736,-76.4915
1596,no_incendio,-5.7870347665351245,-76.83855785035811
1601,incendio,-7.3637,-76.4031
1604,no_incendio,-5.870407571755855,-76.43899593158982
1606,incendio,-6.9819,-76.8454
1607,incendio,-5.9062,-76.2959
1616,incendio,-6.4929,-76.3546
1633,no_incendio,-5.3579190970036175,-75.71127050256207
1637,incendio,-5.8341,-76.2883
1638,no_incendio,-7.448422790645704,-75.84545299813023
1639,incendio,-6.1432,-76.9224
1644,incendio,-5.9091,-75.928
1648,incendio,-5.6806,-77.5197
1649,incendio,-7.029,-76.8953
1651,no_incendio,-7.059198382146936,-75.77593999522976
1657,incendio,-6.6971,-77.3354
1665,no_incendio,-7.487103293775268,-76.06526148025002
1666,no_incendio,-6.3028561898427915,-76.27802291650278
1671,incendio,-6.0136,-75.7497
1687,incendio,-6.678,-76.634
1691,incendio,-6.4898,-76.3505
1692,no_incendio,-6.8808047229850295,-76.28180482094469
1695,incendio,-6.6865,-76.6374
1708,incendio,-6.6242,-76.6731
1709,no_incendio,-5.641271222445664,-77.2589065650696
1712,no_incendio,-6.622512429028128,-75.69288323438259
1715,incendio,-7.1202,-76.2283
1720,no_incendio,-5.968870459553349,-76.92149677654932
1724,no_incendio,-6.726779286673033,-77.03336380719702
1726,incendio,-7.3189,-76.5875
1729,no_incendio,-6.163392021425101,-76.6587242460342
1737,no_incendio,-7.52002816732032,-76.85728021112728
1739,incendio,-7.0292,-76.2394
1741,no_incendio,-5.5670313248345,-75.99876018929933
1742,no_incendio,-7.261878534754229,-75.78596746234152
1745,incendio,-6.1591,-75.7074
1746,incendio,-6.8528,-76.9841
1747,incendio,-7.47,-76.5864
1751,incendio,-7.5595,-76.5426
1757,incendio,-7.1116,-76.7196
1762,incendio,-7.3378,-76.7303
1763,no_incendio,-5.46295343513328,-75.95414593487065
1768,no_incendio,-5.8513705657504405,-76.02980196988514
1772,incendio,-7.4651,-76.5518
1781,no_incendio,-6.269160672028454,-77.26185240867942
1783,incendio,-7.1086,-76.5816
1795,no_incendio,-6.062840602584927,-76.70237486789418
1796,no_incendio,-6.38076556073537,-76.97858606969272
1800,no_incendio,-6.599702785570768,-77.42370077864948
1801,incendio,-7.2851,-77.0246
1808,incendio,-7.3572,-76.6417
1810,no_incendio,-7.205543641449294,-77.21195261449198
1811,incendio,-6.1192,-76.7897
1814,no_incendio,-5.9638581047952375,-75.97775046224217
1816,incendio,-6.0946,-75.7968
1821,no_incendio,-7.510787208532104,-75.93881161563174
1823,no_incendio,-5.306363621970229,-76.4042560042154
1824,incendio,-5.7096,-76.2598
1830,no_incendio,-7.5702550538704605,-75.67821320807053
1839,no_incendio,-7.532869703153675,-75.62377754135032
1840,no_incendio,-5.89795943446839,-76.15835756218627
1841,no_incendio,-6.812854444766214,-76.31590409569822
1848,incendio,-6.5113,-76.5922
1849,no_incendio,-5.673007856969957,-76.8124122789181
1851,incendio,-6.3538,-75.5769
1861,incendio,-8.1907,-76.515
1876,no_incendio,-6.1592934714330285,-77.34475903708392
1884,incendio,-7.1389,-76.3463
1888,incendio,-7.1413,-76.3099
1891,no_incendio,-6.156050459707027,-75.66218917207854
1910,incendio,-8.3542,-76.7425
1924,incendio,-6.9906,-76.8357
1933,no_incendio,-5.49005851410074,-77.39191865885853
1934,no_incendio,-6.228351070264562,-77.26637950725386
1941,incendio,-5.7317,-75.8379
1947,no_incendio,-5.3088507793034125,-76.33692970134372
1951,incendio,-5.7411,-77.4427
1952,incendio,-8.2281,-76.5973
1954,incendio,-6.3352,-75.8993
1957,no_incendio,-7.084883582406477,-76.16691642079259
1965,no_incendio,-5.688886934346843,-77.36422749238871
1977,incendio,-7.116,-77.0662
1978,no_incendio,-6.266506898778969,-76.33689278886196
1982,incendio,-7.3522,-76.8313
1987,no_incendio,-6.308143679517888,-75.54381617905881
1988,no_incendio,-7.516228282019169,-75.89484036620722
1994,incendio,-6.9228,-76.7356
1999,no_incendio,-7.487103293775268,-76.06526148025002
2008,incendio,-6.6872,-76.486
2013,no_incendio,-5.863508615293079,-77.5457929030888
2015,no_incendio,-6.394447416910339,-77.43791713673666
2018,no_incendio,-6.165139577023006,-77.17733248367045
2026,incendio,-6.9037,-76.6879
2034,no_incendio,-6.539751025490163,-75.79612657062603
2036,no_incendio,-7.19668087361042,-76.2603633805298
2040,no_incendio,-7.079367268286084,-75.74962590729507
2053,incendio,-6.1923,-76.2107
2060,incendio,-8.5166,-76.3084
2079,incendio,-6.4919,-76.8084
2093,incendio,-7.005,-76.7006
2094,no_incendio,-7.173287597971678,-76.70987433367677
2100,incendio,-7.1949,-76.8736
2112,no_incendio,-6.010451782777754,-76.65548557621318
2121,incendio,-5.9812,-77.0599
2125,incendio,-7.3557,-76.5755
2132,no_incendio,-5.632530971200962,-77.47788862342078
2135,incendio,-8.5947,-76.3597
2137,incendio,-7.3126,-76.2082
2144,no_incendio,-5.919068188390441,-77.36605426382134
2147,no_incendio,-6.140503448389999,-75.89152757203433
2149,incendio,-6.8961,-76.2435
2150,incendio,-5.9016,-76.0061
2153,incendio,-6.5113,-75.6663
2155,incendio,-7.2993,-76.7338
2157,incendio,-5.8045,-77.1807
2167,no_incendio,-6.3280159994888185,-76.39673641063581
2168,incendio,-7.3226,-76.3789
2173,incendio,-7.418,-76.5503
2174,no_incendio,-5.767157423041838,-75.60792843558447
2180,no_incendio,-7.589730303914846,-76.05435857716274
2188,incendio,-7.357,-76.5854
2191,no_incendio,-7.493540878148328,-76.20838654108637
2200,no_incendio,-5.786742413220336,-77.47906670461887
2202,no_incendio,-6.1400329007098495,-75.77782950002863
2203,incendio,-5.6194,-75.898
2214,no_incendio,-6.720013389410524,-76.18246932103828
2217,incendio,-7.4807,-76.5925
2218,no_incendio,-5.366911069115064,-77.28733600522496
2219,incendio,-8.1314,-77.5659
2220,no_incendio,-7.394254404476224,-75.68500027222532
2221,no_incendio,-7.188266062247751,-75.80338733044515
2222,incendio,-6.8958,-76.5449
2226,no_incendio,-6.7663153524803406,-76.63107432313332
2235,incendio,-8.4629,-76.3749
2245,no_incendio,-6.71467279372098,-77.07743264874856
2257,incendio,-6.3565,-76.3126
2261,no_incendio,-5.95558763459201,-75.58088985962372
2265,no_incendio,-6.6588540055381635,-76.3643446123623
2267,incendio,-6.3299,-76.1455
2268,incendio,-7.5028,-77.2956
2280,incendio,-7.5851,-76.6402
2288,incendio,-6.9645,-76.1015
2293,incendio,-7.3368,-76.6077
2295,incendio,-7.3378,-76.3934
2299,no_incendio,-6.876747971648932,-77.24294547673294
2302,incendio,-6.8378,-76.4795
2313,no_incendio,-7.547004527368286,-77.14424900414204
2315,incendio,-7.3132,-76.8252
2328,no_incendio,-6.654532009707288,-75.5305999621871
2333,incendio,-5.7537,-76.6294
2336,incendio,-7.124,-76.2191
2342,no_incendio,-7.401018606692293,-76.00185651713339
2358,incendio,-7.1999,-76.5244
2366,no_incendio,-7.4438050568529475,-75.8809717620132
2368,no_incendio,-5.585507984340333,-75.53590045517545
2369,no_incendio,-6.146020638711784,-75.61071933850509
2390,incendio,-7.3017,-76.1198
2396,incendio,-7.1129,-76.187
2399,no_incendio,-5.855088798772725,-76.8781669555971
2403,no_incendio,-6.23470396402255,-76.94332145347941
2404,no_incendio,-5.561920884041726,-75.5653879895247
2407,incendio,-8.6581,-76.7825
2413,no_incendio,-5.9638581047952375,-75.97775046224217
2414,no_incendio,-7.552000736404346,-77.05977682552361
2416,incendio,-5.8942,-76.3545
2419,no_incendio,-7.265385570436415,-76.15256195898944
2424,incendio,-5.917,-75.9456
2425,incendio,-6.3302,-75.8644
2431,incendio,-6.9268,-76.6987
2432,no_incendio,-7.230653311251528,-76.66188363656903
2434,no_incendio,-5.83234820585484,-77.1167119832574
2435,incendio,-7.3972,-76.252
2440,no_incendio,-6.709679366409026,-76.89232327371961
2441,no_incendio,-5.7980276983387755,-76.60461534978732
2445,no_incendio,-6.081931713189248,-77.21688851873837
2447,incendio,-7.6984,-76.5093
2459,incendio,-8.0276,-76.6391
2461,incendio,-8.4653,-76.3794
2464,incendio,-8.7008,-76.301
2467,incendio,-5.6265,-77.5889
2468,incendio,-5.9356,-76.4478
2470,incendio,-5.7948,-76.3876
2472,incendio,-7.4426,-76.4693
2473,no_incendio,-5.9729308547052575,-77.19584889522876
2474,incendio,-7.0849,-76.9123
2475,incendio,-7.0692,-76.7918
2476,no_incendio,-5.559553740329016,-76.98206356543957
2482,no_incendio,-5.855822399079694,-75.69747959221154
2489,incendio,-7.4935,-76.4294
2497,no_incendio,-6.439049170355273,-77.46289627422017
2503,no_incendio,-5.99701125020352,-76.97976479165838
2508,no_incendio,-6.1922155906112035,-75.54995561422898
2531,incendio,-5.6311,-76.6715
2532,no_incendio,-7.333298288226105,-76.42146225481947
2533,no_incendio,-5.853989818371729,-76.78866763757419
2537,no_incendio,-6.480910366032293,-76.46284954850665
2538,no_incendio,-5.83234820585484,-77.1167119832574
2541,incendio,-6.8752,-76.6546
2549,no_incendio,-7.188428352306568,-77.29319926370498
2552,no_incendio,-6.741440234624422,-77.09605125719467
2554,no_incendio,-6.569933219427762,-75.5278161670118
2560,incendio,-6.8023,-76.7851
2562,no_incendio,-6.775595026700855,-77.38152365692504
2570,no_incendio,-5.944935096517128,-76.18780832521988
2576,incendio,-7.0841,-76.4975
2582,incendio,-6.8503,-76.5093
2587,no_incendio,-5.7783488736056645,-77.39085635603547
2590,incendio,-6.3635,-76.7373
2592,incendio,-7.3046,-76.9648
2596,incendio,-6.9747,-76.7886
2605,no_incendio,-7.278446400857449,-77.33703515392486
2608,incendio,-8.5835,-76.5713
2619,incendio,-7.1521,-76.835
2630,no_incendio,-6.216596629515713,-76.33055988016247
2632,incendio,-5.9425,-76.2138
2633,no_incendio,-5.976563784411299,-76.98024729252694
2637,incendio,-7.6682,-76.5049
2643,no_incendio,-6.74885592845062,-76.02672128613708
2651,incendio,-5.6893,-75.9131
2652,incendio,-6.5133,-75.6676
2657,incendio,-8.4581,-76.4972
2661,incendio,-7.5238,-76.715
2670,incendio,-7.6148,-76.4879
2674,incendio,-6.4833,-76.8358
2675,incendio,-6.8273,-76.606
2683,no_incendio,-6.4548358961700885,-76.10226827896288
2685,incendio,-8.2961,-77.03
2688,incendio,-7.8433,-76.7508
2693,incendio,-8.5187,-76.4192
2695,no_incendio,-6.883760214306626,-75.62202390814382
2703,no_incendio,-7.324938939394847,-75.95193264911674
2707,incendio,-6.7508,-76.6536
2709,no_incendio,-5.370065008448104,-77.20634043748042
2713,no_incendio,-7.343476837968453,-76.86299220846689
2717,no_incendio,-6.557560588378224,-76.50430262965486
2719,incendio,-6.679,-76.6406
2720,incendio,-6.2614,-75.9125
2721,incendio,-6.8566,-76.4087
2731,incendio,-7.4662,-76.4436
2733,incendio,-6.9558,-76.5242
2734,incendio,-7.1988,-76.6672
2737,incendio,-8.5287,-76.4982
2744,no_incendio,-6.519206979509828,-76.45089641887259
2745,incendio,-7.2608,-76.7731
2747,incendio,-5.9716,-77.236
2756,incendio,-7.3392,-76.949
2763,no_incendio,-6.15602894819134,-76.33768833426039
2777,no_incendio,-6.736884280770205,-76.9775738185435
2780,incendio,-5.6471,-76.5624
2791,incendio,-7.212,-76.6292
2800,incendio,-7.1006,-77.5801
2801,no_incendio,-7.508397223486154,-75.66150958377543
2811,no_incendio,-5.369357026240305,-77.2031702822179
2812,incendio,-8.4206,-76.4974
2825,incendio,-5.8917,-76.1143
2826,no_incendio,-7.392389482278091,-76.3604718116053
2827,incendio,-7.1463,-76.3646
2829,incendio,-7.4667,-76.3849
2842,incendio,-7.2491,-76.4106
2847,incendio,-5.9612,-76.9835
2848,incendio,-7.3376,-76.7088
2851,no_incendio,-5.647813944563046,-75.98631579821414
2862,no_incendio,-5.786742413220336,-77.47906670461887
2865,no_incendio,-6.7988040085111265,-76.15084820178622
2866,no_incendio,-7.27421571842906,-77.20818796800718
2875,incendio,-5.792,-77.4138
2883,incendio,-6.0269,-76.2136
2891,incendio,-7.3728,-76.8027
2892,no_incendio,-6.1849308797193405,-77.44943428599332
2909,no_incendio,-7.0287390386317705,-77.03724597379518
2910,no_incendio,-7.152157832421082,-77.44831592237493
2915,no_incendio,-6.930372562741588,-76.24468121546766
2919,incendio,-6.1715,-76.2708
2925,incendio,-8.6965,-76.2974
2926,no_incendio,-5.733857068651538,-76.80904901377532
2929,no_incendio,-7.523343048173316,-75.60465669486607
2930,incendio,-5.7389,-76.365
2933,incendio,-7.7856,-76.7417
2936,no_incendio,-5.632530971200962,-77.47788862342078
2948,incendio,-6.7453,-76.2234
2953,no_incendio,-6.929539925837722,-76.05337955826667
2963,incendio,-7.3714,-76.7927
2967,no_incendio,-6.006937780860308,-77.45432250461575
2974,incendio,-6.87,-76.5827
2976,no_incendio,-6.682240904919321,-76.14970898536502
2987,no_incendio,-6.6229879670061225,-75.80299704996388
2988,no_incendio,-7.146199438472306,-75.63802434726938
2992,incendio,-6.7525,-76.6419
2994,no_incendio,-5.944935096517128,-76.18780832521988
2999,no_incendio,-7.397102442990121,-76.86665660281676
3004,no_incendio,-6.272889262540646,-77.34340996973071
3014,incendio,-6.9635,-76.7897
3035,incendio,-7.5326,-76.6461
3041,no_incendio,-5.504827246357519,-77.16574913944
3043,no_incendio,-7.288794185700048,-76.06129578328853
3045,incendio,-7.0388,-76.19
3058,no_incendio,-5.402348170521421,-77.02463779239379
3061,incendio,-8.7037,-76.8146
3064,incendio,-6.9569,-76.612
3069,no_incendio,-6.834902492352533,-77.15059777266319
3076,incendio,-7.1522,-76.2181
3077,no_incendio,-5.473631906137981,-76.93641473945902
3079,no_incendio,-6.819960436835468,-75.76204305997081
3086,no_incendio,-5.562529025700048,-76.57485709284715
3095,incendio,-8.6647,-76.1193
3102,incendio,-7.1364,-76.294
3109,incendio,-8.6023,-76.2935
3115,no_incendio,-6.007112604816549,-77.29204800487722
3124,incendio,-7.8687,-76.7284
3130,incendio,-7.2997,-76.1142
3131,incendio,-5.8387,-75.9972
3132,no_incendio,-6.842130861811311,-76.61529209965812
3138,no_incendio,-6.4156514594615395,-77.50323228806793
3147,incendio,-5.7511,-76.1356
3151,incendio,-7.2465,-76.6346
3153,no_incendio,-7.1362153859124,-76.23261669430515
3156,no_incendio,-6.2816422432891255,-75.61454508391762
3158,incendio,-5.6624,-76.6217
3165,no_incendio,-7.43096053916798,-75.91112977240851
3168,incendio,-7.4168,-76.6416
3172,incendio,-6.4471,-75.9294
3175,no_incendio,-6.4800299159294745,-75.86986955910662
3176,no_incendio,-6.391692174987462,-77.10791126635735
3182,incendio,-7.3251,-76.2607
3187,no_incendio,-7.086474485794749,-76.34589785341001
3188,no_incendio,-6.677775402102643,-76.83019542388436
3204,no_incendio,-6.781601843650596,-77.34861421933648
3208,no_incendio,-5.455465993485473,-76.16419328270247
3209,no_incendio,-6.367884072608207,-76.17501426406548
3210,no_incendio,-7.257884674103633,-77.06798922780067
3211,no_incendio,-5.99701125020352,-76.97976479165838
3222,incendio,-6.4608,-77.6249
3224,no_incendio,-5.882545131668422,-77.4252687375934
3226,no_incendio,-7.250518418431454,-77.39731384590523
3228,no_incendio,-6.041174269159521,-76.02071621272385
3229,incendio,-7.4558,-76.4642
3232,incendio,-6.139,-76.299
3233,no_incendio,-7.307422219905113,-77.49030389420659
3252,no_incendio,-5.62794321017974,-76.97851232659868
3264,incendio,-5.7513,-76.221
3265,no_incendio,-6.135395550199937,-77.01659159261982
3266,no_incendio,-6.043030962073811,-76.47604236953148
3270,no_incendio,-7.298931793323789,-76.42163494937755
3272,no_incendio,-7.298931793323789,-76.42163494937755
3273,no_incendio,-6.48340164417584,-76.67965578486029
3274,incendio,-7.5459,-76.7966
3280,no_incendio,-7.547362899320046,-75.73565468655677
3281,no_incendio,-6.911054339106914,-76.61694946054432
3315,no_incendio,-7.579867389663157,-75.5999817001758
3318,no_incendio,-5.384324497906241,-76.81955746951022
3328,incendio,-6.5649,-76.4189
3329,no_incendio,-6.353424809181855,-75.63008762129351
3337,no_incendio,-6.8053340000464315,-76.39338208242373
3341,no_incendio,-5.91369294253363,-76.91673941934057
3350,no_incendio,-5.353246300739066,-75.96334736686653
3355,incendio,-6.5847,-76.1069
3357,incendio,-6.0731,-76.162
3365,no_incendio,-6.20119371633988,-76.87236267556213
3368,incendio,-8.7116,-76.7153
3369,incendio,-5.761,-76.5145
3380,no_incendio,-6.649475670478298,-75.86589242526365
3395,no_incendio,-5.380924923914102,-76.12851157268119
3396,no_incendio,-5.348479960720765,-76.73008143184053
3399,no_incendio,-7.150750883364853,-76.83628592323717
3412,no_incendio,-7.4500171761306255,-77.030145813453
3424,incendio,-8.3406,-76.3092
3425,incendio,-7.5804,-76.3921
3428,incendio,-5.7446,-76.2427
3431,no_incendio,-7.084883582406477,-76.16691642079259
3439,incendio,-6.9642,-76.4908
3441,incendio,-7.2587,-76.9568
3442,incendio,-6.843,-76.6662
3443,no_incendio,-5.432202072011853,-76.59374002276904
3447,incendio,-7.1923,-76.4537
3456,no_incendio,-6.370648236891197,-76.34077418345667
3458,no_incendio,-6.22948269148436,-77.46060172999928
3459,incendio,-5.6745,-76.2474
3468,no_incendio,-6.948889791528075,-76.04658173737485
3469,no_incendio,-7.221147104950838,-76.3247834569853
3470,incendio,-6.063,-76.1127
3474,no_incendio,-5.631534863423365,-75.5444078955286
3482,incendio,-6.8806,-76.7962
3485,incendio,-8.5612,-76.3176
3489,incendio,-8.3425,-76.2838
3492,incendio,-7.1903,-76.8077
3503,no_incendio,-5.901388111394365,-75.87645660870008
3505,no_incendio,-5.362923654155092,-76.9119868960568
3507,no_incendio,-6.501541232968051,-77.42157786801864
3511,incendio,-7.4693,-76.5535
3512,incendio,-6.5998,-76.7807
3514,no_incendio,-6.980328156805363,-75.58165966551039
3515,no_incendio,-5.4956287964108785,-77.39970137101125
3516,incendio,-8.6726,-76.9384
3519,no_incendio,-6.467906945467672,-76.60396630033286
3525,no_incendio,-5.877091540669871,-76.18474625697182
3539,no_incendio,-5.693308964023421,-77.38488694411686
3542,incendio,-5.7297,-76.2001
3544,no_incendio,-6.845471207648621,-76.36886322454563
3559,incendio,-8.6321,-76.1464
3567,incendio,-8.7217,-76.8863
3571,incendio,-7.5536,-76.7265
3573,no_incendio,-5.787648723882205,-76.3637582070336
3575,incendio,-6.1445,-76.8483
3580,incendio,-8.3617,-76.5304
3582,incendio,-6.5628,-75.6793
3583,no_incendio,-6.695225096779551,-76.23948893389061
3588,incendio,-6.4732,-75.7257
3589,incendio,-5.6858,-76.6763
3595,incendio,-5.8847,-76.0159
3596,incendio,-7.8389,-76.7446
3598,no_incendio,-6.271617281791801,-76.2353167311132
3604,incendio,-5.7051,-76.4169
3612,no_incendio,-7.587620813063947,-76.03285942876866
3613,incendio,-5.6266,-76.6057
3624,incendio,-7.2865,-76.4306
3625,no_incendio,-6.141100932072808,-75.82733820285651
3626,incendio,-6.02,-76.9458
3628,incendio,-5.7538,-77.4958
3637,no_incendio,-6.23470396402255,-76.94332145347941
3639,no_incendio,-6.971890891507541,-75.84725150741345
3650,no_incendio,-5.784820775425025,-76.88322925526231
3667,incendio,-6.0409,-76.1147
3672,incendio,-7.2909,-76.5596
3673,no_incendio,-6.224278076163242,-75.68574152044755
3675,incendio,-6.385,-76.4704
3677,no_incendio,-6.279874050199112,-75.76672987730963
3696,incendio,-7.0494,-76.6005
3707,incendio,-6.9006,-76.9031
3722,no_incendio,-6.569933219427762,-75.5278161670118
3724,no_incendio,-6.061671698446887,-76.35844064270319
3738,incendio,-8.1932,-75.6416
3749,no_incendio,-6.950538468924696,-76.07104877103448
3752,incendio,-7.5161,-76.747
3759,incendio,-8.561,-76.5308
3766,incendio,-8.3838,-76.5096
3767,incendio,-7.432,-76.7243
3768,incendio,-6.3252,-75.8867
3772,no_incendio,-7.059198382146936,-75.77593999522976
3776,incendio,-8.169,-77.0227
3795,no_incendio,-7.217469611041255,-75.6059674027119
3799,no_incendio,-6.904145543477711,-77.38998183817624
3800,no_incendio,-5.519172911219698,-76.89133916809088
3801,no_incendio,-5.380924923914102,-76.12851157268119
3802,no_incendio,-6.491284059337684,-76.25746904489338
3805,incendio,-7.2922,-76.7234
3808,no_incendio,-6.890142536767722,-76.21093731168023
3809,no_incendio,-6.931054749326789,-77.2760800084336
3810,incendio,-6.5916,-76.7814
3815,no_incendio,-5.710479011729555,-76.39175910938613
3826,no_incendio,-7.307422219905113,-77.49030389420659
3830,no_incendio,-7.070198196068285,-76.36379595586068
3831,incendio,-7.0987,-76.2426
3834,incendio,-6.2405,-76.194
3838,incendio,-7.308,-76.4305
3848,no_incendio,-7.537645825070388,-77.33447245653781
3851,incendio,-7.6421,-76.8184
3852,no_incendio,-5.921016028711128,-75.70718586514504
3860,no_incendio,-6.141100932072808,-75.82733820285651
3863,no_incendio,-6.797266617151564,-77.33130374727055
3864,incendio,-6.1729,-76.3932
3867,no_incendio,-7.149817793244048,-76.68995380242758
3870,no_incendio,-6.24016797795497,-75.64844512243143
3871,no_incendio,-7.014916061647587,-75.71674408231947
3877,incendio,-5.8465,-77.0318
3885,no_incendio,-5.747916301571042,-76.94248947046277
3889,no_incendio,-6.801666192426729,-76.32704638741743
3892,incendio,-7.5784,-76.4073
3894,no_incendio,-6.5273014114668,-77.07055670023018
3902,incendio,-7.0276,-76.5925
3905,incendio,-5.8356,-77.2109
3909,incendio,-6.8748,-76.7359
3914,incendio,-5.8919,-77.0598
3930,incendio,-8.73,-76.3769
3931,no_incendio,-5.704328166594409,-76.92480673286192
3935,no_incendio,-6.856229226903604,-75.880120110949
3937,no_incendio,-7.18387555277713,-76.55534207208011
3938,no_incendio,-7.036314510603764,-76.32413479957033
3939,no_incendio,-5.702153316153597,-75.54463550563808
3941,no_incendio,-5.87076697965016,-76.32402567938676
3949,incendio,-6.2109,-76.0863
3950,no_incendio,-6.6015678247259215,-76.27888093028594
3951,no_incendio,-7.340268369426515,-77.43400024997341
3955,incendio,-7.2648,-76.5965
3958,incendio,-6.2167,-75.8161
3961,no_incendio,-5.918920403880599,-75.94938972977876
3969,no_incendio,-5.824960586839608,-76.59374334653756
3977,no_incendio,-7.431414415877487,-76.13136950681124
3979,no_incendio,-5.577424926283962,-75.86385660107669
3983,incendio,-6.693,-76.8283
3993,no_incendio,-6.199486560201427,-77.4221153051421
3995,no_incendio,-5.404889796153065,-75.52356189843724
3996,no_incendio,-6.587743088391281,-75.70665174033093
3999,incendio,-7.2301,-76.7065
4008,no_incendio,-6.9560251993392335,-75.65244127896328
4013,no_incendio,-6.797266617151564,-77.33130374727055
4025,no_incendio,-7.584063938890335,-77.08532363724217
4029,incendio,-5.395,-76.7678
4034,incendio,-6.6421,-77.3391
4038,no_incendio,-7.017817860779479,-76.95461934375838
4042,no_incendio,-7.532917537712722,-76.04821551837472
4049,no_incendio,-5.619318348217799,-76.76258506679603
4051,no_incendio,-6.236752944768423,-75.59185038594902
4054,no_incendio,-6.86277091910318,-76.45893260017807
4058,no_incendio,-6.273383567178642,-76.44114691338451
4065,no_incendio,-7.396293728832261,-76.90325278525978
4069,no_incendio,-6.539751025490163,-75.79612657062603
4073,no_incendio,-7.212746042883999,-76.23580517242253
4080,incendio,-7.0063,-76.216
4092,incendio,-6.276,-75.9206
4096,incendio,-6.5998,-76.9196
4099,incendio,-5.7072,-75.8719
4104,no_incendio,-7.309838483592369,-76.99515991704935
4122,incendio,-7.095,-76.4994
4125,no_incendio,-6.04175420458928,-75.6154818462728
4128,incendio,-7.2793,-76.2328
4138,incendio,-6.537,-76.5741
4140,no_incendio,-6.44311246702837,-76.64720397145403
4141,no_incendio,-6.818883045664746,-77.17747642270048
4142,incendio,-5.8957,-77.1099
4143,incendio,-8.224,-76.5746
4148,no_incendio,-6.893380079192219,-76.030920773184
4150,incendio,-8.4362,-77.1905
4157,incendio,-6.2725,-75.9764
4166,no_incendio,-7.582363301360768,-76.43607509989434
4168,no_incendio,-6.971890891507541,-75.84725150741345
4170,incendio,-5.8516,-77.2016
4191,incendio,-6.6932,-76.4544
4192,incendio,-6.0264,-76.8695
4193,incendio,-6.5954,-76.344
4195,incendio,-6.2905,-75.9361
4197,incendio,-7.4459,-76.5441
4200,incendio,-6.8355,-76.4775
4203,no_incendio,-6.150817748541318,-77.2743773218178
4206,no_incendio,-6.525571951158751,-77.30569775147015
4213,incendio,-8.2557,-76.3753
4220,no_incendio,-7.579948204047341,-77.15279486128607
4223,incendio,-5.8825,-76.3123
4227,incendio,-8.0543,-76.7346
4232,incendio,-5.737,-77.3068
4239,incendio,-7.041,-76.4414
4258,incendio,-7.4447,-76.7046
4259,incendio,-7.3544,-76.5662
4263,incendio,-8.498,-76.3996
4270,incendio,-6.8602,-76.5458
4275,incendio,-5.7605,-76.2593
4278,incendio,-6.2016,-76.8006
4284,incendio,-7.3109,-76.9225
4285,incendio,-6.8568,-76.2389
4286,no_incendio,-6.352348321356028,-75.59610164326816
4288,incendio,-8.3813,-76.5221
4289,no_incendio,-7.394254404476224,-75.68500027222532
4302,incendio,-7.095,-76.8609
4303,no_incendio,-5.482360092898033,-75.75875593827813
4307,incendio,-7.1461,-76.3936
4313,incendio,-8.7689,-76.2371
4315,no_incendio,-6.631390870435434,-77.17543848057095
4318,no_incendio,-5.585507984340333,-75.53590045517545
4328,incendio,-7.2054,-76.2881
4330,incendio,-6.8705,-76.8985
4337,no_incendio,-5.543275857949961,-76.36401463997392
4341,no_incendio,-5.591020062659783,-76.63960042736485
4362,no_incendio,-5.984669195028871,-76.49551058575585
4368,no_incendio,-5.8499481349063265,-76.00423037206916
4371,incendio,-8.3563,-77.2658
4380,no_incendio,-7.201796098982287,-75.59066106327278
4382,incendio,-8.7625,-76.1049
4388,incendio,-8.6036,-76.336
4389,no_incendio,-6.10372793592555,-77.07921750093743
4395,incendio,-6.314,-76.0051
4396,no_incendio,-5.313659040472185,-75.7974059398213
4406,incendio,-6.6303,-76.4292
4420,incendio,-7.5001,-76.5257
4427,no_incendio,-5.622162432874228,-76.70501966558531
4433,incendio,-6.3474,-75.849
4434,no_incendio,-7.474717173105087,-76.9435614717976
4435,no_incendio,-6.850119921397431,-77.18105441991001
4436,incendio,-7.1227,-76.2911
4437,no_incendio,-6.2585048621667685,-76.21326265306386
4438,no_incendio,-6.314113189001013,-76.77593472488475
4443,no_incendio,-6.738442276906446,-76.26128977675305
4444,no_incendio,-6.388532043555506,-76.84726928607184
4445,incendio,-7.2468,-76.6535
4449,incendio,-7.2909,-76.6375
4452,incendio,-7.4865,-76.4613
4453,incendio,-6.5126,-75.6755
4460,incendio,-5.8782,-75.8761
4462,incendio,-6.7837,-76.7026
4467,incendio,-7.1997,-76.2572
4468,no_incendio,-6.949275367929126,-77.03979042014342
4480,no_incendio,-5.315273849835721,-75.96752969040406
4485,incendio,-8.2547,-76.5879
4486,incendio,-5.4937,-76.7261
4489,incendio,-5.9127,-76.1661
4497,incendio,-6.5335,-76.5903
4501,incendio,-5.9024,-76.4028
4511,incendio,-6.17,-76.0951
4515,incendio,-5.7435,-76.4343
4531,no_incendio,-5.317490731831781,-77.05291423448321
4533,incendio,-7.1227,-76.335
4536,no_incendio,-7.014702412265873,-76.4405488433982
4537,incendio,-6.4096,-75.8558
4545,incendio,-6.7185,-76.4752
4553,incendio,-6.1393,-75.7154
4557,incendio,-6.7451,-76.3582
4558,incendio,-5.6753,-76.6557
4559,incendio,-5.979,-76.1527
4561,no_incendio,-6.459421110313875,-76.2975020951517
4580,incendio,-5.814,-77.0441
4583,no_incendio,-7.414688922024766,-76.2476866383002
4586,incendio,-7.1628,-76.6115
4589,no_incendio,-5.931410128051382,-77.48442078407336
4590,no_incendio,-7.282016752291952,-75.89864347181351
4598,no_incendio,-5.563302307050842,-76.50751783358145
4600,incendio,-6.743,-76.43
4603,incendio,-7.2708,-76.9235
4605,incendio,-6.1415,-76.3514
4609,no_incendio,-5.987623594847527,-77.50895445827787
4620,incendio,-7.3268,-76.6889
4622,no_incendio,-6.428027041919373,-76.62475957936073
4623,incendio,-8.1496,-76.5604
4624,no_incendio,-5.453647317604843,-76.59202254288773
4628,incendio,-8.6388,-76.2541
4631,incendio,-6.7085,-76.7587
4649,no_incendio,-5.339033958369073,-76.08006911213882
4658,no_incendio,-7.459517004149713,-75.65348895495933
4664,incendio,-7.4779,-76.55
4671,incendio,-8.499,-76.4379
4675,incendio,-7.3972,-76.3251
4680,no_incendio,-6.702659611656615,-77.00358407805038
4698,incendio,-6.5739,-76.5219
4699,no_incendio,-7.233124705417647,-77.12066793132318
4702,incendio,-7.6982,-77.4692
4706,incendio,-8.5402,-76.1902
4708,incendio,-7.2423,-76.248
4711,no_incendio,-5.397948781588011,-77.53247141487635
4714,incendio,-6.9843,-76.8596
4724,incendio,-7.4151,-76.7696
4728,no_incendio,-6.905350281771543,-75.85773993313076
4734,incendio,-5.3337,-76.2911
4737,no_incendio,-5.979395848987274,-75.81605060669331
4739,incendio,-7.139,-76.5344
4740,incendio,-7.4029,-76.5789
4746,incendio,-5.7787,-75.9845
4748,incendio,-8.5166,-76.5292
4753,incendio,-6.8176,-76.6607
4757,incendio,-6.2314,-75.9465
4760,incendio,-7.2482,-76.771
4765,incendio,-7.3726,-76.3871
4775,incendio,-5.9461,-76.4905
4786,no_incendio,-6.490435100183895,-76.04212659409674
4787,incendio,-8.4081,-76.2629
4791,no_incendio,-5.900355019577343,-76.50972621036057
4798,incendio,-8.6471,-76.2092
4801,no_incendio,-5.826125398643272,-77.25978841596924
4804,no_incendio,-5.389176452484517,-75.81151917065094
4807,incendio,-7.2561,-76.5906
4817,no_incendio,-6.331589003630742,-76.77579913568411
4822,incendio,-5.3204,-76.5337
4839,incendio,-7.3698,-76.558
4842,no_incendio,-6.6817259124413635,-75.77879648666988
4849,incendio,-6.0558,-77.0642
4852,no_incendio,-5.519172911219698,-76.89133916809088
4856,incendio,-6.2403,-75.9428
4858,no_incendio,-6.559185707653601,-77.1814362546677
4862,incendio,-7.9083,-77.7577
4874,incendio,-7.3795,-76.553
4875,no_incendio,-6.84710555088138,-75.520478621097
4877,no_incendio,-5.366911069115064,-77.28733600522496
4879,no_incendio,-6.260382263964365,-75.66215989353373
4884,incendio,-7.3011,-76.1187
4886,incendio,-6.9318,-76.2301
4887,no_incendio,-5.957368180282539,-76.7498768526133
4890,incendio,-5.8002,-76.3655
4900,incendio,-5.9019,-76.2453
4905,no_incendio,-7.388452210624765,-77.20638603731945
4907,no_incendio,-5.971167138004345,-76.3740699604034
4910,no_incendio,-6.402507911708669,-75.63264270737905
4916,no_incendio,-6.876747971648932,-77.24294547673294
4923,no_incendio,-5.89201477503853,-77.2682101013539
4931,no_incendio,-6.914205717609276,-76.21644962030662
4932,no_incendio,-6.304617864281926,-76.60193669802109
4933,incendio,-5.6718,-76.5858
4936,incendio,-7.0181,-76.1964
4940,no_incendio,-6.189900798297541,-77.11922448268243
4955,no_incendio,-7.396293728832261,-76.90325278525978
4959,no_incendio,-6.223322439610729,-75.97460472272981
4961,no_incendio,-5.712970448713469,-77.45936672905775
4963,incendio,-7.1318,-77.0967
4965,no_incendio,-6.7392978420431415,-76.19966664513106
4968,incendio,-6.1113,-76.036
4969,no_incendio,-6.007162927883913,-76.5503319635523
4986,incendio,-6.2801,-75.9666
4987,incendio,-7.3521,-77.7738
4989,no_incendio,-6.1174086914739405,-75.65121133854548
4993,incendio,-8.6311,-76.3299
4994,no_incendio,-5.5896376031918615,-76.35252920094948
4995,no_incendio,-6.327343874329971,-76.29354784738233
4999,incendio,-5.9626,-76.2471
5011,incendio,-6.6047,-76.5692
5018,incendio,-7.1194,-76.8155
5027,incendio,-5.7083,-76.2496
5031,no_incendio,-6.152311336764004,-75.83217280220295
5035,incendio,-6.0612,-76.0713
5036,no_incendio,-6.1922155906112035,-75.54995561422898
5039,incendio,-5.773,-76.1919
5055,incendio,-7.1442,-76.4465
5056,incendio,-5.8538,-76.1026
5057,incendio,-8.0146,-76.7284
5063,incendio,-7.0308,-76.8818
5064,no_incendio,-6.923574495814878,-76.96137100911855
5069,no_incendio,-6.606790602498376,-76.50679708602655
5072,no_incendio,-6.545436147892791,-76.30829128869237
5076,no_incendio,-5.8418090063734045,-77.13859458576027
5078,incendio,-6.6826,-76.8551
5079,no_incendio,-6.1029066882194485,-77.35334666324442
5083,no_incendio,-5.329337229365641,-77.4752371215785
5085,incendio,-6.7127,-76.6247
5091,incendio,-7.5353,-76.5104
5096,no_incendio,-6.242683257012905,-77.09272695265327
5100,incendio,-8.4665,-76.4584
5105,incendio,-7.0533,-76.8356
5106,incendio,-7.1213,-76.6458
5112,no_incendio,-6.606517162327486,-77.4629258839616
5121,incendio,-6.969,-76.3337
5123,incendio,-7.4157,-76.6691
5127,no_incendio,-7.378012032391012,-77.45917085361808
5128,incendio,-6.6382,-76.7522
5134,no_incendio,-6.632429838819291,-76.85546244307059
5137,no_incendio,-5.393926083579098,-77.3710588373999
5140,no_incendio,-7.038481344593258,-77.380855509791
5141,no_incendio,-5.8570726019942425,-76.40667258173919
5148,no_incendio,-5.420009462532595,-77.54497332899014
5152,no_incendio,-7.301995634610949,-77.3052348248029
5158,no_incendio,-7.429446375356516,-77.21947961761848
5161,incendio,-8.7326,-76.1461
5163,incendio,-6.3433,-75.8615
5173,no_incendio,-5.7532005563442,-76.81683301115936
5178,incendio,-8.6673,-76.3151
5183,no_incendio,-7.047404652384161,-75.9921217029406
5184,no_incendio,-7.247461423234719,-75.57023459371909
5185,incendio,-7.2833,-76.3585
5188,no_incendio,-6.0258388422724725,-75.8823418796658
5194,incendio,-6.8063,-76.8293
5203,no_incendio,-6.725956984213016,-76.31094915112595
5208,incendio,-7.5054,-76.5882
5212,no_incendio,-5.594721982840302,-76.73250330554579
5219,incendio,-6.4718,-75.7551
5224,incendio,-7.1617,-76.5228
5226,no_incendio,-5.329749843854847,-75.71078811690217
5230,no_incendio,-6.9821795229188215,-77.4814837765738
5240,no_incendio,-6.559185707653601,-77.1814362546677
5244,incendio,-5.7565,-77.2903
5246,no_incendio,-6.896612666946929,-75.75338049940235
5251,incendio,-7.4605,-76.5735
5252,incendio,-6.5812,-76.1286
5255,incendio,-6.5169,-76.3023
5258,no_incendio,-6.095756407316532,-77.30841425266888
5262,incendio,-6.3381,-76.6646
5264,no_incendio,-6.685185816424632,-76.91349326123884
5270,no_incendio,-7.588515859914238,-76.24969046906399
5276,no_incendio,-7.265246187084699,-76.5857245979165
5277,no_incendio,-7.1205154593131565,-76.76326173892171
5278,no_incendio,-6.902373213948052,-75.80243684170989
5282,no_incendio,-5.919068188390441,-77.36605426382134
5285,incendio,-7.5381,-76.5533
5290,no_incendio,-5.334479044366705,-77.48777820988575
5294,incendio,-7.4621,-76.6013
5295,no_incendio,-6.4776266103105895,-77.14737002070362
5302,no_incendio,-7.485621627002571,-76.9594043618508
5305,no_incendio,-7.14999258790223,-77.27323492320696
5307,no_incendio,-7.234182176376593,-76.40213823666475
5308,no_incendio,-7.218925664720446,-76.08201561394016
5314,incendio,-7.3239,-77.5474
5315,no_incendio,-5.925744830854394,-76.62635370808266
5316,no_incendio,-7.3383676381877665,-77.39694154174633
5321,incendio,-6.604,-76.7852
5323,no_incendio,-7.217469611041255,-75.6059674027119
5326,no_incendio,-5.444716599482646,-75.83682474093726
5328,no_incendio,-7.475453840000244,-77.09283995143899
5332,no_incendio,-6.623625617650361,-76.4412657181978
5335,incendio,-5.7378,-76.0676
5339,no_incendio,-6.1849308797193405,-77.44943428599332
5341,no_incendio,-5.7927379696305294,-76.1467304713267
5343,incendio,-5.8238,-76.3911
5346,incendio,-6.429,-75.9385
5351,no_incendio,-5.9343288832648255,-75.71284400291329
5360,no_incendio,-5.388346448693102,-76.72150148992378
5365,no_incendio,-6.808298154641365,-77.1261442416624
5372,incendio,-7.4169,-76.4646
5373,incendio,-7.1815,-76.6661
5375,no_incendio,-5.532853929708149,-75.98229483983717
5378,no_incendio,-5.630317607867646,-76.28664530211917
5381,no_incendio,-6.1029066882194485,-77.35334666324442
5387,no_incendio,-6.469524270312644,-76.04017356223993
5390,incendio,-6.014,-75.7999
5394,incendio,-6.4165,-75.7767
5398,incendio,-5.8346,-76.2952
5400,no_incendio,-5.411652077381302,-77.27749728778487
5404,incendio,-7.5952,-76.5069
5405,no_incendio,-6.446499470618798,-75.63834110129498
5406,no_incendio,-6.902373213948052,-75.80243684170989
5410,no_incendio,-7.213623333493973,-77.17840648744146
5411,incendio,-6.2717,-76.1743
5412,incendio,-6.1917,-76.2027
5414,no_incendio,-6.86277091910318,-76.45893260017807
5416,incendio,-7.3025,-75.5559
5429,incendio,-6.8133,-76.6985
5433,incendio,-7.1758,-76.3335
5441,incendio,-8.3667,-76.3549
5446,no_incendio,-7.446762207896028,-76.39856521781556
5468,incendio,-7.4835,-76.635
5471,incendio,-7.5951,-76.4606
5478,incendio,-5.4731,-76.6575
5483,no_incendio,-5.968870459553349,-76.92149677654932
5484,no_incendio,-7.2086548700460105,-76.60794035176814
5487,incendio,-6.1753,-76.2438
5488,no_incendio,-5.802372431085104,-75.57878108958735
5492,no_incendio,-5.8012341650518415,-77.26448001518449
5493,no_incendio,-7.597875070160168,-76.24368895263702
5496,incendio,-6.3739,-75.98
5498,no_incendio,-6.146020638711784,-75.61071933850509
5499,incendio,-6.8945,-76.6816
5505,no_incendio,-5.431391280919102,-75.58519659503115
5507,incendio,-7.5389,-76.4712
5508,incendio,-6.6368,-76.4202
5510,no_incendio,-6.424415078222516,-76.56153900049968
5511,no_incendio,-6.922488599265936,-77.20347324801959
5515,no_incendio,-6.272889262540646,-77.34340996973071
5518,no_incendio,-5.691703950902071,-76.93733770607169
5519,no_incendio,-6.772965762366505,-76.27272500681829
5521,no_incendio,-6.9422117979050695,-77.32253174388707
5533,no_incendio,-7.095024308236621,-76.98915064415999
5540,no_incendio,-5.73056432169004,-76.88063042787364
5545,incendio,-6.7207,-76.869
5551,incendio,-7.9426,-76.7221
5555,incendio,-7.3976,-76.6822
5556,no_incendio,-5.5280435147957645,-75.64292390382334
5559,incendio,-7.0014,-76.6864
5568,no_incendio,-6.196820810614756,-77.18695898534692
5573,incendio,-7.3966,-76.869
5586,no_incendio,-7.154379449162653,-76.23880537117174
5589,incendio,-7.2881,-76.5637
5593,no_incendio,-6.726107042288016,-76.4764656532763
5600,no_incendio,-6.925307344468632,-76.89098262738764
5605,no_incendio,-7.480945740497024,-75.88131487548965
5610,incendio,-7.1597,-76.3242
5624,no_incendio,-7.25129246536618,-76.47983941905308
5626,incendio,-7.1128,-77.7006
5643,incendio,-5.6997,-77.3094
5644,incendio,-6.6564,-76.3756
5652,incendio,-5.73,-76.0715
5656,incendio,-7.4024,-76.6083
5662,no_incendio,-5.629475532551382,-77.50061748638073
5667,incendio,-7.9149,-76.682
5668,no_incendio,-5.812760524192122,-77.54920790478845
5671,incendio,-8.1649,-76.48
5675,no_incendio,-7.3912095148136645,-77.03017853882585
5678,no_incendio,-7.433764184828395,-76.19895087453514
5684,incendio,-7.1858,-76.745
5686,no_incendio,-6.9398975097013755,-76.27516039033146
5688,no_incendio,-5.59950907688548,-76.65469517623596
5692,incendio,-6.7671,-76.6909
5693,no_incendio,-6.4643629782720495,-76.22804730377794
5694,incendio,-7.3038,-75.5469
5701,incendio,-5.7506,-76.248
5703,no_incendio,-7.12053033714668,-76.21891493903652
5706,incendio,-7.0815,-77.0414
5707,no_incendio,-7.278446400857449,-77.33703515392486
5708,no_incendio,-5.494377757817533,-77.22053363364685
5710,no_incendio,-6.594872736761388,-76.81244710228094
5717,no_incendio,-6.763948396418463,-75.5008846760666
5719,incendio,-6.5001,-76.7272
5723,no_incendio,-6.1579628470379655,-75.78726893747826
5724,no_incendio,-5.4484392138134945,-75.95921509359859
5727,no_incendio,-6.822682837524565,-76.01658832939721
5729,no_incendio,-5.849265187399489,-77.52081578278697
5731,no_incendio,-7.089179421889268,-75.95457712793731
5732,no_incendio,-6.139224623753688,-76.40308726211332
5740,incendio,-7.3221,-76.4016
5743,incendio,-6.0923,-76.2118
5747,incendio,-7.133,-76.6507
5749,no_incendio,-7.228019173352536,-75.83265543127759
5750,incendio,-5.8205,-76.2397
5759,incendio,-6.5207,-75.6877
5760,no_incendio,-5.525473635438348,-76.97243620940135
5763,incendio,-7.3622,-76.5972
5767,incendio,-8.6723,-76.353
5774,incendio,-6.0849,-76.8177
5775,incendio,-7.2766,-77.0899
5777,no_incendio,-5.841084064265475,-76.47146316885033
5790,incendio,-7.3196,-76.667
5793,incendio,-6.6777,-76.6733
5795,no_incendio,-6.66782718852246,-77.11974959426693
5798,incendio,-5.7067,-76.4697
5801,no_incendio,-7.357911846364595,-77.10667831143273
5810,no_incendio,-5.655403371061297,-77.22066038141541
5811,incendio,-7.3181,-76.9452
5815,no_incendio,-6.7449829270010735,-76.32449330393015
5817,incendio,-6.6474,-76.6576
5818,incendio,-6.2525,-75.9412
5839,no_incendio,-6.770535932670912,-77.17143392593205
5843,incendio,-5.931,-76.261
5845,no_incendio,-5.8332062747008715,-77.144406205254
5849,incendio,-6.3184,-76.2595
5862,no_incendio,-7.278588939327885,-76.4943759510431
5863,incendio,-5.9351,-77.1143
5864,no_incendio,-6.096039133600909,-76.29380539264065
5865,no_incendio,-5.657826113607748,-77.0484188289704
5869,incendio,-7.4473,-76.754
5873,incendio,-5.3151,-76.5022
5876,incendio,-6.3255,-75.9321
5877,incendio,-6.2496,-76.0675
5880,incendio,-5.7424,-76.5077
5889,incendio,-8.5357,-76.3329
5891,no_incendio,-6.041174269159521,-76.02071621272385
5895,incendio,-6.3321,-75.6901
5897,incendio,-8.5352,-76.2895
5900,no_incendio,-7.516228282019169,-75.89484036620722
5901,incendio,-5.4771,-76.7594
5913,no_incendio,-5.3579190970036175,-75.71127050256207
5917,incendio,-6.0673,-75.8597
5920,no_incendio,-5.518725698266722,-76.04231826723102
5924,incendio,-8.3839,-76.4981
5926,no_incendio,-6.741440234624422,-77.09605125719467
5929,no_incendio,-6.525952464139444,-76.13787075319888
5931,incendio,-7.2734,-77.0746
5938,no_incendio,-6.949415512269831,-76.30894649629607
5955,incendio,-8.2295,-76.5713
5958,incendio,-5.3191,-76.3193
5967,no_incendio,-6.534953195140333,-76.18456106043952
5969,no_incendio,-6.949275367929126,-77.03979042014342
5973,no_incendio,-6.550462961960492,-75.75305667586812
5978,no_incendio,-6.922199249991655,-76.68603062105682
5984,incendio,-7.1555,-76.6761
5986,incendio,-5.6648,-76.5625
5988,incendio,-5.6206,-75.9054
5992,incendio,-5.7032,-76.1198
5993,incendio,-6.7828,-76.7069
5999,no_incendio,-6.158099214586715,-77.01707847694989
6005,no_incendio,-6.046941056590012,-76.4497684025493
6017,incendio,-7.0116,-76.6069
6024,incendio,-5.6919,-76.4553
6031,incendio,-7.1959,-76.383
6032,incendio,-7.6303,-76.4258
6034,incendio,-6.8897,-76.7886
6039,no_incendio,-6.068535480190217,-76.55604968607116
6041,no_incendio,-5.68462514388274,-76.77383589546262
6043,incendio,-6.6212,-75.5878
6047,incendio,-8.5615,-76.1383
6051,incendio,-7.461,-76.3887
6053,no_incendio,-6.1029066882194485,-77.35334666324442
6056,no_incendio,-6.271888529403575,-75.79765684657775
6057,incendio,-5.7543,-76.0581
6058,incendio,-6.3807,-75.7149
6060,no_incendio,-6.236752944768423,-75.59185038594902
6062,incendio,-6.1655,-76.716
6067,no_incendio,-7.319106221775668,-76.84964608294781
6070,no_incendio,-6.152311336764004,-75.83217280220295
6073,incendio,-5.9981,-75.9764
6081,no_incendio,-5.572804894965716,-76.96734256320798
6087,no_incendio,-5.965105049339228,-76.99859959497034
6092,incendio,-7.1098,-76.9415
6096,incendio,-5.627,-76.6156
6098,incendio,-7.5486,-76.4052
6099,no_incendio,-7.588515859914238,-76.24969046906399
6101,incendio,-6.9924,-76.1471
6110,no_incendio,-5.8586832152668595,-76.15130829850591
6114,incendio,-6.2497,-76.1709
6123,no_incendio,-5.525166300103762,-76.64412404917219
6124,no_incendio,-7.459387198765487,-76.32587223443953
6150,incendio,-6.9921,-76.8603
6154,incendio,-7.334,-76.9124
6155,incendio,-5.7192,-76.0935
6157,incendio,-7.5634,-76.7097
6178,incendio,-7.5195,-76.4158
6188,no_incendio,-5.369357026240305,-77.2031702822179
6195,no_incendio,-6.063333052679301,-77.2619056071794
6197,no_incendio,-5.5670313248345,-75.99876018929933
6198,incendio,-8.0458,-76.6715
6204,no_incendio,-6.642584248060827,-75.75075985956546
6214,no_incendio,-5.5259385585543805,-76.78474947687066
6216,incendio,-5.9734,-76.2837
6217,incendio,-6.9078,-76.5368
6226,incendio,-8.5954,-76.1159
6227,incendio,-5.9906,-77.0247
6228,incendio,-7.4075,-76.6258
6229,incendio,-6.3908,-76.6604
6231,incendio,-7.1387,-76.8441
6234,incendio,-8.3634,-76.2375
6236,incendio,-6.5051,-76.8818
6240,no_incendio,-5.59950907688548,-76.65469517623596
6241,no_incendio,-5.807017349001207,-75.61769536103809
6250,incendio,-8.4304,-76.5087
6253,no_incendio,-6.3427644504242675,-77.35180398852548
6254,incendio,-6.8922,-76.8991
6258,no_incendio,-5.925744830854394,-76.62635370808266
6262,no_incendio,-5.9069362811274955,-76.90796880037888
6264,incendio,-8.6574,-76.3592
6270,incendio,-5.9655,-75.9864
6271,no_incendio,-6.459421110313875,-76.2975020951517
6272,no_incendio,-5.530786000980501,-76.91418709127078
6273,incendio,-5.8443,-76.2394
6274,incendio,-7.0476,-76.9083
6275,no_incendio,-6.324514222860181,-76.89947276475436
6281,no_incendio,-6.338883523616399,-76.67237416346605
6289,incendio,-5.957,-76.5048
6293,no_incendio,-6.5305605417841495,-76.81567387832536
6295,no_incendio,-6.1579628470379655,-75.78726893747826
6297,incendio,-6.4898,-76.3779
6302,incendio,-7.2098,-76.6297
6304,incendio,-6.3902,-76.4988
6310,incendio,-6.5092,-76.4626
6315,no_incendio,-6.886318678721428,-75.69795842959347
6316,incendio,-6.0129,-76.0153
6317,incendio,-5.9981,-77.0688
6323,no_incendio,-7.269040165613338,-76.9103123983766
6331,no_incendio,-6.299525540013742,-76.28555400177144
6332,incendio,-7.0025,-76.6487
6338,incendio,-6.4078,-76.5323
6341,incendio,-7.1817,-76.5016
6347,incendio,-7.2903,-76.4247
6354,no_incendio,-6.86128898258832,-76.74328169561169
6366,incendio,-5.6954,-76.1102
6368,no_incendio,-6.650069273774372,-77.45753589439983
6378,incendio,-7.5865,-76.5085
6379,incendio,-6.0587,-75.7915
6387,incendio,-6.3909,-76.5284
6394,incendio,-6.5913,-76.6779
6398,no_incendio,-7.584063938890335,-77.08532363724217
6401,no_incendio,-5.412071364186887,-77.00251056339543
6403,incendio,-8.6168,-76.5722
6404,incendio,-6.2997,-75.8467
6408,incendio,-7.301,-76.3983
6410,incendio,-7.3646,-76.9436
6412,incendio,-7.5884,-76.6823
6413,incendio,-7.4031,-77.5742
6414,no_incendio,-5.882545131668422,-77.4252687375934
6416,incendio,-6.9071,-76.901
6427,no_incendio,-6.87454750287368,-76.95714014507665
6441,incendio,-8.2662,-76.5718
6453,no_incendio,-5.815972204611399,-75.5996631905604
6469,incendio,-7.2324,-76.4335
6476,incendio,-7.3613,-76.7248
6486,no_incendio,-6.279874050199112,-75.76672987730963
6487,no_incendio,-7.0294194294183265,-77.09735006276883
6492,incendio,-6.9655,-76.4708
6505,incendio,-6.9142,-76.911
6511,no_incendio,-7.598815481458372,-76.55352785980209
6524,incendio,-6.7698,-76.417
6525,incendio,-8.6225,-76.6737
6532,no_incendio,-7.418524326808485,-76.32670813744515
6536,incendio,-7.2083,-76.8773
6548,no_incendio,-5.991245342520768,-75.64023187612118
6551,incendio,-7.4525,-76.4595
6552,no_incendio,-6.595830198454336,-76.87085544617783
6553,no_incendio,-7.178109146033509,-76.55931189942505
6556,incendio,-7.5666,-76.2238
6560,incendio,-5.6629,-77.241
6562,incendio,-5.9798,-76.2897
6570,no_incendio,-5.826799302537919,-75.73782519899997
6575,no_incendio,-6.042014186508827,-75.97046946062136
6579,incendio,-6.8421,-77.779
6584,incendio,-5.8397,-77.1018
6591,no_incendio,-6.367884072608207,-76.17501426406548
6592,incendio,-6.2808,-75.8742
6600,no_incendio,-6.741427767846081,-75.52300413513564
6601,no_incendio,-5.353246300739066,-75.96334736686653
6604,incendio,-7.404,-76.7881
6605,no_incendio,-5.316751485798925,-76.19649120217885
6609,incendio,-6.7459,-76.44
6615,no_incendio,-7.311847282906321,-76.59060620233514
6617,incendio,-6.0702,-77.0933
6623,no_incendio,-6.331956733542304,-77.5021084607029
6625,incendio,-6.4897,-75.7597
6627,no_incendio,-6.380793727295641,-76.36283674136891
6628,incendio,-7.0273,-76.8356
6631,no_incendio,-6.391692174987462,-77.10791126635735
6634,incendio,-8.0382,-77.5424
6649,incendio,-7.2325,-76.8547
6653,incendio,-7.5719,-76.5179
6682,incendio,-5.6122,-76.6268
6686,incendio,-7.1038,-76.5818
6693,no_incendio,-7.423279850513975,-76.1929127649397
6694,incendio,-5.7529,-77.2478
6699,incendio,-7.2834,-76.2657
6704,no_incendio,-6.237716755759431,-77.39156311979332
6705,no_incendio,-6.490391135640375,-76.20592887580928
6709,incendio,-7.5627,-76.8412
6710,incendio,-6.091,-76.9735
6718,incendio,-6.3132,-76.0538
6720,incendio,-6.4597,-75.6761
6721,incendio,-7.7386,-76.7687
6730,incendio,-8.4311,-77.0175
6735,no_incendio,-7.598815481458372,-76.55352785980209
6739,no_incendio,-7.163128957992517,-77.33946379317482
6740,incendio,-5.7125,-76.6742
6746,incendio,-8.674,-76.1406
6749,no_incendio,-7.322683908671553,-75.62004317838583
6752,no_incendio,-7.242465202325818,-76.82313227202141
6756,no_incendio,-5.968086685454471,-75.87697296740079
6765,no_incendio,-6.162915042417179,-77.15261169414305
6766,incendio,-6.8532,-76.9105
6767,no_incendio,-5.974627825335505,-76.8393257597771
6775,no_incendio,-7.381225768944467,-76.16930082038664
6778,no_incendio,-5.940833223348477,-76.76215332326328
6784,no_incendio,-6.808753435004469,-75.58127871175964
6797,incendio,-5.7535,-77.099
6800,no_incendio,-5.5978889160107626,-76.86708534486174
6806,no_incendio,-5.463870053471811,-75.65012298252523
6810,no_incendio,-5.465881437617145,-76.83346258647516
6816,incendio,-6.4688,-75.9416
6817,incendio,-7.3288,-76.9689
6825,incendio,-5.7797,-77.0424
6827,incendio,-7.1236,-76.6117
6831,no_incendio,-5.992717705570296,-75.97108395344519
6832,no_incendio,-6.212102855046136,-76.68622274401635
6835,incendio,-8.6156,-75.5208
6836,no_incendio,-5.818727365285151,-76.86751655981939
6840,incendio,-5.7566,-76.5011
6842,incendio,-5.7312,-76.2446
6850,no_incendio,-6.122720954624869,-76.9879603704079
6857,incendio,-7.2588,-76.8162
6860,no_incendio,-6.040675081738544,-76.88692151022694
6864,no_incendio,-7.189575486518889,-75.71595612356288
6865,incendio,-8.0907,-76.6399
6876,no_incendio,-7.6003471250061425,-76.18857699535684
6887,no_incendio,-6.146020638711784,-75.61071933850509
6894,incendio,-6.4374,-76.5609
6895,incendio,-7.3715,-76.694
6899,incendio,-6.9582,-76.4844
6924,no_incendio,-5.605657953237715,-77.33944421680316
6930,incendio,-7.291,-76.5901
6938,incendio,-6.8296,-76.4561
6941,incendio,-5.6399,-75.9023
6956,incendio,-7.1529,-76.857
6965,no_incendio,-6.333472406743339,-75.64833382378124
6967,incendio,-7.4916,-76.5107
6969,incendio,-7.4733,-76.523
6972,incendio,-6.7006,-76.5956
6973,incendio,-8.4136,-76.4468
6978,no_incendio,-6.733687512476174,-75.74855689788478
6981,incendio,-6.9855,-76.7475
6987,no_incendio,-7.3828581911388165,-75.8721549637632
6989,incendio,-7.1821,-76.3682
6994,incendio,-5.5853,-76.6457
7002,no_incendio,-7.206553379936274,-76.41990893868237
7010,incendio,-7.2487,-76.4685
7011,no_incendio,-7.289453419528988,-76.70433724655702
7014,incendio,-8.4472,-76.3242
7022,incendio,-5.7356,-76.5015
7025,no_incendio,-5.945782975612446,-75.78933619991895
7034,no_incendio,-6.1574013412773905,-75.50582251676065
7036,incendio,-7.2216,-76.9907
7037,incendio,-5.9787,-76.1689
7040,incendio,-7.2169,-76.8295
7049,no_incendio,-6.333472406743339,-75.64833382378124
7062,incendio,-5.8979,-76.1131
7065,incendio,-6.8978,-76.9305
7074,no_incendio,-5.926005528348797,-76.66451761423114
7081,incendio,-6.578,-76.7186
7087,incendio,-6.3375,-76.6454
7088,no_incendio,-6.890142536767722,-76.21093731168023
7091,no_incendio,-5.952502510545931,-77.35100051203952
7092,incendio,-7.1798,-76.3624
7093,incendio,-7.3794,-76.7784
7105,incendio,-6.5893,-76.6901
7116,incendio,-5.7602,-77.3179
7117,incendio,-6.0961,-75.8877
7120,incendio,-6.7669,-76.5637
7127,incendio,-6.6639,-77.4846
7130,no_incendio,-5.685078590845662,-76.61726952612376
7136,no_incendio,-5.715242133239665,-75.6692049037983
7138,no_incendio,-7.200090625449649,-75.973583692229
7139,no_incendio,-6.41045269770062,-76.39156709032302
7143,incendio,-5.5274,-76.7322
7147,incendio,-7.5221,-76.4223
7156,incendio,-5.3077,-76.4836
7159,no_incendio,-7.327169653945901,-75.96963671647885
7163,incendio,-6.6883,-75.596
7168,no_incendio,-5.592455159672106,-77.05696823462097
7180,no_incendio,-6.237716755759431,-77.39156311979332
7186,incendio,-7.3271,-76.8922
7188,no_incendio,-6.75147932991093,-77.49824320852836
7189,no_incendio,-7.108956430874631,-75.5028524515191
7192,no_incendio,-7.306661299403648,-77.35299757529853
7194,no_incendio,-6.797266617151564,-77.33130374727055
7196,no_incendio,-5.371545466461964,-76.40334353874748
7200,incendio,-5.3172,-76.2977
7215,no_incendio,-5.721753234372427,-77.04300744557013
7219,incendio,-5.8537,-76.0244
7222,no_incendio,-7.278588939327885,-76.4943759510431
7224,no_incendio,-5.925744830854394,-76.62635370808266
7225,no_incendio,-5.322335273054225,-75.66988823532402
7234,no_incendio,-6.331956733542304,-77.5021084607029
7241,no_incendio,-6.210262345134658,-77.11424996637882
7242,no_incendio,-6.859218995881019,-77.3454749772902
7243,no_incendio,-5.559447141003816,-77.53240429845073
7246,incendio,-6.4296,-77.0165
7249,no_incendio,-6.6726823357299025,-76.74697083453398
7250,incendio,-8.4453,-76.2765
7251,incendio,-7.0783,-76.8365
7263,no_incendio,-5.374155680654134,-76.14052405499798
7266,incendio,-6.9558,-76.864
7271,incendio,-8.7773,-76.0874
7278,no_incendio,-6.831471934568246,-75.7875932896481
7297,no_incendio,-5.371121123003669,-76.78705780536207
7298,incendio,-6.7041,-76.4234
7309,incendio,-6.8683,-76.962
7314,incendio,-5.9089,-76.2964
7315,incendio,-5.3412,-76.6405
7316,no_incendio,-6.053663067143272,-77.25400416625581
7329,no_incendio,-7.158262650594558,-76.17139715257736
7335,no_incendio,-5.307511492937007,-75.87055498280709
7337,incendio,-8.5446,-76.3105
7338,incendio,-7.0039,-76.7878
7341,no_incendio,-7.532869703153675,-75.62377754135032
7345,incendio,-7.4969,-76.7383
7348,incendio,-7.4269,-76.7567
7357,incendio,-7.1089,-76.7056
7358,no_incendio,-7.558428193627557,-76.41513276188537
7359,no_incendio,-6.5878777950259835,-76.78969667476908
7360,no_incendio,-7.303191371239219,-76.86950299016307
7362,incendio,-6.858,-76.5387
7363,incendio,-7.9525,-75.5726
7370,incendio,-7.0798,-77.5594
7377,no_incendio,-6.9213010558098045,-76.33886424086654
7378,no_incendio,-7.537645825070388,-77.33447245653781
7382,incendio,-5.7545,-76.08
7384,no_incendio,-6.581475655282046,-76.92813918096854
7385,no_incendio,-7.538851524680003,-76.89606525439852
7389,no_incendio,-5.636338028013915,-75.57133657890496
7406,incendio,-6.659,-76.6519
7408,no_incendio,-5.776890989468168,-77.17544694472763
7410,no_incendio,-5.83397648887431,-77.22981106334638
7414,incendio,-7.3887,-76.7465
7417,incendio,-8.5393,-76.3647
7423,incendio,-5.7424,-77.4517
7429,no_incendio,-5.70993701267222,-76.39276259470975
7433,incendio,-5.7365,-77.4368
7436,incendio,-7.0047,-77.0751
7441,incendio,-7.5206,-76.2368
7443,no_incendio,-7.017817860779479,-76.95461934375838
7446,no_incendio,-5.902847721330155,-77.17634156149673
7447,incendio,-7.52,-76.5898
7448,incendio,-8.2429,-76.285
7450,no_incendio,-6.514967490351236,-76.99375522896699
7461,no_incendio,-7.294379319518731,-75.60933586901135
7462,no_incendio,-7.527307126647749,-77.12744201881532
7465,incendio,-7.4212,-76.6488
7466,incendio,-6.0504,-76.3169
7467,no_incendio,-7.371926664770868,-77.38249391708561
7468,no_incendio,-7.517938460168555,-75.88430182253087
7469,incendio,-5.6947,-75.8925
7471,incendio,-8.7409,-76.7739
7473,incendio,-8.4372,-76.3969
7474,incendio,-8.4564,-76.4004
7475,incendio,-5.6586,-75.9109
7479,incendio,-6.8107,-76.6891
7483,incendio,-5.4095,-76.8414
7486,no_incendio,-6.763422719650261,-75.74420107703415
7487,no_incendio,-7.217722844984081,-77.2235426849214
7490,incendio,-6.7561,-77.3302
7491,incendio,-6.4655,-76.5098
7496,incendio,-6.1912,-75.8845
7500,no_incendio,-6.846679592265051,-75.78055281220841
7507,incendio,-8.5759,-77.4267
7508,incendio,-5.5417,-76.7406
7512,incendio,-8.5602,-76.3401
7516,no_incendio,-5.388800568828812,-75.76427198080877
7523,incendio,-7.2657,-76.0785
7532,no_incendio,-6.18702118811894,-77.34328610788602
7533,no_incendio,-5.991245342520768,-75.64023187612118
7542,incendio,-6.9659,-76.8078
7547,incendio,-6.5792,-76.1634
7548,incendio,-8.407,-76.4879
7552,no_incendio,-5.676274225134516,-77.28318396900629
7556,incendio,-7.2972,-76.8038
7566,no_incendio,-7.079367268286084,-75.74962590729507
7573,incendio,-6.9585,-76.3264
7580,incendio,-8.4918,-76.3555
7588,no_incendio,-5.992717705570296,-75.97108395344519
7594,incendio,-6.725,-76.4789
7603,no_incendio,-6.1922155906112035,-75.54995561422898
7605,incendio,-7.238,-77.0751
7607,no_incendio,-5.7630676382897414,-75.77232686505347
7611,no_incendio,-5.879613359801567,-75.64585304449614
7614,no_incendio,-6.237634518264563,-76.93733978052377
7615,incendio,-6.7474,-76.2363
7629,no_incendio,-7.4291899383099445,-76.99344952239323
7635,no_incendio,-6.5875457295775695,-76.60562453766775
7637,incendio,-6.6346,-76.7366
7638,incendio,-8.5337,-76.2797
7642,incendio,-6.8829,-76.9287
7643,no_incendio,-6.490435100183895,-76.04212659409674
7645,no_incendio,-6.664383213747135,-77.16631140190985
7646,incendio,-6.257,-76.8139
7648,incendio,-5.7971,-75.9358
7651,incendio,-7.6115,-77.5395
7654,no_incendio,-6.353424809181855,-75.63008762129351
7655,incendio,-6.9682,-76.8121
7665,incendio,-8.5333,-76.9554
7671,incendio,-6.2086,-76.1158
7675,no_incendio,-6.709233322192638,-77.51049806027564
7676,incendio,-7.2552,-76.2493
7677,no_incendio,-6.324934683730277,-76.81019781469472
7679,no_incendio,-6.064968975705764,-75.80158619111924
7681,incendio,-5.8365,-76.2185
7682,no_incendio,-6.253873442293271,-77.4856518253099
7683,incendio,-5.861,-77.0599
7694,no_incendio,-7.486384119244431,-77.33522717320785
7695,no_incendio,-7.5702550538704605,-75.67821320807053
7697,no_incendio,-6.741564716218832,-76.27215624555981
7698,no_incendio,-5.780675568523146,-77.4440499191556
7701,incendio,-7.6869,-76.501
7704,incendio,-7.5418,-76.5462
7708,no_incendio,-6.928184042805378,-76.77151382737259
7718,incendio,-8.7259,-76.1044
7720,incendio,-7.4807,-76.4514
7721,no_incendio,-7.3383676381877665,-77.39694154174633
7722,incendio,-8.6098,-76.1145
7726,incendio,-8.6267,-76.115
7737,incendio,-7.6068,-76.7092
7739,no_incendio,-6.250766771982882,-76.67346707047133
7750,incendio,-6.7,-76.4274
7753,no_incendio,-6.462614163555006,-75.61289892495
7758,incendio,-6.8066,-76.4117
7762,no_incendio,-5.812760524192122,-77.54920790478845
7763,no_incendio,-6.1628423736617925,-77.33214012724629
7766,no_incendio,-6.8824524173967765,-77.12203229237878
7776,no_incendio,-6.931023435575018,-75.82624629253455
7777,no_incendio,-6.2585048621667685,-76.21326265306386
7794,no_incendio,-5.518901360296995,-75.83606862844933
7802,no_incendio,-6.442705023956996,-76.30481606512446
7803,incendio,-7.1996,-76.2543
7804,incendio,-7.6637,-76.6659
7807,no_incendio,-5.544976635100384,-76.33130727413504
7813,no_incendio,-7.059198382146936,-75.77593999522976
7827,incendio,-7.4013,-76.8002
7833,no_incendio,-6.461789384490803,-77.24534969872819
7834,incendio,-7.5948,-76.4769
7835,no_incendio,-6.567404760010091,-75.93678531261668
7841,no_incendio,-5.976273966695589,-76.89556075922386
7842,incendio,-7.554,-76.4447
7848,incendio,-7.4625,-76.6917
7854,incendio,-7.3268,-76.9738
7855,incendio,-5.6863,-76.6828
7857,no_incendio,-5.394785578322833,-77.00358788486766
7862,incendio,-7.3238,-76.5986
7865,incendio,-6.917,-76.6339
7869,incendio,-6.3125,-76.6648
7871,no_incendio,-6.304617864281926,-76.60193669802109
7876,incendio,-6.9646,-76.6846
7879,no_incendio,-5.871823711573395,-77.09814467361281
7881,incendio,-7.6427,-76.6676
7895,incendio,-8.0268,-77.6805
7896,no_incendio,-7.149862558736682,-77.09989679523933
7898,incendio,-7.1068,-76.3765
7902,incendio,-7.269,-76.399
7906,no_incendio,-6.645743757749571,-77.31611856562348
7911,no_incendio,-6.163392021425101,-76.6587242460342
7925,no_incendio,-7.496239899438951,-76.29662903245722
7929,incendio,-5.9561,-76.4931
7935,no_incendio,-6.931488241799888,-76.75916732730077
7937,incendio,-6.9656,-76.8851
7940,incendio,-6.3615,-75.8406
7953,incendio,-7.4416,-76.4346
7962,no_incendio,-5.612907306182736,-76.9815155721773
7971,no_incendio,-7.491547550658209,-77.41447872545433
7972,no_incendio,-6.649475670478298,-75.86589242526365
7973,no_incendio,-6.1574013412773905,-75.50582251676065
7979,no_incendio,-6.248030507497377,-77.52671049342304
7984,no_incendio,-5.789563027304849,-76.53201355790475
7985,no_incendio,-7.20916394163281,-76.74882653338932
7986,no_incendio,-6.230021779466632,-76.57667653530646
7987,no_incendio,-5.868777989192487,-75.61031419176939
7993,incendio,-8.6287,-76.1351
7994,incendio,-8.3818,-76.248
7997,no_incendio,-6.777084363074236,-76.9625637860872
7999,no_incendio,-6.687814799910479,-75.56700420232013
8001,incendio,-6.7515,-76.4001
8007,no_incendio,-5.4868610147355525,-76.76095607597574
8010,incendio,-6.675,-76.4411
8015,no_incendio,-6.0636997194620585,-76.98817967024722
8018,no_incendio,-5.974627825335505,-76.8393257597771
8022,incendio,-6.7094,-76.8253
8024,no_incendio,-6.337630898858479,-77.22298031852678
8026,incendio,-7.2636,-76.3959
8030,incendio,-7.2661,-76.6773
8033,no_incendio,-6.86277091910318,-76.45893260017807
8034,no_incendio,-5.662370106905432,-77.07535731755083
8046,incendio,-7.0014,-76.9252
8053,no_incendio,-5.733329701316475,-76.97970479241751
8063,incendio,-6.3877,-75.8526
8068,incendio,-7.1206,-76.7273
8070,incendio,-7.3671,-76.7337
8074,incendio,-6.6642,-76.6862
8078,no_incendio,-6.942054443870175,-75.88451122317879
8089,no_incendio,-6.6308882191110055,-76.3915553322726
8090,incendio,-8.6891,-77.0989
8091,incendio,-7.2621,-76.6933
8098,no_incendio,-7.420738238712349,-77.50365613060586
8106,no_incendio,-6.482310901757052,-76.90146059819452
8118,incendio,-7.4467,-76.5636
8120,incendio,-6.4645,-76.476
8124,no_incendio,-6.421249722496318,-77.04956463628945
8125,incendio,-5.8059,-76.3946
8126,incendio,-7.4249,-76.853
8127,no_incendio,-6.224885960981276,-76.91366721974305
8128,incendio,-7.1873,-76.2809
8135,incendio,-7.3866,-76.4456
8143,incendio,-7.0393,-76.8778
8145,incendio,-6.9173,-76.151
8149,incendio,-7.5602,-76.7925
8150,no_incendio,-5.673007856969957,-76.8124122789181
8151,no_incendio,-6.480910366032293,-76.46284954850665
8155,incendio,-5.8891,-76.1273
8158,no_incendio,-7.006429626529349,-76.40821160101947
8162,incendio,-7.5213,-75.7199
8168,incendio,-7.5151,-76.6182
8169,incendio,-6.1136,-76.325
8170,incendio,-7.2275,-77.0829
8172,no_incendio,-5.657826113607748,-77.0484188289704
8177,incendio,-8.4435,-76.3664
8182,incendio,-7.1463,-76.1837
8193,no_incendio,-5.839270188717535,-77.49668062311541
8200,incendio,-7.2311,-76.2882
8210,incendio,-7.192,-77.5975
8215,no_incendio,-5.6897437871119,-77.10615819747757
8221,no_incendio,-6.735984440425587,-77.00622820601815
8225,incendio,-6.3169,-76.2337
8226,incendio,-6.6606,-76.4861
8227,no_incendio,-6.344738730281884,-77.28085925820518
8229,no_incendio,-5.83397648887431,-77.22981106334638
8245,incendio,-7.2207,-76.383
8247,no_incendio,-5.875159377973664,-77.1185525314163
8252,incendio,-7.3485,-76.6325
8254,no_incendio,-7.354001962679465,-76.87586506840084
8256,incendio,-6.9551,-76.6221
8258,incendio,-8.7003,-76.7237
8262,incendio,-7.22,-76.3762
8267,incendio,-7.291,-76.3658
8273,incendio,-8.443,-76.3457
8275,incendio,-7.1643,-76.8342
8280,no_incendio,-5.322335273054225,-75.66988823532402
8281,incendio,-6.5536,-76.05
8284,no_incendio,-6.555810705714814,-75.58765246403257
8287,incendio,-5.7655,-76.1389
8288,no_incendio,-6.960339111557958,-75.64609550577184
8294,no_incendio,-5.569129164967829,-76.89146867970102
8295,incendio,-6.0785,-75.9594
8297,incendio,-7.0678,-76.6564
8322,incendio,-7.369,-76.8563
8333,incendio,-8.4715,-76.474
8338,incendio,-6.7878,-76.6951
8356,no_incendio,-7.3828581911388165,-75.8721549637632
8359,incendio,-5.998,-76.4581
8363,incendio,-7.0063,-76.1056
8364,incendio,-7.2537,-76.6369
8365,incendio,-7.353,-76.7871
8366,incendio,-8.734,-76.1555
8367,incendio,-7.07,-76.7129
8376,incendio,-6.0057,-76.2901
8380,incendio,-6.7003,-76.6787
8381,incendio,-8.1649,-76.97
8382,incendio,-5.6771,-76.591
8389,no_incendio,-6.309912628737243,-75.57235857764702
8392,no_incendio,-7.325700741079294,-77.06360146385256
8394,no_incendio,-5.73653806083423,-77.04027076606343
8397,incendio,-5.3268,-76.7599
8400,incendio,-7.596,-76.5352
8410,no_incendio,-6.991300272279587,-76.75580323161067
8411,no_incendio,-7.132724984642544,-76.76764396887705
8412,no_incendio,-6.850119921397431,-77.18105441991001
8413,incendio,-5.3399,-76.6343
8420,no_incendio,-6.017393971898976,-75.85609561110088
8428,incendio,-7.5203,-76.4385
8434,incendio,-7.0598,-76.1034
8444,no_incendio,-6.220053203592378,-76.13217715018442
8447,incendio,-7.2151,-76.7616
8449,no_incendio,-6.654449786981951,-77.1406120148932
8453,no_incendio,-7.391380566669081,-77.4628689446306
8465,no_incendio,-5.522972759309926,-75.80819311512354
8466,incendio,-7.5113,-76.6749
8469,incendio,-5.7113,-76.0801
8479,incendio,-6.3366,-76.1457
8480,incendio,-7.781,-76.772
8485,no_incendio,-6.252480366224789,-76.488140203218
8493,no_incendio,-6.715205623153173,-76.11809578650696
8495,incendio,-7.1189,-76.7586
8496,no_incendio,-5.362697688980843,-76.37235425327088
8502,no_incendio,-6.4548358961700885,-76.10226827896288
8512,no_incendio,-6.072304927752775,-76.77556503555117
8517,incendio,-7.1645,-76.8359
8525,no_incendio,-5.508797884476139,-76.57706115239465
8527,incendio,-6.5928,-76.7233
8532,incendio,-7.162,-76.3393
8543,incendio,-5.8399,-75.9141
8544,no_incendio,-6.832250558370159,-76.20474853380588
8548,incendio,-7.5904,-76.5414
8551,no_incendio,-7.333298288226105,-76.42146225481947
8553,incendio,-6.7958,-76.8014
8561,incendio,-6.4893,-76.3677
8568,incendio,-5.8669,-76.2421
8579,incendio,-7.2695,-76.2305
8594,no_incendio,-6.038754568131664,-76.35371867515885
8600,incendio,-6.9614,-76.9333
8601,incendio,-8.1784,-76.5962
8603,no_incendio,-5.508214763979514,-75.68261084884283
8616,no_incendio,-7.230653311251528,-76.66188363656903
8622,no_incendio,-5.966007765722613,-76.02339603474364
8630,incendio,-8.6122,-76.2848
8640,no_incendio,-6.439732844593629,-76.57320223136172
8643,no_incendio,-5.826799302537919,-75.73782519899997
8647,no_incendio,-6.3480305531769075,-76.22097710185248
8651,incendio,-6.5487,-76.7591
8660,no_incendio,-7.134812798520641,-75.55898183219816
8662,no_incendio,-6.100924085847581,-75.50738744279523
8664,incendio,-8.7,-76.7195
8665,no_incendio,-6.777339583024972,-77.16983093641421
8666,incendio,-5.8299,-76.155
8668,no_incendio,-7.134812798520641,-75.55898183219816
8669,no_incendio,-6.200171336468845,-76.47517852395984
8673,incendio,-8.4031,-76.4174
8677,incendio,-8.2016,-76.6171
8678,no_incendio,-6.737059261843657,-77.50234796745673
8680,incendio,-6.1618,-76.3475
8683,incendio,-6.0222,-75.9983
8691,incendio,-6.0456,-75.9665
8695,incendio,-6.0907,-75.9369
8699,incendio,-6.6328,-77.3763
8701,no_incendio,-6.1156293221158835,-76.01949781132349
8704,no_incendio,-6.994951885754811,-75.90892162040349
8707,incendio,-7.0471,-76.289
8713,incendio,-7.375,-76.5832
8716,no_incendio,-5.525266717128592,-75.70624108601852
8722,incendio,-6.1779,-75.6785
8725,incendio,-7.2576,-77.0682
8738,no_incendio,-5.3750389583532385,-76.27737605989306
8749,no_incendio,-6.350208583490028,-76.38539627900366
8751,no_incendio,-7.579867389663157,-75.5999817001758
8755,no_incendio,-6.738442276906446,-76.26128977675305
8768,incendio,-7.3597,-76.5607
8772,no_incendio,-7.3820884546139,-76.13227467193721
8778,incendio,-7.6958,-76.485
8782,no_incendio,-6.525952464139444,-76.13787075319888
8801,incendio,-5.7109,-75.8999
8803,incendio,-8.154,-76.2741
8805,incendio,-7.6354,-76.8248
8813,no_incendio,-6.0254636524537775,-76.26070791675792
8815,no_incendio,-6.619578652288662,-76.97686198868091
8819,no_incendio,-7.347824110154567,-75.82503332128289
8823,incendio,-6.8118,-76.4512
8827,incendio,-6.6914,-76.5044
8834,no_incendio,-6.742426821485937,-75.840077033376
8839,no_incendio,-5.623597121632923,-75.81781716667395
8842,no_incendio,-6.947446276433678,-76.55641004463064
8844,no_incendio,-6.718454996800395,-75.59317309755335
8847,incendio,-7.606,-76.513
8859,incendio,-6.9827,-76.3494
8861,no_incendio,-7.432415046086705,-75.62170917666255
8863,no_incendio,-7.250518418431454,-77.39731384590523
8867,no_incendio,-5.533837838145786,-75.72558753064112
8879,incendio,-6.8815,-76.9404
8884,incendio,-6.4494,-77.5078
8886,incendio,-8.3148,-76.2604
8887,incendio,-6.8775,-76.508
8894,incendio,-8.7134,-76.726
8905,incendio,-6.0849,-76.1625
8923,no_incendio,-5.632876376439432,-77.16339501604922
8931,no_incendio,-7.017832061015762,-77.13978816386988
8939,incendio,-8.5199,-76.4536
8940,no_incendio,-7.566170057674632,-77.33420456007225
8943,no_incendio,-6.219703521684984,-76.92758051251145
8946,incendio,-8.3686,-76.3645
8958,no_incendio,-5.452511328645989,-77.32229773796371
8964,no_incendio,-7.299495014578471,-76.02669026239053
8965,no_incendio,-5.444716599482646,-75.83682474093726
8977,no_incendio,-6.6966130629090745,-76.20140385770695
8980,incendio,-8.5511,-76.3176
8981,incendio,-7.405,-76.7676
8988,incendio,-7.0662,-77.7221
8999,no_incendio,-5.40191525194851,-77.41832441514279
9007,no_incendio,-7.5636797148906325,-76.80582387525504
9012,no_incendio,-6.5875457295775695,-76.60562453766775
9014,no_incendio,-5.332935425847374,-77.16749151506393
9021,no_incendio,-6.45014471724059,-77.23785683491617
9034,incendio,-6.0603,-76.8814
9045,incendio,-8.6398,-76.7609
9049,incendio,-6.5814,-76.0171
9054,incendio,-7.7945,-76.7825
9055,incendio,-7.2466,-76.1022
9056,incendio,-5.9018,-76.4035
9058,incendio,-7.315,-76.7222
9065,incendio,-6.8715,-76.9641
9070,no_incendio,-7.199216978961617,-75.9477990392911
9076,no_incendio,-7.45728200774953,-76.98588787498541
9093,incendio,-6.4988,-76.3745
9096,incendio,-7.3723,-76.5633
9103,incendio,-8.397,-76.9717
9113,no_incendio,-6.7183540623229865,-77.22771131243218
9115,incendio,-5.7931,-77.0761
9117,incendio,-7.0303,-76.9044
9120,incendio,-7.8825,-75.5283
9121,no_incendio,-5.907158352622331,-77.4442973163752
9122,no_incendio,-5.87938832915223,-76.90538612384941
9123,incendio,-6.6833,-76.7391
9125,no_incendio,-6.518152554514016,-75.5195810155841
9127,incendio,-6.7288,-76.3384
9131,no_incendio,-5.66978916869293,-75.78583352536694
9132,incendio,-7.0918,-76.2218
9133,incendio,-7.08,-76.3692
9145,incendio,-8.061,-76.7257
9148,incendio,-6.772,-76.4114
9153,no_incendio,-6.400338002031925,-76.1292712340201
9161,incendio,-6.7332,-77.377
9163,incendio,-5.8908,-76.3657
9166,incendio,-5.7206,-76.0029
9173,no_incendio,-6.808298154641365,-77.1261442416624
9175,no_incendio,-5.875471323487407,-77.45654526806348
9176,incendio,-7.0253,-76.1453
9178,incendio,-7.4263,-76.7407
9183,no_incendio,-7.404587411347148,-77.48236039818194
9187,incendio,-7.5799,-76.6794
9194,no_incendio,-6.668348976590427,-75.85167744687278
9200,incendio,-8.5942,-76.3512
9204,incendio,-8.4943,-76.3885
9212,incendio,-6.6448,-76.6672
9215,no_incendio,-5.867404604520736,-75.92995443578674
9218,no_incendio,-6.329066895240967,-77.1289458150613
9219,no_incendio,-6.722977701208728,-76.08504808570892
9221,no_incendio,-7.506850337937736,-76.33686457857513
9223,incendio,-5.8315,-77.169
9224,incendio,-6.1104,-76.056
9236,incendio,-7.1147,-76.1882
9239,incendio,-5.6895,-76.1335
9241,no_incendio,-6.650069273774372,-77.45753589439983
9242,no_incendio,-5.930404217360228,-76.53983487852608
9249,no_incendio,-6.246302114010693,-75.65691913180889
9253,incendio,-6.7063,-77.3105
9259,incendio,-6.8796,-76.8541
9265,no_incendio,-5.734144568873576,-75.90585662556418
9266,incendio,-7.1169,-76.0869
9267,no_incendio,-6.4776266103105895,-77.14737002070362
9268,no_incendio,-7.352637322565051,-76.5869966012663
9269,incendio,-6.631,-76.7641
9271,no_incendio,-7.257884674103633,-77.06798922780067
9279,incendio,-6.8869,-76.9313
9289,incendio,-7.3972,-76.2411
9297,incendio,-6.2719,-76.1771
9301,no_incendio,-6.551429222354349,-76.91211574837874
9309,no_incendio,-5.6727531578346015,-77.41986068936593
9312,incendio,-6.7941,-76.5726
9315,no_incendio,-5.3699868320408415,-75.54453001162278
9318,incendio,-6.764,-76.6739
9324,no_incendio,-5.862678119407266,-76.8979972886448
9329,incendio,-8.3954,-76.9835
9330,incendio,-6.9018,-76.9379
9335,no_incendio,-5.607428760846163,-75.61638280541105
9339,no_incendio,-6.0746976290586785,-75.57122315970695
9340,no_incendio,-6.761574880071224,-76.52109859066432
9358,no_incendio,-5.452511328645989,-77.32229773796371
9360,incendio,-7.3069,-76.8527
9369,no_incendio,-5.340154408333765,-76.74093271807992
9370,incendio,-5.6957,-76.168
9372,no_incendio,-7.2386843016197115,-75.95361045134824
9377,no_incendio,-7.0475824644559095,-77.00777977835193
9385,no_incendio,-5.3902001479588,-77.1291902290787
9386,incendio,-7.5543,-76.7858
9393,incendio,-6.8864,-76.6417
9404,no_incendio,-5.362697688980843,-76.37235425327088
9408,no_incendio,-7.059198382146936,-75.77593999522976
9427,incendio,-5.9957,-75.9576
9432,no_incendio,-7.322815935895123,-76.7836025186051
9436,no_incendio,-6.573895472470259,-76.90325456502508
9442,incendio,-5.3563,-76.7492
9452,incendio,-7.3805,-76.7261
9454,no_incendio,-7.491547550658209,-77.41447872545433
9462,incendio,-7.3785,-76.7299
9464,incendio,-7.1834,-76.1984
9474,no_incendio,-7.487103293775268,-76.06526148025002
9475,incendio,-7.2357,-76.2686
9488,incendio,-6.2215,-76.0544
9492,incendio,-5.7887,-77.1886
9503,no_incendio,-6.991871137907023,-76.86560292258433
9512,no_incendio,-5.937659253977012,-77.34942172737706
9513,incendio,-6.83,-76.5032
9514,incendio,-6.804,-76.6276
9516,no_incendio,-6.224512205373936,-77.14720066928672
9525,no_incendio,-5.588125457302943,-77.46080617284144
9529,no_incendio,-7.036643028375762,-75.60012732289076
9531,incendio,-8.1809,-76.6037
9537,no_incendio,-7.451217530868493,-77.29241876502243
9546,incendio,-6.329,-75.829
9553,incendio,-7.5901,-76.7062
9556,incendio,-7.9129,-76.7013
9557,incendio,-8.5205,-76.4536
9561,no_incendio,-7.509252354285814,-75.54465114823546
9569,incendio,-6.1688,-77.1105
9575,incendio,-7.6898,-77.4791
9580,incendio,-7.6082,-76.6736
9587,incendio,-6.8955,-76.8521
9588,no_incendio,-6.727604587458214,-76.26589680418019
9603,incendio,-7.5429,-76.3974
9604,incendio,-5.6809,-77.5347
9606,incendio,-7.2236,-77.019
9611,no_incendio,-6.846227548420243,-77.09414313428448
9613,incendio,-6.7315,-76.743
9616,incendio,-7.3162,-76.9763
9621,no_incendio,-6.761574880071224,-76.52109859066432
9625,no_incendio,-6.501541232968051,-77.42157786801864
9630,incendio,-6.9431,-76.8635
9631,incendio,-6.9554,-76.6731
9633,no_incendio,-5.335389403596253,-76.01475499828726
9641,no_incendio,-6.6675087326032685,-77.42602403570756
9645,no_incendio,-7.081124602285028,-76.06087878832324
9655,no_incendio,-6.30791982416226,-77.35125522509678
9660,incendio,-7.3437,-76.7346
9661,no_incendio,-5.693256209324268,-76.57722873694159
9671,no_incendio,-7.53821724475927,-77.34792258266398
9672,incendio,-7.3739,-76.8511
9690,incendio,-7.097,-76.5856
9695,no_incendio,-5.609318574866824,-76.18227826181767
9705,incendio,-6.0465,-76.2328
9710,no_incendio,-6.6308882191110055,-76.3915553322726
9730,no_incendio,-7.347824110154567,-75.82503332128289
9737,incendio,-7.2973,-76.5808
9744,incendio,-6.4894,-75.9298
9745,no_incendio,-5.399746644332469,-76.68187059720576
9748,no_incendio,-5.930404217360228,-76.53983487852608
9755,no_incendio,-6.3805177741503645,-77.07356874423562
9757,incendio,-6.9581,-76.5481
9759,incendio,-6.7386,-76.1496
9762,incendio,-7.2837,-76.7922
9764,incendio,-6.1034,-76.2158
9765,incendio,-6.1199,-75.7619
9766,no_incendio,-5.894898869067559,-77.35176843132272
9768,no_incendio,-5.976563784411299,-76.98024729252694
9776,incendio,-6.6304,-77.3603
9779,no_incendio,-5.845552774346191,-76.31135197083327
9782,no_incendio,-5.426612634680184,-75.58435399600397
9788,no_incendio,-6.979782618165886,-76.34280103633438
9795,no_incendio,-5.300946297144839,-75.60535100286195
9796,no_incendio,-5.815055199872086,-76.00054370091742
9798,no_incendio,-5.943086820538844,-77.20310189012812
9799,incendio,-8.4507,-76.3563
9803,no_incendio,-7.288794185700048,-76.06129578328853
9806,no_incendio,-7.502611835705684,-75.74342232378346
9816,no_incendio,-5.402348170521421,-77.02463779239379
9821,no_incendio,-7.536324441611577,-75.98652093293225
9832,incendio,-7.0023,-76.3532
9839,incendio,-7.5377,-76.4919
9851,incendio,-7.0335,-76.6362
9861,incendio,-8.4693,-77.1553
9864,no_incendio,-7.212746042883999,-76.23580517242253
9866,no_incendio,-5.829668681149241,-76.34423254304822
9868,incendio,-7.2643,-76.7051
9869,no_incendio,-7.538851524680003,-76.89606525439852
9872,incendio,-7.0042,-76.5915
9874,no_incendio,-6.9303848627730344,-77.0665622069992
9878,no_incendio,-5.780675568523146,-77.4440499191556
9881,no_incendio,-6.441902560534528,-76.15943969390888
9892,incendio,-6.5254,-75.6585
9895,incendio,-7.4471,-76.572
9896,no_incendio,-6.9335165366157545,-76.90717664275962
9899,incendio,-5.6634,-76.5575
9909,no_incendio,-7.083533851815549,-75.86202426996425
9911,no_incendio,-5.533837838145786,-75.72558753064112
9924,incendio,-5.8975,-76.1185
9929,incendio,-8.7116,-76.9375
9930,incendio,-7.2617,-76.985
9938,incendio,-7.2368,-77.0513
9941,no_incendio,-6.5096234782459765,-76.05722709745423
9943,no_incendio,-6.22075638484601,-75.88403940669497
9945,incendio,-6.6283,-77.3715
9950,no_incendio,-7.554963436234575,-75.69130210162552
9952,incendio,-6.7444,-76.1792
9957,incendio,-7.001,-76.2098
9958,no_incendio,-6.576004984769571,-77.51523302793387
9963,incendio,-6.7198,-76.9093
9974,no_incendio,-6.174948624269397,-76.36859139619342
9975,no_incendio,-5.62794321017974,-76.97851232659868
9979,incendio,-6.8402,-76.8002
9985,incendio,-6.0673,-76.2912
10003,no_incendio,-5.764033944085201,-76.45830778573153
10006,no_incendio,-6.650069273774372,-77.45753589439983
10018,no_incendio,-5.637143675477756,-76.46390106880192
10019,incendio,-6.962,-76.0982
10020,incendio,-6.6671,-77.3351
10021,no_incendio,-5.818727365285151,-76.86751655981939
10030,no_incendio,-5.369357026240305,-77.2031702822179
10035,no_incendio,-6.4156514594615395,-77.50323228806793
10042,no_incendio,-6.129131664861193,-76.45649977733511
10044,incendio,-7.6347,-76.513
10046,no_incendio,-6.6675087326032685,-77.42602403570756
10047,no_incendio,-5.992717705570296,-75.97108395344519
10060,no_incendio,-5.959932705913599,-76.9795248154579
10061,no_incendio,-7.014916061647587,-75.71674408231947
10065,incendio,-5.9139,-76.9492
10066,incendio,-6.798,-76.6034
10075,incendio,-8.5455,-77.2331
10077,no_incendio,-7.174304209114396,-76.54277799438324
10078,incendio,-5.9068,-76.4083
10079,no_incendio,-6.190864426146802,-76.12967606406326
10086,no_incendio,-5.577424926283962,-75.86385660107669
10089,incendio,-5.7209,-76.1343
10090,no_incendio,-6.215385324683509,-77.39247138767627
10094,incendio,-6.036,-77.7217
10104,incendio,-6.9816,-76.5341
10107,incendio,-8.0597,-76.7166
10109,incendio,-7.2918,-77.0317
10114,incendio,-6.5075,-76.6124
10118,no_incendio,-6.696114207645428,-77.01139322381492
10127,no_incendio,-7.021631546381363,-76.8111659595044
10129,incendio,-7.1075,-76.7907
10131,no_incendio,-7.163128957992517,-77.33946379317482
10136,no_incendio,-7.336551353349131,-77.20883178649431
10139,incendio,-6.0623,-76.146
10141,no_incendio,-6.705665824489784,-75.86880266225904
10144,no_incendio,-7.153254312142147,-75.61931012295983
10163,no_incendio,-6.893924031218003,-76.04905921446095
10172,no_incendio,-6.822682837524565,-76.01658832939721
10173,no_incendio,-6.042344688075439,-75.58423135699039
10178,incendio,-6.2373,-76.0322
10189,incendio,-7.0358,-76.1179
10193,incendio,-6.1617,-76.1872
10195,incendio,-8.1434,-77.1153
10196,no_incendio,-6.895202578534257,-77.04341617849329
10201,incendio,-5.7119,-77.4411
10202,incendio,-7.2134,-76.6519
10204,incendio,-5.9203,-76.3429
10213,incendio,-6.49,-76.3572
10221,incendio,-7.0969,-76.8392
10222,incendio,-7.4841,-76.5306
10231,incendio,-6.8164,-76.7802
10233,incendio,-7.5327,-76.5377
10247,no_incendio,-6.166609034042587,-76.23843722431326
10248,no_incendio,-5.577290052521281,-76.32966434490925
10252,no_incendio,-5.61928379725062,-76.7464492739021
10253,incendio,-6.2608,-75.9537
10255,incendio,-7.6992,-76.6611
10261,no_incendio,-5.701666858501454,-75.71059369687181
10266,incendio,-6.1848,-76.0175
10270,no_incendio,-7.324938939394847,-75.95193264911674
10273,incendio,-6.8206,-76.4454
10275,no_incendio,-5.740185734953845,-76.52718705325192
10276,incendio,-6.0226,-77.6041
10277,no_incendio,-5.4225864404931166,-77.44996456310464
10279,no_incendio,-5.62998043999866,-76.34952477053923
10281,incendio,-7.3111,-76.6951
10282,incendio,-5.932,-77.0804
10285,incendio,-8.3181,-76.2573
10291,incendio,-5.7771,-77.4145
10292,no_incendio,-6.476078930269108,-76.12579467837428
10295,no_incendio,-5.733329701316475,-76.97970479241751
10301,incendio,-8.6064,-76.7928
10306,no_incendio,-7.591157646889957,-76.48064707935481
10317,incendio,-5.8888,-75.9774
10323,incendio,-5.6786,-76.6012
10325,incendio,-8.3593,-76.7502
10327,incendio,-5.8748,-76.9472
10336,no_incendio,-5.7462072862910665,-75.82239791523867
10337,no_incendio,-6.042014186508827,-75.97046946062136
10339,incendio,-6.9068,-76.271
10342,no_incendio,-6.950453264096688,-75.59880859567114
10346,incendio,-6.7254,-76.4549
10351,incendio,-7.2417,-76.2643
10353,no_incendio,-5.5978889160107626,-76.86708534486174
10370,incendio,-7.1824,-76.4577
10385,incendio,-7.1009,-77.6519
10388,no_incendio,-5.592011294671137,-75.99975689195666
10395,incendio,-6.6274,-76.0993
10399,incendio,-7.2066,-77.0644
10400,incendio,-7.3506,-76.55
10402,no_incendio,-7.196513313319464,-76.34355474331385
10409,incendio,-7.3964,-76.3792
10413,no_incendio,-5.691703950902071,-76.93733770607169
10414,no_incendio,-6.53438876670278,-77.3151143596093
10418,incendio,-6.7483,-76.608
10424,incendio,-6.3635,-76.5997
10425,incendio,-7.0162,-76.8602
10426,incendio,-8.2247,-76.5011
10430,no_incendio,-6.599957493403006,-76.05770861085986
10438,incendio,-7.0381,-76.6852
10440,incendio,-5.9855,-75.9784
10441,incendio,-7.1211,-76.9019
10446,incendio,-8.6984,-76.1039
10448,incendio,-6.3544,-76.5764
10450,incendio,-7.2972,-76.8065
10457,no_incendio,-6.10372793592555,-77.07921750093743
10458,no_incendio,-5.815206419164588,-75.9840705047973
10459,no_incendio,-5.7103480025675015,-77.41410373684516
10460,no_incendio,-5.863095020713222,-75.7889986714283
10468,incendio,-7.9454,-75.5487
10477,incendio,-8.1447,-76.6628
10480,incendio,-6.5505,-75.9963
10483,incendio,-7.0267,-76.8852
10485,incendio,-6.2593,-75.8148
10495,incendio,-7.3244,-75.6259
10498,no_incendio,-7.547004527368286,-77.14424900414204
10501,no_incendio,-6.994951885754811,-75.90892162040349
10504,incendio,-8.2803,-76.3979
10505,no_incendio,-6.8038809431040965,-76.81652393345753
10508,incendio,-7.374,-76.5539
10512,incendio,-6.9082,-76.7527
10513,incendio,-7.2512,-76.8617
10523,no_incendio,-5.977250221064096,-76.70445078164089
10539,incendio,-7.4643,-76.5476
10546,no_incendio,-7.4654999073290265,-76.71461513627762
10553,no_incendio,-6.215385324683509,-77.39247138767627
10561,no_incendio,-7.446762207896028,-76.39856521781556
10562,incendio,-7.648,-76.6179
10563,incendio,-8.0862,-76.7978
10565,no_incendio,-6.1773004933773406,-76.41533827057219
10566,no_incendio,-7.506544236901732,-77.50246102993648
10573,incendio,-7.4329,-76.7615
10575,incendio,-6.9927,-76.8941
10590,no_incendio,-5.334479044366705,-77.48777820988575
10594,no_incendio,-7.206553379936274,-76.41990893868237
10595,no_incendio,-6.746503515167967,-76.72857236085679
10596,incendio,-8.5435,-76.7481
10598,incendio,-8.6747,-76.3367
10605,no_incendio,-5.482360092898033,-75.75875593827813
10612,incendio,-7.522,-76.5065
10614,no_incendio,-7.464502353788052,-77.51392837949253
10617,incendio,-8.7025,-76.3292
10628,incendio,-6.5795,-76.0632
10632,incendio,-5.8514,-76.3071
10634,no_incendio,-7.420738238712349,-77.50365613060586
10642,incendio,-7.3532,-76.3533
10652,no_incendio,-6.787959079277664,-75.64572689392233
10658,no_incendio,-7.587620813063947,-76.03285942876866
10664,no_incendio,-5.8115954954872135,-76.36754698151917
10669,incendio,-7.3424,-76.0604
10672,incendio,-6.834,-76.5223
10674,incendio,-6.5161,-76.8196
10676,incendio,-6.448,-75.696
10677,incendio,-8.7174,-76.2479
10679,incendio,-5.8741,-76.1998
10684,incendio,-7.352,-76.4068
10687,no_incendio,-5.626490573988114,-76.90197669049898
10688,incendio,-6.7476,-76.5023
10690,incendio,-6.7203,-76.467
10691,no_incendio,-6.594359651694001,-75.81359177197494
10700,no_incendio,-5.979395848987274,-75.81605060669331
10702,no_incendio,-7.317626251154921,-75.78361603634158
10712,incendio,-7.1788,-76.4885
10713,no_incendio,-7.377346584054845,-77.21066750842841
10715,incendio,-7.385,-76.5531
10716,no_incendio,-6.825057480379352,-77.49883680928833
10719,no_incendio,-5.409046088511844,-75.85044957982578
10721,no_incendio,-5.569659951211905,-77.11401128748476
10723,incendio,-6.8158,-76.7268
10725,incendio,-5.7871,-76.2638
10735,incendio,-6.8249,-76.4535
10739,no_incendio,-7.506544236901732,-77.50246102993648
10741,incendio,-7.3768,-76.8538
10760,no_incendio,-6.671769405587168,-77.2003294261131
10765,incendio,-6.231,-76.1101
10766,incendio,-7.0499,-77.0404
10767,no_incendio,-7.231319010056117,-76.25282835259368
10769,no_incendio,-5.83983548332399,-77.3596154335897
10773,no_incendio,-5.590745607594968,-76.01092904258273
10776,incendio,-7.3925,-76.6723
10781,no_incendio,-6.9821795229188215,-77.4814837765738
10791,incendio,-7.4504,-76.4656
10793,incendio,-8.3903,-76.3253
10794,incendio,-5.447,-76.8124
10798,incendio,-7.0028,-76.2973
10799,no_incendio,-7.516029592309847,-76.17814319860955
10801,incendio,-7.2724,-76.5719
10802,no_incendio,-7.06430285125658,-76.42921371383994
10807,incendio,-5.3003,-76.4947
10811,incendio,-7.5793,-76.4902
10813,incendio,-5.8669,-77.1091
10815,no_incendio,-7.486384119244431,-77.33522717320785
10820,incendio,-7.3627,-76.2383
10822,incendio,-5.8111,-77.31
10825,no_incendio,-6.671397085491674,-75.72724206195927
10832,no_incendio,-5.389176452484517,-75.81151917065094
10838,incendio,-7.4842,-76.6857
10844,incendio,-8.3197,-76.3877
10845,incendio,-8.729,-76.2956
10846,incendio,-7.3246,-76.5594
10847,no_incendio,-7.097431396465031,-76.35150553329514
10850,incendio,-6.6682,-76.3424
10852,incendio,-6.7418,-76.6433
10870,no_incendio,-7.221811632536515,-77.44262630315019
10876,incendio,-8.5255,-76.332
10878,no_incendio,-5.9287884158970305,-76.31836219337158
10883,incendio,-6.9756,-76.6306
10886,incendio,-7.9159,-76.6628
10892,incendio,-5.7257,-76.3707
10894,no_incendio,-6.9712876814104,-75.72933923833854
10895,no_incendio,-5.4956287964108785,-77.39970137101125
10903,incendio,-5.7488,-77.2723
10920,incendio,-6.9767,-76.7962
10921,incendio,-6.6286,-75.5935
10923,incendio,-6.2249,-75.9963
10924,incendio,-7.3527,-76.8391
10934,incendio,-7.3608,-76.565
10936,incendio,-8.6213,-76.6466
10941,incendio,-6.9454,-76.5184
10945,incendio,-6.1329,-76.925
10960,incendio,-8.363,-76.5236
10961,incendio,-7.4109,-76.5593
10962,no_incendio,-7.196044028055804,-76.77405078763431
10965,incendio,-5.9814,-75.9048
10967,incendio,-6.0406,-77.1185
10968,incendio,-6.1817,-76.7609
10978,no_incendio,-7.231319010056117,-76.25282835259368
10982,incendio,-7.7253,-76.7426
10983,no_incendio,-7.462272976116109,-77.0484423984109
10987,no_incendio,-6.842130861811311,-76.61529209965812
10989,incendio,-6.3057,-75.8403
10993,incendio,-6.5698,-75.6831
10998,no_incendio,-6.887017706594157,-77.30533643415299
10999,incendio,-6.9509,-76.5077
11005,incendio,-7.2376,-77.0694
11014,no_incendio,-6.994951885754811,-75.90892162040349
11016,no_incendio,-6.271888529403575,-75.79765684657775
11021,incendio,-6.8528,-76.8152
11031,no_incendio,-7.308376267427788,-75.72020744008876
11041,no_incendio,-6.644983818759033,-76.97235660144274
11054,no_incendio,-6.74885592845062,-76.02672128613708
11056,no_incendio,-6.547946119465311,-76.58716239935082
11065,no_incendio,-7.161262686753078,-75.93223007605604
11067,no_incendio,-5.747916301571042,-76.94248947046277
11071,no_incendio,-6.269160672028454,-77.26185240867942
11080,no_incendio,-7.292676783205119,-75.82456526450503
11091,no_incendio,-6.167876331105529,-76.10362029847187
11093,incendio,-7.3094,-76.5831
11095,no_incendio,-6.727604587458214,-76.26589680418019
11101,incendio,-6.5476,-75.7087
11109,incendio,-6.3729,-75.6851
11112,no_incendio,-6.446499470618798,-75.63834110129498
11115,incendio,-5.8153,-77.3008
11118,incendio,-6.6792,-76.3197
11121,incendio,-7.2241,-77.0825
11127,no_incendio,-6.24237475480212,-75.58560175040829
11140,no_incendio,-6.752631174647365,-76.89757485609974
11145,no_incendio,-5.853989818371729,-76.78866763757419
11146,incendio,-5.7076,-76.6773
11155,no_incendio,-7.597875070160168,-76.24368895263702
11158,no_incendio,-6.742797209348308,-75.63057425829132
11159,incendio,-7.2675,-76.7034
11161,incendio,-6.4273,-77.3491
11163,incendio,-5.834,-77.3438
11179,no_incendio,-7.359360612224768,-76.78029054350944
11180,no_incendio,-6.721818890646596,-76.25717682869612
11182,no_incendio,-6.183798772159494,-75.95166434619192
11184,incendio,-7.1723,-76.9042
11185,no_incendio,-5.931410128051382,-77.48442078407336
11186,no_incendio,-7.224623096753857,-76.90340581488266
11194,incendio,-7.5598,-76.1784
11195,incendio,-8.3593,-76.7414
11197,incendio,-8.2794,-76.5872
11198,incendio,-6.9098,-76.8985
11201,incendio,-6.3265,-76.6409
11206,incendio,-6.9187,-76.4237
11208,incendio,-6.4809,-77.0511
11209,no_incendio,-5.7595902055188795,-75.77924853201874
11216,incendio,-7.222,-76.868
11218,incendio,-6.0143,-76.0246
11232,incendio,-6.2414,-75.8271
11234,incendio,-6.8436,-76.6333
11236,incendio,-6.1139,-76.2923
11263,no_incendio,-7.23268535501901,-75.71791421763211
11265,no_incendio,-6.945484440166689,-76.77951589048426
11267,no_incendio,-5.721753234372427,-77.04300744557013
11271,no_incendio,-7.506544236901732,-77.50246102993648
11275,no_incendio,-7.320681720418793,-75.65489361084256
11281,no_incendio,-5.592210809875936,-75.85957552026237
11293,no_incendio,-6.143493830692505,-76.5408916216836
11298,incendio,-7.2396,-77.706
11301,incendio,-8.2829,-77.5803
11327,incendio,-7.2657,-76.464
11342,incendio,-7.1589,-76.3597
11344,incendio,-6.8405,-76.6627
11346,incendio,-6.6499,-76.0968
11353,no_incendio,-6.545436147892791,-76.30829128869237
11356,incendio,-7.1045,-76.8085
11357,incendio,-6.4914,-76.3583
11362,no_incendio,-5.937659253977012,-77.34942172737706
11364,incendio,-7.5984,-76.513
11368,no_incendio,-6.044769424983038,-75.50599138370771
11373,incendio,-6.7225,-76.1759
11378,incendio,-6.7639,-77.2542
11384,no_incendio,-5.4324592687941,-76.16239104777486
11390,incendio,-7.4484,-76.6474
11391,incendio,-6.1087,-76.033
11392,incendio,-5.6389,-76.5472
11397,no_incendio,-7.117688925300616,-76.79094679252412
11403,no_incendio,-7.5699592193140015,-75.58526155924636
11404,incendio,-8.3081,-76.2949
11406,incendio,-6.2474,-76.1668
11407,incendio,-5.7762,-76.4055
11412,incendio,-6.9941,-76.2137
11415,incendio,-8.5129,-76.4778
11417,incendio,-5.9653,-75.8589
11422,incendio,-6.3952,-76.5478
11429,incendio,-6.199,-77.2603
11430,no_incendio,-7.277740388513622,-77.219832932029
11435,incendio,-5.928,-76.2879
11448,incendio,-7.2157,-76.0414
11449,no_incendio,-6.217977569363936,-76.69976022852224
11452,incendio,-6.3759,-75.9142
11457,no_incendio,-5.977954403238399,-75.89740788010133
11466,incendio,-7.2751,-76.9529
11471,incendio,-6.2526,-75.8439
11476,incendio,-6.9056,-76.6391
11487,incendio,-7.0193,-76.6145
11498,incendio,-6.2036,-75.9504
11501,incendio,-7.131,-76.3935
11502,no_incendio,-6.052146999790762,-76.66693051861807
11503,incendio,-6.0102,-75.8006
11511,incendio,-5.8276,-76.1817
11523,incendio,-6.7498,-76.8315
11524,no_incendio,-6.672836316039594,-77.21035813191263
11530,no_incendio,-7.486384119244431,-77.33522717320785
11533,incendio,-7.8936,-76.6758
11537,no_incendio,-6.295102509635013,-77.52506617532497
11538,incendio,-6.738,-76.9548
11543,incendio,-8.3762,-76.3849
11548,no_incendio,-7.342552043846658,-77.45073212658029
11551,incendio,-5.7411,-76.1903
11552,no_incendio,-6.0017769805371435,-76.54978075200272
11554,incendio,-6.3971,-75.9939
11556,no_incendio,-7.162586032756481,-76.81020137003335
11562,no_incendio,-5.682009801127555,-77.32557014599907
11565,incendio,-8.6603,-76.3539
11571,no_incendio,-7.257884674103633,-77.06798922780067
11573,incendio,-7.116,-76.3622
11576,incendio,-7.2343,-76.9266
11584,incendio,-7.4983,-76.7781
11602,incendio,-7.6842,-76.5103
11606,incendio,-8.6156,-76.6236
11607,incendio,-7.1082,-76.3815
11610,no_incendio,-5.423352355280385,-75.9768451523196
11624,incendio,-8.6285,-76.6001
11630,no_incendio,-6.542252546530441,-76.69178298792589
11631,no_incendio,-6.295102509635013,-77.52506617532497
11639,incendio,-7.4397,-76.5504
11641,no_incendio,-5.508214763979514,-75.68261084884283
11643,incendio,-8.4638,-76.9052
11650,incendio,-7.2189,-76.7132
11655,no_incendio,-6.580708866740203,-77.30463518466154
11658,no_incendio,-6.4551795764442375,-76.19574642473289
11659,incendio,-6.9611,-76.5019
11662,no_incendio,-6.9712876814104,-75.72933923833854
11664,no_incendio,-5.434734993358147,-76.94653262890384
11668,incendio,-6.1922,-76.0138
11671,no_incendio,-6.641540416375139,-77.47486256481713
11687,incendio,-8.5809,-76.5521
11693,no_incendio,-6.937667134670242,-75.79567614590403
11695,no_incendio,-5.369357026240305,-77.2031702822179
11697,no_incendio,-6.234614825176705,-77.3723732006722
11707,incendio,-6.1744,-76.404
11708,no_incendio,-5.489245275525123,-76.82667902790362
11714,incendio,-5.9371,-76.3395
11716,incendio,-8.4335,-76.4907
11718,incendio,-7.2301,-77.0245
11721,incendio,-7.2836,-76.579
11724,no_incendio,-5.4986752575716835,-76.99704879250469
11725,no_incendio,-6.2190640726250495,-76.93105958473025
11727,no_incendio,-7.199216978961617,-75.9477990392911
11746,no_incendio,-7.291269329879484,-76.54650698845496
11750,incendio,-7.298,-76.124
11755,no_incendio,-6.281173626920689,-76.33798845589783
11763,incendio,-7.0224,-76.3998
11770,no_incendio,-5.647813944563046,-75.98631579821414
11773,no_incendio,-6.188812026219859,-77.47999723724293
11777,no_incendio,-6.072007171578419,-77.37389388906047
11782,incendio,-7.1877,-77.5699
11783,incendio,-5.8978,-76.1192
11785,no_incendio,-5.808189893519151,-75.58463969579134
11792,incendio,-6.4101,-75.7511
11795,incendio,-8.666,-76.88
11799,no_incendio,-6.7663153524803406,-76.63107432313332
11804,incendio,-6.6687,-76.6323
11806,incendio,-7.5517,-76.4178
11811,incendio,-7.5226,-76.427
11814,incendio,-7.3471,-76.3084
11823,no_incendio,-6.606790602498376,-76.50679708602655
11825,no_incendio,-6.572656774954891,-77.3264854349528
11827,incendio,-7.0783,-76.112
11828,no_incendio,-7.414688922024766,-76.2476866383002
11830,incendio,-7.2018,-76.2325
11834,no_incendio,-5.942412033073392,-76.99723759620795
11836,incendio,-6.1362,-75.9438
11840,incendio,-6.958,-76.8852
11846,no_incendio,-5.3130357942785436,-76.58858316456917
11847,incendio,-8.5136,-75.55
11848,incendio,-6.6335,-76.6623
11857,no_incendio,-6.796720182530489,-75.69073110670904
11865,incendio,-5.3443,-76.7367
11870,no_incendio,-7.547362899320046,-75.73565468655677
11872,incendio,-7.9573,-76.6595
11894,incendio,-6.0512,-76.9332
11895,incendio,-6.8215,-76.6196
11900,incendio,-7.1769,-77.0493
11902,incendio,-6.7806,-76.6413
11903,no_incendio,-6.994018548876931,-77.44340810717631
11908,incendio,-6.8475,-76.9777
11909,no_incendio,-7.447641034854349,-75.90762090121981
11911,incendio,-8.4697,-76.3456
11913,no_incendio,-5.369370124540203,-77.53041632467286
11915,incendio,-5.8199,-77.157
11917,no_incendio,-7.106983766497296,-76.41530269638099
11919,incendio,-6.8863,-76.361
11920,no_incendio,-6.88204939673875,-76.47181029595973
11921,incendio,-7.2802,-76.7232
11922,no_incendio,-5.746784627492212,-75.78617751665539
11925,incendio,-5.7134,-76.4103
11926,incendio,-6.3056,-76.0643
11927,incendio,-7.2736,-76.7913
11929,no_incendio,-6.416369783766856,-77.46099434503463
11934,incendio,-7.3497,-76.2574
11936,no_incendio,-6.154726709997222,-75.55076367684507
11937,no_incendio,-7.259025792408945,-76.1069982504593
11940,incendio,-8.5966,-76.1161
11950,no_incendio,-5.316700367183811,-76.26596491615018
11959,no_incendio,-6.234614825176705,-77.3723732006722
11960,incendio,-6.9254,-76.6828
11961,incendio,-6.0701,-76.2172
11963,incendio,-7.2978,-75.621
11965,incendio,-6.4843,-76.558
11966,incendio,-6.6692,-76.591
11969,incendio,-6.4782,-76.5986
11971,incendio,-8.3411,-76.3152
11980,incendio,-6.6256,-76.1642
11986,no_incendio,-6.217977569363936,-76.69976022852224
11991,no_incendio,-6.567404760010091,-75.93678531261668
11994,incendio,-7.2544,-76.6219
11997,no_incendio,-7.327451375962066,-77.03090576588977
11999,incendio,-6.8489,-76.5542
12000,incendio,-7.1485,-76.2434
12001,incendio,-5.8791,-76.1813
12002,incendio,-6.286,-76.0509
12006,incendio,-6.3975,-76.5358
12007,incendio,-8.7177,-76.3585
12018,incendio,-5.8816,-76.3709
12035,no_incendio,-6.634686692730256,-75.5796876028018
12042,no_incendio,-6.329066895240967,-77.1289458150613
12057,no_incendio,-7.448759349626241,-75.73146487239217
12060,no_incendio,-7.0475824644559095,-77.00777977835193
12064,no_incendio,-5.913444133925558,-76.54061399484421
12065,no_incendio,-5.908177822401652,-76.8838396640829
12067,no_incendio,-6.427611857268102,-77.39761535548438
12068,no_incendio,-5.3689055308415,-76.62344622964636
12071,no_incendio,-5.465881437617145,-76.83346258647516
12074,incendio,-7.0633,-76.9183
12076,incendio,-7.0156,-76.1204
12081,incendio,-8.6003,-76.5729
12082,incendio,-6.9919,-76.1981
12083,no_incendio,-7.098978961723795,-76.16251434543014
12100,no_incendio,-6.140503448389999,-75.89152757203433
12102,no_incendio,-7.517330043663011,-76.85538614453351
12108,no_incendio,-5.915658751464713,-77.38575524652865
12110,no_incendio,-6.388532043555506,-76.84726928607184
12111,no_incendio,-6.269350897351528,-76.17554961545872
12116,incendio,-5.8956,-75.9353
12118,no_incendio,-7.269040165613338,-76.9103123983766
12123,incendio,-6.0728,-76.9153
12136,incendio,-6.8425,-76.869
12141,incendio,-7.862,-76.6993
12151,incendio,-5.7536,-76.1427
12153,incendio,-6.861,-76.584
12154,no_incendio,-6.998414939340265,-75.67912715079014
12155,no_incendio,-5.65117658577255,-75.62263099163508
12160,no_incendio,-7.517938460168555,-75.88430182253087
12165,incendio,-8.7069,-77.0182
12168,incendio,-7.3167,-76.7115
12174,incendio,-7.4521,-76.5941
12177,incendio,-6.3656,-75.6919
12180,incendio,-6.8786,-76.1908
12182,incendio,-5.8247,-77.2375
12187,incendio,-8.3783,-76.3859
12192,no_incendio,-7.336551353349131,-77.20883178649431
12193,incendio,-8.5531,-76.5147
12195,incendio,-6.6179,-76.4752
12203,incendio,-7.2493,-76.705
12207,incendio,-7.304,-76.7364
12218,incendio,-7.3481,-76.7943
12221,no_incendio,-7.014702412265873,-76.4405488433982
12223,incendio,-5.799,-76.2173
12225,no_incendio,-7.592086939740942,-76.80103020899601
12236,incendio,-6.8149,-76.5179
12237,no_incendio,-7.371926664770868,-77.38249391708561
12240,incendio,-6.5418,-76.9167
12247,incendio,-6.2833,-75.7633
12248,incendio,-7.319,-76.5597
12254,no_incendio,-5.590745607594968,-76.01092904258273
12261,incendio,-6.8529,-76.2225
12263,incendio,-6.1883,-76.7847
12271,incendio,-5.6881,-76.6685
12272,no_incendio,-5.399995483023551,-76.68244565675566
12276,no_incendio,-6.638936461882343,-76.98044793632914
12280,incendio,-7.1533,-76.3481
12281,no_incendio,-5.382192721085108,-75.80513455395052
12293,no_incendio,-6.337630898858479,-77.22298031852678
12294,incendio,-6.8095,-76.6212
12299,incendio,-7.3704,-77.4278
12306,no_incendio,-6.720013389410524,-76.18246932103828
12312,no_incendio,-5.826125398643272,-77.25978841596924
12314,incendio,-6.4897,-76.356
12316,no_incendio,-6.980328156805363,-75.58165966551039
12323,no_incendio,-5.323979357908248,-75.76496426046252
12324,no_incendio,-6.74885592845062,-76.02672128613708
12333,incendio,-7.0657,-76.9442
12336,no_incendio,-7.257184386198285,-77.16794482130089
12341,incendio,-5.9574,-76.507
12346,no_incendio,-5.621781873154133,-75.59201486751932
12350,incendio,-7.1964,-76.4851
12351,incendio,-6.847,-76.7462
12353,incendio,-7.4081,-76.6938
12364,incendio,-5.8729,-76.531
12365,no_incendio,-7.432415046086705,-75.62170917666255
12366,incendio,-5.522,-75.8683
12367,incendio,-5.7875,-77.1737
12370,incendio,-7.318,-76.5808
12372,no_incendio,-6.715205623153173,-76.11809578650696
12376,incendio,-7.2306,-76.2209
12377,no_incendio,-6.589846765006126,-76.67564163824959
12378,incendio,-7.1383,-76.7561
12380,no_incendio,-6.09276868271348,-76.00881721213455
12386,no_incendio,-6.091674894114575,-77.31779067927825
12388,no_incendio,-5.921016028711128,-75.70718586514504
12391,incendio,-6.2695,-75.8851
12397,incendio,-5.9026,-76.2452
12404,incendio,-6.8491,-76.9724
12408,incendio,-6.3385,-77.6522
12410,incendio,-6.7683,-76.6757
12414,incendio,-6.5753,-76.3584
12423,incendio,-6.461,-76.3971
12424,no_incendio,-6.258662070362653,-76.50630572261905
12425,no_incendio,-6.726381012789614,-77.29263321460805
12427,incendio,-6.7173,-76.4817
12428,no_incendio,-6.09087742872903,-76.39432793529913
12432,no_incendio,-6.1592934714330285,-77.34475903708392
12434,no_incendio,-7.480945740497024,-75.88131487548965
12438,incendio,-6.0424,-76.897
12439,incendio,-7.1067,-76.6793
12442,incendio,-7.0525,-76.8935
12449,incendio,-8.062,-76.6399
12450,no_incendio,-7.347666513055251,-77.19530347019538
12459,incendio,-7.1439,-76.2926
12465,incendio,-7.5919,-76.6728
12469,incendio,-5.7316,-76.3551
12471,incendio,-7.5194,-76.2068
12478,incendio,-5.4946,-76.5289
12481,no_incendio,-6.557560588378224,-76.50430262965486
12483,incendio,-7.0908,-76.4081
12484,no_incendio,-7.036314510603764,-76.32413479957033
12485,incendio,-7.4936,-76.4941
12496,no_incendio,-6.745283632589781,-76.33682715106067
12497,no_incendio,-5.632876376439432,-77.16339501604922
12503,no_incendio,-6.191430391246121,-75.84894878803162
12504,incendio,-7.3207,-75.5885
12509,incendio,-7.3161,-76.5698
12517,incendio,-7.2804,-76.9493
12518,incendio,-7.3753,-76.7664
12520,no_incendio,-6.774947131584925,-76.00722166007617
12524,no_incendio,-5.800895908311601,-76.62831443275236
12527,incendio,-7.3518,-76.5791
12533,incendio,-7.3106,-75.5282
12540,no_incendio,-5.983810951819396,-76.22464105692707
12544,incendio,-8.1239,-76.5478
12548,no_incendio,-6.339520872179224,-76.81899067100204
12552,no_incendio,-5.592011294671137,-75.99975689195666
12555,incendio,-6.1105,-75.9873
12561,incendio,-6.749,-76.4639
12564,incendio,-5.3298,-76.2659
12568,incendio,-8.073,-76.7006
12569,incendio,-7.1231,-76.1192
12570,incendio,-7.1264,-76.3029
12571,incendio,-6.8156,-76.4398
12572,no_incendio,-5.719448744498719,-77.23298516632254
12573,no_incendio,-5.623597121632923,-75.81781716667395
12579,incendio,-6.2362,-76.0637
12584,no_incendio,-5.508118125742636,-76.08158705053927
12585,incendio,-7.333,-76.3478
12589,no_incendio,-5.592798700137297,-76.77202119029057
12594,no_incendio,-6.982455617549805,-76.38860618436227
12597,no_incendio,-5.953019088925324,-76.23284593502969
12601,no_incendio,-5.720724874930588,-76.09066535924033
12609,incendio,-7.3003,-77.5934
12610,no_incendio,-5.985543510791079,-75.55610035209125
12612,incendio,-7.4274,-76.4559
12617,no_incendio,-7.082226882888392,-75.74798202243628
12619,incendio,-7.1819,-76.8006
12626,incendio,-6.6585,-76.6167
12631,incendio,-8.7673,-77.1264
12633,no_incendio,-7.5389429366733145,-76.3612819242991
12637,incendio,-7.1604,-76.8641
12641,incendio,-6.5479,-75.6867
12642,incendio,-5.3181,-75.7243
12645,no_incendio,-7.4143617918638425,-76.41255499623206
12648,incendio,-5.3268,-76.4808
12654,no_incendio,-5.9272520922930445,-77.17976360795232
12656,no_incendio,-7.5842496329608995,-75.57404179177915
12658,no_incendio,-5.617689246248104,-77.03996515250137
12662,incendio,-7.2167,-76.7267
12666,no_incendio,-5.62140995348484,-75.55506281291692
12671,incendio,-5.794,-77.0614
12673,incendio,-5.6978,-76.6899
12674,incendio,-6.2029,-77.6414
12675,no_incendio,-5.862678119407266,-76.8979972886448
12681,incendio,-8.2674,-76.5808
12685,incendio,-6.553,-75.69
12686,no_incendio,-6.096039133600909,-76.29380539264065
12696,incendio,-8.2807,-76.5974
12699,incendio,-7.8673,-76.7183
12708,incendio,-5.6591,-76.5557
12716,incendio,-7.4888,-76.3707
12720,incendio,-5.7073,-76.0719
12722,no_incendio,-6.242683257012905,-77.09272695265327
12723,incendio,-8.091,-76.7221
12729,incendio,-7.2032,-76.3052
12731,incendio,-6.4071,-76.9196
12740,no_incendio,-6.979813600777688,-77.48470455898823
12742,incendio,-5.7701,-76.0095
12745,incendio,-7.3436,-76.9437
12746,incendio,-7.547,-76.5333
12747,incendio,-8.3339,-76.5583
12748,no_incendio,-6.968966493455318,-76.77095416720522
12758,incendio,-7.5446,-76.7867
12759,no_incendio,-5.577290052521281,-76.32966434490925
12761,incendio,-7.8945,-76.7079
12766,incendio,-6.7261,-76.3262
12774,no_incendio,-6.050469228584658,-76.73736427886188
12778,incendio,-8.0369,-76.6613
12781,no_incendio,-7.423279850513975,-76.1929127649397
12783,incendio,-7.1083,-76.2508
12787,incendio,-5.7099,-76.2605
12802,no_incendio,-6.75147932991093,-77.49824320852836
12812,no_incendio,-7.320681720418793,-75.65489361084256
12835,incendio,-6.399,-76.5951
12836,no_incendio,-6.501541232968051,-77.42157786801864
12843,no_incendio,-7.251053016973333,-77.43482372064443
12846,no_incendio,-6.1156293221158835,-76.01949781132349
12848,no_incendio,-6.174948624269397,-76.36859139619342
12849,no_incendio,-6.45014471724059,-77.23785683491617
12851,no_incendio,-5.463870053471811,-75.65012298252523
12852,no_incendio,-6.371807438398121,-75.97041325819922
12857,incendio,-5.7327,-77.4608
12858,no_incendio,-5.804055235179965,-77.4451366120588
12864,incendio,-7.1222,-76.7178
12868,incendio,-7.3908,-76.7398
12870,incendio,-7.3747,-76.6888
12874,no_incendio,-6.400727870765625,-77.48420741846027
12880,no_incendio,-7.4811756669415,-76.01564428333117
12886,no_incendio,-5.834688696045425,-76.52690718058605
12889,incendio,-5.7661,-76.3961
12905,incendio,-6.3254,-76.1299
12909,incendio,-6.9707,-76.7122
12912,incendio,-5.687,-77.467
12920,incendio,-6.8998,-76.8875
12925,no_incendio,-7.201796098982287,-75.59066106327278
12928,incendio,-6.9699,-76.5664
12929,incendio,-6.9759,-76.8591
12930,incendio,-5.7665,-76.0567
12933,incendio,-6.6752,-76.7159
12944,incendio,-6.6763,-76.8807
12949,incendio,-7.4244,-76.6361
12957,incendio,-7.3126,-76.6237
12962,incendio,-8.7296,-76.7517
12971,incendio,-7.5217,-76.4484
12972,no_incendio,-5.316751485798925,-76.19649120217885
12974,no_incendio,-7.161262686753078,-75.93223007605604
12983,incendio,-5.7673,-77.0488
12984,no_incendio,-5.4956287964108785,-77.39970137101125
12985,incendio,-5.8222,-76.3798
12999,incendio,-7.4611,-76.6815
13020,incendio,-7.6637,-76.4502
13025,incendio,-6.3868,-75.9988
13027,no_incendio,-6.081931713189248,-77.21688851873837
13030,no_incendio,-7.139277657699614,-76.6688585627755
13037,incendio,-7.4196,-76.7249
13045,incendio,-8.3938,-77.1624
13046,incendio,-5.735,-77.3794
13062,incendio,-5.8017,-76.3901
13063,incendio,-5.551,-75.829
13071,incendio,-5.8391,-77.1607
13073,incendio,-5.6886,-76.2108
13074,incendio,-7.389,-76.7417
13084,incendio,-6.8148,-76.5066
13088,no_incendio,-6.617504610391747,-77.25647472773994
13092,incendio,-6.0049,-75.986
13095,no_incendio,-6.122241228202742,-76.97601645146484
13102,incendio,-5.7775,-77.1692
13106,incendio,-8.5852,-76.3523
13109,no_incendio,-6.026656147123168,-76.76469510540855
13114,incendio,-7.2878,-76.8244
13121,incendio,-8.6415,-76.1227
13129,no_incendio,-7.146199438472306,-75.63802434726938
13133,no_incendio,-6.386426402369189,-77.04162489751405
13134,incendio,-6.2453,-76.7029
13136,incendio,-7.0393,-76.9165
13143,no_incendio,-7.4582565567314925,-76.8374558308584
13151,incendio,-7.0975,-76.5094
13156,no_incendio,-7.384620420011121,-76.77592855304549
13174,no_incendio,-6.730215654444688,-76.84821672271427
13178,incendio,-8.0674,-76.6834
13182,no_incendio,-7.508226717447944,-76.74892470083597
13189,no_incendio,-6.249559347527708,-77.38514191347497
13191,incendio,-8.4895,-76.3781
13194,incendio,-7.3469,-76.8518
13198,incendio,-6.7479,-76.2181
13203,no_incendio,-5.849265187399489,-77.52081578278697
13212,no_incendio,-6.536633754882988,-75.61074686603133
13219,incendio,-6.2841,-77.7728
13232,no_incendio,-5.974627825335505,-76.8393257597771
13244,incendio,-7.1139,-77.1044
13248,no_incendio,-7.14999258790223,-77.27323492320696
13251,no_incendio,-6.976092489979531,-77.35059361204593
13257,incendio,-7.6704,-76.7349
13265,incendio,-6.6583,-76.5234
13268,no_incendio,-5.590950998396602,-75.50740685150045
13269,no_incendio,-7.061403957049695,-76.62981524420255
13271,no_incendio,-6.052146999790762,-76.66693051861807
13272,no_incendio,-5.863095020713222,-75.7889986714283
13279,incendio,-7.0699,-76.8641
13288,incendio,-7.3986,-76.7799
13289,incendio,-7.5642,-76.7694
13291,incendio,-7.0608,-76.2827
13293,incendio,-5.7263,-76.2508
13299,incendio,-6.29,-75.8329
13300,incendio,-7.2182,-76.7878
13301,incendio,-6.0839,-76.1557
13304,no_incendio,-5.304216028521146,-77.22955638933952
13310,incendio,-6.8762,-76.6613
13316,no_incendio,-7.232373566693578,-77.33989801092913
13327,no_incendio,-6.380793727295641,-76.36283674136891
13329,no_incendio,-6.726779286673033,-77.03336380719702
13330,incendio,-7.3869,-76.5402
13331,incendio,-7.369,-76.7862
13332,incendio,-6.5504,-76.491
13333,no_incendio,-6.8241555048520945,-76.01927599626522
13337,incendio,-7.1324,-76.8916
13342,incendio,-7.8154,-76.6699
13343,no_incendio,-5.3992279096164255,-77.51525342091976
13345,incendio,-7.1217,-76.5389
13347,incendio,-8.4887,-76.5078
13351,no_incendio,-5.569129164967829,-76.89146867970102
13362,incendio,-6.7819,-76.2761
13363,no_incendio,-6.7133301961826755,-75.60854075962672
13364,no_incendio,-5.921387481016298,-75.640821414452
13372,incendio,-7.3063,-76.554
13374,incendio,-5.707,-75.8815
13376,incendio,-7.5045,-76.4935
13379,no_incendio,-7.217736549985553,-75.80888423805258
13380,no_incendio,-6.08674868659818,-77.38664384875209
13382,no_incendio,-5.901183537582431,-77.01906915606199
13384,no_incendio,-5.69836641593065,-75.72287872908569
13385,no_incendio,-5.394785578322833,-77.00358788486766
13389,incendio,-5.7922,-77.1783
13410,no_incendio,-7.143300333347583,-76.01076815200116
13423,incendio,-7.2894,-75.5058
13439,no_incendio,-6.329066895240967,-77.1289458150613
13440,no_incendio,-5.815206419164588,-75.9840705047973
13441,no_incendio,-7.132724984642544,-76.76764396887705
13445,incendio,-7.1439,-76.6714
13452,incendio,-7.3115,-76.2422
13458,no_incendio,-7.474717173105087,-76.9435614717976
13467,no_incendio,-6.3065520769299415,-76.52048775212563
13473,incendio,-5.3737,-75.7504
13474,no_incendio,-7.585660689069584,-77.39009094478008
13475,incendio,-6.4595,-76.6465
13477,incendio,-7.2538,-76.8193
13482,incendio,-8.5453,-76.7605
13490,no_incendio,-6.923574495814878,-76.96137100911855
13493,no_incendio,-7.208517788052751,-77.27726682011853
13496,no_incendio,-6.044769424983038,-75.50599138370771
13497,incendio,-7.0183,-76.8572
13500,no_incendio,-5.618910457397299,-76.39046295133087
13502,no_incendio,-7.516029592309847,-76.17814319860955
13511,no_incendio,-5.6996412211902,-75.5074681731858
13513,no_incendio,-6.215385324683509,-77.39247138767627
13517,incendio,-6.3142,-76.1817
13526,incendio,-6.095,-76.025
13530,no_incendio,-6.942054443870175,-75.88451122317879
13532,incendio,-7.2873,-76.421
13540,no_incendio,-6.467350712480753,-77.13922176575424
13542,no_incendio,-6.5749903992962055,-76.89683303442592
13547,incendio,-6.2877,-76.3066
13548,incendio,-6.8243,-76.6914
13555,incendio,-8.1987,-76.5367
13558,no_incendio,-6.535104750481092,-76.08251249993276
13564,incendio,-6.4985,-76.5523
13575,no_incendio,-5.706911774664528,-77.15797296628834
13576,incendio,-5.8468,-76.3528
13580,incendio,-6.6369,-76.4191
13585,no_incendio,-5.802494877336548,-76.35132685190827
13589,no_incendio,-5.977893876843185,-76.20383698117358
13592,no_incendio,-7.153254312142147,-75.61931012295983
13595,no_incendio,-6.156444886914189,-76.11831601972577
13599,incendio,-8.6438,-76.3194
13606,incendio,-7.4924,-76.3819
13607,no_incendio,-7.593724484851976,-77.34754973911781
13613,no_incendio,-6.555810705714814,-75.58765246403257
13619,no_incendio,-6.440107687486793,-76.71961125303099
13627,no_incendio,-7.468820255868223,-76.21884389702247
13628,no_incendio,-5.945782975612446,-75.78933619991895
13634,no_incendio,-6.947446276433678,-76.55641004463064
13642,incendio,-6.2086,-76.0162
13646,incendio,-8.1431,-77.6207
13648,no_incendio,-7.257184386198285,-77.16794482130089
13651,no_incendio,-6.696114207645428,-77.01139322381492
13653,no_incendio,-5.5904160018413185,-75.95967696851481
13661,incendio,-7.5478,-76.5762
13663,no_incendio,-6.032637337308331,-77.27677952675285
13665,no_incendio,-7.4333859418143975,-75.94488928476447
13667,incendio,-7.2556,-76.6518
13672,no_incendio,-7.53821724475927,-77.34792258266398
13677,incendio,-6.2209,-75.9993
13678,no_incendio,-6.064542854980353,-77.18213602611725
13683,no_incendio,-6.505676796415307,-75.74448285313693
13684,no_incendio,-6.237007995955339,-77.29653920345977
13688,no_incendio,-6.328050055589178,-77.0850887708193
13689,incendio,-6.9793,-76.7002
13695,no_incendio,-5.991944937539925,-75.60778625331145
13697,no_incendio,-5.394785578322833,-77.00358788486766
13698,incendio,-7.0881,-76.2928
13699,incendio,-8.6309,-76.1142
13700,incendio,-7.9489,-76.7319
13702,no_incendio,-6.088150630105884,-77.05183868742043
13705,incendio,-6.2863,-75.8666
13710,incendio,-8.1943,-77.3514
13714,incendio,-8.1962,-75.667
13715,no_incendio,-5.593725246250177,-76.70151478021911
13717,incendio,-6.8734,-76.7449
13720,incendio,-8.4998,-76.4476
13729,incendio,-7.306,-76.5771
13738,no_incendio,-7.428960143280297,-76.20768184148152
13739,no_incendio,-5.465881437617145,-76.83346258647516
13743,no_incendio,-6.040209440060914,-75.6194334979568
13752,incendio,-7.4202,-76.5842
13763,no_incendio,-5.634222890340759,-76.43789808900263
13765,incendio,-7.5625,-76.4032
13771,no_incendio,-7.312843125933768,-75.51939324111113
13778,incendio,-7.3005,-76.6711
13784,no_incendio,-5.393627530051222,-76.7881303458327
13786,no_incendio,-6.880264689541971,-77.33984954598883
13788,no_incendio,-7.5389429366733145,-76.3612819242991
13789,incendio,-8.6221,-76.3142
13790,incendio,-7.0786,-76.4368
13792,no_incendio,-6.774947131584925,-76.00722166007617
13796,no_incendio,-6.100924085847581,-75.50738744279523
13803,incendio,-6.0481,-76.9035
13811,incendio,-5.6778,-77.5413
13812,incendio,-7.2165,-76.7629
13814,no_incendio,-6.161493803649726,-77.185392683239
13818,no_incendio,-6.223322439610729,-75.97460472272981
13819,incendio,-6.3408,-75.9875
13825,no_incendio,-7.124827279927048,-76.79852328354966
13827,no_incendio,-6.140503448389999,-75.89152757203433
13828,no_incendio,-6.419675876236263,-76.64489280604421
13833,incendio,-5.913,-76.24
13841,no_incendio,-6.467420438436691,-76.19360941434292
13845,incendio,-7.2217,-76.6055
13853,no_incendio,-6.201637039608355,-76.63859765076462
13862,incendio,-5.6602,-76.0128
13869,incendio,-6.8423,-76.9639
13871,no_incendio,-6.238571072533694,-75.50795501172155
13873,incendio,-7.0986,-76.5276
13880,no_incendio,-6.726508547372632,-75.8805912365982
13893,incendio,-7.3359,-76.9589
13895,incendio,-7.1574,-76.1479
13901,no_incendio,-5.349324419297768,-77.32630960187535
13913,no_incendio,-7.342552043846658,-77.45073212658029
13916,no_incendio,-5.992720265748597,-76.93502157829727
13919,incendio,-6.8503,-76.598
13922,incendio,-5.6927,-76.4263
13925,no_incendio,-5.65675190083822,-76.2124000269003
13927,no_incendio,-5.856151465825925,-75.61952647714237
13935,no_incendio,-6.47129538831012,-76.10848069167751
13936,incendio,-6.9383,-76.5051
13937,no_incendio,-6.934543735011002,-76.3579106281597
13939,no_incendio,-6.376048501437837,-77.12747027240657
13943,no_incendio,-6.134775971165761,-75.80907324993491
13946,incendio,-6.3364,-75.8798
13950,no_incendio,-6.660380391800162,-76.4974881056194
13952,incendio,-5.936,-77.0348
13963,incendio,-6.0709,-76.9069
13966,no_incendio,-6.309912628737243,-75.57235857764702
13969,incendio,-7.8461,-76.6868
13976,incendio,-8.6027,-77.3036
13977,no_incendio,-5.612907306182736,-76.9815155721773
13978,incendio,-6.9305,-76.9025
13981,incendio,-8.535,-76.7627
13982,no_incendio,-6.8812608532922095,-77.14870823308875
13987,no_incendio,-6.53325154649785,-76.75115030969212
13989,incendio,-5.8665,-76.0079
13991,incendio,-8.7866,-76.1947
13993,incendio,-6.6672,-76.6407
13998,incendio,-7.0728,-76.8116
14013,no_incendio,-7.010465391222765,-75.64374453725225
14021,incendio,-7.3172,-76.9713
14029,no_incendio,-5.62140995348484,-75.55506281291692
14034,incendio,-7.3557,-76.7159
14038,no_incendio,-6.072007171578419,-77.37389388906047
14039,incendio,-5.9354,-75.946
14042,incendio,-7.5359,-76.7241
14045,no_incendio,-6.833720284532176,-77.09053083344739
14049,no_incendio,-5.8115954954872135,-76.36754698151917
14051,incendio,-7.6242,-76.5195
14052,no_incendio,-6.564880133008887,-76.55893266226474
14058,no_incendio,-6.645538690996345,-76.24231505313135
14059,no_incendio,-6.183798772159494,-75.95166434619192
14065,incendio,-7.3668,-76.8651
14078,no_incendio,-7.500619459820059,-77.36318050509186
14085,incendio,-7.3112,-75.5746
14087,incendio,-8.2937,-76.6386
14090,no_incendio,-6.386426402369189,-77.04162489751405
14097,no_incendio,-6.237634518264563,-76.93733978052377
14099,no_incendio,-6.99869942925542,-76.8613209261512
14102,incendio,-5.8978,-75.8763
14103,no_incendio,-5.5904160018413185,-75.95967696851481
14108,incendio,-7.7989,-76.8196
14112,incendio,-7.9958,-76.6467
14114,incendio,-6.8555,-76.9519
14117,no_incendio,-5.802372431085104,-75.57878108958735
14121,incendio,-6.8802,-76.8954
14125,incendio,-6.6126,-76.6995
14126,incendio,-8.3657,-76.3971
14128,no_incendio,-6.696114207645428,-77.01139322381492
14130,incendio,-8.5613,-76.1267
14134,no_incendio,-7.424353792615787,-75.73269651500266
14139,no_incendio,-6.400338002031925,-76.1292712340201
14141,no_incendio,-7.420738238712349,-77.50365613060586
14144,no_incendio,-6.7988040085111265,-76.15084820178622
14153,incendio,-5.7513,-77.2616
14155,incendio,-8.2008,-76.977
14159,no_incendio,-7.0852919010703905,-76.44513634305123
14165,no_incendio,-5.500738315784995,-75.59662427893288
14176,no_incendio,-6.360887636963093,-77.10755017823716
14178,incendio,-6.7444,-76.7824
14190,no_incendio,-6.875442125514737,-76.55018813227439
14194,incendio,-6.5031,-76.5426
14202,incendio,-6.7116,-76.7256
14206,no_incendio,-6.135227462144194,-76.4855793054628
14208,incendio,-7.3131,-76.5559
14211,no_incendio,-5.901183537582431,-77.01906915606199
14214,no_incendio,-7.464502353788052,-77.51392837949253
14215,incendio,-6.9962,-76.7098
14216,incendio,-7.4083,-76.6099
14217,no_incendio,-6.351517341637376,-77.31017116176967
14218,incendio,-5.7688,-77.4544
14228,incendio,-8.7732,-76.6162
14234,no_incendio,-7.509252354285814,-75.54465114823546
14241,incendio,-8.704,-76.0916
14248,incendio,-7.1601,-76.4008
14250,incendio,-7.5824,-76.79
14251,no_incendio,-6.938909457059822,-76.15534082596828
14256,no_incendio,-6.534406684076978,-76.00352237296187
14258,no_incendio,-6.587743088391281,-75.70665174033093
14262,no_incendio,-6.010451782777754,-76.65548557621318
14263,incendio,-6.3441,-76.6494
14265,incendio,-8.5615,-76.3478
14268,incendio,-6.7589,-76.809
14279,no_incendio,-6.049779266057276,-75.95295045421427
14285,incendio,-5.8086,-76.067
14297,incendio,-6.3553,-76.9049
14302,no_incendio,-6.000913642665956,-77.14500157376662
14306,incendio,-8.15,-76.4805
14312,no_incendio,-5.452511328645989,-77.32229773796371
14316,incendio,-7.2926,-76.3571
14318,incendio,-5.8282,-77.2143
14329,incendio,-6.0299,-75.8615
14334,no_incendio,-6.308143679517888,-75.54381617905881
14336,no_incendio,-7.493235179350296,-76.56434016404388
14337,no_incendio,-6.94200325407077,-76.26001952788216
14341,incendio,-8.0531,-76.6363
14343,incendio,-7.6751,-76.7297
14346,incendio,-5.8775,-75.9608
14347,no_incendio,-5.585507984340333,-75.53590045517545
14351,no_incendio,-7.284463966351714,-76.84480226943248
14355,incendio,-8.6367,-76.6427
14369,no_incendio,-6.684698936601428,-75.64362761188839
14381,incendio,-6.0391,-76.2532
14382,no_incendio,-6.837388041019548,-77.0882269714977
14388,incendio,-5.9064,-76.302
14395,incendio,-6.7852,-76.5667
14397,no_incendio,-5.886501214348173,-76.17373588365827
14399,no_incendio,-5.7980276983387755,-76.60461534978732
14402,no_incendio,-5.739545483497391,-76.77757497448552
14411,no_incendio,-5.847773952672416,-76.45786537475786
14415,incendio,-7.2341,-76.7967
14422,no_incendio,-7.4500171761306255,-77.030145813453
14425,incendio,-7.2039,-76.2479
14431,incendio,-5.9692,-76.1456
14433,incendio,-7.3123,-76.4701
14435,incendio,-7.2908,-76.9533
14436,incendio,-5.7298,-77.411
14457,incendio,-6.2366,-76.2156
14467,incendio,-6.8086,-76.5575
14476,incendio,-5.4718,-76.6486
14478,no_incendio,-5.487830888913878,-75.70248261618342
14495,incendio,-5.7747,-76.1964
14498,incendio,-7.3323,-76.5981
14501,incendio,-5.96,-76.2378
14502,no_incendio,-7.462272976116109,-77.0484423984109
14507,no_incendio,-7.371625145918922,-75.70238603258082
14512,incendio,-6.5623,-76.737
14521,no_incendio,-6.238722534494159,-76.96599757551694
14530,incendio,-7.2387,-76.8154
14533,incendio,-7.3052,-76.9569
14535,no_incendio,-6.3823444451531675,-76.72222524088096
14537,no_incendio,-6.812854444766214,-76.31590409569822
14539,incendio,-6.0,-76.2563
14550,no_incendio,-5.715242133239665,-75.6692049037983
14552,incendio,-6.7878,-76.5276
14554,no_incendio,-5.437451651862052,-75.53119555354411
14555,no_incendio,-5.3860874889168056,-76.83704410013208
14571,incendio,-6.0684,-77.1323
14574,no_incendio,-5.824960586839608,-76.59374334653756
14577,incendio,-5.8115,-76.161
14586,incendio,-8.6401,-76.179
14588,no_incendio,-7.5993037570991975,-77.49364640835546
14595,no_incendio,-6.5080063012359775,-75.67913673399867
14596,no_incendio,-5.873429262130088,-76.29994874270383
14599,no_incendio,-5.702740983602372,-76.82721339280745
14600,no_incendio,-5.561294814825637,-75.74902836133377
14603,incendio,-5.9488,-75.9474
14605,incendio,-7.5849,-76.4626
14606,incendio,-7.2622,-76.7137
14608,no_incendio,-7.5993037570991975,-77.49364640835546
14609,no_incendio,-6.58181358126526,-75.97994293561052
14611,no_incendio,-7.377051275028038,-75.93975534182488
14615,incendio,-6.9754,-76.8449
14617,incendio,-5.9032,-76.1233
14624,incendio,-8.2336,-76.4837
14630,no_incendio,-5.7595902055188795,-75.77924853201874
14635,no_incendio,-6.699009805364948,-77.20530585140459
14636,incendio,-6.9176,-77.7713
14638,no_incendio,-6.54529109912659,-75.69341596269626
14642,incendio,-5.6957,-76.2595
14647,incendio,-7.1674,-76.7738
14656,no_incendio,-5.822373025705751,-75.81118308604799
14657,no_incendio,-7.188428352306568,-77.29319926370498
14666,no_incendio,-5.594721982840302,-76.73250330554579
14667,no_incendio,-6.1579628470379655,-75.78726893747826
14668,no_incendio,-7.489751819531982,-75.96573533227652
14674,incendio,-5.5638,-76.6744
14679,no_incendio,-7.5699592193140015,-75.58526155924636
14685,no_incendio,-7.394254404476224,-75.68500027222532
14686,incendio,-7.5334,-76.4322
14688,incendio,-6.1638,-76.1557
14692,incendio,-7.1194,-76.1265
14701,no_incendio,-6.2888093914419265,-77.49498781950011
14703,no_incendio,-7.25129246536618,-76.47983941905308
14704,incendio,-7.5895,-76.7969
14712,incendio,-7.321,-76.6244
14723,incendio,-5.892,-75.9802
14726,incendio,-5.6478,-76.5037
14728,incendio,-5.6966,-76.4534
14733,incendio,-8.4186,-76.4337
14735,incendio,-7.9665,-76.7012
14741,incendio,-7.1467,-76.2037
14742,incendio,-6.4188,-76.6604
14744,incendio,-7.1323,-76.4017
14745,no_incendio,-6.040687375273645,-76.93582583750656
14747,no_incendio,-6.124908546496211,-75.75141276131208
14748,no_incendio,-5.634222890340759,-76.43789808900263
14751,incendio,-7.3819,-76.8043
14753,no_incendio,-5.747289104744423,-76.88274608576704
14756,no_incendio,-6.263351561254887,-76.64078067531564
14757,no_incendio,-7.587620813063947,-76.03285942876866
14758,incendio,-6.4302,-76.437
14766,incendio,-8.3138,-76.596
14771,incendio,-6.8618,-76.8784
14773,incendio,-6.0373,-76.3008
14779,incendio,-7.1105,-77.1491
14788,incendio,-7.181,-77.003
14789,incendio,-6.5933,-76.6015
14793,no_incendio,-6.061517131296685,-76.40854652459227
14794,incendio,-7.3843,-76.4269
14796,incendio,-6.4961,-76.3673
14802,no_incendio,-6.8267458836303225,-76.04005920267028
14807,no_incendio,-6.606790602498376,-76.50679708602655
14809,incendio,-6.7603,-76.5349
14814,no_incendio,-6.890502660955485,-77.28521359628384
14821,no_incendio,-6.696114207645428,-77.01139322381492
14822,incendio,-6.9943,-76.1414
14824,no_incendio,-6.224885960981276,-76.91366721974305
14827,incendio,-6.0885,-75.687
14842,no_incendio,-6.572959136388864,-76.70713570582085
14843,no_incendio,-6.905014878753814,-76.49698867319515
14849,incendio,-7.2864,-76.7386
14855,no_incendio,-7.384008271248504,-77.19420546410333
14856,no_incendio,-6.721818890646596,-76.25717682869612
14863,incendio,-6.5714,-76.2445
14866,no_incendio,-6.568678711242536,-76.46161690496696
14870,no_incendio,-6.536547874138972,-77.31298293788737
14872,no_incendio,-6.929511458644296,-75.83962565372784
14885,incendio,-7.0511,-77.5799
14887,incendio,-8.2667,-76.5955
14888,no_incendio,-6.727398434306363,-77.48848492382807
14894,incendio,-8.4791,-76.2078
14896,no_incendio,-5.928733149107297,-75.62813587078854
14897,incendio,-7.4804,-76.6122
14898,no_incendio,-7.510787208532104,-75.93881161563174
14900,no_incendio,-5.364143829036743,-76.95415482559467
14907,incendio,-5.6824,-77.5452
14912,no_incendio,-5.465881437617145,-76.83346258647516
14913,no_incendio,-6.3427644504242675,-77.35180398852548
14916,incendio,-8.2751,-76.5945
14919,incendio,-8.4956,-75.5225
14929,incendio,-8.6237,-76.6025
14938,incendio,-6.4375,-76.3998
14940,incendio,-6.7475,-76.9583
14941,incendio,-7.4819,-76.7319
14949,no_incendio,-5.329749843854847,-75.71078811690217
14952,no_incendio,-6.904145543477711,-77.38998183817624
14954,incendio,-5.919,-75.8668
14963,incendio,-7.2489,-76.6748
14967,incendio,-8.713,-76.2814
14976,no_incendio,-6.173497385338977,-77.08001241103895
14989,incendio,-8.5195,-76.489
14990,no_incendio,-5.629475532551382,-77.50061748638073
14991,incendio,-6.5419,-76.5126
14993,incendio,-5.3505,-76.7812
14996,incendio,-7.2051,-76.2868
15000,no_incendio,-5.544342707790426,-75.8055721541421
15001,incendio,-6.932,-76.1657
15003,incendio,-7.9209,-76.6897
15006,incendio,-6.6683,-76.6749
15017,incendio,-5.7335,-76.4554
15020,no_incendio,-5.65611924902812,-76.450948774078
15032,no_incendio,-6.699363471042822,-76.86169598666291
15034,incendio,-7.0548,-76.4452
15039,incendio,-6.6645,-76.7313
15040,no_incendio,-6.84710555088138,-75.520478621097
15042,no_incendio,-6.8241555048520945,-76.01927599626522
15052,no_incendio,-5.49325291733823,-76.90069379643876
15060,no_incendio,-6.250766771982882,-76.67346707047133
15068,no_incendio,-7.500619459820059,-77.36318050509186
15073,no_incendio,-6.791553468522542,-76.19850061841751
15074,incendio,-6.0797,-76.4509
15079,no_incendio,-5.399746644332469,-76.68187059720576
15088,no_incendio,-7.320681720418793,-75.65489361084256
15090,no_incendio,-7.208457886315255,-75.76495343289794
15097,incendio,-6.7583,-76.5345
15099,incendio,-6.9627,-76.916
15103,no_incendio,-7.291269329879484,-76.54650698845496
15104,incendio,-7.155,-76.5256
15110,incendio,-5.4398,-76.5911
15124,no_incendio,-5.846363398738161,-76.40526766705626
15129,incendio,-8.3052,-76.3113
15131,incendio,-7.1125,-76.2661
15134,incendio,-8.2207,-76.5478
15135,no_incendio,-7.20916394163281,-76.74882653338932
15138,no_incendio,-5.846363398738161,-76.40526766705626
15144,no_incendio,-6.742797209348308,-75.63057425829132
15146,incendio,-6.4354,-75.8375
15156,incendio,-8.3992,-76.474
15163,no_incendio,-6.7133301961826755,-75.60854075962672
15180,incendio,-6.9401,-76.499
15182,incendio,-7.0864,-76.0983
15183,incendio,-6.3283,-75.8511
15185,incendio,-7.3074,-76.7446
15193,incendio,-6.8489,-76.521
15196,incendio,-7.4031,-76.7537
15205,incendio,-6.9855,-76.7227
15207,incendio,-5.7294,-76.4525
15209,incendio,-6.7408,-76.6513
15213,incendio,-7.2089,-76.8154
15214,no_incendio,-5.758693276250254,-76.20523501497284
15216,incendio,-7.5335,-76.7434
15217,no_incendio,-6.558646082464617,-76.16096804971144
15218,no_incendio,-6.256015929782314,-76.34693713254352
15220,incendio,-7.2915,-76.9748
15226,incendio,-6.9076,-76.6618
15227,incendio,-5.9116,-76.4419
15231,no_incendio,-5.872543626896172,-76.44213080221468
15236,incendio,-8.7232,-76.8749
15240,incendio,-5.7343,-76.6614
15245,no_incendio,-6.575273134907994,-75.71241319767115
15246,no_incendio,-5.364143829036743,-76.95415482559467
15251,no_incendio,-6.2062844027818835,-77.2816967062703
15254,incendio,-5.7865,-77.25
15255,no_incendio,-5.313659040472185,-75.7974059398213
15260,incendio,-7.1776,-76.2439
15263,no_incendio,-5.701243653353404,-77.51137584362479
15272,no_incendio,-7.49572574357337,-75.97213125228711
15276,incendio,-6.6593,-77.2658
15278,incendio,-6.7876,-76.6641
15284,incendio,-6.1297,-77.5765
15292,incendio,-6.5807,-75.629
15294,no_incendio,-6.606179550023269,-77.17612767759138
15299,incendio,-6.7877,-76.7072
15300,no_incendio,-7.291269329879484,-76.54650698845496
15309,incendio,-6.0245,-77.0681
15310,no_incendio,-6.950453264096688,-75.59880859567114
15312,incendio,-7.3885,-76.5593
15322,incendio,-7.13,-77.0951
15325,no_incendio,-7.157163278516986,-76.9354632282693
15334,no_incendio,-6.306399139576039,-77.35464424704278
15336,no_incendio,-7.3828581911388165,-75.8721549637632
15337,no_incendio,-6.758724816086575,-76.05879675132634
15346,incendio,-6.1308,-76.0051
15363,incendio,-7.1399,-76.716
15364,incendio,-6.4797,-76.9643
15370,no_incendio,-6.581835148874593,-77.10480197876178
15371,no_incendio,-5.588466979788065,-76.18717580992774
15374,no_incendio,-7.251053016973333,-77.43482372064443
15381,incendio,-7.1344,-76.9916
15383,no_incendio,-6.267765286846349,-75.88438881089547
15390,incendio,-7.5334,-76.6262
15394,no_incendio,-7.320681720418793,-75.65489361084256
15404,incendio,-6.5067,-75.6556
15409,no_incendio,-5.648091386764367,-76.0845405608189
15416,incendio,-7.3381,-76.7858
15421,no_incendio,-7.537264707596327,-76.77993123452514
15424,incendio,-5.85,-75.919
15436,incendio,-6.8288,-76.5452
15438,incendio,-7.3814,-76.9096
15439,incendio,-7.5722,-76.5054
15450,incendio,-7.6157,-76.5193
15453,incendio,-6.8738,-76.5265
15464,incendio,-7.3118,-76.5895
15465,no_incendio,-6.654449786981951,-77.1406120148932
15466,incendio,-5.8714,-77.0675
15480,incendio,-6.8181,-76.6686
15485,incendio,-7.1223,-76.9674
15486,no_incendio,-6.081693229189671,-76.04554760839422
15492,incendio,-8.3985,-76.9949
15503,incendio,-6.0797,-76.0707
15516,no_incendio,-6.619578652288662,-76.97686198868091
15520,no_incendio,-6.904145543477711,-77.38998183817624
15521,incendio,-6.8175,-76.6267
15535,no_incendio,-6.9422117979050695,-77.32253174388707
15536,incendio,-7.9014,-75.5457
15537,no_incendio,-5.959481938609148,-77.35681272469573
15541,no_incendio,-5.399746644332469,-76.68187059720576
15542,incendio,-7.4231,-76.813
15548,no_incendio,-7.047404652384161,-75.9921217029406
15553,incendio,-6.366,-76.9935
15558,incendio,-5.8464,-76.0631
15565,no_incendio,-7.536087990026042,-76.53899168088374
15566,incendio,-6.5041,-75.6751
15568,no_incendio,-7.401018606692293,-76.00185651713339
15569,incendio,-6.7793,-76.5311
15571,incendio,-7.6194,-76.4235
15574,no_incendio,-7.511017054186108,-77.44217334143556
15577,no_incendio,-6.456445234793438,-77.37382860861014
15579,no_incendio,-5.900117559948675,-75.56284439390626
15582,no_incendio,-7.140032609231243,-75.65901239539657
15588,no_incendio,-7.191225918716162,-75.54734215721196
15589,no_incendio,-5.902840695958739,-77.46595018427229
15599,no_incendio,-7.028663799217614,-75.85033836524988
15600,incendio,-6.3758,-77.3214
15605,incendio,-6.307,-76.0741
15607,no_incendio,-6.641370996240543,-76.27210728920325
15611,incendio,-7.4367,-76.6754
15614,incendio,-5.8644,-77.0659
15616,no_incendio,-6.66812028796298,-76.15230026038583
15617,no_incendio,-7.511471498657587,-77.0305776349507
15621,incendio,-7.8833,-76.6753
15626,incendio,-8.5822,-76.4254
15635,incendio,-6.0238,-76.3427
15642,no_incendio,-5.335389403596253,-76.01475499828726
15645,incendio,-6.8571,-76.9627
15652,incendio,-8.0963,-76.4819
15654,no_incendio,-5.508118125742636,-76.08158705053927
15670,no_incendio,-5.647813944563046,-75.98631579821414
15672,incendio,-6.8456,-76.7111
15679,incendio,-7.4205,-76.4178
15681,no_incendio,-6.165139577023006,-77.17733248367045
15687,incendio,-7.3585,-76.6207
15688,incendio,-7.4471,-76.5776
15693,incendio,-6.5388,-76.4517
15694,incendio,-7.2748,-76.8431
15706,no_incendio,-5.9343288832648255,-75.71284400291329
15717,no_incendio,-7.462272976116109,-77.0484423984109
15720,incendio,-6.405,-75.7119
15721,no_incendio,-5.411652077381302,-77.27749728778487
15724,no_incendio,-6.7911860867707,-76.3184609362465
15745,incendio,-6.1062,-76.0298
15747,incendio,-7.0841,-76.2435
15753,no_incendio,-6.300957997693996,-76.09847737144455
15756,no_incendio,-6.797587829172456,-76.96085855036651
15762,incendio,-6.7086,-76.4968
15765,incendio,-8.7877,-76.3051
15773,incendio,-5.7328,-76.1826
15778,incendio,-5.3295,-76.5296
15782,incendio,-6.0405,-76.8453
15785,no_incendio,-5.798404361194972,-75.81527300196596
15788,incendio,-5.6635,-76.2169
15789,incendio,-6.5207,-75.6394
15798,incendio,-6.8404,-76.4784
15802,incendio,-5.3008,-76.3059
15803,incendio,-7.2909,-76.5675
15810,incendio,-8.7655,-76.2117
15818,no_incendio,-7.301346263959235,-76.9768322825311
15832,no_incendio,-5.332935425847374,-77.16749151506393
15833,no_incendio,-6.174948624269397,-76.36859139619342
15835,no_incendio,-6.331589003630742,-76.77579913568411
15838,no_incendio,-7.316542689651407,-77.09719219444501
15841,incendio,-6.8169,-76.8766
15842,incendio,-7.3409,-76.7269
15844,incendio,-7.2892,-76.5572
15850,no_incendio,-6.971890891507541,-75.84725150741345
15856,incendio,-6.6724,-76.7371
15859,no_incendio,-6.831471934568246,-75.7875932896481
15864,incendio,-8.513,-76.4874
15865,incendio,-8.4402,-76.2203
15866,no_incendio,-6.0457356441581505,-76.76564488218803
15875,incendio,-6.7865,-76.7067
15876,incendio,-5.8157,-77.0664
15879,incendio,-6.0958,-75.9565
15880,incendio,-7.1648,-77.0602
15882,incendio,-7.3229,-75.6326
15887,no_incendio,-5.767157423041838,-75.60792843558447
15889,incendio,-8.6436,-76.8263
15892,incendio,-5.7301,-76.214
15894,incendio,-7.2852,-76.7868
15899,no_incendio,-7.517938460168555,-75.88430182253087
15928,incendio,-7.3131,-76.4541
15930,incendio,-8.3153,-76.2429
15939,no_incendio,-6.377843437674785,-75.69894560383477
15942,incendio,-8.5732,-76.8797
15944,incendio,-6.8609,-76.616
15950,incendio,-6.7948,-76.6492
15952,no_incendio,-6.982455617549805,-76.38860618436227
15958,no_incendio,-5.8084744858353705,-77.25537544416976
15960,incendio,-8.626,-76.1206
15976,incendio,-6.4968,-76.3612
15982,no_incendio,-7.021631546381363,-76.8111659595044
15986,incendio,-8.6208,-76.3222
15998,incendio,-7.2202,-77.0495
16007,incendio,-7.4584,-76.6928
16008,no_incendio,-6.477469375479229,-76.23310758199833
16012,no_incendio,-6.043030962073811,-76.47604236953148
16014,no_incendio,-5.370065008448104,-77.20634043748042
16024,incendio,-6.2047,-76.0442
16028,incendio,-5.7124,-76.1849
16029,incendio,-8.3202,-76.6615
16031,incendio,-8.6656,-76.0983
16034,incendio,-6.5383,-76.5839
16043,incendio,-8.4221,-76.2558
16049,no_incendio,-6.575273134907994,-75.71241319767115
16050,no_incendio,-6.22075638484601,-75.88403940669497
16057,no_incendio,-6.530680448143941,-77.14936961816767
16058,incendio,-5.8401,-76.3483
16072,incendio,-6.7733,-77.2664
16078,incendio,-6.9703,-76.9535
16079,no_incendio,-5.976563784411299,-76.98024729252694
16085,incendio,-6.0312,-75.9282
16092,incendio,-8.6113,-76.302
16094,no_incendio,-7.27421571842906,-77.20818796800718
16097,incendio,-7.1771,-76.4889
16098,no_incendio,-7.188428352306568,-77.29319926370498
16099,no_incendio,-5.304618892030704,-75.54825226766168
16100,no_incendio,-6.165729925483304,-75.50698017130118
16116,incendio,-7.2969,-77.7895
16118,incendio,-6.005,-76.1831
16132,incendio,-7.4817,-76.4879
16136,incendio,-7.0601,-76.3928
16138,no_incendio,-6.119596318397669,-75.7668351630271
16139,incendio,-5.8839,-76.9378
16140,no_incendio,-5.37157572156011,-76.66234225426679
16145,no_incendio,-7.486384119244431,-77.33522717320785
16148,no_incendio,-6.467906945467672,-76.60396630033286
16152,no_incendio,-6.730215654444688,-76.84821672271427
16156,incendio,-7.0628,-76.2365
16162,no_incendio,-7.562840840503951,-75.66286053205432
16170,no_incendio,-5.783942671800878,-75.80670959767819
16171,incendio,-6.8513,-76.6643
16174,no_incendio,-6.426707190480592,-75.93955631582219
16180,incendio,-7.336,-77.5782
16185,no_incendio,-5.880891988248802,-77.50381327072611
16186,incendio,-7.1521,-76.4723
16198,incendio,-7.1254,-76.9108
16201,no_incendio,-7.161262686753078,-75.93223007605604
16210,no_incendio,-5.955706826060275,-77.52353123807491
16219,incendio,-7.2119,-76.8814
16220,no_incendio,-6.378904304384582,-76.46012370931685
16230,no_incendio,-6.25350724604799,-77.4340170352428
16233,no_incendio,-6.296125170251722,-76.27573079441521
16235,no_incendio,-7.245236344594437,-75.87140818649081
16237,incendio,-7.0699,-76.2113
16240,no_incendio,-5.364004538303699,-76.51587462337326
16242,incendio,-5.6578,-76.4823
16247,incendio,-7.1072,-77.0397
16249,no_incendio,-5.815972204611399,-75.5996631905604
16253,incendio,-6.8099,-76.2299
16255,incendio,-6.3549,-76.5639
16267,incendio,-5.8214,-76.2205
16270,no_incendio,-5.307511492937007,-75.87055498280709
16273,no_incendio,-5.9787702159042375,-76.39270327711898
16283,incendio,-7.5064,-76.458
16285,no_incendio,-7.53303009358015,-76.30539007678105
16289,incendio,-6.4328,-75.9485
16290,incendio,-6.0705,-75.8402
16298,incendio,-7.3215,-76.6098
16299,no_incendio,-6.052146999790762,-76.66693051861807
16300,no_incendio,-5.391936920318269,-75.74765732530163
16302,no_incendio,-6.939758211874388,-76.17566888296336
16313,incendio,-7.0192,-76.3776
16323,incendio,-6.9535,-76.2209
16326,incendio,-5.7321,-76.3483
16333,no_incendio,-6.884683844966387,-77.48590774056447
16338,incendio,-6.6664,-76.6984
16339,incendio,-7.3939,-76.8085
16345,incendio,-6.8098,-76.6276
16347,no_incendio,-5.894898869067559,-77.35176843132272
16349,incendio,-6.8659,-76.1315
16350,incendio,-5.9946,-75.8734
16357,no_incendio,-6.602549423318465,-77.00681560184587
16359,incendio,-7.1855,-76.9026
16368,no_incendio,-7.18387555277713,-76.55534207208011
16379,incendio,-7.5653,-76.4627
16383,no_incendio,-6.1503156162969,-75.68207577523512
16390,no_incendio,-5.6909060907931215,-77.03642215530066
16395,no_incendio,-7.480945740497024,-75.88131487548965
16404,no_incendio,-6.31265571754434,-77.00564888561091
16417,no_incendio,-6.832250558370159,-76.20474853380588
16418,incendio,-6.4493,-76.8371
16422,incendio,-8.1597,-77.1204
16423,no_incendio,-5.382192721085108,-75.80513455395052
16425,no_incendio,-5.693256209324268,-76.57722873694159
16426,incendio,-7.4477,-77.5607
16444,incendio,-5.8148,-77.3457
16445,incendio,-6.4897,-76.3732
16451,no_incendio,-7.318729401485612,-76.81445384525996
16455,incendio,-7.5796,-76.673
16463,incendio,-7.5359,-76.4871
16472,incendio,-6.9959,-76.7077
16473,no_incendio,-7.391380566669081,-77.4628689446306
16478,incendio,-6.3376,-75.9482
16479,no_incendio,-5.812760524192122,-77.54920790478845
16486,no_incendio,-6.3823444451531675,-76.72222524088096
16489,incendio,-8.5674,-76.3587
16492,no_incendio,-6.400727870765625,-77.48420741846027
16499,no_incendio,-5.60263772570773,-75.78275132850642
16520,incendio,-6.9302,-76.6344
16525,incendio,-6.1689,-76.9591
16526,no_incendio,-6.479517291884607,-77.31045667927476
16543,incendio,-5.938,-77.1295
16551,incendio,-8.4171,-77.5722
16553,no_incendio,-5.360774716680023,-76.65130740948035
16557,no_incendio,-7.192625795202753,-75.79931940133156
16566,incendio,-5.9616,-75.8854
16567,incendio,-5.8343,-77.2102
16582,no_incendio,-6.725956984213016,-76.31094915112595
16591,no_incendio,-5.4324592687941,-76.16239104777486
16596,incendio,-6.4816,-75.7355
16597,incendio,-5.973,-76.8886
16610,incendio,-7.947,-76.6811
16613,no_incendio,-6.8808047229850295,-76.28180482094469
16614,incendio,-6.5104,-76.5657
16620,no_incendio,-6.42510939654662,-76.21314660329666
16623,incendio,-7.1082,-76.5217
16630,no_incendio,-6.705665824489784,-75.86880266225904
16637,incendio,-5.3105,-76.7843
16641,incendio,-6.2266,-76.2355
16646,incendio,-7.2295,-76.8465
16648,incendio,-8.2703,-76.4072
16651,incendio,-6.789,-76.4767
16658,incendio,-6.9904,-76.9466
16671,no_incendio,-6.107814853885202,-77.33817072189056
16673,no_incendio,-7.496239899438951,-76.29662903245722
16675,incendio,-7.5807,-76.5424
16680,no_incendio,-7.425544369473066,-76.60957296073711
16684,no_incendio,-5.525166300103762,-76.64412404917219
16689,incendio,-6.5149,-76.8107
16690,incendio,-6.6679,-76.4095
16693,incendio,-6.8344,-76.4378
16696,incendio,-6.3031,-77.7071
16701,incendio,-7.1504,-76.6221
16702,no_incendio,-6.884683844966387,-77.48590774056447
16708,incendio,-5.6832,-77.1462
16712,incendio,-5.8119,-77.3415
16713,no_incendio,-5.646223843039662,-77.22265388647651
16720,incendio,-8.3652,-76.7314
16724,no_incendio,-5.881820929193948,-76.58450370780717
16738,incendio,-6.8489,-76.8991
16739,incendio,-6.2999,-76.0707
16741,incendio,-7.662,-76.5992
16744,incendio,-7.1148,-76.499
16749,incendio,-6.8964,-76.8925
16750,no_incendio,-7.086474485794749,-76.34589785341001
16751,incendio,-6.4002,-76.0691
16754,incendio,-6.7068,-76.7644
16757,incendio,-6.0991,-77.2337
16764,no_incendio,-7.415686202537784,-75.85189468645096
16771,incendio,-8.4463,-76.2985
16776,incendio,-6.1039,-77.2278
16780,no_incendio,-6.385759143148429,-76.5709354755892
16781,no_incendio,-6.883760214306626,-75.62202390814382
16790,no_incendio,-5.876670821018357,-77.35096983439296
16802,incendio,-7.1789,-77.0208
16822,incendio,-8.3618,-76.2444
16823,incendio,-7.5781,-76.6335
16827,no_incendio,-6.99869942925542,-76.8613209261512
16831,incendio,-7.3631,-76.7725
16833,no_incendio,-7.038481344593258,-77.380855509791
16835,incendio,-5.8222,-77.2125
16837,incendio,-5.8283,-75.9495
16854,no_incendio,-7.221147104950838,-76.3247834569853
16861,no_incendio,-7.341385532228014,-75.96721546288514
16862,incendio,-6.46,-76.5075
16863,incendio,-5.6752,-77.1428
16865,no_incendio,-6.775595026700855,-77.38152365692504
16869,no_incendio,-5.31179064282697,-75.78618195501585
16870,no_incendio,-6.931842163036034,-76.53424888448937
16871,incendio,-6.8653,-76.5736
16885,no_incendio,-5.8511939634062635,-76.52247944634267
16894,no_incendio,-5.91369294253363,-76.91673941934057
16904,incendio,-5.9074,-75.9192
16915,incendio,-5.8247,-77.4343
16924,incendio,-5.5933,-76.6672
16925,no_incendio,-7.127830025342514,-77.33172299006912
16942,no_incendio,-5.767577808825913,-75.75625284767814
16950,no_incendio,-6.5273014114668,-77.07055670023018
16956,no_incendio,-7.019065477801208,-77.45420422372614
16967,incendio,-6.2256,-75.9109
16969,no_incendio,-6.698529470828457,-76.28501109879417
16973,incendio,-6.6898,-76.7357
16976,no_incendio,-7.156566202951519,-76.39767455117727
16988,incendio,-6.0859,-76.0263
16990,no_incendio,-7.145399618003832,-77.00792044464232
16995,no_incendio,-5.370065008448104,-77.20634043748042
17001,no_incendio,-6.220053203592378,-76.13217715018442
17002,incendio,-7.6458,-76.6687
17004,incendio,-6.7832,-76.2068
17006,no_incendio,-6.2062844027818835,-77.2816967062703
17013,incendio,-6.8594,-76.9653
17014,no_incendio,-6.360887636963093,-77.10755017823716
17015,incendio,-6.9514,-76.4669
17016,incendio,-7.0732,-76.7565
17017,incendio,-6.8036,-76.1654
17019,no_incendio,-7.4291899383099445,-76.99344952239323
17027,incendio,-6.0976,-75.8981
17030,no_incendio,-6.332355926126756,-76.57852424451565
17031,no_incendio,-7.6003471250061425,-76.18857699535684
17039,no_incendio,-7.1816270512499,-75.96620433389496
17047,no_incendio,-6.725956984213016,-76.31094915112595
17048,incendio,-5.8373,-77.0644
17057,incendio,-7.5196,-76.4449
17063,no_incendio,-7.324122621539671,-77.54410654355205
17064,incendio,-7.1138,-76.333
17069,incendio,-5.4535,-76.6373
17075,incendio,-6.8663,-76.511
17077,no_incendio,-6.3402826742912515,-75.67543757743714
17080,incendio,-6.1427,-77.5087
17085,no_incendio,-7.127830025342514,-77.33172299006912
17092,incendio,-5.7442,-77.4264
17093,incendio,-6.9115,-77.7035
17098,incendio,-6.5231,-76.5429
17103,incendio,-6.9764,-76.7919
17105,incendio,-5.6722,-76.1868
17111,no_incendio,-5.734144568873576,-75.90585662556418
17124,incendio,-8.1096,-76.6798
17148,incendio,-6.3875,-76.0201
17150,no_incendio,-7.221811632536515,-77.44262630315019
17160,no_incendio,-6.2554801571250565,-76.43574997258422
17162,no_incendio,-5.563302307050842,-76.50751783358145
17163,incendio,-6.8587,-76.9734
17165,incendio,-6.2205,-76.1996
17168,no_incendio,-6.217977569363936,-76.69976022852224
17169,incendio,-7.3741,-76.743
17173,no_incendio,-6.063333052679301,-77.2619056071794
17174,incendio,-7.4537,-76.622
17176,no_incendio,-5.801578937835275,-76.51381524721576
17185,no_incendio,-6.768246356022148,-77.34898684785115
17187,incendio,-7.9988,-77.6537
17192,incendio,-7.118,-76.7702
17193,incendio,-6.6261,-76.4944
17196,no_incendio,-5.733329701316475,-76.97970479241751
17197,incendio,-8.1403,-77.0675
17204,incendio,-6.6828,-76.6538
17205,no_incendio,-6.774947131584925,-76.00722166007617
17209,incendio,-7.9088,-76.7346
17210,no_incendio,-6.939758211874388,-76.17566888296336
17219,no_incendio,-6.942876340672963,-76.33358150381483
17226,incendio,-6.2786,-76.2998
17227,incendio,-6.2269,-76.1693
17238,incendio,-6.8766,-76.8539
17242,incendio,-7.2887,-76.4071
17249,incendio,-5.7235,-75.6989
17258,incendio,-6.2792,-76.6456
17262,incendio,-8.5347,-76.3233
17263,no_incendio,-7.583028139538337,-75.69881965938345
17264,no_incendio,-7.378012032391012,-77.45917085361808
17265,incendio,-6.9675,-76.8529
17269,no_incendio,-6.514967490351236,-76.99375522896699
17270,incendio,-5.6718,-76.1559
17274,incendio,-7.5608,-76.436
17279,no_incendio,-6.446999968584335,-76.20534088443561
17294,incendio,-7.0184,-76.6956
17296,incendio,-7.0405,-76.7205
17304,no_incendio,-5.49005851410074,-77.39191865885853
17306,no_incendio,-6.715205623153173,-76.11809578650696
17309,no_incendio,-5.607896245919547,-76.37910922472966
17310,no_incendio,-7.409421605310309,-75.83681236527086
17318,incendio,-7.3319,-76.2962
17334,incendio,-7.348,-76.9532
17338,no_incendio,-5.599508739006035,-77.02715299547113
17342,no_incendio,-7.415686202537784,-75.85189468645096
17363,incendio,-8.4626,-76.4013
17367,no_incendio,-5.807568980791382,-75.59957931060934
17368,incendio,-5.8494,-76.1719
17371,incendio,-7.2866,-77.0192
17372,incendio,-6.8764,-76.6636
17378,incendio,-7.4831,-76.4972
17381,incendio,-6.7402,-76.369
17386,incendio,-7.2269,-76.6042
17391,no_incendio,-5.862678119407266,-76.8979972886448
17400,incendio,-7.2635,-76.7677
17407,incendio,-7.4124,-76.6625
17412,no_incendio,-5.811190643666691,-76.41076755798852
17413,incendio,-6.8328,-76.4757
17414,incendio,-7.5213,-76.5551
17415,no_incendio,-5.748428283636171,-75.60096771532396
17421,no_incendio,-5.590954776196541,-75.61262101600937
17431,incendio,-8.0902,-76.5813
17433,incendio,-7.169,-76.2846
17449,incendio,-6.0933,-75.7876
17451,no_incendio,-7.23268535501901,-75.71791421763211
17453,incendio,-6.6846,-76.4912
17455,incendio,-8.2869,-76.5892
17456,no_incendio,-5.586947404667705,-76.96796502244129
17457,incendio,-7.0248,-76.2042
17462,incendio,-6.8467,-76.5
17463,no_incendio,-7.583028139538337,-75.69881965938345
17464,incendio,-5.8196,-76.5201
17465,incendio,-6.7562,-76.695
17479,incendio,-7.608,-76.4736
17480,incendio,-6.1037,-75.6992
17487,no_incendio,-6.037617039183259,-75.8633441160442
17490,no_incendio,-5.423715260330031,-75.80260147002005
17492,incendio,-7.1206,-76.278
17496,incendio,-7.225,-76.7993
17499,no_incendio,-5.585507984340333,-75.53590045517545
17500,no_incendio,-6.466287697296756,-75.7075752786908
17504,incendio,-7.2255,-76.3159
17506,incendio,-7.501,-76.5077
17512,no_incendio,-7.340268369426515,-77.43400024997341
17515,incendio,-8.605,-76.6582
17530,incendio,-8.6128,-76.2782
17533,no_incendio,-6.09087742872903,-76.39432793529913
17534,no_incendio,-5.818727365285151,-76.86751655981939
17536,incendio,-7.4623,-76.4604
17545,no_incendio,-6.2585048621667685,-76.21326265306386
17547,no_incendio,-6.586322213980279,-76.11222675311737
17551,incendio,-7.4042,-76.6562
17555,incendio,-8.3589,-76.2436
17561,no_incendio,-5.374155680654134,-76.14052405499798
17563,incendio,-8.7095,-76.1531
17565,incendio,-6.8283,-76.1899
17597,incendio,-6.0485,-76.2255
17599,incendio,-7.5047,-76.431
17602,incendio,-5.7847,-76.3509
17609,no_incendio,-7.080940596432744,-77.316377811303
17613,no_incendio,-5.926705485124891,-75.77709994653331
17617,incendio,-6.9863,-76.4694
17618,incendio,-7.2064,-76.1037
17622,no_incendio,-5.7927379696305294,-76.1467304713267
17626,incendio,-5.5586,-76.7027
17627,no_incendio,-6.468598557394471,-76.29833017428093
17628,no_incendio,-6.4985912391976255,-76.97886285295857
17631,no_incendio,-5.7826453397308155,-77.3905226367299
17638,incendio,-5.8929,-75.9392
17641,no_incendio,-6.032637337308331,-77.27677952675285
17644,no_incendio,-5.652384048618223,-75.53477074714212
17650,no_incendio,-6.758724816086575,-76.05879675132634
17651,no_incendio,-5.747289104744423,-76.88274608576704
17654,incendio,-5.8053,-77.3266
17657,no_incendio,-5.800663587251775,-77.2156236281296
17659,incendio,-7.257,-76.8091
17660,no_incendio,-6.998414939340265,-75.67912715079014
17665,incendio,-6.5574,-76.1245
17672,no_incendio,-7.6003471250061425,-76.18857699535684
17673,incendio,-7.225,-76.2848
17688,no_incendio,-6.0254636524537775,-76.26070791675792
17700,no_incendio,-6.325765977825784,-76.5205147871752
17704,no_incendio,-6.980328156805363,-75.58165966551039
17712,incendio,-7.344,-76.2708
17719,incendio,-8.339,-76.6551
17724,incendio,-7.9096,-75.5772
17725,incendio,-7.4768,-76.741
17726,no_incendio,-6.380793727295641,-76.36283674136891
17727,no_incendio,-6.535327617861432,-76.18785766882165
17728,incendio,-6.9572,-76.6614
17735,incendio,-7.393,-76.7437
17738,incendio,-6.512,-75.6472
17739,incendio,-6.1129,-76.9457
17744,no_incendio,-5.8511939634062635,-76.52247944634267
17748,incendio,-5.7623,-77.0933
17749,no_incendio,-6.572656774954891,-77.3264854349528
17751,no_incendio,-5.300946297144839,-75.60535100286195
17756,no_incendio,-5.704328166594409,-76.92480673286192
17764,incendio,-7.4702,-76.5893
17766,incendio,-8.7581,-76.822
17768,incendio,-7.4254,-76.5922
17769,no_incendio,-6.9338065388714725,-77.51645275784907
17775,incendio,-6.3226,-75.9458
17783,no_incendio,-7.221811632536515,-77.44262630315019
17786,incendio,-5.4728,-76.6433
17787,no_incendio,-5.804055235179965,-77.4451366120588
17790,incendio,-6.9877,-76.5136
17796,no_incendio,-6.157983789056771,-76.91942166932327
17801,incendio,-6.8526,-76.5858
17802,incendio,-7.1685,-76.3283
17807,no_incendio,-7.369405359299169,-75.53775524923043
17808,no_incendio,-5.487830888913878,-75.70248261618342
17816,no_incendio,-5.605657953237715,-77.33944421680316
17821,incendio,-8.4187,-76.459
17826,no_incendio,-7.582363301360768,-76.43607509989434
17827,no_incendio,-6.705665824489784,-75.86880266225904
17841,no_incendio,-6.543469703142076,-77.05698988429933
17843,incendio,-5.8219,-76.0019
17845,incendio,-6.2574,-75.7848
17852,incendio,-6.1052,-75.972
17853,incendio,-7.37,-76.7175
17854,no_incendio,-6.157983789056771,-76.91942166932327
17857,incendio,-7.4188,-76.6558
17861,incendio,-7.3838,-76.5285
17862,incendio,-7.2793,-76.8121
17869,incendio,-6.4806,-76.4469
17875,incendio,-6.3856,-76.0064
17878,incendio,-7.0094,-76.5865
17883,no_incendio,-7.413823551899182,-76.79124540072256
17890,no_incendio,-6.758060268510353,-77.51884776551792
17893,no_incendio,-5.7038552844593475,-76.24937639790886
17901,incendio,-7.3461,-76.5796
17905,incendio,-5.7219,-77.4991
17906,incendio,-6.19,-76.7187
17911,incendio,-6.8723,-76.5913
17923,incendio,-5.8322,-77.2077
17925,incendio,-6.1547,-75.9434
17929,incendio,-6.8144,-76.4883
17937,no_incendio,-5.3130357942785436,-76.58858316456917
17938,no_incendio,-6.720013389410524,-76.18246932103828
17950,no_incendio,-6.344517536741018,-75.98404289972582
17956,no_incendio,-6.705083355769138,-77.07784196502678
17960,incendio,-6.0579,-76.3855
17966,no_incendio,-5.862678119407266,-76.8979972886448
17967,incendio,-7.5309,-76.8137
17968,incendio,-6.4028,-76.5477
17971,incendio,-8.4158,-76.2534
17973,incendio,-8.5371,-76.1605
17976,incendio,-8.7462,-76.2826
17979,incendio,-7.4676,-76.4711
17985,no_incendio,-7.345060499544703,-77.11825976617006
17986,incendio,-6.4293,-75.7134
17988,no_incendio,-6.758060268510353,-77.51884776551792
17989,incendio,-6.848,-76.8839
17990,no_incendio,-6.352348321356028,-75.59610164326816
17991,no_incendio,-6.476078930269108,-76.12579467837428
17994,incendio,-5.8643,-77.0927
17996,incendio,-7.177,-76.6795
17997,no_incendio,-6.042014186508827,-75.97046946062136
18001,no_incendio,-5.767577808825913,-75.75625284767814
18002,no_incendio,-7.454820191858604,-77.06390769959336
18010,incendio,-7.1446,-76.7996
18012,incendio,-6.8349,-76.6068
18014,incendio,-6.6774,-76.6499
18022,no_incendio,-6.884683844966387,-77.48590774056447
18025,no_incendio,-5.703527630485487,-76.04599898833253
18026,incendio,-7.4316,-76.4756
18030,incendio,-6.2776,-76.6432
18031,incendio,-6.6246,-76.353
18040,no_incendio,-5.720724874930588,-76.09066535924033
18045,incendio,-7.2604,-77.0675
18048,no_incendio,-6.650069273774372,-77.45753589439983
18049,incendio,-7.2535,-76.5945
18050,no_incendio,-5.647813944563046,-75.98631579821414
18055,no_incendio,-5.626490573988114,-76.90197669049898
18057,incendio,-7.3903,-76.7252
18059,incendio,-6.272,-76.1221
18060,incendio,-5.7333,-76.1531
18064,no_incendio,-5.459589434430045,-76.77318023823041
18066,no_incendio,-5.8511939634062635,-76.52247944634267
18072,incendio,-6.6593,-76.1645
18079,incendio,-6.6191,-76.6791
18081,no_incendio,-5.420009462532595,-77.54497332899014
18082,incendio,-6.8718,-76.3883
18084,no_incendio,-7.333242178068196,-76.42984929938181
18093,no_incendio,-6.125949661803806,-77.27004912325427
18099,no_incendio,-5.691703950902071,-76.93733770607169
18102,incendio,-5.7692,-76.5413
18105,incendio,-7.3424,-76.5909
18109,incendio,-7.2628,-76.701
18112,no_incendio,-7.233369543625463,-75.83176043083628
18119,no_incendio,-7.532869703153675,-75.62377754135032
18120,no_incendio,-6.258662070362653,-76.50630572261905
18122,incendio,-6.6661,-76.7016
18161,incendio,-5.6379,-76.7048
18166,incendio,-6.682,-77.4029
18167,incendio,-7.2912,-76.9625
18168,no_incendio,-5.97958938141772,-75.97696588702247
18171,no_incendio,-6.505676796415307,-75.74448285313693
18172,incendio,-5.8065,-76.1331
18173,incendio,-5.9102,-75.9232
18174,no_incendio,-5.728382445396997,-77.12017555927592
18177,no_incendio,-5.85348487678678,-75.67716092139695
18178,incendio,-8.5045,-76.2116
18180,no_incendio,-7.206553379936274,-76.41990893868237
18182,incendio,-7.2011,-76.3053
18185,no_incendio,-5.498957925752801,-76.23819839749541
18191,incendio,-6.3988,-75.7697
18205,no_incendio,-6.5631659761878876,-77.17426169429598
18206,no_incendio,-7.485621627002571,-76.9594043618508
18209,no_incendio,-7.38891296125344,-75.60819465870141
18212,no_incendio,-6.91975600968376,-77.05871610020544
18217,incendio,-7.2729,-76.3448
18221,incendio,-7.5816,-76.6601
18223,incendio,-7.1141,-76.8992
18225,no_incendio,-7.063019746501072,-77.52481749302208
18227,no_incendio,-6.24016797795497,-75.64844512243143
18230,no_incendio,-7.076017752800738,-75.91978389352657
18232,no_incendio,-6.110977096163155,-77.0520623179512
18235,no_incendio,-7.453299052251447,-77.18508562471676
18239,no_incendio,-5.936247863486473,-77.30432777805068
18243,incendio,-7.2243,-76.3423
18244,incendio,-6.5621,-75.6382
18245,no_incendio,-6.446999968584335,-76.20534088443561
18246,incendio,-6.4826,-76.7157
18250,incendio,-6.6973,-76.6369
18252,no_incendio,-6.324884637478815,-77.29362980195512
18255,no_incendio,-6.606517162327486,-77.4629258839616
18260,incendio,-6.9021,-76.8643
18285,incendio,-6.8121,-76.5058
18296,no_incendio,-5.356529850556848,-75.70252244587886
18297,incendio,-6.6813,-76.4369
18304,no_incendio,-7.03159653116471,-76.48526719545968
18306,incendio,-6.4578,-75.8517
18307,incendio,-8.6167,-76.6035
18314,incendio,-6.8526,-76.6346
18316,incendio,-6.167,-76.7265
18322,no_incendio,-7.44968802750322,-77.23116283334409
18324,incendio,-7.1449,-76.3163
18327,incendio,-8.6553,-76.344
18328,incendio,-8.2702,-76.5611
18333,no_incendio,-6.490391135640375,-76.20592887580928
18334,incendio,-8.4524,-76.2015
18336,incendio,-6.4537,-76.4424
18337,no_incendio,-6.395505819847665,-76.99761432969862
18340,incendio,-8.067,-76.6962
18354,incendio,-8.607,-76.8191
18364,no_incendio,-6.477469375479229,-76.23310758199833
18372,no_incendio,-7.1632098636724635,-76.89550285392816
18376,no_incendio,-6.899424280300874,-76.07403591805503
18384,no_incendio,-5.6897437871119,-77.10615819747757
18385,incendio,-6.9641,-76.4591
18392,incendio,-6.7351,-76.6406
18415,no_incendio,-5.588466979788065,-76.18717580992774
18420,incendio,-7.8867,-76.7113
18423,incendio,-7.4999,-76.7306
18430,no_incendio,-6.191430391246121,-75.84894878803162
18432,no_incendio,-7.161262686753078,-75.93223007605604
18435,incendio,-6.6944,-76.3166
18437,incendio,-7.2333,-76.6291
18442,incendio,-6.4867,-76.831
18444,no_incendio,-5.682009801127555,-77.32557014599907
18446,incendio,-7.6316,-76.6444
18450,incendio,-7.3258,-75.577
18495,no_incendio,-6.324514222860181,-76.89947276475436
18501,no_incendio,-5.714958817536613,-75.57831712461974
18502,incendio,-5.6844,-76.4098
18509,incendio,-6.7467,-77.2093
18516,no_incendio,-6.12520459976937,-77.49886350154438
18518,no_incendio,-5.397648721010737,-76.34314573163867
18520,incendio,-7.3246,-76.9326
18526,no_incendio,-7.49572574357337,-75.97213125228711
18528,incendio,-7.333,-76.7195
18530,incendio,-6.5548,-75.6352
18540,incendio,-7.5174,-76.5356
18542,incendio,-7.1531,-76.2401
18544,no_incendio,-6.931023435575018,-75.82624629253455
18545,incendio,-7.4564,-76.535
18555,no_incendio,-6.163392021425101,-76.6587242460342
18557,no_incendio,-5.801578937835275,-76.51381524721576
18561,no_incendio,-6.880264689541971,-77.33984954598883
18562,no_incendio,-5.590745607594968,-76.01092904258273
18573,no_incendio,-6.535140869924569,-76.94972010352429
18576,incendio,-7.5597,-76.3832
18586,incendio,-6.8372,-76.5058
18588,no_incendio,-6.729806246426535,-76.87013039720924
18593,no_incendio,-5.3088507793034125,-76.33692970134372
18599,incendio,-8.378,-76.4212
18604,incendio,-7.0213,-76.776
18607,no_incendio,-7.598815481458372,-76.55352785980209
18608,no_incendio,-5.866539639068574,-77.22687497991105
18610,no_incendio,-6.376048501437837,-77.12747027240657
18611,incendio,-7.1565,-77.6056
18613,incendio,-6.4494,-75.8468
18615,incendio,-8.6113,-76.7493
18619,incendio,-7.5411,-76.6299
18621,incendio,-6.1357,-76.0888
18630,incendio,-7.4526,-76.5492
18637,incendio,-6.9734,-76.4404
18642,incendio,-7.517,-77.4935
18644,no_incendio,-6.00373135270891,-76.34110147279476
18647,no_incendio,-5.489245275525123,-76.82667902790362
18650,incendio,-6.9107,-76.8568
18653,no_incendio,-6.526663320909917,-76.57498858502044
18657,incendio,-5.8984,-77.1199
18670,no_incendio,-6.56442664767728,-76.08300934140289
18676,no_incendio,-6.799158296280013,-76.12149634545402
18677,incendio,-7.1642,-76.8454
18686,incendio,-7.401,-76.64
18690,incendio,-7.9138,-75.5747
18693,no_incendio,-7.4811756669415,-76.01564428333117
18710,incendio,-7.141,-76.821
18714,no_incendio,-7.26944697761503,-76.97064413485722
18715,no_incendio,-6.622512429028128,-75.69288323438259
18734,incendio,-7.3801,-76.6528
18740,no_incendio,-5.432481694931332,-76.47528675292433
18741,incendio,-6.7886,-76.9227
18745,incendio,-5.7401,-77.4205
18747,incendio,-8.4856,-76.3702
18751,incendio,-5.7873,-77.1852
18752,incendio,-7.2692,-76.3265
18765,incendio,-6.9076,-76.8197
18769,incendio,-7.5975,-76.4988
18770,incendio,-7.0313,-76.5694
18773,incendio,-8.3246,-76.399
18783,incendio,-6.6833,-77.4123
18788,incendio,-6.7508,-76.5833
18795,incendio,-7.2949,-76.5886
18799,incendio,-8.4465,-76.2255
18800,incendio,-5.6843,-76.6149
18801,no_incendio,-6.032637337308331,-77.27677952675285
18805,incendio,-8.6356,-76.1896
18815,no_incendio,-5.356529850556848,-75.70252244587886
18819,incendio,-7.5475,-76.7908
18823,incendio,-7.3377,-76.775
18824,incendio,-7.4914,-76.5442
18827,no_incendio,-6.368662376296837,-77.03036089290791
18837,no_incendio,-7.017832061015762,-77.13978816386988
18846,incendio,-7.1614,-76.8939
18854,incendio,-6.9984,-76.9304
18855,no_incendio,-5.885065132570478,-75.64334405460914
18857,incendio,-6.4716,-75.6825
18864,incendio,-7.0103,-76.2479
18872,incendio,-8.5123,-76.2993
18879,incendio,-7.1177,-76.1446
18882,no_incendio,-6.181570378698443,-77.2403974842685
18883,no_incendio,-6.7738595150234,-76.75356063625604
18893,no_incendio,-5.733319617679441,-76.17295841826885
18898,incendio,-5.7399,-77.4251
18904,incendio,-7.3748,-76.5425
18905,no_incendio,-6.7663153524803406,-76.63107432313332
18907,incendio,-7.48,-76.605
18912,no_incendio,-7.147843120370421,-77.31448550971452
18913,incendio,-7.1261,-77.1172
18917,no_incendio,-7.530943089944216,-75.61039209936172
18921,incendio,-6.659,-76.9781
18922,no_incendio,-7.491547550658209,-77.41447872545433
18923,incendio,-6.9344,-76.4196
18928,incendio,-6.9074,-76.4473
18931,incendio,-6.7267,-76.9625
18933,no_incendio,-7.446777051363318,-75.55823277277759
18942,no_incendio,-5.607896245919547,-76.37910922472966
18946,no_incendio,-6.536547874138972,-77.31298293788737
18959,incendio,-8.5902,-76.3453
18961,no_incendio,-6.949415512269831,-76.30894649629607
18962,incendio,-6.8828,-76.8438
18973,no_incendio,-7.3045123106112335,-75.99723406684437
18977,incendio,-7.8078,-77.7333
18978,incendio,-5.7306,-77.4123
18980,incendio,-6.0192,-76.1586
18982,incendio,-8.0254,-77.6656
18984,no_incendio,-7.241827770839374,-75.55383362888189
18991,no_incendio,-6.196820810614756,-77.18695898534692
18995,no_incendio,-7.384008271248504,-77.19420546410333
18997,incendio,-6.6134,-76.2659
19001,no_incendio,-7.431414415877487,-76.13136950681124
19005,incendio,-5.9791,-77.2622
19009,incendio,-7.1344,-76.2189
19010,incendio,-7.3363,-77.054
19017,no_incendio,-7.371625145918922,-75.70238603258082
19018,incendio,-7.005,-76.7881
19028,incendio,-7.5196,-76.4824
19035,incendio,-6.255,-75.837
19036,incendio,-8.644,-76.7838
19049,no_incendio,-7.511471498657587,-77.0305776349507
19050,no_incendio,-6.3280159994888185,-76.39673641063581
19051,no_incendio,-6.742426821485937,-75.840077033376
19063,no_incendio,-7.4500171761306255,-77.030145813453
19065,incendio,-6.9054,-76.3359
19074,incendio,-6.9618,-76.1632
19076,incendio,-7.2336,-76.4275
19079,no_incendio,-6.090705105654209,-75.76196358722034
19082,incendio,-6.0024,-76.1546
19084,incendio,-7.1376,-76.0617
19091,incendio,-6.4822,-77.0603
19096,incendio,-7.3555,-76.7406
19099,incendio,-8.1033,-76.6804
19104,no_incendio,-7.110610391202952,-75.57270966365749
19107,no_incendio,-5.588466979788065,-76.18717580992774
19109,no_incendio,-5.374689655955711,-76.01901794140703
19110,incendio,-7.0219,-76.9264
19119,no_incendio,-6.248141133810431,-75.50987121265236
19124,incendio,-6.4487,-76.8628
19130,no_incendio,-6.398926454720778,-76.50536924785067
19131,incendio,-6.9728,-76.8354
19132,incendio,-8.5325,-76.1631
19133,incendio,-8.5806,-76.5836
19134,incendio,-7.1738,-77.7513
19135,incendio,-6.5423,-77.6235
19142,no_incendio,-6.580708866740203,-77.30463518466154
19145,incendio,-5.815,-77.1454
19146,incendio,-7.161,-76.2939
19159,incendio,-7.5372,-76.6835
19171,incendio,-8.065,-76.6092
19180,no_incendio,-6.30212067741681,-77.20947071632679
19189,no_incendio,-7.122938851987355,-76.92917682268381
19196,incendio,-6.3203,-75.9489
19197,incendio,-5.3954,-76.5957
19199,incendio,-8.5993,-76.352
19205,incendio,-8.1873,-76.9846
19206,incendio,-6.9072,-76.8256
19207,no_incendio,-6.426707190480592,-75.93955631582219
19213,incendio,-5.8648,-77.2569
19218,incendio,-6.3101,-76.3043
19224,no_incendio,-6.618506694977619,-76.00213992327006
19225,incendio,-6.7879,-76.5922
19232,no_incendio,-7.433764184828395,-76.19895087453514
19236,incendio,-5.742,-76.1585
19238,incendio,-7.4843,-76.4462
19239,no_incendio,-6.398926454720778,-76.50536924785067
19241,incendio,-7.5655,-76.4784
19242,no_incendio,-6.741564716218832,-76.27215624555981
19247,incendio,-7.5798,-76.4941
19248,no_incendio,-7.1816270512499,-75.96620433389496
19255,incendio,-6.5439,-75.6665
19256,incendio,-7.3269,-76.2746
19257,incendio,-7.2707,-76.3935
19270,no_incendio,-5.813466395394225,-76.54314458566375
19271,incendio,-7.3392,-76.636
19273,no_incendio,-6.902373213948052,-75.80243684170989
19274,incendio,-6.7404,-76.6334
19276,no_incendio,-6.007112604816549,-77.29204800487722
19277,no_incendio,-7.040747836565641,-76.40061304391803
19282,no_incendio,-6.618506694977619,-76.00213992327006
19284,incendio,-6.8005,-76.4807
19287,incendio,-7.1905,-76.8331
19289,incendio,-7.1493,-76.339
19290,no_incendio,-7.261878534754229,-75.78596746234152
19298,incendio,-7.5238,-76.2065
19302,no_incendio,-7.2386843016197115,-75.95361045134824
19304,incendio,-7.9429,-77.48
19312,incendio,-7.2481,-76.6322
19315,incendio,-8.7065,-76.3655
19316,incendio,-6.6766,-76.4304
19317,no_incendio,-6.081920488696037,-77.43393189597795
19319,no_incendio,-7.038481344593258,-77.380855509791
19342,no_incendio,-5.316700367183811,-76.26596491615018
19343,no_incendio,-6.6229879670061225,-75.80299704996388
19345,incendio,-7.0971,-76.9589
19348,incendio,-8.0284,-77.7435
19350,incendio,-5.5846,-76.646
19357,incendio,-7.363,-76.5539
19361,no_incendio,-5.3928610006268665,-76.95098681919762
19365,incendio,-6.0735,-75.8283
19366,incendio,-7.4086,-76.7933
19369,incendio,-6.5089,-77.4748
19371,no_incendio,-7.06430285125658,-76.42921371383994
19377,no_incendio,-5.971572498496214,-75.54699515189168
19379,no_incendio,-5.734596234605278,-76.54404736792905
19380,incendio,-7.8893,-76.6962
19382,no_incendio,-6.846227548420243,-77.09414313428448
19389,incendio,-7.1719,-76.3736
19392,no_incendio,-6.351517341637376,-77.31017116176967
19393,incendio,-6.7745,-77.3438
19394,no_incendio,-5.3170098474698,-75.90718083995199
19395,no_incendio,-6.896612666946929,-75.75338049940235
19396,no_incendio,-5.807568980791382,-75.59957931060934
19398,incendio,-6.0159,-76.148
19404,no_incendio,-6.154726709997222,-75.55076367684507
19407,incendio,-5.8715,-77.4816
19410,incendio,-6.1432,-77.1965
19411,incendio,-6.4305,-76.4222
19412,no_incendio,-7.119124402863609,-77.37715689078294
19414,incendio,-5.7035,-76.0906
19417,incendio,-6.0599,-77.0381
19423,no_incendio,-5.847773952672416,-76.45786537475786
19445,no_incendio,-6.9177745399597805,-77.27712831962272
19450,no_incendio,-7.546681661706002,-77.09086718024028
19451,no_incendio,-7.265385570436415,-76.15256195898944
19452,incendio,-7.3454,-76.0561
19454,no_incendio,-5.3579190970036175,-75.71127050256207
19460,no_incendio,-6.687814799910479,-75.56700420232013
19467,no_incendio,-6.012390103585068,-77.46665184846529
19479,no_incendio,-6.1922155906112035,-75.54995561422898
19480,no_incendio,-6.726381012789614,-77.29263321460805
19492,no_incendio,-6.367884072608207,-76.17501426406548
19503,incendio,-7.2571,-76.8131
19519,no_incendio,-6.572656774954891,-77.3264854349528
19525,no_incendio,-6.672836316039594,-77.21035813191263
19526,no_incendio,-5.968149636265594,-77.51081675536001
19539,no_incendio,-5.941437702339227,-76.71661667859928
19544,incendio,-7.57,-76.5228
19546,no_incendio,-7.186570265010596,-75.84461863050306
19547,incendio,-7.9084,-75.5475
19556,no_incendio,-6.848581850084046,-76.26989214867015
19557,incendio,-5.8698,-77.0975
19559,incendio,-5.9013,-76.114
19560,no_incendio,-7.44968802750322,-77.23116283334409
19567,incendio,-7.3188,-76.6025
19568,incendio,-7.2281,-76.0542
19571,incendio,-6.7872,-76.2776
19573,incendio,-8.4698,-76.2379
19574,no_incendio,-6.146925317432729,-76.25875565214055
19588,incendio,-6.5707,-76.5201
19592,no_incendio,-5.588125457302943,-77.46080617284144
19596,incendio,-6.3274,-75.8811
19599,incendio,-5.8507,-76.5716
19603,incendio,-5.7567,-75.9663
19604,incendio,-6.3303,-75.7654
19605,no_incendio,-6.5603093207023875,-76.81459925787705
19613,no_incendio,-6.296125170251722,-76.27573079441521
19615,no_incendio,-7.449590892373755,-76.60010791486725
19629,no_incendio,-6.254046612679011,-76.94445690037632
19631,incendio,-7.0721,-76.8224
19633,incendio,-8.7484,-77.694
19635,incendio,-7.3802,-76.6454
19640,no_incendio,-7.289453419528988,-76.70433724655702
19641,no_incendio,-5.9787702159042375,-76.39270327711898
19643,incendio,-8.0871,-76.7651
19646,no_incendio,-5.822373025705751,-75.81118308604799
19656,incendio,-6.6629,-76.6772
19658,no_incendio,-6.046941056590012,-76.4497684025493
19662,incendio,-6.4949,-76.7104
19666,no_incendio,-6.640978763936889,-76.01901055862061
19667,incendio,-7.3219,-75.5869
19672,incendio,-6.718,-76.6215
19682,incendio,-5.8943,-76.1653
19683,no_incendio,-6.887626631829371,-77.285374555124
19701,no_incendio,-6.518152554514016,-75.5195810155841
19703,no_incendio,-6.931342706605391,-77.24005682830844
19710,incendio,-8.3337,-76.4022
19713,incendio,-7.341,-76.4534
19716,no_incendio,-7.291269329879484,-76.54650698845496
19717,no_incendio,-6.950538468924696,-76.07104877103448
19740,incendio,-6.6925,-76.6457
19745,incendio,-7.2825,-76.7929
19748,no_incendio,-6.1574013412773905,-75.50582251676065
19753,incendio,-5.7608,-77.4411
19759,incendio,-6.956,-76.104
19761,incendio,-7.528,-76.4342
19768,no_incendio,-7.308376267427788,-75.72020744008876
19769,no_incendio,-7.227645324559791,-75.66978466195862
19772,no_incendio,-5.880891988248802,-77.50381327072611
19776,incendio,-6.7125,-76.4905
19779,no_incendio,-7.391354511869424,-77.17370886410413
19783,no_incendio,-7.000185157265019,-76.24279253564121
19788,incendio,-5.7082,-76.175
19791,incendio,-5.6739,-77.3497
19792,incendio,-7.1507,-76.6503
19794,incendio,-6.6537,-76.2059
19795,no_incendio,-7.314921869709458,-75.6262107073791
19797,incendio,-6.9604,-76.5912
19805,no_incendio,-5.518901360296995,-75.83606862844933
19810,incendio,-6.8162,-76.432
19817,no_incendio,-5.531709345051456,-76.12800515028563
19820,no_incendio,-7.107720073878569,-76.6999842966137
19825,no_incendio,-7.119124402863609,-77.37715689078294
19826,no_incendio,-5.432202072011853,-76.59374002276904
19828,incendio,-7.5771,-76.6451
19834,incendio,-5.7413,-77.4645
19836,no_incendio,-6.535104750481092,-76.08251249993276
19839,no_incendio,-5.702153316153597,-75.54463550563808
19840,incendio,-7.4028,-76.7792
19841,incendio,-6.2235,-76.8257
19842,no_incendio,-5.876670821018357,-77.35096983439296
19843,incendio,-7.7571,-76.7065
19844,incendio,-7.2671,-76.4798
19845,no_incendio,-6.314113189001013,-76.77593472488475
19848,incendio,-8.1783,-77.2878
19881,incendio,-8.7251,-76.2972
19886,incendio,-6.7363,-76.4529
19891,incendio,-7.5126,-76.5906
19894,incendio,-7.1016,-76.1771
19897,no_incendio,-5.306363621970229,-76.4042560042154
19903,incendio,-5.7262,-76.1358
19907,incendio,-6.0643,-76.1024
19908,incendio,-6.8176,-76.4662
19909,no_incendio,-5.493534251624167,-76.05824936892388
19911,no_incendio,-5.933819847140226,-76.39063203845332
19916,incendio,-8.4712,-76.2204
19918,no_incendio,-7.20837922312058,-75.60173964481412
19920,incendio,-6.3121,-75.9277
19922,no_incendio,-7.1205154593131565,-76.76326173892171
19923,incendio,-5.693,-76.6403
19927,no_incendio,-5.5670313248345,-75.99876018929933
19933,incendio,-7.9501,-76.674
19936,no_incendio,-6.425556209293201,-75.70279330371295
19937,incendio,-6.71,-76.7247
19939,incendio,-6.0909,-75.7964
19940,incendio,-6.2622,-75.9194
19941,incendio,-7.4137,-76.76
19942,incendio,-7.6145,-76.6259
19943,no_incendio,-6.09087742872903,-76.39432793529913
19946,no_incendio,-6.044769424983038,-75.50599138370771
19952,incendio,-7.3897,-76.6114
19956,no_incendio,-6.427611857268102,-77.39761535548438
19961,no_incendio,-6.1305152501535805,-77.20692971202396
19963,no_incendio,-6.671397085491674,-75.72724206195927
19972,no_incendio,-7.228019173352536,-75.83265543127759
19988,no_incendio,-6.081920488696037,-77.43393189597795
19989,incendio,-8.3297,-76.4276
19995,incendio,-5.9474,-76.3253
19999,incendio,-7.3838,-76.82
20007,incendio,-6.7839,-76.5006
20009,incendio,-6.9107,-76.1691
20010,no_incendio,-7.415686202537784,-75.85189468645096
20012,no_incendio,-7.3828581911388165,-75.8721549637632
20016,incendio,-6.8928,-76.7512
20017,no_incendio,-6.992873718796428,-77.40735326396366
20018,incendio,-6.0377,-75.9794
20029,incendio,-7.2426,-76.3214
20040,no_incendio,-7.2237762907302,-75.57516855360699
20043,incendio,-5.6955,-77.5259
20046,incendio,-7.0927,-76.8402
20047,incendio,-7.1803,-76.2631
20049,incendio,-7.3695,-76.8222
20052,incendio,-6.7201,-76.4932
20053,incendio,-7.6556,-76.8295
20058,incendio,-8.4836,-77.0538
20062,incendio,-7.8607,-76.7258
20073,no_incendio,-6.419675876236263,-76.64489280604421
20074,incendio,-6.7473,-76.2254
20078,incendio,-6.6592,-76.7251
20079,no_incendio,-7.4291899383099445,-76.99344952239323
20080,incendio,-6.3898,-75.8452
20081,no_incendio,-6.66782718852246,-77.11974959426693
20089,no_incendio,-5.592384500349762,-76.12339689137886
20093,no_incendio,-6.09585600344774,-76.33181330264762
20095,incendio,-8.3684,-76.4272
20096,incendio,-8.5278,-76.5065
20099,incendio,-6.4921,-76.3688
20105,incendio,-6.0386,-76.0562
20110,no_incendio,-6.9256501234330665,-77.07157879837493
20112,incendio,-5.9562,-76.1283
20117,incendio,-6.2188,-76.1573
20118,no_incendio,-7.084883582406477,-76.16691642079259
20124,incendio,-6.6704,-76.6384
20130,incendio,-6.7434,-77.4285
20131,incendio,-7.0046,-76.924
20132,incendio,-7.1058,-77.0159
20134,no_incendio,-6.20119371633988,-76.87236267556213
20138,incendio,-5.942,-77.0483
20143,no_incendio,-6.791553468522542,-76.19850061841751
20144,incendio,-7.2128,-76.4691
20149,no_incendio,-5.300946297144839,-75.60535100286195
20150,no_incendio,-5.802372431085104,-75.57878108958735
20151,incendio,-6.7593,-76.5975
20160,no_incendio,-6.139224623753688,-76.40308726211332
20163,incendio,-7.3678,-76.6291
20165,incendio,-6.4343,-76.7048
20169,no_incendio,-7.37285257220338,-75.85397128431137
20171,no_incendio,-6.437468171319466,-76.61472481016831
20173,incendio,-6.6628,-75.585
20174,no_incendio,-5.6874479423727555,-75.79801976537915
20189,incendio,-7.8243,-76.7759
20192,incendio,-8.5659,-76.3822
20193,incendio,-6.9186,-76.1693
20194,no_incendio,-7.230008103453095,-76.43726823574747
20207,incendio,-6.8914,-76.6445
20217,no_incendio,-6.536547874138972,-77.31298293788737
20218,incendio,-7.4085,-76.5251
20220,no_incendio,-5.544342707790426,-75.8055721541421
20221,incendio,-5.5873,-76.6459
20222,incendio,-7.4021,-76.2584
20224,no_incendio,-5.4181719579024135,-75.50050796250098
20228,no_incendio,-5.403821247036303,-76.32388095777216
20237,incendio,-6.6213,-76.3576
20247,no_incendio,-7.391354511869424,-77.17370886410413
20276,no_incendio,-7.489751819531982,-75.96573533227652
20284,no_incendio,-5.608145245385959,-76.22898397370268
20285,incendio,-6.0392,-75.9388
20289,incendio,-7.3053,-76.7153
20292,no_incendio,-5.409046088511844,-75.85044957982578
20293,no_incendio,-7.127093555738052,-76.84105088577114
20304,no_incendio,-7.263705379465793,-77.32787830995856
20308,incendio,-7.1612,-76.6525
20311,incendio,-7.2602,-76.9743
20319,no_incendio,-6.572656774954891,-77.3264854349528
20321,no_incendio,-7.180456049019163,-77.4128118764767
20324,no_incendio,-5.976473792691887,-77.521298056028
20333,incendio,-6.9027,-76.8587
20342,incendio,-6.1042,-76.2818
20344,no_incendio,-6.606179550023269,-77.17612767759138
20353,no_incendio,-6.181570378698443,-77.2403974842685
20357,no_incendio,-6.946999930209273,-76.16347768392615
20359,no_incendio,-5.569129164967829,-76.89146867970102
20368,incendio,-6.8631,-76.7924
20370,no_incendio,-7.3045123106112335,-75.99723406684437
20386,incendio,-6.5381,-75.6843
20388,no_incendio,-5.504024274503536,-76.47223087280436
20389,no_incendio,-6.20119371633988,-76.87236267556213
20390,incendio,-6.1916,-75.7873
20403,no_incendio,-5.759511577701185,-76.14983081507849
20413,incendio,-8.2441,-76.3954
20423,incendio,-7.0208,-76.8966
20428,incendio,-7.3236,-76.6068
20432,incendio,-7.0392,-76.1552
20435,incendio,-7.0242,-76.2302
20436,incendio,-7.4069,-76.8686
20441,incendio,-6.9921,-76.5412
20461,no_incendio,-6.236752944768423,-75.59185038594902
20468,incendio,-7.5373,-76.6447
20470,no_incendio,-6.922199249991655,-76.68603062105682
20473,incendio,-8.584,-76.5701
20478,no_incendio,-5.413750833598563,-75.87946450439262
20482,incendio,-7.2724,-76.6726
20490,incendio,-5.906,-76.2905
20493,no_incendio,-6.745283632589781,-76.33682715106067
20497,incendio,-6.8418,-76.5063
20503,incendio,-8.3897,-76.2795
20508,incendio,-7.578,-76.4871
20510,incendio,-6.4705,-75.7459
20514,no_incendio,-6.441902560534528,-76.15943969390888
20528,no_incendio,-5.3902001479588,-77.1291902290787
20547,incendio,-7.1551,-76.0286
20551,incendio,-7.6205,-75.7045
20554,no_incendio,-6.380793727295641,-76.36283674136891
20558,incendio,-7.4065,-76.6835
20562,no_incendio,-7.2373332017811665,-76.09425476964923
20567,no_incendio,-6.949275367929126,-77.03979042014342
20569,no_incendio,-7.475413502587504,-75.52501286015236
20573,no_incendio,-7.011514074885707,-76.73934268520709
20581,incendio,-7.0718,-77.0707
20591,incendio,-7.0898,-76.8779
20592,no_incendio,-7.0805818707385395,-75.71658427890108
20601,no_incendio,-6.931054749326789,-77.2760800084336
20606,no_incendio,-7.082226882888392,-75.74798202243628
20607,incendio,-7.2381,-76.7671
20611,no_incendio,-7.4438050568529475,-75.8809717620132
20621,incendio,-8.073,-76.5013
20634,incendio,-7.6562,-76.7564
20641,incendio,-8.2258,-76.4384
20646,no_incendio,-6.5096234782459765,-76.05722709745423
20647,incendio,-6.397,-75.7974
20649,incendio,-7.3396,-76.5731
20651,no_incendio,-6.237634518264563,-76.93733978052377
20657,no_incendio,-6.463587748086062,-76.47146037727083
20660,incendio,-7.5753,-76.5114
20664,no_incendio,-7.37285257220338,-75.85397128431137
20665,incendio,-5.6919,-77.3429
20667,no_incendio,-6.646019680443848,-77.50514894077688
20671,incendio,-7.3071,-76.9776
20672,incendio,-5.7483,-76.1561
20675,no_incendio,-5.46295343513328,-75.95414593487065
20681,no_incendio,-5.733303330887296,-76.64353813041618
20682,no_incendio,-7.436772555974999,-76.13512005747918
20687,no_incendio,-5.398135296375456,-76.71445247130518
20692,incendio,-8.2124,-76.9958
20693,incendio,-6.1482,-77.6599
20699,incendio,-6.2631,-76.3072
20703,no_incendio,-6.011348651194169,-77.43448041427209
20710,no_incendio,-6.834902492352533,-77.15059777266319
20718,incendio,-7.3787,-76.4964
20721,no_incendio,-6.911054339106914,-76.61694946054432
20727,no_incendio,-6.890142536767722,-76.21093731168023
20728,incendio,-6.6024,-76.2448
20730,incendio,-6.9366,-76.5033
20732,incendio,-7.5662,-76.4928
20735,no_incendio,-6.324884637478815,-77.29362980195512
20743,no_incendio,-5.941437702339227,-76.71661667859928
20746,incendio,-5.8708,-76.5388
20747,incendio,-7.3309,-76.8525
20751,no_incendio,-6.267765286846349,-75.88438881089547
20754,no_incendio,-7.30848813253614,-75.71138002186875
20757,incendio,-5.6335,-76.5489
20762,incendio,-6.9977,-76.117
20763,no_incendio,-7.213623333493973,-77.17840648744146
20765,no_incendio,-5.576401103022335,-75.65589793985158
20770,incendio,-6.8299,-76.5306
20775,incendio,-5.6233,-76.621
20780,no_incendio,-7.307422219905113,-77.49030389420659
20783,no_incendio,-6.00373135270891,-76.34110147279476
20786,incendio,-7.9116,-75.5579
20789,incendio,-5.9787,-76.2633
20797,no_incendio,-6.122720954624869,-76.9879603704079
20798,incendio,-5.8612,-77.0553
20800,incendio,-6.5555,-76.7773
20801,no_incendio,-7.1362153859124,-76.23261669430515
20814,no_incendio,-7.347666513055251,-77.19530347019538
20822,incendio,-7.0538,-76.6161
20824,incendio,-7.4717,-76.4594
20830,incendio,-7.1335,-76.6401
20832,incendio,-6.1794,-76.8298
20834,no_incendio,-5.431391280919102,-75.58519659503115
20847,incendio,-8.538,-76.84
20885,incendio,-7.2467,-76.6374
20888,incendio,-5.7969,-77.1401
20889,incendio,-8.7011,-76.3509
20897,no_incendio,-6.726779286673033,-77.03336380719702
20900,incendio,-8.4713,-76.2631
20904,incendio,-6.2557,-76.7963
20907,incendio,-8.4151,-77.189
20908,no_incendio,-5.73056432169004,-76.88063042787364
20918,no_incendio,-6.473718077481412,-77.49661278682977
20919,no_incendio,-6.500803234494254,-76.0342561681164
20920,incendio,-6.9695,-76.541
20929,incendio,-6.3936,-76.576
20930,incendio,-7.1955,-76.8385
20937,no_incendio,-6.165061446367449,-75.9664591742673
20946,no_incendio,-7.213623333493973,-77.17840648744146
20947,incendio,-7.0548,-76.1624
20952,incendio,-7.2997,-76.3884
20960,no_incendio,-5.83983548332399,-77.3596154335897
20961,incendio,-6.7827,-76.7925
20978,no_incendio,-5.590950998396602,-75.50740685150045
20979,no_incendio,-5.695046426207607,-76.82428560854454
20981,incendio,-7.13,-76.9063
20989,incendio,-6.5862,-76.1075
20993,no_incendio,-6.271888529403575,-75.79765684657775
20995,no_incendio,-6.541834413903653,-76.37649272286701
20996,no_incendio,-6.937481703505858,-75.66626594730945
20997,no_incendio,-7.349457434232458,-77.2287510721594
21003,no_incendio,-6.40519633681147,-77.40140623826653
21006,no_incendio,-5.901388111394365,-75.87645660870008
21012,no_incendio,-6.125013751679443,-76.15307627183338
21018,incendio,-8.5982,-76.1272
21020,incendio,-6.0118,-76.3137
21025,incendio,-6.4754,-75.7262
21027,incendio,-6.9808,-76.1896
21032,no_incendio,-7.523343048173316,-75.60465669486607
21044,no_incendio,-6.635301014584928,-76.41004319664097
21051,no_incendio,-6.263351561254887,-76.64078067531564
21058,no_incendio,-6.001439366513391,-76.98820534580602
21065,no_incendio,-6.737059261843657,-77.50234796745673
21066,no_incendio,-5.432481694931332,-76.47528675292433
21070,no_incendio,-5.532971684555294,-77.02280558006699
21077,no_incendio,-6.352348321356028,-75.59610164326816
21083,incendio,-7.0991,-76.8013
21087,incendio,-7.2389,-76.8024
21095,incendio,-6.5936,-76.6352
21102,incendio,-6.6653,-76.3034
21106,no_incendio,-5.522972759309926,-75.80819311512354
21111,incendio,-7.2639,-77.0492
21123,no_incendio,-7.251053016973333,-77.43482372064443
21133,no_incendio,-6.960986438297525,-76.973990270216
21134,incendio,-8.545,-76.9057
21137,incendio,-7.4459,-76.6444
21138,no_incendio,-5.913444133925558,-76.54061399484421
21145,no_incendio,-6.660380391800162,-76.4974881056194
21154,no_incendio,-5.612307081535751,-76.80288819980903
21168,incendio,-6.9722,-76.7857
21174,incendio,-8.2706,-76.6833
21177,no_incendio,-6.135227462144194,-76.4855793054628
21183,incendio,-7.0174,-76.1274
21186,no_incendio,-6.463587748086062,-76.47146037727083
21190,no_incendio,-5.849265187399489,-77.52081578278697
21195,incendio,-8.1321,-77.1082
21196,no_incendio,-6.2701925367746005,-76.81498053088146
21204,no_incendio,-5.752288568187965,-75.61867904444058
21206,no_incendio,-6.234614825176705,-77.3723732006722
21207,incendio,-5.8936,-76.1229
21217,no_incendio,-6.6015678247259215,-76.27888093028594
21223,no_incendio,-6.378904304384582,-76.46012370931685
21225,incendio,-6.258,-76.1218
21240,no_incendio,-6.8241555048520945,-76.01927599626522
21246,incendio,-5.756,-76.6182
21250,incendio,-6.8411,-76.5757
21261,incendio,-6.4904,-76.3561
21262,no_incendio,-7.149862558736682,-77.09989679523933
21263,no_incendio,-7.468966943240149,-76.0987072289364
21265,no_incendio,-6.86128898258832,-76.74328169561169
21275,incendio,-6.238,-77.2231
21277,no_incendio,-5.763287542306629,-76.16197141222403
21280,no_incendio,-6.640978763936889,-76.01901055862061
21284,no_incendio,-6.346021842815813,-77.12333044544714
21285,no_incendio,-6.500803234494254,-76.0342561681164
21293,no_incendio,-7.418524326808485,-76.32670813744515
21294,no_incendio,-7.017832061015762,-77.13978816386988
21296,incendio,-7.459,-76.4874
21300,incendio,-7.4407,-76.5572
21301,incendio,-6.2373,-75.9737
21304,no_incendio,-5.5369399299131885,-77.31171501653961
21305,incendio,-7.4976,-76.4818
21307,no_incendio,-7.014371526342947,-75.6304094962068
21312,incendio,-5.7234,-76.6663
21317,no_incendio,-6.94200325407077,-76.26001952788216
21319,incendio,-5.711,-76.1743
21320,incendio,-7.3889,-76.787
21323,incendio,-6.6849,-76.3489
21338,incendio,-7.5663,-76.4032
21346,no_incendio,-6.937481703505858,-75.66626594730945
21350,incendio,-5.9536,-77.3503
21363,no_incendio,-7.327451375962066,-77.03090576588977
21365,no_incendio,-7.442180034070876,-75.92683774273232
21368,incendio,-7.2276,-76.7728
21372,no_incendio,-7.511471498657587,-77.0305776349507
21378,no_incendio,-5.5463833686959125,-76.92476001499328
21381,incendio,-8.6148,-76.6298
21382,incendio,-6.933,-76.4675
21386,no_incendio,-6.006937780860308,-77.45432250461575
21391,incendio,-5.8199,-76.2286
21397,no_incendio,-5.5259385585543805,-76.78474947687066
21398,incendio,-6.0495,-77.509
21410,incendio,-7.3187,-76.2626
21412,no_incendio,-6.546795271979165,-77.13463626494185
21414,incendio,-6.3339,-75.8758
21416,incendio,-5.7947,-77.2138
21424,incendio,-7.1777,-76.8595
21425,incendio,-7.8131,-77.5495
21430,incendio,-5.7004,-76.132
21432,incendio,-5.7567,-77.085
21447,incendio,-7.2527,-76.254
21460,incendio,-7.5353,-76.6575
21466,no_incendio,-6.233353095567226,-75.91710577734175
21478,no_incendio,-6.062840602584927,-76.70237486789418
21481,no_incendio,-5.531709345051456,-76.12800515028563
21482,no_incendio,-7.3239429065406565,-75.71625724817507
21483,incendio,-8.2885,-76.456
21486,no_incendio,-6.2016988445038095,-75.99411742841416
21488,no_incendio,-6.057689001760209,-76.31599873271878
21489,no_incendio,-6.4891729979787565,-76.11291535541001
21493,incendio,-7.1746,-76.7672
21501,incendio,-7.559,-76.21
21502,incendio,-5.7627,-76.3925
21503,incendio,-7.278,-76.6918
21517,no_incendio,-7.5636797148906325,-76.80582387525504
21524,incendio,-5.6827,-77.439
21525,incendio,-7.2722,-76.6181
21527,incendio,-7.0961,-76.8555
21532,incendio,-6.5631,-76.3929
21533,incendio,-6.7723,-76.8381
21541,incendio,-6.3189,-75.9381
21549,no_incendio,-6.300702389014246,-76.09062532956851
21554,no_incendio,-7.417769459056535,-76.0278387197161
21555,no_incendio,-5.628009588205993,-76.65354056984353
21572,incendio,-8.7309,-76.1074
21574,no_incendio,-5.798404361194972,-75.81527300196596
21579,incendio,-6.6329,-76.4225
21586,incendio,-7.4238,-76.5501
21590,incendio,-6.8731,-76.8141
21592,no_incendio,-7.4286037527901305,-75.69674631092113
21593,no_incendio,-5.73653806083423,-77.04027076606343
21594,no_incendio,-5.767577808825913,-75.75625284767814
21596,no_incendio,-6.634686692730256,-75.5796876028018
21603,no_incendio,-7.585660689069584,-77.39009094478008
21607,no_incendio,-6.167876331105529,-76.10362029847187
21608,no_incendio,-6.109182329794082,-77.41759375115069
21609,incendio,-8.1883,-76.3172
21610,no_incendio,-6.994951885754811,-75.90892162040349
21615,no_incendio,-6.602549423318465,-77.00681560184587
21618,no_incendio,-5.316751485798925,-76.19649120217885
21624,incendio,-7.3026,-76.342
21625,incendio,-5.6676,-77.4318
21627,no_incendio,-6.60024344042182,-76.28088372901857
21628,incendio,-7.3683,-76.7679
21629,incendio,-7.3183,-76.6723
21634,incendio,-6.7446,-76.6709
21635,no_incendio,-6.011348651194169,-77.43448041427209
21636,no_incendio,-6.709233322192638,-77.51049806027564
21637,incendio,-6.7855,-76.4673
21638,incendio,-6.8223,-76.5372
21640,incendio,-6.8029,-76.7184
21643,no_incendio,-6.880264689541971,-77.33984954598883
21651,incendio,-6.2378,-76.1974
21656,no_incendio,-5.802494877336548,-76.35132685190827
21669,no_incendio,-7.287912531535466,-77.51954103984086
21670,no_incendio,-6.987442347939161,-77.51096806537585
21682,incendio,-5.7971,-76.2154
21686,no_incendio,-6.096039133600909,-76.29380539264065
21688,incendio,-7.1396,-76.1205
21690,no_incendio,-6.246302114010693,-75.65691913180889
21694,no_incendio,-6.902373213948052,-75.80243684170989
21695,incendio,-6.2303,-75.9007
21698,incendio,-8.7053,-76.8161
21716,no_incendio,-5.500738315784995,-75.59662427893288
21718,no_incendio,-6.86128898258832,-76.74328169561169
21719,incendio,-6.9164,-76.4627
21725,incendio,-8.2973,-76.2818
21727,no_incendio,-5.541112522183527,-75.99676308138659
21729,no_incendio,-5.441244045280792,-76.19936571316805
21731,incendio,-7.2899,-76.4397
21739,no_incendio,-5.576377400601263,-76.00886183713747
21742,incendio,-7.0218,-76.1068
21755,incendio,-5.8493,-76.2128
21758,no_incendio,-6.486581240227174,-76.15835402098138
21760,incendio,-7.3873,-76.7755
21762,no_incendio,-7.579948204047341,-77.15279486128607
21763,incendio,-7.3548,-76.5653
21775,no_incendio,-7.217722844984081,-77.2235426849214
21780,no_incendio,-6.460809424904893,-76.67264708557983
21793,incendio,-6.7666,-76.8474
21795,incendio,-7.4359,-76.5793
21797,no_incendio,-7.30848813253614,-75.71138002186875
21806,incendio,-8.6987,-76.3474
21815,no_incendio,-5.968086685454471,-75.87697296740079
21817,incendio,-7.3033,-75.5915
21818,incendio,-6.1792,-75.6876
21824,incendio,-7.2779,-76.7042
21828,incendio,-7.4282,-76.5862
21830,incendio,-8.6836,-76.1648
21831,incendio,-7.2097,-76.8314
21835,incendio,-7.3985,-76.7985
21837,incendio,-6.5583,-75.6846
21839,no_incendio,-7.319106221775668,-76.84964608294781
21841,incendio,-8.5436,-77.3524
21843,no_incendio,-7.1695522446443345,-76.10103400972879
21848,no_incendio,-6.400727870765625,-77.48420741846027
21849,incendio,-6.6406,-77.5201
21859,incendio,-5.8356,-77.1856
21862,no_incendio,-5.911980434774437,-76.07407858450021
21867,incendio,-7.0751,-76.7015
21868,no_incendio,-6.931488241799888,-76.75916732730077
21872,no_incendio,-6.234614825176705,-77.3723732006722
21875,incendio,-6.9565,-76.6718
21881,no_incendio,-7.086048466965619,-75.60482526516276
21896,no_incendio,-7.475413502587504,-75.52501286015236
21901,no_incendio,-5.688886934346843,-77.36422749238871
21911,incendio,-7.2596,-76.9679
21916,incendio,-5.7513,-75.9697
21924,incendio,-8.7076,-76.9418
21926,incendio,-6.975,-76.9183
21929,incendio,-7.8692,-77.6529
21931,no_incendio,-6.965586863586331,-77.4440785223658
21932,incendio,-8.6182,-76.6051
21934,incendio,-7.5262,-76.7832
21935,no_incendio,-5.7826453397308155,-77.3905226367299
21936,no_incendio,-7.506850337937736,-76.33686457857513
21940,incendio,-7.4615,-76.5263
21942,no_incendio,-6.526663320909917,-76.57498858502044
21948,no_incendio,-5.62998043999866,-76.34952477053923
21950,incendio,-6.4857,-76.3628
21951,incendio,-7.3055,-76.5304
21952,incendio,-5.872,-76.3372
21954,incendio,-6.1253,-76.2208
21957,incendio,-6.2688,-75.9398
21961,no_incendio,-5.712666897985722,-76.23826320211337
21964,no_incendio,-5.9069362811274955,-76.90796880037888
21970,incendio,-6.813,-76.4647
21972,incendio,-6.6717,-76.6682
21973,no_incendio,-5.812760524192122,-77.54920790478845
21981,no_incendio,-6.152311336764004,-75.83217280220295
21986,incendio,-8.0796,-77.6547
22015,incendio,-7.4979,-76.4582
22020,no_incendio,-7.49572574357337,-75.97213125228711
22024,incendio,-7.0003,-76.2779
22030,incendio,-5.8928,-75.8835
22035,incendio,-6.5771,-75.9349
22039,no_incendio,-6.257364517477317,-77.24088667621311
22043,incendio,-7.4743,-76.5484
22052,incendio,-7.0393,-76.8599
22054,no_incendio,-7.517330043663011,-76.85538614453351
22063,no_incendio,-5.531709345051456,-76.12800515028563
22070,no_incendio,-6.046941056590012,-76.4497684025493
22072,no_incendio,-6.847838156918014,-76.65972952352969
22073,no_incendio,-5.716829315463946,-76.6884283959595
22079,no_incendio,-5.784820775425025,-76.88322925526231
22091,incendio,-5.8687,-76.0393
22095,incendio,-5.889,-77.0778
22105,incendio,-7.0037,-76.797
22109,incendio,-7.4503,-76.5449
22111,incendio,-5.9955,-76.8258
22114,incendio,-7.4102,-76.8392
22117,incendio,-7.4392,-76.7062
22119,no_incendio,-7.276587033646778,-76.71291357389988
22131,incendio,-8.3581,-76.5746
22132,incendio,-6.2712,-75.8336
22134,no_incendio,-6.929539925837722,-76.05337955826667
22136,incendio,-7.3479,-76.0416
22137,incendio,-8.4516,-76.2561
22142,incendio,-7.5685,-76.8144
22149,incendio,-6.7858,-76.5787
22152,no_incendio,-5.6492373233613264,-76.13173612706044
22161,incendio,-7.1063,-76.5819
22163,incendio,-7.2334,-76.7182
22164,incendio,-6.6966,-77.4611
22167,incendio,-8.1926,-75.6535
22168,incendio,-5.3109,-76.6558
22171,incendio,-5.5684,-76.6805
22176,no_incendio,-5.300946297144839,-75.60535100286195
22179,incendio,-5.9001,-76.115
22184,incendio,-8.5405,-76.451
22192,no_incendio,-6.224278076163242,-75.68574152044755
22193,incendio,-6.9307,-76.0705
22195,incendio,-5.6541,-75.9377
22196,incendio,-7.9097,-75.5568
22197,incendio,-7.5711,-76.4012
22200,no_incendio,-6.979782618165886,-76.34280103633438
22204,no_incendio,-6.6966130629090745,-76.20140385770695
22205,incendio,-5.7559,-77.1048
22207,no_incendio,-5.503666402060762,-76.62944463990817
22208,no_incendio,-5.789563027304849,-76.53201355790475
22212,incendio,-7.0619,-76.8796
22216,no_incendio,-7.149862558736682,-77.09989679523933
22217,no_incendio,-5.976958562482058,-76.80488821989493
22218,no_incendio,-5.841456819782133,-77.02191077906832
22220,incendio,-7.6046,-76.5081
22221,no_incendio,-7.436772555974999,-76.13512005747918
22234,incendio,-6.8554,-76.6508
22235,no_incendio,-6.166609034042587,-76.23843722431326
22245,no_incendio,-5.976473792691887,-77.521298056028
22259,incendio,-7.2532,-77.0396
22261,no_incendio,-5.582283481453623,-75.95562633397932
22265,incendio,-7.4634,-76.6315
22267,incendio,-6.7553,-76.4921
22270,no_incendio,-5.592843733729189,-75.8469852314677
22271,incendio,-6.047,-76.1655
22285,incendio,-7.2121,-76.6156
22286,incendio,-7.3867,-76.2691
22291,incendio,-7.1282,-77.0954
22300,incendio,-6.5416,-76.4205
22307,incendio,-6.7717,-76.5768
22315,incendio,-6.9266,-77.7725
22319,incendio,-7.1316,-76.1048
22320,incendio,-8.2954,-76.6335
22323,incendio,-6.4985,-75.7911
22326,no_incendio,-6.735984440425587,-77.00622820601815
22329,incendio,-6.6979,-76.729
22335,no_incendio,-7.593724484851976,-77.34754973911781
22339,no_incendio,-5.501045309864604,-77.33293151035834
22341,no_incendio,-5.886501214348173,-76.17373588365827
22345,incendio,-5.8965,-76.1144
22346,no_incendio,-7.396034749471958,-77.09104434205882
22350,incendio,-5.5697,-76.6895
22351,incendio,-6.0019,-75.9563
22353,no_incendio,-6.642584248060827,-75.75075985956546
22354,incendio,-7.6011,-76.5298
22356,no_incendio,-7.392389482278091,-76.3604718116053
22357,no_incendio,-6.261893490975904,-75.72805069897333
22366,no_incendio,-5.8084744858353705,-77.25537544416976
22377,no_incendio,-5.509842715479968,-77.22974622552158
22381,incendio,-6.7178,-76.7197
22382,incendio,-6.3321,-75.89
22384,no_incendio,-5.916934623864143,-76.40108482987945
22390,incendio,-8.0112,-76.7388
22392,incendio,-8.5288,-76.384
22395,no_incendio,-5.369357026240305,-77.2031702822179
22396,no_incendio,-6.726107042288016,-76.4764656532763
22398,incendio,-8.2182,-76.5874
22402,incendio,-5.7337,-76.1911
22408,incendio,-7.1399,-76.4695
22411,no_incendio,-6.939438225282601,-76.80786345912996
22416,no_incendio,-6.509338593690795,-76.81131065559471
22422,no_incendio,-7.234182176376593,-76.40213823666475
22430,incendio,-5.3218,-76.7739
22437,incendio,-6.3927,-76.6012
22440,incendio,-8.5401,-77.3432
22448,incendio,-8.0574,-76.7736
22458,incendio,-7.251,-76.8543
22461,incendio,-7.4681,-76.4025
22467,no_incendio,-6.248141133810431,-75.50987121265236
22469,incendio,-8.5664,-76.4154
22481,incendio,-5.9116,-76.3214
22485,incendio,-5.6769,-76.6034
22490,incendio,-7.2738,-76.3824
22493,no_incendio,-6.09585600344774,-76.33181330264762
22496,incendio,-6.4002,-76.0364
22497,incendio,-6.7199,-76.46
22502,incendio,-8.7032,-76.3042
22512,no_incendio,-5.5683966845979995,-76.81768428751661
22514,no_incendio,-7.2339632492782835,-76.73433396854956
22515,no_incendio,-5.569659951211905,-77.11401128748476
22526,incendio,-6.9829,-76.6159
22529,no_incendio,-7.38891296125344,-75.60819465870141
22531,incendio,-6.4896,-76.3497
22532,incendio,-7.5353,-76.4474
22545,incendio,-8.1655,-76.5129
22546,incendio,-6.0848,-75.958
22548,incendio,-6.8573,-76.9804
22550,incendio,-6.7585,-76.5776
22557,incendio,-7.1096,-76.6838
22558,incendio,-6.3371,-76.0544
22571,incendio,-5.9498,-76.2815
22575,no_incendio,-5.39776817495506,-77.21180440723553
22577,no_incendio,-5.409046088511844,-75.85044957982578
22581,incendio,-6.0196,-76.0972
22582,incendio,-8.4678,-76.3756
22585,incendio,-6.0622,-76.113
22591,incendio,-6.337,-75.8731
22599,no_incendio,-6.641540416375139,-77.47486256481713
22605,no_incendio,-7.099688871826168,-75.91020418997267
22606,no_incendio,-5.968149636265594,-77.51081675536001
22607,no_incendio,-6.9256501234330665,-77.07157879837493
22611,incendio,-6.4574,-75.6883
22616,incendio,-5.7878,-76.3564
22620,no_incendio,-7.180456049019163,-77.4128118764767
22624,incendio,-8.0271,-76.67
22636,no_incendio,-6.053663067143272,-77.25400416625581
22637,incendio,-6.8413,-76.5037
22643,incendio,-6.2508,-76.7368
22662,incendio,-6.5475,-76.0049
22666,no_incendio,-6.376726836973272,-77.35752912688064
22673,incendio,-6.8425,-76.715
22674,no_incendio,-6.1245241179034995,-75.6853524981565
22679,no_incendio,-5.877091540669871,-76.18474625697182
22685,no_incendio,-6.581475655282046,-76.92813918096854
22689,incendio,-8.6805,-76.1599
22694,incendio,-5.3294,-76.3228
22698,incendio,-7.0846,-76.9097
22701,incendio,-7.4081,-76.5504
22705,no_incendio,-6.73154658128307,-77.37224800507184
22709,no_incendio,-5.525519480392893,-76.3183975995799
22712,incendio,-5.9435,-75.9496
22713,incendio,-7.3092,-76.1586
22717,incendio,-7.001,-76.9058
22721,no_incendio,-6.896612666946929,-75.75338049940235
22724,incendio,-7.3678,-76.7317
22730,incendio,-6.7362,-76.3952
22744,no_incendio,-6.388532043555506,-76.84726928607184
22749,incendio,-7.3296,-76.4013
22755,no_incendio,-7.336551353349131,-77.20883178649431
22765,incendio,-5.7447,-76.0578
22767,incendio,-6.8405,-76.4965
22770,no_incendio,-5.813466395394225,-76.54314458566375
22771,incendio,-7.1074,-76.4957
22780,incendio,-5.7521,-76.4921
22783,incendio,-7.3137,-75.5764
22790,no_incendio,-7.408503653357758,-76.24578800464187
22792,no_incendio,-6.42510939654662,-76.21314660329666
22805,incendio,-7.5722,-76.5419
22806,incendio,-8.1883,-76.5911
22812,no_incendio,-7.173287597971678,-76.70987433367677
22815,incendio,-7.0401,-76.5993
22818,incendio,-8.1899,-76.6017
22819,incendio,-6.7019,-77.3468
22823,incendio,-6.9483,-76.6935
22827,incendio,-7.1722,-76.6557
22830,incendio,-6.0625,-76.1567
22834,incendio,-5.8973,-76.3772
22839,no_incendio,-6.061848479102238,-75.8084457666632
22841,incendio,-8.6304,-76.3432
22844,incendio,-8.6898,-76.1234
22848,incendio,-7.0907,-76.7842
22851,no_incendio,-6.269350897351528,-76.17554961545872
22863,incendio,-6.1201,-76.2447
22865,incendio,-7.4096,-76.6898
22870,no_incendio,-6.590453070259288,-76.04913179233263
22872,no_incendio,-6.319184567250436,-76.7615595241715
22873,no_incendio,-5.734596234605278,-76.54404736792905
22875,no_incendio,-5.914538807022697,-77.31789261845223
22876,no_incendio,-7.188505073730313,-76.90328431055737
22878,no_incendio,-6.210262345134658,-77.11424996637882
22886,no_incendio,-6.726508547372632,-75.8805912365982
22887,incendio,-5.8467,-76.5888
22890,no_incendio,-5.532971684555294,-77.02280558006699
22895,incendio,-7.6872,-76.7972
22897,no_incendio,-5.603013181516009,-76.25847933744605
22898,incendio,-7.0401,-76.7918
22902,incendio,-7.4731,-76.5919
22907,no_incendio,-5.5750859368578904,-77.18888026677212
22910,incendio,-8.239,-76.5724
22913,no_incendio,-6.032904107983954,-75.67491532543472
22917,no_incendio,-5.530786000980501,-76.91418709127078
22919,no_incendio,-5.97958938141772,-75.97696588702247
22921,incendio,-7.2815,-76.6025
22924,no_incendio,-6.04175420458928,-75.6154818462728
22928,incendio,-7.0858,-76.1163
22929,incendio,-5.9954,-77.3586
22934,no_incendio,-5.349324419297768,-77.32630960187535
22937,no_incendio,-5.921016028711128,-75.70718586514504
22941,no_incendio,-5.31179064282697,-75.78618195501585
22948,incendio,-6.4992,-75.7313
22954,incendio,-5.9023,-77.4375
22956,no_incendio,-6.45014471724059,-77.23785683491617
22957,incendio,-8.2877,-76.4482
22959,incendio,-8.2187,-76.4638
22962,incendio,-6.5097,-76.4138
22968,no_incendio,-7.277740388513622,-77.219832932029
22983,incendio,-7.5399,-76.2145
22998,incendio,-6.5517,-75.6854
22999,incendio,-8.2197,-76.6017
23004,incendio,-7.1794,-76.0363
23010,no_incendio,-5.382192721085108,-75.80513455395052
23014,no_incendio,-5.434734993358147,-76.94653262890384
23015,no_incendio,-5.62998043999866,-76.34952477053923
23022,incendio,-5.7019,-76.4396
23027,incendio,-8.5098,-76.3839
23038,incendio,-7.1757,-77.0639
23042,incendio,-7.3732,-76.708
23044,incendio,-5.7194,-76.2153
23046,no_incendio,-7.5389429366733145,-76.3612819242991
23054,incendio,-6.8365,-76.8903
23063,incendio,-7.181,-77.0495
23065,incendio,-8.5775,-76.1112
23067,incendio,-7.2653,-76.5707
23068,no_incendio,-6.041174269159521,-76.02071621272385
23075,no_incendio,-5.437451651862052,-75.53119555354411
23083,incendio,-7.5717,-76.5801
23088,no_incendio,-7.311635265992554,-75.85999069910886
23090,no_incendio,-5.391936920318269,-75.74765732530163
23097,incendio,-7.144,-76.2007
23104,no_incendio,-6.923846443514746,-77.29283624638697
23111,incendio,-8.3026,-76.2509
23117,incendio,-7.5294,-76.4745
23119,incendio,-6.4478,-77.4969
23123,no_incendio,-6.22948269148436,-77.46060172999928
23128,no_incendio,-5.472585153492127,-77.10655294749147
23134,incendio,-8.5431,-75.5986
23135,no_incendio,-6.93526933500558,-76.94440022861454
23144,incendio,-7.5889,-76.6311
23146,incendio,-7.5381,-76.7045
23155,incendio,-5.7259,-77.4715
23163,no_incendio,-6.248030507497377,-77.52671049342304
23168,incendio,-6.3398,-77.6611
23169,no_incendio,-6.945484440166689,-76.77951589048426
23172,incendio,-7.4554,-76.6163
23173,incendio,-5.3003,-76.4833
23174,incendio,-8.1191,-77.363
23180,incendio,-5.9063,-76.3806
23187,no_incendio,-6.796333772184817,-76.78935654696676
23191,incendio,-8.5135,-76.3807
23194,no_incendio,-5.334479044366705,-77.48777820988575
23199,incendio,-6.7961,-76.4073
23205,incendio,-7.139,-76.9739
23212,incendio,-5.742,-76.224
23213,incendio,-8.6167,-76.6655
23216,incendio,-6.6816,-76.4841
23217,incendio,-7.2106,-76.623
23223,incendio,-7.0187,-76.8223
23229,no_incendio,-5.9729308547052575,-77.19584889522876
23233,incendio,-5.6811,-77.4221
23242,no_incendio,-5.979395848987274,-75.81605060669331
23283,incendio,-6.49,-76.3498
23287,no_incendio,-6.080706501829642,-77.17715903994046
23292,incendio,-5.7818,-77.3967
23293,incendio,-6.3626,-76.9573
23294,incendio,-6.2741,-75.9347
23298,incendio,-7.1442,-76.5157
23302,no_incendio,-5.888892522225688,-76.77144344906966
23307,no_incendio,-5.9343288832648255,-75.71284400291329
23308,no_incendio,-6.938909457059822,-76.15534082596828
23310,incendio,-6.4697,-75.7388
23312,incendio,-7.2614,-76.6758
23318,incendio,-5.3335,-76.7956
23328,incendio,-6.6794,-76.2273
23330,no_incendio,-5.931410128051382,-77.48442078407336
23331,no_incendio,-6.2701925367746005,-76.81498053088146
23332,no_incendio,-6.606179550023269,-77.17612767759138
23333,incendio,-8.488,-76.4326
23336,no_incendio,-7.089179421889268,-75.95457712793731
23339,incendio,-6.538,-76.6086
23348,incendio,-6.4501,-75.9532
23351,no_incendio,-6.396864121936975,-76.4851873457876
23353,no_incendio,-7.017817860779479,-76.95461934375838
23360,no_incendio,-7.30848813253614,-75.71138002186875
23361,incendio,-6.9297,-76.9075
23362,incendio,-5.7276,-76.1272
23364,incendio,-8.4326,-76.7654
23367,no_incendio,-6.931488241799888,-76.75916732730077
23370,incendio,-6.9526,-76.6287
23371,incendio,-7.5429,-76.5093
23377,incendio,-5.8646,-77.1051
23387,incendio,-6.5098,-77.6334
23392,incendio,-8.4376,-76.2873
23395,no_incendio,-6.603103679284163,-76.5352543472929
23397,no_incendio,-7.536324441611577,-75.98652093293225
23406,incendio,-5.6593,-76.5556
23408,no_incendio,-5.586947404667705,-76.96796502244129
23415,incendio,-7.424,-76.5563
23418,incendio,-6.8449,-76.541
23421,no_incendio,-5.841084064265475,-76.47146316885033
23437,incendio,-6.7626,-76.7
23438,no_incendio,-5.811190643666691,-76.41076755798852
23439,incendio,-8.1174,-76.4678
23440,no_incendio,-7.301995634610949,-77.3052348248029
23451,incendio,-5.7203,-76.2642
23452,no_incendio,-6.237634518264563,-76.93733978052377
23462,no_incendio,-6.344738730281884,-77.28085925820518
23463,no_incendio,-6.320061417206358,-76.82643295462363
23464,incendio,-7.2093,-76.8806
23472,incendio,-6.5529,-76.0032
23480,incendio,-6.8772,-76.5466
23482,incendio,-7.4801,-76.4121
23493,incendio,-7.148,-76.3301
23495,no_incendio,-5.987623594847527,-77.50895445827787
23499,incendio,-7.147,-77.1045
23502,no_incendio,-6.937667134670242,-75.79567614590403
23506,incendio,-5.6932,-75.8432
23508,no_incendio,-5.95558763459201,-75.58088985962372
23511,no_incendio,-6.428027041919373,-76.62475957936073
23513,no_incendio,-6.261893490975904,-75.72805069897333
23522,no_incendio,-5.62140995348484,-75.55506281291692
23525,no_incendio,-6.979813600777688,-77.48470455898823
23528,incendio,-6.4832,-75.6679
23535,no_incendio,-6.376048501437837,-77.12747027240657
23539,no_incendio,-6.741440234624422,-77.09605125719467
23547,incendio,-7.5399,-76.4197
23548,incendio,-5.7862,-76.2078
23558,no_incendio,-7.247461423234719,-75.57023459371909
23559,no_incendio,-6.36044395346056,-75.72277954497737
23567,incendio,-6.5988,-76.501
23583,incendio,-7.9328,-76.6754
23586,incendio,-7.5067,-76.6006
23593,incendio,-7.7972,-76.7718
23594,no_incendio,-7.349457434232458,-77.2287510721594
23602,no_incendio,-5.6698457830937325,-76.36289670664165
23603,incendio,-7.1729,-76.1874
23604,no_incendio,-5.659847709526774,-75.83935663792408
23608,incendio,-6.7534,-76.4609
23615,incendio,-8.174,-76.625
23637,incendio,-7.5283,-76.7346
23639,incendio,-7.356,-76.2587
23643,incendio,-8.5879,-76.327
23648,no_incendio,-7.532869703153675,-75.62377754135032
23652,no_incendio,-7.391354511869424,-77.17370886410413
23654,incendio,-6.6566,-76.2399
23662,incendio,-6.9155,-76.1669
23664,incendio,-8.409,-76.5332
23672,incendio,-6.2205,-76.0183
23673,no_incendio,-7.374027518305184,-76.32029762844952
23676,no_incendio,-5.364892363396528,-76.8599043565554
23682,no_incendio,-6.682338881301072,-76.58990578057626
23691,incendio,-5.6312,-75.9653
23700,incendio,-7.4448,-76.7044
23702,incendio,-6.7866,-76.4858
23704,no_incendio,-7.431414415877487,-76.13136950681124
23706,incendio,-7.1424,-76.484
23707,incendio,-6.697,-76.3088
23710,no_incendio,-7.454820191858604,-77.06390769959336
23719,no_incendio,-5.3149529866292395,-75.54616509202799
23723,incendio,-6.6594,-77.4716
23725,no_incendio,-6.391692174987462,-77.10791126635735
23732,incendio,-7.2476,-76.6305
23744,no_incendio,-7.564076009944549,-75.89157611790941
23745,incendio,-7.1187,-76.3942
23749,no_incendio,-5.886501214348173,-76.17373588365827
23761,incendio,-6.478,-75.6785
23769,incendio,-7.2851,-76.6668
23773,incendio,-7.1171,-76.3417
23775,no_incendio,-5.875159377973664,-77.1185525314163
23777,incendio,-6.5113,-77.0275
23778,incendio,-6.5527,-75.6584
23781,no_incendio,-7.4055258629962415,-75.72836594706017
23782,incendio,-6.909,-76.8062
23787,no_incendio,-6.603103679284163,-76.5352543472929
23789,no_incendio,-7.153254312142147,-75.61931012295983
23792,incendio,-6.617,-76.2505
23793,no_incendio,-6.9734000570740395,-77.15029703123086
23796,incendio,-5.7518,-76.0744
23797,no_incendio,-7.510954821403472,-75.50873794050783
23800,no_incendio,-6.200171336468845,-76.47517852395984
23804,incendio,-5.8914,-76.324
23808,incendio,-7.6967,-76.4942
23811,no_incendio,-5.907158352622331,-77.4442973163752
23815,incendio,-5.9603,-76.2617
23820,no_incendio,-5.6897437871119,-77.10615819747757
23821,incendio,-7.3697,-76.7158
23823,no_incendio,-6.3028561898427915,-76.27802291650278
23827,incendio,-8.1784,-76.6464
23831,incendio,-6.0862,-76.1704
23838,no_incendio,-7.170373075763204,-77.40179462648253
23841,incendio,-6.5405,-75.6505
23842,no_incendio,-6.6832264067033,-77.40030797685029
23854,no_incendio,-5.5750859368578904,-77.18888026677212
23855,incendio,-6.3878,-76.1037
23862,no_incendio,-7.179164728014299,-77.26673458504925
23878,incendio,-6.7604,-76.4671
23879,incendio,-6.7373,-76.9588
23885,no_incendio,-6.109182329794082,-77.41759375115069
23886,no_incendio,-5.712986091901971,-76.69466982249243
23892,no_incendio,-6.4800299159294745,-75.86986955910662
23894,no_incendio,-5.648091386764367,-76.0845405608189
23897,incendio,-6.8986,-76.9644
23900,incendio,-8.4935,-76.9893
23901,no_incendio,-6.542256231887758,-76.22236926601508
23908,incendio,-7.4545,-76.5108
23915,no_incendio,-7.423279850513975,-76.1929127649397
23916,incendio,-8.6289,-76.1675
23919,incendio,-5.7423,-76.6245
23924,no_incendio,-5.630317607867646,-76.28664530211917
23940,no_incendio,-6.520841370621428,-77.36086106907894
23949,incendio,-7.847,-76.7444
23954,no_incendio,-5.998881730764309,-77.1385121318961
23960,incendio,-6.0937,-76.2588
23964,incendio,-6.1651,-76.1651
23975,no_incendio,-5.531494331119256,-75.68693972870032
23977,incendio,-8.5391,-76.5157
23985,incendio,-8.4706,-76.4729
23987,no_incendio,-6.818883045664746,-77.17747642270048
23989,incendio,-7.3097,-76.6411
23998,no_incendio,-5.977954403238399,-75.89740788010133
24002,incendio,-5.8938,-76.3595
24003,incendio,-7.2006,-76.4781
24013,incendio,-6.9694,-76.7653
24021,no_incendio,-7.45728200774953,-76.98588787498541
24022,incendio,-6.9858,-76.1463
24039,incendio,-7.2901,-76.739
24047,incendio,-5.8216,-76.2159
24049,incendio,-5.6646,-75.8919
24062,no_incendio,-5.525519480392893,-76.3183975995799
24066,incendio,-6.2547,-76.1404
24067,no_incendio,-5.572804894965716,-76.96734256320798
24070,incendio,-7.3416,-76.5351
24071,no_incendio,-5.459589434430045,-76.77318023823041
24077,no_incendio,-6.266506898778969,-76.33689278886196
24079,incendio,-7.0084,-76.4509
24083,incendio,-7.1088,-76.256
24084,incendio,-6.9796,-76.2648
24086,no_incendio,-6.346021842815813,-77.12333044544714
24087,incendio,-8.6447,-76.3167
24095,incendio,-7.4111,-76.7129
24097,incendio,-6.7959,-76.4922
24105,incendio,-8.1741,-77.0581
24109,no_incendio,-6.5603093207023875,-76.81459925787705
24110,incendio,-8.3746,-76.3363
24111,incendio,-7.357,-76.8703
24114,no_incendio,-6.971818693744163,-76.01229344920435
24115,no_incendio,-7.3828581911388165,-75.8721549637632
24119,no_incendio,-6.460809424904893,-76.67264708557983
24131,incendio,-6.6913,-76.8911
24135,no_incendio,-5.472585153492127,-77.10655294749147
24139,no_incendio,-6.260923080518788,-75.61074627640608
24140,no_incendio,-6.074232738963784,-75.5615873787058
24147,no_incendio,-6.91975600968376,-77.05871610020544
24156,no_incendio,-6.058777263222519,-76.29718752856778
24168,incendio,-5.7082,-76.47
24169,no_incendio,-6.7738595150234,-76.75356063625604
24173,no_incendio,-5.402348170521421,-77.02463779239379
24177,no_incendio,-5.882755427823639,-77.51237097659782
24182,no_incendio,-5.485150772179796,-77.0821813016382
24190,incendio,-5.7726,-76.3884
24194,incendio,-5.7604,-77.3915
24196,incendio,-8.5104,-76.4775
24197,incendio,-7.3113,-76.1939
24208,incendio,-5.8779,-76.9511
24212,no_incendio,-6.53438876670278,-77.3151143596093
24215,incendio,-6.8427,-76.8893
24222,incendio,-7.2475,-76.8697
24226,no_incendio,-7.3045123106112335,-75.99723406684437
24233,no_incendio,-5.6996412211902,-75.5074681731858
24236,no_incendio,-5.906233795105334,-77.12857966060585
24238,no_incendio,-6.992873718796428,-77.40735326396366
24243,no_incendio,-5.631534863423365,-75.5444078955286
24251,no_incendio,-5.8511939634062635,-76.52247944634267
24253,no_incendio,-7.448422790645704,-75.84545299813023
24254,incendio,-7.1818,-76.4995
24257,incendio,-7.0778,-76.3795
24258,no_incendio,-7.516228282019169,-75.89484036620722
24272,no_incendio,-7.417769459056535,-76.0278387197161
24273,incendio,-7.3796,-76.2159
24274,no_incendio,-7.390169812745361,-75.85173982819381
24283,no_incendio,-6.808642932215501,-75.79916533133496
24284,incendio,-7.1546,-77.0683
24291,no_incendio,-6.899424280300874,-76.07403591805503
24293,incendio,-7.1482,-76.8429
24300,incendio,-5.6752,-77.2752
24311,no_incendio,-5.673007856969957,-76.8124122789181
24320,no_incendio,-5.839270188717535,-77.49668062311541
24326,no_incendio,-5.493534251624167,-76.05824936892388
24361,no_incendio,-6.129131664861193,-76.45649977733511
24366,incendio,-7.1429,-76.0272
24370,no_incendio,-5.8568748352763045,-75.92620225226696
24373,incendio,-6.4171,-75.872
24385,no_incendio,-5.778538304462726,-77.27874829265495
24386,incendio,-7.0096,-76.7931
24390,no_incendio,-6.9422117979050695,-77.32253174388707
24394,no_incendio,-7.076017752800738,-75.91978389352657
24407,no_incendio,-6.961563570088446,-77.02222304631809
24408,no_incendio,-5.944935096517128,-76.18780832521988
24409,no_incendio,-6.1503156162969,-75.68207577523512
24412,incendio,-5.6839,-77.2598
24413,incendio,-6.5129,-77.6094
24419,no_incendio,-6.2190640726250495,-76.93105958473025
24427,no_incendio,-6.4891729979787565,-76.11291535541001
24442,no_incendio,-6.0017769805371435,-76.54978075200272
24443,incendio,-5.8357,-76.2361
24449,no_incendio,-5.906233795105334,-77.12857966060585
24454,incendio,-6.5932,-76.7888
24455,incendio,-8.342,-77.2169
24460,incendio,-6.7875,-76.5555
24463,incendio,-8.5269,-76.3561
24468,no_incendio,-7.554963436234575,-75.69130210162552
24472,no_incendio,-7.25129246536618,-76.47983941905308
24473,no_incendio,-5.728686151403572,-77.23987774970512
24482,incendio,-6.2336,-76.1998
24483,no_incendio,-5.3130357942785436,-76.58858316456917
24491,no_incendio,-5.6996412211902,-75.5074681731858
24493,no_incendio,-5.3149529866292395,-75.54616509202799
24494,no_incendio,-6.2701925367746005,-76.81498053088146
24496,no_incendio,-7.086048466965619,-75.60482526516276
24502,no_incendio,-5.3750389583532385,-76.27737605989306
24504,incendio,-6.2008,-76.2965
24505,no_incendio,-5.701243653353404,-77.51137584362479
24509,incendio,-7.1129,-76.1229
24511,incendio,-6.2206,-76.1561
24518,no_incendio,-6.7528370184185675,-75.79463738047077
24519,incendio,-7.1733,-76.0794
24520,incendio,-6.585,-76.7532
24522,no_incendio,-6.91975600968376,-77.05871610020544
24523,incendio,-6.8355,-76.4947
24524,no_incendio,-7.464502353788052,-77.51392837949253
24526,no_incendio,-6.47129538831012,-76.10848069167751
24527,incendio,-5.7022,-76.4665
24528,incendio,-6.8525,-76.9318
24530,no_incendio,-5.668562711065817,-75.61105576661728
24532,incendio,-7.1703,-76.0524
24533,incendio,-6.281,-75.8797
24536,incendio,-6.4373,-76.5935
24544,incendio,-6.0298,-76.072
24545,incendio,-7.5219,-76.5264
24546,incendio,-8.5066,-77.0309
24548,incendio,-5.4352,-76.6416
24549,incendio,-8.1929,-76.6336
24551,incendio,-6.4198,-76.4283
24553,incendio,-7.0731,-77.5924
24555,no_incendio,-7.357911846364595,-77.10667831143273
24562,incendio,-6.5347,-76.8374
24564,no_incendio,-7.457798199513177,-76.25066528876945
24566,incendio,-5.7608,-77.3064
24569,no_incendio,-5.5084858154243905,-75.90684850496002
24574,incendio,-8.6575,-76.2899
24578,no_incendio,-5.586947404667705,-76.96796502244129
24583,no_incendio,-5.855822399079694,-75.69747959221154
24587,incendio,-7.071,-76.2064
24591,no_incendio,-6.0258388422724725,-75.8823418796658
24602,no_incendio,-6.928184042805378,-76.77151382737259
24609,no_incendio,-6.929766621277843,-76.9486595645204
24616,no_incendio,-7.212746042883999,-76.23580517242253
24618,incendio,-6.9467,-76.6085
24621,incendio,-5.6786,-77.606
24623,incendio,-7.3774,-76.4874
24628,incendio,-8.3105,-76.6801
24629,incendio,-6.1609,-76.9575
24635,no_incendio,-6.758724816086575,-76.05879675132634
24641,no_incendio,-6.6966130629090745,-76.20140385770695
24642,no_incendio,-6.94690710912819,-75.63438003182783
24644,incendio,-5.4707,-76.6453
24651,incendio,-8.3638,-76.7455
24654,no_incendio,-7.233369543625463,-75.83176043083628
24663,no_incendio,-7.351997452668049,-75.86863921087647
24664,incendio,-7.1909,-76.0381
24667,incendio,-5.8929,-76.3352
24672,incendio,-6.7499,-76.6401
24673,incendio,-8.7924,-75.5233
24674,no_incendio,-5.356858559279738,-76.9184573866197
24675,incendio,-6.552,-76.2673
24676,no_incendio,-7.316542689651407,-77.09719219444501
24679,incendio,-5.8673,-76.5269
24681,incendio,-7.4185,-76.6103
24685,no_incendio,-6.594359651694001,-75.81359177197494
24687,incendio,-6.592,-76.0828
24694,no_incendio,-6.165061446367449,-75.9664591742673
24696,no_incendio,-5.682009801127555,-77.32557014599907
24698,incendio,-7.3676,-76.5895
24699,no_incendio,-5.501399945972402,-76.12442406721492
24701,incendio,-6.2914,-75.8486
24706,no_incendio,-5.563302307050842,-76.50751783358145
24707,no_incendio,-5.576377400601263,-76.00886183713747
24708,incendio,-7.4898,-76.4683
24716,no_incendio,-6.308143679517888,-75.54381617905881
24721,no_incendio,-5.752288568187965,-75.61867904444058
24723,no_incendio,-6.447996016247126,-77.41234607167007
24727,incendio,-6.1756,-75.8937
24737,no_incendio,-6.400338002031925,-76.1292712340201
24741,no_incendio,-6.156050459707027,-75.66218917207854
24742,no_incendio,-6.088150630105884,-77.05183868742043
24743,incendio,-7.2599,-76.836
24747,incendio,-8.6219,-76.3488
24751,no_incendio,-7.587620813063947,-76.03285942876866
24768,incendio,-6.008,-76.2032
24769,incendio,-6.9315,-76.5014
24773,incendio,-6.8242,-76.542
24775,incendio,-7.1118,-76.7047
24785,incendio,-7.4317,-76.7035
24789,incendio,-6.8526,-76.2132
24792,incendio,-6.7386,-76.6738
24805,incendio,-6.1036,-76.2302
24808,incendio,-7.2949,-76.9272
24809,incendio,-6.2178,-76.1696
24811,no_incendio,-7.233124705417647,-77.12066793132318
24822,incendio,-6.8414,-76.598
24823,no_incendio,-7.447641034854349,-75.90762090121981
24826,no_incendio,-6.328050055589178,-77.0850887708193
24840,incendio,-6.876,-76.6046
24847,no_incendio,-7.269040165613338,-76.9103123983766
24855,incendio,-5.8086,-77.098
24858,no_incendio,-7.192625795202753,-75.79931940133156
24861,no_incendio,-7.43096053916798,-75.91112977240851
24865,incendio,-7.6542,-76.8198
24874,no_incendio,-6.55551893099156,-75.68092534598561
24882,incendio,-7.1071,-76.3635
24883,incendio,-7.2884,-76.5806
24884,incendio,-6.4278,-76.5655
24902,no_incendio,-7.433029202252227,-75.6952599290436
24903,no_incendio,-5.317490731831781,-77.05291423448321
24909,no_incendio,-5.796164972487043,-76.72449599512143
24922,incendio,-6.6211,-76.3243
24925,incendio,-5.6908,-76.4121
24927,incendio,-7.2486,-76.3364
24930,incendio,-5.7321,-76.6394
24933,incendio,-7.2792,-76.7399
24939,no_incendio,-6.677016361068433,-76.35596462138518
24944,no_incendio,-5.815206419164588,-75.9840705047973
24946,no_incendio,-6.634686692730256,-75.5796876028018
24956,no_incendio,-7.537264707596327,-76.77993123452514
24963,no_incendio,-6.545046135469808,-77.4695217022142
24964,incendio,-6.3809,-76.4476
24984,incendio,-5.5042,-76.7577
24985,no_incendio,-6.342272331916268,-77.0355540401251
24986,incendio,-5.9721,-76.2336
24987,incendio,-8.2035,-76.6464
24990,no_incendio,-6.5791773780212175,-75.5208242841422
24995,incendio,-6.7141,-77.4183
24997,incendio,-5.5631,-76.5553
24999,incendio,-7.2997,-76.2757
25003,no_incendio,-6.607438503581988,-77.25629846979227
25004,incendio,-6.2979,-76.2177
25028,no_incendio,-7.3680402233360685,-75.9380390323052
25029,incendio,-7.0517,-76.5584
25031,no_incendio,-6.271617281791801,-76.2353167311132
25047,incendio,-5.8535,-76.0418
25049,incendio,-8.2444,-76.3026
25056,no_incendio,-5.7462072862910665,-75.82239791523867
25062,no_incendio,-7.52893790740652,-77.07253517227397
25070,incendio,-8.5455,-75.5113
25079,no_incendio,-6.446999968584335,-76.20534088443561
25084,incendio,-6.6056,-76.3927
25085,no_incendio,-5.966007765722613,-76.02339603474364
25090,incendio,-6.9872,-76.9377
25094,incendio,-7.3877,-76.5642
25096,no_incendio,-7.191225918716162,-75.54734215721196
25098,incendio,-6.9507,-76.8243
25100,incendio,-7.1405,-76.0452
25101,no_incendio,-7.3226422677593845,-76.0064093237638
25102,incendio,-6.8751,-76.6279
25105,incendio,-6.7738,-76.1102
25107,incendio,-6.5139,-76.7843
25110,incendio,-7.1489,-76.9827
25114,incendio,-5.7637,-77.3045
25116,no_incendio,-5.339033958369073,-76.08006911213882
25117,incendio,-8.5324,-76.4691
25122,incendio,-6.075,-76.0669
25123,incendio,-6.0013,-76.1247
25134,incendio,-7.6669,-76.5167
25140,incendio,-5.7468,-76.2618
25156,incendio,-5.4879,-76.5311
25165,no_incendio,-5.561294814825637,-75.74902836133377
25168,incendio,-5.8927,-76.334
25177,no_incendio,-6.677016361068433,-76.35596462138518
25178,incendio,-6.7922,-76.4775
25179,incendio,-8.5392,-76.4839
25180,incendio,-7.55,-76.4431
25183,incendio,-7.432,-76.5472
25186,incendio,-6.3032,-75.8458
25188,no_incendio,-6.154726709997222,-75.55076367684507
25193,incendio,-5.9027,-76.1129
25197,no_incendio,-7.381225768944467,-76.16930082038664
25198,incendio,-7.1642,-77.0782
25201,incendio,-6.9646,-76.7808
25207,incendio,-7.0357,-76.5793
25209,incendio,-5.6955,-75.8382
25212,incendio,-8.6322,-76.124
25215,incendio,-7.1004,-76.5092
25217,no_incendio,-5.382698663545955,-75.70884428974506
25221,incendio,-5.7497,-76.2682
25224,incendio,-7.18,-76.6695
25228,no_incendio,-6.806373584205248,-76.84212620311408
25234,incendio,-6.9581,-76.7595
25238,no_incendio,-7.346936014424016,-77.24612328998047
25244,incendio,-7.4341,-76.6562
25276,no_incendio,-5.976563784411299,-76.98024729252694
25280,incendio,-7.2124,-76.9674
25282,incendio,-6.9057,-76.367
25289,incendio,-6.9915,-76.6648
25313,no_incendio,-6.9821795229188215,-77.4814837765738
25315,incendio,-5.9825,-75.8488
25325,incendio,-6.3546,-76.6079
25326,no_incendio,-6.184018518963494,-76.64827203950954
25327,incendio,-7.9211,-75.5703
25331,incendio,-7.682,-76.8006
25335,incendio,-8.0283,-76.7128
25337,incendio,-8.4672,-77.4111
25341,no_incendio,-5.940833223348477,-76.76215332326328
25342,incendio,-6.1024,-75.6901
25343,incendio,-7.3428,-76.7186
25345,incendio,-7.1545,-76.2478
25346,no_incendio,-7.2373332017811665,-76.09425476964923
25349,no_incendio,-7.510787208532104,-75.93881161563174
25363,no_incendio,-7.322815935895123,-76.7836025186051
25367,incendio,-6.2321,-75.9139
25371,incendio,-8.7831,-76.7718
25373,no_incendio,-6.327343874329971,-76.29354784738233
25379,no_incendio,-6.547946119465311,-76.58716239935082
25381,incendio,-8.2995,-76.6348
25391,incendio,-6.7325,-76.7287
25397,no_incendio,-6.606517162327486,-77.4629258839616
25400,incendio,-5.8447,-77.1568
25405,no_incendio,-7.1291364623253095,-77.04904307212506
25406,incendio,-7.6103,-76.5349
25407,incendio,-8.0964,-76.4931
25408,no_incendio,-6.0889717541826,-76.72492959412638
25412,incendio,-5.9148,-76.4556
25415,incendio,-7.6216,-76.5344
25421,no_incendio,-6.234937456831474,-75.55136134306397
25428,incendio,-5.7119,-76.6566
25440,no_incendio,-6.7738595150234,-76.75356063625604
25447,incendio,-6.5446,-77.2602
25451,no_incendio,-6.45014471724059,-77.23785683491617
25464,no_incendio,-5.921387481016298,-75.640821414452
25470,no_incendio,-7.119124402863609,-77.37715689078294
25476,no_incendio,-7.261909044974304,-76.6515755533258
25484,incendio,-8.7474,-76.6254
25487,no_incendio,-6.114431837075887,-77.3791914454974
25499,incendio,-6.7962,-76.1814
25508,incendio,-6.2586,-75.8526
25514,incendio,-6.2285,-76.0757
25527,no_incendio,-6.1174086914739405,-75.65121133854548
25531,incendio,-5.87,-76.9284
25532,no_incendio,-6.296125170251722,-76.27573079441521
25538,no_incendio,-6.459421110313875,-76.2975020951517
25539,incendio,-7.1968,-76.321
25557,incendio,-6.7198,-77.4334
25564,no_incendio,-6.735984440425587,-77.00622820601815
25565,no_incendio,-5.360774716680023,-76.65130740948035
25567,no_incendio,-6.9256501234330665,-77.07157879837493
25570,no_incendio,-5.60263772570773,-75.78275132850642
25573,no_incendio,-5.802372431085104,-75.57878108958735
25579,incendio,-6.2074,-75.6812
25583,incendio,-6.073,-76.1366
25585,incendio,-7.6318,-76.3428
25591,incendio,-8.478,-76.3095
25600,no_incendio,-6.310252900156727,-75.63690302476967
25601,no_incendio,-7.564076009944549,-75.89157611790941
25608,incendio,-7.5447,-76.4442
25609,no_incendio,-7.53821724475927,-77.34792258266398
25611,incendio,-8.4546,-76.3626
25614,no_incendio,-7.278588939327885,-76.4943759510431
25626,no_incendio,-5.900117559948675,-75.56284439390626
25629,no_incendio,-7.333242178068196,-76.42984929938181
25630,no_incendio,-6.886318678721428,-75.69795842959347
25631,incendio,-7.3116,-76.5736
25632,incendio,-6.3836,-76.0752
25640,no_incendio,-5.343847653580683,-76.19643132056173
25645,incendio,-6.4041,-76.0643
25646,incendio,-7.5707,-76.4142
25653,incendio,-8.437,-76.3526
25655,incendio,-6.9573,-77.7779
25668,no_incendio,-5.67746740794027,-76.11677597680215
25689,incendio,-7.1594,-76.615
25691,no_incendio,-5.701666858501454,-75.71059369687181
25694,incendio,-7.0964,-76.4901
25696,incendio,-5.9051,-75.9278
25699,incendio,-7.3581,-76.0389
25708,no_incendio,-5.4484392138134945,-75.95921509359859
25709,incendio,-7.076,-77.6329
25710,incendio,-5.7043,-76.173
25716,no_incendio,-6.467906945467672,-76.60396630033286
25719,no_incendio,-5.852253396123982,-76.5690433745382
25720,no_incendio,-6.23470396402255,-76.94332145347941
25728,incendio,-7.0458,-76.1392
25738,no_incendio,-6.965586863586331,-77.4440785223658
25740,no_incendio,-6.965586863586331,-77.4440785223658
25742,incendio,-8.5131,-76.4192
25748,no_incendio,-6.6675087326032685,-77.42602403570756
25749,no_incendio,-7.038481344593258,-77.380855509791
25757,no_incendio,-5.97958938141772,-75.97696588702247
25759,no_incendio,-7.4286037527901305,-75.69674631092113
25768,incendio,-5.894,-76.3827
25769,no_incendio,-7.396293728832261,-76.90325278525978
25770,incendio,-6.9559,-76.1529
25774,incendio,-7.5068,-76.5984
25775,no_incendio,-5.592011294671137,-75.99975689195666
25778,no_incendio,-5.501045309864604,-77.33293151035834
25784,incendio,-6.5772,-76.1691
25789,no_incendio,-5.348479960720765,-76.73008143184053
25799,no_incendio,-5.304618892030704,-75.54825226766168
25801,incendio,-7.178,-76.4662
25812,no_incendio,-5.339033958369073,-76.08006911213882
25822,incendio,-7.0854,-76.8468
25824,incendio,-7.0933,-76.918
25829,incendio,-6.4768,-76.8765
25830,incendio,-6.2656,-75.9172
25833,incendio,-5.7854,-76.2676
25839,incendio,-7.3382,-76.2852
25841,incendio,-8.4243,-77.4863
25842,no_incendio,-6.324514222860181,-76.89947276475436
25843,incendio,-7.5451,-76.722
25852,incendio,-6.3965,-76.0049
25854,incendio,-6.4037,-75.7028
25859,no_incendio,-7.324122621539671,-77.54410654355205
25862,no_incendio,-7.43096053916798,-75.91112977240851
25872,incendio,-6.9867,-76.4309
25874,incendio,-5.6685,-76.6354
25879,incendio,-7.3762,-76.5537
25883,no_incendio,-6.4548358961700885,-76.10226827896288
25892,no_incendio,-6.899424280300874,-76.07403591805503
25898,no_incendio,-7.459517004149713,-75.65348895495933
25899,incendio,-6.4212,-76.8886
25905,incendio,-5.3189,-76.4548
25910,no_incendio,-7.3239429065406565,-75.71625724817507
25917,incendio,-5.9724,-76.1247
25918,no_incendio,-7.194942571615302,-76.85474676634065
25922,incendio,-8.6573,-76.3889
25925,incendio,-7.4628,-76.2813
25926,incendio,-6.9299,-76.2133
25931,incendio,-5.9896,-75.9122
25935,incendio,-8.6734,-76.3276
25946,no_incendio,-5.763649060823176,-76.26292282199367
25953,incendio,-5.6929,-76.666
25955,no_incendio,-5.676274225134516,-77.28318396900629
25957,incendio,-7.0409,-76.4411
25964,incendio,-8.5522,-76.1441
25970,incendio,-6.9291,-76.5183
25971,no_incendio,-5.304618892030704,-75.54825226766168
25974,incendio,-7.4754,-76.5853
25983,no_incendio,-5.69836641593065,-75.72287872908569
25986,no_incendio,-5.933819847140226,-76.39063203845332
25988,no_incendio,-7.5699592193140015,-75.58526155924636
25989,incendio,-5.7026,-76.1668
25991,incendio,-6.2492,-76.2129
25993,no_incendio,-6.672836316039594,-77.21035813191263
25995,no_incendio,-5.304618892030704,-75.54825226766168
25996,no_incendio,-6.558646082464617,-76.16096804971144
25997,incendio,-6.1116,-76.3074
25998,no_incendio,-6.550462961960492,-75.75305667586812
26006,no_incendio,-7.216614993286788,-77.03461698814449
26007,incendio,-6.0263,-76.139
26011,incendio,-6.9474,-76.2833
26018,incendio,-5.9714,-75.9032
26021,incendio,-8.2654,-76.4852
26026,incendio,-5.4846,-76.5345
26028,no_incendio,-5.498957925752801,-76.23819839749541
26030,incendio,-6.4591,-76.4515
26031,no_incendio,-7.4582565567314925,-76.8374558308584
26033,incendio,-6.7021,-76.4141
26046,incendio,-7.0215,-76.2832
26049,no_incendio,-7.547362899320046,-75.73565468655677
26054,no_incendio,-6.050469228584658,-76.73736427886188
26067,incendio,-7.3083,-75.5939
26074,no_incendio,-6.963743688695052,-77.15890290229473
26075,no_incendio,-5.658384235826694,-76.44208065955317
26077,no_incendio,-5.690666241525762,-76.5831246635922
26086,no_incendio,-6.48340164417584,-76.67965578486029
26090,incendio,-7.957,-77.4616
26091,no_incendio,-7.308376267427788,-75.72020744008876
26097,no_incendio,-5.3750389583532385,-76.27737605989306
26099,no_incendio,-7.125442800649086,-77.06151312787605
26100,incendio,-6.1508,-75.971
26104,incendio,-7.3443,-76.5537
26108,incendio,-7.3196,-76.9328
26109,incendio,-6.3316,-75.8724
26113,no_incendio,-6.818883045664746,-77.17747642270048
26115,incendio,-7.095,-76.2977
26117,no_incendio,-6.568678711242536,-76.46161690496696
26121,incendio,-8.0742,-76.6375
26131,incendio,-6.3417,-76.0444
26141,incendio,-8.2175,-76.9833
26147,incendio,-8.6241,-76.111
26152,no_incendio,-5.605657953237715,-77.33944421680316
26154,no_incendio,-5.9787702159042375,-76.39270327711898
26155,incendio,-8.3378,-76.2766
26156,no_incendio,-6.586264053943194,-75.6879198104013
26166,incendio,-8.373,-76.4272
26167,no_incendio,-5.504827246357519,-77.16574913944
26182,incendio,-5.9465,-76.2799
26211,incendio,-7.3258,-76.3705
26212,no_incendio,-7.231319010056117,-76.25282835259368
26219,incendio,-6.8299,-76.1522
26221,incendio,-7.7212,-76.5023
26226,no_incendio,-6.199800156726071,-75.87903812084684
26231,no_incendio,-6.420856851462068,-76.77933512635609
26239,no_incendio,-7.086048466965619,-75.60482526516276
26243,no_incendio,-5.783942671800878,-75.80670959767819
26247,no_incendio,-6.825822993237503,-77.04144362527458
26248,incendio,-8.3262,-76.4098
26250,no_incendio,-5.402348170521421,-77.02463779239379
26251,incendio,-5.3498,-76.533
26253,no_incendio,-7.205543641449294,-77.21195261449198
26255,incendio,-5.887,-76.3984
26257,incendio,-8.5822,-76.5617
26266,incendio,-6.03,-77.564
26267,incendio,-8.1524,-77.1141
26288,incendio,-8.5872,-76.2589
26297,incendio,-6.6203,-76.7015
26304,incendio,-6.5638,-76.1372
26309,incendio,-8.6098,-76.6276
26310,no_incendio,-6.2062844027818835,-77.2816967062703
26314,incendio,-6.4995,-76.3777
26318,incendio,-5.732,-76.1916
26321,incendio,-7.3663,-76.9018
26326,incendio,-6.9381,-76.5823
26327,incendio,-7.5753,-76.7898
26330,incendio,-7.1712,-76.6617
26337,incendio,-7.216,-76.2768
26339,no_incendio,-5.991944937539925,-75.60778625331145
26341,no_incendio,-6.231532660134269,-77.43051392350198
26343,no_incendio,-6.253426709313807,-77.08659131097349
26345,no_incendio,-7.1816270512499,-75.96620433389496
26350,incendio,-6.4673,-77.4251
26357,no_incendio,-6.038741337094879,-76.35768470937417
26367,incendio,-7.3591,-76.6613
26380,incendio,-6.9174,-76.8763
26388,incendio,-6.25,-75.952
26390,no_incendio,-6.758724816086575,-76.05879675132634
26392,no_incendio,-6.581835148874593,-77.10480197876178
26396,incendio,-6.3265,-75.9394
26397,no_incendio,-5.3149529866292395,-75.54616509202799
26399,incendio,-5.6611,-76.4956
26401,incendio,-7.6574,-76.4834
26404,no_incendio,-5.508118125742636,-76.08158705053927
26405,incendio,-7.5044,-76.4569
26412,no_incendio,-7.468966943240149,-76.0987072289364
26415,no_incendio,-6.486581240227174,-76.15835402098138
26419,incendio,-6.2097,-76.3444
26428,incendio,-7.0073,-76.8679
26433,incendio,-5.7463,-76.2492
26435,no_incendio,-5.3689055308415,-76.62344622964636
26436,no_incendio,-5.670265351646696,-76.15936780244608
26437,no_incendio,-5.733857068651538,-76.80904901377532
26438,incendio,-7.3393,-76.9715
26450,no_incendio,-6.979813600777688,-77.48470455898823
26453,incendio,-5.7587,-76.1741
26459,incendio,-7.296,-76.8122
26464,incendio,-6.766,-76.5029
26468,no_incendio,-7.161262686753078,-75.93223007605604
26476,no_incendio,-5.902840695958739,-77.46595018427229
26480,incendio,-7.5583,-76.7819
26485,incendio,-7.2626,-77.0524
26492,no_incendio,-5.532392079747417,-76.92136640270547
26498,no_incendio,-6.987442347939161,-77.51096806537585
26500,no_incendio,-5.31562173519542,-75.64368786803017
26512,no_incendio,-6.249559347527708,-77.38514191347497
26517,incendio,-6.0392,-76.162
26523,incendio,-5.3311,-76.642
26524,no_incendio,-6.702659611656615,-77.00358407805038
26537,incendio,-5.6945,-77.4255
26542,incendio,-7.3653,-76.4439
26546,no_incendio,-6.4551795764442375,-76.19574642473289
26553,incendio,-6.6741,-76.3003
26555,no_incendio,-6.6832264067033,-77.40030797685029
26566,no_incendio,-5.403821247036303,-76.32388095777216
26583,incendio,-7.4296,-76.596
26587,no_incendio,-5.339988911138568,-75.94604419335825
26592,no_incendio,-6.914205717609276,-76.21644962030662
26597,no_incendio,-5.902847721330155,-77.17634156149673
26598,incendio,-6.4106,-75.8113
26604,no_incendio,-6.9213010558098045,-76.33886424086654
26615,incendio,-7.8044,-76.6968
26616,incendio,-7.342,-76.8917
26617,incendio,-8.1702,-76.591
26623,no_incendio,-6.342272331916268,-77.0355540401251
26627,incendio,-6.5911,-76.1188
26629,no_incendio,-5.655403371061297,-77.22066038141541
26630,incendio,-5.3229,-76.5149
26646,incendio,-6.6696,-76.5131
26650,incendio,-7.2338,-76.454
26654,incendio,-7.4949,-76.5031
26656,incendio,-7.1653,-77.6169
26671,no_incendio,-6.295102509635013,-77.52506617532497
26676,no_incendio,-7.30848813253614,-75.71138002186875
26689,incendio,-7.2404,-76.8625
26694,incendio,-7.1982,-76.5134
26698,incendio,-7.6434,-77.7824
26700,no_incendio,-7.278446400857449,-77.33703515392486
26708,no_incendio,-5.6492373233613264,-76.13173612706044
26713,incendio,-7.5874,-76.6462
26719,incendio,-6.2291,-75.843
26724,no_incendio,-5.739591127784566,-75.99955564974134
26730,no_incendio,-6.375064281525175,-76.76531716856294
26732,no_incendio,-5.561988258344413,-76.88991934204635
26735,incendio,-6.6244,-76.1482
26738,incendio,-8.0868,-77.6601
26739,no_incendio,-5.936247863486473,-77.30432777805068
26740,no_incendio,-5.889428519671102,-75.83985217439051
26741,no_incendio,-7.489751819531982,-75.96573533227652
26750,incendio,-6.9911,-76.1499
26765,incendio,-5.9573,-77.0385
26773,no_incendio,-6.368662376296837,-77.03036089290791
26786,incendio,-7.0884,-76.2083
26802,no_incendio,-6.6308882191110055,-76.3915553322726
26807,no_incendio,-6.590453070259288,-76.04913179233263
26809,incendio,-6.218,-76.8072
26821,no_incendio,-7.170373075763204,-77.40179462648253
26825,incendio,-8.6938,-76.1636
26826,incendio,-7.779,-76.7312
26829,incendio,-7.397,-76.7397
26835,incendio,-5.7572,-76.1984
26841,incendio,-7.0705,-77.0617
26852,incendio,-7.0339,-76.7692
26857,incendio,-7.3786,-76.8436
26859,no_incendio,-7.428960143280297,-76.20768184148152
26873,no_incendio,-5.411652077381302,-77.27749728778487
26880,incendio,-7.6682,-76.5505
26882,no_incendio,-7.233124705417647,-77.12066793132318
26891,incendio,-5.7781,-77.4804
26897,no_incendio,-6.715205623153173,-76.11809578650696
26905,incendio,-7.1552,-76.1933
26909,no_incendio,-6.250766771982882,-76.67346707047133
26913,incendio,-5.6602,-76.5157
26919,no_incendio,-7.3045123106112335,-75.99723406684437
26920,no_incendio,-7.063019746501072,-77.52481749302208
26921,no_incendio,-5.432481694931332,-76.47528675292433
26924,no_incendio,-7.516228282019169,-75.89484036620722
26927,incendio,-8.5185,-76.5437
26933,incendio,-6.7145,-76.7341
26940,incendio,-7.3299,-76.964
26945,no_incendio,-6.929511458644296,-75.83962565372784
26950,no_incendio,-6.4800299159294745,-75.86986955910662
26956,no_incendio,-5.469135651128677,-76.66584024328755
26957,no_incendio,-7.414688922024766,-76.2476866383002
26961,incendio,-6.8122,-76.7745
26966,incendio,-6.0549,-76.3927
26968,incendio,-5.8023,-77.0822
26987,no_incendio,-6.258662070362653,-76.50630572261905
26988,no_incendio,-5.393627530051222,-76.7881303458327
26989,no_incendio,-7.18387555277713,-76.55534207208011
27001,incendio,-8.704,-76.8424
27005,incendio,-6.7404,-76.5809
27007,no_incendio,-6.136911310096428,-77.0902535793698
27010,incendio,-7.6516,-76.4874
27012,no_incendio,-6.418496907062319,-75.56505083254436
27018,incendio,-7.6864,-77.5231
27021,no_incendio,-5.49005851410074,-77.39191865885853
27028,incendio,-6.0025,-76.1262
27030,no_incendio,-5.559553740329016,-76.98206356543957
27036,no_incendio,-7.53821724475927,-77.34792258266398
27043,no_incendio,-6.775595026700855,-77.38152365692504
27052,incendio,-7.9206,-75.5758
27055,no_incendio,-6.733687512476174,-75.74855689788478
27057,no_incendio,-5.504827246357519,-77.16574913944
27058,incendio,-7.5686,-76.513
27063,incendio,-8.2128,-77.7032
27064,incendio,-6.2626,-76.1675
27066,incendio,-5.8378,-75.9229
27067,incendio,-8.5053,-76.4503
27075,no_incendio,-5.928392145710498,-76.5403998802667
27077,incendio,-5.7941,-76.3743
27085,incendio,-7.2123,-76.8528
27113,incendio,-6.2712,-75.9177
27118,no_incendio,-6.452984723571151,-76.97534564539009
27122,incendio,-6.4863,-76.8297
27125,incendio,-7.0389,-76.6525
27131,no_incendio,-7.390169812745361,-75.85173982819381
27134,incendio,-5.594,-76.556
27141,no_incendio,-6.459421110313875,-76.2975020951517
27142,no_incendio,-6.905350281771543,-75.85773993313076
27143,incendio,-6.2109,-76.7372
27171,incendio,-8.6182,-76.5943
27178,incendio,-7.1011,-76.7457
27180,incendio,-7.1609,-76.3391
27185,no_incendio,-5.394785578322833,-77.00358788486766
27191,no_incendio,-5.472748128836409,-77.20935781294484
27192,incendio,-7.3297,-76.9134
27193,no_incendio,-5.9069362811274955,-76.90796880037888
27195,no_incendio,-5.498957925752801,-76.23819839749541
27201,incendio,-6.7893,-76.9328
27205,incendio,-7.2362,-77.0593
27207,no_incendio,-6.352348321356028,-75.59610164326816
27214,no_incendio,-5.712666897985722,-76.23826320211337
27216,no_incendio,-7.442941681589652,-76.91434045843735
27218,incendio,-7.3242,-76.7492
27222,no_incendio,-7.081431158638572,-76.84157131930168
27223,no_incendio,-5.68462514388274,-76.77383589546262
27225,incendio,-6.9211,-76.8839
27227,no_incendio,-5.990542250974831,-75.6694532466171
27241,incendio,-6.7106,-76.6916
27258,incendio,-7.0164,-76.6427
27261,incendio,-6.97,-76.7698
27270,no_incendio,-6.370648236891197,-76.34077418345667
27271,no_incendio,-5.62794321017974,-76.97851232659868
27279,incendio,-6.5348,-75.6913
27283,no_incendio,-5.998881730764309,-77.1385121318961
27300,incendio,-6.7743,-76.4244
27302,incendio,-8.4142,-76.3229
27304,incendio,-5.9967,-77.3676
27307,no_incendio,-6.119596318397669,-75.7668351630271
27313,no_incendio,-7.389808722529589,-77.07301560245696
27315,incendio,-6.5015,-77.0739
27316,no_incendio,-7.201796098982287,-75.59066106327278
27320,incendio,-8.623,-76.3066
27322,no_incendio,-5.943086820538844,-77.20310189012812
27332,incendio,-7.3092,-76.9106
27339,incendio,-5.6774,-77.5167
27346,no_incendio,-6.741427767846081,-75.52300413513564
27352,incendio,-7.4733,-77.6366
27353,incendio,-8.3064,-76.541
27361,no_incendio,-5.541112522183527,-75.99676308138659
27366,no_incendio,-7.017817860779479,-76.95461934375838
27367,no_incendio,-7.036643028375762,-75.60012732289076
27371,no_incendio,-6.7911860867707,-76.3184609362465
27374,no_incendio,-7.12053033714668,-76.21891493903652
27377,incendio,-5.8584,-75.9106
27385,no_incendio,-6.395505819847665,-76.99761432969862
27387,incendio,-6.5498,-77.2245
27388,incendio,-5.7277,-76.1834
27404,incendio,-7.2608,-76.6012
27405,incendio,-5.9047,-76.4299
27408,incendio,-6.6662,-75.5967
27412,incendio,-5.8988,-76.2383
27419,no_incendio,-6.66782718852246,-77.11974959426693
27427,no_incendio,-6.726381012789614,-77.29263321460805
27430,no_incendio,-5.6909060907931215,-77.03642215530066
27432,no_incendio,-6.987442347939161,-77.51096806537585
27433,no_incendio,-5.619318348217799,-76.76258506679603
27441,incendio,-5.8478,-76.2391
27443,no_incendio,-6.595830198454336,-76.87085544617783
27457,no_incendio,-6.493728884519305,-75.95080124431671
27460,no_incendio,-6.36044395346056,-75.72277954497737
27470,incendio,-7.0315,-76.125
27476,incendio,-5.6187,-76.6812
27479,no_incendio,-6.227801736418022,-76.3562846673644
27480,no_incendio,-7.396293728832261,-76.90325278525978
27482,incendio,-6.4166,-76.4653
27490,incendio,-5.8636,-77.2713
27492,no_incendio,-7.5120911115649465,-76.43294446778411
27495,no_incendio,-6.929539925837722,-76.05337955826667
27496,no_incendio,-7.070198196068285,-76.36379595586068
27503,incendio,-6.8301,-76.4947
27506,no_incendio,-6.125949661803806,-77.27004912325427
27511,no_incendio,-6.189900798297541,-77.11922448268243
27512,incendio,-6.9445,-76.8478
27516,incendio,-7.0037,-76.4562
27517,no_incendio,-6.5080063012359775,-75.67913673399867
27519,no_incendio,-6.3431574963922905,-76.8897013975212
27521,no_incendio,-7.378012032391012,-77.45917085361808
27525,incendio,-6.3404,-76.5498
27526,no_incendio,-6.5340207470218745,-75.73082220173393
27531,incendio,-7.1807,-77.0639
27538,incendio,-5.7537,-77.0925
27545,incendio,-8.3336,-76.6595
27546,no_incendio,-5.807568980791382,-75.59957931060934
27549,no_incendio,-6.56383921503927,-77.29970461755646
27551,incendio,-5.7159,-76.2207
27556,no_incendio,-7.205543641449294,-77.21195261449198
27557,incendio,-7.0879,-77.7337
27559,incendio,-7.5923,-76.7931
27564,incendio,-6.9906,-76.574
27574,incendio,-7.0977,-76.233
27583,no_incendio,-5.3838831063176515,-76.49104845789617
27585,incendio,-6.9378,-76.243
27586,incendio,-6.932,-76.4979
27591,incendio,-7.5083,-76.5322
27592,no_incendio,-5.902840695958739,-77.46595018427229
27596,incendio,-8.6563,-76.3286
27605,incendio,-7.3435,-76.5567
27610,no_incendio,-6.110977096163155,-77.0520623179512
27612,no_incendio,-6.950453264096688,-75.59880859567114
27615,incendio,-7.5762,-76.1837
27621,no_incendio,-6.234222668201542,-76.20280713881237
27624,incendio,-7.5792,-76.4769
27628,no_incendio,-5.739591127784566,-75.99955564974134
27631,no_incendio,-5.942412033073392,-76.99723759620795
27643,no_incendio,-7.257184386198285,-77.16794482130089
27644,incendio,-6.1842,-75.8789
27645,no_incendio,-6.391692174987462,-77.10791126635735
27653,no_incendio,-5.8568748352763045,-75.92620225226696
27654,no_incendio,-6.320061417206358,-76.82643295462363
27665,incendio,-7.1193,-76.3762
27666,no_incendio,-6.806373584205248,-76.84212620311408
27677,incendio,-7.0481,-76.2079
27682,no_incendio,-6.090705105654209,-75.76196358722034
27689,incendio,-7.1297,-77.101
27691,incendio,-7.3651,-76.4149
27694,incendio,-5.8656,-77.0675
27697,incendio,-6.9094,-77.7171
27702,incendio,-7.5584,-76.5357
27705,incendio,-6.997,-76.6392
27716,incendio,-8.773,-76.1069
27722,no_incendio,-6.135395550199937,-77.01659159261982
27728,incendio,-6.8216,-76.7239
27735,no_incendio,-7.095024308236621,-76.98915064415999
27736,no_incendio,-7.119124402863609,-77.37715689078294
27741,no_incendio,-6.24016797795497,-75.64844512243143
27743,incendio,-8.5049,-76.3925
27744,no_incendio,-6.949882284574706,-75.68273295602192
27747,incendio,-8.4521,-76.2146
27748,no_incendio,-6.125949661803806,-77.27004912325427
27777,no_incendio,-6.049219022458795,-76.2803636866073
27781,incendio,-5.742,-77.2761
27793,incendio,-7.3722,-76.5974
27796,incendio,-7.9351,-77.479
27804,incendio,-6.2989,-75.9153
27805,incendio,-6.2275,-76.1052
27808,incendio,-8.5341,-76.4095
27814,incendio,-7.1246,-76.3462
27818,incendio,-6.6813,-76.682
27819,no_incendio,-6.555810705714814,-75.58765246403257
27820,incendio,-7.3736,-76.5368
27823,incendio,-6.1798,-76.9698
27828,incendio,-6.5076,-76.8017
27836,incendio,-7.3183,-76.2534
27840,incendio,-6.327,-75.875
27848,no_incendio,-7.510954821403472,-75.50873794050783
27852,incendio,-7.7035,-76.4798
27855,no_incendio,-7.428960143280297,-76.20768184148152
27856,incendio,-5.7436,-76.441
27860,incendio,-6.4285,-75.7144
27861,no_incendio,-5.706911774664528,-77.15797296628834
27864,no_incendio,-5.530786000980501,-76.91418709127078
27871,incendio,-5.9116,-75.899
27873,incendio,-6.9182,-76.1434
27875,no_incendio,-6.525952464139444,-76.13787075319888
27877,incendio,-6.9261,-76.5132
27880,incendio,-7.3054,-76.4575
27882,incendio,-5.9678,-77.6469
27894,incendio,-5.3668,-76.738
27900,no_incendio,-7.230008103453095,-76.43726823574747
27911,no_incendio,-6.012390103585068,-77.46665184846529
27912,incendio,-7.3765,-76.6974
27915,incendio,-8.7145,-76.2847
27917,no_incendio,-6.5564240987934905,-76.79797957202473
27920,incendio,-7.0678,-76.9598
27931,no_incendio,-5.8115954954872135,-76.36754698151917
27934,incendio,-7.2787,-76.8115
27935,incendio,-5.872,-76.5747
27944,incendio,-8.5861,-76.3235
27961,incendio,-7.8851,-76.7525
27966,no_incendio,-5.563302307050842,-76.50751783358145
27967,incendio,-5.7356,-76.2941
27970,incendio,-8.7698,-76.1059
27973,incendio,-7.3196,-76.05
27985,incendio,-8.6921,-76.1124
27993,incendio,-6.7307,-76.3854
27994,no_incendio,-6.937667134670242,-75.79567614590403
27999,incendio,-5.7725,-76.2813
28001,incendio,-6.8397,-76.4279
28015,no_incendio,-6.693645231607011,-77.00083886723358
28016,incendio,-5.9351,-76.4489
28018,no_incendio,-6.691674214621824,-77.20756079690301
28024,no_incendio,-5.899739172279481,-75.62561076754551
28030,no_incendio,-6.559793328628168,-75.94281873717337
28033,no_incendio,-7.128591277381194,-76.12302141097119
28034,incendio,-7.0081,-76.865
28037,incendio,-6.0315,-75.9937
28042,no_incendio,-7.082226882888392,-75.74798202243628
28043,no_incendio,-5.559447141003816,-77.53240429845073
28053,incendio,-7.0251,-76.8421
28054,incendio,-6.9395,-76.2335
28064,no_incendio,-6.1476999130544865,-77.34007485362595
28068,incendio,-7.2835,-76.3159
28073,incendio,-6.7596,-76.6372
28074,no_incendio,-5.49005851410074,-77.39191865885853
28082,no_incendio,-6.696116083768962,-76.75572773731696
28084,incendio,-7.573,-76.4118
28088,incendio,-7.3482,-76.9477
28103,incendio,-6.6895,-76.7517
28104,no_incendio,-7.353974209500567,-76.635407884227
28107,incendio,-5.7872,-76.5612
28112,no_incendio,-5.747289104744423,-76.88274608576704
28114,incendio,-7.3138,-76.7336
28115,incendio,-8.1456,-76.6829
28122,incendio,-7.0356,-76.1444
28126,no_incendio,-7.179164728014299,-77.26673458504925
28139,no_incendio,-7.251053016973333,-77.43482372064443
28143,incendio,-6.8423,-76.6556
28145,incendio,-7.2503,-76.251
28146,incendio,-7.3014,-76.3757
28147,incendio,-7.3161,-76.4004
28152,incendio,-5.8807,-75.9498
28170,no_incendio,-6.677016361068433,-76.35596462138518
28187,no_incendio,-6.082418461874669,-76.27878687106944
28194,no_incendio,-6.695277689736439,-77.08154414600035
28202,no_incendio,-6.370500555903968,-77.21187079190732
28205,incendio,-6.9278,-76.6359
28215,no_incendio,-5.41267692948794,-75.94332607139869
28216,incendio,-7.8447,-76.6777
28224,incendio,-7.3194,-76.7077
28227,incendio,-5.6905,-76.5967
28250,no_incendio,-6.272889262540646,-77.34340996973071
28262,no_incendio,-6.696114207645428,-77.01139322381492
28275,incendio,-7.5949,-76.8214
28276,incendio,-8.7092,-76.7362
28280,incendio,-7.4388,-76.6577
28281,incendio,-6.0506,-76.4146
28286,no_incendio,-6.434453669791493,-76.35359643649942
28295,incendio,-6.3885,-76.0774
28296,no_incendio,-6.1574013412773905,-75.50582251676065
28299,no_incendio,-6.001439366513391,-76.98820534580602
28303,no_incendio,-7.18387555277713,-76.55534207208011
28310,no_incendio,-6.564880133008887,-76.55893266226474
28318,no_incendio,-6.2190640726250495,-76.93105958473025
28329,incendio,-6.0876,-76.2943
28334,no_incendio,-5.582283481453623,-75.95562633397932
28336,no_incendio,-6.6046403916429695,-76.28478273774354
28337,incendio,-8.4035,-76.3326
28342,incendio,-5.8317,-76.2361
28343,incendio,-8.6228,-76.5783
28344,incendio,-7.5679,-76.2235
28348,incendio,-7.263,-76.4757
28352,no_incendio,-7.228019173352536,-75.83265543127759
28362,no_incendio,-5.906320557671209,-76.16456069117528
28381,no_incendio,-7.108956430874631,-75.5028524515191
28389,incendio,-6.8627,-76.6186
28390,incendio,-7.4743,-76.49
28391,incendio,-7.1723,-76.0948
28394,no_incendio,-5.8166617894952815,-76.28161854109814
28404,incendio,-8.2651,-76.6038
28406,incendio,-7.3947,-76.5336
28413,incendio,-8.2888,-76.4088
28415,no_incendio,-5.411652077381302,-77.27749728778487
28416,no_incendio,-7.126628531945264,-77.1694503862003
28417,incendio,-7.5718,-76.4262
28422,no_incendio,-6.763948396418463,-75.5008846760666
28425,incendio,-6.9903,-76.9064
28427,no_incendio,-5.5629279584591815,-75.58676722265717
28428,incendio,-6.9258,-76.6433
28429,no_incendio,-5.692068833993068,-76.92243000249631
28430,incendio,-7.1689,-76.023
28434,no_incendio,-7.061403957049695,-76.62981524420255
28439,incendio,-6.0957,-76.2864
28443,no_incendio,-6.573895472470259,-76.90325456502508
28452,no_incendio,-7.140032609231243,-75.65901239539657
28455,incendio,-7.2009,-76.2633
28461,incendio,-7.3451,-76.7353
28462,incendio,-7.2833,-76.6925
28463,incendio,-6.1662,-77.4848
28469,no_incendio,-6.963743688695052,-77.15890290229473
28479,incendio,-6.5929,-76.6663
28480,no_incendio,-6.396864121936975,-76.4851873457876
28481,incendio,-6.4614,-76.6608
28485,no_incendio,-6.7738595150234,-76.75356063625604
28495,incendio,-7.154,-76.4979
28497,incendio,-8.3752,-76.3932
28504,incendio,-8.4653,-76.916
28505,incendio,-7.9946,-75.5642
28507,incendio,-7.4041,-76.649
28512,no_incendio,-6.892866951927303,-75.87172300219687
28514,incendio,-8.4533,-76.4021
28516,incendio,-8.5537,-76.3144
28525,no_incendio,-5.369370124540203,-77.53041632467286
28532,no_incendio,-6.940699761996049,-76.26181884160466
28539,no_incendio,-5.652384048618223,-75.53477074714212
28540,no_incendio,-5.706911774664528,-77.15797296628834
28542,no_incendio,-5.472748128836409,-77.20935781294484
28559,incendio,-7.428,-76.471
28560,incendio,-6.6663,-76.6061
28567,no_incendio,-5.453647317604843,-76.59202254288773
28571,no_incendio,-6.38076556073537,-76.97858606969272
28576,no_incendio,-6.3402826742912515,-75.67543757743714
28600,no_incendio,-7.20916394163281,-76.74882653338932
28605,no_incendio,-5.573600216354325,-77.29583969487783
28610,incendio,-7.2582,-76.6395
28612,no_incendio,-7.562840840503951,-75.66286053205432
28613,no_incendio,-5.487710562433828,-76.3714568595569
28618,no_incendio,-6.371807438398121,-75.97041325819922
28625,no_incendio,-5.932677032359028,-76.67039982026421
28631,incendio,-7.1146,-76.393
28642,no_incendio,-6.156444886914189,-76.11831601972577
28645,no_incendio,-6.271888529403575,-75.79765684657775
28660,incendio,-6.0805,-76.3371
28667,no_incendio,-5.8166617894952815,-76.28161854109814
28684,no_incendio,-5.317490731831781,-77.05291423448321
28690,no_incendio,-5.695046426207607,-76.82428560854454
28691,no_incendio,-6.208571378644004,-77.08847372883292
28698,incendio,-7.0419,-76.8781
28714,no_incendio,-7.2237762907302,-75.57516855360699
28728,incendio,-6.0517,-76.3259
28736,incendio,-6.9977,-76.8496
28738,no_incendio,-5.791181789509089,-77.46024775242152
28739,no_incendio,-5.561294814825637,-75.74902836133377
28742,no_incendio,-6.044769424983038,-75.50599138370771
28743,no_incendio,-6.22948269148436,-77.46060172999928
28744,no_incendio,-5.3838831063176515,-76.49104845789617
28751,incendio,-7.4361,-76.6286
28755,no_incendio,-6.156942123129494,-76.92567844755888
28756,no_incendio,-5.603013181516009,-76.25847933744605
28757,no_incendio,-5.4560539889311706,-76.17543571338655
28761,incendio,-6.9393,-76.6194
28762,incendio,-5.59,-76.6625
28774,no_incendio,-5.3928610006268665,-76.95098681919762
28776,incendio,-6.1202,-75.983
28777,incendio,-7.2924,-76.6328
28778,incendio,-6.98,-76.545
28785,no_incendio,-7.156566202951519,-76.39767455117727
28795,no_incendio,-5.8084744858353705,-77.25537544416976
28799,incendio,-6.7906,-76.9424
28802,no_incendio,-6.8707527834716435,-77.1546220579287
28803,incendio,-6.8701,-76.6214
28805,incendio,-5.7148,-76.1962
28825,no_incendio,-5.3130357942785436,-76.58858316456917
28827,incendio,-8.517,-76.4907
28832,incendio,-6.2488,-75.8082
28834,incendio,-6.5889,-76.7662
28835,no_incendio,-7.126729071613174,-77.02628949920283
28845,incendio,-6.5424,-77.2655
28846,no_incendio,-7.000185157265019,-76.24279253564121
28858,incendio,-5.4546,-76.8256
28861,no_incendio,-5.544976635100384,-76.33130727413504
28862,incendio,-5.7064,-75.9076
28865,incendio,-7.3879,-76.856
28868,incendio,-6.9699,-76.6085
28869,incendio,-6.9748,-76.8063
28870,no_incendio,-6.091674894114575,-77.31779067927825
28872,no_incendio,-7.49572574357337,-75.97213125228711
28874,no_incendio,-7.106983766497296,-76.41530269638099
28877,no_incendio,-5.561988258344413,-76.88991934204635
28878,incendio,-6.966,-76.5484
28886,incendio,-5.7175,-76.2208
28896,no_incendio,-5.618910457397299,-76.39046295133087
28897,no_incendio,-5.618133364002661,-76.2191295091602
28900,no_incendio,-5.382192721085108,-75.80513455395052
28904,no_incendio,-5.326931537697329,-77.25175106818679
28908,no_incendio,-6.462614163555006,-75.61289892495
28910,incendio,-6.2899,-75.8368
28918,incendio,-8.0697,-76.6371
28942,no_incendio,-7.191225918716162,-75.54734215721196
28946,no_incendio,-6.298521477567302,-76.20182358446478
28947,no_incendio,-6.518152554514016,-75.5195810155841
28951,incendio,-6.4473,-75.8735
28954,incendio,-7.7471,-76.7051
28957,incendio,-6.5357,-76.763
28975,no_incendio,-5.329337229365641,-77.4752371215785
28982,no_incendio,-7.442941681589652,-76.91434045843735
28983,no_incendio,-7.589730303914846,-76.05435857716274
28989,incendio,-5.8049,-77.0802
28991,no_incendio,-5.84380402008071,-75.92947605096468
28995,incendio,-6.7395,-76.5929
28996,no_incendio,-6.536547874138972,-77.31298293788737
28998,incendio,-7.1134,-76.3815
29003,no_incendio,-5.569659951211905,-77.11401128748476
29005,no_incendio,-5.7870347665351245,-76.83855785035811
29006,incendio,-6.8453,-76.8964
29017,no_incendio,-7.079367268286084,-75.74962590729507
29019,incendio,-6.6459,-75.6777
29024,incendio,-7.2917,-76.9336
29031,no_incendio,-5.743346331540995,-77.34641722204898
29034,no_incendio,-5.487710562433828,-76.3714568595569
29038,no_incendio,-6.787959079277664,-75.64572689392233
29039,incendio,-5.8951,-76.3763
29040,no_incendio,-6.979782618165886,-76.34280103633438
29041,incendio,-7.4776,-76.5874
29042,no_incendio,-7.4319891578174815,-77.15087421098383
29054,no_incendio,-6.1773004933773406,-76.41533827057219
29055,incendio,-7.0375,-76.9218
29057,incendio,-6.2432,-77.7616
29071,incendio,-6.9714,-76.7639
29079,incendio,-7.4019,-76.8719
29083,incendio,-7.3087,-75.5306
29087,incendio,-6.313,-75.8232
29090,incendio,-7.6333,-76.517
29091,no_incendio,-7.4055258629962415,-75.72836594706017
29098,incendio,-8.3406,-76.5768
29099,incendio,-7.3123,-76.5565
29103,no_incendio,-7.389808722529589,-77.07301560245696
29105,incendio,-6.954,-76.5014
29109,incendio,-6.2495,-76.1678
29122,incendio,-6.9798,-76.7109
29123,incendio,-6.9794,-76.8298
29125,incendio,-7.5479,-76.4883
29127,incendio,-5.8608,-75.8984
29129,no_incendio,-6.948889791528075,-76.04658173737485
29130,incendio,-5.9584,-77.1485
29137,incendio,-7.139,-76.0716
29149,no_incendio,-5.431391280919102,-75.58519659503115
29150,no_incendio,-6.838209877352376,-75.74494612497837
29159,incendio,-5.9734,-75.9709
29163,incendio,-6.53,-76.5512
29164,incendio,-8.4673,-76.2134
29171,no_incendio,-7.4654999073290265,-76.71461513627762
29175,incendio,-8.1822,-77.0446
29179,incendio,-5.901,-77.4286
29189,no_incendio,-6.242683257012905,-77.09272695265327
29200,incendio,-5.6537,-76.2089
29206,incendio,-7.3204,-76.565
29208,no_incendio,-5.532853929708149,-75.98229483983717
29211,incendio,-8.2482,-76.3177
29212,incendio,-5.7402,-76.2187
29214,no_incendio,-5.455465993485473,-76.16419328270247
29222,no_incendio,-6.831471934568246,-75.7875932896481
29228,incendio,-7.335,-76.6893
29231,incendio,-5.8634,-77.2074
29232,incendio,-7.0985,-76.7879
29239,incendio,-6.7175,-76.4858
29241,no_incendio,-7.225892265359727,-76.0093087691897
29243,incendio,-6.7444,-76.1726
29249,incendio,-5.8144,-76.235
29253,incendio,-7.3045,-76.6717
29255,incendio,-7.1373,-76.2698
29259,no_incendio,-6.777339583024972,-77.16983093641421
29261,no_incendio,-5.845552774346191,-76.31135197083327
29265,incendio,-8.7182,-76.846
29269,no_incendio,-7.404587411347148,-77.48236039818194
29281,incendio,-5.6212,-76.5623
29287,no_incendio,-6.827947755317633,-77.24078320536096
29288,no_incendio,-5.89201477503853,-77.2682101013539
29291,incendio,-5.836,-77.2514
29296,incendio,-6.3357,-76.0445
29301,no_incendio,-5.662370106905432,-77.07535731755083
29305,incendio,-7.5401,-76.5391
29309,incendio,-7.1719,-76.3662
29313,incendio,-7.3547,-76.7432
29317,no_incendio,-6.444450177038954,-75.66847301432819
29332,no_incendio,-6.41045269770062,-76.39156709032302
29334,no_incendio,-6.053663067143272,-77.25400416625581
29340,no_incendio,-5.388346448693102,-76.72150148992378
29367,no_incendio,-6.269350897351528,-76.17554961545872
29379,no_incendio,-7.158262650594558,-76.17139715257736
29380,incendio,-7.0279,-76.1284
29383,no_incendio,-5.906180880379202,-75.93802228835084
29392,incendio,-6.7986,-76.2213
29395,incendio,-6.6219,-76.5086
29396,incendio,-7.357,-76.6403
29409,no_incendio,-5.441244045280792,-76.19936571316805
29412,no_incendio,-6.026656147123168,-76.76469510540855
29417,incendio,-7.569,-76.7394
29420,no_incendio,-5.593725246250177,-76.70151478021911
29422,no_incendio,-6.727275952714791,-77.44889142586435
29423,incendio,-6.8518,-76.6937
29429,no_incendio,-5.487830888913878,-75.70248261618342
29431,no_incendio,-7.409421605310309,-75.83681236527086
29440,no_incendio,-6.976092489979531,-77.35059361204593
29444,incendio,-8.6753,-76.3036
29445,incendio,-7.4047,-76.6111
29446,incendio,-8.1885,-76.5911
29447,incendio,-7.41,-76.7029
29448,no_incendio,-5.572804894965716,-76.96734256320798
29453,incendio,-7.2076,-76.7642
29455,no_incendio,-6.44311246702837,-76.64720397145403
29460,incendio,-7.1871,-76.4794
29475,no_incendio,-6.402507911708669,-75.63264270737905
29480,incendio,-7.3319,-75.6136
29484,no_incendio,-5.5280435147957645,-75.64292390382334
29488,no_incendio,-6.543996709664201,-75.77625931317041
29489,no_incendio,-5.7038552844593475,-76.24937639790886
29490,no_incendio,-6.726508547372632,-75.8805912365982
29493,no_incendio,-7.491547550658209,-77.41447872545433
29499,no_incendio,-5.397648721010737,-76.34314573163867
29501,incendio,-5.7828,-76.4586
29507,no_incendio,-6.974678823081742,-77.45775985292939
29513,incendio,-8.5459,-76.1455
29516,incendio,-7.5477,-76.5145
29520,incendio,-7.094,-76.2315
29523,incendio,-7.3702,-76.3628
29528,no_incendio,-6.452984723571151,-76.97534564539009
29529,no_incendio,-5.668562711065817,-75.61105576661728
29537,no_incendio,-5.928733149107297,-75.62813587078854
29545,incendio,-8.1752,-77.0454
29557,no_incendio,-6.6084019823282665,-76.06077967767854
29559,incendio,-8.5739,-76.403
29562,incendio,-6.9672,-77.7467
29565,no_incendio,-6.806897768294474,-76.17637549858149
29571,incendio,-5.8573,-76.1907
29575,no_incendio,-7.1211989995442275,-77.24932556813594
29576,no_incendio,-7.474717173105087,-76.9435614717976
29584,no_incendio,-5.906233795105334,-77.12857966060585
29587,no_incendio,-7.408503653357758,-76.24578800464187
29594,incendio,-6.9438,-76.7849
29606,incendio,-7.5253,-76.2152
29608,incendio,-6.6562,-76.1031
29618,incendio,-8.5844,-75.6053
29635,no_incendio,-5.4181719579024135,-75.50050796250098
29642,incendio,-7.2469,-76.1863
29647,incendio,-6.7528,-76.463
29649,no_incendio,-6.980328156805363,-75.58165966551039
29661,no_incendio,-6.219703521684984,-76.92758051251145
29673,incendio,-6.5818,-76.7481
29674,incendio,-7.3609,-76.865
29685,no_incendio,-7.160701404821328,-77.50258610161559
29694,incendio,-7.1566,-76.026
29698,incendio,-5.7921,-76.3814
29700,incendio,-7.4591,-77.5192
29710,no_incendio,-5.702153316153597,-75.54463550563808
29711,incendio,-6.5124,-76.3361
29715,incendio,-7.128,-76.9082
29719,incendio,-5.6877,-76.2234
29720,no_incendio,-7.567624123602405,-76.60964562111504
29728,incendio,-6.1644,-76.1238
29730,incendio,-6.2354,-75.8765
29732,no_incendio,-6.578202945590633,-76.50501159622002
29737,no_incendio,-5.6355072776323825,-77.05987553143974
29748,no_incendio,-6.324852338083002,-77.32158487709337
29749,incendio,-7.4514,-76.6263
29750,no_incendio,-6.150817748541318,-77.2743773218178
29754,no_incendio,-7.436110407887001,-75.68288184576566
29755,incendio,-6.0175,-76.138
29758,no_incendio,-7.5702550538704605,-75.67821320807053
29765,incendio,-5.9545,-76.2372
29772,incendio,-8.1505,-77.4239
29774,no_incendio,-7.103154809386207,-75.80011378156274
29776,incendio,-5.4862,-75.8308
29783,no_incendio,-7.119124402863609,-77.37715689078294
29784,incendio,-7.3728,-76.5449
29793,incendio,-5.9799,-75.8438
29794,incendio,-5.9207,-76.4385
29800,no_incendio,-5.4181719579024135,-75.50050796250098
29801,no_incendio,-7.53303009358015,-76.30539007678105
29802,incendio,-7.3131,-76.9321
29811,incendio,-5.9037,-75.9115
29818,incendio,-6.2771,-76.261
29820,no_incendio,-7.03159653116471,-76.48526719545968
29822,incendio,-6.2232,-75.8936
29825,incendio,-8.0536,-76.6531
29827,incendio,-6.005,-75.956
29828,incendio,-6.8162,-76.6672
29829,incendio,-7.592,-76.7054
29835,no_incendio,-7.523779550040388,-76.57430086125386
29837,no_incendio,-5.867404604520736,-75.92995443578674
29844,incendio,-5.7892,-76.5758
29845,no_incendio,-6.181570378698443,-77.2403974842685
29846,incendio,-7.5537,-76.4035
29851,no_incendio,-5.393926083579098,-77.3710588373999
29855,no_incendio,-7.3664786483523805,-76.23130655990323
29856,no_incendio,-5.6355072776323825,-77.05987553143974
29870,no_incendio,-5.6698457830937325,-76.36289670664165
29877,incendio,-5.7412,-77.3566
29880,incendio,-6.8961,-76.666
29882,no_incendio,-6.310252900156727,-75.63690302476967
29888,no_incendio,-6.368662376296837,-77.03036089290791
29892,incendio,-5.6681,-76.6356
29894,no_incendio,-6.224278076163242,-75.68574152044755
29896,incendio,-5.8658,-77.0674
29899,no_incendio,-7.345060499544703,-77.11825976617006
29900,incendio,-7.3758,-76.9084
29914,incendio,-5.8538,-76.3351
29918,incendio,-7.5878,-77.4297
29920,incendio,-5.3962,-76.8295
29921,no_incendio,-6.937481703505858,-75.66626594730945
29922,incendio,-7.3598,-76.6174
29925,no_incendio,-5.546093305557506,-76.96305959318578
29935,incendio,-6.1136,-75.9841
29944,incendio,-8.6979,-76.6892
29946,no_incendio,-5.531494331119256,-75.68693972870032
29947,incendio,-6.6172,-76.2529
29958,no_incendio,-6.756685989962618,-75.83002754028344
29959,no_incendio,-6.044769424983038,-75.50599138370771
29966,no_incendio,-6.0746976290586785,-75.57122315970695
29974,incendio,-7.1101,-76.6922
29975,no_incendio,-6.93526933500558,-76.94440022861454
29980,incendio,-6.1182,-76.2533
29984,incendio,-7.3793,-76.2711
29985,no_incendio,-5.612907306182736,-76.9815155721773
29987,incendio,-7.4331,-76.8231
29988,no_incendio,-5.852253396123982,-76.5690433745382
29991,no_incendio,-7.409421605310309,-75.83681236527086
30000,no_incendio,-6.064542854980353,-77.18213602611725
30001,incendio,-8.5593,-76.3582
30005,incendio,-7.056,-76.971
30006,no_incendio,-7.459387198765487,-76.32587223443953
30018,incendio,-5.8629,-76.5613
30032,incendio,-6.0862,-76.8268
30038,no_incendio,-5.780675568523146,-77.4440499191556
30043,incendio,-7.5833,-76.5388
30047,incendio,-6.2583,-76.0032
30048,no_incendio,-6.500803234494254,-76.0342561681164
30050,no_incendio,-7.140032609231243,-75.65901239539657
30052,incendio,-8.1901,-76.3131
30053,incendio,-7.2627,-76.1999
30054,no_incendio,-5.763649060823176,-76.26292282199367
30060,no_incendio,-6.871712261045699,-76.6810612935972
30064,incendio,-7.4175,-76.6991
30065,incendio,-6.6769,-76.4055
30067,incendio,-6.8956,-76.4986
30068,incendio,-6.4458,-76.4208
30071,incendio,-7.3024,-76.9249
30077,incendio,-7.4281,-76.7657
30085,no_incendio,-7.442941681589652,-76.91434045843735
30089,incendio,-6.2151,-76.0539
30098,no_incendio,-6.886318678721428,-75.69795842959347
30100,incendio,-7.0277,-76.7602
30101,no_incendio,-7.429446375356516,-77.21947961761848
30103,incendio,-7.0457,-76.7858
30108,incendio,-6.2915,-75.8566
30112,incendio,-8.5366,-76.4013
30116,incendio,-8.5793,-76.5747
30117,incendio,-6.606,-76.6928
30118,incendio,-6.2258,-76.012
30123,incendio,-7.1798,-76.4723
30134,incendio,-7.5399,-76.6154
30137,incendio,-7.4395,-76.4217
30139,incendio,-5.8744,-76.1892
30148,incendio,-6.68,-76.5669
30149,incendio,-8.31,-77.2003
30154,no_incendio,-7.417769459056535,-76.0278387197161
30163,incendio,-6.8044,-76.8141
30164,incendio,-7.4986,-76.5042
30171,incendio,-5.7447,-76.1563
30172,no_incendio,-7.493540878148328,-76.20838654108637
30173,incendio,-6.7756,-76.6348
30175,incendio,-7.9027,-76.7069
30181,no_incendio,-5.362697688980843,-76.37235425327088
30192,no_incendio,-5.451709663906019,-76.0834165906866
30193,no_incendio,-7.2086548700460105,-76.60794035176814
30207,incendio,-6.7901,-76.6374
30208,incendio,-8.3617,-76.2887
30215,incendio,-6.3307,-76.0318
30218,no_incendio,-5.424572995842199,-76.6735765187215
30224,no_incendio,-6.113994500362599,-76.09851389136325
30231,no_incendio,-5.450166959625918,-77.00835031536832
30237,no_incendio,-5.508797884476139,-76.57706115239465
30240,incendio,-5.8492,-77.3632
30242,incendio,-5.9781,-75.9579
30244,incendio,-6.5708,-76.481
30251,incendio,-7.1892,-76.5346
30252,no_incendio,-6.050469228584658,-76.73736427886188
30253,no_incendio,-6.837388041019548,-77.0882269714977
30258,incendio,-8.614,-76.5614
30260,no_incendio,-6.036634194085042,-76.33475368850613
30281,incendio,-6.7252,-76.7184
30285,no_incendio,-6.130295951384975,-75.70862882951778
30293,incendio,-6.3245,-75.8362
30305,incendio,-7.2266,-77.0606
30316,no_incendio,-6.546795271979165,-77.13463626494185
30327,no_incendio,-5.855088798772725,-76.8781669555971
30333,incendio,-6.6583,-75.5937
30337,no_incendio,-5.899739172279481,-75.62561076754551
30340,no_incendio,-5.856151465825925,-75.61952647714237
30352,incendio,-5.9647,-75.9625
30353,no_incendio,-5.588466979788065,-76.18717580992774
30360,no_incendio,-6.3805177741503645,-77.07356874423562
30361,incendio,-7.3201,-76.5795
30367,no_incendio,-7.449590892373755,-76.60010791486725
30371,no_incendio,-5.450455855055424,-76.00497644122908
30373,no_incendio,-6.076651418507213,-75.99938351654062
30375,incendio,-5.8593,-76.1479
30376,no_incendio,-6.695277689736439,-77.08154414600035
30378,incendio,-7.0029,-76.6189
30384,incendio,-8.4369,-76.2166
30393,incendio,-8.571,-76.1362
30394,no_incendio,-7.173287597971678,-76.70987433367677
30396,incendio,-7.334,-76.5581
30402,no_incendio,-5.406105166280382,-76.83363539988324
30410,no_incendio,-7.343476837968453,-76.86299220846689
30412,no_incendio,-7.532869703153675,-75.62377754135032
30420,incendio,-5.9009,-75.9444
30422,no_incendio,-7.371625145918922,-75.70238603258082
30427,no_incendio,-6.893924031218003,-76.04905921446095
30433,no_incendio,-6.856229226903604,-75.880120110949
30436,incendio,-7.2098,-76.7716
30445,incendio,-6.7447,-76.5697
30449,incendio,-6.9147,-76.6046
30452,no_incendio,-6.010674240572804,-77.09796715104932
30454,no_incendio,-6.807279841790784,-75.78242302305196
30456,no_incendio,-6.441902560534528,-76.15943969390888
30469,no_incendio,-5.364004538303699,-76.51587462337326
30470,incendio,-6.9478,-76.5188
30471,incendio,-6.2586,-76.6611
30483,no_incendio,-6.026471909112164,-76.38280873739679
30486,no_incendio,-6.684588652346477,-77.1953837139415
30488,no_incendio,-6.542252546530441,-76.69178298792589
30491,incendio,-5.8579,-76.2189
30494,no_incendio,-7.087560477783244,-76.48701616296685
30496,incendio,-8.0484,-76.7324
30503,no_incendio,-6.181570378698443,-77.2403974842685
30510,incendio,-8.6272,-76.3028
30511,incendio,-6.2007,-76.1581
30520,incendio,-7.6939,-76.6722
30523,incendio,-7.0,-76.2235
30528,no_incendio,-5.371545466461964,-76.40334353874748
30529,no_incendio,-6.419675876236263,-76.64489280604421
30530,incendio,-6.2002,-76.0102
30533,no_incendio,-5.7927379696305294,-76.1467304713267
30534,no_incendio,-7.527611322889828,-76.67002527157386
30537,no_incendio,-5.728686151403572,-77.23987774970512
30547,incendio,-7.3607,-76.8457
30549,incendio,-6.3482,-75.7061
30557,no_incendio,-5.362923654155092,-76.9119868960568
30560,incendio,-8.4022,-76.3268
30565,incendio,-6.8297,-76.7047
30568,no_incendio,-6.94200325407077,-76.26001952788216
30575,no_incendio,-7.2386843016197115,-75.95361045134824
30577,incendio,-5.8646,-77.0751
30579,no_incendio,-6.645538690996345,-76.24231505313135
30583,no_incendio,-6.303002240210201,-76.72194514117207
30594,incendio,-6.8306,-76.4823
30595,no_incendio,-6.0889717541826,-76.72492959412638
30609,no_incendio,-7.474717173105087,-76.9435614717976
30617,no_incendio,-5.765833579415168,-76.48980976364362
30623,no_incendio,-5.5629279584591815,-75.58676722265717
30625,no_incendio,-6.0854129819425,-76.79698741171129
30636,incendio,-7.1333,-76.5606
30645,incendio,-7.7453,-76.7246
30654,incendio,-7.3076,-76.1998
30677,no_incendio,-5.8332062747008715,-77.144406205254
30679,incendio,-6.3625,-76.6738
30682,incendio,-5.9906,-76.1964
30683,no_incendio,-6.156942123129494,-76.92567844755888
30684,no_incendio,-5.4324592687941,-76.16239104777486
30690,no_incendio,-6.180704652480343,-76.89113580194854
30695,incendio,-7.0727,-76.441
30703,no_incendio,-5.532853929708149,-75.98229483983717
30704,incendio,-7.3807,-76.3624
30710,incendio,-6.7878,-76.9352
30716,no_incendio,-5.763287542306629,-76.16197141222403
30721,no_incendio,-5.748428283636171,-75.60096771532396
30725,no_incendio,-5.5369399299131885,-77.31171501653961
30737,incendio,-6.1453,-76.8502
30738,incendio,-7.3004,-76.6679
30741,no_incendio,-5.932677032359028,-76.67039982026421
30743,no_incendio,-5.65611924902812,-76.450948774078
30752,no_incendio,-6.037617039183259,-75.8633441160442
30763,incendio,-7.3566,-76.5157
30775,no_incendio,-6.253426709313807,-77.08659131097349
30777,incendio,-7.5084,-77.2913
30781,incendio,-7.5381,-76.5212
30789,incendio,-8.5784,-76.5955
30792,incendio,-7.3466,-76.9783
30795,no_incendio,-7.442180034070876,-75.92683774273232
30797,incendio,-6.9485,-77.5282
30799,incendio,-7.6543,-76.545
30809,incendio,-6.0925,-75.8081
30815,incendio,-8.7958,-76.2338
30827,incendio,-8.5958,-76.1089
30833,no_incendio,-5.398135296375456,-76.71445247130518
30835,no_incendio,-5.873429262130088,-76.29994874270383
30837,no_incendio,-6.191285072180344,-75.97348634249272
30840,incendio,-7.6293,-76.6109
30847,no_incendio,-7.342552043846658,-77.45073212658029
30848,no_incendio,-6.042344688075439,-75.58423135699039
30851,incendio,-6.768,-76.4883
30854,no_incendio,-7.0026426990635535,-77.36552672269332
30857,no_incendio,-6.85257481056394,-76.48694884372748
30858,incendio,-8.2378,-76.5945
30860,incendio,-7.0707,-76.8988
30861,incendio,-7.3372,-76.968
30866,no_incendio,-6.905350281771543,-75.85773993313076
30867,incendio,-8.182,-76.6243
30869,incendio,-7.1958,-76.5296
30873,incendio,-5.8977,-75.8954
30876,incendio,-7.0857,-77.5546
30878,incendio,-6.2787,-76.1799
30882,no_incendio,-6.536547874138972,-77.31298293788737
30885,no_incendio,-6.040687375273645,-76.93582583750656
30889,no_incendio,-7.016303677309179,-76.9039929620138
30890,no_incendio,-5.5941151159540015,-75.60783919102062
30896,incendio,-8.027,-76.7127
30898,no_incendio,-5.772447993979731,-76.76825761036689
30899,no_incendio,-7.093257969486561,-77.25013940551041
30907,no_incendio,-6.187799355462546,-77.0520465624197
30910,no_incendio,-5.976958562482058,-76.80488821989493
30916,incendio,-6.0501,-76.288
30917,no_incendio,-6.9712876814104,-75.72933923833854
30918,incendio,-6.7528,-76.5803
30919,incendio,-7.8364,-76.6981
30921,no_incendio,-5.966007765722613,-76.02339603474364
30923,no_incendio,-6.88204939673875,-76.47181029595973
30925,incendio,-6.6631,-76.6654
30928,incendio,-8.0317,-77.6723
30929,incendio,-8.445,-76.4373
30931,incendio,-7.1198,-76.6045
30941,incendio,-6.8828,-76.3057
30942,incendio,-7.3325,-76.6666
30946,incendio,-5.7499,-77.1957
30951,incendio,-7.5463,-76.5289
30972,incendio,-7.3038,-76.938
30978,incendio,-6.1758,-76.2334
30983,no_incendio,-5.936332555331325,-76.83179580754164
30985,incendio,-6.7074,-76.451
30988,no_incendio,-7.306661299403648,-77.35299757529853
30991,incendio,-6.79,-76.6681
30998,incendio,-8.2222,-76.5039
31001,no_incendio,-5.388346448693102,-76.72150148992378
31002,incendio,-7.4707,-76.5307
31009,no_incendio,-6.191430391246121,-75.84894878803162
31010,no_incendio,-6.2016988445038095,-75.99411742841416
31021,incendio,-6.0148,-77.5635
31031,incendio,-6.1301,-76.3043
31033,incendio,-5.7787,-76.4085
31035,incendio,-7.2923,-76.5697
31044,incendio,-6.6935,-76.631
31048,no_incendio,-6.007162927883913,-76.5503319635523
31054,no_incendio,-7.158262650594558,-76.17139715257736
31066,no_incendio,-6.590618313605878,-75.87293609884875
31082,no_incendio,-7.179164728014299,-77.26673458504925
31083,incendio,-7.3048,-76.6015
31085,no_incendio,-7.309838483592369,-76.99515991704935
31086,no_incendio,-6.846679592265051,-75.78055281220841
31089,incendio,-6.738,-76.7183
31093,incendio,-5.8794,-75.9631
31094,no_incendio,-6.325765977825784,-76.5205147871752
31099,incendio,-8.472,-76.3022
31100,no_incendio,-6.949415512269831,-76.30894649629607
31102,no_incendio,-6.157983789056771,-76.91942166932327
31106,no_incendio,-7.284463966351714,-76.84480226943248
31108,incendio,-7.4214,-76.6162
31112,incendio,-8.4379,-76.4947
31115,no_incendio,-7.401018606692293,-76.00185651713339
31119,incendio,-6.4125,-75.8612
31125,incendio,-7.2648,-76.8534
31142,no_incendio,-6.1574013412773905,-75.50582251676065
31145,no_incendio,-7.170373075763204,-77.40179462648253
31146,no_incendio,-6.567404760010091,-75.93678531261668
31153,no_incendio,-6.859218995881019,-77.3454749772902
31158,no_incendio,-7.280960307883033,-76.7904575448365
31163,incendio,-8.1487,-77.3679
31165,incendio,-7.3251,-76.4645
31167,no_incendio,-6.7911860867707,-76.3184609362465
31172,no_incendio,-7.579867389663157,-75.5999817001758
31181,no_incendio,-6.843242986862935,-76.83119639273687
31184,no_incendio,-6.063333052679301,-77.2619056071794
31186,incendio,-8.6893,-76.8187
31188,no_incendio,-5.991944937539925,-75.60778625331145
31189,incendio,-7.1347,-76.5651
31191,incendio,-7.3168,-76.6194
31193,no_incendio,-5.500738315784995,-75.59662427893288
31195,incendio,-6.7151,-76.483
31198,no_incendio,-7.010465391222765,-75.64374453725225
31202,incendio,-5.7915,-76.493
31203,no_incendio,-6.224512205373936,-77.14720066928672
31207,incendio,-6.7992,-76.6739
31208,incendio,-5.9998,-76.1471
31209,no_incendio,-5.882755427823639,-77.51237097659782
31221,no_incendio,-7.560257578514154,-75.8825568546828
31222,no_incendio,-6.79327379780416,-76.83578661930616
31224,incendio,-5.968,-76.1958
31227,incendio,-6.173,-76.2214
31235,no_incendio,-6.18702118811894,-77.34328610788602
31236,no_incendio,-6.428027041919373,-76.62475957936073
31243,incendio,-7.0481,-76.0885
31249,no_incendio,-5.518901360296995,-75.83606862844933
31250,incendio,-6.5575,-75.6584
31254,incendio,-7.0913,-76.2131
31259,no_incendio,-5.334479044366705,-77.48777820988575
31262,incendio,-6.578,-75.987
31267,no_incendio,-7.294379319518731,-75.60933586901135
31282,incendio,-7.3227,-76.8299
31286,no_incendio,-6.591526889483433,-77.26946848843974
31294,no_incendio,-6.928184042805378,-76.77151382737259
31295,no_incendio,-5.382698663545955,-75.70884428974506
31296,incendio,-5.3328,-75.7404
31299,incendio,-6.4842,-76.7785
31306,no_incendio,-6.467420438436691,-76.19360941434292
31309,incendio,-6.6014,-76.4662
31322,incendio,-5.9912,-76.1864
31329,incendio,-7.5581,-76.2131
31340,no_incendio,-7.433177363041198,-76.83037064638081
31349,no_incendio,-6.011348651194169,-77.43448041427209
31351,incendio,-7.3656,-76.6821
31354,no_incendio,-7.014702412265873,-76.4405488433982
31374,no_incendio,-5.508214763979514,-75.68261084884283
31386,incendio,-7.2692,-76.4016
31388,incendio,-7.113,-76.704
31393,no_incendio,-6.522871972647179,-77.1088712424184
31395,incendio,-6.7802,-76.5277
31416,incendio,-6.0803,-76.1687
31417,incendio,-8.4464,-76.3883
31422,no_incendio,-6.701934945529236,-77.46493186657752
31424,no_incendio,-6.682338881301072,-76.58990578057626
31426,no_incendio,-7.412957121399091,-77.21617404571616
31427,no_incendio,-7.433764184828395,-76.19895087453514
31428,incendio,-6.491,-76.3569
31431,no_incendio,-7.2386843016197115,-75.95361045134824
31439,incendio,-6.4789,-75.7501
31445,incendio,-7.124,-76.9803
31448,no_incendio,-6.4776266103105895,-77.14737002070362
31471,no_incendio,-7.341385532228014,-75.96721546288514
31473,no_incendio,-7.1816270512499,-75.96620433389496
31496,no_incendio,-7.147843120370421,-77.31448550971452
31498,incendio,-6.0926,-76.1708
31499,incendio,-5.6901,-77.4108
31501,no_incendio,-6.857236383262051,-76.76658169794014
31509,incendio,-6.294,-75.7547
31510,incendio,-7.2536,-76.598
31517,incendio,-7.3374,-76.5688
31519,incendio,-6.9856,-76.233
31520,no_incendio,-6.4891729979787565,-76.11291535541001
31526,no_incendio,-5.343847653580683,-76.19643132056173
31531,no_incendio,-5.31562173519542,-75.64368786803017
31535,no_incendio,-5.976563784411299,-76.98024729252694
31536,incendio,-6.983,-76.2427
31543,incendio,-6.9064,-76.5195
31544,no_incendio,-7.506850337937736,-76.33686457857513
31545,no_incendio,-6.1849308797193405,-77.44943428599332
31547,no_incendio,-6.960339111557958,-75.64609550577184
31548,incendio,-8.6538,-76.3536
31550,no_incendio,-5.815055199872086,-76.00054370091742
31555,no_incendio,-7.487565239153625,-77.31329030244564
31557,no_incendio,-6.777339583024972,-77.16983093641421
31560,no_incendio,-5.798251230559933,-76.03303003317315
31567,incendio,-6.497,-76.7262
31568,incendio,-7.1876,-76.5229
31572,incendio,-7.5013,-76.4945
31586,incendio,-7.6717,-76.4626
31590,no_incendio,-7.510954821403472,-75.50873794050783
31593,incendio,-7.1689,-76.6771
31597,incendio,-6.0846,-76.017
31601,incendio,-6.7143,-77.584
31609,no_incendio,-5.335389403596253,-76.01475499828726
31613,no_incendio,-6.961563570088446,-77.02222304631809
31625,no_incendio,-7.175345171516485,-76.32071616128651
31629,no_incendio,-7.446777051363318,-75.55823277277759
31631,incendio,-7.2154,-76.828
31644,no_incendio,-7.327752780112304,-76.88582488471454
31646,incendio,-7.1762,-76.8493
31648,incendio,-7.7226,-76.5095
31653,incendio,-7.1237,-76.2987
31659,incendio,-8.7779,-77.6903
31666,no_incendio,-7.081431158638572,-76.84157131930168
31678,incendio,-7.3052,-76.7285
31682,incendio,-8.6989,-76.161
31693,no_incendio,-6.344738730281884,-77.28085925820518
31696,incendio,-7.3317,-76.7606
31698,incendio,-7.3314,-76.3028
31702,incendio,-7.3477,-76.7503
31703,incendio,-5.7177,-76.2272
31704,incendio,-8.2551,-76.6422
31706,no_incendio,-5.89201477503853,-77.2682101013539
31708,no_incendio,-5.544342707790426,-75.8055721541421
31713,no_incendio,-6.877247924736086,-76.70115338296226
31716,incendio,-6.3643,-75.6827
31729,no_incendio,-7.384008271248504,-77.19420546410333
31739,incendio,-7.2602,-76.7689
31758,no_incendio,-5.585507984340333,-75.53590045517545
31760,incendio,-6.9334,-76.6267
31775,no_incendio,-7.475413502587504,-75.52501286015236
31776,incendio,-8.2703,-76.5831
31779,no_incendio,-6.580708866740203,-77.30463518466154
31784,no_incendio,-5.592210809875936,-75.85957552026237
31791,no_incendio,-6.470561948843736,-76.94393330664495
31792,incendio,-7.6486,-76.6272
31794,incendio,-6.1481,-76.0411
31797,incendio,-5.6554,-75.9469
31799,incendio,-6.8927,-76.485
31802,incendio,-8.1733,-77.0459
31804,incendio,-6.5405,-76.4633
31818,incendio,-7.1272,-76.7092
31823,incendio,-8.6775,-76.1156
31825,incendio,-6.1461,-75.9653
31839,incendio,-6.4205,-75.9295
31847,incendio,-7.2483,-77.0685
31850,incendio,-7.019,-76.3194
31854,incendio,-7.2794,-76.3524
31857,no_incendio,-5.7532005563442,-76.81683301115936
31863,no_incendio,-7.083533851815549,-75.86202426996425
31864,incendio,-8.3631,-76.7325
31872,incendio,-7.9135,-76.6451
31892,incendio,-7.3414,-76.7865
31893,no_incendio,-6.400301881628301,-77.5201604762096
31900,no_incendio,-5.3992279096164255,-77.51525342091976
31902,no_incendio,-7.377346584054845,-77.21066750842841
31903,incendio,-7.4198,-76.2803
31910,incendio,-6.4396,-76.5509
31923,incendio,-6.9449,-76.563
31927,incendio,-6.7014,-76.3646
31930,no_incendio,-5.772447993979731,-76.76825761036689
31934,no_incendio,-7.44968802750322,-77.23116283334409
31935,incendio,-5.9818,-77.0738
31937,no_incendio,-7.374027518305184,-76.32029762844952
31943,incendio,-7.3753,-76.5512
31947,incendio,-5.8407,-77.1863
31950,incendio,-5.947,-76.2588
31965,incendio,-8.1984,-76.5819
31967,incendio,-5.7351,-76.0729
31968,incendio,-6.5364,-76.3507
31977,incendio,-7.3099,-76.4888
31984,no_incendio,-7.038387701485983,-77.46608635694433
31985,incendio,-7.7355,-76.6908
31986,no_incendio,-6.402069451962711,-76.21591146142134
31988,incendio,-5.3449,-76.7989
31993,incendio,-5.3439,-76.5245
32007,no_incendio,-6.224885960981276,-76.91366721974305
32008,no_incendio,-5.87076697965016,-76.32402567938676
32018,no_incendio,-5.655403371061297,-77.22066038141541
32023,no_incendio,-7.454820191858604,-77.06390769959336
32025,no_incendio,-7.000095620614563,-76.8362748925339
32032,incendio,-6.8685,-76.6969
32041,no_incendio,-7.000863457307533,-75.58957693762711
32043,no_incendio,-6.134775971165761,-75.80907324993491
32054,incendio,-7.2278,-76.8171
32060,incendio,-6.6558,-76.7445
32061,no_incendio,-5.728686151403572,-77.23987774970512
32067,no_incendio,-5.6819042694428346,-76.21370978152449
32072,incendio,-7.366,-76.5431
32073,incendio,-6.559,-77.7619
32079,no_incendio,-7.076017752800738,-75.91978389352657
32080,incendio,-5.8443,-76.2899
32083,incendio,-7.5334,-76.6098
32085,no_incendio,-5.4157703002618724,-75.88771884850634
32091,no_incendio,-5.533837838145786,-75.72558753064112
32095,no_incendio,-6.645743757749571,-77.31611856562348
32100,no_incendio,-6.308716369141198,-75.7579038479895
32108,no_incendio,-7.448759349626241,-75.73146487239217
32116,no_incendio,-7.011514074885707,-76.73934268520709
32119,incendio,-6.6766,-76.414
32124,incendio,-5.8343,-77.1483
32128,no_incendio,-5.796164972487043,-76.72449599512143
32129,incendio,-5.6078,-76.5452
32135,incendio,-8.114,-76.6831
32148,no_incendio,-5.691367325953232,-76.91174291210852
32149,incendio,-5.9364,-76.4578
32155,incendio,-5.7203,-76.2374
32157,incendio,-7.3515,-76.7869
32158,incendio,-8.7025,-76.361
32160,incendio,-6.0559,-75.9499
32163,incendio,-7.1151,-77.0651
32164,incendio,-6.9235,-76.8474
32165,incendio,-7.3092,-76.2476
32168,incendio,-7.1093,-76.7935
32169,no_incendio,-7.228019173352536,-75.83265543127759
32186,no_incendio,-5.343847653580683,-76.19643132056173
32188,no_incendio,-5.397948781588011,-77.53247141487635
32197,incendio,-7.0985,-76.2603
32201,no_incendio,-5.382544750033527,-75.77853597502654
32204,incendio,-7.3341,-76.9388
32212,incendio,-6.6411,-76.4208
32215,no_incendio,-6.731898455104795,-77.28317456533246
32216,no_incendio,-6.8707527834716435,-77.1546220579287
32221,incendio,-7.1999,-76.4854
32223,incendio,-6.8551,-76.0948
32224,incendio,-5.6875,-77.4496
32225,no_incendio,-7.186570265010596,-75.84461863050306
32231,incendio,-7.5372,-76.4111
32234,no_incendio,-5.977893876843185,-76.20383698117358
32239,no_incendio,-6.30791982416226,-77.35125522509678
32243,no_incendio,-6.260923080518788,-75.61074627640608
32247,no_incendio,-5.541112522183527,-75.99676308138659
32250,no_incendio,-6.480391966428419,-77.42730148887621
32254,no_incendio,-7.106983766497296,-76.41530269638099
32256,incendio,-8.2176,-76.6263
32259,incendio,-8.4442,-76.2453
32262,no_incendio,-6.326986282349614,-75.6142180056652
32264,incendio,-7.0406,-76.8689
32272,incendio,-7.0422,-76.7841
32276,incendio,-6.486,-76.3673
32278,incendio,-6.4956,-76.3482
32282,incendio,-5.9124,-76.0151
32283,no_incendio,-5.8091800479019735,-77.2012977286717
32290,no_incendio,-6.671397085491674,-75.72724206195927
32291,incendio,-6.9784,-76.8225
32302,incendio,-7.386,-76.6148
32307,incendio,-7.6218,-76.6547
32316,no_incendio,-5.811190643666691,-76.41076755798852
32318,no_incendio,-7.5990878129892385,-76.01433706050479
32321,no_incendio,-6.253873442293271,-77.4856518253099
32328,no_incendio,-5.561920884041726,-75.5653879895247
32334,no_incendio,-7.396034749471958,-77.09104434205882
32336,no_incendio,-5.8418090063734045,-77.13859458576027
32339,incendio,-7.2326,-76.7861
32342,incendio,-5.8146,-76.0856
32346,incendio,-6.0968,-75.7819
32348,no_incendio,-6.699009805364948,-77.20530585140459
32350,no_incendio,-6.032904107983954,-75.67491532543472
32352,incendio,-7.7499,-76.7156
32353,no_incendio,-5.733303330887296,-76.64353813041618
32355,incendio,-7.3796,-76.5568
32356,incendio,-7.3275,-76.0453
32360,incendio,-5.7589,-76.1589
32361,incendio,-6.7282,-76.4451
32362,incendio,-5.9157,-75.9609
32372,incendio,-8.5616,-76.3525
32375,no_incendio,-5.4225864404931166,-77.44996456310464
32377,incendio,-7.0994,-76.4663
32387,no_incendio,-6.0017769805371435,-76.54978075200272
32388,incendio,-5.7342,-77.3167
32394,incendio,-6.8949,-76.8821
32395,no_incendio,-6.032904107983954,-75.67491532543472
32401,no_incendio,-5.8624058726324275,-77.54256899267752
32402,incendio,-5.4943,-75.818
32408,incendio,-6.0343,-76.0809
32411,incendio,-8.659,-76.3435
32418,no_incendio,-5.3088507793034125,-76.33692970134372
32420,incendio,-6.7961,-76.6698
32430,no_incendio,-6.619578652288662,-76.97686198868091
32432,incendio,-5.6313,-76.696
32435,incendio,-7.24,-77.0386
32455,no_incendio,-6.9398975097013755,-76.27516039033146
32456,incendio,-8.3777,-76.4007
32458,no_incendio,-6.400301881628301,-77.5201604762096
32464,no_incendio,-5.691367325953232,-76.91174291210852
32470,no_incendio,-5.83234820585484,-77.1167119832574
32474,incendio,-5.8304,-75.9975
32475,no_incendio,-7.150750883364853,-76.83628592323717
32476,incendio,-6.0994,-76.2158
32478,incendio,-8.2078,-77.5551
32481,incendio,-6.4537,-76.4445
32484,incendio,-6.9223,-76.6647
32497,incendio,-5.7375,-75.8226
32499,no_incendio,-5.849268078249962,-76.0787263818459
32501,incendio,-8.0762,-76.7413
32506,no_incendio,-7.000095620614563,-76.8362748925339
32509,incendio,-5.7603,-76.1927
32511,no_incendio,-6.421249722496318,-77.04956463628945
32512,no_incendio,-5.908177822401652,-76.8838396640829
32514,no_incendio,-7.377346584054845,-77.21066750842841
32517,no_incendio,-7.521089953660397,-76.50586647383346
32522,no_incendio,-5.632530971200962,-77.47788862342078
32535,incendio,-6.7401,-76.666
32543,no_incendio,-5.364892363396528,-76.8599043565554
32544,incendio,-7.3316,-76.9696
32546,no_incendio,-7.15542529777246,-76.2489354268892
32547,incendio,-7.3793,-76.8519
32548,no_incendio,-6.400727870765625,-77.48420741846027
32550,no_incendio,-6.114431837075887,-77.3791914454974
32551,no_incendio,-7.342552043846658,-77.45073212658029
32552,no_incendio,-6.024896527341603,-76.2922888028806
32556,incendio,-7.4401,-76.5357
32573,incendio,-7.4039,-76.7172
32575,incendio,-6.783,-76.7823
32576,no_incendio,-7.442180034070876,-75.92683774273232
32579,no_incendio,-5.631534863423365,-75.5444078955286
32585,no_incendio,-7.142345675518539,-77.26966785367183
32586,no_incendio,-6.729806246426535,-76.87013039720924
32587,no_incendio,-5.561920884041726,-75.5653879895247
32591,no_incendio,-6.775573791793621,-76.68783581514383
32609,no_incendio,-5.846023239980903,-75.59058432825728
32616,incendio,-7.1791,-76.6091
32621,no_incendio,-6.726577938090313,-76.92865414529734
32624,no_incendio,-5.845552774346191,-76.31135197083327
32625,incendio,-7.5583,-76.4308
32638,no_incendio,-6.632429838819291,-76.85546244307059
32645,no_incendio,-5.41517785771272,-76.05115692097354
32654,incendio,-7.5267,-76.4998
32656,no_incendio,-5.885065132570478,-75.64334405460914
32659,incendio,-6.0689,-76.2993
32661,incendio,-7.444,-76.6018
32664,incendio,-8.6825,-76.1453
32669,incendio,-6.1612,-76.2657
32677,no_incendio,-7.530943089944216,-75.61039209936172
32680,no_incendio,-6.640978763936889,-76.01901055862061
32682,no_incendio,-6.165729925483304,-75.50698017130118
32687,no_incendio,-6.736094048254664,-75.79047035285556
32688,incendio,-5.6861,-76.2576
32690,incendio,-8.2155,-76.6087
32697,no_incendio,-5.592455159672106,-77.05696823462097
32700,no_incendio,-6.587743088391281,-75.70665174033093
32718,no_incendio,-7.217736549985553,-75.80888423805258
32729,incendio,-7.4304,-76.5499
32736,incendio,-7.4036,-76.6463
32737,incendio,-5.9178,-76.241
32738,no_incendio,-7.253889999482386,-76.08590323427873
32739,no_incendio,-7.021631546381363,-76.8111659595044
32740,incendio,-5.621,-76.3407
32741,incendio,-5.869,-75.9086
32745,incendio,-8.5608,-75.5027
32746,no_incendio,-6.48340164417584,-76.67965578486029
32751,no_incendio,-6.594872736761388,-76.81244710228094
32753,no_incendio,-5.73653806083423,-77.04027076606343
32757,incendio,-6.9087,-76.6798
32763,incendio,-7.0437,-76.7825
32764,incendio,-7.3313,-76.9738
32765,incendio,-7.1894,-76.4919
32770,no_incendio,-6.107287203943645,-77.4216594793923
32785,incendio,-5.8583,-76.5512
32796,no_incendio,-7.321172600418316,-77.03516400852085
32797,incendio,-6.8109,-76.2467
32803,incendio,-6.2303,-75.816
32806,incendio,-6.7565,-76.4716
32807,incendio,-6.8599,-76.369
32808,no_incendio,-6.922488599265936,-77.20347324801959
32814,no_incendio,-6.308143679517888,-75.54381617905881
32822,incendio,-7.4848,-76.5575
32824,no_incendio,-6.756685989962618,-75.83002754028344
32826,incendio,-6.045,-76.0515
32832,no_incendio,-6.530680448143941,-77.14936961816767
32837,incendio,-6.1556,-76.1738
32845,no_incendio,-7.475453840000244,-77.09283995143899
32848,no_incendio,-5.867404604520736,-75.92995443578674
32855,incendio,-5.8834,-76.0177
32856,incendio,-6.0116,-76.1231
32858,no_incendio,-7.175345171516485,-76.32071616128651
32861,no_incendio,-7.186570265010596,-75.84461863050306
32870,no_incendio,-5.531494331119256,-75.68693972870032
32873,no_incendio,-6.9398975097013755,-76.27516039033146
32878,no_incendio,-6.559793328628168,-75.94281873717337
32880,incendio,-8.1483,-77.1259
32882,no_incendio,-6.8824524173967765,-77.12203229237878
32883,no_incendio,-5.701243653353404,-77.51137584362479
32888,incendio,-6.1979,-76.1987
32895,no_incendio,-6.017393971898976,-75.85609561110088
32900,incendio,-7.933,-76.6945
32901,no_incendio,-5.853989818371729,-76.78866763757419
32903,no_incendio,-6.210262345134658,-77.11424996637882
32917,incendio,-7.0378,-76.8564
32919,incendio,-7.5399,-76.5174
32921,no_incendio,-6.253873442293271,-77.4856518253099
32925,no_incendio,-5.306363621970229,-76.4042560042154
32935,incendio,-7.26,-76.6666
32937,no_incendio,-6.081693229189671,-76.04554760839422
32941,incendio,-7.4175,-76.5884
32943,no_incendio,-6.7893125147185724,-75.8130856477531
32944,no_incendio,-5.9287884158970305,-76.31836219337158
32961,no_incendio,-6.2888093914419265,-77.49498781950011
32965,no_incendio,-7.063019746501072,-77.52481749302208
32966,incendio,-7.0812,-77.0751
32967,incendio,-8.5688,-77.2665
32968,no_incendio,-7.218925664720446,-76.08201561394016
32969,no_incendio,-6.135395550199937,-77.01659159261982
32977,incendio,-7.6319,-76.5072
33006,no_incendio,-6.777084363074236,-76.9625637860872
33007,no_incendio,-7.311635265992554,-75.85999069910886
33013,incendio,-6.0845,-76.2639
33014,incendio,-7.1837,-76.6271
33016,incendio,-5.7729,-76.5227
33017,incendio,-7.469,-76.5365
33024,incendio,-6.4984,-76.8072
33027,no_incendio,-6.684698936601428,-75.64362761188839
33033,incendio,-5.7104,-77.4309
33035,incendio,-7.3035,-76.7311
33038,incendio,-8.7534,-77.0096
33041,incendio,-7.2144,-76.0472
33051,no_incendio,-7.353974209500567,-76.635407884227
33052,no_incendio,-6.770535932670912,-77.17143392593205
33054,incendio,-5.8247,-76.525
33057,incendio,-7.5611,-76.3931
33058,incendio,-6.035,-76.2484
33063,no_incendio,-7.391380566669081,-77.4628689446306
33067,incendio,-7.2532,-76.6202
33068,incendio,-7.1175,-76.3898
33069,incendio,-6.6625,-76.3269
33070,no_incendio,-6.263351561254887,-76.64078067531564
33082,incendio,-5.9011,-76.295
33084,no_incendio,-6.594359651694001,-75.81359177197494
33088,incendio,-5.8203,-75.9852
33096,no_incendio,-5.563302307050842,-76.50751783358145
33100,incendio,-5.8398,-76.1057
33109,incendio,-7.8998,-76.7674
33117,no_incendio,-6.261893490975904,-75.72805069897333
33120,no_incendio,-6.303002240210201,-76.72194514117207
33125,no_incendio,-7.37285257220338,-75.85397128431137
33130,no_incendio,-6.525390337428589,-76.47559277816393
33133,no_incendio,-7.103154809386207,-75.80011378156274
33135,no_incendio,-7.299495014578471,-76.02669026239053
33138,incendio,-7.3876,-76.5296
33140,incendio,-5.7647,-76.3665
33144,incendio,-8.6896,-76.1166
33151,incendio,-6.5668,-75.6701
33153,incendio,-8.1703,-77.0137
33162,no_incendio,-5.877091540669871,-76.18474625697182
33163,no_incendio,-6.715205623153173,-76.11809578650696
33166,incendio,-5.9403,-77.0568
33167,incendio,-6.9633,-76.4821
33169,incendio,-6.1207,-76.2501
33170,no_incendio,-5.682009801127555,-77.32557014599907
33172,incendio,-6.4629,-76.5453
33174,incendio,-6.0894,-77.2021
33177,no_incendio,-5.716829315463946,-76.6884283959595
33179,incendio,-6.667,-76.2971
33187,incendio,-6.1742,-76.1469
33204,incendio,-6.8543,-76.896
33206,no_incendio,-6.42510939654662,-76.21314660329666
33209,incendio,-7.5433,-76.6703
33219,incendio,-7.3332,-76.1966
33226,incendio,-7.1079,-77.1105
33235,no_incendio,-5.3689055308415,-76.62344622964636
33241,incendio,-6.8646,-76.9675
33242,incendio,-6.3035,-76.8044
33247,no_incendio,-7.384008271248504,-77.19420546410333
33248,incendio,-6.7607,-76.6662
33258,incendio,-7.0182,-76.5823
33262,incendio,-6.6625,-76.6737
33270,incendio,-7.7291,-76.7104
33273,no_incendio,-5.932677032359028,-76.67039982026421
33278,incendio,-7.5251,-76.7233
33290,no_incendio,-6.331589003630742,-76.77579913568411
33293,no_incendio,-7.306661299403648,-77.35299757529853
33294,incendio,-5.7349,-76.2102
33300,no_incendio,-6.733687512476174,-75.74855689788478
33301,incendio,-7.3003,-76.7126
33302,no_incendio,-5.62998043999866,-76.34952477053923
33307,incendio,-7.1864,-77.0564
33308,incendio,-8.6833,-76.1762
33310,no_incendio,-6.931054749326789,-77.2760800084336
33320,no_incendio,-6.994018548876931,-77.44340810717631
33326,incendio,-7.2427,-76.6618
33336,incendio,-5.915,-75.9532
33340,no_incendio,-5.31179064282697,-75.78618195501585
33342,incendio,-6.563,-75.9995
33346,no_incendio,-7.3680402233360685,-75.9380390323052
33348,no_incendio,-5.473631906137981,-76.93641473945902
33357,no_incendio,-7.028663799217614,-75.85033836524988
33358,incendio,-5.8287,-75.9312
33371,incendio,-6.8099,-76.9099
33377,incendio,-8.2703,-76.6075
33378,incendio,-7.4207,-76.5511
33380,no_incendio,-5.441244045280792,-76.19936571316805
33381,incendio,-6.4702,-75.7716
33384,no_incendio,-7.347666513055251,-77.19530347019538
33385,no_incendio,-6.797128032172363,-76.15133853102378
33386,incendio,-6.6568,-77.322
33391,no_incendio,-6.1476999130544865,-77.34007485362595
33397,incendio,-7.2265,-77.0102
33399,incendio,-7.0743,-76.2531
33402,incendio,-6.8052,-76.5102
33404,incendio,-6.0001,-77.1967
33416,incendio,-7.166,-76.3242
33422,incendio,-5.8392,-76.5415
33425,no_incendio,-6.709233322192638,-77.51049806027564
33427,incendio,-7.0395,-76.232
33435,no_incendio,-6.71467279372098,-77.07743264874856
33436,incendio,-7.5506,-76.4415
33439,no_incendio,-6.180704652480343,-76.89113580194854
33443,no_incendio,-7.427821513315094,-77.09535827635182
33445,incendio,-7.2114,-76.3447
33448,no_incendio,-5.433480478841975,-76.00940335234054
33449,incendio,-5.9391,-75.9778
33451,no_incendio,-6.072304927752775,-76.77556503555117
33455,no_incendio,-6.324934683730277,-76.81019781469472
33460,incendio,-6.3986,-75.7313
33462,incendio,-8.6645,-76.359
33468,incendio,-5.7334,-76.5305
33475,no_incendio,-6.535104750481092,-76.08251249993276
33494,incendio,-7.2015,-76.2802
33496,no_incendio,-5.8115954954872135,-76.36754698151917
33501,incendio,-8.5693,-76.1492
33504,no_incendio,-7.174304209114396,-76.54277799438324
33508,incendio,-7.3458,-76.6241
33519,no_incendio,-5.323979357908248,-75.76496426046252
33521,no_incendio,-7.317626251154921,-75.78361603634158
33522,no_incendio,-6.911054339106914,-76.61694946054432
33529,no_incendio,-7.15250800382105,-75.6698884726493
33538,incendio,-6.4369,-75.7635
33539,incendio,-5.8731,-77.074
33541,no_incendio,-5.7870347665351245,-76.83855785035811
33546,no_incendio,-6.061671698446887,-76.35844064270319
33548,incendio,-8.2608,-76.4694
33558,no_incendio,-7.183923927473843,-76.41258057222892
33569,no_incendio,-7.153254312142147,-75.61931012295983
33570,incendio,-7.2629,-77.0325
33571,no_incendio,-5.546857195256127,-75.81190178678054
33577,no_incendio,-6.061127541678445,-77.3300358732125
33582,no_incendio,-7.447641034854349,-75.90762090121981
33584,incendio,-7.3291,-76.7074
33586,no_incendio,-5.875471323487407,-77.45654526806348
33589,incendio,-7.128,-76.8717
33590,no_incendio,-6.831471934568246,-75.7875932896481
33599,incendio,-7.3906,-76.5516
33601,no_incendio,-6.893380079192219,-76.030920773184
33604,no_incendio,-6.441502518699965,-76.95262753749782
33606,incendio,-6.6061,-76.7562
33617,no_incendio,-6.501773263941807,-76.20873227680231
33624,incendio,-7.0295,-76.8171
33627,no_incendio,-5.423352355280385,-75.9768451523196
33632,incendio,-7.1801,-76.7345
33634,incendio,-7.3445,-76.4472
33635,incendio,-7.523,-76.5474
33638,no_incendio,-7.431414415877487,-76.13136950681124
33648,no_incendio,-5.919068188390441,-77.36605426382134
33666,no_incendio,-5.465266875680572,-76.24842900681286
33667,incendio,-6.6941,-76.4094
33674,no_incendio,-7.487565239153625,-77.31329030244564
33678,incendio,-7.3378,-76.1796
33694,no_incendio,-7.218925664720446,-76.08201561394016
33701,no_incendio,-6.040843804619021,-75.5134205645717
33702,incendio,-7.4218,-76.8323
33706,incendio,-6.1625,-76.1739
33708,incendio,-6.665,-75.5906
33711,incendio,-7.0132,-76.6587
33712,incendio,-8.5139,-76.4343
33714,incendio,-6.3431,-76.0583
33725,incendio,-8.2729,-76.48
33726,incendio,-8.3365,-76.2675
33733,incendio,-5.5538,-76.7001
33735,incendio,-6.4872,-76.3603
33737,incendio,-8.3169,-76.3745
33739,incendio,-7.2105,-76.8457
33744,no_incendio,-7.110610391202952,-75.57270966365749
33746,no_incendio,-5.531434005442488,-77.13875106909684
33760,incendio,-6.0323,-76.1053
33763,incendio,-6.4889,-76.3624
33764,no_incendio,-7.369405359299169,-75.53775524923043
33766,no_incendio,-5.590745607594968,-76.01092904258273
33769,incendio,-6.157,-77.0995
33771,incendio,-7.6809,-76.5107
33772,incendio,-6.3183,-75.8968
33780,no_incendio,-7.450227101420001,-77.22165209135423
33784,incendio,-7.5673,-76.439
33790,incendio,-7.064,-76.9583
33794,incendio,-6.9552,-76.3436
33795,incendio,-7.2201,-77.7453
33801,no_incendio,-6.812854444766214,-76.31590409569822
33802,no_incendio,-6.150817748541318,-77.2743773218178
33816,no_incendio,-6.998414939340265,-75.67912715079014
33817,no_incendio,-7.314921869709458,-75.6262107073791
33821,no_incendio,-6.049219022458795,-76.2803636866073
33826,incendio,-7.0991,-76.5002
33832,no_incendio,-7.304318403936466,-76.8341795441283
33836,incendio,-8.6535,-76.281
33841,incendio,-6.081,-76.2746
33845,incendio,-6.0214,-76.1441
33852,incendio,-5.8968,-76.3086
33857,no_incendio,-6.921582299532002,-76.91163158233097
33858,incendio,-6.7845,-76.6936
33862,no_incendio,-7.230008103453095,-76.43726823574747
33863,incendio,-6.409,-75.7419
33868,no_incendio,-7.456346722108078,-76.20342873895703
33870,incendio,-5.6951,-77.249
33890,incendio,-8.534,-76.4982
33892,incendio,-6.8829,-76.9285
33897,no_incendio,-5.572804894965716,-76.96734256320798
33898,no_incendio,-6.325765977825784,-76.5205147871752
33906,no_incendio,-5.634222890340759,-76.43789808900263
33911,no_incendio,-6.509338593690795,-76.81131065559471
33913,no_incendio,-5.853989818371729,-76.78866763757419
33919,no_incendio,-5.720724874930588,-76.09066535924033
33920,no_incendio,-6.377843437674785,-75.69894560383477
33937,incendio,-7.0898,-76.7486
33941,no_incendio,-5.863095020713222,-75.7889986714283
33942,incendio,-7.1716,-77.0888
33943,no_incendio,-6.253426709313807,-77.08659131097349
33958,incendio,-6.3082,-75.8501
33961,no_incendio,-6.072007171578419,-77.37389388906047
33971,no_incendio,-6.887626631829371,-77.285374555124
33973,no_incendio,-7.454820191858604,-77.06390769959336
33974,incendio,-7.0045,-76.3392
33980,incendio,-8.0266,-76.7006
33983,incendio,-6.1775,-76.7227
33993,no_incendio,-5.418336191471334,-77.27363994749886
33997,incendio,-5.9878,-77.6531
33999,no_incendio,-7.566170057674632,-77.33420456007225
34000,incendio,-6.8572,-76.2612
34001,incendio,-6.5541,-76.2823
34005,no_incendio,-6.5749903992962055,-76.89683303442592
34008,incendio,-6.8687,-76.6497
34010,no_incendio,-6.490391135640375,-76.20592887580928
34013,incendio,-7.0487,-76.1313
34014,incendio,-7.5443,-76.4048
34015,no_incendio,-7.332916187784927,-76.99914864296008
34020,no_incendio,-5.374689655955711,-76.01901794140703
34022,incendio,-7.0378,-76.3371
34024,no_incendio,-5.872543626896172,-76.44213080221468
34028,no_incendio,-6.808298154641365,-77.1261442416624
34029,no_incendio,-5.855822399079694,-75.69747959221154
34033,no_incendio,-6.564347270784287,-75.8738633840426
34034,incendio,-8.6295,-76.5786
34048,no_incendio,-5.959932705913599,-76.9795248154579
34050,no_incendio,-6.942054443870175,-75.88451122317879
34052,incendio,-6.699,-76.7505
34055,no_incendio,-5.469135651128677,-76.66584024328755
34069,no_incendio,-6.219703521684984,-76.92758051251145
34087,no_incendio,-5.73653806083423,-77.04027076606343
34089,incendio,-6.8041,-76.8164
34102,incendio,-7.5695,-76.4798
34110,no_incendio,-6.6832264067033,-77.40030797685029
34113,incendio,-6.9233,-76.6059
34114,no_incendio,-6.04175420458928,-75.6154818462728
34117,no_incendio,-7.000863457307533,-75.58957693762711
34121,incendio,-5.5733,-76.6476
34136,no_incendio,-5.746784627492212,-75.78617751665539
34137,no_incendio,-6.559185707653601,-77.1814362546677
34156,incendio,-5.9279,-76.2443
34161,no_incendio,-7.475453840000244,-77.09283995143899
34170,incendio,-5.939,-77.0968
34171,no_incendio,-7.322683908671553,-75.62004317838583
34174,incendio,-7.3805,-76.743
34177,incendio,-6.9199,-76.1814
34180,incendio,-7.5016,-76.4413
34181,no_incendio,-6.645743757749571,-77.31611856562348
34186,incendio,-7.3747,-76.5306
34187,no_incendio,-6.545046135469808,-77.4695217022142
34200,no_incendio,-6.607438503581988,-77.25629846979227
34204,no_incendio,-5.46295343513328,-75.95414593487065
34206,incendio,-5.8324,-77.211
34211,no_incendio,-6.726577938090313,-76.92865414529734
34213,no_incendio,-5.382544750033527,-75.77853597502654
34225,no_incendio,-6.838209877352376,-75.74494612497837
34238,no_incendio,-7.404587411347148,-77.48236039818194
34239,incendio,-6.2733,-75.8238
34243,no_incendio,-7.508397223486154,-75.66150958377543
34246,no_incendio,-7.552000736404346,-77.05977682552361
34252,no_incendio,-6.525571951158751,-77.30569775147015
34253,incendio,-5.8371,-76.3055
34262,no_incendio,-5.915658751464713,-77.38575524652865
34265,incendio,-6.4703,-75.6734
34267,no_incendio,-6.5631659761878876,-77.17426169429598
34277,no_incendio,-5.546093305557506,-76.96305959318578
34284,incendio,-7.0569,-76.466
34291,incendio,-7.2466,-77.0601
34297,no_incendio,-7.07173503300346,-76.39313006840234
34302,incendio,-7.5404,-76.5104
34311,incendio,-6.0769,-76.8873
34326,no_incendio,-6.812990607089626,-75.70820307560577
34329,no_incendio,-7.0802266587833635,-75.87902422488
34332,no_incendio,-5.621781873154133,-75.59201486751932
34338,incendio,-6.8281,-76.5462
34343,no_incendio,-7.318729401485612,-76.81445384525996
34347,incendio,-7.2767,-76.9402
34354,no_incendio,-5.846023239980903,-75.59058432825728
34360,incendio,-7.408,-76.5692
34361,incendio,-7.603,-76.4858
34365,incendio,-6.7816,-76.1707
34366,incendio,-7.4702,-76.6325
34367,incendio,-7.4231,-76.5977
34376,no_incendio,-6.695277689736439,-77.08154414600035
34381,no_incendio,-6.300957997693996,-76.09847737144455
34386,incendio,-6.2823,-75.889
34387,no_incendio,-6.30791982416226,-77.35125522509678
34394,no_incendio,-6.808298154641365,-77.1261442416624
34395,no_incendio,-7.117688925300616,-76.79094679252412
34396,no_incendio,-5.364004538303699,-76.51587462337326
34399,incendio,-7.3424,-76.8974
34414,no_incendio,-6.745283632589781,-76.33682715106067
34417,no_incendio,-6.15602894819134,-76.33768833426039
34419,no_incendio,-5.851710851525425,-77.43871611391367
34420,incendio,-6.2173,-75.9419
34432,incendio,-7.5801,-76.4094
34434,no_incendio,-6.9821795229188215,-77.4814837765738
34440,incendio,-6.6118,-76.4807
34443,incendio,-7.3859,-76.2539
34466,incendio,-6.3171,-76.1248
34468,incendio,-5.8653,-76.2325
34482,incendio,-5.6774,-77.4387
34485,incendio,-6.8291,-76.9055
34497,no_incendio,-6.921582299532002,-76.91163158233097
34499,no_incendio,-5.60683404112794,-77.27867668965091
34501,incendio,-7.3308,-76.5962
34504,incendio,-6.6665,-76.6583
34509,incendio,-5.333,-76.5238
34514,no_incendio,-5.605657953237715,-77.33944421680316
34523,no_incendio,-5.882916892819359,-76.86515934904114
34529,no_incendio,-7.3912095148136645,-77.03017853882585
34530,no_incendio,-7.4500171761306255,-77.030145813453
34534,no_incendio,-6.931488241799888,-76.75916732730077
34535,incendio,-5.7811,-77.1761
34541,no_incendio,-6.904145543477711,-77.38998183817624
34546,incendio,-7.6091,-76.7248
34555,no_incendio,-5.709919403753175,-77.18915952963572
34556,no_incendio,-7.277740388513622,-77.219832932029
34558,incendio,-6.1589,-77.0163
34559,incendio,-7.8006,-76.8151
34566,incendio,-5.7526,-76.1719
34568,incendio,-6.8442,-76.5017
34580,incendio,-8.1597,-77.0015
34581,no_incendio,-6.741564716218832,-76.27215624555981
34583,incendio,-7.408,-76.7049
34591,no_incendio,-7.554963436234575,-75.69130210162552
34592,no_incendio,-6.777084363074236,-76.9625637860872
34599,no_incendio,-5.6727531578346015,-77.41986068936593
34605,incendio,-6.7182,-76.5632
34607,incendio,-5.3317,-76.7014
34611,incendio,-7.289,-76.6676
34616,incendio,-7.2126,-76.3478
34642,incendio,-6.6333,-76.3546
34643,incendio,-7.5753,-76.6122
34644,no_incendio,-5.67746740794027,-76.11677597680215
34645,incendio,-7.219,-76.0714
34651,no_incendio,-6.0457356441581505,-76.76564488218803
34655,incendio,-7.3111,-76.4384
34658,no_incendio,-6.953964765279714,-77.26246463391935
34660,no_incendio,-5.452511328645989,-77.32229773796371
34661,no_incendio,-6.1579628470379655,-75.78726893747826
34667,incendio,-7.544,-76.5143
34669,no_incendio,-5.501045309864604,-77.33293151035834
34672,no_incendio,-6.7392978420431415,-76.19966664513106
34676,no_incendio,-7.433177363041198,-76.83037064638081
34689,incendio,-6.3606,-75.8535
34699,no_incendio,-5.966007765722613,-76.02339603474364
34705,no_incendio,-7.010242517235748,-76.48324440357516
34713,incendio,-7.1793,-76.9164
34717,incendio,-6.1847,-76.3234
34719,incendio,-6.8277,-76.7785
34720,incendio,-6.6572,-76.3649
34727,no_incendio,-6.671769405587168,-77.2003294261131
34728,incendio,-7.3704,-76.7151
34740,incendio,-6.4789,-76.7352
34749,no_incendio,-7.188505073730313,-76.90328431055737
34753,no_incendio,-6.797587829172456,-76.96085855036651
34761,incendio,-7.2853,-76.5205
34763,incendio,-7.0562,-76.6541
34764,no_incendio,-5.747916301571042,-76.94248947046277
34768,incendio,-7.4224,-76.54
34781,incendio,-6.6988,-76.6275
34787,incendio,-5.649,-77.3389
34788,no_incendio,-5.608145245385959,-76.22898397370268
34796,incendio,-5.8748,-76.0351
34808,incendio,-5.4899,-76.7379
34811,incendio,-5.6985,-75.8182
34818,no_incendio,-6.682240904919321,-76.14970898536502
34820,no_incendio,-5.402348170521421,-77.02463779239379
34829,no_incendio,-6.281173626920689,-76.33798845589783
34830,incendio,-7.24,-76.7664
34833,no_incendio,-5.985543510791079,-75.55610035209125
34838,incendio,-6.8778,-76.804
34840,incendio,-6.9923,-76.174
34842,no_incendio,-5.360774716680023,-76.65130740948035
34847,no_incendio,-7.389808722529589,-77.07301560245696
34848,incendio,-8.63,-76.0981
34851,no_incendio,-7.237158680749911,-76.11796356076336
34859,incendio,-7.3762,-76.5627
34865,no_incendio,-6.94690710912819,-75.63438003182783
34867,no_incendio,-6.752631174647365,-76.89757485609974
34871,no_incendio,-6.061517131296685,-76.40854652459227
34873,incendio,-6.9576,-76.5172
34880,incendio,-5.9135,-76.1732
34894,incendio,-6.7862,-76.4822
34897,incendio,-8.4883,-76.3509
34906,incendio,-6.002,-75.8159
34911,no_incendio,-5.494377757817533,-77.22053363364685
34912,incendio,-6.4728,-76.8412
34914,incendio,-6.0717,-77.5126
34916,incendio,-6.5217,-76.6044
34920,no_incendio,-6.388532043555506,-76.84726928607184
34922,incendio,-7.1847,-76.3997
34931,no_incendio,-5.55191314269425,-76.59129090689653
34934,incendio,-6.7389,-76.5672
34935,no_incendio,-6.9177745399597805,-77.27712831962272
34936,no_incendio,-6.040209440060914,-75.6194334979568
34940,incendio,-8.3815,-76.2398
34950,incendio,-7.1336,-76.6456
34951,no_incendio,-7.544493851248457,-76.73397529490327
34952,no_incendio,-7.523343048173316,-75.60465669486607
34953,no_incendio,-5.533837838145786,-75.72558753064112
34954,incendio,-6.8667,-76.9098
34955,no_incendio,-6.892866951927303,-75.87172300219687
34959,no_incendio,-6.5273014114668,-77.07055670023018
34960,no_incendio,-6.013807781245941,-77.54515653099793
34961,incendio,-7.174,-76.1734
34970,no_incendio,-6.682240904919321,-76.14970898536502
34972,incendio,-7.5646,-76.1973
34979,incendio,-7.5683,-76.6439
34984,incendio,-5.67,-76.5999
34987,no_incendio,-5.998881730764309,-77.1385121318961
34988,no_incendio,-5.780675568523146,-77.4440499191556
34989,incendio,-7.2324,-76.8691
35016,no_incendio,-7.241827770839374,-75.55383362888189
35018,no_incendio,-7.351997452668049,-75.86863921087647
35022,no_incendio,-7.124827279927048,-76.79852328354966
35026,incendio,-8.1477,-76.6971
35033,no_incendio,-7.52893790740652,-77.07253517227397
35040,incendio,-6.8114,-76.906
35047,no_incendio,-7.0294194294183265,-77.09735006276883
35050,no_incendio,-6.949882284574706,-75.68273295602192
35057,no_incendio,-6.007112604816549,-77.29204800487722
35058,incendio,-5.3886,-76.5908
35061,incendio,-6.9253,-77.7815
35065,no_incendio,-5.609318574866824,-76.18227826181767
35077,incendio,-7.2457,-76.4561
35079,no_incendio,-6.073266163575411,-75.6671313489238
35085,incendio,-7.2842,-76.8113
35092,incendio,-7.2006,-76.3912
35094,incendio,-5.891,-76.4087
35095,incendio,-6.4668,-77.6725
35096,no_incendio,-6.558646082464617,-76.16096804971144
35097,incendio,-6.0948,-75.9613
35099,incendio,-7.1611,-76.2725
35100,incendio,-5.7349,-76.4404
35104,no_incendio,-7.183923927473843,-76.41258057222892
35110,incendio,-8.5619,-76.326
35125,incendio,-6.9423,-76.5129
35129,incendio,-5.902,-76.3024
35132,no_incendio,-7.146199438472306,-75.63802434726938
35133,incendio,-7.4626,-76.4159
35135,incendio,-8.6063,-76.2822
35136,incendio,-6.358,-75.8333
35150,no_incendio,-6.032904107983954,-75.67491532543472
35155,no_incendio,-5.695046426207607,-76.82428560854454
35158,incendio,-6.6229,-76.6729
35161,no_incendio,-6.75147932991093,-77.49824320852836
35162,no_incendio,-7.352637322565051,-76.5869966012663
35168,incendio,-5.7752,-77.2316
35169,no_incendio,-5.772447993979731,-76.76825761036689
35172,no_incendio,-5.641271222445664,-77.2589065650696
35175,incendio,-5.7566,-76.487
35177,incendio,-5.374,-76.5795
35192,incendio,-6.7722,-76.5574
35198,no_incendio,-6.152183459458481,-75.52419970077695
35201,incendio,-7.2551,-76.6835
35202,no_incendio,-6.107287203943645,-77.4216594793923
35203,incendio,-7.6088,-76.6148
35208,incendio,-7.0089,-76.1802
35213,no_incendio,-6.86128898258832,-76.74328169561169
35216,no_incendio,-6.073266163575411,-75.6671313489238
35221,no_incendio,-6.040843804619021,-75.5134205645717
35222,no_incendio,-5.3838831063176515,-76.49104845789617
35224,no_incendio,-5.41267692948794,-75.94332607139869
35234,no_incendio,-6.319184567250436,-76.7615595241715
35236,no_incendio,-6.442705023956996,-76.30481606512446
35237,incendio,-7.3143,-75.5978
35243,no_incendio,-5.504024274503536,-76.47223087280436
35245,no_incendio,-6.045557480896305,-76.73042918045354
35247,incendio,-6.6046,-76.7582
35248,incendio,-7.3931,-76.6414
35250,incendio,-7.2721,-76.3116
35257,no_incendio,-7.15250800382105,-75.6698884726493
35258,no_incendio,-7.278446400857449,-77.33703515392486
35262,no_incendio,-5.31562173519542,-75.64368786803017
35266,incendio,-5.8422,-76.2265
35267,incendio,-7.2087,-76.6525
35277,incendio,-7.3461,-76.5284
35281,incendio,-8.0427,-77.2762
35282,incendio,-8.5541,-76.3622
35286,no_incendio,-6.166609034042587,-76.23843722431326
35291,no_incendio,-5.880891988248802,-77.50381327072611
35300,incendio,-6.9929,-76.3511
35303,incendio,-7.1307,-76.6238
35307,incendio,-5.9755,-76.1073
35308,incendio,-5.7363,-77.3313
35309,incendio,-6.7142,-76.492
35318,no_incendio,-5.7006314608305315,-76.5774762709844
35323,incendio,-6.8401,-76.5511
35326,incendio,-7.2537,-76.6781
35327,no_incendio,-7.510787208532104,-75.93881161563174
35329,no_incendio,-7.592937213039827,-76.3910934505804
35333,incendio,-6.126,-76.3078
35344,no_incendio,-7.5702550538704605,-75.67821320807053
35346,no_incendio,-6.979782618165886,-76.34280103633438
35347,incendio,-7.5216,-76.2303
35354,incendio,-6.0211,-76.131
35355,no_incendio,-7.233369543625463,-75.83176043083628
35358,incendio,-6.1862,-75.6058
35364,incendio,-6.1965,-76.0595
35381,incendio,-7.4082,-76.5377
35394,no_incendio,-6.963743688695052,-77.15890290229473
35398,incendio,-7.6051,-76.6977
35399,incendio,-6.5267,-76.7643
35400,incendio,-6.5654,-76.3943
35404,incendio,-6.8393,-76.6584
35407,incendio,-7.4413,-76.6466
35410,no_incendio,-6.420856851462068,-76.77933512635609
35418,incendio,-5.7185,-76.2236
35427,incendio,-6.8361,-76.9455
35428,incendio,-7.5779,-76.4879
35431,no_incendio,-6.258662070362653,-76.50630572261905
35433,incendio,-6.9779,-76.6902
35434,no_incendio,-6.081931713189248,-77.21688851873837
35438,incendio,-6.0267,-76.2889
35452,no_incendio,-6.073266163575411,-75.6671313489238
35456,no_incendio,-6.088150630105884,-77.05183868742043
35461,incendio,-7.6381,-76.4146
35462,no_incendio,-5.721753234372427,-77.04300744557013
35464,no_incendio,-6.875442125514737,-76.55018813227439
35471,incendio,-7.3558,-76.4593
35476,incendio,-6.1225,-76.3237
35477,no_incendio,-6.730215654444688,-76.84821672271427
35478,incendio,-6.9294,-76.7332
35484,no_incendio,-7.079367268286084,-75.74962590729507
35486,no_incendio,-7.232373566693578,-77.33989801092913
35488,incendio,-6.9871,-76.6928
35502,incendio,-7.1598,-76.4679
35506,incendio,-5.717,-76.4155
35507,incendio,-7.5288,-76.4229
35510,incendio,-7.1068,-76.3403
35523,no_incendio,-6.0636997194620585,-76.98817967024722
35526,incendio,-5.7423,-76.4772
35531,no_incendio,-6.097161064451766,-76.22638691915272
35533,incendio,-7.2145,-76.8149
35537,no_incendio,-6.53438876670278,-77.3151143596093
35538,incendio,-8.7905,-76.9838
35546,no_incendio,-5.748428283636171,-75.60096771532396
35547,incendio,-8.2146,-76.6189
35550,incendio,-7.2944,-76.4236
35552,incendio,-6.2338,-75.8093
35560,incendio,-7.4714,-77.5203
35565,no_incendio,-5.364892363396528,-76.8599043565554
35573,incendio,-7.2618,-76.6019
35574,incendio,-6.1778,-76.7271
35578,incendio,-6.6756,-76.3966
35581,incendio,-6.7012,-76.6241
35584,incendio,-7.524,-76.4177
35590,incendio,-7.3812,-76.7336
35598,no_incendio,-7.532917537712722,-76.04821551837472
35603,incendio,-7.2353,-77.0405
35612,incendio,-6.2565,-75.8356
35617,no_incendio,-5.576401103022335,-75.65589793985158
35620,incendio,-7.1319,-76.5704
35624,no_incendio,-7.1291364623253095,-77.04904307212506
35625,no_incendio,-5.802494877336548,-76.35132685190827
35629,incendio,-7.013,-76.1256
35637,no_incendio,-7.19668087361042,-76.2603633805298
35638,incendio,-5.9323,-75.9402
35641,no_incendio,-6.143493830692505,-76.5408916216836
35644,no_incendio,-5.41517785771272,-76.05115692097354
35645,no_incendio,-7.388452210624765,-77.20638603731945
35648,no_incendio,-6.660380391800162,-76.4974881056194
35652,incendio,-6.4392,-75.6829
35657,no_incendio,-6.0258388422724725,-75.8823418796658
35659,no_incendio,-6.545436147892791,-76.30829128869237
35660,incendio,-8.2596,-76.3926
35661,no_incendio,-7.038387701485983,-77.46608635694433
35662,incendio,-6.6092,-75.6596
35663,no_incendio,-7.276587033646778,-76.71291357389988
35665,no_incendio,-5.813466395394225,-76.54314458566375
35670,no_incendio,-6.428027041919373,-76.62475957936073
35672,incendio,-5.6632,-76.6361
35673,incendio,-7.1945,-76.4965
35676,no_incendio,-7.349457434232458,-77.2287510721594
35679,no_incendio,-7.468966943240149,-76.0987072289364
35681,incendio,-8.6525,-76.9149
35687,no_incendio,-6.342272331916268,-77.0355540401251
35689,incendio,-6.6345,-76.4487
35700,no_incendio,-6.109182329794082,-77.41759375115069
35704,incendio,-5.9181,-76.441
35707,no_incendio,-6.460809424904893,-76.67264708557983
35708,incendio,-6.4387,-75.7503
35710,incendio,-8.4215,-76.3882
35717,no_incendio,-5.339033958369073,-76.08006911213882
35718,no_incendio,-6.871083272493799,-75.76930140332634
35724,incendio,-6.8168,-76.6126
35732,incendio,-6.7696,-76.4938
35742,incendio,-5.7226,-76.238
35744,incendio,-6.9,-76.6742
35747,no_incendio,-7.122938851987355,-76.92917682268381
35752,no_incendio,-6.811703020411863,-76.53234904826876
35757,incendio,-5.7331,-76.3867
35758,no_incendio,-5.709919403753175,-77.18915952963572
35768,no_incendio,-7.134812798520641,-75.55898183219816
35773,no_incendio,-6.929766621277843,-76.9486595645204
35776,no_incendio,-7.0475824644559095,-77.00777977835193
35782,incendio,-6.0066,-76.3102
35784,incendio,-6.8344,-76.5221
35786,incendio,-6.93,-76.5487
35787,no_incendio,-6.6046403916429695,-76.28478273774354
35789,no_incendio,-5.6355072776323825,-77.05987553143974
35790,no_incendio,-5.473631906137981,-76.93641473945902
35800,incendio,-6.8418,-76.8602
35801,incendio,-6.1525,-77.0776
35807,incendio,-5.899,-76.1175
35821,incendio,-7.1215,-76.859
35822,no_incendio,-6.441502518699965,-76.95262753749782
35825,no_incendio,-6.664505823088651,-77.4814157749719
35826,incendio,-6.7638,-76.6353
35828,incendio,-8.4844,-76.3767
35834,no_incendio,-6.834300186862358,-76.1605435782697
35843,incendio,-7.3957,-76.8625
35847,no_incendio,-7.3239429065406565,-75.71625724817507
35851,incendio,-8.7595,-77.1712
35866,incendio,-5.9327,-76.311
35867,incendio,-5.7874,-76.3579
35880,no_incendio,-6.825822993237503,-77.04144362527458
35883,incendio,-5.6792,-75.9162
35886,incendio,-7.1217,-76.2793
35887,no_incendio,-6.110977096163155,-77.0520623179512
35894,no_incendio,-6.545046135469808,-77.4695217022142
35899,incendio,-6.6908,-76.6299
35902,no_incendio,-5.369370124540203,-77.53041632467286
35906,incendio,-6.5653,-76.4461
35907,no_incendio,-5.588466979788065,-76.18717580992774
35913,no_incendio,-7.0294194294183265,-77.09735006276883
35920,incendio,-7.0626,-76.0907
35921,incendio,-6.6551,-76.7583
35926,incendio,-8.5923,-75.607
35929,no_incendio,-6.113161344070998,-75.7616050051639
35934,incendio,-7.5937,-76.79
35943,no_incendio,-6.590197592397879,-75.98025100323518
35948,no_incendio,-6.200171336468845,-76.47517852395984
35949,incendio,-7.5622,-76.5316
35951,incendio,-7.6238,-76.5183
35961,no_incendio,-6.238722534494159,-76.96599757551694
35968,incendio,-7.606,-76.4573
35970,no_incendio,-6.1400329007098495,-75.77782950002863
35973,incendio,-6.3293,-75.8828
35977,no_incendio,-6.882432262080377,-75.90126287963834
35980,incendio,-5.3034,-76.4138
35982,no_incendio,-6.076651418507213,-75.99938351654062
35990,incendio,-7.2093,-77.0716
36000,incendio,-5.8419,-76.3678
36005,no_incendio,-7.192625795202753,-75.79931940133156
36024,no_incendio,-5.637143675477756,-76.46390106880192
36036,incendio,-6.1457,-76.3661
36050,incendio,-7.3226,-76.2092
36060,no_incendio,-5.834688696045425,-76.52690718058605
36061,incendio,-7.5601,-76.5381
36065,no_incendio,-6.136911310096428,-77.0902535793698
36066,no_incendio,-6.052146999790762,-76.66693051861807
36070,no_incendio,-6.447996016247126,-77.41234607167007
36071,no_incendio,-6.238722534494159,-76.96599757551694
36088,no_incendio,-5.7595902055188795,-75.77924853201874
36089,incendio,-6.7117,-77.3042
36090,no_incendio,-6.000913642665956,-77.14500157376662
36096,no_incendio,-5.4868610147355525,-76.76095607597574
36098,no_incendio,-7.080940596432744,-77.316377811303
36102,incendio,-8.3234,-76.6073
36108,no_incendio,-6.092332930769818,-77.53250095731846
36111,no_incendio,-6.224512205373936,-77.14720066928672
36117,no_incendio,-6.310252900156727,-75.63690302476967
36119,no_incendio,-5.532853929708149,-75.98229483983717
36121,incendio,-7.3105,-76.9196
36129,no_incendio,-7.082610644878744,-76.41583738866235
36130,incendio,-7.1933,-76.8865
36135,incendio,-7.4594,-76.6719
36136,incendio,-7.4304,-76.56
36143,incendio,-6.963,-76.7714
36147,no_incendio,-5.928733149107297,-75.62813587078854
36152,incendio,-6.3048,-76.2016
36155,no_incendio,-7.511017054186108,-77.44217334143556
36160,incendio,-7.2707,-76.3844
36162,no_incendio,-5.815055199872086,-76.00054370091742
36180,incendio,-6.3626,-75.998
36183,incendio,-6.1054,-76.2212
36188,incendio,-7.3277,-76.9778
36189,no_incendio,-6.2554801571250565,-76.43574997258422
36191,no_incendio,-5.932677032359028,-76.67039982026421
36192,no_incendio,-6.7893125147185724,-75.8130856477531
36195,incendio,-7.3675,-76.6986
36196,no_incendio,-7.5990878129892385,-76.01433706050479
36200,incendio,-6.8465,-76.7066
36211,no_incendio,-6.0854129819425,-76.79698741171129
36216,incendio,-6.0586,-76.1506
36226,incendio,-6.0844,-76.1274
36228,no_incendio,-7.451217530868493,-77.29241876502243
36233,incendio,-7.0539,-76.2113
36237,incendio,-6.8981,-76.9447
36242,incendio,-5.7488,-77.423
36250,no_incendio,-6.337630898858479,-77.22298031852678
36251,incendio,-7.0832,-76.5663
36253,no_incendio,-7.500619459820059,-77.36318050509186
36257,no_incendio,-6.459421110313875,-76.2975020951517
36264,incendio,-7.7134,-76.7447
36266,incendio,-6.9039,-76.459
36267,incendio,-8.4062,-76.9674
36269,no_incendio,-7.188266062247751,-75.80338733044515
36270,incendio,-6.7632,-76.449
36276,no_incendio,-6.2816422432891255,-75.61454508391762
36278,no_incendio,-6.645743757749571,-77.31611856562348
36281,incendio,-7.2074,-77.0078
36282,incendio,-6.7088,-76.6314
36285,incendio,-7.142,-76.9351
36288,no_incendio,-5.4324592687941,-76.16239104777486
36291,no_incendio,-5.778538304462726,-77.27874829265495
36296,incendio,-7.3926,-76.4267
36297,no_incendio,-7.518549043794622,-77.46918278069812
36301,no_incendio,-6.950453264096688,-75.59880859567114
36303,no_incendio,-7.474717173105087,-76.9435614717976
36304,no_incendio,-7.282016752291952,-75.89864347181351
36307,incendio,-6.1602,-75.9129
36309,no_incendio,-6.6015678247259215,-76.27888093028594
36322,no_incendio,-5.733319617679441,-76.17295841826885
36324,no_incendio,-6.802375216185101,-76.58944416230916
36334,incendio,-7.2334,-76.4993
36336,no_incendio,-6.806373584205248,-76.84212620311408
36338,no_incendio,-6.543996709664201,-75.77625931317041
36339,incendio,-6.1967,-76.3534
36342,incendio,-6.9406,-76.6284
36347,no_incendio,-7.181016545835497,-77.14662187463146
36348,incendio,-6.5482,-76.1256
36350,no_incendio,-6.119596318397669,-75.7668351630271
36360,no_incendio,-6.376726836973272,-77.35752912688064
36366,no_incendio,-5.871232465142917,-76.52596915622884
36369,no_incendio,-5.323979357908248,-75.76496426046252
36376,incendio,-5.8838,-76.3095
36377,incendio,-6.3303,-75.9017
36382,incendio,-7.0323,-76.1256
36385,incendio,-8.3064,-76.2852
36386,incendio,-6.8341,-76.1526
36388,incendio,-5.8874,-76.9454
36389,no_incendio,-7.080940596432744,-77.316377811303
36390,incendio,-7.3433,-76.2338
36399,incendio,-6.7715,-76.5627
36406,incendio,-7.3383,-76.2868
36407,incendio,-5.3133,-76.7822
36412,incendio,-7.1114,-76.8892
36413,no_incendio,-6.993239612195546,-76.80617132397158
36419,no_incendio,-6.807279841790784,-75.78242302305196
36425,no_incendio,-5.942412033073392,-76.99723759620795
36426,no_incendio,-7.180456049019163,-77.4128118764767
36428,no_incendio,-5.326540128955467,-75.8192880237214
36435,incendio,-7.1027,-77.0399
36436,incendio,-6.8453,-76.8973
36449,incendio,-6.7797,-76.2815
36458,incendio,-5.4839,-76.7855
36472,incendio,-7.3497,-76.8163
36473,no_incendio,-5.871232465142917,-76.52596915622884
36475,no_incendio,-7.475453840000244,-77.09283995143899
36476,incendio,-6.2717,-76.6703
36484,incendio,-8.5318,-76.1661
36486,no_incendio,-6.212102855046136,-76.68622274401635
36487,no_incendio,-5.70993701267222,-76.39276259470975
36488,no_incendio,-6.4985912391976255,-76.97886285295857
36492,no_incendio,-5.409046088511844,-75.85044957982578
36501,incendio,-6.7036,-76.6474
36503,incendio,-6.0613,-76.0266
36504,incendio,-7.4157,-76.598
36505,no_incendio,-5.882379700992915,-75.5521215473338
36510,incendio,-6.3138,-76.6335
36511,incendio,-6.345,-76.0925
36512,incendio,-5.7541,-76.5066
36517,incendio,-7.753,-76.7051
36521,incendio,-7.3193,-77.0534
36529,incendio,-7.2576,-77.0524
36532,incendio,-6.6068,-76.561
36549,incendio,-6.7721,-76.5179
36557,incendio,-7.3188,-76.4587
36559,no_incendio,-6.024896527341603,-76.2922888028806
36560,incendio,-7.6922,-76.5268
36561,no_incendio,-6.500803234494254,-76.0342561681164
36563,incendio,-7.2283,-76.7106
36568,incendio,-7.0795,-77.594
36575,no_incendio,-6.3402826742912515,-75.67543757743714
36579,no_incendio,-6.394447416910339,-77.43791713673666
36585,incendio,-7.0275,-76.6121
36587,no_incendio,-6.377187733554232,-75.74684740899566
36589,incendio,-6.8072,-76.4578
36595,incendio,-6.6911,-76.8384
36604,incendio,-7.3042,-76.3539
36606,no_incendio,-6.141100932072808,-75.82733820285651
36610,no_incendio,-6.1156293221158835,-76.01949781132349
36611,incendio,-7.4953,-76.6198
36617,incendio,-7.1896,-76.6928
36622,incendio,-7.3166,-76.5708
36624,incendio,-7.5299,-76.7335
36625,incendio,-7.6751,-77.5014
36630,incendio,-7.4071,-76.7411
36632,no_incendio,-6.766715492175258,-75.83761083407144
36648,incendio,-6.6846,-76.4111
36650,incendio,-7.5017,-76.5217
36652,incendio,-6.8434,-76.5976
36654,no_incendio,-5.5797385570843945,-76.68051881795166
36655,no_incendio,-7.261878534754229,-75.78596746234152
36667,no_incendio,-6.173497385338977,-77.08001241103895
36668,incendio,-6.9204,-76.5348
36669,no_incendio,-6.509338593690795,-76.81131065559471
36677,no_incendio,-6.534406684076978,-76.00352237296187
36681,incendio,-7.3805,-76.6519
36682,incendio,-7.3606,-76.7364
36683,incendio,-6.8614,-76.0712
36691,incendio,-7.1933,-76.0822
36693,incendio,-7.6789,-76.4807
36694,incendio,-6.8402,-76.6686
36696,no_incendio,-7.006429626529349,-76.40821160101947
36705,no_incendio,-6.3402826742912515,-75.67543757743714
36712,no_incendio,-6.493728884519305,-75.95080124431671
36713,incendio,-7.0363,-76.0722
36720,incendio,-7.2046,-77.0769
36721,incendio,-8.2745,-76.4815
36723,incendio,-6.7693,-76.4692
36724,no_incendio,-5.629475532551382,-77.50061748638073
36728,no_incendio,-6.135395550199937,-77.01659159261982
36729,no_incendio,-6.326986282349614,-75.6142180056652
36730,no_incendio,-5.866539639068574,-77.22687497991105
36735,no_incendio,-6.3737423006602185,-77.16577350376646
36739,no_incendio,-5.353246300739066,-75.96334736686653
36743,incendio,-7.4153,-76.8695
36744,incendio,-6.8425,-76.6195
36750,incendio,-7.7032,-76.7368
36752,incendio,-5.8568,-76.0695
36767,no_incendio,-6.631390870435434,-77.17543848057095
36771,incendio,-5.9654,-75.9017
36774,no_incendio,-6.8267458836303225,-76.04005920267028
36780,incendio,-6.6531,-76.3927
36781,incendio,-7.3606,-76.2457
36788,incendio,-7.2381,-76.0826
36792,incendio,-8.1949,-75.6464
36794,no_incendio,-6.491284059337684,-76.25746904489338
36795,incendio,-7.0833,-76.4644
36797,incendio,-8.4509,-76.4015
36803,incendio,-6.841,-76.6525
36809,incendio,-5.3134,-76.4962
36815,incendio,-7.519,-76.4968
36822,incendio,-7.0919,-76.4183
36823,no_incendio,-6.9303848627730344,-77.0665622069992
36825,incendio,-7.3005,-76.4302
36830,no_incendio,-5.867404604520736,-75.92995443578674
36831,incendio,-6.9996,-76.5912
36833,no_incendio,-6.215385324683509,-77.39247138767627
36837,no_incendio,-5.441048358116876,-77.52077786090675
36847,incendio,-7.0878,-76.8225
36860,incendio,-7.047,-76.913
36861,no_incendio,-6.475196466130733,-76.70818383406251
36870,no_incendio,-6.534406684076978,-76.00352237296187
36872,no_incendio,-6.125949661803806,-77.27004912325427
36879,incendio,-8.4187,-76.7469
36880,incendio,-6.939,-76.8593
36881,incendio,-6.7824,-76.5323
36882,incendio,-5.8548,-76.3614
36884,incendio,-5.8111,-77.0823
36893,no_incendio,-6.400727870765625,-77.48420741846027
36905,no_incendio,-7.381229378022176,-76.50096695875145
36912,incendio,-7.0725,-76.2176
36918,no_incendio,-6.419675876236263,-76.64489280604421
36922,incendio,-6.9566,-76.6636
36923,incendio,-5.7057,-75.8617
36927,incendio,-5.8498,-76.0611
36928,incendio,-5.756,-77.0864
36933,no_incendio,-7.083533851815549,-75.86202426996425
36934,incendio,-7.6674,-76.7925
36938,no_incendio,-6.469524270312644,-76.04017356223993
36943,incendio,-6.5066,-76.9945
36948,incendio,-7.6439,-76.6257
36950,incendio,-8.278,-76.4625
36951,incendio,-7.2997,-76.5981
36958,no_incendio,-5.329749843854847,-75.71078811690217
36959,incendio,-7.3068,-76.6194
36965,incendio,-8.477,-76.2392
36980,incendio,-7.3543,-76.7522
36987,incendio,-7.1647,-76.4236
36990,incendio,-8.6289,-76.1765
36997,no_incendio,-6.110977096163155,-77.0520623179512
37000,incendio,-7.8023,-76.8277
37001,no_incendio,-5.356529850556848,-75.70252244587886
37013,no_incendio,-6.050469228584658,-76.73736427886188
37018,no_incendio,-6.1628423736617925,-77.33214012724629
37023,incendio,-7.1076,-76.3289
37029,no_incendio,-5.335389403596253,-76.01475499828726
37030,no_incendio,-7.128591277381194,-76.12302141097119
37035,no_incendio,-7.443277568920015,-75.95948688269024
37037,incendio,-7.1626,-76.2302
37040,incendio,-7.3791,-76.7097
37043,no_incendio,-5.6819042694428346,-76.21370978152449
37047,incendio,-6.1862,-76.3347
37052,incendio,-8.5456,-77.0357
37057,no_incendio,-6.476078930269108,-76.12579467837428
37064,incendio,-7.3162,-76.4265
37065,no_incendio,-5.546857195256127,-75.81190178678054
37069,no_incendio,-6.1290157028955905,-75.56386178427238
37072,no_incendio,-5.522972759309926,-75.80819311512354
37080,no_incendio,-5.871711432876104,-76.01772742487569
37086,incendio,-8.4875,-76.3522
37088,incendio,-7.9872,-76.7265
37097,incendio,-8.0623,-76.6517
37099,incendio,-7.399,-76.3562
37100,incendio,-8.5205,-75.5708
37103,no_incendio,-6.646019680443848,-77.50514894077688
37105,incendio,-8.1475,-77.224
37110,incendio,-5.6266,-76.6716
37113,no_incendio,-6.237007995955339,-77.29653920345977
37114,incendio,-6.7563,-76.4637
37117,no_incendio,-7.322683908671553,-75.62004317838583
37119,incendio,-8.6638,-76.3018
37120,no_incendio,-5.607896245919547,-76.37910922472966
37122,no_incendio,-6.578202945590633,-76.50501159622002
37124,no_incendio,-7.111569656244363,-77.04269521527607
37129,incendio,-8.1487,-76.6129
37132,incendio,-6.5954,-75.6059
37136,no_incendio,-7.6003471250061425,-76.18857699535684
37138,no_incendio,-5.861691315967814,-75.99243493644171
37140,no_incendio,-6.859834032339221,-77.17846783969736
37145,incendio,-7.2861,-76.1081
37146,no_incendio,-7.194942571615302,-76.85474676634065
37148,incendio,-5.9304,-75.9884
37166,incendio,-6.2656,-76.7024
37168,no_incendio,-7.000095620614563,-76.8362748925339
37179,incendio,-6.6246,-76.4183
37184,no_incendio,-5.900117559948675,-75.56284439390626
37193,incendio,-5.8244,-76.2034
37197,no_incendio,-6.437468171319466,-76.61472481016831
37198,incendio,-5.8661,-75.972
37199,no_incendio,-5.441244045280792,-76.19936571316805
37201,no_incendio,-6.460809424904893,-76.67264708557983
37203,incendio,-5.9676,-75.8009
37209,incendio,-5.8187,-76.4117
37226,incendio,-6.1213,-76.2978
37227,no_incendio,-6.097161064451766,-76.22638691915272
37228,no_incendio,-6.320061417206358,-76.82643295462363
37229,incendio,-6.9196,-76.3056
37232,no_incendio,-5.756771146595229,-77.41858176231523
37234,incendio,-6.4319,-75.7464
37237,incendio,-5.7665,-76.5257
37245,incendio,-5.3555,-76.7499
37251,no_incendio,-6.377843437674785,-75.69894560383477
37253,no_incendio,-7.5990878129892385,-76.01433706050479
37254,no_incendio,-6.156942123129494,-76.92567844755888
37255,no_incendio,-5.519172911219698,-76.89133916809088
37258,incendio,-6.7016,-76.4602
37269,no_incendio,-5.5904160018413185,-75.95967696851481
37274,no_incendio,-6.038741337094879,-76.35768470937417
37276,incendio,-7.3321,-76.3116
37282,incendio,-6.8483,-76.8751
37288,incendio,-7.543,-76.6566
37291,no_incendio,-6.937481703505858,-75.66626594730945
37294,incendio,-6.9148,-76.512
37296,no_incendio,-6.692392129901898,-76.24064751909104
37299,incendio,-5.3377,-76.7518
37302,no_incendio,-6.3480305531769075,-76.22097710185248
37305,incendio,-6.0843,-76.0153
37308,no_incendio,-5.8513705657504405,-76.02980196988514
37309,incendio,-5.9199,-76.2156
37312,no_incendio,-5.337639267388661,-76.79635411817596
37318,no_incendio,-7.480945740497024,-75.88131487548965
37326,no_incendio,-6.893380079192219,-76.030920773184
37338,no_incendio,-7.149817793244048,-76.68995380242758
37341,no_incendio,-6.543469703142076,-77.05698988429933
37349,incendio,-7.0364,-76.1117
37350,incendio,-8.5605,-76.3162
37353,no_incendio,-5.450455855055424,-76.00497644122908
37356,incendio,-8.6454,-76.2161
37359,no_incendio,-7.464233169627815,-76.3089508607516
37360,incendio,-6.7836,-76.5133
37364,incendio,-6.952,-76.5567
37368,no_incendio,-6.4535066542887805,-75.68187662159364
37379,no_incendio,-7.142345675518539,-77.26966785367183
37380,no_incendio,-7.132478183195441,-76.65634588857769
37396,no_incendio,-5.690666241525762,-76.5831246635922
37412,incendio,-6.3974,-77.3305
37417,no_incendio,-7.061403957049695,-76.62981524420255
37420,no_incendio,-5.7532005563442,-76.81683301115936
37428,incendio,-5.7448,-76.5024
37429,no_incendio,-6.323745703888591,-76.07826663303581
37435,incendio,-8.6637,-76.8626
37437,no_incendio,-6.775573791793621,-76.68783581514383
37443,incendio,-6.2591,-75.7665
37450,no_incendio,-7.453299052251447,-77.18508562471676
37454,incendio,-6.5396,-75.7506
37462,no_incendio,-6.267765286846349,-75.88438881089547
37466,incendio,-6.0136,-77.1222
37475,no_incendio,-5.326931537697329,-77.25175106818679
37476,incendio,-5.8651,-75.9154
37483,no_incendio,-6.727424984115921,-76.66756072308013
37487,no_incendio,-6.650069273774372,-77.45753589439983
37489,no_incendio,-6.846227548420243,-77.09414313428448
37492,no_incendio,-6.230021779466632,-76.57667653530646
37494,no_incendio,-6.398926454720778,-76.50536924785067
37498,incendio,-7.2188,-77.072
37501,incendio,-5.9387,-76.4725
37505,incendio,-6.8338,-76.5143
37507,no_incendio,-6.439049170355273,-77.46289627422017
37519,no_incendio,-5.8586832152668595,-76.15130829850591
37523,incendio,-7.0701,-76.8184
37527,no_incendio,-6.061127541678445,-77.3300358732125
37532,incendio,-6.015,-77.2494
37533,incendio,-6.9371,-76.8735
37541,incendio,-7.291,-76.309
37548,no_incendio,-5.590954776196541,-75.61262101600937
37551,no_incendio,-6.30212067741681,-77.20947071632679
37556,incendio,-6.0084,-76.293
37565,no_incendio,-6.641540416375139,-77.47486256481713
37572,incendio,-6.565,-76.5706
37576,incendio,-6.8017,-76.7879
37582,incendio,-6.7602,-76.1833
37583,no_incendio,-5.7870347665351245,-76.83855785035811
37584,no_incendio,-6.9177745399597805,-77.27712831962272
37585,no_incendio,-5.55191314269425,-76.59129090689653
37591,no_incendio,-5.955706826060275,-77.52353123807491
37593,incendio,-6.9833,-76.9269
37594,no_incendio,-6.1156293221158835,-76.01949781132349
37609,no_incendio,-7.371926664770868,-77.38249391708561
37616,incendio,-7.4935,-76.6841
37619,incendio,-7.1763,-76.1605
37622,incendio,-5.8795,-77.0857
37625,no_incendio,-5.704328166594409,-76.92480673286192
37626,incendio,-6.872,-76.9509
37628,incendio,-6.8338,-76.5275
37629,incendio,-7.5874,-76.8351
37631,incendio,-7.0442,-76.1065
37638,no_incendio,-6.645538690996345,-76.24231505313135
37642,incendio,-7.0285,-76.7663
37649,no_incendio,-6.47129538831012,-76.10848069167751
37651,incendio,-6.825,-76.0811
37654,no_incendio,-7.149817793244048,-76.68995380242758
37666,incendio,-8.6565,-76.3761
37668,no_incendio,-6.189738223688629,-76.63044449970681
37674,incendio,-7.1169,-76.1194
37677,no_incendio,-7.180456049019163,-77.4128118764767
37681,incendio,-5.9776,-76.1429
37683,incendio,-6.3608,-75.8524
37686,incendio,-7.3397,-76.781
37690,incendio,-7.4581,-76.5533
37691,incendio,-5.6939,-75.8858
37692,incendio,-7.2942,-76.9317
37696,incendio,-6.4464,-77.4798
37697,incendio,-8.3759,-76.2295
37700,incendio,-8.6582,-76.8351
37701,incendio,-7.3457,-76.7163
37711,incendio,-7.1698,-76.2017
37724,incendio,-6.2394,-76.1331
37733,no_incendio,-5.632530971200962,-77.47788862342078
37734,incendio,-5.9602,-76.2094
37738,no_incendio,-6.806373584205248,-76.84212620311408
37747,no_incendio,-6.402507911708669,-75.63264270737905
37762,no_incendio,-6.619578652288662,-76.97686198868091
37772,incendio,-8.4538,-76.4004
37778,incendio,-7.2549,-76.8548
37779,no_incendio,-5.326931537697329,-77.25175106818679
37780,incendio,-6.5847,-75.6989
37785,no_incendio,-6.31265571754434,-77.00564888561091
37787,incendio,-6.8267,-76.9179
37808,incendio,-7.1759,-76.2214
37812,no_incendio,-5.89795943446839,-76.15835756218627
37821,no_incendio,-6.762864710659274,-76.8037089986203
37834,incendio,-6.783,-76.632
37839,incendio,-7.5425,-76.6131
37841,incendio,-8.4584,-76.2788
37851,no_incendio,-5.59950907688548,-76.65469517623596
37855,incendio,-8.3774,-76.4298
37856,no_incendio,-5.871823711573395,-77.09814467361281
37860,no_incendio,-5.461372149282843,-77.4223608733987
37868,no_incendio,-6.036634194085042,-76.33475368850613
37877,incendio,-7.6725,-76.5148
37887,incendio,-6.818,-76.5367
37892,incendio,-8.4531,-76.9053
37893,no_incendio,-6.9973012484497445,-77.4510550557952
37896,no_incendio,-5.7630676382897414,-75.77232686505347
37898,incendio,-5.7978,-76.0186
37904,no_incendio,-6.378539891531966,-75.71550711436312
37914,incendio,-7.655,-76.4781
37917,no_incendio,-6.342272331916268,-77.0355540401251
37920,incendio,-7.5728,-76.4156
37924,incendio,-7.3658,-76.6902
37928,incendio,-6.4816,-76.8226
37932,incendio,-6.2464,-76.6719
37937,incendio,-7.0849,-76.2918
37938,incendio,-6.3618,-76.1108
37942,incendio,-5.9659,-76.154
37953,incendio,-6.7009,-76.7373
37957,no_incendio,-6.026656147123168,-76.76469510540855
37959,incendio,-8.2072,-75.6641
37978,no_incendio,-6.9973012484497445,-77.4510550557952
37981,incendio,-8.5315,-76.5176
37987,incendio,-5.933,-76.2612
37993,incendio,-8.408,-76.5499
37999,no_incendio,-7.191225918716162,-75.54734215721196
38014,incendio,-7.2904,-76.8184
38016,no_incendio,-5.849268078249962,-76.0787263818459
38021,incendio,-5.9463,-75.9782
38026,incendio,-5.6725,-77.4834
38027,no_incendio,-7.188266062247751,-75.80338733044515
38035,no_incendio,-6.062840602584927,-76.70237486789418
38038,no_incendio,-7.241586175081285,-75.60658029783822
38041,incendio,-7.2393,-76.5943
38049,no_incendio,-5.826125398643272,-77.25978841596924
38052,no_incendio,-7.488895468406661,-77.22046866095448
38053,no_incendio,-7.233124705417647,-77.12066793132318
38054,incendio,-7.3632,-76.6892
38058,no_incendio,-5.946515429749496,-77.17416988943258
38060,incendio,-7.5415,-76.5293
38062,no_incendio,-7.52893790740652,-77.07253517227397
38065,incendio,-6.8496,-76.7178
38067,incendio,-7.4526,-76.6304
38070,incendio,-8.4929,-76.4622
38076,incendio,-6.4384,-75.7809
38078,incendio,-7.1983,-76.2901
38080,incendio,-5.9933,-75.8363
38089,no_incendio,-6.521871195981789,-77.46615975017302
38090,incendio,-6.5863,-77.5438
38091,no_incendio,-5.4560539889311706,-76.17543571338655
38092,incendio,-8.4001,-76.2792
38094,incendio,-7.255,-76.8611
38095,incendio,-5.9206,-76.202
38107,incendio,-8.2719,-76.619
38111,no_incendio,-7.407523974858453,-76.05767195335137
38117,incendio,-7.0319,-76.6911
38125,incendio,-5.7807,-76.5118
38128,incendio,-7.783,-76.6946
38136,no_incendio,-7.496239899438951,-76.29662903245722
38152,incendio,-6.0005,-76.1595
38153,no_incendio,-5.306306841629591,-77.15046908916776
38158,incendio,-8.07,-76.654
38168,no_incendio,-5.9343288832648255,-75.71284400291329
38169,incendio,-5.8861,-76.3473
38170,no_incendio,-7.107720073878569,-76.6999842966137
38178,incendio,-7.0913,-76.2806
38183,no_incendio,-6.923846443514746,-77.29283624638697
38184,incendio,-7.2437,-76.0951
38187,no_incendio,-6.86277091910318,-76.45893260017807
38193,incendio,-7.3747,-76.5066
38203,no_incendio,-7.160701404821328,-77.50258610161559
38204,incendio,-6.6495,-76.7162
38212,incendio,-6.5958,-77.4178
38214,no_incendio,-6.486581240227174,-76.15835402098138
38221,no_incendio,-7.121678053413924,-76.22436656303664
38228,no_incendio,-5.413750833598563,-75.87946450439262
38230,incendio,-6.9849,-76.5392
38232,no_incendio,-6.38076556073537,-76.97858606969272
38233,no_incendio,-7.253889999482386,-76.08590323427873
38234,incendio,-6.975,-76.6452
38238,no_incendio,-7.019065477801208,-77.45420422372614
38249,no_incendio,-7.227645324559791,-75.66978466195862
38252,incendio,-6.0743,-75.7893
38261,incendio,-6.7735,-76.847
38264,incendio,-7.482,-76.5359
38267,incendio,-5.7405,-76.399
38285,no_incendio,-7.232373566693578,-77.33989801092913
38289,no_incendio,-6.84710555088138,-75.520478621097
38294,incendio,-8.7738,-76.1416
38295,incendio,-6.7071,-76.4158
38309,incendio,-6.8049,-77.299
38315,incendio,-5.7564,-77.4225
38329,incendio,-6.6947,-76.6459
38333,incendio,-7.4934,-76.6607
38338,no_incendio,-7.233124705417647,-77.12066793132318
38340,no_incendio,-6.013807781245941,-77.54515653099793
38351,no_incendio,-7.592937213039827,-76.3910934505804
38357,incendio,-8.3223,-76.5903
38364,incendio,-7.6908,-76.5393
38365,incendio,-7.9125,-75.5654
38372,no_incendio,-6.312891094128834,-75.840822427949
38374,no_incendio,-5.306363621970229,-76.4042560042154
38377,no_incendio,-5.612307081535751,-76.80288819980903
38381,no_incendio,-5.561988258344413,-76.88991934204635
38388,no_incendio,-7.4055258629962415,-75.72836594706017
38390,incendio,-7.3689,-76.7683
38392,no_incendio,-6.013807781245941,-77.54515653099793
38395,incendio,-7.1788,-76.2341
38409,incendio,-7.2424,-76.3432
38412,incendio,-7.1503,-76.9791
38417,no_incendio,-6.440107687486793,-76.71961125303099
38429,incendio,-5.7635,-76.5083
38435,incendio,-7.2491,-76.8479
38436,incendio,-5.6808,-77.4548
38440,no_incendio,-5.315273849835721,-75.96752969040406
38444,incendio,-6.4886,-76.3635
38445,incendio,-7.2942,-76.4128
38448,incendio,-5.7873,-77.1264
38451,no_incendio,-6.57344451362061,-75.98407882587051
38466,incendio,-7.5097,-76.518
38467,no_incendio,-7.2339632492782835,-76.73433396854956
38468,incendio,-7.0083,-76.5613
38469,incendio,-7.3573,-76.8469
38478,no_incendio,-5.444716599482646,-75.83682474093726
38483,no_incendio,-6.184018518963494,-76.64827203950954
38484,incendio,-6.5568,-76.3993
38488,incendio,-7.5493,-76.6441
38490,no_incendio,-5.712970448713469,-77.45936672905775
38491,incendio,-6.2357,-76.6855
38498,no_incendio,-6.193641518737963,-75.9541835583981
38500,no_incendio,-5.8570726019942425,-76.40667258173919
38504,no_incendio,-6.761574880071224,-76.52109859066432
38505,no_incendio,-7.575264155010306,-76.7671801072031
38518,no_incendio,-6.092332930769818,-77.53250095731846
38520,no_incendio,-6.163392021425101,-76.6587242460342
38523,no_incendio,-7.4333859418143975,-75.94488928476447
38524,incendio,-5.8989,-76.0153
38527,no_incendio,-7.317626251154921,-75.78361603634158
38532,no_incendio,-7.502611835705684,-75.74342232378346
38534,incendio,-6.7409,-76.7177
38539,incendio,-6.0414,-76.3182
38544,incendio,-5.7562,-77.0987
38549,no_incendio,-6.081920488696037,-77.43393189597795
38554,incendio,-8.6969,-76.101
38566,incendio,-6.2123,-76.1454
38572,no_incendio,-7.392389482278091,-76.3604718116053
38580,no_incendio,-7.2889510765606325,-76.46654281298771
38584,incendio,-5.6981,-77.2762
38586,no_incendio,-6.397916753583541,-76.88339705526924
38587,incendio,-5.7562,-76.1899
38594,incendio,-5.96,-75.9237
38596,incendio,-7.3203,-76.6273
38604,no_incendio,-5.607428760846163,-75.61638280541105
38612,incendio,-5.5114,-76.5322
38616,no_incendio,-6.727604587458214,-76.26589680418019
38619,incendio,-6.7666,-76.4787
38621,incendio,-6.9385,-76.8501
38626,incendio,-7.4868,-76.4583
38630,incendio,-6.3144,-76.679
38635,incendio,-5.9888,-77.0386
38639,incendio,-7.4153,-76.7318
38650,no_incendio,-6.846227548420243,-77.09414313428448
38653,no_incendio,-5.957368180282539,-76.7498768526133
38657,incendio,-6.942,-76.6277
38659,incendio,-7.4666,-76.5363
38667,incendio,-7.0992,-76.6828
38672,no_incendio,-6.152183459458481,-75.52419970077695
38679,no_incendio,-6.141100932072808,-75.82733820285651
38682,no_incendio,-6.950453264096688,-75.59880859567114
38696,incendio,-6.6983,-76.6732
38705,no_incendio,-6.991300272279587,-76.75580323161067
38706,no_incendio,-5.590954776196541,-75.61262101600937
38730,no_incendio,-7.192676000546934,-77.13476748134192
38732,no_incendio,-6.942054443870175,-75.88451122317879
38733,no_incendio,-5.800895908311601,-76.62831443275236
38735,incendio,-5.7906,-76.2364
38738,no_incendio,-7.377051275028038,-75.93975534182488
38742,no_incendio,-5.619318348217799,-76.76258506679603
38743,incendio,-8.2206,-76.4915
38746,incendio,-8.25,-76.3941
38753,incendio,-8.4644,-76.3812
38755,incendio,-7.1011,-76.605
38756,no_incendio,-5.494377757817533,-77.22053363364685
38763,incendio,-7.3131,-76.3386
38768,no_incendio,-6.727275952714791,-77.44889142586435
38773,incendio,-7.2123,-76.8025
38781,no_incendio,-5.701666858501454,-75.71059369687181
38784,incendio,-6.6389,-76.2132
38789,incendio,-8.2167,-76.4255
38790,incendio,-6.5346,-76.3274
38794,no_incendio,-5.348479960720765,-76.73008143184053
38795,no_incendio,-7.530943089944216,-75.61039209936172
38800,no_incendio,-6.5749903992962055,-76.89683303442592
38806,incendio,-6.3989,-76.027
38808,incendio,-7.6668,-76.5279
38809,no_incendio,-5.659847709526774,-75.83935663792408
38812,no_incendio,-6.545046135469808,-77.4695217022142
38819,no_incendio,-6.727275952714791,-77.44889142586435
38826,incendio,-6.6038,-76.4054
38829,no_incendio,-6.727604587458214,-76.26589680418019
38833,incendio,-7.3698,-76.8277
38835,no_incendio,-7.420738238712349,-77.50365613060586
38841,incendio,-5.4985,-75.8331
38845,incendio,-6.7703,-76.8228
38847,incendio,-6.981,-76.5852
38852,incendio,-6.7354,-76.3981
38854,incendio,-7.2499,-76.1239
38859,no_incendio,-6.00373135270891,-76.34110147279476
38866,no_incendio,-5.573600216354325,-77.29583969487783
38881,no_incendio,-5.409587022918446,-76.44819351401671
38889,no_incendio,-5.728382445396997,-77.12017555927592
38892,incendio,-7.2616,-76.4266
38898,no_incendio,-6.324514222860181,-76.89947276475436
38900,no_incendio,-6.939438225282601,-76.80786345912996
38919,incendio,-6.555,-76.2945
38920,incendio,-6.6481,-76.6314
38927,incendio,-6.16,-76.3539
38935,no_incendio,-5.500738315784995,-75.59662427893288
38940,no_incendio,-6.4551795764442375,-76.19574642473289
38954,no_incendio,-7.251215765230244,-76.69670530916802
38956,incendio,-7.5642,-76.4691
38960,no_incendio,-7.589730303914846,-76.05435857716274
38969,incendio,-5.9433,-77.0697
38973,no_incendio,-7.347824110154567,-75.82503332128289
38984,no_incendio,-7.429446375356516,-77.21947961761848
38985,no_incendio,-7.139277657699614,-76.6688585627755
38987,incendio,-6.7124,-76.7617
38991,no_incendio,-7.179164728014299,-77.26673458504925
38994,incendio,-7.1675,-76.3014
39002,incendio,-7.3072,-76.5721
39009,incendio,-6.7468,-76.2432
39012,no_incendio,-6.589846765006126,-76.67564163824959
39014,no_incendio,-5.5683966845979995,-76.81768428751661
39029,incendio,-7.2829,-76.6124
39046,incendio,-7.2894,-77.0571
39049,incendio,-7.7099,-76.4965
39051,no_incendio,-6.684698936601428,-75.64362761188839
39056,incendio,-6.9677,-76.5545
39059,no_incendio,-6.061127541678445,-77.3300358732125
39068,no_incendio,-6.380793727295641,-76.36283674136891
39072,no_incendio,-5.472585153492127,-77.10655294749147
39073,incendio,-7.5449,-76.4019
39077,incendio,-6.742,-76.7196
39080,no_incendio,-7.351997452668049,-75.86863921087647
39084,no_incendio,-6.71467279372098,-77.07743264874856
39093,incendio,-5.758,-77.3073
39095,no_incendio,-5.5750859368578904,-77.18888026677212
39100,incendio,-7.4119,-76.575
39101,incendio,-6.8707,-76.577
39106,incendio,-5.9429,-76.2798
39109,no_incendio,-6.685185816424632,-76.91349326123884
39111,no_incendio,-6.555810705714814,-75.58765246403257
39113,no_incendio,-6.260382263964365,-75.66215989353373
39124,no_incendio,-7.267527749331178,-76.00258934511766
39128,no_incendio,-6.671769405587168,-77.2003294261131
39130,incendio,-5.7636,-76.2826
39132,no_incendio,-6.787051317211901,-77.10628604223226
39136,incendio,-7.3228,-76.3625
39140,no_incendio,-5.901388111394365,-75.87645660870008
39141,no_incendio,-7.413823551899182,-76.79124540072256
39143,incendio,-7.2343,-76.8041
39144,no_incendio,-5.397948781588011,-77.53247141487635
39147,incendio,-7.0587,-77.6273
39149,no_incendio,-5.452511328645989,-77.32229773796371
39150,no_incendio,-7.156566202951519,-76.39767455117727
39154,no_incendio,-7.371926664770868,-77.38249391708561
39158,incendio,-7.0426,-76.4521
39162,no_incendio,-7.128591277381194,-76.12302141097119
39165,no_incendio,-6.945484440166689,-76.77951589048426
39176,incendio,-7.5756,-76.4705
39189,no_incendio,-6.699363471042822,-76.86169598666291
39198,incendio,-6.0671,-77.2141
39199,no_incendio,-5.876670821018357,-77.35096983439296
39204,incendio,-6.4601,-75.7399
39206,incendio,-6.4851,-75.6735
39211,incendio,-7.4423,-76.3986
39213,no_incendio,-5.503666402060762,-76.62944463990817
39230,no_incendio,-5.485555576815183,-76.48568380205462
39234,incendio,-7.4588,-76.2282
39255,no_incendio,-6.736094048254664,-75.79047035285556
39256,incendio,-5.8304,-76.3176
39257,incendio,-6.9236,-76.7401
39262,no_incendio,-6.7911860867707,-76.3184609362465
39264,incendio,-7.0275,-76.1135
39278,no_incendio,-5.702153316153597,-75.54463550563808
39279,no_incendio,-7.419812910820906,-75.99406148062167
39288,incendio,-6.9164,-76.853
39289,incendio,-6.9468,-76.1735
39294,no_incendio,-6.60024344042182,-76.28088372901857
39299,incendio,-7.2984,-76.1053
39317,incendio,-8.3961,-76.9745
39318,incendio,-6.2587,-76.1289
39320,incendio,-7.5051,-76.4582
39326,incendio,-7.9792,-75.5921
39329,incendio,-6.195,-76.3291
39338,no_incendio,-5.423715260330031,-75.80260147002005
39344,incendio,-8.5009,-76.4106
39356,no_incendio,-7.051099362667298,-76.62925053957763
39360,no_incendio,-6.701934945529236,-77.46493186657752
39365,no_incendio,-6.442705023956996,-76.30481606512446
39380,incendio,-6.7431,-76.8316
39389,incendio,-6.1723,-76.0206
39403,no_incendio,-7.232373566693578,-77.33989801092913
39406,incendio,-6.4892,-76.858
39411,incendio,-7.3444,-76.5964
39414,no_incendio,-7.000863457307533,-75.58957693762711
39415,incendio,-5.9792,-75.7796
39416,no_incendio,-5.915658751464713,-77.38575524652865
39423,incendio,-6.215,-75.941
39427,no_incendio,-6.522871972647179,-77.1088712424184
39435,incendio,-7.2925,-76.3576
39441,incendio,-6.893,-76.5827
39444,no_incendio,-5.772447993979731,-76.76825761036689
39447,no_incendio,-6.5096234782459765,-76.05722709745423
39449,incendio,-7.044,-76.8375
39457,no_incendio,-7.157163278516986,-76.9354632282693
39464,no_incendio,-6.887017706594157,-77.30533643415299
39478,incendio,-6.5139,-76.4291
39481,no_incendio,-7.485621627002571,-76.9594043618508
39486,incendio,-6.9521,-76.7175
39487,incendio,-5.3173,-76.4873
39488,no_incendio,-7.56354574516261,-76.00460014183221
39500,no_incendio,-5.818727365285151,-76.86751655981939
39503,incendio,-6.8557,-76.7632
39506,no_incendio,-6.237007995955339,-77.29653920345977
39510,incendio,-6.0705,-77.0441
39514,incendio,-6.327,-75.9001
39516,no_incendio,-7.309838483592369,-76.99515991704935
39527,no_incendio,-7.53303009358015,-76.30539007678105
39528,incendio,-7.6776,-76.4707
39530,no_incendio,-6.589390257699646,-75.6408986952127
39531,incendio,-7.0178,-76.6141
39532,no_incendio,-5.561294814825637,-75.74902836133377
39534,no_incendio,-5.60263772570773,-75.78275132850642
39536,incendio,-7.6827,-76.5106
39541,incendio,-7.6121,-76.4519
39542,incendio,-7.2631,-76.5769
39545,no_incendio,-7.517938460168555,-75.88430182253087
39546,no_incendio,-6.736094048254664,-75.79047035285556
39548,incendio,-7.2228,-76.6377
39551,incendio,-5.8999,-75.9789
39554,incendio,-7.5713,-76.3924
39555,incendio,-8.7216,-76.9623
39571,no_incendio,-6.281173626920689,-76.33798845589783
39572,incendio,-7.6083,-76.4054
39573,incendio,-8.4094,-76.272
39576,no_incendio,-6.165729925483304,-75.50698017130118
39581,no_incendio,-5.767577808825913,-75.75625284767814
39583,incendio,-6.4388,-75.8305
39591,incendio,-5.8649,-76.5795
39593,incendio,-7.1544,-76.3055
39600,incendio,-8.4312,-77.6265
39609,no_incendio,-5.990542250974831,-75.6694532466171
39612,incendio,-7.1036,-77.0413
39625,no_incendio,-5.873429262130088,-76.29994874270383
39629,incendio,-7.5834,-76.4101
39633,incendio,-7.5494,-76.6479
39652,incendio,-6.8398,-76.5949
39657,incendio,-6.6843,-76.3179
39661,incendio,-7.3162,-76.2485
39663,incendio,-8.0341,-77.6803
39666,no_incendio,-5.84380402008071,-75.92947605096468
39675,no_incendio,-7.192625795202753,-75.79931940133156
39676,incendio,-6.9031,-76.6683
39678,no_incendio,-6.1419091354730675,-76.8668930112328
39680,no_incendio,-7.097431396465031,-76.35150553329514
39687,incendio,-6.9683,-76.6065
39693,incendio,-7.4681,-76.6488
39694,incendio,-5.9549,-77.3596
39700,no_incendio,-7.324122621539671,-77.54410654355205
39701,no_incendio,-5.9969306066925245,-75.59395245076587
39704,no_incendio,-7.132724984642544,-76.76764396887705
39707,no_incendio,-5.607428760846163,-75.61638280541105
39708,no_incendio,-6.823512194602855,-76.05631689166178
39713,incendio,-7.0598,-76.8099
39714,incendio,-7.28,-76.4044
39723,incendio,-8.2897,-76.5359
39724,incendio,-8.6545,-76.293
39726,no_incendio,-5.856151465825925,-75.61952647714237
39728,incendio,-7.0355,-76.2309
39741,no_incendio,-6.227801736418022,-76.3562846673644
39746,incendio,-7.0894,-76.5811
39749,no_incendio,-6.114431837075887,-77.3791914454974
39751,incendio,-5.8432,-76.2007
39754,no_incendio,-7.237010441563305,-76.53847008307255
39759,no_incendio,-5.397948781588011,-77.53247141487635
39766,incendio,-6.439,-76.468
39780,no_incendio,-5.65117658577255,-75.62263099163508
39787,no_incendio,-5.508214763979514,-75.68261084884283
39788,no_incendio,-6.049779266057276,-75.95295045421427
39791,no_incendio,-7.585660689069584,-77.39009094478008
39792,incendio,-7.1979,-76.6887
39794,no_incendio,-6.017393971898976,-75.85609561110088
39796,incendio,-7.3044,-76.5852
39801,incendio,-6.6418,-76.6547
39804,incendio,-7.4274,-76.5457
39807,incendio,-7.1516,-76.9881
39809,incendio,-6.972,-76.4366
39811,incendio,-7.5392,-76.399
39819,no_incendio,-5.692068833993068,-76.92243000249631
39823,no_incendio,-6.526663320909917,-76.57498858502044
39829,incendio,-7.2937,-76.5672
39830,no_incendio,-6.541834413903653,-76.37649272286701
39848,incendio,-6.7499,-76.4107
39851,incendio,-6.7906,-76.3771
39855,no_incendio,-6.167876331105529,-76.10362029847187
39865,no_incendio,-6.617504610391747,-77.25647472773994
39866,no_incendio,-5.707217935164065,-76.52295370572979
39868,incendio,-6.6764,-76.6425
39870,incendio,-8.6516,-76.2623
39874,incendio,-7.4429,-76.4436
39876,no_incendio,-5.908177822401652,-76.8838396640829
39880,incendio,-5.7475,-76.2027
39881,incendio,-8.5713,-76.3771
39882,no_incendio,-5.626490573988114,-76.90197669049898
39883,incendio,-6.201,-75.9655
39886,incendio,-7.2135,-76.7821
39891,no_incendio,-5.882545131668422,-77.4252687375934
39897,no_incendio,-7.443277568920015,-75.95948688269024
39898,incendio,-7.016,-76.7678
39902,no_incendio,-7.518549043794622,-77.46918278069812
39916,incendio,-6.8335,-76.532
39917,no_incendio,-7.567624123602405,-76.60964562111504
39920,no_incendio,-5.858435510959442,-77.08234731471167
39924,incendio,-7.4952,-76.5344
39926,no_incendio,-7.415686202537784,-75.85189468645096
39929,no_incendio,-6.257364517477317,-77.24088667621311
39931,no_incendio,-6.187799355462546,-77.0520465624197
39932,incendio,-7.3395,-76.7166
39945,incendio,-8.3336,-76.4149
39948,no_incendio,-6.31265571754434,-77.00564888561091
39949,incendio,-6.0642,-75.9897
39952,no_incendio,-7.238892730733428,-76.47459847040415
39957,no_incendio,-6.806897768294474,-76.17637549858149
39959,incendio,-7.5533,-76.4052
39963,incendio,-7.2806,-76.8454
39967,no_incendio,-6.125013751679443,-76.15307627183338
39972,incendio,-6.0351,-76.9738
39975,incendio,-6.5286,-76.409
39984,incendio,-7.0492,-76.8344
39985,incendio,-6.6946,-76.6612
39990,no_incendio,-7.140032609231243,-75.65901239539657
39991,incendio,-6.4435,-75.7525
39994,incendio,-6.6761,-76.642
40004,incendio,-5.7617,-77.3134
40005,no_incendio,-5.886501214348173,-76.17373588365827
40007,no_incendio,-6.9560251993392335,-75.65244127896328
40009,incendio,-8.2453,-76.5915
40010,incendio,-8.4582,-76.9001
40013,no_incendio,-6.068535480190217,-76.55604968607116
40016,incendio,-5.5005,-75.8617
40021,incendio,-7.1946,-76.3758
40022,no_incendio,-5.699419411757933,-76.10583548301037
40029,no_incendio,-6.390597266026688,-76.66038678496503
40034,no_incendio,-5.40191525194851,-77.41832441514279
40036,no_incendio,-6.272889262540646,-77.34340996973071
40038,no_incendio,-5.412071364186887,-77.00251056339543
40041,no_incendio,-5.7980276983387755,-76.60461534978732
40045,no_incendio,-6.808642932215501,-75.79916533133496
40046,no_incendio,-6.726577938090313,-76.92865414529734
40047,incendio,-6.0234,-77.1292
40054,no_incendio,-6.08674868659818,-77.38664384875209
40056,no_incendio,-7.175345171516485,-76.32071616128651
40070,incendio,-6.8849,-76.8519
40086,incendio,-8.2158,-77.5458
40087,no_incendio,-7.1211989995442275,-77.24932556813594
40090,no_incendio,-5.5259385585543805,-76.78474947687066
40094,incendio,-6.9028,-76.864
40095,incendio,-7.239,-76.1292
40096,incendio,-5.9446,-77.066
40098,no_incendio,-6.794519962222771,-76.90986347869215
40099,incendio,-6.56,-76.5253
40101,no_incendio,-6.7911860867707,-76.3184609362465
40113,incendio,-8.514,-76.615
40118,incendio,-5.8053,-76.0674
40119,incendio,-5.7042,-76.187
40121,incendio,-5.6653,-76.5737
40125,incendio,-7.7414,-76.7165
40127,incendio,-5.9901,-76.4795
40129,incendio,-5.8098,-76.1435
40131,incendio,-5.9438,-76.1975
40134,no_incendio,-6.068535480190217,-76.55604968607116
40136,no_incendio,-7.45728200774953,-76.98588787498541
40140,no_incendio,-5.808189893519151,-75.58463969579134
40141,incendio,-5.3962,-76.837
40145,no_incendio,-6.923846443514746,-77.29283624638697
40157,incendio,-5.7126,-75.7822
40160,incendio,-6.0602,-76.2827
40168,incendio,-5.8744,-77.0295
40169,incendio,-7.201,-76.4752
40181,incendio,-7.2071,-76.8948
40182,incendio,-7.5551,-76.487
40183,incendio,-5.7318,-76.1514
40184,incendio,-8.7596,-76.9931
40189,incendio,-5.734,-76.3626
40190,no_incendio,-6.10372793592555,-77.07921750093743
40192,no_incendio,-7.4333859418143975,-75.94488928476447
40195,no_incendio,-7.086048466965619,-75.60482526516276
40196,incendio,-7.5705,-76.4487
40200,no_incendio,-7.287912531535466,-77.51954103984086
40201,no_incendio,-6.635301014584928,-76.41004319664097
40203,incendio,-7.4063,-76.6489
40216,incendio,-8.3208,-76.6899
40218,no_incendio,-6.736884280770205,-76.9775738185435
40221,incendio,-6.6234,-76.3441
40224,incendio,-5.7876,-76.377
40225,incendio,-8.5639,-76.4297
40230,no_incendio,-6.603103679284163,-76.5352543472929
40235,incendio,-8.079,-76.7087
40239,incendio,-6.7233,-77.3871
40240,incendio,-7.4722,-77.5148
40251,no_incendio,-7.409421605310309,-75.83681236527086
40255,incendio,-6.9035,-76.8665
40256,incendio,-7.4141,-76.8327
40265,incendio,-5.7039,-77.2556
40277,incendio,-7.4046,-76.6076
40280,incendio,-6.2348,-76.0142
40284,incendio,-6.3092,-76.0152
40289,no_incendio,-6.158099214586715,-77.01707847694989
40291,incendio,-6.729,-76.7226
40293,incendio,-7.2163,-77.6306
40296,incendio,-6.9365,-76.3724
40299,incendio,-6.0697,-75.8031
40301,no_incendio,-6.7528370184185675,-75.79463738047077
40305,incendio,-7.1804,-76.9993
40306,incendio,-5.8538,-77.3632
40308,no_incendio,-6.994018548876931,-77.44340810717631
40309,incendio,-7.4029,-76.8731
40318,no_incendio,-7.010242517235748,-76.48324440357516
40325,no_incendio,-6.461789384490803,-77.24534969872819
40327,incendio,-6.8403,-76.5823
40328,no_incendio,-6.737802446576857,-76.76156798779444
40329,incendio,-7.6245,-76.6956
40336,incendio,-7.2318,-77.0582
40341,no_incendio,-5.306306841629591,-77.15046908916776
40346,no_incendio,-6.74885592845062,-76.02672128613708
40355,no_incendio,-7.391354511869424,-77.17370886410413
40356,incendio,-6.6053,-76.2727
40361,no_incendio,-5.607896245919547,-76.37910922472966
40362,no_incendio,-5.482360092898033,-75.75875593827813
40363,incendio,-7.1076,-76.7262
40365,no_incendio,-7.245236344594437,-75.87140818649081
40373,no_incendio,-6.178368777472011,-76.33706394423045
40374,incendio,-6.7197,-76.7261
40375,no_incendio,-6.324934683730277,-76.81019781469472
40377,incendio,-6.4422,-75.8152
40381,incendio,-5.9215,-76.4481
40387,no_incendio,-5.334479044366705,-77.48777820988575
40390,no_incendio,-7.093257969486561,-77.25013940551041
40393,incendio,-7.23,-77.009
40404,no_incendio,-6.616039268330141,-77.35690054867337
40407,no_incendio,-6.66782718852246,-77.11974959426693
40411,incendio,-6.33,-75.9336
40423,no_incendio,-7.419812910820906,-75.99406148062167
40424,incendio,-6.8515,-76.9746
40434,no_incendio,-6.40519633681147,-77.40140623826653
40444,no_incendio,-7.465611055003252,-76.84521972476566
40445,incendio,-8.6205,-76.1274
40452,incendio,-6.9551,-76.6616
40458,no_incendio,-5.454661580886559,-77.46777785872058
40459,incendio,-5.8319,-76.5503
40460,no_incendio,-7.583028139538337,-75.69881965938345
40461,incendio,-7.2866,-76.2533
40462,no_incendio,-6.93526933500558,-76.94440022861454
40465,no_incendio,-6.303002240210201,-76.72194514117207
40468,no_incendio,-5.46295343513328,-75.95414593487065
40474,incendio,-8.0691,-77.2506
40484,incendio,-6.5899,-75.6957
40486,no_incendio,-6.375064281525175,-76.76531716856294
40494,no_incendio,-6.961563570088446,-77.02222304631809
40502,incendio,-7.2225,-76.1946
40503,no_incendio,-5.688886934346843,-77.36422749238871
40504,no_incendio,-7.346936014424016,-77.24612328998047
40508,incendio,-7.3524,-76.5557
40512,no_incendio,-5.482360092898033,-75.75875593827813
40515,no_incendio,-5.434734993358147,-76.94653262890384
40520,incendio,-8.1927,-76.5157
40521,incendio,-6.9291,-76.1518
40522,incendio,-8.0607,-76.6358
40526,incendio,-8.2656,-76.6543
40527,no_incendio,-5.752288568187965,-75.61867904444058
40529,incendio,-6.1133,-76.7568
40537,no_incendio,-6.518152554514016,-75.5195810155841
40538,no_incendio,-5.880337682080549,-76.27434878275604
40540,incendio,-5.9599,-75.8131
40544,incendio,-7.1289,-76.652
40556,incendio,-7.3865,-76.5143
40558,no_incendio,-5.882379700992915,-75.5521215473338
40561,incendio,-7.1614,-76.1284
40563,no_incendio,-7.418524326808485,-76.32670813744515
40566,incendio,-5.7228,-77.3335
40572,no_incendio,-5.40191525194851,-77.41832441514279
40573,no_incendio,-7.298951884711561,-75.8714337322258
40574,incendio,-5.8507,-76.2226
40576,no_incendio,-5.6874479423727555,-75.79801976537915
40584,incendio,-7.3318,-76.4138
40586,no_incendio,-5.955706826060275,-77.52353123807491
40589,no_incendio,-6.467350712480753,-77.13922176575424
40590,incendio,-5.9664,-76.964
40593,incendio,-6.0223,-76.0183
40596,incendio,-6.4042,-77.3599
40597,no_incendio,-6.9256501234330665,-77.07157879837493
40601,incendio,-7.1967,-77.0267
40607,incendio,-5.7765,-76.3506
40611,no_incendio,-6.237716755759431,-77.39156311979332
40616,incendio,-5.9664,-76.1848
40622,incendio,-7.4509,-77.7885
40625,incendio,-6.8228,-76.1706
40628,no_incendio,-5.7462072862910665,-75.82239791523867
40629,no_incendio,-6.871712261045699,-76.6810612935972
40633,no_incendio,-5.659847709526774,-75.83935663792408
40637,no_incendio,-6.827947755317633,-77.24078320536096
40638,incendio,-7.1698,-76.9966
40639,no_incendio,-7.537264707596327,-76.77993123452514
40642,incendio,-7.0428,-76.7851
40650,incendio,-7.2176,-77.0747
40653,no_incendio,-7.016303677309179,-76.9039929620138
40654,incendio,-6.9934,-76.8858
40656,no_incendio,-6.40519633681147,-77.40140623826653
40670,no_incendio,-6.602549423318465,-77.00681560184587
40672,incendio,-6.0071,-76.1957
40675,incendio,-6.7901,-76.6282
40682,no_incendio,-5.9638581047952375,-75.97775046224217
40693,no_incendio,-6.541834413903653,-76.37649272286701
40697,no_incendio,-7.15250800382105,-75.6698884726493
40701,incendio,-7.1413,-77.6175
40703,incendio,-8.5166,-76.4246
40708,incendio,-5.9082,-76.1331
40719,no_incendio,-5.733329701316475,-76.97970479241751
40722,incendio,-6.4519,-76.4943
40726,no_incendio,-7.36388011313037,-77.4640263849402
40727,incendio,-6.4676,-76.784
40728,incendio,-6.3606,-76.6885
40729,no_incendio,-6.183798772159494,-75.95166434619192
40734,no_incendio,-6.081931713189248,-77.21688851873837
40736,no_incendio,-6.709679366409026,-76.89232327371961
40744,incendio,-7.583,-76.8003
40769,no_incendio,-6.490435100183895,-76.04212659409674
40775,incendio,-5.9755,-76.4707
40777,incendio,-5.7562,-77.3967
40779,incendio,-6.6753,-76.7418
40786,no_incendio,-6.125013751679443,-76.15307627183338
40788,incendio,-7.4114,-76.5788
40796,incendio,-6.7462,-76.7385
40797,incendio,-7.0487,-76.9449
40801,no_incendio,-6.542252546530441,-76.69178298792589
40811,no_incendio,-6.547946119465311,-76.58716239935082
40812,incendio,-8.462,-76.3753
40814,incendio,-6.5545,-76.8644
40818,incendio,-7.9732,-76.6457
40830,incendio,-6.1834,-76.2125
40832,no_incendio,-5.406105166280382,-76.83363539988324
40837,incendio,-6.5875,-76.17
40839,no_incendio,-7.377051275028038,-75.93975534182488
40840,no_incendio,-6.257364517477317,-77.24088667621311
40843,incendio,-6.1837,-75.6907
40848,incendio,-6.6745,-76.2453
40852,incendio,-5.6644,-76.645
40853,no_incendio,-7.530943089944216,-75.61039209936172
40867,incendio,-7.0729,-76.4009
40878,incendio,-6.7517,-76.5911
40881,incendio,-7.0609,-76.8558
40886,no_incendio,-6.378904304384582,-76.46012370931685
40889,no_incendio,-6.859834032339221,-77.17846783969736
40901,no_incendio,-5.984669195028871,-76.49551058575585
40902,incendio,-7.3027,-76.5908
40906,no_incendio,-6.256015929782314,-76.34693713254352
40909,incendio,-5.7963,-77.2851
40912,no_incendio,-5.873429262130088,-76.29994874270383
40918,no_incendio,-6.729488491648472,-77.03653906594069
40920,incendio,-6.5939,-75.6278
40930,incendio,-6.9872,-76.5481
40933,incendio,-6.439,-76.5258
40939,incendio,-6.3623,-76.8155
40943,incendio,-6.7361,-76.5499
40947,no_incendio,-5.9729308547052575,-77.19584889522876
40950,incendio,-6.3144,-75.9403
40953,no_incendio,-7.324122621539671,-77.54410654355205
40959,no_incendio,-6.596577810973727,-76.74231910069577
40960,no_incendio,-5.889428519671102,-75.83985217439051
40961,incendio,-7.0264,-76.751
40965,incendio,-5.8842,-76.9412
40968,no_incendio,-6.684588652346477,-77.1953837139415
40969,incendio,-7.443,-76.4536
40973,no_incendio,-6.965586863586331,-77.4440785223658
40975,incendio,-8.4411,-76.3814
40977,no_incendio,-5.60683404112794,-77.27867668965091
40981,incendio,-7.6615,-76.4557
40989,no_incendio,-7.287912531535466,-77.51954103984086
40990,no_incendio,-6.3823444451531675,-76.72222524088096
40991,incendio,-6.1886,-76.2582
40992,incendio,-8.6495,-76.7963
41004,incendio,-6.066,-77.1044
41008,incendio,-5.8897,-76.3886
41014,no_incendio,-6.490391135640375,-76.20592887580928
41016,no_incendio,-5.55191314269425,-76.59129090689653
41022,no_incendio,-6.673178207902485,-77.4048318758823
41027,no_incendio,-7.082226882888392,-75.74798202243628
41033,no_incendio,-6.42510939654662,-76.21314660329666
41034,incendio,-5.9026,-76.1087
41035,incendio,-6.0586,-76.1204
41037,no_incendio,-6.905014878753814,-76.49698867319515
41038,incendio,-7.3585,-76.8297
41051,incendio,-5.4468,-76.8098
41057,incendio,-7.3819,-76.3654
41063,no_incendio,-7.1439208952470965,-77.38092521559295
41078,no_incendio,-5.778538304462726,-77.27874829265495
41084,no_incendio,-5.525266717128592,-75.70624108601852
41089,incendio,-6.9198,-76.756
41092,incendio,-5.8837,-76.1878
41096,no_incendio,-6.684588652346477,-77.1953837139415
41097,incendio,-6.1372,-77.0831
41098,no_incendio,-5.518725698266722,-76.04231826723102
41103,incendio,-7.1763,-76.6573
41107,no_incendio,-6.946999930209273,-76.16347768392615
41110,incendio,-5.9779,-76.2826
41112,incendio,-5.7085,-75.8443
41113,no_incendio,-5.845552774346191,-76.31135197083327
41118,no_incendio,-6.187799355462546,-77.0520465624197
41119,incendio,-8.7813,-76.2867
41121,incendio,-7.1273,-76.0989
41123,no_incendio,-5.9130091622376435,-77.42859659593488
41129,incendio,-6.4943,-76.3565
41131,no_incendio,-5.974627825335505,-76.8393257597771
41134,no_incendio,-7.099688871826168,-75.91020418997267
41146,no_incendio,-6.143493830692505,-76.5408916216836
41150,no_incendio,-6.576004984769571,-77.51523302793387
41152,no_incendio,-6.575273134907994,-75.71241319767115
41153,no_incendio,-7.391380566669081,-77.4628689446306
41155,incendio,-8.1383,-77.5582
41165,incendio,-5.9994,-76.2172
41167,incendio,-6.6988,-76.1408
41170,no_incendio,-6.107814853885202,-77.33817072189056
41178,incendio,-7.0775,-76.437
41181,incendio,-5.7476,-76.1836
41186,no_incendio,-6.567404760010091,-75.93678531261668
41192,incendio,-7.4011,-76.6757
41196,no_incendio,-7.308376267427788,-75.72020744008876
41200,incendio,-5.9175,-76.2824
41203,incendio,-7.379,-76.8956
41207,incendio,-5.5058,-76.769
41208,incendio,-6.5987,-76.5361
41223,no_incendio,-5.509842715479968,-77.22974622552158
41224,no_incendio,-7.089179421889268,-75.95457712793731
41227,no_incendio,-6.4643629782720495,-76.22804730377794
41230,no_incendio,-6.987442347939161,-77.51096806537585
41234,no_incendio,-5.987623594847527,-77.50895445827787
41245,no_incendio,-6.591526889483433,-77.26946848843974
41246,incendio,-7.2781,-76.7971
41249,incendio,-8.5709,-76.5204
41250,incendio,-7.0801,-76.5831
41253,no_incendio,-6.201637039608355,-76.63859765076462
41258,incendio,-6.6882,-76.742
41264,incendio,-7.2908,-75.5163
41266,no_incendio,-6.295102509635013,-77.52506617532497
41272,no_incendio,-6.089075896633828,-77.11331132604498
41274,incendio,-8.4093,-76.2342
41282,no_incendio,-6.831471934568246,-75.7875932896481
41286,no_incendio,-5.915658751464713,-77.38575524652865
41288,incendio,-8.1006,-76.6487
41290,no_incendio,-6.94200325407077,-76.26001952788216
41300,incendio,-7.0864,-76.3227
41304,no_incendio,-7.3820884546139,-76.13227467193721
41305,no_incendio,-5.5280435147957645,-75.64292390382334
41313,incendio,-7.3695,-76.7973
41329,no_incendio,-7.575264155010306,-76.7671801072031
41343,incendio,-6.6934,-76.6913
41347,no_incendio,-5.984669195028871,-76.49551058575585
41353,incendio,-7.4221,-76.8508
41358,no_incendio,-5.3928610006268665,-76.95098681919762
41366,incendio,-7.6624,-76.4711
41372,no_incendio,-7.201796098982287,-75.59066106327278
41374,no_incendio,-5.808189893519151,-75.58463969579134
41380,incendio,-6.5354,-75.682
41381,incendio,-6.0853,-76.0685
41383,incendio,-8.659,-77.6493
41384,no_incendio,-6.9177745399597805,-77.27712831962272
41387,incendio,-8.4902,-76.5194
41388,no_incendio,-6.1592934714330285,-77.34475903708392
41390,incendio,-7.4998,-76.4642
41392,incendio,-8.3584,-77.2798
41395,incendio,-8.7049,-76.1454
41397,no_incendio,-6.677775402102643,-76.83019542388436
41404,incendio,-7.3681,-76.6453
41417,no_incendio,-5.98497682810957,-77.24575452252367
41422,no_incendio,-5.37157572156011,-76.66234225426679
41425,incendio,-7.0971,-76.7879
41428,incendio,-7.0165,-76.3205
41439,incendio,-7.3772,-76.8337
41440,incendio,-8.2439,-76.2991
41441,no_incendio,-5.630317607867646,-76.28664530211917
41445,no_incendio,-6.284005972985306,-75.8733537299608
41449,no_incendio,-6.420856851462068,-76.77933512635609
41465,incendio,-8.148,-76.4674
41469,incendio,-6.4711,-76.8341
41471,incendio,-7.0958,-76.4221
41476,incendio,-7.2544,-76.4047
41482,no_incendio,-6.799158296280013,-76.12149634545402
41484,no_incendio,-7.44968802750322,-77.23116283334409
41490,no_incendio,-7.56354574516261,-76.00460014183221
41491,incendio,-5.737,-77.3916
41496,no_incendio,-6.042344688075439,-75.58423135699039
41512,no_incendio,-6.642584248060827,-75.75075985956546
41515,no_incendio,-5.809070578757959,-75.92077418660742
41524,no_incendio,-6.400301881628301,-77.5201604762096
41528,incendio,-8.1329,-76.5239
41536,no_incendio,-6.375064281525175,-76.76531716856294
41540,incendio,-7.8419,-76.7308
41541,no_incendio,-7.245236344594437,-75.87140818649081
41546,incendio,-5.7585,-76.2543
41552,no_incendio,-6.058777263222519,-76.29718752856778
41553,incendio,-7.2211,-76.8193
41555,incendio,-6.8318,-76.8061
41556,incendio,-7.0733,-76.7792
41564,incendio,-7.1289,-76.8439
41581,no_incendio,-6.237093114939267,-75.7117789331342
41584,incendio,-7.2222,-76.4788
41594,no_incendio,-7.035328568865795,-77.4057239232557
41603,incendio,-7.532,-76.4223
41614,no_incendio,-6.959314262350769,-76.76578066872496
41623,incendio,-8.7104,-76.1524
41624,incendio,-6.2792,-76.0224
41633,incendio,-7.4357,-76.5424
41636,incendio,-7.0277,-76.5878
41638,incendio,-6.7487,-76.4437
41642,incendio,-8.4421,-76.354
41645,no_incendio,-7.331602369683786,-75.50190770424915
41648,incendio,-7.531,-76.5182
41655,no_incendio,-6.558646082464617,-76.16096804971144
41662,no_incendio,-6.802375216185101,-76.58944416230916
41663,incendio,-6.7066,-76.5738
41665,incendio,-5.4028,-76.6163
41666,incendio,-5.9878,-77.6454
41671,incendio,-7.5296,-76.2681
41678,incendio,-7.3411,-76.5306
41682,no_incendio,-7.354001962679465,-76.87586506840084
41690,incendio,-6.6241,-76.7286
41695,incendio,-6.495,-76.587
41696,no_incendio,-7.0241667667070145,-76.27510051559456
41703,no_incendio,-5.913375544586391,-77.02153912778006
41716,no_incendio,-7.454920494649443,-76.8925561147692
41717,no_incendio,-6.9734000570740395,-77.15029703123086
41718,no_incendio,-5.508214763979514,-75.68261084884283
41720,no_incendio,-5.87076697965016,-76.32402567938676
41723,incendio,-7.26,-77.0286
41737,incendio,-6.4493,-76.3985
41742,incendio,-6.9083,-76.8893
41747,incendio,-7.1875,-76.8329
41750,no_incendio,-5.937825755560712,-77.54131014900841
41764,incendio,-7.0459,-77.7102
41765,incendio,-7.3637,-76.0433
41768,incendio,-5.9672,-76.4703
41774,no_incendio,-6.768246356022148,-77.34898684785115
41779,no_incendio,-6.418496907062319,-75.56505083254436
41780,incendio,-7.2885,-76.9614
41790,incendio,-6.9314,-76.2181
41791,no_incendio,-5.31562173519542,-75.64368786803017
41802,incendio,-8.074,-76.6237
41806,incendio,-6.7345,-76.4939
41811,incendio,-7.2294,-76.2761
41815,no_incendio,-7.27421571842906,-77.20818796800718
41819,incendio,-6.8536,-76.6951
41822,no_incendio,-6.258662070362653,-76.50630572261905
41824,no_incendio,-7.487565239153625,-77.31329030244564
41826,no_incendio,-6.726381012789614,-77.29263321460805
41839,incendio,-7.2009,-76.0603
41842,incendio,-5.8329,-76.0051
41844,no_incendio,-6.184018518963494,-76.64827203950954
41850,incendio,-6.861,-76.3516
41855,incendio,-7.9167,-75.5529
41860,incendio,-7.259,-77.0785
41861,no_incendio,-6.682240904919321,-76.14970898536502
41864,no_incendio,-5.714958817536613,-75.57831712461974
41868,incendio,-6.6379,-76.6443
41874,incendio,-6.4576,-76.5293
41875,incendio,-5.7666,-76.2812
41880,incendio,-7.4503,-76.6446
41881,incendio,-8.3224,-76.6808
41889,incendio,-6.5273,-76.4021
41896,no_incendio,-6.923574495814878,-76.96137100911855
41897,incendio,-6.6372,-76.6894
41903,incendio,-8.5639,-76.1339
41917,incendio,-7.6574,-76.6612
41920,incendio,-6.6168,-76.4362
41932,incendio,-6.7664,-76.7114
41935,no_incendio,-6.351517341637376,-77.31017116176967
41936,incendio,-6.929,-76.6757
41937,no_incendio,-5.712970448713469,-77.45936672905775
41938,incendio,-5.9642,-76.9599
41940,no_incendio,-5.593725246250177,-76.70151478021911
41942,no_incendio,-7.292676783205119,-75.82456526450503
41952,incendio,-7.1706,-76.8936
41953,no_incendio,-6.188812026219859,-77.47999723724293
41954,no_incendio,-5.859392269860992,-77.07597134063963
41955,incendio,-5.9855,-77.2933
41956,incendio,-5.8375,-77.0858
41958,incendio,-8.5243,-76.4766
41960,no_incendio,-7.508226717447944,-76.74892470083597
41978,incendio,-6.7131,-76.4888
41981,incendio,-5.7194,-76.2626
41983,no_incendio,-7.451217530868493,-77.29241876502243
41985,incendio,-7.5037,-76.6803
41992,incendio,-7.3356,-76.5701
41993,no_incendio,-6.922488599265936,-77.20347324801959
41995,incendio,-6.3766,-76.0216
42002,no_incendio,-7.292464300747621,-76.5588244421564
42004,no_incendio,-6.161493803649726,-77.185392683239
42007,incendio,-6.6695,-76.3808
42019,incendio,-5.7162,-75.751
42035,no_incendio,-6.333472406743339,-75.64833382378124
42038,incendio,-6.4924,-76.3526
42040,no_incendio,-6.662875308176205,-76.42972525647028
42041,no_incendio,-7.419812910820906,-75.99406148062167
42046,no_incendio,-6.072007171578419,-77.37389388906047
42048,incendio,-6.5884,-76.1222
42059,incendio,-7.1179,-76.71
42060,no_incendio,-5.943086820538844,-77.20310189012812
42068,incendio,-7.3719,-76.7319
42070,incendio,-7.1293,-76.849
42077,incendio,-6.5495,-75.7081
42084,no_incendio,-7.115248664865674,-76.07912965420722
42093,no_incendio,-5.62140995348484,-75.55506281291692
42094,incendio,-7.1396,-76.5351
42101,no_incendio,-5.65611924902812,-76.450948774078
42103,no_incendio,-6.402069451962711,-76.21591146142134
42105,no_incendio,-6.884683844966387,-77.48590774056447
42107,incendio,-6.768,-76.9316
42110,no_incendio,-6.124908546496211,-75.75141276131208
42112,no_incendio,-6.718454996800395,-75.59317309755335
42118,incendio,-6.7438,-76.6224
42124,no_incendio,-6.859218995881019,-77.3454749772902
42140,incendio,-7.2395,-76.3398
42141,incendio,-7.4716,-76.5461
42142,incendio,-8.1451,-77.6203
42143,no_incendio,-5.4157703002618724,-75.88771884850634
42151,no_incendio,-6.832250558370159,-76.20474853380588
42153,incendio,-7.5088,-77.3099
42160,no_incendio,-5.3579190970036175,-75.71127050256207
42162,no_incendio,-5.569659951211905,-77.11401128748476
42167,no_incendio,-5.867914432983562,-76.93835853406706
42168,incendio,-8.6395,-76.1854
42170,incendio,-6.7873,-76.5868
42171,incendio,-7.4344,-76.8717
42174,incendio,-7.353,-76.6329
42181,no_incendio,-7.5120911115649465,-76.43294446778411
42186,no_incendio,-7.381225768944467,-76.16930082038664
42197,no_incendio,-5.84380402008071,-75.92947605096468
42198,no_incendio,-5.834688696045425,-76.52690718058605
42199,no_incendio,-5.412071364186887,-77.00251056339543
42202,incendio,-6.3735,-76.7728
42207,incendio,-7.4158,-76.7163
42214,incendio,-5.9407,-77.0391
42217,incendio,-7.6134,-76.4756
42230,incendio,-7.3096,-76.1489
42231,no_incendio,-6.742426821485937,-75.840077033376
42232,incendio,-7.3239,-76.9181
42233,no_incendio,-5.875471323487407,-77.45654526806348
42234,no_incendio,-6.833720284532176,-77.09053083344739
42239,incendio,-5.8096,-77.2006
42241,incendio,-8.5615,-76.1429
42247,incendio,-8.4479,-76.3905
42259,no_incendio,-5.3902001479588,-77.1291902290787
42263,no_incendio,-6.397916753583541,-76.88339705526924
42264,no_incendio,-5.7103480025675015,-77.41410373684516
42271,no_incendio,-5.85348487678678,-75.67716092139695
42272,no_incendio,-6.350208583490028,-76.38539627900366
42276,incendio,-5.9025,-76.1079
42279,no_incendio,-5.764033944085201,-76.45830778573153
42293,incendio,-7.2714,-76.322
42296,no_incendio,-6.184018518963494,-76.64827203950954
42299,incendio,-6.9844,-76.9188
42300,no_incendio,-5.916451876326068,-76.42141770409339
42302,incendio,-5.9628,-75.8057
42304,no_incendio,-6.508124167264835,-76.61340355687425
42306,no_incendio,-6.578202945590633,-76.50501159622002
42310,incendio,-6.1522,-75.7075
42316,no_incendio,-5.902847721330155,-77.17634156149673
42320,incendio,-5.8186,-77.2229
42321,no_incendio,-5.518901360296995,-75.83606862844933
42343,incendio,-7.5588,-76.5397
42353,incendio,-5.7967,-77.1845
42358,no_incendio,-7.298951884711561,-75.8714337322258
42362,no_incendio,-6.095756407316532,-77.30841425266888
42370,incendio,-7.4288,-76.4573
42372,no_incendio,-6.208571378644004,-77.08847372883292
42374,incendio,-7.3947,-76.5904
42379,no_incendio,-7.412957121399091,-77.21617404571616
42380,no_incendio,-6.444450177038954,-75.66847301432819
42381,no_incendio,-5.465881437617145,-76.83346258647516
42389,incendio,-8.4358,-76.2832
42393,incendio,-8.4732,-76.4022
42395,no_incendio,-5.902847721330155,-77.17634156149673
42399,no_incendio,-7.319106221775668,-76.84964608294781
42404,no_incendio,-6.8812608532922095,-77.14870823308875
42405,no_incendio,-7.5993037570991975,-77.49364640835546
42410,incendio,-7.5652,-76.7429
42413,incendio,-5.8116,-77.1524
42418,incendio,-6.6266,-76.4899
42441,incendio,-7.4384,-76.6246
42445,incendio,-7.1343,-77.1042
42447,incendio,-7.532,-76.5045
42453,incendio,-6.5528,-77.5834
42459,no_incendio,-6.447996016247126,-77.41234607167007
42464,incendio,-7.0529,-76.6225
42467,incendio,-6.7556,-76.3782
42472,incendio,-5.798,-76.0203
42473,incendio,-8.5093,-76.4282
42475,incendio,-8.0663,-77.66
42476,no_incendio,-5.532971684555294,-77.02280558006699
42479,no_incendio,-6.877247924736086,-76.70115338296226
42480,no_incendio,-5.658384235826694,-76.44208065955317
42485,no_incendio,-7.366259215797565,-77.34248619041158
42490,incendio,-5.368,-76.7398
42493,no_incendio,-6.299525540013742,-76.28555400177144
42509,incendio,-6.8236,-76.6348
42513,no_incendio,-6.971818693744163,-76.01229344920435
42514,no_incendio,-6.991300272279587,-76.75580323161067
42516,incendio,-8.5871,-76.3701
42517,incendio,-6.5834,-76.7581
42522,no_incendio,-6.4080436516823225,-77.02161843514952
42526,no_incendio,-6.695277689736439,-77.08154414600035
42532,no_incendio,-6.904145543477711,-77.38998183817624
42535,incendio,-6.4766,-76.8394
42542,no_incendio,-5.356529850556848,-75.70252244587886
42544,no_incendio,-6.3280159994888185,-76.39673641063581
42547,no_incendio,-5.531434005442488,-77.13875106909684
42549,incendio,-5.8588,-76.218
42552,incendio,-7.5177,-76.7475
42553,incendio,-7.382,-76.3714
42558,incendio,-7.3316,-76.9759
42560,no_incendio,-6.4080436516823225,-77.02161843514952
42569,incendio,-6.6564,-76.4518
42573,no_incendio,-5.418336191471334,-77.27363994749886
42576,incendio,-8.5433,-76.4467
42589,incendio,-7.6032,-76.4879
42591,incendio,-5.683,-76.2589
42594,incendio,-7.2109,-76.5979
42598,incendio,-6.0637,-76.2593
42600,incendio,-8.2428,-76.6596
42608,incendio,-7.5013,-76.4481
42613,no_incendio,-5.698299617649455,-76.9877048304902
42620,no_incendio,-6.677775402102643,-76.83019542388436
42623,incendio,-6.0867,-76.2512
42625,incendio,-7.6315,-76.5178
42626,no_incendio,-6.807279841790784,-75.78242302305196
42630,no_incendio,-7.192676000546934,-77.13476748134192
42632,incendio,-5.666,-77.2629
42638,incendio,-8.5364,-76.3502
42646,incendio,-7.5569,-76.7716
42647,incendio,-8.5164,-76.3101
42653,no_incendio,-6.416369783766856,-77.46099434503463
42657,no_incendio,-6.5878777950259835,-76.78969667476908
42663,no_incendio,-6.140012467892716,-77.09722529665582
42673,incendio,-6.8155,-76.8856
42682,incendio,-8.2219,-76.372
42686,no_incendio,-6.682338881301072,-76.58990578057626
42702,no_incendio,-6.508124167264835,-76.61340355687425
42707,no_incendio,-6.231532660134269,-77.43051392350198
42720,incendio,-6.7061,-76.4202
42722,incendio,-7.0071,-76.0959
42724,no_incendio,-5.89795943446839,-76.15835756218627
42730,incendio,-7.3691,-76.5997
42732,incendio,-7.1955,-76.6475
42736,no_incendio,-5.668562711065817,-75.61105576661728
42742,incendio,-7.3962,-76.3941
42764,incendio,-7.4705,-76.525
42772,no_incendio,-6.18702118811894,-77.34328610788602
42773,no_incendio,-5.384324497906241,-76.81955746951022
42776,no_incendio,-5.309022549050947,-77.11989827113337
42791,no_incendio,-5.871711432876104,-76.01772742487569
42796,no_incendio,-7.374027518305184,-76.32029762844952
42797,incendio,-7.3739,-76.8766
42799,incendio,-7.5064,-76.7748
42804,incendio,-6.0739,-75.8066
42806,no_incendio,-5.971572498496214,-75.54699515189168
42813,incendio,-5.6049,-76.5684
42817,incendio,-6.0114,-75.9662
42823,no_incendio,-6.56383921503927,-77.29970461755646
42825,no_incendio,-7.495613592310532,-75.66310159178755
42831,incendio,-6.7957,-77.2656
42832,no_incendio,-5.899739172279481,-75.62561076754551
42840,incendio,-7.6386,-76.8282
42844,no_incendio,-7.564076009944549,-75.89157611790941
42853,no_incendio,-5.882379700992915,-75.5521215473338
42855,no_incendio,-6.2701925367746005,-76.81498053088146
42859,incendio,-7.5683,-76.8339
42864,no_incendio,-6.010451782777754,-76.65548557621318
42874,incendio,-6.0471,-76.1288
42875,no_incendio,-7.006429626529349,-76.40821160101947
42883,no_incendio,-7.24803934210104,-76.82472284533478
42884,incendio,-6.9698,-76.8182
42896,no_incendio,-6.026471909112164,-76.38280873739679
42898,incendio,-8.02,-76.6848
42900,incendio,-6.0763,-76.8195
42901,incendio,-5.9737,-76.1337
42910,no_incendio,-6.368662376296837,-77.03036089290791
42911,no_incendio,-6.653744086369802,-76.88423091911557
42913,incendio,-8.6075,-76.1226
42918,incendio,-7.207,-77.0316
42922,incendio,-6.6266,-76.726
42927,incendio,-7.7948,-76.823
42932,incendio,-7.5351,-76.4647
42935,no_incendio,-6.238571072533694,-75.50795501172155
42938,incendio,-8.4763,-76.3807
42939,incendio,-7.4868,-76.383
42941,no_incendio,-7.292676783205119,-75.82456526450503
42960,no_incendio,-7.381229378022176,-76.50096695875145
42962,incendio,-7.2308,-76.3748
42970,incendio,-6.7435,-76.7908
42971,incendio,-8.5475,-76.3849
42986,incendio,-5.845,-76.5762
42990,no_incendio,-7.250518418431454,-77.39731384590523
42996,no_incendio,-6.684588652346477,-77.1953837139415
43004,no_incendio,-6.082418461874669,-76.27878687106944
43012,incendio,-7.8858,-76.7155
43015,no_incendio,-5.685078590845662,-76.61726952612376
43023,no_incendio,-6.974678823081742,-77.45775985292939
43025,incendio,-6.8493,-76.6997
43029,incendio,-6.3723,-76.7437
43035,incendio,-7.2186,-76.9019
43037,incendio,-6.1941,-76.3213
43040,incendio,-7.1746,-76.393
43043,incendio,-7.0001,-76.6817
43045,no_incendio,-6.324852338083002,-77.32158487709337
43049,incendio,-6.0629,-76.3301
43050,incendio,-5.8672,-77.0335
43061,incendio,-6.5405,-75.6825
43065,incendio,-7.0207,-76.8159
43071,no_incendio,-7.143611941895854,-76.83926289395374
43073,incendio,-7.2517,-77.0575
43085,incendio,-6.9138,-76.7449
43087,incendio,-6.5751,-75.697
43094,incendio,-6.0201,-77.164
43103,incendio,-7.2247,-76.4623
43110,incendio,-7.1097,-76.8486
43119,incendio,-7.6309,-76.5105
43120,incendio,-7.2424,-76.9991
43127,no_incendio,-5.692068833993068,-76.92243000249631
43133,no_incendio,-7.1211989995442275,-77.24932556813594
43134,incendio,-6.1269,-76.038
43145,incendio,-7.0712,-76.7657
43148,incendio,-6.6862,-76.4987
43154,no_incendio,-6.677016361068433,-76.35596462138518
43156,incendio,-6.522,-75.6659
43158,no_incendio,-6.306399139576039,-77.35464424704278
43159,no_incendio,-5.815972204611399,-75.5996631905604
43182,no_incendio,-6.845471207648621,-76.36886322454563
43186,no_incendio,-6.1419091354730675,-76.8668930112328
43194,no_incendio,-6.368662376296837,-77.03036089290791
43203,no_incendio,-5.913444133925558,-76.54061399484421
43208,incendio,-6.8523,-76.7839
43211,incendio,-7.3203,-76.7115
43217,no_incendio,-6.269160672028454,-77.26185240867942
43219,no_incendio,-5.889428519671102,-75.83985217439051
43230,incendio,-7.5195,-76.4917
43233,no_incendio,-6.818883045664746,-77.17747642270048
43244,incendio,-6.3877,-76.0087
43245,incendio,-8.3828,-77.7984
43247,no_incendio,-7.442180034070876,-75.92683774273232
43251,no_incendio,-6.338883523616399,-76.67237416346605
43254,incendio,-5.7416,-76.4266
43259,no_incendio,-7.237158680749911,-76.11796356076336
43261,no_incendio,-5.719448744498719,-77.23298516632254
43265,incendio,-6.2485,-77.0508
43275,incendio,-6.8409,-76.4766
43276,incendio,-7.3925,-76.8365
43277,no_incendio,-7.5842496329608995,-75.57404179177915
43281,incendio,-8.14,-77.0985
43283,incendio,-6.4019,-76.6137
43290,incendio,-5.4042,-76.8423
43292,no_incendio,-5.7158112857010535,-77.38243423840477
43296,no_incendio,-6.808298154641365,-77.1261442416624
43297,incendio,-8.6649,-76.3451
43299,no_incendio,-6.480910366032293,-76.46284954850665
43307,incendio,-6.7566,-77.4109
43315,no_incendio,-7.275276678539276,-76.76197872211165
43316,no_incendio,-5.65675190083822,-76.2124000269003
43318,incendio,-6.8192,-76.5866
43321,incendio,-7.2173,-76.9599
43323,no_incendio,-6.595830198454336,-76.87085544617783
43329,no_incendio,-6.248141133810431,-75.50987121265236
43338,no_incendio,-6.306399139576039,-77.35464424704278
43339,incendio,-7.5464,-76.533
43359,no_incendio,-5.423352355280385,-75.9768451523196
43361,no_incendio,-6.157983789056771,-76.91942166932327
43362,incendio,-8.4302,-76.4329
43365,no_incendio,-5.41267692948794,-75.94332607139869
43370,incendio,-6.2255,-75.8278
43371,incendio,-8.6028,-76.5798
43376,incendio,-7.3765,-76.7233
43381,incendio,-8.5216,-76.3382
43383,incendio,-7.4766,-76.4408
43384,no_incendio,-5.525166300103762,-76.64412404917219
43393,incendio,-7.4001,-76.7896
43394,incendio,-6.873,-76.7577
43412,incendio,-7.0814,-77.7163
43415,incendio,-5.9877,-76.1849
43416,no_incendio,-6.000913642665956,-77.14500157376662
43421,incendio,-6.2373,-76.2405
43422,no_incendio,-7.07173503300346,-76.39313006840234
43428,no_incendio,-5.4560539889311706,-76.17543571338655
43429,incendio,-7.6503,-76.4677
43432,no_incendio,-6.324852338083002,-77.32158487709337
43443,no_incendio,-6.692392129901898,-76.24064751909104
43449,no_incendio,-6.5273014114668,-77.07055670023018
43456,incendio,-6.8597,-76.5751
43457,no_incendio,-5.316700367183811,-76.26596491615018
43460,no_incendio,-5.965105049339228,-76.99859959497034
43461,incendio,-6.8271,-76.7732
43468,incendio,-6.8681,-76.8689
43470,incendio,-6.8341,-76.4196
43477,no_incendio,-6.252480366224789,-76.488140203218
43482,no_incendio,-6.741440234624422,-77.09605125719467
43484,no_incendio,-6.980328156805363,-75.58165966551039
43491,no_incendio,-6.606179550023269,-77.17612767759138
43497,incendio,-7.0549,-77.5746
43508,incendio,-6.799,-76.3866
43515,incendio,-7.349,-76.7496
43518,no_incendio,-6.0254636524537775,-76.26070791675792
43523,incendio,-6.3456,-75.8929
43524,no_incendio,-6.596577810973727,-76.74231910069577
43526,incendio,-7.0867,-76.6782
43532,no_incendio,-6.320061417206358,-76.82643295462363
43535,no_incendio,-5.8624058726324275,-77.54256899267752
43536,incendio,-6.6584,-76.466
43539,no_incendio,-6.095756407316532,-77.30841425266888
43543,incendio,-7.1402,-76.8988
43549,incendio,-5.8337,-76.2338
43551,incendio,-6.5272,-76.8019
43553,incendio,-5.8278,-77.0713
43558,no_incendio,-5.916451876326068,-76.42141770409339
43560,incendio,-7.2749,-76.8243
43564,no_incendio,-7.436110407887001,-75.68288184576566
43567,no_incendio,-5.489245275525123,-76.82667902790362
43568,incendio,-6.4883,-77.3102
43576,incendio,-8.6263,-76.6056
43577,incendio,-5.9432,-76.171
43581,no_incendio,-6.353424809181855,-75.63008762129351
43582,no_incendio,-7.190259524857835,-76.68608585816432
43586,no_incendio,-7.546681661706002,-77.09086718024028
43588,incendio,-6.7217,-76.5566
43592,no_incendio,-7.137713754276464,-76.43208640903742
43593,incendio,-6.752,-76.7421
43595,no_incendio,-7.1362153859124,-76.23261669430515
43606,no_incendio,-5.5084858154243905,-75.90684850496002
43610,no_incendio,-5.561988258344413,-76.88991934204635
43612,incendio,-7.389,-76.7338
43614,no_incendio,-5.859392269860992,-77.07597134063963
43615,incendio,-6.1946,-76.8974
43617,incendio,-7.4408,-76.4045
43618,no_incendio,-5.841084064265475,-76.47146316885033
43623,no_incendio,-6.576004984769571,-77.51523302793387
43626,incendio,-5.759,-77.3736
43629,no_incendio,-6.421249722496318,-77.04956463628945
43638,no_incendio,-6.491284059337684,-76.25746904489338
43640,no_incendio,-7.233369543625463,-75.83176043083628
43641,incendio,-5.7293,-76.4856
43642,no_incendio,-5.4157703002618724,-75.88771884850634
43650,incendio,-6.7342,-76.7147
43652,no_incendio,-6.263351561254887,-76.64078067531564
43657,no_incendio,-5.855822399079694,-75.69747959221154
43659,no_incendio,-5.782302498103818,-75.6928374050029
43661,no_incendio,-7.126628531945264,-77.1694503862003
43664,incendio,-7.0294,-76.8719
43670,incendio,-6.7859,-76.563
43672,no_incendio,-5.612307081535751,-76.80288819980903
43676,no_incendio,-7.584063938890335,-77.08532363724217
43687,incendio,-6.9134,-77.705
43689,no_incendio,-7.241827770839374,-75.55383362888189
43696,no_incendio,-5.459589434430045,-76.77318023823041
43701,no_incendio,-7.035328568865795,-77.4057239232557
43706,no_incendio,-6.812990607089626,-75.70820307560577
43708,incendio,-7.3518,-76.4622
43709,incendio,-7.0015,-76.5811
43712,incendio,-5.9306,-76.1581
43717,no_incendio,-7.303191371239219,-76.86950299016307
43725,incendio,-5.7384,-77.3704
43727,no_incendio,-5.943086820538844,-77.20310189012812
43731,no_incendio,-6.797128032172363,-76.15133853102378
43735,no_incendio,-5.855088798772725,-76.8781669555971
43738,incendio,-6.3269,-75.9002
43739,incendio,-6.0654,-76.3073
43741,no_incendio,-7.357911846364595,-77.10667831143273
43754,incendio,-6.9998,-76.6837
43755,incendio,-7.9033,-76.7395
43757,incendio,-6.8864,-76.5484
43765,no_incendio,-6.30791982416226,-77.35125522509678
43769,no_incendio,-6.0889717541826,-76.72492959412638
43770,no_incendio,-6.542256231887758,-76.22236926601508
43775,incendio,-6.9517,-76.7095
43776,incendio,-6.0662,-76.1294
43779,incendio,-8.5858,-76.361
43786,incendio,-8.387,-76.4543
43787,no_incendio,-6.397916753583541,-76.88339705526924
43788,no_incendio,-6.421249722496318,-77.04956463628945
43789,incendio,-5.605,-76.1664
43790,no_incendio,-5.648091386764367,-76.0845405608189
43799,no_incendio,-5.702364736345534,-76.72144500150783
43804,incendio,-6.7991,-76.5079
43806,no_incendio,-7.2237762907302,-75.57516855360699
43818,no_incendio,-5.971724397201385,-75.87816764029395
43822,no_incendio,-5.6819042694428346,-76.21370978152449
43824,incendio,-7.3274,-76.0563
43825,no_incendio,-7.261909044974304,-76.6515755533258
43829,incendio,-7.4519,-76.7047
43846,no_incendio,-6.237093114939267,-75.7117789331342
43847,no_incendio,-6.766715492175258,-75.83761083407144
43851,incendio,-7.0392,-77.0871
43853,incendio,-6.4331,-77.009
43857,no_incendio,-5.657826113607748,-77.0484188289704
43859,incendio,-7.3712,-76.553
43862,no_incendio,-5.89201477503853,-77.2682101013539
43874,no_incendio,-5.855822399079694,-75.69747959221154
43881,incendio,-8.3867,-76.391
43884,incendio,-6.3556,-75.7944
43885,no_incendio,-6.238571072533694,-75.50795501172155
43886,incendio,-5.7527,-77.0979
43888,no_incendio,-5.91369294253363,-76.91673941934057
43893,no_incendio,-7.150450269408023,-77.18839409410428
43895,no_incendio,-6.621617501983885,-75.65329251395444
43897,no_incendio,-5.921016028711128,-75.70718586514504
43898,no_incendio,-7.152157832421082,-77.44831592237493
43903,no_incendio,-7.267527749331178,-76.00258934511766
43905,no_incendio,-6.254046612679011,-76.94445690037632
43906,incendio,-6.9594,-76.4972
43914,no_incendio,-7.3746554478906035,-76.75920088924597
43916,no_incendio,-6.5749903992962055,-76.89683303442592
43919,no_incendio,-7.412957121399091,-77.21617404571616
43920,incendio,-7.2879,-76.4403
43924,incendio,-7.2471,-77.5577
43928,incendio,-7.0814,-76.5926
43935,no_incendio,-7.093257969486561,-77.25013940551041
43942,incendio,-6.0457,-76.1566
43945,no_incendio,-5.942412033073392,-76.99723759620795
43946,incendio,-8.0254,-76.7021
43952,incendio,-6.8373,-76.484
43957,incendio,-5.6965,-76.613
43959,no_incendio,-5.465266875680572,-76.24842900681286
43964,incendio,-6.5046,-77.4493
43967,no_incendio,-5.384324497906241,-76.81955746951022
43996,no_incendio,-6.238571072533694,-75.50795501172155
43999,incendio,-7.6703,-76.5196
44006,incendio,-8.6288,-76.3521
44008,incendio,-7.2538,-76.6533
44009,incendio,-8.3535,-76.5693
44010,incendio,-7.4674,-76.6235
44014,no_incendio,-7.279073350966451,-75.53370306812118
44017,incendio,-8.6258,-76.3127
44021,incendio,-7.84,-76.7179
44026,incendio,-6.872,-76.5868
44028,incendio,-6.1888,-76.0507
44038,no_incendio,-6.224512205373936,-77.14720066928672
44040,no_incendio,-5.594721982840302,-76.73250330554579
44044,no_incendio,-6.114431837075887,-77.3791914454974
44051,no_incendio,-5.786742413220336,-77.47906670461887
44064,no_incendio,-6.0258388422724725,-75.8823418796658
44066,incendio,-7.2895,-76.6507
44077,no_incendio,-7.142295863783367,-76.24884468058782
44080,incendio,-7.3646,-76.0277
44084,incendio,-6.4066,-75.9447
44088,incendio,-5.8289,-76.9146
44096,no_incendio,-5.974627825335505,-76.8393257597771
44099,incendio,-6.7791,-76.4536
44100,incendio,-7.3585,-76.7075
44113,incendio,-6.0587,-76.2277
44117,incendio,-6.2859,-76.7557
44121,no_incendio,-6.073266163575411,-75.6671313489238
44122,no_incendio,-7.381225768944467,-76.16930082038664
44140,no_incendio,-5.343847653580683,-76.19643132056173
44143,no_incendio,-7.227645324559791,-75.66978466195862
44145,incendio,-7.4582,-76.2663
44148,no_incendio,-5.605657953237715,-77.33944421680316
44153,incendio,-6.7213,-76.3782
44158,incendio,-7.6424,-76.666
44160,incendio,-7.2925,-76.6733
44161,no_incendio,-6.348815001844065,-75.62878823200789
44165,no_incendio,-6.189900798297541,-77.11922448268243
44167,no_incendio,-6.1773004933773406,-76.41533827057219
44168,no_incendio,-5.525473635438348,-76.97243620940135
44171,no_incendio,-6.31265571754434,-77.00564888561091
44183,incendio,-7.0497,-76.7843
44185,incendio,-7.3504,-76.7014
44187,no_incendio,-5.968870459553349,-76.92149677654932
44191,no_incendio,-7.06430285125658,-76.42921371383994
44198,no_incendio,-5.826799302537919,-75.73782519899997
44199,incendio,-6.3079,-76.0059
44200,no_incendio,-5.847773952672416,-76.45786537475786
44211,incendio,-8.2307,-76.5981
44213,incendio,-7.1712,-77.104
44249,no_incendio,-5.426612634680184,-75.58435399600397
44264,incendio,-8.5601,-76.4389
44265,no_incendio,-6.09276868271348,-76.00881721213455
44273,incendio,-5.3298,-76.6398
44274,incendio,-5.8511,-76.2787
44276,incendio,-5.8188,-76.5192
44294,incendio,-8.1608,-76.6107
44313,no_incendio,-5.66978916869293,-75.78583352536694
44318,incendio,-7.1946,-76.8958
44324,no_incendio,-5.346519894910452,-77.42054950645856
44326,no_incendio,-7.288794185700048,-76.06129578328853
44337,incendio,-8.6717,-76.3531
44339,no_incendio,-6.856229226903604,-75.880120110949
44347,incendio,-7.1465,-77.7485
44350,no_incendio,-6.3065520769299415,-76.52048775212563
44351,incendio,-7.4608,-76.2577
44354,incendio,-6.2569,-76.6898
44357,no_incendio,-6.931023435575018,-75.82624629253455
44358,no_incendio,-7.196513313319464,-76.34355474331385
44376,no_incendio,-6.246302114010693,-75.65691913180889
44378,no_incendio,-7.407523974858453,-76.05767195335137
44381,no_incendio,-5.866539639068574,-77.22687497991105
44383,no_incendio,-5.304216028521146,-77.22955638933952
44390,incendio,-6.8787,-76.4688
44393,incendio,-5.8455,-76.2348
44406,incendio,-6.6693,-76.7169
44409,no_incendio,-7.265385570436415,-76.15256195898944
44411,no_incendio,-6.041174269159521,-76.02071621272385
44414,incendio,-7.1194,-76.881
44420,incendio,-5.8759,-76.3404
44425,incendio,-7.3838,-76.238
44426,incendio,-6.8345,-76.5
44436,incendio,-6.4999,-76.7556
44437,incendio,-7.0462,-76.943
44446,no_incendio,-5.998881730764309,-77.1385121318961
44447,incendio,-6.4904,-77.5122
44448,no_incendio,-7.14999258790223,-77.27323492320696
44450,no_incendio,-6.344738730281884,-77.28085925820518
44452,incendio,-8.1246,-76.6145
44454,incendio,-7.2373,-76.635
44457,incendio,-6.9135,-76.7189
44464,no_incendio,-5.6996412211902,-75.5074681731858
44466,no_incendio,-5.618910457397299,-76.39046295133087
44478,incendio,-8.529,-76.386
44481,no_incendio,-6.691674214621824,-77.20756079690301
44485,incendio,-5.9073,-75.9536
44489,incendio,-5.9006,-76.3095
44493,incendio,-6.8874,-76.6277
44496,no_incendio,-5.562529025700048,-76.57485709284715
44507,no_incendio,-6.931342706605391,-77.24005682830844
44510,incendio,-6.3325,-75.987
44517,incendio,-7.0692,-76.1118
44519,incendio,-5.8515,-76.1896
44522,incendio,-7.5618,-76.4067
44523,incendio,-7.2276,-76.9674
44527,incendio,-7.4627,-76.5947
44529,no_incendio,-5.382192721085108,-75.80513455395052
44531,no_incendio,-6.165139577023006,-77.17733248367045
44533,no_incendio,-6.441502518699965,-76.95262753749782
44545,incendio,-7.3287,-76.6141
44548,incendio,-6.4873,-76.3633
44549,incendio,-7.4195,-76.6013
44551,incendio,-6.668,-77.728
44561,no_incendio,-6.960986438297525,-76.973990270216
44571,incendio,-5.9056,-76.1099
44580,no_incendio,-5.546093305557506,-76.96305959318578
44589,no_incendio,-6.646019680443848,-77.50514894077688
44591,incendio,-7.2826,-76.6972
44593,incendio,-6.6958,-76.3277
44594,no_incendio,-7.412957121399091,-77.21617404571616
44597,no_incendio,-6.311293975828189,-76.65790550589152
44598,no_incendio,-6.6577808572271095,-76.08571031789008
44600,incendio,-5.6654,-77.1583
44605,incendio,-7.4736,-76.5183
44609,no_incendio,-7.397102442990121,-76.86665660281676
44619,incendio,-7.3514,-76.8861
44620,no_incendio,-7.181016545835497,-77.14662187463146
44629,no_incendio,-7.047404652384161,-75.9921217029406
44635,incendio,-6.5322,-77.0625
44651,no_incendio,-5.867404604520736,-75.92995443578674
44655,incendio,-6.5929,-76.4995
44656,no_incendio,-5.936332555331325,-76.83179580754164
44658,incendio,-7.2984,-76.4784
44659,incendio,-7.0281,-76.9553
44667,no_incendio,-6.967630832661904,-76.66075655259817
44677,no_incendio,-6.476078930269108,-76.12579467837428
44680,no_incendio,-6.425556209293201,-75.70279330371295
44684,no_incendio,-6.346021842815813,-77.12333044544714
44692,incendio,-6.2656,-76.1746
44696,incendio,-8.2865,-76.4401
44705,incendio,-5.9717,-76.1549
44711,incendio,-5.9033,-75.9446
44720,no_incendio,-7.0026426990635535,-77.36552672269332
44721,incendio,-8.4683,-77.412
44723,incendio,-8.4481,-76.8414
44727,incendio,-6.0209,-76.0084
44730,incendio,-7.1179,-76.3244
44733,no_incendio,-5.928733149107297,-75.62813587078854
44743,incendio,-6.8661,-76.3875
44744,no_incendio,-6.808642932215501,-75.79916533133496
44747,no_incendio,-5.8499481349063265,-76.00423037206916
44749,incendio,-6.566,-76.7824
44751,no_incendio,-5.937825755560712,-77.54131014900841
44771,incendio,-5.7217,-76.3811
44772,no_incendio,-6.882432262080377,-75.90126287963834
44775,incendio,-7.2721,-76.4001
44780,incendio,-7.1348,-77.5923
44795,incendio,-6.2665,-76.1955
44800,incendio,-8.3799,-76.7439
44807,incendio,-8.0647,-76.643
44809,no_incendio,-5.703527630485487,-76.04599898833253
44814,no_incendio,-6.146020638711784,-75.61071933850509
44816,incendio,-7.5105,-76.4872
44819,no_incendio,-6.566852763907717,-76.67622294647774
44825,incendio,-6.0417,-75.8399
44827,no_incendio,-6.9260270516583,-76.1608919912471
44828,no_incendio,-6.2190640726250495,-76.93105958473025
44835,incendio,-7.1264,-76.2867
44836,incendio,-6.4112,-75.9002
44841,incendio,-6.6381,-76.2532
44842,incendio,-7.0296,-76.6981
44843,no_incendio,-7.450227101420001,-77.22165209135423
44847,no_incendio,-6.350208583490028,-76.38539627900366
44849,incendio,-7.0954,-76.6086
44853,incendio,-7.527,-76.5591
44854,no_incendio,-7.265246187084699,-76.5857245979165
44868,no_incendio,-5.998881730764309,-77.1385121318961
44870,incendio,-6.0322,-76.9272
44871,no_incendio,-5.89201477503853,-77.2682101013539
44874,incendio,-7.3355,-76.602
44876,no_incendio,-7.204320146605171,-76.588496910205
44881,no_incendio,-5.309022549050947,-77.11989827113337
44897,no_incendio,-5.306306841629591,-77.15046908916776
44898,incendio,-6.2169,-76.1951
44901,incendio,-5.664,-76.5641
44911,no_incendio,-5.668562711065817,-75.61105576661728
44915,incendio,-7.3867,-76.5586
44918,incendio,-5.9318,-76.2735
44922,incendio,-6.3494,-76.2881
44933,no_incendio,-7.58397179719786,-76.78899858637695
44934,incendio,-6.6959,-76.6577
44935,no_incendio,-5.98497682810957,-77.24575452252367
44938,no_incendio,-7.082610644878744,-76.41583738866235
44940,incendio,-7.1627,-76.8057
44942,incendio,-6.4491,-77.0822
44945,no_incendio,-6.542252546530441,-76.69178298792589
44948,no_incendio,-5.472748128836409,-77.20935781294484
44953,no_incendio,-5.531709345051456,-76.12800515028563
44962,no_incendio,-5.924081807664306,-77.5419305607915
44963,incendio,-6.9475,-76.3097
44964,incendio,-6.4981,-77.6063
44968,incendio,-7.3357,-76.1703
44973,no_incendio,-6.918732727057085,-75.61509017346891
44977,no_incendio,-5.872543626896172,-76.44213080221468
44978,incendio,-8.1481,-77.5478
44985,incendio,-7.095,-76.504
45001,incendio,-6.45,-76.8717
45006,incendio,-7.1445,-76.6598
45007,no_incendio,-7.040747836565641,-76.40061304391803
45017,incendio,-7.5825,-76.6817
45020,no_incendio,-7.115248664865674,-76.07912965420722
45022,no_incendio,-7.5842496329608995,-75.57404179177915
45023,incendio,-5.673,-76.6508
45027,incendio,-5.9083,-75.9848
45029,no_incendio,-6.717293792016525,-75.64014245587184
45030,no_incendio,-6.808753435004469,-75.58127871175964
45031,incendio,-6.497,-76.3599
45039,incendio,-7.2939,-76.8189
45041,incendio,-7.5502,-76.1934
45042,no_incendio,-7.4811756669415,-76.01564428333117
45045,no_incendio,-5.451709663906019,-76.0834165906866
45050,incendio,-8.774,-76.6102
45052,incendio,-8.7467,-76.2765
45053,no_incendio,-6.400301881628301,-77.5201604762096
45059,no_incendio,-7.468820255868223,-76.21884389702247
45060,incendio,-6.404,-75.7087
45063,incendio,-6.7597,-77.4139
45067,no_incendio,-6.5791773780212175,-75.5208242841422
45077,no_incendio,-6.982455617549805,-76.38860618436227
45079,incendio,-6.7348,-77.6171
45081,no_incendio,-6.8267458836303225,-76.04005920267028
45083,incendio,-6.7894,-76.6166
45085,incendio,-6.4135,-75.9389
45089,no_incendio,-5.916934623864143,-76.40108482987945
45094,no_incendio,-7.110610391202952,-75.57270966365749
45096,no_incendio,-6.66812028796298,-76.15230026038583
45098,incendio,-6.1549,-76.1183
45102,incendio,-7.8247,-76.6877
45105,no_incendio,-5.776890989468168,-77.17544694472763
45109,no_incendio,-6.319184567250436,-76.7615595241715
45110,incendio,-5.8224,-76.2175
45114,incendio,-5.854,-76.2854
45120,no_incendio,-5.881820929193948,-76.58450370780717
45124,incendio,-7.4581,-76.4858
45127,incendio,-6.8226,-76.7975
45143,no_incendio,-6.991871137907023,-76.86560292258433
45144,incendio,-6.2587,-76.1465
45149,no_incendio,-6.037617039183259,-75.8633441160442
45151,incendio,-8.1506,-76.7005
45154,no_incendio,-7.487103293775268,-76.06526148025002
45156,no_incendio,-6.3065520769299415,-76.52048775212563
45159,incendio,-5.8507,-76.3669
45164,incendio,-7.3413,-76.7693
45167,no_incendio,-6.391881397317083,-77.53216465937516
45168,no_incendio,-7.231319010056117,-76.25282835259368
45170,incendio,-6.8302,-76.5552
45171,no_incendio,-6.9260270516583,-76.1608919912471
45173,no_incendio,-6.819960436835468,-75.76204305997081
45181,no_incendio,-6.061671698446887,-76.35844064270319
45183,no_incendio,-5.953019088925324,-76.23284593502969
45188,no_incendio,-7.436772555974999,-76.13512005747918
45190,incendio,-5.9068,-76.3247
45191,incendio,-7.1672,-76.1946
45192,no_incendio,-5.6698457830937325,-76.36289670664165
45199,incendio,-6.6871,-76.492
45208,incendio,-6.6066,-76.0903
45217,incendio,-7.1356,-77.1199
45220,incendio,-6.632,-76.345
45221,no_incendio,-6.023168032179068,-77.26981479042486
45232,no_incendio,-6.252480366224789,-76.488140203218
45236,incendio,-6.7491,-76.7651
45238,incendio,-7.6181,-76.4957
45239,incendio,-8.7825,-76.1946
45249,incendio,-8.4447,-76.2877
45256,no_incendio,-6.253426709313807,-77.08659131097349
45259,incendio,-6.2157,-75.6835
45260,incendio,-8.6105,-76.3144
45263,incendio,-8.6283,-76.0852
45271,no_incendio,-6.060981828013205,-76.61589601950963
45275,incendio,-7.1789,-76.2534
45281,incendio,-7.5452,-76.5321
45282,no_incendio,-5.346519894910452,-77.42054950645856
45293,no_incendio,-5.759511577701185,-76.14983081507849
45296,incendio,-8.2411,-76.5929
45297,incendio,-8.0475,-76.6914
45322,incendio,-6.2084,-76.3423
45323,incendio,-7.4018,-76.5785
45324,no_incendio,-7.028663799217614,-75.85033836524988
45333,incendio,-8.1527,-77.1766
45336,no_incendio,-6.1628423736617925,-77.33214012724629
45353,no_incendio,-7.259025792408945,-76.1069982504593
45367,no_incendio,-5.811469366759115,-76.0719190251322
45370,no_incendio,-5.7038552844593475,-76.24937639790886
45375,incendio,-7.5231,-76.4605
45383,incendio,-7.1299,-76.1043
45385,no_incendio,-6.914205717609276,-76.21644962030662
45392,incendio,-7.3885,-76.6116
45395,no_incendio,-5.946515429749496,-77.17416988943258
45396,no_incendio,-5.594721982840302,-76.73250330554579
45398,no_incendio,-5.461372149282843,-77.4223608733987
45410,incendio,-5.8409,-75.9513
45411,incendio,-8.1726,-76.6418
45415,no_incendio,-6.942876340672963,-76.33358150381483
45418,incendio,-8.7265,-76.1569
45421,incendio,-5.8378,-76.0346
45423,incendio,-6.8395,-76.9668
45424,no_incendio,-6.649475670478298,-75.86589242526365
45445,no_incendio,-6.521871195981789,-77.46615975017302
45446,no_incendio,-6.727398434306363,-77.48848492382807
45448,incendio,-7.4133,-76.5991
45454,incendio,-6.3001,-76.204
45456,no_incendio,-6.725956984213016,-76.31094915112595
45460,incendio,-7.1679,-76.21
45468,incendio,-6.5384,-76.2956
45475,no_incendio,-5.91369294253363,-76.91673941934057
45481,incendio,-6.0635,-76.4149
45482,incendio,-6.6946,-76.8602
45489,no_incendio,-5.472748128836409,-77.20935781294484
45493,incendio,-8.4785,-76.3601
45497,incendio,-7.1688,-76.2181
45498,no_incendio,-6.705083355769138,-77.07784196502678
45501,incendio,-8.0777,-76.7517
45502,no_incendio,-6.4548358961700885,-76.10226827896288
45510,incendio,-6.748,-76.6026
45517,incendio,-6.1865,-75.9431
45524,incendio,-7.0397,-76.2433
45541,no_incendio,-5.881820929193948,-76.58450370780717
45550,no_incendio,-5.772447993979731,-76.76825761036689
45555,incendio,-6.204,-75.9736
45564,no_incendio,-7.062719614900722,-75.90547044520231
45591,incendio,-7.1818,-76.4899
45592,no_incendio,-6.825822993237503,-77.04144362527458
45593,incendio,-7.0921,-76.8715
45596,no_incendio,-7.573586798987392,-75.72729255411187
45604,no_incendio,-5.313659040472185,-75.7974059398213
45606,incendio,-6.2175,-75.8484
45614,incendio,-6.889,-76.9365
45616,no_incendio,-7.523343048173316,-75.60465669486607
45624,incendio,-6.7542,-76.4725
45629,no_incendio,-6.3028561898427915,-76.27802291650278
45634,no_incendio,-6.353424809181855,-75.63008762129351
45637,no_incendio,-7.384008271248504,-77.19420546410333
45638,incendio,-7.118,-76.3957
45644,incendio,-7.1535,-76.4153
45645,incendio,-6.4517,-76.8661
45648,incendio,-6.898,-76.8831
45658,incendio,-5.8593,-77.1591
45663,incendio,-6.9654,-76.6761
45664,no_incendio,-5.8084744858353705,-77.25537544416976
45667,incendio,-7.0753,-76.7719
45668,incendio,-7.4745,-76.6269
45674,no_incendio,-6.360714337530349,-76.51313445356357
45679,incendio,-7.4099,-76.6694
45686,incendio,-7.293,-76.9428
45687,no_incendio,-6.5564240987934905,-76.79797957202473
45692,incendio,-6.0039,-76.4804
45695,incendio,-6.786,-76.728
45719,no_incendio,-5.67746740794027,-76.11677597680215
45724,incendio,-7.1519,-76.1981
45728,incendio,-6.3567,-76.1222
45737,incendio,-5.8954,-76.2128
45741,incendio,-7.0817,-76.1861
45742,no_incendio,-7.468966943240149,-76.0987072289364
45746,incendio,-7.2712,-76.8458
45749,no_incendio,-5.977250221064096,-76.70445078164089
45755,no_incendio,-5.9462000997115165,-76.43849970195068
45759,no_incendio,-7.352637322565051,-76.5869966012663
45763,no_incendio,-6.992873718796428,-77.40735326396366
45773,no_incendio,-7.4685281169836575,-76.45982142340358
45774,no_incendio,-6.949275367929126,-77.03979042014342
45786,no_incendio,-5.531494331119256,-75.68693972870032
45787,incendio,-7.0764,-76.1751
45789,incendio,-6.3226,-75.9063
45790,no_incendio,-6.439732844593629,-76.57320223136172
45793,no_incendio,-6.024896527341603,-76.2922888028806
45796,incendio,-7.4676,-76.5683
45799,incendio,-6.7548,-76.9305
45804,no_incendio,-6.303002240210201,-76.72194514117207
45806,incendio,-5.8761,-76.5561
45808,incendio,-6.6744,-76.5143
45813,no_incendio,-7.093257969486561,-77.25013940551041
45824,incendio,-8.0253,-76.7174
45825,no_incendio,-7.465611055003252,-76.84521972476566
45827,incendio,-8.4294,-76.2253
45832,incendio,-6.966,-76.839
45845,incendio,-5.8338,-76.0588
45847,no_incendio,-7.560257578514154,-75.8825568546828
45848,no_incendio,-7.4654999073290265,-76.71461513627762
45850,incendio,-6.0588,-76.1842
45852,no_incendio,-5.508797884476139,-76.57706115239465
45855,no_incendio,-7.562840840503951,-75.66286053205432
45856,no_incendio,-6.23478792603882,-76.18381610836184
45863,incendio,-5.733,-76.3794
45864,no_incendio,-6.331589003630742,-76.77579913568411
45870,no_incendio,-7.597875070160168,-76.24368895263702
45878,incendio,-5.6601,-76.1792
45881,no_incendio,-7.036314510603764,-76.32413479957033
45885,incendio,-7.5683,-76.4476
45901,incendio,-7.1511,-76.48
45910,incendio,-6.2214,-75.7893
45916,incendio,-7.289,-76.4206
45924,incendio,-7.2983,-76.7164
45930,incendio,-7.1462,-76.3278
45934,incendio,-8.5916,-76.3199
45941,incendio,-7.4857,-76.5814
45943,no_incendio,-6.8267458836303225,-76.04005920267028
45947,incendio,-5.8952,-76.2508
45954,incendio,-5.7971,-76.0852
45955,incendio,-7.5314,-76.5149
45956,no_incendio,-7.163128957992517,-77.33946379317482
45963,incendio,-6.5956,-76.0969
45965,no_incendio,-6.536633754882988,-75.61074686603133
45976,no_incendio,-7.288317129023355,-76.62295810073671
45981,no_incendio,-7.265385570436415,-76.15256195898944
45983,no_incendio,-5.62776239327014,-77.48408133634722
45985,incendio,-5.7477,-76.1839
45986,no_incendio,-6.575273134907994,-75.71241319767115
45988,incendio,-5.9273,-76.1841
45990,incendio,-6.3462,-76.0652
45997,no_incendio,-7.070198196068285,-76.36379595586068
46007,no_incendio,-6.905014878753814,-76.49698867319515
46011,no_incendio,-6.045557480896305,-76.73042918045354
46013,incendio,-6.9877,-76.2171
46016,incendio,-5.4706,-76.7569
46021,no_incendio,-6.632429838819291,-76.85546244307059
46022,no_incendio,-6.982455617549805,-76.38860618436227
46035,incendio,-6.9184,-76.6402
46039,incendio,-6.3107,-75.6975
46043,no_incendio,-5.409587022918446,-76.44819351401671
46056,incendio,-7.2901,-76.3388
46067,incendio,-8.7668,-76.0919
46072,no_incendio,-5.9272520922930445,-77.17976360795232
46081,incendio,-7.001,-76.6729
46083,no_incendio,-6.729488491648472,-77.03653906594069
46086,no_incendio,-6.122241228202742,-76.97601645146484
46091,no_incendio,-6.877247924736086,-76.70115338296226
46107,no_incendio,-6.312891094128834,-75.840822427949
46111,no_incendio,-6.189738223688629,-76.63044449970681
46117,no_incendio,-5.472585153492127,-77.10655294749147
46127,no_incendio,-5.532853929708149,-75.98229483983717
46155,no_incendio,-5.968870459553349,-76.92149677654932
46170,no_incendio,-7.518549043794622,-77.46918278069812
46171,incendio,-7.3587,-76.2676
46174,no_incendio,-7.082610644878744,-76.41583738866235
46177,incendio,-7.3315,-77.5292
46179,incendio,-7.3867,-76.6297
46180,no_incendio,-6.242683257012905,-77.09272695265327
46181,incendio,-7.0017,-76.1458
46183,incendio,-6.1002,-75.7498
46184,incendio,-6.431,-77.3377
46188,no_incendio,-7.396034749471958,-77.09104434205882
46196,no_incendio,-5.362697688980843,-76.37235425327088
46200,incendio,-7.0472,-76.7663
46204,incendio,-7.2853,-76.8467
46207,incendio,-6.2822,-75.8484
46208,incendio,-6.7305,-76.8294
46221,no_incendio,-5.588125457302943,-77.46080617284144
46228,incendio,-6.1845,-76.3146
46229,incendio,-8.1524,-76.2626
46230,incendio,-5.798,-76.483
46234,no_incendio,-6.12520459976937,-77.49886350154438
46243,incendio,-6.4994,-77.6152
46245,no_incendio,-5.846363398738161,-76.40526766705626
46247,incendio,-8.5052,-76.3736
46249,no_incendio,-5.636338028013915,-75.57133657890496
46250,no_incendio,-6.722977701208728,-76.08504808570892
46251,incendio,-7.6028,-76.5125
46255,no_incendio,-7.547004527368286,-77.14424900414204
46259,incendio,-6.7158,-76.4077
46261,incendio,-6.3899,-76.0647
46265,no_incendio,-6.9560251993392335,-75.65244127896328
46266,incendio,-7.1016,-76.2882
46271,no_incendio,-5.3149529866292395,-75.54616509202799
46274,incendio,-6.8554,-76.4904
46275,incendio,-6.6567,-76.3369
46282,incendio,-6.2887,-76.2002
46289,no_incendio,-6.890502660955485,-77.28521359628384
46291,incendio,-7.041,-76.2028
46295,incendio,-6.7844,-76.3817
46300,no_incendio,-5.399746644332469,-76.68187059720576
46304,incendio,-7.4301,-76.6029
46307,no_incendio,-6.074232738963784,-75.5615873787058
46315,incendio,-7.4042,-76.647
46319,incendio,-8.2644,-77.3549
46320,incendio,-5.9192,-76.4194
46321,incendio,-7.358,-76.6536
46328,no_incendio,-6.618506694977619,-76.00213992327006
46329,incendio,-7.219,-76.8302
46336,no_incendio,-5.728686151403572,-77.23987774970512
46339,no_incendio,-5.388800568828812,-75.76427198080877
46343,incendio,-7.1732,-76.3425
46344,incendio,-7.3238,-76.5817
46349,incendio,-8.7254,-76.1598
46354,incendio,-8.5839,-76.3425
46355,no_incendio,-5.701243653353404,-77.51137584362479
46359,incendio,-6.8277,-76.3728
46364,incendio,-7.4507,-76.5304
46368,incendio,-7.0229,-76.3541
46371,no_incendio,-7.396034749471958,-77.09104434205882
46375,no_incendio,-7.506850337937736,-76.33686457857513
46395,incendio,-6.7318,-76.7283
46402,no_incendio,-6.31265571754434,-77.00564888561091
46404,incendio,-5.7351,-75.6779
46407,incendio,-7.1158,-76.2545
46421,incendio,-5.676,-76.053
46432,no_incendio,-7.20837922312058,-75.60173964481412
46434,no_incendio,-6.152311336764004,-75.83217280220295
46436,incendio,-6.296,-75.8653
46440,incendio,-6.0602,-75.802
46441,incendio,-6.1736,-76.3322
46443,incendio,-6.9632,-77.0067
46444,no_incendio,-6.692392129901898,-76.24064751909104
46453,incendio,-5.8806,-75.8932
46454,no_incendio,-6.832250558370159,-76.20474853380588
46462,no_incendio,-6.237634518264563,-76.93733978052377
46474,no_incendio,-5.432202072011853,-76.59374002276904
46476,incendio,-6.7997,-76.4854
46479,no_incendio,-7.000863457307533,-75.58957693762711
46482,incendio,-6.8473,-76.4146
46484,no_incendio,-7.147843120370421,-77.31448550971452
46487,incendio,-7.2857,-76.8112
46490,no_incendio,-5.879613359801567,-75.64585304449614
46492,incendio,-5.7129,-77.3614
46494,incendio,-5.722,-76.1956
46507,no_incendio,-6.923574495814878,-76.96137100911855
46509,no_incendio,-7.562840840503951,-75.66286053205432
46515,incendio,-7.2143,-76.7325
46517,no_incendio,-6.5603093207023875,-76.81459925787705
46519,no_incendio,-6.5878777950259835,-76.78969667476908
46521,no_incendio,-6.705665824489784,-75.86880266225904
46526,no_incendio,-5.871232465142917,-76.52596915622884
46530,no_incendio,-5.863508615293079,-77.5457929030888
46531,incendio,-8.0912,-76.7874
46538,no_incendio,-6.763422719650261,-75.74420107703415
46546,no_incendio,-6.493728884519305,-75.95080124431671
46550,incendio,-6.9447,-76.0943
46554,no_incendio,-6.418496907062319,-75.56505083254436
46557,incendio,-7.4471,-76.5667
46560,incendio,-7.5446,-76.2511
46563,no_incendio,-5.926705485124891,-75.77709994653331
46564,incendio,-7.6265,-76.4475
46592,incendio,-6.6827,-76.2385
46598,incendio,-5.3366,-76.6429
46599,no_incendio,-6.1290157028955905,-75.56386178427238
46605,incendio,-6.339,-76.54
46612,incendio,-8.4292,-76.3492
46616,no_incendio,-5.978876914297251,-77.26050814725458
46630,no_incendio,-5.607896245919547,-76.37910922472966
46636,no_incendio,-6.682338881301072,-76.58990578057626
46638,incendio,-8.3223,-76.6544
46640,incendio,-8.2226,-76.4311
46641,no_incendio,-6.60024344042182,-76.28088372901857
46644,incendio,-5.7765,-76.4647
46648,no_incendio,-6.416369783766856,-77.46099434503463
46650,no_incendio,-7.5348116135080625,-76.04270078901092
46655,incendio,-6.9281,-76.1607
46656,incendio,-6.5765,-75.9315
46659,no_incendio,-5.428382683589806,-76.59712896608411
46673,incendio,-6.9667,-76.6846
46674,no_incendio,-6.010674240572804,-77.09796715104932
46678,incendio,-7.1353,-76.102
46683,no_incendio,-6.328050055589178,-77.0850887708193
46699,no_incendio,-5.622162432874228,-76.70501966558531
46700,incendio,-7.5066,-76.5636
46701,incendio,-7.3139,-76.5478
46702,incendio,-8.6376,-76.8163
46708,incendio,-7.441,-76.6278
46710,incendio,-6.3045,-76.2171
46722,no_incendio,-5.817722164420606,-76.05024701906109
46723,incendio,-7.4667,-76.5043
46727,incendio,-7.2067,-76.6625
46731,no_incendio,-6.001439366513391,-76.98820534580602
46743,incendio,-7.9029,-75.5547
46751,no_incendio,-5.783942671800878,-75.80670959767819
46752,incendio,-6.3061,-75.7361
46759,no_incendio,-5.946515429749496,-77.17416988943258
46769,incendio,-6.3666,-75.8807
46770,incendio,-6.0799,-76.0698
46771,incendio,-6.1277,-76.8861
46774,no_incendio,-6.199486560201427,-77.4221153051421
46786,incendio,-7.2868,-76.6048
46789,no_incendio,-7.241586175081285,-75.60658029783822
46798,no_incendio,-5.906320557671209,-76.16456069117528
46799,incendio,-6.4968,-76.3747
46808,incendio,-8.1521,-77.0766
46809,incendio,-6.8732,-76.815
46814,incendio,-7.2076,-76.7626
46815,incendio,-7.2899,-76.5631
46818,no_incendio,-6.825057480379352,-77.49883680928833
46832,incendio,-7.1094,-76.7173
46833,no_incendio,-5.423715260330031,-75.80260147002005
46837,incendio,-8.5412,-77.7834
46844,no_incendio,-5.559447141003816,-77.53240429845073
46847,no_incendio,-5.888892522225688,-76.77144344906966
46850,incendio,-7.3474,-76.8768
46852,incendio,-6.7161,-76.7266
46860,no_incendio,-7.212746042883999,-76.23580517242253
46864,no_incendio,-6.994951885754811,-75.90892162040349
46865,no_incendio,-6.702659611656615,-77.00358407805038
46867,no_incendio,-5.894898869067559,-77.35176843132272
46868,incendio,-6.1395,-77.502
46870,no_incendio,-7.381225768944467,-76.16930082038664
46871,incendio,-7.5442,-76.4066
46879,incendio,-7.0946,-76.6003
46891,incendio,-7.3392,-76.5628
46896,incendio,-7.2241,-77.0687
46903,incendio,-7.3347,-77.0434
46904,incendio,-7.5604,-76.4781
46905,incendio,-7.4035,-76.6943
46910,incendio,-6.5339,-75.7577
46911,incendio,-5.7324,-77.3321
46916,incendio,-6.1875,-76.0303
46917,no_incendio,-5.87938832915223,-76.90538612384941
46927,no_incendio,-6.677775402102643,-76.83019542388436
46939,incendio,-7.0751,-76.1405
46940,incendio,-7.2562,-76.2287
46941,incendio,-5.7393,-77.521
46948,no_incendio,-5.348479960720765,-76.73008143184053
46951,incendio,-6.8879,-76.7985
46952,no_incendio,-6.212102855046136,-76.68622274401635
46959,incendio,-7.2154,-76.6189
46963,no_incendio,-5.676274225134516,-77.28318396900629
46964,no_incendio,-7.56354574516261,-76.00460014183221
46965,no_incendio,-6.074232738963784,-75.5615873787058
46966,incendio,-7.3313,-76.7534
46968,no_incendio,-6.254046612679011,-76.94445690037632
46975,no_incendio,-6.3280159994888185,-76.39673641063581
46983,no_incendio,-6.0457356441581505,-76.76564488218803
46987,no_incendio,-7.1816270512499,-75.96620433389496
46989,incendio,-7.0936,-76.852
46990,incendio,-6.9965,-76.5623
46992,no_incendio,-6.654449786981951,-77.1406120148932
46993,no_incendio,-6.061127541678445,-77.3300358732125
47006,no_incendio,-5.393627530051222,-76.7881303458327
47013,incendio,-7.5352,-76.5535
47020,no_incendio,-5.971724397201385,-75.87816764029395
47024,incendio,-7.3185,-76.5546
47029,incendio,-7.2698,-76.392
47031,no_incendio,-6.772965762366505,-76.27272500681829
47036,incendio,-7.4377,-76.4093
47059,incendio,-8.1834,-77.035
47066,incendio,-8.4006,-76.3904
47084,incendio,-6.8633,-76.9585
47087,no_incendio,-6.727398434306363,-77.48848492382807
47091,no_incendio,-5.807017349001207,-75.61769536103809
47095,no_incendio,-6.052146999790762,-76.66693051861807
47101,no_incendio,-5.504827246357519,-77.16574913944
47106,no_incendio,-5.494377757817533,-77.22053363364685
47110,incendio,-6.3383,-76.0645
47117,no_incendio,-6.475196466130733,-76.70818383406251
47123,no_incendio,-5.397948781588011,-77.53247141487635
47127,no_incendio,-5.473631906137981,-76.93641473945902
47129,incendio,-5.5101,-76.5226
47135,incendio,-7.7018,-76.6678
47140,incendio,-6.7359,-76.4861
47142,incendio,-6.48,-76.5045
47149,no_incendio,-7.36388011313037,-77.4640263849402
47155,no_incendio,-6.799158296280013,-76.12149634545402
47158,no_incendio,-7.036643028375762,-75.60012732289076
47160,no_incendio,-7.221811632536515,-77.44262630315019
47162,no_incendio,-5.6996412211902,-75.5074681731858
47167,incendio,-8.3634,-76.5856
47168,no_incendio,-6.573895472470259,-76.90325456502508
47171,incendio,-6.8376,-76.5141
47175,no_incendio,-6.320061417206358,-76.82643295462363
47176,incendio,-8.1096,-76.5319
47193,incendio,-6.6283,-76.715
47204,no_incendio,-5.968086685454471,-75.87697296740079
47210,incendio,-5.8133,-77.0446
47214,incendio,-6.4802,-76.8222
47223,no_incendio,-6.234222668201542,-76.20280713881237
47229,incendio,-6.7083,-76.6426
47232,incendio,-7.219,-76.8544
47234,no_incendio,-6.53325154649785,-76.75115030969212
47240,incendio,-6.255,-77.6766
47241,incendio,-7.2865,-77.5812
47249,no_incendio,-5.976473792691887,-77.521298056028
47254,no_incendio,-6.12520459976937,-77.49886350154438
47255,no_incendio,-5.569129164967829,-76.89146867970102
47259,incendio,-5.7968,-76.1954
47265,incendio,-7.1026,-76.7944
47275,incendio,-8.2922,-76.5698
47278,incendio,-5.5262,-76.722
47279,incendio,-6.3755,-75.9744
47285,incendio,-6.6469,-76.6541
47286,incendio,-7.6666,-76.4669
47297,incendio,-6.8664,-76.6506
47304,no_incendio,-5.594721982840302,-76.73250330554579
47305,incendio,-8.5159,-76.3078
47306,no_incendio,-5.9462000997115165,-76.43849970195068
47322,no_incendio,-5.707217935164065,-76.52295370572979
47327,incendio,-6.7271,-76.4498
47332,incendio,-7.45,-76.6166
47341,incendio,-7.2554,-76.6666
47342,no_incendio,-5.965105049339228,-76.99859959497034
47344,no_incendio,-7.014371526342947,-75.6304094962068
47347,incendio,-6.2846,-75.9454
47348,no_incendio,-5.968149636265594,-77.51081675536001
47360,incendio,-6.9437,-77.5001
47362,no_incendio,-7.537645825070388,-77.33447245653781
47369,no_incendio,-6.770535932670912,-77.17143392593205
47370,incendio,-8.4807,-77.4784
47372,incendio,-7.2277,-76.6144
47378,incendio,-8.1227,-76.5125
47388,no_incendio,-7.145399618003832,-77.00792044464232
47389,incendio,-6.4393,-76.7405
47390,no_incendio,-5.592843733729189,-75.8469852314677
47397,no_incendio,-5.3699868320408415,-75.54453001162278
47405,no_incendio,-6.3431574963922905,-76.8897013975212
47406,incendio,-5.9382,-76.4983
47413,incendio,-7.2154,-76.6681
47414,no_incendio,-5.809070578757959,-75.92077418660742
47416,incendio,-5.7247,-76.2664
47418,incendio,-8.7773,-76.1499
47421,incendio,-6.8037,-76.7118
47431,incendio,-7.2129,-76.9871
47437,incendio,-7.568,-76.2187
47438,incendio,-7.8664,-76.7385
47440,incendio,-8.3189,-76.3458
47442,incendio,-5.6862,-76.6443
47444,incendio,-8.3987,-76.4802
47460,incendio,-5.8487,-76.1809
47463,no_incendio,-6.6675087326032685,-77.42602403570756
47470,incendio,-7.6472,-76.6393
47474,no_incendio,-5.55191314269425,-76.59129090689653
47478,no_incendio,-6.668348976590427,-75.85167744687278
47479,no_incendio,-6.082418461874669,-76.27878687106944
47481,incendio,-5.6805,-77.5476
47482,incendio,-6.947,-76.4807
47484,incendio,-7.5848,-76.4005
47487,incendio,-6.06,-76.2642
47491,no_incendio,-5.5084858154243905,-75.90684850496002
47492,incendio,-7.2645,-76.2459
47493,no_incendio,-7.157163278516986,-76.9354632282693
47496,no_incendio,-6.973841653653549,-76.58656432123784
47498,no_incendio,-7.076017752800738,-75.91978389352657
47499,incendio,-6.4695,-76.8311
47502,no_incendio,-5.647813944563046,-75.98631579821414
47518,incendio,-6.8143,-76.1423
47528,incendio,-6.3076,-76.5678
47532,incendio,-7.0622,-76.9719
47535,no_incendio,-6.991300272279587,-76.75580323161067
47536,incendio,-6.9552,-76.647
47539,no_incendio,-5.985543510791079,-75.55610035209125
47544,no_incendio,-6.062840602584927,-76.70237486789418
47545,incendio,-6.3237,-75.8401
47573,no_incendio,-6.662875308176205,-76.42972525647028
47574,incendio,-7.0354,-76.2033
47577,incendio,-6.8406,-76.7662
47579,incendio,-7.0868,-76.4387
47581,no_incendio,-6.66812028796298,-76.15230026038583
47582,incendio,-6.8288,-76.671
47583,no_incendio,-6.534953195140333,-76.18456106043952
47584,no_incendio,-7.582363301360768,-76.43607509989434
47596,no_incendio,-7.200090625449649,-75.973583692229
47603,incendio,-7.1654,-76.2194
47605,incendio,-8.1886,-75.6509
47617,incendio,-6.7893,-77.2499
47618,incendio,-6.752,-76.6981
47621,incendio,-6.0561,-77.5325
47637,no_incendio,-5.4484392138134945,-75.95921509359859
47644,no_incendio,-7.1210506239975135,-76.31863607475617
47647,incendio,-6.9686,-76.5609
47649,no_incendio,-7.061403957049695,-76.62981524420255
47661,incendio,-6.1434,-76.2308
47680,incendio,-8.0764,-76.6532
47682,no_incendio,-6.351517341637376,-77.31017116176967
47684,no_incendio,-6.122720954624869,-76.9879603704079
47693,incendio,-6.5892,-75.688
47696,no_incendio,-7.253889999482386,-76.08590323427873
47698,incendio,-6.8648,-76.3785
47699,no_incendio,-6.444054607789215,-75.60852282337595
47704,incendio,-5.7837,-76.5144
47706,incendio,-6.5096,-76.5259
47720,no_incendio,-5.4181719579024135,-75.50050796250098
47723,no_incendio,-6.7133301961826755,-75.60854075962672
47728,incendio,-6.3111,-76.2498
47729,no_incendio,-6.234937456831474,-75.55136134306397
47742,incendio,-6.7987,-77.244
47743,incendio,-6.5423,-76.4751
47758,incendio,-7.3255,-76.7403
47765,incendio,-7.0024,-76.3572
47766,no_incendio,-7.509252354285814,-75.54465114823546
47770,incendio,-6.8323,-76.4645
47771,incendio,-5.7437,-76.4868
47773,incendio,-6.2865,-75.8374
47778,incendio,-8.1599,-77.0596
47781,incendio,-5.9999,-77.0906
47782,incendio,-7.2293,-76.8104
47783,incendio,-5.7217,-77.4127
47790,incendio,-5.654,-76.2474
47792,no_incendio,-5.979395848987274,-75.81605060669331
47796,incendio,-5.8366,-76.5299
47797,incendio,-6.2093,-77.2563
47799,no_incendio,-6.623625617650361,-76.4412657181978
47807,incendio,-5.6189,-76.6846
47812,incendio,-6.5735,-75.6759
47824,incendio,-8.1518,-76.9007
47828,no_incendio,-6.616039268330141,-77.35690054867337
47829,no_incendio,-6.998414939340265,-75.67912715079014
47831,incendio,-8.1488,-76.9438
47834,incendio,-7.2775,-76.349
47836,incendio,-7.3647,-76.6442
47851,no_incendio,-6.3431574963922905,-76.8897013975212
47854,incendio,-7.3246,-76.9278
47864,incendio,-7.2697,-76.7847
47868,incendio,-7.7805,-76.7491
47871,no_incendio,-7.388452210624765,-77.20638603731945
47877,incendio,-5.7866,-77.1313
47881,no_incendio,-5.900355019577343,-76.50972621036057
47883,no_incendio,-7.564076009944549,-75.89157611790941
47896,incendio,-6.8577,-76.5197
47899,incendio,-6.2044,-76.7858
47907,no_incendio,-5.592455159672106,-77.05696823462097
47910,incendio,-5.6968,-76.1683
47913,incendio,-6.1902,-76.3991
47920,incendio,-6.5152,-77.6668
47921,no_incendio,-7.496239899438951,-76.29662903245722
47924,no_incendio,-6.062840602584927,-76.70237486789418
47926,incendio,-7.3696,-76.6758
47936,incendio,-5.9025,-75.9356
47939,no_incendio,-7.546681661706002,-77.09086718024028
47942,no_incendio,-7.208517788052751,-77.27726682011853
47949,incendio,-6.7929,-76.5636
47953,incendio,-5.8185,-77.2019
47954,no_incendio,-5.607428760846163,-75.61638280541105
47955,incendio,-6.6686,-76.6506
47967,incendio,-7.2601,-76.2187
47971,no_incendio,-6.521871195981789,-77.46615975017302
47975,incendio,-7.3046,-75.558
47977,incendio,-5.7096,-76.2559
47980,incendio,-5.7609,-76.505
47988,no_incendio,-6.727398434306363,-77.48848492382807
47991,no_incendio,-5.66978916869293,-75.78583352536694
47994,incendio,-6.5518,-76.3761
48003,incendio,-6.6755,-76.3672
48010,no_incendio,-6.122720954624869,-76.9879603704079
48018,no_incendio,-6.766715492175258,-75.83761083407144
48019,incendio,-7.5221,-76.5523
48025,incendio,-6.3276,-75.918
48052,incendio,-7.0405,-76.0974
48063,no_incendio,-6.646019680443848,-77.50514894077688
48065,no_incendio,-6.012390103585068,-77.46665184846529
48068,incendio,-7.569,-76.6409
48071,no_incendio,-6.836006339265761,-75.80496615427175
48072,incendio,-8.7011,-76.1704
48077,no_incendio,-6.545436147892791,-76.30829128869237
48078,no_incendio,-6.475196466130733,-76.70818383406251
48087,no_incendio,-5.4225864404931166,-77.44996456310464
48097,no_incendio,-6.84710555088138,-75.520478621097
48106,incendio,-8.2354,-76.3798
48107,incendio,-7.1307,-76.8499
48112,incendio,-7.0514,-77.0514
48117,no_incendio,-7.45728200774953,-76.98588787498541
48121,incendio,-6.5495,-76.1349
48128,incendio,-7.0227,-76.928
48132,incendio,-6.9488,-76.4868
48138,no_incendio,-7.579867389663157,-75.5999817001758
48139,incendio,-6.2803,-75.8323
48140,no_incendio,-7.579948204047341,-77.15279486128607
48141,incendio,-7.0987,-76.5818
48142,incendio,-5.8871,-76.0334
48144,incendio,-7.5466,-76.5403
48146,no_incendio,-5.531494331119256,-75.68693972870032
48147,incendio,-5.7981,-76.2043
48165,no_incendio,-5.637143675477756,-76.46390106880192
48166,incendio,-6.9872,-76.1496
48177,incendio,-5.7394,-76.1158
48184,no_incendio,-5.798251230559933,-76.03303003317315
48188,no_incendio,-6.530680448143941,-77.14936961816767
48198,incendio,-6.6458,-76.6748
48202,no_incendio,-5.9272520922930445,-77.17976360795232
48211,no_incendio,-7.5389429366733145,-76.3612819242991
48220,no_incendio,-6.1029066882194485,-77.35334666324442
48230,incendio,-7.699,-76.7758
48233,incendio,-8.2514,-76.5673
48248,no_incendio,-5.875471323487407,-77.45654526806348
48255,no_incendio,-6.480391966428419,-77.42730148887621
48259,incendio,-5.7404,-76.2234
48262,no_incendio,-6.053663067143272,-77.25400416625581
48266,incendio,-6.5354,-77.4739
48273,incendio,-8.6529,-76.1635
48275,no_incendio,-6.212102855046136,-76.68622274401635
48276,incendio,-7.2406,-76.7233
48277,no_incendio,-7.170373075763204,-77.40179462648253
48289,incendio,-7.5883,-76.4892
48292,no_incendio,-6.546795271979165,-77.13463626494185
48295,incendio,-6.9682,-76.7609
48299,no_incendio,-5.388800568828812,-75.76427198080877
48302,no_incendio,-6.338883523616399,-76.67237416346605
48318,incendio,-7.1711,-76.4386
48324,no_incendio,-6.709679366409026,-76.89232327371961
48332,incendio,-7.3431,-76.8668
48334,no_incendio,-5.434734993358147,-76.94653262890384
48353,incendio,-8.0322,-76.676
48355,incendio,-6.7331,-76.6616
48356,incendio,-6.3195,-75.9223
48359,incendio,-8.6405,-75.5073
48361,incendio,-6.2689,-75.9428
48367,no_incendio,-6.1849308797193405,-77.44943428599332
48371,incendio,-5.4895,-76.5423
48381,incendio,-6.5301,-76.276
48383,incendio,-6.4447,-76.495
48384,incendio,-7.3142,-76.2742
48388,incendio,-8.5212,-75.5199
48391,no_incendio,-7.0294194294183265,-77.09735006276883
48392,no_incendio,-6.8053340000464315,-76.39338208242373
48393,incendio,-5.9708,-76.2242
48396,incendio,-6.9186,-76.5193
48405,incendio,-6.501,-77.0315
48407,no_incendio,-7.143300333347583,-76.01076815200116
48419,incendio,-5.7738,-76.2902
48423,no_incendio,-5.728686151403572,-77.23987774970512
48424,no_incendio,-5.525266717128592,-75.70624108601852
48434,incendio,-7.1232,-76.6474
48435,no_incendio,-6.635301014584928,-76.41004319664097
48443,incendio,-6.0631,-76.085
48450,incendio,-6.3046,-75.925
48451,incendio,-6.5279,-76.8228
48453,incendio,-7.2852,-77.5901
48457,incendio,-7.3749,-76.9038
48459,incendio,-6.1821,-76.1928
48463,no_incendio,-6.693645231607011,-77.00083886723358
48466,no_incendio,-6.011348651194169,-77.43448041427209
48467,incendio,-6.0383,-76.1359
48468,incendio,-7.6219,-76.468
48473,no_incendio,-6.2701925367746005,-76.81498053088146
48474,incendio,-8.1427,-76.5372
48478,incendio,-7.1887,-76.4444
48480,incendio,-8.5135,-76.3453
48482,incendio,-6.1659,-76.771
48487,incendio,-6.2567,-75.9841
48490,no_incendio,-5.703527630485487,-76.04599898833253
48494,incendio,-7.3621,-76.3977
48502,incendio,-8.3847,-76.4221
48504,incendio,-7.2866,-76.7468
48508,no_incendio,-5.374689655955711,-76.01901794140703
48514,no_incendio,-5.609318574866824,-76.18227826181767
48521,incendio,-6.7989,-76.4927
48522,no_incendio,-6.4080436516823225,-77.02161843514952
48525,incendio,-6.3326,-76.5572
48528,no_incendio,-5.5941151159540015,-75.60783919102062
48530,no_incendio,-5.665031141499033,-76.55743995217303
48533,no_incendio,-6.7183540623229865,-77.22771131243218
48537,incendio,-7.3996,-76.8493
48538,no_incendio,-5.523597492537125,-76.54848022376082
48539,no_incendio,-7.241586175081285,-75.60658029783822
48550,no_incendio,-6.6817259124413635,-75.77879648666988
48553,no_incendio,-5.710479011729555,-76.39175910938613
48559,incendio,-7.6724,-76.7456
48561,no_incendio,-5.69836641593065,-75.72287872908569
48567,no_incendio,-6.348815001844065,-75.62878823200789
48572,no_incendio,-5.913375544586391,-77.02153912778006
48582,incendio,-7.3142,-76.64
48584,incendio,-8.0109,-77.627
48587,no_incendio,-6.94200325407077,-76.26001952788216
48593,incendio,-8.3782,-76.3365
48600,incendio,-7.1205,-76.4929
48601,incendio,-7.1746,-76.2058
48602,incendio,-7.1966,-76.4798
48604,incendio,-6.5641,-76.1516
48605,no_incendio,-5.588125457302943,-77.46080617284144
48606,incendio,-5.4555,-75.8289
48609,no_incendio,-6.542256231887758,-76.22236926601508
48610,incendio,-5.8093,-76.135
48612,no_incendio,-7.53821724475927,-77.34792258266398
48614,incendio,-7.4471,-76.7211
48624,incendio,-6.9137,-76.8827
48625,incendio,-6.8984,-76.8762
48627,incendio,-6.7806,-76.6891
48630,incendio,-7.2833,-76.5699
48638,no_incendio,-6.1464831206689965,-77.21946152659409
48640,incendio,-6.566,-76.5428
48641,no_incendio,-6.9734000570740395,-77.15029703123086
48646,no_incendio,-6.130295951384975,-75.70862882951778
48651,no_incendio,-5.955706826060275,-77.52353123807491
48652,no_incendio,-6.327343874329971,-76.29354784738233
48653,incendio,-8.5331,-76.75
48656,no_incendio,-5.5750859368578904,-77.18888026677212
48659,incendio,-7.2012,-76.8615
48665,incendio,-6.2361,-76.1772
48678,no_incendio,-5.609318574866824,-76.18227826181767
48685,no_incendio,-6.727424984115921,-76.66756072308013
48695,incendio,-6.7044,-76.4021
48703,no_incendio,-6.237093114939267,-75.7117789331342
48711,incendio,-6.21,-76.1255
48713,no_incendio,-5.391936920318269,-75.74765732530163
48715,incendio,-5.8156,-76.1319
48718,incendio,-6.6957,-76.614
48719,no_incendio,-7.427821513315094,-77.09535827635182
48721,incendio,-7.5332,-76.6575
48733,no_incendio,-7.392389482278091,-76.3604718116053
48737,no_incendio,-5.3699868320408415,-75.54453001162278
48740,no_incendio,-5.300946297144839,-75.60535100286195
48741,incendio,-6.2285,-76.6997
48745,no_incendio,-5.911980434774437,-76.07407858450021
48746,incendio,-6.3341,-76.6129
48755,incendio,-6.3332,-76.6831
48756,incendio,-7.5659,-76.4411
48758,no_incendio,-6.539751025490163,-75.79612657062603
48764,incendio,-6.9945,-76.6977
48771,no_incendio,-5.577290052521281,-76.32966434490925
48772,incendio,-8.3094,-76.6451
48774,no_incendio,-6.564347270784287,-75.8738633840426
48775,incendio,-7.3387,-76.3668
48777,incendio,-6.451,-75.8857
48781,no_incendio,-6.061671698446887,-76.35844064270319
48782,incendio,-6.4869,-75.664
48785,no_incendio,-7.433764184828395,-76.19895087453514
48786,incendio,-6.2905,-75.9815
48787,incendio,-8.2792,-76.4861
48788,incendio,-7.3955,-76.5745
48789,no_incendio,-6.36044395346056,-75.72277954497737
48794,no_incendio,-5.6909060907931215,-77.03642215530066
48804,no_incendio,-6.217977569363936,-76.69976022852224
48808,incendio,-8.5191,-76.3777
48814,no_incendio,-7.087560477783244,-76.48701616296685
48825,incendio,-8.0593,-76.5947
48831,no_incendio,-6.060981828013205,-76.61589601950963
48836,no_incendio,-7.301995634610949,-77.3052348248029
48839,no_incendio,-6.56442664767728,-76.08300934140289
48844,incendio,-6.5826,-76.2721
48846,incendio,-6.1827,-75.8893
48856,no_incendio,-5.557069716448366,-75.65393079947539
48857,incendio,-6.7213,-76.3417
48860,incendio,-6.6707,-76.9345
48866,incendio,-6.7633,-76.7379
48867,no_incendio,-6.061848479102238,-75.8084457666632
48868,no_incendio,-6.000913642665956,-77.14500157376662
48872,no_incendio,-6.590197592397879,-75.98025100323518
48880,no_incendio,-6.6817259124413635,-75.77879648666988
48885,incendio,-5.8247,-77.2222
48886,incendio,-7.232,-76.7829
48887,incendio,-7.2886,-76.3094
48896,incendio,-6.7933,-76.0792
48897,no_incendio,-6.040675081738544,-76.88692151022694
48899,incendio,-6.9665,-76.8611
48901,no_incendio,-7.412957121399091,-77.21617404571616
48904,no_incendio,-7.510787208532104,-75.93881161563174
48905,no_incendio,-6.998414939340265,-75.67912715079014
48914,incendio,-7.2882,-76.5812
48919,incendio,-8.5321,-76.3518
48923,no_incendio,-7.38891296125344,-75.60819465870141
48932,incendio,-6.9488,-76.6238
48933,no_incendio,-6.125013751679443,-76.15307627183338
48934,no_incendio,-5.882755427823639,-77.51237097659782
48936,incendio,-5.6739,-77.4454
48939,no_incendio,-6.991871137907023,-76.86560292258433
48943,no_incendio,-6.722985174451003,-76.39617504365586
48947,no_incendio,-6.520841370621428,-77.36086106907894
48948,incendio,-6.0683,-76.7718
48952,no_incendio,-6.931842163036034,-76.53424888448937
48954,incendio,-7.5979,-76.3994
48963,no_incendio,-7.137713754276464,-76.43208640903742
48974,incendio,-5.6944,-76.4452
48977,incendio,-6.2208,-76.8192
48978,no_incendio,-6.252480366224789,-76.488140203218
48980,no_incendio,-7.336551353349131,-77.20883178649431
48982,no_incendio,-7.14999258790223,-77.27323492320696
48983,incendio,-7.217,-76.6481
48986,incendio,-7.0694,-76.1161
48987,no_incendio,-6.702659611656615,-77.00358407805038
48995,no_incendio,-7.598815481458372,-76.55352785980209
48996,no_incendio,-6.694264893002906,-76.05015609684683
48998,no_incendio,-5.619318348217799,-76.76258506679603
49000,incendio,-7.2595,-76.677
49001,no_incendio,-6.306399139576039,-77.35464424704278
49002,incendio,-6.1773,-75.9892
49006,incendio,-6.0788,-76.3009
49008,no_incendio,-5.84380402008071,-75.92947605096468
49014,no_incendio,-5.73653806083423,-77.04027076606343
49016,no_incendio,-5.397648721010737,-76.34314573163867
49023,no_incendio,-6.75147932991093,-77.49824320852836
49024,incendio,-8.1499,-77.5596
49030,incendio,-7.8669,-76.7439
49044,no_incendio,-7.532917537712722,-76.04821551837472
49047,incendio,-7.361,-76.461
49048,incendio,-6.9931,-76.688
49059,no_incendio,-6.534953195140333,-76.18456106043952
49060,no_incendio,-7.301995634610949,-77.3052348248029
49061,no_incendio,-6.38076556073537,-76.97858606969272
49065,incendio,-5.7182,-76.4244
49069,incendio,-6.7288,-76.732
49070,no_incendio,-5.9462000997115165,-76.43849970195068
49072,no_incendio,-6.825822993237503,-77.04144362527458
49079,incendio,-5.3442,-76.5314
49085,incendio,-7.2373,-76.6901
49086,incendio,-8.4994,-76.3382
49089,incendio,-7.1402,-76.3557
49092,no_incendio,-7.536324441611577,-75.98652093293225
49094,no_incendio,-6.709534503439617,-76.66045732733674
49096,incendio,-8.2367,-76.6516
49100,incendio,-7.4101,-76.608
49104,no_incendio,-5.326609511462546,-75.7438155508771
49109,no_incendio,-6.238571072533694,-75.50795501172155
49124,incendio,-7.0852,-76.7815
49133,no_incendio,-7.429446375356516,-77.21947961761848
49137,no_incendio,-7.552000736404346,-77.05977682552361
49146,incendio,-7.5443,-76.4445
49147,no_incendio,-7.267527749331178,-76.00258934511766
49151,no_incendio,-5.971572498496214,-75.54699515189168
49157,incendio,-8.5445,-76.395
49176,no_incendio,-5.6976044499375105,-76.64278583121316
49178,incendio,-8.6099,-76.6361
49179,no_incendio,-5.873429262130088,-76.29994874270383
49181,no_incendio,-6.242683257012905,-77.09272695265327
49191,incendio,-6.4368,-76.5731
49193,incendio,-6.4371,-76.5023
49194,incendio,-6.2766,-76.1731
49205,no_incendio,-7.188505073730313,-76.90328431055737
49206,no_incendio,-6.691674214621824,-77.20756079690301
49207,no_incendio,-6.851922134143454,-76.90818662457491
49215,incendio,-7.2755,-76.658
49217,incendio,-5.9274,-76.3153
49218,incendio,-8.386,-76.2712
49221,incendio,-8.6475,-76.3257
49225,incendio,-7.3232,-76.5848
49227,incendio,-6.664,-75.5799
49228,incendio,-7.0474,-76.1779
49230,incendio,-8.7703,-76.2471
49231,no_incendio,-6.199486560201427,-77.4221153051421
49239,no_incendio,-5.618133364002661,-76.2191295091602
49256,incendio,-6.5618,-76.3823
49257,incendio,-7.2098,-76.8778
49260,incendio,-5.8673,-75.9145
49273,no_incendio,-7.589730303914846,-76.05435857716274
49290,no_incendio,-6.521871195981789,-77.46615975017302
49295,incendio,-5.7124,-76.1654
49298,incendio,-5.8284,-76.3846
49305,incendio,-6.9187,-76.2667
49308,incendio,-5.8034,-76.2447
49314,no_incendio,-6.480391966428419,-77.42730148887621
49315,incendio,-8.7388,-76.1393
49325,incendio,-7.9146,-76.7002
49329,incendio,-5.7997,-76.3758
49334,no_incendio,-6.535140869924569,-76.94972010352429
49344,incendio,-5.5718,-76.6757
49348,no_incendio,-6.346021842815813,-77.12333044544714
49357,incendio,-7.4196,-76.638
49358,incendio,-5.6136,-75.9146
49359,incendio,-7.2221,-77.0557
49360,incendio,-8.0168,-77.3775
49367,no_incendio,-6.1464831206689965,-77.21946152659409
49370,no_incendio,-6.1245241179034995,-75.6853524981565
49376,no_incendio,-7.139277657699614,-76.6688585627755
49384,no_incendio,-6.261893490975904,-75.72805069897333
49391,no_incendio,-6.617504610391747,-77.25647472773994
49393,no_incendio,-6.367884072608207,-76.17501426406548
49397,incendio,-7.1834,-76.4898
49401,no_incendio,-6.905014878753814,-76.49698867319515
49407,no_incendio,-7.279073350966451,-75.53370306812118
49413,incendio,-7.3269,-76.5317
49414,incendio,-6.7707,-76.5078
49421,incendio,-8.5013,-76.3785
49422,incendio,-7.027,-76.8477
49433,no_incendio,-6.190864426146802,-76.12967606406326
49435,incendio,-6.3742,-75.5954
49463,incendio,-8.364,-76.7219
49465,incendio,-6.6691,-76.5145
49472,incendio,-6.0786,-75.807
49473,incendio,-8.2852,-76.4374
49475,no_incendio,-5.501399945972402,-76.12442406721492
49477,incendio,-8.5644,-76.3159
49479,incendio,-6.4803,-75.7263
49481,incendio,-5.6719,-77.4386
49482,no_incendio,-6.887626631829371,-77.285374555124
49485,incendio,-6.6311,-76.6994
49486,incendio,-8.503,-76.4082
49491,no_incendio,-7.436772555974999,-76.13512005747918
49493,no_incendio,-5.925744830854394,-76.62635370808266
49496,incendio,-6.3035,-76.2422
49497,no_incendio,-5.67746740794027,-76.11677597680215
49505,incendio,-6.8092,-76.711
49511,incendio,-7.2838,-76.7957
49520,incendio,-6.5658,-76.394
49528,no_incendio,-5.691703950902071,-76.93733770607169
49529,incendio,-8.0311,-76.6186
49532,no_incendio,-5.655403371061297,-77.22066038141541
49534,incendio,-7.4855,-76.5409
49535,no_incendio,-7.566170057674632,-77.33420456007225
49540,no_incendio,-5.612907306182736,-76.9815155721773
49543,no_incendio,-6.960339111557958,-75.64609550577184
49551,no_incendio,-7.1210506239975135,-76.31863607475617
49561,no_incendio,-6.061127541678445,-77.3300358732125
49563,incendio,-6.6779,-76.6408
49571,incendio,-7.0208,-76.1145
49573,incendio,-7.1049,-76.6789
49578,incendio,-7.0199,-76.118
49581,incendio,-7.3645,-76.8236
49583,no_incendio,-6.134868701694113,-76.84593822630983
49584,no_incendio,-5.822373025705751,-75.81118308604799
49590,no_incendio,-7.279073350966451,-75.53370306812118
49592,incendio,-5.8841,-77.2
49598,incendio,-8.6164,-76.5802
49608,no_incendio,-5.739591127784566,-75.99955564974134
49614,incendio,-8.3671,-76.2378
49615,incendio,-7.0245,-76.9111
49616,no_incendio,-6.490435100183895,-76.04212659409674
49622,incendio,-8.7422,-76.7833
49623,incendio,-7.0788,-76.1199
49637,incendio,-6.0323,-76.0954
49648,incendio,-6.8073,-76.6965
49658,incendio,-6.8777,-76.8404
49661,incendio,-7.1085,-76.8676
49664,no_incendio,-5.914538807022697,-77.31789261845223
49665,no_incendio,-5.451597714525489,-77.32234997673201
49669,no_incendio,-5.944935096517128,-76.18780832521988
49671,no_incendio,-5.976958562482058,-76.80488821989493
49672,no_incendio,-6.444450177038954,-75.66847301432819
49674,incendio,-7.5572,-76.6779
49680,incendio,-6.6366,-76.7505
49686,incendio,-8.375,-76.2427
49693,no_incendio,-7.491547550658209,-77.41447872545433
49698,no_incendio,-6.948889791528075,-76.04658173737485
49735,incendio,-8.3402,-76.3109
49745,no_incendio,-6.08565697953034,-76.3565072601085
49749,no_incendio,-7.014702412265873,-76.4405488433982
49759,incendio,-5.9162,-76.9686
49763,incendio,-6.4303,-76.8875
49772,no_incendio,-7.327752780112304,-76.88582488471454
49775,incendio,-7.5801,-76.4682
49776,incendio,-7.4402,-76.6836
49778,incendio,-8.6144,-76.6175
49785,no_incendio,-5.8568748352763045,-75.92620225226696
49789,no_incendio,-6.1156293221158835,-76.01949781132349
49795,no_incendio,-6.394447416910339,-77.43791713673666
49799,incendio,-7.2329,-76.8169
49802,no_incendio,-6.581835148874593,-77.10480197876178
49803,incendio,-8.0624,-76.639
49808,incendio,-6.8535,-76.9004
49810,incendio,-6.2531,-76.1973
49813,no_incendio,-5.374689655955711,-76.01901794140703
49816,no_incendio,-5.307511492937007,-75.87055498280709
49817,no_incendio,-7.488895468406661,-77.22046866095448
49820,incendio,-7.1488,-76.7754
49824,incendio,-8.0153,-76.6908
49827,no_incendio,-5.5978889160107626,-76.86708534486174
49831,incendio,-7.2085,-76.8237
49834,incendio,-5.9555,-75.8793
49838,no_incendio,-5.362923654155092,-76.9119868960568
49841,no_incendio,-6.770535932670912,-77.17143392593205
49848,incendio,-8.5327,-75.5994
49849,incendio,-7.3355,-76.7892
49866,incendio,-8.7655,-76.2823
49867,no_incendio,-7.162586032756481,-76.81020137003335
49873,no_incendio,-7.389808722529589,-77.07301560245696
49875,incendio,-7.216,-76.3061
49877,incendio,-7.4401,-76.7288
49883,incendio,-7.7473,-76.7281
49884,no_incendio,-6.846679592265051,-75.78055281220841
49886,incendio,-7.438,-76.811
49889,incendio,-5.8481,-76.4551
49890,no_incendio,-6.040687375273645,-76.93582583750656
49893,no_incendio,-5.455465993485473,-76.16419328270247
49905,no_incendio,-7.277740388513622,-77.219832932029
49910,no_incendio,-7.298951884711561,-75.8714337322258
49917,no_incendio,-7.345060499544703,-77.11825976617006
49919,incendio,-6.1704,-76.2001
49920,no_incendio,-5.853989818371729,-76.78866763757419
49921,no_incendio,-5.85348487678678,-75.67716092139695
49930,no_incendio,-6.845471207648621,-76.36886322454563
49943,incendio,-7.497,-76.4991
49944,no_incendio,-6.596577810973727,-76.74231910069577
49946,no_incendio,-6.173497385338977,-77.08001241103895
49962,incendio,-7.277,-76.734
49972,incendio,-6.5537,-75.6289
49985,incendio,-8.1643,-77.1266
49991,no_incendio,-7.282016752291952,-75.89864347181351
49992,no_incendio,-6.234937456831474,-75.55136134306397
49994,incendio,-6.7865,-76.5186
50005,incendio,-5.748,-76.506
50006,incendio,-5.8296,-76.3155
50018,incendio,-8.5568,-75.6148
50023,incendio,-8.7371,-76.1273
50027,no_incendio,-6.893380079192219,-76.030920773184
50037,no_incendio,-6.391881397317083,-77.53216465937516
50041,no_incendio,-6.691674214621824,-77.20756079690301
50042,no_incendio,-6.1174086914739405,-75.65121133854548
50043,incendio,-5.6412,-75.9115
50044,incendio,-7.2087,-76.8539
50053,no_incendio,-7.4811756669415,-76.01564428333117
50057,incendio,-8.2831,-76.5711
50063,incendio,-7.4691,-76.5536
50065,incendio,-6.7088,-76.6048
50067,incendio,-8.1439,-77.1118
50071,no_incendio,-6.949275367929126,-77.03979042014342
50077,incendio,-7.1032,-76.0801
50078,incendio,-7.1409,-77.0602
50086,no_incendio,-7.5842496329608995,-75.57404179177915
50102,no_incendio,-5.747916301571042,-76.94248947046277
50104,incendio,-7.0384,-76.1942
50105,incendio,-7.3996,-76.8665
50106,no_incendio,-6.462614163555006,-75.61289892495
50123,incendio,-7.1733,-77.0254
50129,incendio,-5.793,-76.3987
50130,incendio,-8.0244,-77.662
50136,incendio,-8.691,-76.7049
50140,no_incendio,-6.395505819847665,-76.99761432969862
50142,no_incendio,-6.081931713189248,-77.21688851873837
50152,incendio,-6.5179,-76.7783
50154,no_incendio,-5.309022549050947,-77.11989827113337
50167,no_incendio,-7.010242517235748,-76.48324440357516
50171,no_incendio,-6.1464831206689965,-77.21946152659409
50181,incendio,-6.9335,-76.3982
50182,incendio,-5.7634,-77.0912
50188,incendio,-8.5,-76.3836
50191,no_incendio,-5.89446781447664,-77.22849214912743
50200,no_incendio,-5.761894026687926,-76.71626651276603
50209,incendio,-6.9063,-76.4765
50211,no_incendio,-6.467350712480753,-77.13922176575424
50212,no_incendio,-6.1400329007098495,-75.77782950002863
50214,incendio,-5.7791,-76.5027
50215,incendio,-6.8648,-76.8979
50216,incendio,-7.3859,-77.6039
50227,no_incendio,-7.110610391202952,-75.57270966365749
50240,incendio,-7.3263,-76.331
50242,incendio,-8.6525,-76.3114
50245,incendio,-6.4112,-75.852
50252,incendio,-6.828,-76.4447
50253,no_incendio,-5.691367325953232,-76.91174291210852
50255,incendio,-7.0002,-76.7856
50273,incendio,-7.53,-76.5078
50275,no_incendio,-6.796720182530489,-75.69073110670904
50277,no_incendio,-6.7392978420431415,-76.19966664513106
50279,no_incendio,-6.918732727057085,-75.61509017346891
50283,no_incendio,-5.431391280919102,-75.58519659503115
50290,incendio,-7.1254,-76.3259
50294,no_incendio,-6.653744086369802,-76.88423091911557
50295,incendio,-5.9129,-75.9253
50297,no_incendio,-5.87076697965016,-76.32402567938676
50312,incendio,-6.0378,-76.2438
50313,incendio,-5.6694,-76.6006
50327,no_incendio,-7.452255229585659,-76.60231274161556
50333,no_incendio,-5.592384500349762,-76.12339689137886
50341,no_incendio,-7.583028139538337,-75.69881965938345
50343,incendio,-7.4527,-76.6523
50344,no_incendio,-7.511471498657587,-77.0305776349507
50353,incendio,-6.9055,-76.8817
50354,no_incendio,-5.707217935164065,-76.52295370572979
50356,incendio,-8.7916,-77.3057
50358,no_incendio,-6.953964765279714,-77.26246463391935
50368,incendio,-6.8279,-76.1481
50373,no_incendio,-5.8091800479019735,-77.2012977286717
50374,no_incendio,-7.1211989995442275,-77.24932556813594
50381,no_incendio,-7.189575486518889,-75.71595612356288
50383,no_incendio,-7.242465202325818,-76.82313227202141
50385,incendio,-7.3697,-76.7478
50386,no_incendio,-7.454920494649443,-76.8925561147692
50387,no_incendio,-6.705665824489784,-75.86880266225904
50392,incendio,-8.0408,-77.2792
50394,no_incendio,-6.237093114939267,-75.7117789331342
50399,no_incendio,-5.441048358116876,-77.52077786090675
50400,incendio,-6.1185,-76.7744
50401,no_incendio,-6.965586863586331,-77.4440785223658
50405,no_incendio,-6.731898455104795,-77.28317456533246
50408,incendio,-7.507,-76.4295
50412,incendio,-5.9577,-75.9109
50416,incendio,-5.7873,-77.133
50418,incendio,-7.3118,-76.3296
50421,incendio,-6.5388,-76.5439
50423,incendio,-5.9998,-76.4805
50428,no_incendio,-5.618133364002661,-76.2191295091602
50432,incendio,-6.0738,-76.4417
50433,no_incendio,-6.664505823088651,-77.4814157749719
50434,incendio,-7.4256,-76.6069
50437,no_incendio,-6.654449786981951,-77.1406120148932
50440,incendio,-7.35,-76.8749
50444,no_incendio,-7.537264707596327,-76.77993123452514
50445,incendio,-6.7353,-76.4241
50446,no_incendio,-7.238892730733428,-76.47459847040415
50452,incendio,-6.3132,-76.6724
50466,incendio,-7.2758,-76.6595
50481,incendio,-7.1921,-76.3496
50485,no_incendio,-6.557560588378224,-76.50430262965486
50487,no_incendio,-6.673178207902485,-77.4048318758823
50488,incendio,-7.289,-76.9603
50499,incendio,-7.2596,-76.7573
50500,incendio,-8.6087,-75.5257
50502,no_incendio,-5.971724397201385,-75.87816764029395
50506,incendio,-7.0342,-76.8934
50515,no_incendio,-6.256015929782314,-76.34693713254352
50530,incendio,-7.5679,-76.4678
50536,incendio,-6.7762,-76.8145
50538,no_incendio,-7.377346584054845,-77.21066750842841
50546,incendio,-6.9217,-76.5374
50548,incendio,-7.0992,-76.6918
50549,incendio,-5.8966,-76.3733
50553,incendio,-7.3074,-76.7215
50555,incendio,-7.5564,-76.7767
50563,no_incendio,-5.706911774664528,-77.15797296628834
50577,incendio,-7.4498,-76.891
50581,incendio,-8.4002,-76.3983
50583,no_incendio,-5.428382683589806,-76.59712896608411
50595,incendio,-7.2201,-76.8078
50596,incendio,-8.2848,-77.5273
50600,incendio,-7.7021,-76.4706
50604,no_incendio,-5.5369399299131885,-77.31171501653961
50605,incendio,-5.4476,-76.5932
50608,incendio,-6.787,-76.6004
50611,no_incendio,-5.906233795105334,-77.12857966060585
50618,incendio,-7.5415,-76.1834
50626,no_incendio,-6.918732727057085,-75.61509017346891
50637,no_incendio,-7.186570265010596,-75.84461863050306
50643,no_incendio,-6.625422961334142,-76.70627380489785
50649,no_incendio,-5.8586832152668595,-76.15130829850591
50653,no_incendio,-5.936332555331325,-76.83179580754164
50655,incendio,-6.6669,-76.2482
50658,incendio,-8.6095,-76.6259
50659,incendio,-5.7948,-77.1325
50663,incendio,-6.9223,-76.5541
50666,no_incendio,-5.498957925752801,-76.23819839749541
50667,no_incendio,-6.140503448389999,-75.89152757203433
50670,no_incendio,-5.841084064265475,-76.47146316885033
50675,incendio,-7.5674,-76.5419
50678,incendio,-8.7949,-76.8658
50683,incendio,-5.6822,-77.1383
50686,incendio,-7.5038,-76.5287
50697,incendio,-7.5726,-76.4005
50705,incendio,-8.09,-76.7653
50706,incendio,-8.4561,-76.3569
50736,incendio,-7.1131,-76.9716
50740,no_incendio,-6.622512429028128,-75.69288323438259
50741,no_incendio,-5.695046426207607,-76.82428560854454
50748,incendio,-6.1945,-75.8791
50753,incendio,-6.9197,-76.6498
50762,incendio,-7.1191,-76.573
50763,no_incendio,-5.931410128051382,-77.48442078407336
50784,no_incendio,-6.227801736418022,-76.3562846673644
50788,incendio,-5.7162,-76.2759
50789,no_incendio,-6.595830198454336,-76.87085544617783
50793,no_incendio,-6.482310901757052,-76.90146059819452
50796,no_incendio,-7.010865933982342,-76.63167881965191
50801,no_incendio,-5.918920403880599,-75.94938972977876
50803,incendio,-7.1072,-77.1282
50806,no_incendio,-5.822373025705751,-75.81118308604799
50812,incendio,-8.0248,-76.6734
50815,incendio,-7.4236,-76.4635
50820,incendio,-6.2862,-76.2457
50821,incendio,-7.4286,-76.5411
50826,no_incendio,-6.486581240227174,-76.15835402098138
50835,incendio,-6.9368,-76.235
50836,incendio,-6.7681,-76.5708
50841,no_incendio,-6.156050459707027,-75.66218917207854
50844,no_incendio,-7.124526948992974,-75.69099174784184
50862,no_incendio,-5.423715260330031,-75.80260147002005
50869,no_incendio,-6.395505819847665,-76.99761432969862
50876,incendio,-6.989,-76.145
50877,incendio,-6.7027,-76.756
50894,no_incendio,-7.040747836565641,-76.40061304391803
50895,incendio,-7.1485,-76.4119
50897,no_incendio,-7.304318403936466,-76.8341795441283
50903,incendio,-5.8844,-76.2614
50913,incendio,-6.1501,-76.3076
50914,no_incendio,-7.447641034854349,-75.90762090121981
50915,incendio,-7.1849,-76.3795
50916,no_incendio,-7.309838483592369,-76.99515991704935
50925,incendio,-7.337,-76.6483
50926,no_incendio,-5.809070578757959,-75.92077418660742
50927,incendio,-7.5639,-76.7668
50928,incendio,-8.5624,-76.7641
50932,incendio,-7.2516,-76.6112
50936,no_incendio,-6.466287697296756,-75.7075752786908
50937,incendio,-6.2243,-76.0928
50941,incendio,-5.7164,-76.2649
50946,incendio,-7.581,-76.5418
50953,incendio,-5.9786,-76.4629
50958,incendio,-7.1257,-76.2875
50959,incendio,-7.036,-76.1065
50963,incendio,-6.0287,-75.7911
50964,incendio,-7.1107,-76.7837
50965,no_incendio,-6.882432262080377,-75.90126287963834
50966,incendio,-6.9921,-76.9361
50968,no_incendio,-6.080706501829642,-77.17715903994046
50975,incendio,-6.5746,-76.3656
50976,no_incendio,-7.1211989995442275,-77.24932556813594
50990,no_incendio,-6.5305605417841495,-76.81567387832536
50994,incendio,-5.6836,-76.6264
50995,incendio,-8.6991,-76.6949
51002,no_incendio,-7.419812910820906,-75.99406148062167
51009,no_incendio,-5.743346331540995,-77.34641722204898
51012,incendio,-6.4017,-76.5402
51015,no_incendio,-5.356858559279738,-76.9184573866197
51019,no_incendio,-6.300702389014246,-76.09062532956851
51024,incendio,-6.5771,-76.0482
51026,incendio,-7.3075,-76.6217
51028,no_incendio,-6.462614163555006,-75.61289892495
51032,incendio,-5.3051,-76.4939
51038,no_incendio,-6.572656774954891,-77.3264854349528
51044,incendio,-7.2746,-76.5879
51047,incendio,-7.2141,-76.6098
51053,incendio,-6.6568,-75.595
51059,incendio,-5.6925,-76.671
51063,incendio,-8.0228,-77.269
51064,no_incendio,-5.371545466461964,-76.40334353874748
51070,no_incendio,-6.535140869924569,-76.94972010352429
51074,no_incendio,-6.24016797795497,-75.64844512243143
51079,incendio,-7.3269,-76.6276
51081,no_incendio,-5.957368180282539,-76.7498768526133
51085,no_incendio,-7.3912095148136645,-77.03017853882585
51086,incendio,-6.9846,-76.9267
51091,no_incendio,-7.142345675518539,-77.26966785367183
51092,incendio,-7.2037,-76.5877
51097,no_incendio,-5.617689246248104,-77.03996515250137
51100,incendio,-5.9946,-77.1854
51113,incendio,-6.5821,-77.5382
51114,incendio,-7.5042,-76.7952
51116,incendio,-5.7763,-77.0475
51121,incendio,-8.5138,-75.5455
51123,no_incendio,-5.432481694931332,-76.47528675292433
51125,incendio,-6.4875,-76.8014
51131,no_incendio,-5.952502510545931,-77.35100051203952
51139,no_incendio,-7.500619459820059,-77.36318050509186
51147,no_incendio,-6.360887636963093,-77.10755017823716
51154,incendio,-8.4781,-76.4081
51155,no_incendio,-5.465266875680572,-76.24842900681286
51159,no_incendio,-6.327343874329971,-76.29354784738233
51165,no_incendio,-5.306306841629591,-77.15046908916776
51166,no_incendio,-6.971818693744163,-76.01229344920435
51169,no_incendio,-6.058777263222519,-76.29718752856778
51175,incendio,-7.337,-76.6647
51180,no_incendio,-5.87938832915223,-76.90538612384941
51191,no_incendio,-5.925744830854394,-76.62635370808266
51202,no_incendio,-5.41517785771272,-76.05115692097354
51206,incendio,-6.0117,-75.7829
51212,incendio,-7.2294,-76.6857
51214,no_incendio,-7.454920494649443,-76.8925561147692
51215,incendio,-7.36,-76.7177
51219,incendio,-7.2389,-76.3435
51232,incendio,-7.5587,-76.5287
51241,no_incendio,-6.934543735011002,-76.3579106281597
51247,no_incendio,-6.594359651694001,-75.81359177197494
51249,incendio,-7.3805,-76.8539
51259,no_incendio,-6.456445234793438,-77.37382860861014
51260,no_incendio,-6.391881397317083,-77.53216465937516
51263,incendio,-6.666,-76.759
51264,no_incendio,-5.915658751464713,-77.38575524652865
51265,incendio,-6.9291,-76.3027
51266,no_incendio,-6.850119921397431,-77.18105441991001
51273,no_incendio,-7.448422790645704,-75.84545299813023
51275,incendio,-7.9107,-75.5525
51288,no_incendio,-7.028663799217614,-75.85033836524988
51289,no_incendio,-6.942054443870175,-75.88451122317879
51294,incendio,-8.6269,-76.3373
51295,no_incendio,-5.399995483023551,-76.68244565675566
51299,incendio,-7.2816,-76.3012
51302,no_incendio,-7.52002816732032,-76.85728021112728
51304,no_incendio,-6.6588540055381635,-76.3643446123623
51306,no_incendio,-6.081920488696037,-77.43393189597795
51311,incendio,-7.1596,-76.0242
51315,incendio,-6.0856,-76.1287
51316,incendio,-8.4881,-76.5069
51322,incendio,-7.475,-76.6065
51323,incendio,-6.6963,-76.4872
51325,incendio,-8.6558,-76.1251
51326,no_incendio,-7.566170057674632,-77.33420456007225
51327,incendio,-6.3584,-75.8158
51335,incendio,-6.3608,-76.509
51336,no_incendio,-7.4286037527901305,-75.69674631092113
51337,no_incendio,-6.1628423736617925,-77.33214012724629
51342,no_incendio,-6.543469703142076,-77.05698988429933
51358,incendio,-6.2,-75.8535
51374,incendio,-6.8906,-76.5072
51382,no_incendio,-5.959932705913599,-76.9795248154579
51384,incendio,-7.2835,-76.8065
51392,incendio,-6.3525,-76.1084
51397,no_incendio,-6.812854444766214,-76.31590409569822
51401,no_incendio,-6.8808047229850295,-76.28180482094469
51404,no_incendio,-6.777084363074236,-76.9625637860872
51407,no_incendio,-5.406105166280382,-76.83363539988324
51408,incendio,-7.2664,-77.0254
51412,incendio,-6.3203,-75.8245
51417,incendio,-6.8525,-76.6041
51426,incendio,-6.4862,-76.5654
51427,incendio,-6.7272,-76.2086
51428,no_incendio,-6.22948269148436,-77.46060172999928
51433,no_incendio,-6.061679877354346,-76.10414263000189
51437,incendio,-6.2795,-75.8638
51438,incendio,-7.4319,-76.6452
51440,incendio,-6.0133,-76.3208
51446,incendio,-7.2084,-77.0038
51447,no_incendio,-6.581475655282046,-76.92813918096854
51450,no_incendio,-5.441048358116876,-77.52077786090675
51468,incendio,-7.5996,-76.7047
51469,no_incendio,-6.092332930769818,-77.53250095731846
51472,incendio,-7.1834,-76.3908
51483,no_incendio,-5.693308964023421,-77.38488694411686
51488,incendio,-6.1225,-76.1133
51501,no_incendio,-6.8053340000464315,-76.39338208242373
51507,incendio,-7.4361,-76.627
51521,no_incendio,-5.455465993485473,-76.16419328270247
51524,no_incendio,-5.985543510791079,-75.55610035209125
51525,incendio,-8.507,-75.562
51528,incendio,-6.9295,-76.8911
51532,incendio,-8.2663,-77.3678
51534,no_incendio,-6.4080436516823225,-77.02161843514952
51539,no_incendio,-6.1476999130544865,-77.34007485362595
51542,no_incendio,-7.510954821403472,-75.50873794050783
51549,incendio,-7.5354,-76.6417
51553,no_incendio,-6.467906945467672,-76.60396630033286
51554,incendio,-7.8617,-76.7011
51557,no_incendio,-5.525519480392893,-76.3183975995799
51561,incendio,-6.1085,-76.3122
51563,no_incendio,-7.108956430874631,-75.5028524515191
51568,incendio,-6.1511,-75.9407
51569,incendio,-7.9571,-76.6692
51570,no_incendio,-6.480910366032293,-76.46284954850665
51573,no_incendio,-7.070198196068285,-76.36379595586068
51574,incendio,-6.6824,-76.4859
51577,incendio,-6.5501,-76.7689
51604,no_incendio,-5.623597121632923,-75.81781716667395
51607,incendio,-8.1825,-75.648
51613,incendio,-6.5334,-77.4557
51614,incendio,-8.6007,-76.5831
51615,incendio,-8.7057,-76.3689
51620,incendio,-6.1844,-76.4027
51622,incendio,-7.1277,-76.2957
51632,no_incendio,-7.036314510603764,-76.32413479957033
51633,incendio,-6.9421,-76.1005
51635,incendio,-6.2384,-75.9287
51644,no_incendio,-5.423715260330031,-75.80260147002005
51648,incendio,-7.1757,-76.3369
51651,incendio,-6.6557,-76.7701
51652,incendio,-7.3142,-77.6254
51661,incendio,-5.5257,-75.7657
51670,incendio,-8.7712,-76.1159
51671,incendio,-6.9645,-76.5898
51675,incendio,-6.4071,-76.55
51680,no_incendio,-6.520841370621428,-77.36086106907894
51682,incendio,-5.8594,-76.0208
51685,incendio,-7.3213,-76.4753
51686,no_incendio,-6.770535932670912,-77.17143392593205
51690,no_incendio,-5.397648721010737,-76.34314573163867
51691,no_incendio,-6.884683844966387,-77.48590774056447
51697,incendio,-7.159,-76.8541
51712,no_incendio,-7.537645825070388,-77.33447245653781
51716,no_incendio,-5.504827246357519,-77.16574913944
51718,incendio,-7.1457,-77.0956
51719,no_incendio,-6.480391966428419,-77.42730148887621
51723,no_incendio,-6.794519962222771,-76.90986347869215
51726,no_incendio,-6.333472406743339,-75.64833382378124
51729,no_incendio,-6.850119921397431,-77.18105441991001
51734,no_incendio,-7.333298288226105,-76.42146225481947
51748,incendio,-5.5711,-76.56
51761,no_incendio,-6.6084019823282665,-76.06077967767854
51767,incendio,-5.5912,-76.4177
51770,incendio,-8.5232,-76.1837
51774,incendio,-8.0445,-76.6623
51776,incendio,-7.0012,-76.6976
51780,no_incendio,-6.508124167264835,-76.61340355687425
51781,incendio,-8.0566,-76.6853
51786,no_incendio,-6.934543735011002,-76.3579106281597
51788,incendio,-8.2823,-76.3995
51791,no_incendio,-7.216614993286788,-77.03461698814449
51796,incendio,-5.7598,-76.221
51807,incendio,-7.414,-76.6382
51823,incendio,-8.4102,-76.3498
51827,no_incendio,-7.1291364623253095,-77.04904307212506
51828,incendio,-6.9734,-76.4607
51829,no_incendio,-5.630317607867646,-76.28664530211917
51833,incendio,-6.6997,-76.5063
51835,incendio,-7.1313,-76.9155
51848,incendio,-7.2774,-76.7053
51852,incendio,-7.3753,-76.2269
51875,incendio,-7.3982,-76.6855
51877,incendio,-6.2751,-76.2473
51883,incendio,-7.472,-76.6926
51885,no_incendio,-5.362923654155092,-76.9119868960568
51893,no_incendio,-5.6011690570737915,-76.70090683859456
51896,no_incendio,-7.263705379465793,-77.32787830995856
51899,no_incendio,-6.591526889483433,-77.26946848843974
51900,incendio,-6.9654,-76.2703
51901,incendio,-7.0144,-76.8909
51905,incendio,-7.664,-77.5026
51908,no_incendio,-7.415686202537784,-75.85189468645096
51910,incendio,-5.3242,-76.4874
51911,no_incendio,-7.52002816732032,-76.85728021112728
51916,incendio,-6.0601,-76.2371
51917,incendio,-8.6884,-76.3143
51923,no_incendio,-7.108875568796339,-76.54317690372051
51930,incendio,-6.0614,-75.9617
51931,incendio,-6.8664,-76.6213
51933,no_incendio,-7.014371526342947,-75.6304094962068
51939,no_incendio,-6.125949661803806,-77.27004912325427
51943,no_incendio,-6.774947131584925,-76.00722166007617
51944,incendio,-6.1928,-76.0586
51954,incendio,-7.1923,-77.0733
51956,incendio,-5.8023,-76.6014
51957,incendio,-6.2146,-76.0667
51959,incendio,-6.748,-76.2307
51961,no_incendio,-5.783942671800878,-75.80670959767819
51969,no_incendio,-7.084883582406477,-76.16691642079259
51971,incendio,-6.6503,-76.7238
51973,no_incendio,-5.662370106905432,-77.07535731755083
51974,incendio,-6.2444,-76.2194
51975,no_incendio,-6.09585600344774,-76.33181330264762
51988,no_incendio,-6.190864426146802,-76.12967606406326
51991,incendio,-7.3857,-76.9085
51992,no_incendio,-6.032904107983954,-75.67491532543472
52000,no_incendio,-6.266506898778969,-76.33689278886196
52006,incendio,-6.9295,-76.1705
52008,no_incendio,-5.339988911138568,-75.94604419335825
52011,incendio,-7.0465,-76.7877
52018,no_incendio,-7.224623096753857,-76.90340581488266
52023,incendio,-6.9572,-76.5138
52043,incendio,-5.8298,-76.0504
52053,no_incendio,-5.709919403753175,-77.18915952963572
52055,no_incendio,-5.391936920318269,-75.74765732530163
52058,incendio,-6.9851,-76.2213
52066,incendio,-6.5843,-76.7543
52068,no_incendio,-7.36388011313037,-77.4640263849402
52072,no_incendio,-6.721818890646596,-76.25717682869612
52082,incendio,-6.2313,-76.2006
52084,incendio,-7.399,-76.7551
52085,no_incendio,-5.356529850556848,-75.70252244587886
52090,incendio,-5.5094,-76.7721
52092,no_incendio,-5.778538304462726,-77.27874829265495
52095,incendio,-8.559,-76.4017
52097,incendio,-7.4889,-76.601
52112,no_incendio,-7.451217530868493,-77.29241876502243
52124,no_incendio,-6.631390870435434,-77.17543848057095
52133,no_incendio,-6.140012467892716,-77.09722529665582
52137,no_incendio,-7.453299052251447,-77.18508562471676
52138,no_incendio,-6.427611857268102,-77.39761535548438
52144,no_incendio,-6.871083272493799,-75.76930140332634
52147,incendio,-5.8371,-77.0948
52148,incendio,-5.6758,-76.6104
52149,incendio,-6.1915,-77.1383
52154,no_incendio,-7.115248664865674,-76.07912965420722
52155,incendio,-6.9406,-76.9017
52156,incendio,-6.2774,-75.8842
52157,incendio,-6.1647,-76.1493
52158,incendio,-6.4806,-76.4507
52159,no_incendio,-7.518549043794622,-77.46918278069812
52162,no_incendio,-7.241496994972613,-76.72736472676876
52169,no_incendio,-6.568678711242536,-76.46161690496696
52171,incendio,-6.4444,-75.6914
52172,incendio,-7.0154,-76.6929
52179,no_incendio,-7.493540878148328,-76.20838654108637
52180,incendio,-7.211,-77.6637
52181,incendio,-7.671,-76.462
52186,no_incendio,-5.487710562433828,-76.3714568595569
52192,no_incendio,-6.514967490351236,-76.99375522896699
52198,incendio,-7.4111,-76.5911
52200,incendio,-5.9654,-76.1246
52204,no_incendio,-7.174304209114396,-76.54277799438324
52205,no_incendio,-6.212102855046136,-76.68622274401635
52206,no_incendio,-7.261878534754229,-75.78596746234152
52207,no_incendio,-5.31562173519542,-75.64368786803017
52208,incendio,-7.3123,-75.5367
52213,incendio,-7.0233,-76.1832
52223,incendio,-5.4541,-75.8198
52227,no_incendio,-6.705083355769138,-77.07784196502678
52236,incendio,-7.5551,-76.4385
52252,no_incendio,-5.4868610147355525,-76.76095607597574
52256,incendio,-5.9747,-76.0992
52259,incendio,-5.8154,-76.5446
52261,incendio,-8.5149,-75.5594
52275,no_incendio,-6.260865842963683,-76.65344397081381
52278,no_incendio,-5.798251230559933,-76.03303003317315
52279,incendio,-5.8212,-77.1661
52283,incendio,-6.6898,-76.6477
52292,no_incendio,-6.184018518963494,-76.64827203950954
52296,no_incendio,-7.189575486518889,-75.71595612356288
52309,incendio,-7.3079,-76.2386
52314,incendio,-5.7963,-76.4932
52318,no_incendio,-5.732633885929664,-76.45507870434784
52330,no_incendio,-6.775595026700855,-77.38152365692504
52332,incendio,-7.141,-76.0788
52343,incendio,-7.1157,-76.724
52352,incendio,-8.6258,-76.7613
52354,incendio,-6.9663,-76.7884
52358,no_incendio,-7.454920494649443,-76.8925561147692
52362,no_incendio,-7.4333859418143975,-75.94488928476447
52364,incendio,-6.56,-76.3681
52366,no_incendio,-5.339033958369073,-76.08006911213882
52375,incendio,-7.5215,-76.4644
52378,incendio,-6.1577,-76.7714
52388,incendio,-6.0979,-77.4932
52389,no_incendio,-7.267527749331178,-76.00258934511766
52390,no_incendio,-6.886318678721428,-75.69795842959347
52392,no_incendio,-7.340268369426515,-77.43400024997341
52399,no_incendio,-7.124526948992974,-75.69099174784184
52402,incendio,-6.2446,-76.812
52403,no_incendio,-6.089075896633828,-77.11331132604498
52408,no_incendio,-6.440107687486793,-76.71961125303099
52412,no_incendio,-5.450455855055424,-76.00497644122908
52418,no_incendio,-6.308716369141198,-75.7579038479895
52419,no_incendio,-7.4291899383099445,-76.99344952239323
52420,no_incendio,-6.185102706019143,-75.78932803542219
52421,incendio,-7.1538,-76.4124
52430,incendio,-8.6642,-76.1494
52438,no_incendio,-7.333298288226105,-76.42146225481947
52442,no_incendio,-6.6588540055381635,-76.3643446123623
52445,incendio,-8.1761,-76.9875
52453,incendio,-7.0419,-76.7298
52478,no_incendio,-5.739545483497391,-76.77757497448552
52479,incendio,-6.7194,-77.4504
52486,incendio,-6.3186,-75.9895
52487,incendio,-7.037,-77.5979
52489,no_incendio,-6.271617281791801,-76.2353167311132
52490,incendio,-7.0039,-76.3685
52491,no_incendio,-5.4560539889311706,-76.17543571338655
52492,incendio,-8.4869,-76.341
52501,no_incendio,-6.441902560534528,-76.15943969390888
52512,no_incendio,-7.230653311251528,-76.66188363656903
52520,incendio,-6.3874,-76.0378
52524,incendio,-7.2781,-76.7364
52527,no_incendio,-6.796720182530489,-75.69073110670904
52529,incendio,-6.8487,-76.7903
52542,no_incendio,-6.823512194602855,-76.05631689166178
52543,no_incendio,-6.467420438436691,-76.19360941434292
52548,incendio,-5.6313,-76.6625
52551,no_incendio,-7.163128957992517,-77.33946379317482
52552,incendio,-7.3704,-76.7742
52555,incendio,-8.6651,-76.8125
52556,incendio,-8.3068,-76.5762
52560,no_incendio,-6.350208583490028,-76.38539627900366
52561,incendio,-6.5886,-76.6516
52563,no_incendio,-7.584063938890335,-77.08532363724217
52568,incendio,-7.3939,-76.8479
52571,incendio,-6.5753,-76.7806
52576,incendio,-6.4808,-76.8382
52586,incendio,-7.1077,-76.7837
52588,no_incendio,-5.657826113607748,-77.0484188289704
52590,no_incendio,-6.309912628737243,-75.57235857764702
52599,incendio,-7.5472,-76.5237
52601,incendio,-7.1971,-76.3579
52608,no_incendio,-5.3699868320408415,-75.54453001162278
52628,no_incendio,-6.003436470117687,-77.4174804711691
52632,no_incendio,-7.442941681589652,-76.91434045843735
52637,incendio,-5.8998,-76.11
52638,no_incendio,-7.433029202252227,-75.6952599290436
52639,incendio,-7.3003,-76.6722
52646,no_incendio,-7.170373075763204,-77.40179462648253
52650,incendio,-5.8119,-77.0154
52651,no_incendio,-6.6084019823282665,-76.06077967767854
52652,no_incendio,-5.337639267388661,-76.79635411817596
52659,no_incendio,-6.617504610391747,-77.25647472773994
52670,no_incendio,-5.623597121632923,-75.81781716667395
52680,no_incendio,-6.923846443514746,-77.29283624638697
52684,no_incendio,-5.5629279584591815,-75.58676722265717
52686,incendio,-7.5597,-76.4401
52695,incendio,-6.9589,-76.7257
52701,incendio,-5.7562,-76.2099
52706,incendio,-7.9895,-77.7646
52707,incendio,-7.0559,-76.6313
52719,incendio,-6.7829,-76.6653
52723,incendio,-7.3088,-76.7313
52725,incendio,-6.6583,-75.5875
52729,incendio,-6.4833,-76.3653
52730,incendio,-7.2318,-76.7095
52732,no_incendio,-6.980365789444828,-76.90654360978435
52738,no_incendio,-5.743346331540995,-77.34641722204898
52743,incendio,-7.3615,-76.7282
52747,incendio,-5.8746,-75.9033
52751,no_incendio,-7.454902332502221,-76.55109869538403
52754,no_incendio,-7.2339632492782835,-76.73433396854956
52755,incendio,-7.4648,-76.5523
52756,incendio,-6.4787,-75.722
52757,incendio,-6.6551,-76.2626
52766,no_incendio,-6.100924085847581,-75.50738744279523
52771,incendio,-7.2027,-76.2986
52773,no_incendio,-6.5791773780212175,-75.5208242841422
52774,incendio,-5.3236,-76.5417
52777,no_incendio,-6.534406684076978,-76.00352237296187
52778,no_incendio,-6.469524270312644,-76.04017356223993
52785,no_incendio,-6.641370996240543,-76.27210728920325
52786,no_incendio,-6.178368777472011,-76.33706394423045
52790,incendio,-6.1713,-76.0032
52792,incendio,-7.0653,-76.812
52797,incendio,-6.8099,-76.7918
52798,incendio,-5.8723,-77.0774
52800,incendio,-7.9947,-77.5191
52801,incendio,-7.3781,-76.6028
52806,no_incendio,-5.451597714525489,-77.32234997673201
52807,incendio,-6.4113,-75.8397
52817,no_incendio,-7.575264155010306,-76.7671801072031
52821,no_incendio,-5.882755427823639,-77.51237097659782
52822,incendio,-5.7622,-76.4972
52825,incendio,-6.0039,-76.249
52826,no_incendio,-6.787959079277664,-75.64572689392233
52837,incendio,-5.8974,-75.9258
52838,incendio,-6.7355,-76.4514
52841,no_incendio,-6.564347270784287,-75.8738633840426
52848,incendio,-5.8177,-76.342
52852,incendio,-6.9081,-76.5718
52854,incendio,-5.8656,-75.8879
52856,incendio,-6.8062,-76.4055
52857,no_incendio,-6.590618313605878,-75.87293609884875
52863,incendio,-8.5034,-76.4799
52881,no_incendio,-7.4286037527901305,-75.69674631092113
52883,incendio,-5.9525,-76.2887
52885,incendio,-6.8065,-76.6279
52886,no_incendio,-7.095024308236621,-76.98915064415999
52898,incendio,-7.1796,-76.6178
52906,incendio,-8.463,-76.9836
52912,incendio,-6.9622,-76.7736
52922,incendio,-5.7434,-76.5292
52923,no_incendio,-5.87938832915223,-76.90538612384941
52926,no_incendio,-5.968086685454471,-75.87697296740079
52928,no_incendio,-6.6675087326032685,-77.42602403570756
52929,no_incendio,-5.868777989192487,-75.61031419176939
52933,incendio,-6.762,-76.6586
52937,no_incendio,-6.742797209348308,-75.63057425829132
52941,no_incendio,-6.2554801571250565,-76.43574997258422
52946,incendio,-5.6806,-77.4018
52948,incendio,-6.238,-75.9908
52950,no_incendio,-5.796164972487043,-76.72449599512143
52958,incendio,-7.1614,-76.4787
52964,incendio,-6.9592,-76.4609
52965,incendio,-6.6274,-76.7195
52968,incendio,-7.5554,-76.426
52975,no_incendio,-7.195118276412429,-75.87773973651454
52976,incendio,-7.1322,-77.0897
52983,no_incendio,-7.160701404821328,-77.50258610161559
52990,no_incendio,-6.694264893002906,-76.05015609684683
53002,no_incendio,-6.721818890646596,-76.25717682869612
53003,no_incendio,-6.36044395346056,-75.72277954497737
53005,no_incendio,-6.162915042417179,-77.15261169414305
53008,incendio,-6.0225,-76.3353
53011,incendio,-7.3429,-76.8887
53019,no_incendio,-7.086474485794749,-76.34589785341001
53022,no_incendio,-6.9422117979050695,-77.32253174388707
53023,incendio,-5.8926,-76.2953
53028,no_incendio,-5.95558763459201,-75.58088985962372
53029,no_incendio,-5.4868610147355525,-76.76095607597574
53034,incendio,-7.3262,-76.2464
53035,no_incendio,-5.855088798772725,-76.8781669555971
53036,no_incendio,-6.6046403916429695,-76.28478273774354
53037,incendio,-8.3695,-76.3171
53038,incendio,-7.1418,-77.1185
53042,no_incendio,-6.129131664861193,-76.45649977733511
53045,no_incendio,-6.590453070259288,-76.04913179233263
53050,no_incendio,-7.349457434232458,-77.2287510721594
53051,no_incendio,-6.7392978420431415,-76.19966664513106
53053,no_incendio,-6.638936461882343,-76.98044793632914
53061,incendio,-6.9728,-76.6577
53065,incendio,-6.1692,-77.0077
53067,no_incendio,-7.4319891578174815,-77.15087421098383
53071,no_incendio,-6.1305152501535805,-77.20692971202396
53078,no_incendio,-6.386426402369189,-77.04162489751405
53079,no_incendio,-7.23268535501901,-75.71791421763211
53080,incendio,-8.6491,-76.3378
53088,no_incendio,-7.27421571842906,-77.20818796800718
53091,no_incendio,-7.536087990026042,-76.53899168088374
53102,no_incendio,-7.294379319518731,-75.60933586901135
53105,incendio,-5.847,-75.956
53113,incendio,-6.022,-76.1319
53119,incendio,-6.0903,-77.0805
53133,no_incendio,-7.1362153859124,-76.23261669430515
53136,incendio,-5.8202,-76.0754
53139,no_incendio,-5.573600216354325,-77.29583969487783
53141,no_incendio,-7.127830025342514,-77.33172299006912
53148,incendio,-5.8211,-76.2045
53149,incendio,-5.9193,-76.2053
53150,no_incendio,-5.66978916869293,-75.78583352536694
53151,incendio,-6.5551,-76.3373
53157,incendio,-6.5453,-75.6678
53158,incendio,-6.0718,-77.0531
53159,incendio,-8.7139,-76.2599
53160,no_incendio,-7.516228282019169,-75.89484036620722
53161,incendio,-5.8411,-77.1537
53162,incendio,-7.3082,-76.5667
53164,incendio,-5.7459,-76.2545
53168,incendio,-6.1317,-77.5644
53171,no_incendio,-6.061679877354346,-76.10414263000189
53174,incendio,-7.4688,-76.5559
53178,no_incendio,-6.24237475480212,-75.58560175040829
53183,incendio,-5.7038,-76.4236
53187,incendio,-8.6381,-76.1217
53191,incendio,-7.1132,-76.4041
53192,incendio,-7.1346,-76.5696
53196,no_incendio,-5.5280435147957645,-75.64292390382334
53202,no_incendio,-6.339520872179224,-76.81899067100204
53203,no_incendio,-6.606517162327486,-77.4629258839616
53224,no_incendio,-6.4548358961700885,-76.10226827896288
53234,incendio,-5.6577,-77.5348
53238,no_incendio,-7.224623096753857,-76.90340581488266
53239,incendio,-7.7581,-76.6991
53243,incendio,-7.8392,-76.7166
53252,no_incendio,-5.761894026687926,-76.71626651276603
53254,incendio,-5.806,-76.2284
53256,incendio,-5.8049,-76.0816
53259,no_incendio,-6.165061446367449,-75.9664591742673
53261,incendio,-7.0429,-76.1156
53267,incendio,-7.3637,-76.8484
53270,no_incendio,-6.400338002031925,-76.1292712340201
53274,no_incendio,-6.811703020411863,-76.53234904826876
53279,no_incendio,-6.580708866740203,-77.30463518466154
53280,no_incendio,-5.83234820585484,-77.1167119832574
53286,no_incendio,-7.0805818707385395,-75.71658427890108
53294,no_incendio,-6.260382263964365,-75.66215989353373
53297,incendio,-8.0303,-77.6821
53301,no_incendio,-5.8513705657504405,-76.02980196988514
53309,no_incendio,-6.8707527834716435,-77.1546220579287
53310,no_incendio,-5.391936920318269,-75.74765732530163
53311,incendio,-6.7916,-76.4276
53314,no_incendio,-7.27421571842906,-77.20818796800718
53318,incendio,-7.5174,-76.4353
53319,no_incendio,-6.040687375273645,-76.93582583750656
53320,no_incendio,-5.807017349001207,-75.61769536103809
53324,incendio,-7.0198,-76.8646
53328,incendio,-8.5728,-76.1423
53336,no_incendio,-7.446762207896028,-76.39856521781556
53343,no_incendio,-6.045557480896305,-76.73042918045354
53344,incendio,-6.8344,-76.6519
53351,incendio,-8.6457,-76.1261
53354,incendio,-5.7966,-77.3406
53356,incendio,-6.8382,-76.8533
53360,incendio,-5.9595,-77.1465
53366,incendio,-5.8616,-77.0887
53373,incendio,-6.9654,-76.2643
53377,no_incendio,-5.991944937539925,-75.60778625331145
53384,incendio,-6.064,-75.9754
53385,incendio,-7.2849,-76.6146
53386,incendio,-7.3784,-76.8378
53389,no_incendio,-7.424353792615787,-75.73269651500266
53390,no_incendio,-5.326540128955467,-75.8192880237214
53393,no_incendio,-7.063019746501072,-77.52481749302208
53395,no_incendio,-6.026471909112164,-76.38280873739679
53397,no_incendio,-7.089719383654557,-75.94940066492136
53407,incendio,-7.0979,-77.0632
53413,incendio,-6.3715,-76.5893
53415,no_incendio,-6.124908546496211,-75.75141276131208
53427,incendio,-5.6305,-76.6672
53429,incendio,-6.5137,-77.7458
53431,no_incendio,-5.701666858501454,-75.71059369687181
53432,no_incendio,-7.506850337937736,-76.33686457857513
53433,incendio,-7.5817,-76.7912
53434,no_incendio,-7.2822391020909345,-76.80145523505668
53436,no_incendio,-6.402507911708669,-75.63264270737905
53439,incendio,-6.9732,-76.9068
53444,incendio,-7.296,-76.6109
53446,incendio,-5.8027,-77.4607
53458,incendio,-7.0452,-76.5103
53463,no_incendio,-7.238892730733428,-76.47459847040415
53468,no_incendio,-7.206553379936274,-76.41990893868237
53469,incendio,-6.551,-76.0149
53473,incendio,-7.4984,-76.4547
53474,incendio,-8.667,-76.8495
53478,incendio,-8.6995,-76.7138
53481,no_incendio,-7.547362899320046,-75.73565468655677
53485,incendio,-5.795,-76.4836
53493,no_incendio,-5.609318574866824,-76.18227826181767
53497,no_incendio,-5.5750859368578904,-77.18888026677212
53500,no_incendio,-5.846363398738161,-76.40526766705626
53502,no_incendio,-6.60024344042182,-76.28088372901857
53505,incendio,-7.2849,-76.9487
53507,no_incendio,-5.800663587251775,-77.2156236281296
53511,no_incendio,-7.147843120370421,-77.31448550971452
53514,no_incendio,-7.125442800649086,-77.06151312787605
53530,no_incendio,-6.248030507497377,-77.52671049342304
53533,incendio,-6.3422,-75.9666
53536,no_incendio,-7.200090625449649,-75.973583692229
53538,no_incendio,-6.10372793592555,-77.07921750093743
53546,no_incendio,-6.802375216185101,-76.58944416230916
53562,no_incendio,-7.142345675518539,-77.26966785367183
53563,no_incendio,-6.929539925837722,-76.05337955826667
53566,no_incendio,-5.991245342520768,-75.64023187612118
53570,incendio,-8.4619,-76.3509
53575,no_incendio,-7.448759349626241,-75.73146487239217
53584,incendio,-7.0225,-77.0045
53589,incendio,-7.3278,-76.6983
53592,no_incendio,-6.859834032339221,-77.17846783969736
53593,no_incendio,-6.890502660955485,-77.28521359628384
53596,incendio,-7.2708,-76.7122
53604,incendio,-7.1197,-76.3353
53607,no_incendio,-5.485150772179796,-77.0821813016382
53612,incendio,-7.6209,-76.7077
53620,incendio,-6.732,-76.6098
53627,incendio,-8.3313,-76.5653
53632,no_incendio,-6.234222668201542,-76.20280713881237
53634,no_incendio,-6.834902492352533,-77.15059777266319
53635,incendio,-7.225,-76.0555
53638,incendio,-5.8948,-76.9486
53651,incendio,-8.5149,-76.3639
53653,incendio,-6.9302,-76.5004
53657,no_incendio,-5.541112522183527,-75.99676308138659
53659,incendio,-5.7612,-76.1712
53660,incendio,-7.2427,-77.0353
53661,incendio,-7.3151,-77.7296
53668,no_incendio,-6.505676796415307,-75.74448285313693
53670,no_incendio,-5.870407571755855,-76.43899593158982
53672,incendio,-7.661,-76.4945
53678,incendio,-6.8032,-76.6603
53682,no_incendio,-5.880337682080549,-76.27434878275604
53688,incendio,-6.4868,-76.3671
53691,incendio,-5.7449,-76.4344
53695,incendio,-6.0293,-77.2565
53700,incendio,-5.7117,-76.6626
53702,no_incendio,-6.695277689736439,-77.08154414600035
53709,incendio,-7.2789,-76.3583
53717,no_incendio,-5.6909060907931215,-77.03642215530066
53718,no_incendio,-6.3065520769299415,-76.52048775212563
53726,incendio,-7.2046,-76.281
53728,no_incendio,-5.693308964023421,-77.38488694411686
53733,incendio,-8.0848,-76.6264
53734,no_incendio,-7.26944697761503,-76.97064413485722
53735,no_incendio,-5.652384048618223,-75.53477074714212
53741,incendio,-7.0805,-76.7876
53744,incendio,-6.7756,-76.6943
53761,no_incendio,-5.412071364186887,-77.00251056339543
53766,no_incendio,-6.781601843650596,-77.34861421933648
53768,incendio,-6.9671,-76.2762
53776,no_incendio,-5.8624058726324275,-77.54256899267752
53777,incendio,-6.6669,-77.4711
53778,incendio,-5.8759,-77.1078
53784,incendio,-7.0865,-76.4298
53800,no_incendio,-7.279073350966451,-75.53370306812118
53810,no_incendio,-5.740185734953845,-76.52718705325192
53816,incendio,-6.4784,-75.7485
53819,incendio,-7.4597,-76.7078
53820,no_incendio,-5.655403371061297,-77.22066038141541
53821,no_incendio,-5.453647317604843,-76.59202254288773
53826,no_incendio,-6.037617039183259,-75.8633441160442
53833,incendio,-5.944,-76.2814
53836,no_incendio,-6.185102706019143,-75.78932803542219
53840,incendio,-6.2468,-76.104
53849,no_incendio,-7.583028139538337,-75.69881965938345
53851,incendio,-5.5934,-76.2095
53853,no_incendio,-5.804055235179965,-77.4451366120588
53856,incendio,-7.2207,-77.7503
53863,incendio,-7.0799,-76.4386
53864,no_incendio,-6.971890891507541,-75.84725150741345
53865,no_incendio,-7.07173503300346,-76.39313006840234
53870,incendio,-8.6318,-76.1225
53876,incendio,-6.7806,-76.5567
53881,incendio,-5.3313,-76.7508
53882,no_incendio,-6.791553468522542,-76.19850061841751
53888,incendio,-5.7403,-75.6786
53896,no_incendio,-6.1503156162969,-75.68207577523512
53898,no_incendio,-7.189575486518889,-75.71595612356288
53900,incendio,-6.2906,-75.8969
53906,no_incendio,-6.635301014584928,-76.41004319664097
53907,incendio,-8.326,-76.5945
53910,no_incendio,-5.5629279584591815,-75.58676722265717
53911,incendio,-6.4854,-75.7362
53916,no_incendio,-7.2086548700460105,-76.60794035176814
53921,incendio,-5.8665,-75.9179
53922,no_incendio,-6.9734000570740395,-77.15029703123086
53928,incendio,-8.2038,-77.3572
53935,incendio,-5.8659,-75.8978
53938,no_incendio,-5.3750389583532385,-76.27737605989306
53942,incendio,-6.8332,-76.6687
53954,no_incendio,-6.0636997194620585,-76.98817967024722
53955,incendio,-7.2953,-76.4555
53974,incendio,-7.2537,-76.2922
53981,no_incendio,-6.5749903992962055,-76.89683303442592
53984,incendio,-7.4885,-76.5224
54001,incendio,-7.8689,-76.7369
54010,incendio,-7.4663,-76.3953
54014,no_incendio,-7.15542529777246,-76.2489354268892
54023,incendio,-8.1651,-77.3635
54030,incendio,-6.1756,-76.0134
54032,no_incendio,-6.566852763907717,-76.67622294647774
54034,incendio,-7.0596,-76.1628
54043,incendio,-8.104,-76.6394
54046,no_incendio,-7.117688925300616,-76.79094679252412
54048,no_incendio,-7.162586032756481,-76.81020137003335
54049,incendio,-7.5653,-76.5153
54060,incendio,-6.788,-76.6072
54068,incendio,-5.6977,-75.8925
54080,incendio,-7.5176,-76.4187
54081,incendio,-7.1901,-76.3335
54086,incendio,-7.7352,-76.7308
54091,no_incendio,-5.721753234372427,-77.04300744557013
54102,no_incendio,-6.543996709664201,-75.77625931317041
54104,no_incendio,-7.351997452668049,-75.86863921087647
54116,no_incendio,-5.833991570039085,-76.02950285469245
54119,incendio,-5.6366,-76.6896
54122,no_incendio,-6.440107687486793,-76.71961125303099
54129,no_incendio,-5.993099838060813,-76.1739103851831
54140,no_incendio,-5.485150772179796,-77.0821813016382
54141,no_incendio,-6.5305605417841495,-76.81567387832536
54145,incendio,-7.0514,-76.7826
54150,no_incendio,-6.727424984115921,-76.66756072308013
54153,incendio,-8.0355,-76.6713
54155,no_incendio,-6.982455617549805,-76.38860618436227
54162,incendio,-5.9369,-77.0737
54165,no_incendio,-6.2816422432891255,-75.61454508391762
54171,no_incendio,-5.945782975612446,-75.78933619991895
54174,no_incendio,-5.4484392138134945,-75.95921509359859
54175,incendio,-7.2853,-76.6926
54183,no_incendio,-5.882545131668422,-77.4252687375934
54185,no_incendio,-7.332916187784927,-76.99914864296008
54195,incendio,-6.5783,-76.5362
54196,incendio,-6.854,-76.5922
54199,no_incendio,-6.122720954624869,-76.9879603704079
54202,no_incendio,-6.469524270312644,-76.04017356223993
54205,incendio,-6.7981,-76.4309
54207,no_incendio,-5.971572498496214,-75.54699515189168
54212,incendio,-6.8955,-76.9613
54216,no_incendio,-6.007162927883913,-76.5503319635523
54219,incendio,-7.1579,-76.1906
54222,no_incendio,-7.0241667667070145,-76.27510051559456
54227,incendio,-5.8157,-77.126
54228,incendio,-7.4678,-76.2355
54230,no_incendio,-7.225892265359727,-76.0093087691897
54233,incendio,-7.3467,-76.7491
54235,incendio,-8.0253,-76.5919
54240,incendio,-6.1931,-77.1638
54254,incendio,-6.3293,-75.9026
54255,no_incendio,-6.838209877352376,-75.74494612497837
54260,no_incendio,-7.592086939740942,-76.80103020899601
54261,no_incendio,-6.569933219427762,-75.5278161670118
54262,no_incendio,-5.409587022918446,-76.44819351401671
54263,incendio,-6.4766,-75.7405
54264,incendio,-6.843,-76.701
54272,incendio,-7.5483,-76.5465
54273,incendio,-6.8926,-76.8443
54281,no_incendio,-7.591157646889957,-76.48064707935481
54283,incendio,-5.7935,-76.3782
54291,incendio,-6.1739,-76.2055
54292,incendio,-8.523,-75.5253
54293,incendio,-6.1986,-75.8764
54294,incendio,-7.1011,-77.0667
54295,no_incendio,-5.712986091901971,-76.69466982249243
54298,incendio,-7.1915,-76.286
54301,no_incendio,-5.957368180282539,-76.7498768526133
54311,incendio,-6.5431,-76.481
54313,incendio,-5.4611,-76.6306
54314,incendio,-5.9075,-76.2993
54321,no_incendio,-5.326931537697329,-77.25175106818679
54323,no_incendio,-5.380924923914102,-76.12851157268119
54324,incendio,-6.3815,-76.5724
54328,incendio,-5.8852,-75.9738
54332,incendio,-7.0665,-76.0626
54339,incendio,-6.5087,-76.7863
54358,no_incendio,-6.85257481056394,-76.48694884372748
54361,incendio,-8.1359,-76.5168
54363,incendio,-8.1834,-76.9723
54369,no_incendio,-7.019065477801208,-77.45420422372614
54372,incendio,-7.2037,-76.8566
54376,no_incendio,-6.911054339106914,-76.61694946054432
54377,incendio,-5.821,-77.0922
54379,incendio,-5.3335,-76.6002
54390,no_incendio,-5.562529025700048,-76.57485709284715
54391,no_incendio,-6.534953195140333,-76.18456106043952
54395,no_incendio,-7.404587411347148,-77.48236039818194
54406,incendio,-8.6799,-77.0978
54408,incendio,-7.0858,-76.5195
54421,no_incendio,-5.7158112857010535,-77.38243423840477
54422,incendio,-6.2276,-76.5768
54424,incendio,-7.5154,-76.4652
54425,incendio,-7.4033,-76.4082
54426,incendio,-6.2825,-76.0913
54431,no_incendio,-7.208457886315255,-75.76495343289794
54432,no_incendio,-7.019065477801208,-77.45420422372614
54433,no_incendio,-6.135227462144194,-76.4855793054628
54435,no_incendio,-5.739545483497391,-76.77757497448552
54440,incendio,-6.6248,-76.4898
54454,no_incendio,-6.922199249991655,-76.68603062105682
54455,incendio,-8.1433,-76.6526
54459,no_incendio,-6.040209440060914,-75.6194334979568
54461,incendio,-7.1608,-76.3347
54463,no_incendio,-5.902840695958739,-77.46595018427229
54472,no_incendio,-7.188428352306568,-77.29319926370498
54475,no_incendio,-7.298951884711561,-75.8714337322258
54477,incendio,-7.0133,-76.3453
54480,no_incendio,-6.57344451362061,-75.98407882587051
54493,incendio,-6.1901,-76.0601
54497,incendio,-8.1413,-77.1079
54512,incendio,-6.5024,-76.8118
54518,incendio,-5.7775,-77.0584
54523,incendio,-6.1968,-76.2966
54526,no_incendio,-7.308376267427788,-75.72020744008876
54537,no_incendio,-6.237007995955339,-77.29653920345977
54538,incendio,-6.5436,-77.5683
54541,incendio,-7.3174,-77.7201
54543,no_incendio,-5.899739172279481,-75.62561076754551
54546,no_incendio,-7.014916061647587,-75.71674408231947
54550,incendio,-5.7682,-76.4004
54554,no_incendio,-6.668348976590427,-75.85167744687278
54557,no_incendio,-5.996065973339257,-76.13966106255965
54560,incendio,-7.2862,-75.5528
54561,no_incendio,-5.6011690570737915,-76.70090683859456
54575,incendio,-7.6232,-76.7112
54579,no_incendio,-5.901388111394365,-75.87645660870008
54584,incendio,-7.5734,-76.3995
54586,no_incendio,-6.281173626920689,-76.33798845589783
54589,no_incendio,-5.841456819782133,-77.02191077906832
54604,incendio,-5.7277,-76.136
54612,incendio,-6.893,-76.5341
54619,no_incendio,-5.572804894965716,-76.96734256320798
54624,no_incendio,-7.040747836565641,-76.40061304391803
54626,incendio,-7.1932,-76.9194
54628,no_incendio,-5.573600216354325,-77.29583969487783
54630,no_incendio,-7.56354574516261,-76.00460014183221
54637,no_incendio,-5.665031141499033,-76.55743995217303
54641,no_incendio,-5.397648721010737,-76.34314573163867
54647,incendio,-6.3963,-75.8544
54652,incendio,-6.7894,-76.6567
54656,no_incendio,-7.547362899320046,-75.73565468655677
54658,incendio,-5.8993,-76.1102
54659,incendio,-8.451,-76.3872
54662,no_incendio,-6.303002240210201,-76.72194514117207
54664,incendio,-6.7664,-77.3259
54667,incendio,-7.493,-76.7824
54669,no_incendio,-7.213623333493973,-77.17840648744146
54670,no_incendio,-7.5636797148906325,-76.80582387525504
54675,no_incendio,-6.08565697953034,-76.3565072601085
54680,no_incendio,-7.195118276412429,-75.87773973651454
54681,incendio,-6.9853,-76.8368
54683,no_incendio,-5.346519894910452,-77.42054950645856
54687,no_incendio,-5.880337682080549,-76.27434878275604
54689,incendio,-7.5297,-76.5255
54694,incendio,-5.9153,-76.4349
54698,no_incendio,-5.879613359801567,-75.64585304449614
54700,no_incendio,-7.510954821403472,-75.50873794050783
54701,no_incendio,-6.231532660134269,-77.43051392350198
54702,incendio,-6.4883,-76.5069
54713,incendio,-7.3273,-76.6145
54714,incendio,-7.3439,-76.8597
54717,incendio,-7.3104,-76.7334
54721,no_incendio,-6.324514222860181,-76.89947276475436
54723,no_incendio,-7.021631546381363,-76.8111659595044
54724,no_incendio,-5.592210809875936,-75.85957552026237
54726,incendio,-8.2897,-76.4183
54741,no_incendio,-5.433480478841975,-76.00940335234054
54749,no_incendio,-6.959105963658491,-76.85747096898318
54752,incendio,-7.9295,-76.6943
54753,no_incendio,-7.051099362667298,-76.62925053957763
54756,no_incendio,-6.47129538831012,-76.10848069167751
54765,incendio,-6.9788,-76.6888
54767,no_incendio,-6.490391135640375,-76.20592887580928
54768,incendio,-6.6442,-75.6646
54770,incendio,-6.9546,-76.9276
54771,incendio,-6.4207,-76.4784
54772,no_incendio,-7.544493851248457,-76.73397529490327
54775,no_incendio,-6.012390103585068,-77.46665184846529
54777,incendio,-8.7017,-76.8101
54787,incendio,-7.5232,-76.2228
54790,no_incendio,-7.217736549985553,-75.80888423805258
54805,incendio,-7.3323,-76.8554
54807,incendio,-7.0923,-76.8428
54817,no_incendio,-6.4776266103105895,-77.14737002070362
54819,incendio,-7.3826,-76.246
54821,no_incendio,-5.868777989192487,-75.61031419176939
54823,incendio,-6.0871,-76.1396
54824,no_incendio,-7.378012032391012,-77.45917085361808
54826,no_incendio,-5.519172911219698,-76.89133916809088
54830,no_incendio,-5.523597492537125,-76.54848022376082
54831,no_incendio,-6.442429492492132,-75.8210206317141
54836,incendio,-6.2276,-76.1262
54840,no_incendio,-6.246302114010693,-75.65691913180889
54857,incendio,-6.4208,-75.7824
54858,incendio,-7.6244,-76.619
54868,no_incendio,-6.9213010558098045,-76.33886424086654
54869,incendio,-7.4475,-77.7971
54870,no_incendio,-5.369370124540203,-77.53041632467286
54878,incendio,-6.4917,-76.3694
54880,incendio,-7.0938,-76.2027
54882,incendio,-6.5764,-76.3511
54888,no_incendio,-5.928392145710498,-76.5403998802667
54891,incendio,-6.7706,-76.832
54892,incendio,-6.4643,-75.7659
54901,no_incendio,-7.103154809386207,-75.80011378156274
54904,no_incendio,-6.967630832661904,-76.66075655259817
54906,incendio,-5.4782,-76.6586
54910,no_incendio,-6.788644402631232,-76.08655221338569
54911,no_incendio,-7.374027518305184,-76.32029762844952
54914,incendio,-8.4208,-76.2742
54927,no_incendio,-6.948889791528075,-76.04658173737485
54933,no_incendio,-5.366911069115064,-77.28733600522496
54937,incendio,-7.1618,-76.8209
54939,incendio,-8.494,-76.431
54953,no_incendio,-5.740185734953845,-76.52718705325192
54956,incendio,-6.4508,-75.9821
54957,incendio,-7.6071,-76.6635
54958,no_incendio,-6.787051317211901,-77.10628604223226
54966,incendio,-6.9926,-76.1789
54967,no_incendio,-7.0852919010703905,-76.44513634305123
54972,incendio,-5.7522,-76.1996
54981,incendio,-5.6789,-76.5482
54985,incendio,-6.6991,-76.4423
54991,incendio,-6.6406,-76.7744
54994,no_incendio,-5.987623594847527,-77.50895445827787
55014,incendio,-6.0908,-76.1233
55021,incendio,-7.3099,-76.4089
55022,no_incendio,-6.9338065388714725,-77.51645275784907
55028,incendio,-5.7968,-76.0654
55030,no_incendio,-6.940699761996049,-76.26181884160466
55031,no_incendio,-6.934543735011002,-76.3579106281597
55034,incendio,-7.0421,-76.7784
55036,no_incendio,-6.763948396418463,-75.5008846760666
55047,incendio,-7.5347,-76.4134
55048,incendio,-6.3003,-76.2155
55057,no_incendio,-6.9973012484497445,-77.4510550557952
55061,incendio,-5.6957,-75.8683
55066,incendio,-6.0229,-76.303
55068,no_incendio,-6.165139577023006,-77.17733248367045
55070,incendio,-8.212,-76.6162
55076,incendio,-5.7519,-76.5917
55083,incendio,-6.5368,-76.0992
55091,no_incendio,-5.544976635100384,-76.33130727413504
55094,incendio,-8.2527,-76.577
55096,incendio,-7.5524,-76.573
55100,no_incendio,-7.307422219905113,-77.49030389420659
55101,no_incendio,-6.40519633681147,-77.40140623826653
55106,incendio,-7.2556,-76.1639
55113,incendio,-6.7798,-76.6618
55116,no_incendio,-6.687814799910479,-75.56700420232013
55118,no_incendio,-7.098978961723795,-76.16251434543014
55119,no_incendio,-5.393926083579098,-77.3710588373999
55127,incendio,-8.4375,-76.2218
55131,incendio,-6.9457,-76.4717
55133,no_incendio,-5.493534251624167,-76.05824936892388
55134,no_incendio,-6.20119371633988,-76.87236267556213
55135,incendio,-8.5505,-76.344
55136,incendio,-6.7176,-77.4158
55140,no_incendio,-6.440107687486793,-76.71961125303099
55142,no_incendio,-6.08565697953034,-76.3565072601085
55147,incendio,-6.3392,-75.8953
55151,incendio,-5.872,-75.9093
55152,no_incendio,-6.273383567178642,-76.44114691338451
55156,incendio,-6.8581,-76.5079
55167,no_incendio,-5.652384048618223,-75.53477074714212
55168,incendio,-7.4189,-76.4723
55169,no_incendio,-7.341385532228014,-75.96721546288514
55176,no_incendio,-7.317626251154921,-75.78361603634158
55191,no_incendio,-5.846363398738161,-76.40526766705626
55193,incendio,-8.1431,-76.9109
55201,incendio,-6.5725,-76.3767
55206,incendio,-8.3594,-76.5836
55211,incendio,-6.7944,-76.7828
55216,no_incendio,-7.098978961723795,-76.16251434543014
55225,no_incendio,-6.400301881628301,-77.5201604762096
55228,no_incendio,-7.0026426990635535,-77.36552672269332
55238,no_incendio,-5.503666402060762,-76.62944463990817
55243,no_incendio,-6.0854129819425,-76.79698741171129
55244,no_incendio,-6.586264053943194,-75.6879198104013
55249,incendio,-8.7261,-76.2579
55251,incendio,-5.8953,-76.3823
55252,no_incendio,-6.040843804619021,-75.5134205645717
55254,no_incendio,-5.31179064282697,-75.78618195501585
55258,incendio,-5.8397,-77.3979
55261,incendio,-6.8922,-76.2498
55264,incendio,-6.1728,-76.2368
55267,incendio,-7.4487,-76.3861
55269,no_incendio,-6.736884280770205,-76.9775738185435
55270,incendio,-6.9807,-76.157
55282,no_incendio,-7.191225918716162,-75.54734215721196
55284,incendio,-7.2514,-76.7053
55296,incendio,-6.2647,-75.9396
55299,incendio,-5.8446,-76.2131
55301,incendio,-8.2067,-76.6076
55302,incendio,-5.8583,-76.1712
55305,no_incendio,-6.859834032339221,-77.17846783969736
55306,incendio,-8.1864,-76.5271
55308,incendio,-7.3504,-76.4528
55314,no_incendio,-5.7462072862910665,-75.82239791523867
55343,incendio,-6.0305,-77.0181
55347,no_incendio,-5.382698663545955,-75.70884428974506
55355,incendio,-5.7337,-76.1369
55361,incendio,-6.5233,-75.6751
55372,incendio,-7.5194,-76.2957
55390,no_incendio,-6.695225096779551,-76.23948893389061
55393,no_incendio,-6.530680448143941,-77.14936961816767
55394,no_incendio,-7.443277568920015,-75.95948688269024
55396,incendio,-7.1713,-76.969
55399,incendio,-6.0648,-76.1362
55400,no_incendio,-7.538851524680003,-76.89606525439852
55401,incendio,-6.0236,-76.2543
55414,no_incendio,-7.0287390386317705,-77.03724597379518
55415,no_incendio,-5.5904160018413185,-75.95967696851481
55424,incendio,-7.6744,-76.7309
55428,no_incendio,-5.532971684555294,-77.02280558006699
55438,incendio,-7.4591,-76.5493
55444,no_incendio,-7.221811632536515,-77.44262630315019
55445,no_incendio,-5.811190643666691,-76.41076755798852
55446,incendio,-7.9007,-76.7365
55459,no_incendio,-7.447641034854349,-75.90762090121981
55464,no_incendio,-7.0802266587833635,-75.87902422488
55467,incendio,-7.4089,-76.8539
55468,incendio,-5.3139,-76.115
55472,incendio,-6.327,-75.9009
55476,incendio,-5.6656,-75.8831
55477,no_incendio,-7.216614993286788,-77.03461698814449
55478,no_incendio,-6.718454996800395,-75.59317309755335
55483,no_incendio,-5.971724397201385,-75.87816764029395
55485,incendio,-6.6776,-76.7852
55487,incendio,-6.4395,-76.8703
55491,no_incendio,-7.132724984642544,-76.76764396887705
55505,incendio,-7.0769,-76.8586
55513,no_incendio,-5.930404217360228,-76.53983487852608
55514,incendio,-5.6846,-77.3814
55516,incendio,-6.8143,-76.2178
55519,no_incendio,-6.8808047229850295,-76.28180482094469
55521,no_incendio,-5.546093305557506,-76.96305959318578
55522,incendio,-6.1915,-76.0525
55534,no_incendio,-5.65611924902812,-76.450948774078
55538,no_incendio,-6.722985174451003,-76.39617504365586
55540,no_incendio,-5.801578937835275,-76.51381524721576
55544,incendio,-5.3472,-76.4983
55548,incendio,-5.9206,-76.429
55552,incendio,-8.6691,-76.1679
55554,no_incendio,-5.632876376439432,-77.16339501604922
55565,no_incendio,-6.3065520769299415,-76.52048775212563
55574,incendio,-8.075,-76.514
55578,no_incendio,-7.318729401485612,-76.81445384525996
55579,no_incendio,-6.729488491648472,-77.03653906594069
55588,incendio,-7.1958,-76.4773
55589,incendio,-7.5282,-76.4798
55594,no_incendio,-6.522871972647179,-77.1088712424184
55596,incendio,-8.5139,-76.3465
55598,no_incendio,-7.127830025342514,-77.33172299006912
55600,no_incendio,-7.349457434232458,-77.2287510721594
55605,incendio,-5.3495,-76.5019
55609,no_incendio,-6.766715492175258,-75.83761083407144
55611,no_incendio,-7.516029592309847,-76.17814319860955
55619,incendio,-5.8546,-76.2631
55621,no_incendio,-5.9787702159042375,-76.39270327711898
55626,incendio,-7.1518,-76.5233
55631,incendio,-7.3479,-76.6581
55638,incendio,-6.8807,-76.6502
55647,no_incendio,-7.424353792615787,-75.73269651500266
55655,no_incendio,-5.577424926283962,-75.86385660107669
55656,no_incendio,-5.83983548332399,-77.3596154335897
55659,incendio,-7.3931,-76.5582
55660,no_incendio,-5.815972204611399,-75.5996631905604
55668,no_incendio,-5.70993701267222,-76.39276259470975
55678,no_incendio,-5.882916892819359,-76.86515934904114
55681,no_incendio,-6.476078930269108,-76.12579467837428
55685,no_incendio,-6.068535480190217,-76.55604968607116
55691,incendio,-5.8687,-76.0556
55694,incendio,-7.4383,-76.8404
55706,incendio,-5.5001,-76.6629
55707,incendio,-6.4289,-76.3993
55709,no_incendio,-6.843242986862935,-76.83119639273687
55711,no_incendio,-5.945782975612446,-75.78933619991895
55712,no_incendio,-5.953019088925324,-76.23284593502969
55716,incendio,-7.0934,-76.8218
55731,no_incendio,-5.89795943446839,-76.15835756218627
55738,no_incendio,-5.9729308547052575,-77.19584889522876
55742,incendio,-6.5972,-76.3368
55744,no_incendio,-6.24016797795497,-75.64844512243143
55751,no_incendio,-6.845471207648621,-76.36886322454563
55754,incendio,-7.4496,-76.5614
55770,incendio,-6.1871,-76.7254
55773,incendio,-5.7781,-76.5173
55782,incendio,-6.1736,-76.299
55785,incendio,-7.1719,-76.6005
55786,no_incendio,-5.576401103022335,-75.65589793985158
55792,incendio,-7.3036,-76.605
55798,incendio,-6.8845,-76.8678
55799,no_incendio,-7.457798199513177,-76.25066528876945
55805,no_incendio,-7.047404652384161,-75.9921217029406
55806,no_incendio,-6.463587748086062,-76.47146037727083
55808,no_incendio,-6.376048501437837,-77.12747027240657
55810,no_incendio,-7.253889999482386,-76.08590323427873
55817,no_incendio,-5.313659040472185,-75.7974059398213
55818,no_incendio,-6.618506694977619,-76.00213992327006
55821,incendio,-6.4713,-75.9253
55822,incendio,-8.0905,-76.5953
55824,incendio,-6.7341,-76.4053
55825,incendio,-7.5749,-76.409
55828,no_incendio,-6.768773690834417,-77.41433372649782
55839,incendio,-5.8603,-76.2745
55853,no_incendio,-5.5280435147957645,-75.64292390382334
55866,incendio,-7.6067,-76.7061
55871,incendio,-5.9962,-75.9642
55878,no_incendio,-6.536633754882988,-75.61074686603133
55883,no_incendio,-6.886318678721428,-75.69795842959347
55884,no_incendio,-7.245236344594437,-75.87140818649081
55887,no_incendio,-5.4986752575716835,-76.99704879250469
55898,incendio,-5.7582,-77.1024
55901,incendio,-5.9883,-76.219
55902,no_incendio,-7.573586798987392,-75.72729255411187
55906,no_incendio,-5.5683966845979995,-76.81768428751661
55908,incendio,-6.4891,-76.8068
55918,no_incendio,-6.960339111557958,-75.64609550577184
55923,incendio,-7.4889,-76.6189
55926,incendio,-5.8813,-76.2748
55927,no_incendio,-5.882379700992915,-75.5521215473338
55931,no_incendio,-7.488895468406661,-77.22046866095448
55936,no_incendio,-5.6874479423727555,-75.79801976537915
55937,incendio,-6.0983,-75.7925
55940,incendio,-7.421,-76.7136
55947,no_incendio,-6.994018548876931,-77.44340810717631
55952,no_incendio,-6.1419091354730675,-76.8668930112328
55955,no_incendio,-6.267765286846349,-75.88438881089547
55957,incendio,-6.0405,-76.3584
55965,no_incendio,-6.654532009707288,-75.5305999621871
55968,incendio,-5.735,-76.4807
55981,no_incendio,-5.485555576815183,-76.48568380205462
55983,incendio,-6.9322,-76.9154
55984,incendio,-7.3025,-76.952
55989,incendio,-6.2679,-75.9883
55990,no_incendio,-7.200090625449649,-75.973583692229
55994,no_incendio,-5.364892363396528,-76.8599043565554
55996,no_incendio,-6.525390337428589,-76.47559277816393
56005,incendio,-6.1282,-76.072
56007,incendio,-7.6863,-77.5348
56009,incendio,-6.2607,-75.9979
56022,no_incendio,-6.391881397317083,-77.53216465937516
56024,no_incendio,-6.456445234793438,-77.37382860861014
56025,no_incendio,-5.426612634680184,-75.58435399600397
56031,incendio,-5.8543,-76.1596
56038,no_incendio,-6.134775971165761,-75.80907324993491
56042,no_incendio,-5.577424926283962,-75.86385660107669
56044,no_incendio,-6.3480305531769075,-76.22097710185248
56046,no_incendio,-7.259025792408945,-76.1069982504593
56054,no_incendio,-6.791553468522542,-76.19850061841751
56062,no_incendio,-7.325700741079294,-77.06360146385256
56064,incendio,-7.153,-76.3223
56066,incendio,-8.6148,-76.6186
56072,incendio,-7.3266,-76.7576
56077,incendio,-7.0522,-76.1244
56079,no_incendio,-7.58397179719786,-76.78899858637695
56088,incendio,-6.8064,-76.7284
56092,incendio,-8.0989,-76.7982
56097,incendio,-8.2663,-76.352
56098,no_incendio,-7.508397223486154,-75.66150958377543
56105,no_incendio,-5.800895908311601,-76.62831443275236
56107,no_incendio,-5.519172911219698,-76.89133916809088
56109,incendio,-7.3773,-76.6147
56111,no_incendio,-7.010865933982342,-76.63167881965191
56114,incendio,-6.313,-75.8421
56117,incendio,-7.3685,-76.8741
56119,incendio,-5.6738,-77.4835
56122,no_incendio,-6.446999968584335,-76.20534088443561
56135,no_incendio,-6.726577938090313,-76.92865414529734
56139,no_incendio,-7.5964500853796,-76.68614160369373
56141,no_incendio,-7.082226882888392,-75.74798202243628
56142,no_incendio,-7.137713754276464,-76.43208640903742
56148,incendio,-5.7352,-75.8358
56155,no_incendio,-7.0802266587833635,-75.87902422488
56156,incendio,-5.8207,-77.2082
56160,incendio,-7.0955,-76.2524
56161,no_incendio,-7.0241667667070145,-76.27510051559456
56167,no_incendio,-5.576377400601263,-76.00886183713747
56168,incendio,-8.6203,-76.6259
56174,incendio,-8.4342,-76.5147
56176,no_incendio,-6.672836316039594,-77.21035813191263
56178,no_incendio,-6.4551795764442375,-76.19574642473289
56194,no_incendio,-6.272889262540646,-77.34340996973071
56202,incendio,-7.5037,-76.3763
56208,no_incendio,-6.799158296280013,-76.12149634545402
56210,incendio,-7.5555,-76.5212
56211,incendio,-7.4963,-76.5028
56212,incendio,-8.4592,-76.4171
56213,incendio,-7.9432,-76.7263
56215,no_incendio,-5.784820775425025,-76.88322925526231
56216,no_incendio,-5.482360092898033,-75.75875593827813
56228,incendio,-6.3033,-75.9157
56235,no_incendio,-7.0805818707385395,-75.71658427890108
56241,no_incendio,-7.279073350966451,-75.53370306812118
56242,no_incendio,-5.426612634680184,-75.58435399600397
56247,no_incendio,-6.437468171319466,-76.61472481016831
56251,no_incendio,-6.5791773780212175,-75.5208242841422
56254,no_incendio,-6.602549423318465,-77.00681560184587
56266,incendio,-5.4698,-76.7607
56267,no_incendio,-7.538851524680003,-76.89606525439852
56272,no_incendio,-5.451709663906019,-76.0834165906866
56278,incendio,-5.7405,-76.5005
56279,incendio,-6.6181,-76.2602
56281,incendio,-6.0784,-76.7787
56286,incendio,-5.5147,-76.7672
56288,incendio,-5.9688,-75.7509
56294,no_incendio,-5.743346331540995,-77.34641722204898
56297,no_incendio,-5.889428519671102,-75.83985217439051
56306,no_incendio,-6.960986438297525,-76.973990270216
56310,incendio,-5.7303,-76.2153
56311,incendio,-7.3208,-76.3925
56313,incendio,-5.7344,-76.4882
56315,incendio,-5.8525,-76.0531
56323,no_incendio,-6.304617864281926,-76.60193669802109
56327,incendio,-7.4239,-76.5546
56329,incendio,-6.4777,-76.7165
56332,incendio,-7.2265,-76.0647
56344,no_incendio,-7.428960143280297,-76.20768184148152
56348,no_incendio,-7.44968802750322,-77.23116283334409
56352,no_incendio,-5.493534251624167,-76.05824936892388
56357,incendio,-5.371,-75.7535
56359,no_incendio,-6.640978763936889,-76.01901055862061
56365,incendio,-6.2093,-75.8262
56366,no_incendio,-7.1439208952470965,-77.38092521559295
56378,no_incendio,-5.3130357942785436,-76.58858316456917
56383,incendio,-6.7905,-76.9223
56385,no_incendio,-7.304318403936466,-76.8341795441283
56388,no_incendio,-5.733319617679441,-76.17295841826885
56390,no_incendio,-5.5797385570843945,-76.68051881795166
56393,incendio,-6.7914,-76.6091
56397,no_incendio,-6.420478782048784,-76.46157866406858
56405,no_incendio,-6.4643629782720495,-76.22804730377794
56415,no_incendio,-6.3427644504242675,-77.35180398852548
56418,incendio,-6.8757,-76.7871
56420,incendio,-6.492,-76.3674
56429,no_incendio,-6.7449829270010735,-76.32449330393015
56433,no_incendio,-7.508226717447944,-76.74892470083597
56435,incendio,-6.8657,-76.4071
56437,incendio,-6.1617,-75.9944
56454,no_incendio,-6.677775402102643,-76.83019542388436
56464,no_incendio,-6.344738730281884,-77.28085925820518
56471,no_incendio,-7.377051275028038,-75.93975534182488
56483,incendio,-5.761,-76.0632
56485,incendio,-6.9486,-77.7521
56486,no_incendio,-7.080940596432744,-77.316377811303
56489,no_incendio,-7.1362153859124,-76.23261669430515
56490,no_incendio,-6.905350281771543,-75.85773993313076
56494,no_incendio,-6.843242986862935,-76.83119639273687
56495,incendio,-5.8077,-77.0822
56496,no_incendio,-6.5631659761878876,-77.17426169429598
56498,no_incendio,-6.479517291884607,-77.31045667927476
56499,no_incendio,-7.3680402233360685,-75.9380390323052
56504,incendio,-7.2887,-76.9561
56505,incendio,-7.5899,-77.4892
56506,no_incendio,-6.107814853885202,-77.33817072189056
56507,no_incendio,-6.832250558370159,-76.20474853380588
56515,incendio,-6.9595,-76.1359
56518,no_incendio,-6.735984440425587,-77.00622820601815
56522,incendio,-7.6011,-76.5153
56523,no_incendio,-5.618910457397299,-76.39046295133087
56525,no_incendio,-5.617689246248104,-77.03996515250137
56528,no_incendio,-5.676274225134516,-77.28318396900629
56531,incendio,-7.3071,-76.5995
56533,incendio,-7.3877,-76.5352
56537,incendio,-8.0705,-76.6491
56538,incendio,-7.3179,-76.6194
56542,incendio,-6.8462,-76.4861
56560,incendio,-6.5864,-75.9325
56562,no_incendio,-6.887017706594157,-77.30533643415299
56564,no_incendio,-6.684698936601428,-75.64362761188839
56566,incendio,-6.735,-76.6292
56569,no_incendio,-5.802494877336548,-76.35132685190827
56571,incendio,-6.564,-75.9522
56572,incendio,-6.0211,-76.122
56575,incendio,-8.7992,-75.5141
56576,no_incendio,-5.916934623864143,-76.40108482987945
56577,incendio,-7.0657,-76.478
56582,no_incendio,-5.388346448693102,-76.72150148992378
56588,no_incendio,-6.727275952714791,-77.44889142586435
56591,no_incendio,-5.698299617649455,-76.9877048304902
56592,incendio,-7.7158,-76.7285
56597,no_incendio,-7.124827279927048,-76.79852328354966
56600,no_incendio,-7.585660689069584,-77.39009094478008
56604,no_incendio,-5.374155680654134,-76.14052405499798
56605,no_incendio,-5.420009462532595,-77.54497332899014
56606,incendio,-6.9421,-76.7651
56608,incendio,-6.2516,-76.2234
56611,incendio,-7.228,-76.297
56612,incendio,-6.6588,-76.7557
56621,no_incendio,-5.733303330887296,-76.64353813041618
56622,no_incendio,-6.797587829172456,-76.96085855036651
56623,incendio,-5.8409,-77.423
56628,incendio,-6.175,-76.2185
56629,incendio,-7.1381,-77.1024
56630,no_incendio,-5.747916301571042,-76.94248947046277
56639,no_incendio,-6.833720284532176,-77.09053083344739
56647,no_incendio,-6.023168032179068,-77.26981479042486
56649,no_incendio,-6.589390257699646,-75.6408986952127
56653,incendio,-5.876,-76.0606
56661,incendio,-6.1101,-75.6692
56666,no_incendio,-5.965105049339228,-76.99859959497034
56669,incendio,-6.5474,-75.6813
56670,no_incendio,-5.309022549050947,-77.11989827113337
56674,incendio,-7.1175,-76.3667
56690,no_incendio,-7.322815935895123,-76.7836025186051
56692,no_incendio,-6.91975600968376,-77.05871610020544
56701,no_incendio,-6.58181358126526,-75.97994293561052
56702,incendio,-7.5462,-76.5139
56704,incendio,-8.0823,-76.6573
56705,no_incendio,-6.56383921503927,-77.29970461755646
56712,incendio,-6.4863,-75.7231
56715,no_incendio,-6.456445234793438,-77.37382860861014
56716,no_incendio,-7.37285257220338,-75.85397128431137
56722,incendio,-7.7778,-76.7886
56735,incendio,-6.8177,-76.7713
56739,incendio,-6.9982,-76.5331
56740,no_incendio,-5.791181789509089,-77.46024775242152
56752,incendio,-7.3806,-76.5753
56753,no_incendio,-7.20916394163281,-76.74882653338932
56764,incendio,-5.7729,-77.2487
56765,incendio,-8.4644,-76.4792
56772,incendio,-7.5073,-76.5436
56775,no_incendio,-7.257184386198285,-77.16794482130089
56780,incendio,-6.1424,-76.41
56786,no_incendio,-5.593725246250177,-76.70151478021911
56790,incendio,-6.4878,-76.3581
56791,incendio,-6.304,-75.8273
56792,incendio,-7.3985,-76.5439
56800,incendio,-7.3347,-76.3565
56814,incendio,-6.9944,-76.2849
56824,no_incendio,-7.316542689651407,-77.09719219444501
56825,incendio,-7.2739,-76.4634
56828,no_incendio,-6.42510939654662,-76.21314660329666
56830,no_incendio,-5.780675568523146,-77.4440499191556
56832,no_incendio,-6.668348976590427,-75.85167744687278
56835,no_incendio,-7.192625795202753,-75.79931940133156
56838,incendio,-7.3705,-76.5579
56847,incendio,-7.1318,-76.7979
56853,no_incendio,-6.559793328628168,-75.94281873717337
56854,no_incendio,-6.1290157028955905,-75.56386178427238
56855,incendio,-7.3091,-75.5612
56857,incendio,-6.8489,-76.9777
56863,incendio,-7.3132,-75.5596
56875,incendio,-5.7584,-76.2143
56878,incendio,-8.4131,-76.3881
56882,incendio,-6.9752,-76.6911
56886,incendio,-7.5842,-76.4908
56887,no_incendio,-7.5389429366733145,-76.3612819242991
56899,no_incendio,-6.342272331916268,-77.0355540401251
56903,incendio,-7.3912,-76.8272
56906,incendio,-6.0816,-76.1565
56910,no_incendio,-5.590950998396602,-75.50740685150045
56918,no_incendio,-7.178109146033509,-76.55931189942505
56921,incendio,-7.1145,-77.072
56922,no_incendio,-6.208571378644004,-77.08847372883292
56923,incendio,-6.7635,-77.341
56924,no_incendio,-6.0636997194620585,-76.98817967024722
56929,incendio,-5.9904,-76.2164
56941,no_incendio,-5.886501214348173,-76.17373588365827
56943,incendio,-8.1542,-76.6615
56944,no_incendio,-6.08674868659818,-77.38664384875209
56947,no_incendio,-6.061671698446887,-76.35844064270319
56950,no_incendio,-6.791553468522542,-76.19850061841751
56954,no_incendio,-6.324884637478815,-77.29362980195512
56957,incendio,-8.576,-76.5447
56959,incendio,-7.3585,-76.8903
56970,no_incendio,-5.889428519671102,-75.83985217439051
56977,no_incendio,-7.311635265992554,-75.85999069910886
56987,incendio,-5.6769,-76.2575
56990,incendio,-7.5732,-76.3293
56994,incendio,-8.3105,-76.6754
56997,incendio,-6.4225,-75.7
57006,incendio,-8.2398,-76.5838
57017,no_incendio,-5.978876914297251,-77.26050814725458
57018,incendio,-6.8361,-76.475
57023,no_incendio,-7.417769459056535,-76.0278387197161
57030,incendio,-6.1049,-76.2851
57032,incendio,-6.6333,-76.3273
57048,no_incendio,-6.248030507497377,-77.52671049342304
57051,incendio,-8.4641,-76.3851
57054,incendio,-8.126,-76.6247
57055,no_incendio,-6.326986282349614,-75.6142180056652
57059,incendio,-7.3555,-76.8041
57063,no_incendio,-6.736884280770205,-76.9775738185435
57072,no_incendio,-6.6084019823282665,-76.06077967767854
57075,incendio,-6.7029,-76.7788
57092,no_incendio,-6.352348321356028,-75.59610164326816
57100,incendio,-6.1825,-76.0668
57102,no_incendio,-7.38891296125344,-75.60819465870141
57104,no_incendio,-6.4156514594615395,-77.50323228806793
57107,incendio,-6.5899,-77.3924
57111,incendio,-5.3022,-76.4976
57117,no_incendio,-6.559185707653601,-77.1814362546677
57122,no_incendio,-7.554963436234575,-75.69130210162552
57125,no_incendio,-7.011514074885707,-76.73934268520709
57127,incendio,-5.5958,-76.544
57129,no_incendio,-6.687814799910479,-75.56700420232013
57132,incendio,-7.2873,-76.3
57133,incendio,-7.096,-76.22
57150,no_incendio,-7.536324441611577,-75.98652093293225
57156,no_incendio,-5.876670821018357,-77.35096983439296
57160,no_incendio,-5.437451651862052,-75.53119555354411
57161,incendio,-5.515,-76.7443
57177,incendio,-6.8477,-76.9067
57179,no_incendio,-6.371807438398121,-75.97041325819922
57194,incendio,-7.1984,-77.0597
57196,no_incendio,-6.847838156918014,-76.65972952352969
57239,incendio,-7.2881,-76.7511
57249,no_incendio,-6.7133301961826755,-75.60854075962672
57252,incendio,-7.3481,-76.894
57257,no_incendio,-7.251215765230244,-76.69670530916802
57259,no_incendio,-5.530786000980501,-76.91418709127078
57265,incendio,-6.0945,-76.1846
57269,incendio,-6.8482,-76.3343
57270,incendio,-7.3724,-77.7498
57277,incendio,-7.5205,-76.5684
57281,incendio,-5.7594,-76.6358
57293,incendio,-6.2035,-76.0038
57295,incendio,-8.664,-76.3131
57296,incendio,-7.3627,-76.4069
57297,incendio,-7.3449,-76.9528
57298,no_incendio,-6.893924031218003,-76.04905921446095
57300,no_incendio,-7.523779550040388,-76.57430086125386
57301,no_incendio,-6.467420438436691,-76.19360941434292
57305,incendio,-6.1257,-77.5692
57313,no_incendio,-5.900117559948675,-75.56284439390626
57317,incendio,-7.4416,-76.5318
57318,no_incendio,-5.8012341650518415,-77.26448001518449
57320,no_incendio,-5.849268078249962,-76.0787263818459
57322,incendio,-7.2409,-76.3497
57328,incendio,-7.8918,-76.6628
57329,no_incendio,-6.856229226903604,-75.880120110949
57330,no_incendio,-5.394785578322833,-77.00358788486766
57333,incendio,-6.4605,-75.8488
57345,incendio,-7.5204,-76.4943
57347,incendio,-6.5846,-76.0319
57351,incendio,-6.3681,-76.0893
57356,incendio,-7.2864,-76.6868
57363,no_incendio,-5.501045309864604,-77.33293151035834
57365,incendio,-7.6958,-76.6775
57373,incendio,-7.5356,-76.4335
57375,no_incendio,-6.616039268330141,-77.35690054867337
57384,no_incendio,-5.782302498103818,-75.6928374050029
57385,incendio,-6.0756,-76.2595
57389,no_incendio,-5.4433732153340495,-76.71634375535739
57399,no_incendio,-5.413750833598563,-75.87946450439262
57400,no_incendio,-5.73056432169004,-76.88063042787364
57403,no_incendio,-7.20916394163281,-76.74882653338932
57405,no_incendio,-5.690666241525762,-76.5831246635922
57407,incendio,-8.4373,-76.4268
57408,no_incendio,-6.682338881301072,-76.58990578057626
57417,incendio,-8.4198,-76.4276
57428,no_incendio,-6.269160672028454,-77.26185240867942
57429,incendio,-7.4435,-76.5486
57431,incendio,-6.5955,-76.6897
57437,no_incendio,-6.961563570088446,-77.02222304631809
57456,incendio,-5.767,-76.0848
57457,incendio,-7.4473,-76.5855
57458,no_incendio,-5.936332555331325,-76.83179580754164
57459,no_incendio,-6.332355926126756,-76.57852424451565
57462,no_incendio,-6.638936461882343,-76.98044793632914
57470,no_incendio,-5.6874479423727555,-75.79801976537915
57475,incendio,-8.3409,-76.2603
57476,incendio,-5.8789,-75.9534
57477,incendio,-6.0543,-76.8982
57479,no_incendio,-7.456346722108078,-76.20342873895703
57481,incendio,-7.1656,-76.2459
57482,incendio,-7.3488,-76.8854
57497,incendio,-7.0822,-76.8399
57504,no_incendio,-6.003436470117687,-77.4174804711691
57515,incendio,-7.0561,-76.8857
57516,incendio,-7.2766,-76.3905
57520,incendio,-5.7687,-77.232
57521,incendio,-7.1089,-76.7181
57530,no_incendio,-6.929511458644296,-75.83962565372784
57543,no_incendio,-6.480391966428419,-77.42730148887621
57544,no_incendio,-5.70993701267222,-76.39276259470975
57545,no_incendio,-6.5340207470218745,-75.73082220173393
57548,incendio,-5.8444,-75.913
57551,incendio,-6.8551,-76.2767
57552,no_incendio,-5.489245275525123,-76.82667902790362
57556,no_incendio,-7.508397223486154,-75.66150958377543
57558,incendio,-6.1903,-75.6846
57562,no_incendio,-5.398135296375456,-76.71445247130518
57564,incendio,-5.9206,-76.2147
57565,no_incendio,-6.599702785570768,-77.42370077864948
57566,no_incendio,-7.359360612224768,-76.78029054350944
57568,no_incendio,-5.756771146595229,-77.41858176231523
57569,incendio,-5.9825,-76.2426
57576,incendio,-8.248,-76.3181
57579,no_incendio,-6.9303848627730344,-77.0665622069992
57592,incendio,-6.0873,-76.1168
57603,incendio,-6.1834,-76.2022
57605,incendio,-5.6759,-76.4843
57608,incendio,-6.1116,-77.053
57611,no_incendio,-5.569659951211905,-77.11401128748476
57616,no_incendio,-6.1773004933773406,-76.41533827057219
57621,incendio,-8.6046,-76.2234
57628,incendio,-6.9711,-76.5302
57629,incendio,-7.0319,-76.6631
57630,no_incendio,-5.95558763459201,-75.58088985962372
57631,incendio,-6.0739,-76.0663
57638,incendio,-7.3085,-75.5548
57640,no_incendio,-5.65675190083822,-76.2124000269003
57641,no_incendio,-5.3689055308415,-76.62344622964636
57646,no_incendio,-6.10372793592555,-77.07921750093743
57652,incendio,-5.6828,-76.4573
57655,incendio,-6.1976,-76.7047
57665,incendio,-8.6584,-76.2698
57667,incendio,-6.2812,-76.6798
57668,incendio,-6.5411,-76.6041
57669,no_incendio,-6.397916753583541,-76.88339705526924
57671,incendio,-6.2578,-75.8448
57674,no_incendio,-7.225892265359727,-76.0093087691897
57677,no_incendio,-6.768773690834417,-77.41433372649782
57687,incendio,-5.5669,-75.8955
57689,no_incendio,-5.932677032359028,-76.67039982026421
57698,incendio,-7.3804,-76.6229
57699,no_incendio,-5.364892363396528,-76.8599043565554
57701,incendio,-6.3075,-75.9205
57706,incendio,-7.0152,-76.3109
57709,no_incendio,-7.390169812745361,-75.85173982819381
57711,incendio,-8.2589,-76.477
57714,incendio,-6.7977,-76.5673
57720,incendio,-7.219,-76.7686
57721,incendio,-7.4223,-76.4738
57723,no_incendio,-6.107287203943645,-77.4216594793923
57725,no_incendio,-6.741440234624422,-77.09605125719467
57730,incendio,-7.2748,-76.6079
57737,no_incendio,-7.26944697761503,-76.97064413485722
57743,no_incendio,-7.384620420011121,-76.77592855304549
57753,incendio,-5.7589,-76.4447
57758,incendio,-6.7306,-76.4387
57759,no_incendio,-5.971167138004345,-76.3740699604034
57762,no_incendio,-5.763287542306629,-76.16197141222403
57778,no_incendio,-7.038387701485983,-77.46608635694433
57780,incendio,-7.5619,-76.2248
57791,incendio,-6.0899,-76.0191
57794,incendio,-5.7373,-76.5086
57797,no_incendio,-5.83397648887431,-77.22981106334638
57799,incendio,-6.5902,-76.7572
57804,incendio,-5.3052,-76.4543
57810,no_incendio,-6.0854129819425,-76.79698741171129
57811,incendio,-5.5663,-76.7111
57812,no_incendio,-6.072304927752775,-76.77556503555117
57826,incendio,-7.2017,-76.8409
57827,no_incendio,-6.2554801571250565,-76.43574997258422
57831,no_incendio,-7.5636797148906325,-76.80582387525504
57834,no_incendio,-6.942876340672963,-76.33358150381483
57838,incendio,-6.1982,-77.7688
57847,no_incendio,-7.011514074885707,-76.73934268520709
57853,incendio,-6.8326,-76.8258
57856,no_incendio,-7.446777051363318,-75.55823277277759
57858,incendio,-8.3132,-76.3603
57865,incendio,-5.8037,-77.2027
57870,no_incendio,-6.0889717541826,-76.72492959412638
57872,no_incendio,-5.3088507793034125,-76.33692970134372
57876,no_incendio,-5.9130091622376435,-77.42859659593488
57877,incendio,-6.4518,-76.8537
57880,incendio,-6.834,-76.788
57882,no_incendio,-6.228351070264562,-77.26637950725386
57883,incendio,-7.3157,-76.9313
57886,incendio,-5.7342,-77.4553
57889,incendio,-7.2888,-76.421
57890,incendio,-5.9016,-75.9305
57892,incendio,-8.3247,-77.3512
57897,incendio,-6.6844,-76.6644
57903,incendio,-8.5433,-76.3876
57904,no_incendio,-5.993099838060813,-76.1739103851831
57911,no_incendio,-6.386426402369189,-77.04162489751405
57912,no_incendio,-5.913375544586391,-77.02153912778006
57913,incendio,-8.0129,-76.6817
57919,no_incendio,-5.3750389583532385,-76.27737605989306
57926,incendio,-6.7453,-76.3859
57930,incendio,-7.0004,-76.3429
57931,incendio,-7.3152,-76.563
57935,incendio,-6.0623,-75.9552
57936,incendio,-6.3034,-75.7797
57941,incendio,-7.26,-76.6409
57944,incendio,-7.3371,-76.6101
57945,no_incendio,-6.875442125514737,-76.55018813227439
57951,incendio,-7.249,-76.9557
57954,no_incendio,-5.557069716448366,-75.65393079947539
57958,incendio,-8.642,-76.7753
57961,incendio,-6.0811,-76.079
57972,incendio,-6.9491,-76.8716
57984,no_incendio,-5.775752820945428,-75.77309666724678
57990,incendio,-5.8564,-77.1998
57994,incendio,-8.1569,-77.1132
57996,no_incendio,-6.491284059337684,-76.25746904489338
58009,incendio,-6.7821,-76.4872
58013,incendio,-7.0546,-77.6545
58019,incendio,-5.5615,-76.5439
58022,no_incendio,-7.317626251154921,-75.78361603634158
58023,no_incendio,-5.389176452484517,-75.81151917065094
58038,incendio,-7.3588,-76.2343
58039,incendio,-6.5342,-75.6886
58041,incendio,-6.9201,-76.5652
58048,incendio,-7.0039,-77.0548
58049,no_incendio,-7.443277568920015,-75.95948688269024
58055,no_incendio,-7.432415046086705,-75.62170917666255
58059,incendio,-5.6207,-75.99
58083,incendio,-7.254,-76.7999
58086,incendio,-7.1981,-76.8828
58087,incendio,-7.3118,-76.5353
58090,incendio,-5.7751,-76.0886
58092,incendio,-6.6625,-76.9997
58100,no_incendio,-5.866539639068574,-77.22687497991105
58109,incendio,-7.413,-76.7996
58115,incendio,-7.4033,-76.6398
58132,incendio,-7.3454,-76.7386
58135,no_incendio,-7.301995634610949,-77.3052348248029
58137,incendio,-7.2854,-76.7866
58138,no_incendio,-7.3226422677593845,-76.0064093237638
58141,incendio,-8.2425,-76.3632
58150,incendio,-7.3089,-76.8608
58153,incendio,-8.2243,-76.6601
58167,no_incendio,-5.952502510545931,-77.35100051203952
58168,incendio,-7.4373,-76.5787
58171,no_incendio,-7.196044028055804,-76.77405078763431
58172,incendio,-7.5631,-76.4157
58176,no_incendio,-6.460809424904893,-76.67264708557983
58177,incendio,-6.606,-75.6514
58189,no_incendio,-6.694264893002906,-76.05015609684683
58190,incendio,-5.8638,-76.2168
58201,no_incendio,-7.489751819531982,-75.96573533227652
58213,no_incendio,-5.450455855055424,-76.00497644122908
58215,incendio,-7.3217,-76.4686
58221,incendio,-7.0171,-76.1602
58225,incendio,-6.0706,-75.9202
58228,incendio,-5.595,-76.6512
58236,no_incendio,-6.0254636524537775,-76.26070791675792
58251,no_incendio,-5.501399945972402,-76.12442406721492
58255,no_incendio,-5.332935425847374,-77.16749151506393
58256,incendio,-7.1149,-76.3499
58259,no_incendio,-6.819960436835468,-75.76204305997081
58270,no_incendio,-7.000863457307533,-75.58957693762711
58279,incendio,-5.8599,-76.0524
58282,incendio,-6.6873,-77.3489
58284,no_incendio,-6.074232738963784,-75.5615873787058
58300,incendio,-7.1417,-76.8603
58302,incendio,-6.7418,-76.5881
58304,incendio,-6.8148,-77.4416
58306,incendio,-6.7687,-76.6937
58309,no_incendio,-7.126729071613174,-77.02628949920283
58313,incendio,-5.8129,-77.1615
58321,no_incendio,-6.918732727057085,-75.61509017346891
58328,incendio,-7.0602,-76.1219
58336,incendio,-6.8564,-76.9643
58338,no_incendio,-6.729488491648472,-77.03653906594069
58342,no_incendio,-5.457985826162461,-76.51538649315398
58343,no_incendio,-6.036634194085042,-76.33475368850613
58350,no_incendio,-5.911980434774437,-76.07407858450021
58352,incendio,-5.3363,-76.7421
58357,incendio,-6.2672,-76.1934
58358,incendio,-7.2528,-76.7153
58359,no_incendio,-5.763287542306629,-76.16197141222403
58361,no_incendio,-5.9069362811274955,-76.90796880037888
58366,no_incendio,-5.959481938609148,-77.35681272469573
58367,no_incendio,-6.7528370184185675,-75.79463738047077
58381,incendio,-6.8784,-76.7998
58384,no_incendio,-6.939438225282601,-76.80786345912996
58385,incendio,-5.7626,-76.2405
58388,incendio,-6.5941,-76.0456
58389,incendio,-7.4763,-76.4495
58390,incendio,-5.7271,-77.3729
58398,incendio,-7.3435,-76.2276
58399,incendio,-6.7133,-76.424
58401,incendio,-7.9802,-76.6844
58405,no_incendio,-7.284463966351714,-76.84480226943248
58408,incendio,-7.1921,-76.3586
58410,no_incendio,-7.237158680749911,-76.11796356076336
58411,no_incendio,-6.482952600752266,-75.66603340235945
58416,no_incendio,-5.5084858154243905,-75.90684850496002
58417,incendio,-7.3368,-76.8611
58425,incendio,-8.6343,-76.8025
58431,incendio,-6.6941,-76.3258
58432,incendio,-7.3104,-76.755
58440,no_incendio,-5.698299617649455,-76.9877048304902
58448,no_incendio,-5.39776817495506,-77.21180440723553
58451,no_incendio,-6.006937780860308,-77.45432250461575
58454,no_incendio,-6.190431376100011,-77.10696325685771
58456,no_incendio,-5.809070578757959,-75.92077418660742
58458,no_incendio,-5.4560539889311706,-76.17543571338655
58461,incendio,-5.9682,-75.9934
58466,incendio,-6.2267,-75.9661
58467,incendio,-6.6776,-76.437
58468,no_incendio,-6.230021779466632,-76.57667653530646
58474,incendio,-7.5701,-76.4513
58478,incendio,-7.4426,-76.598
58491,incendio,-7.3781,-76.7053
58492,no_incendio,-5.362697688980843,-76.37235425327088
58494,no_incendio,-5.441048358116876,-77.52077786090675
58502,no_incendio,-6.193641518737963,-75.9541835583981
58506,incendio,-8.3306,-76.5722
58511,no_incendio,-5.906180880379202,-75.93802228835084
58513,no_incendio,-6.6726823357299025,-76.74697083453398
58514,incendio,-6.2728,-76.1872
58516,no_incendio,-6.4535066542887805,-75.68187662159364
58517,no_incendio,-5.808189893519151,-75.58463969579134
58518,no_incendio,-5.759511577701185,-76.14983081507849
58527,incendio,-7.1663,-76.0276
58532,incendio,-6.4974,-77.4011
58534,no_incendio,-5.557069716448366,-75.65393079947539
58535,no_incendio,-6.746503515167967,-76.72857236085679
58539,incendio,-6.764,-76.6853
58540,incendio,-8.7188,-76.2953
58544,incendio,-5.7475,-76.0717
58545,incendio,-6.2122,-76.2539
58549,no_incendio,-6.9560251993392335,-75.65244127896328
58551,incendio,-7.3403,-76.6015
58557,no_incendio,-5.559553740329016,-76.98206356543957
58567,incendio,-7.0866,-76.295
58569,incendio,-6.8768,-76.5177
58570,no_incendio,-7.523343048173316,-75.60465669486607
58586,incendio,-7.3221,-76.6261
58595,no_incendio,-6.300957997693996,-76.09847737144455
58596,no_incendio,-6.606179550023269,-77.17612767759138
58598,incendio,-7.1625,-77.0588
58602,no_incendio,-5.9272520922930445,-77.17976360795232
58611,incendio,-7.5737,-76.4048
58616,no_incendio,-6.25350724604799,-77.4340170352428
58618,incendio,-6.3975,-76.7016
58622,incendio,-6.9947,-76.7957
58631,no_incendio,-5.522972759309926,-75.80819311512354
58634,no_incendio,-6.456445234793438,-77.37382860861014
58636,no_incendio,-7.3680402233360685,-75.9380390323052
58646,no_incendio,-5.41267692948794,-75.94332607139869
58650,incendio,-8.1523,-76.2679
58652,no_incendio,-6.836006339265761,-75.80496615427175
58653,no_incendio,-6.196820810614756,-77.18695898534692
58662,incendio,-7.2594,-76.3774
58665,no_incendio,-7.488895468406661,-77.22046866095448
58670,no_incendio,-5.699419411757933,-76.10583548301037
58676,incendio,-7.0434,-76.6229
58696,no_incendio,-5.362923654155092,-76.9119868960568
58697,incendio,-5.5879,-76.6493
58701,incendio,-7.2765,-76.6098
58702,incendio,-7.2607,-77.0649
58705,incendio,-7.0966,-76.6998
58709,no_incendio,-5.364143829036743,-76.95415482559467
58711,incendio,-7.1122,-76.2179
58720,no_incendio,-7.468966943240149,-76.0987072289364
58725,incendio,-5.9053,-76.9623
58728,incendio,-6.3257,-75.8916
58730,no_incendio,-5.603013181516009,-76.25847933744605
58732,incendio,-6.9137,-76.7369
58733,incendio,-6.8798,-76.8831
58734,incendio,-5.6283,-76.6252
58735,incendio,-6.8268,-76.1788
58739,no_incendio,-5.714958817536613,-75.57831712461974
58742,no_incendio,-6.109182329794082,-77.41759375115069
58747,no_incendio,-5.618133364002661,-76.2191295091602
58750,incendio,-5.8681,-77.0933
58755,no_incendio,-5.914538807022697,-77.31789261845223
58760,incendio,-6.0326,-75.7469
58762,incendio,-6.1546,-75.9675
58769,no_incendio,-6.224278076163242,-75.68574152044755
58770,no_incendio,-5.522972759309926,-75.80819311512354
58771,incendio,-7.335,-76.8854
58781,incendio,-7.2024,-76.0714
58784,incendio,-7.5734,-76.7717
58785,incendio,-7.1418,-76.5146
58789,no_incendio,-7.448759349626241,-75.73146487239217
58791,no_incendio,-6.929766621277843,-76.9486595645204
58796,no_incendio,-5.775752820945428,-75.77309666724678
58799,incendio,-8.0497,-76.6696
58800,incendio,-6.2139,-75.8796
58805,incendio,-6.8059,-76.4749
58810,incendio,-8.6586,-76.3687
58811,no_incendio,-6.219703521684984,-76.92758051251145
58815,no_incendio,-6.2062844027818835,-77.2816967062703
58816,no_incendio,-6.709233322192638,-77.51049806027564
58817,incendio,-7.2775,-76.9634
58827,no_incendio,-5.634222890340759,-76.43789808900263
58828,no_incendio,-7.20837922312058,-75.60173964481412
58829,incendio,-7.124,-76.0678
58837,no_incendio,-6.332355926126756,-76.57852424451565
58838,no_incendio,-6.178368777472011,-76.33706394423045
58839,incendio,-7.6056,-76.6828
58840,incendio,-7.2448,-76.4947
58864,incendio,-6.4934,-76.7591
58879,no_incendio,-6.8812608532922095,-77.14870823308875
58881,incendio,-7.4272,-76.6927
58884,incendio,-6.8684,-76.5319
58887,incendio,-7.2428,-76.4996
58892,no_incendio,-5.637143675477756,-76.46390106880192
58893,incendio,-7.3244,-76.7528
58902,no_incendio,-7.287912531535466,-77.51954103984086
58904,incendio,-7.4456,-76.531
58914,no_incendio,-7.216614993286788,-77.03461698814449
58917,no_incendio,-6.735984440425587,-77.00622820601815
58918,no_incendio,-6.546795271979165,-77.13463626494185
58921,incendio,-6.6053,-76.0813
58928,no_incendio,-7.587620813063947,-76.03285942876866
58936,incendio,-6.9124,-76.1745
58937,no_incendio,-5.990542250974831,-75.6694532466171
58938,incendio,-6.6775,-76.4651
58952,incendio,-6.4077,-75.852
58964,incendio,-7.3057,-77.7302
58968,incendio,-5.7235,-76.0041
58972,no_incendio,-7.108956430874631,-75.5028524515191
58973,incendio,-7.062,-76.8258
58980,no_incendio,-6.2554801571250565,-76.43574997258422
58987,incendio,-7.5577,-76.5354
58990,no_incendio,-6.929766621277843,-76.9486595645204
58992,incendio,-7.2994,-75.535
58997,incendio,-7.5906,-76.5073
59005,incendio,-5.6955,-76.6693
59006,no_incendio,-7.345060499544703,-77.11825976617006
59012,no_incendio,-5.858435510959442,-77.08234731471167
59018,incendio,-6.9593,-76.5292
59019,incendio,-5.3911,-76.6086
59021,incendio,-7.6155,-76.5135
59028,no_incendio,-6.180704652480343,-76.89113580194854
59031,no_incendio,-6.9712876814104,-75.72933923833854
59032,incendio,-7.3044,-76.3285
59034,incendio,-7.4175,-76.476
59035,incendio,-7.6084,-76.6995
59055,incendio,-6.1561,-76.1289
59064,incendio,-7.4508,-76.5662
59068,incendio,-5.6675,-75.8962
59071,incendio,-7.1115,-76.5362
59081,no_incendio,-5.465266875680572,-76.24842900681286
59083,no_incendio,-5.398135296375456,-76.71445247130518
59084,no_incendio,-5.343847653580683,-76.19643132056173
59086,incendio,-8.5963,-76.1142
59087,no_incendio,-6.726508547372632,-75.8805912365982
59107,incendio,-6.7577,-76.4567
59115,incendio,-6.9685,-76.7979
59123,incendio,-5.4043,-76.6116
59130,incendio,-6.1255,-76.0076
59135,no_incendio,-6.777339583024972,-77.16983093641421
59141,incendio,-8.0599,-76.667
59142,incendio,-6.6429,-76.7479
59146,no_incendio,-5.418336191471334,-77.27363994749886
59149,incendio,-5.5628,-76.6769
59154,incendio,-7.3724,-76.3745
59158,incendio,-7.3274,-76.5978
59188,incendio,-7.365,-76.5515
59199,incendio,-8.773,-76.1636
59203,incendio,-5.8964,-76.3782
59206,no_incendio,-6.631390870435434,-77.17543848057095
59208,incendio,-6.6132,-76.7101
59214,incendio,-6.6854,-76.4618
59229,incendio,-7.4253,-76.579
59238,incendio,-6.4726,-76.4358
59239,no_incendio,-6.6046403916429695,-76.28478273774354
59243,no_incendio,-6.519206979509828,-76.45089641887259
59246,incendio,-6.6737,-76.75
59263,no_incendio,-7.454820191858604,-77.06390769959336
59275,incendio,-5.8827,-76.0202
59276,no_incendio,-6.640978763936889,-76.01901055862061
59281,no_incendio,-5.652384048618223,-75.53477074714212
59289,incendio,-6.3454,-75.7178
59303,incendio,-5.945,-76.3309
59305,no_incendio,-5.714958817536613,-75.57831712461974
59310,incendio,-7.6803,-76.5137
59316,incendio,-8.1322,-76.467
59317,incendio,-8.3434,-76.5774
59318,no_incendio,-7.493235179350296,-76.56434016404388
59321,no_incendio,-6.43490273431634,-75.69794209792583
59328,incendio,-7.1098,-76.8766
59351,incendio,-5.7388,-77.4114
59352,no_incendio,-6.196820810614756,-77.18695898534692
59355,incendio,-6.0815,-76.0072
59357,no_incendio,-5.673007856969957,-76.8124122789181
59378,no_incendio,-6.41045269770062,-76.39156709032302
59383,incendio,-6.9476,-76.7421
59393,no_incendio,-7.086048466965619,-75.60482526516276
59398,incendio,-5.811,-76.1534
59400,incendio,-7.7132,-76.676
59401,no_incendio,-7.3664786483523805,-76.23130655990323
59405,no_incendio,-6.71467279372098,-77.07743264874856
59409,incendio,-7.2994,-76.6293
59414,incendio,-6.5449,-75.6645
59417,incendio,-5.8067,-77.0677
59418,no_incendio,-6.645743757749571,-77.31611856562348
59420,incendio,-6.8587,-76.9398
59424,incendio,-5.3392,-76.7314
59427,no_incendio,-6.56442664767728,-76.08300934140289
59428,no_incendio,-7.124526948992974,-75.69099174784184
59429,no_incendio,-7.429446375356516,-77.21947961761848
59430,no_incendio,-6.808642932215501,-75.79916533133496
59431,no_incendio,-5.701243653353404,-77.51137584362479
59434,incendio,-5.5003,-76.5313
59438,no_incendio,-5.872543626896172,-76.44213080221468
59440,no_incendio,-5.68462514388274,-76.77383589546262
59443,incendio,-8.6055,-77.7864
59445,no_incendio,-6.441502518699965,-76.95262753749782
59446,no_incendio,-5.608145245385959,-76.22898397370268
59452,incendio,-5.6965,-76.4211
59454,incendio,-6.9494,-76.674
59456,incendio,-6.0824,-76.2843
59461,no_incendio,-5.403821247036303,-76.32388095777216
59465,no_incendio,-5.4157703002618724,-75.88771884850634
59467,incendio,-6.6827,-76.4464
59472,incendio,-6.0191,-76.3139
59476,incendio,-7.3578,-76.882
59477,no_incendio,-6.568678711242536,-76.46161690496696
59481,incendio,-6.5581,-76.7398
59487,incendio,-7.0656,-76.8407
59491,no_incendio,-6.165139577023006,-77.17733248367045
59494,no_incendio,-5.632876376439432,-77.16339501604922
59496,incendio,-7.7527,-76.7387
59497,incendio,-5.554,-76.6924
59498,no_incendio,-6.518152554514016,-75.5195810155841
59504,incendio,-6.7594,-76.8459
59511,no_incendio,-6.24237475480212,-75.58560175040829
59513,incendio,-6.8576,-76.2069
59517,incendio,-5.9315,-75.9842
59521,no_incendio,-5.472585153492127,-77.10655294749147
59522,incendio,-5.7821,-76.0126
59523,incendio,-7.5626,-76.6124
59538,no_incendio,-6.664383213747135,-77.16631140190985
59540,no_incendio,-6.370648236891197,-76.34077418345667
59543,incendio,-7.0417,-76.8181
59551,incendio,-7.2847,-76.3682
59574,no_incendio,-6.856229226903604,-75.880120110949
59576,incendio,-7.4798,-76.5422
59579,no_incendio,-5.49325291733823,-76.90069379643876
59583,incendio,-7.0554,-76.8486
59584,incendio,-7.2095,-76.0996
59585,incendio,-7.2221,-76.2812
59590,incendio,-7.2112,-76.3257
59594,no_incendio,-7.241496994972613,-76.72736472676876
59596,incendio,-7.5222,-76.4289
59599,incendio,-6.8372,-76.4889
59602,incendio,-6.5775,-76.2456
59603,incendio,-7.2268,-76.7614
59604,incendio,-5.8134,-76.4429
59612,no_incendio,-7.188266062247751,-75.80338733044515
59615,no_incendio,-5.3902001479588,-77.1291902290787
59617,incendio,-8.6688,-76.8367
59618,no_incendio,-7.087560477783244,-76.48701616296685
59621,incendio,-5.4123,-75.8256
59632,incendio,-7.1032,-76.6742
59640,no_incendio,-7.098978961723795,-76.16251434543014
59642,incendio,-7.1703,-76.0325
59643,incendio,-5.9037,-76.3045
59646,incendio,-7.1263,-76.2772
59649,incendio,-6.8697,-76.5475
59651,incendio,-6.7424,-76.653
59661,no_incendio,-5.784820775425025,-76.88322925526231
59664,no_incendio,-5.85348487678678,-75.67716092139695
59665,incendio,-7.1073,-76.251
59669,no_incendio,-5.508118125742636,-76.08158705053927
59671,incendio,-7.0471,-76.3358
59678,no_incendio,-6.360887636963093,-77.10755017823716
59687,incendio,-5.8791,-75.9205
59696,no_incendio,-7.089719383654557,-75.94940066492136
59706,incendio,-6.9304,-76.4829
59707,incendio,-5.8357,-77.0251
59712,no_incendio,-7.205543641449294,-77.21195261449198
59715,incendio,-6.2137,-76.7868
59729,no_incendio,-5.62776239327014,-77.48408133634722
59734,no_incendio,-6.568678711242536,-76.46161690496696
59737,incendio,-7.6257,-76.6283
59739,no_incendio,-7.332916187784927,-76.99914864296008
59741,incendio,-6.4868,-76.7616
59743,no_incendio,-7.3239429065406565,-75.71625724817507
59747,no_incendio,-5.577290052521281,-76.32966434490925
59749,incendio,-8.4956,-76.3616
59751,incendio,-6.8047,-76.4985
59757,no_incendio,-5.977954403238399,-75.89740788010133
59761,no_incendio,-5.61928379725062,-76.7464492739021
59762,no_incendio,-6.058777263222519,-76.29718752856778
59769,incendio,-7.1636,-76.5032
59770,incendio,-7.3611,-76.8774
59776,incendio,-7.8961,-77.4246
59777,incendio,-6.9983,-76.3537
59779,incendio,-6.2171,-76.0188
59781,no_incendio,-6.720013389410524,-76.18246932103828
59786,incendio,-7.3041,-76.237
59789,no_incendio,-6.463587748086062,-76.47146037727083
59791,incendio,-7.2857,-76.591
59795,no_incendio,-6.3805177741503645,-77.07356874423562
59798,no_incendio,-5.646223843039662,-77.22265388647651
59805,no_incendio,-5.316700367183811,-76.26596491615018
59809,no_incendio,-6.482310901757052,-76.90146059819452
59810,no_incendio,-7.390169812745361,-75.85173982819381
59818,incendio,-5.773,-76.5124
59822,incendio,-7.3504,-76.7259
59837,incendio,-5.73,-76.6706
59838,no_incendio,-6.522871972647179,-77.1088712424184
59842,incendio,-7.1663,-76.8971
59844,no_incendio,-6.7663153524803406,-76.63107432313332
59845,incendio,-7.6023,-76.6966
59849,no_incendio,-6.572959136388864,-76.70713570582085
59854,no_incendio,-6.6966130629090745,-76.20140385770695
59871,no_incendio,-5.894898869067559,-77.35176843132272
59878,incendio,-7.388,-76.3725
59881,no_incendio,-5.544976635100384,-76.33130727413504
59883,no_incendio,-7.108875568796339,-76.54317690372051
59885,incendio,-7.5278,-76.4782
59892,no_incendio,-6.580708866740203,-77.30463518466154
59899,incendio,-8.3807,-77.0658
59916,incendio,-8.6528,-76.3224
59919,incendio,-5.7425,-76.4869
59920,no_incendio,-7.017817860779479,-76.95461934375838
59922,incendio,-8.5737,-76.3772
59925,no_incendio,-5.782302498103818,-75.6928374050029
59934,incendio,-6.4732,-77.4659
59940,incendio,-5.3224,-76.7759
59941,no_incendio,-6.774947131584925,-76.00722166007617
59943,incendio,-8.6701,-76.6937
59948,incendio,-7.3305,-76.9176
59949,incendio,-7.2635,-76.6312
59953,incendio,-5.5321,-75.8954
59956,incendio,-6.1053,-76.2299
59957,no_incendio,-7.530943089944216,-75.61039209936172
59959,incendio,-7.1807,-76.2667
59963,incendio,-7.4161,-76.4659
59964,no_incendio,-6.622512429028128,-75.69288323438259
59971,no_incendio,-7.509252354285814,-75.54465114823546
59973,incendio,-8.4393,-76.5049
59981,no_incendio,-5.461372149282843,-77.4223608733987
59986,no_incendio,-5.523597492537125,-76.54848022376082
59996,incendio,-6.204,-76.1222
59997,no_incendio,-5.911980434774437,-76.07407858450021
60000,no_incendio,-6.470561948843736,-76.94393330664495
60007,no_incendio,-5.4956287964108785,-77.39970137101125
60008,incendio,-7.0554,-76.1832
60015,incendio,-7.2422,-77.0725
60019,no_incendio,-6.607438503581988,-77.25629846979227
60021,incendio,-7.534,-76.198
60024,no_incendio,-5.937659253977012,-77.34942172737706
60025,incendio,-5.9816,-75.9059
60031,no_incendio,-7.3383676381877665,-77.39694154174633
60033,no_incendio,-6.607438503581988,-77.25629846979227
60036,no_incendio,-6.937667134670242,-75.79567614590403
60044,incendio,-5.8042,-77.1939
60048,no_incendio,-6.351517341637376,-77.31017116176967
60052,no_incendio,-5.702364736345534,-76.72144500150783
60063,no_incendio,-6.04175420458928,-75.6154818462728
60065,no_incendio,-5.364143829036743,-76.95415482559467
60069,incendio,-5.3328,-76.5178
60072,incendio,-7.1435,-77.0468
60075,incendio,-6.6966,-76.7438
60076,incendio,-6.8107,-76.4191
60084,incendio,-7.3123,-76.3136
60085,no_incendio,-6.883760214306626,-75.62202390814382
60089,incendio,-6.8682,-76.1898
60090,incendio,-7.6199,-76.6464
60092,incendio,-6.0388,-76.4177
60098,no_incendio,-5.991944937539925,-75.60778625331145
60099,no_incendio,-7.193491617772813,-76.90637497057176
60100,no_incendio,-6.394447416910339,-77.43791713673666
60102,no_incendio,-5.936247863486473,-77.30432777805068
60118,incendio,-8.4427,-76.767
60123,incendio,-7.2911,-76.7438
60124,no_incendio,-6.880264689541971,-77.33984954598883
60127,no_incendio,-7.547004527368286,-77.14424900414204
60129,no_incendio,-7.1210506239975135,-76.31863607475617
60130,incendio,-5.6197,-75.9138
60136,incendio,-7.2675,-76.565
60141,incendio,-5.8301,-77.2405
60142,incendio,-6.4581,-75.8747
60143,incendio,-8.1468,-77.3546
60144,no_incendio,-5.393926083579098,-77.3710588373999
60169,incendio,-7.4226,-76.7241
60176,no_incendio,-5.3170098474698,-75.90718083995199
60178,no_incendio,-5.775752820945428,-75.77309666724678
60180,incendio,-7.2421,-76.6669
60182,no_incendio,-7.536324441611577,-75.98652093293225
60185,no_incendio,-5.971724397201385,-75.87816764029395
60186,incendio,-5.8572,-77.148
60187,incendio,-5.7531,-77.4357
60189,incendio,-6.0772,-75.9501
60202,incendio,-6.6656,-77.4621
60205,no_incendio,-7.4438050568529475,-75.8809717620132
60219,no_incendio,-5.98497682810957,-77.24575452252367
60222,no_incendio,-5.432481694931332,-76.47528675292433
60226,no_incendio,-6.161493803649726,-77.185392683239
60231,incendio,-7.0729,-76.4828
60233,incendio,-7.2292,-76.3537
60237,incendio,-6.1093,-75.7473
60243,incendio,-7.3259,-76.6045
60249,incendio,-5.6721,-76.6224
60258,incendio,-6.5295,-76.5687
60262,incendio,-8.6383,-76.1885
60263,incendio,-6.5989,-76.3482
60269,no_incendio,-5.733857068651538,-76.80904901377532
60273,no_incendio,-6.736094048254664,-75.79047035285556
60275,no_incendio,-6.329066895240967,-77.1289458150613
60276,incendio,-5.7366,-76.1946
60277,no_incendio,-7.204320146605171,-76.588496910205
60279,no_incendio,-6.300702389014246,-76.09062532956851
60285,incendio,-6.3866,-76.4816
60290,no_incendio,-6.4776266103105895,-77.14737002070362
60298,no_incendio,-5.7595902055188795,-75.77924853201874
60300,no_incendio,-7.303191371239219,-76.86950299016307
60305,incendio,-6.2609,-75.7797
60320,incendio,-7.3648,-76.7281
60324,no_incendio,-6.095756407316532,-77.30841425266888
60326,no_incendio,-7.218925664720446,-76.08201561394016
60330,incendio,-7.3862,-76.5186
60337,no_incendio,-5.592798700137297,-76.77202119029057
60349,incendio,-6.8623,-76.5781
60350,incendio,-5.7989,-77.1216
60351,no_incendio,-6.188812026219859,-77.47999723724293
60354,no_incendio,-7.111569656244363,-77.04269521527607
60363,no_incendio,-6.424415078222516,-76.56153900049968
60364,no_incendio,-6.929766621277843,-76.9486595645204
60365,no_incendio,-6.370648236891197,-76.34077418345667
60369,no_incendio,-5.756771146595229,-77.41858176231523
60371,incendio,-5.6982,-77.2985
60380,incendio,-6.6601,-76.4298
60383,no_incendio,-6.567404760010091,-75.93678531261668
60402,no_incendio,-6.344517536741018,-75.98404289972582
60408,incendio,-8.1414,-76.5179
60409,no_incendio,-7.495613592310532,-75.66310159178755
60412,no_incendio,-7.15250800382105,-75.6698884726493
60415,incendio,-6.0649,-76.2158
60416,no_incendio,-6.976092489979531,-77.35059361204593
60418,no_incendio,-6.41045269770062,-76.39156709032302
60422,incendio,-7.6536,-76.4671
60427,incendio,-6.4951,-75.9199
60432,incendio,-6.2138,-76.0058
60448,no_incendio,-6.18702118811894,-77.34328610788602
60450,no_incendio,-6.200171336468845,-76.47517852395984
60452,incendio,-6.5335,-75.6695
60455,no_incendio,-6.787051317211901,-77.10628604223226
60459,incendio,-6.7466,-76.3768
60460,no_incendio,-6.468598557394471,-76.29833017428093
60464,incendio,-7.5559,-76.2298
60471,no_incendio,-7.20837922312058,-75.60173964481412
60475,no_incendio,-7.152157832421082,-77.44831592237493
60477,no_incendio,-5.60683404112794,-77.27867668965091
60482,no_incendio,-7.291269329879484,-76.54650698845496
60494,incendio,-6.9816,-76.448
60500,no_incendio,-5.619318348217799,-76.76258506679603
60503,no_incendio,-5.463870053471811,-75.65012298252523
60505,incendio,-7.1741,-76.6097
60507,incendio,-7.4288,-76.6301
60512,incendio,-5.631,-76.6107
60515,no_incendio,-6.420856851462068,-76.77933512635609
60520,incendio,-6.7177,-76.7464
60527,no_incendio,-5.4181719579024135,-75.50050796250098
60529,no_incendio,-6.064542854980353,-77.18213602611725
60530,no_incendio,-6.729488491648472,-77.03653906594069
60532,incendio,-7.1853,-76.0869
60533,incendio,-7.438,-76.412
60534,incendio,-6.6681,-76.5784
60538,incendio,-6.6585,-76.3745
60546,no_incendio,-5.501399945972402,-76.12442406721492
60554,incendio,-7.5008,-76.6803
60555,incendio,-7.2449,-76.336
60563,incendio,-6.7688,-76.8541
60567,incendio,-6.7705,-76.6881
60573,incendio,-8.2767,-76.7169
60596,incendio,-6.3231,-75.8925
60599,incendio,-7.2553,-76.211
60611,no_incendio,-5.885065132570478,-75.64334405460914
60617,no_incendio,-6.201637039608355,-76.63859765076462
60621,incendio,-7.2458,-76.6398
60626,no_incendio,-7.347824110154567,-75.82503332128289
60627,incendio,-8.5793,-76.5758
60633,incendio,-6.754,-76.8399
60637,no_incendio,-7.257184386198285,-77.16794482130089
60638,no_incendio,-7.038481344593258,-77.380855509791
60640,incendio,-6.1786,-76.2365
60647,incendio,-6.4816,-77.0635
60650,incendio,-7.5232,-76.4434
60658,incendio,-8.0635,-76.5773
60659,no_incendio,-5.4868610147355525,-76.76095607597574
60660,no_incendio,-5.748428283636171,-75.60096771532396
60662,incendio,-7.248,-77.0378
60676,no_incendio,-7.241827770839374,-75.55383362888189
60681,incendio,-5.9183,-76.2661
60688,incendio,-7.1896,-76.6313
60689,incendio,-5.7842,-76.1842
60692,no_incendio,-6.837388041019548,-77.0882269714977
60698,incendio,-6.1973,-75.9085
60699,incendio,-5.7586,-76.5729
60700,no_incendio,-5.704328166594409,-76.92480673286192
60702,no_incendio,-7.336551353349131,-77.20883178649431
60704,no_incendio,-5.739545483497391,-76.77757497448552
60708,incendio,-7.1359,-76.4229
60711,incendio,-6.758,-76.4715
60717,no_incendio,-7.562840840503951,-75.66286053205432
60719,no_incendio,-7.306661299403648,-77.35299757529853
60720,incendio,-6.7812,-76.8032
60723,no_incendio,-7.353333723942861,-76.86451079953567
60727,no_incendio,-6.266506898778969,-76.33689278886196
60730,incendio,-7.2159,-76.2961
60731,no_incendio,-7.369405359299169,-75.53775524923043
60745,no_incendio,-5.329337229365641,-77.4752371215785
60753,incendio,-7.3221,-76.5944
60756,incendio,-6.0682,-76.348
60761,incendio,-7.6022,-76.5162
60762,no_incendio,-6.794519962222771,-76.90986347869215
60764,incendio,-6.6523,-76.4218
60769,no_incendio,-7.010465391222765,-75.64374453725225
60778,incendio,-5.8486,-76.0666
60780,incendio,-8.2309,-77.5424
60782,no_incendio,-5.428382683589806,-76.59712896608411
60785,no_incendio,-7.369405359299169,-75.53775524923043
60786,incendio,-7.2985,-76.7495
60787,incendio,-7.1281,-76.9957
60796,no_incendio,-5.4433732153340495,-76.71634375535739
60800,incendio,-6.3701,-76.0962
60808,incendio,-7.0811,-76.7576
60817,no_incendio,-5.83983548332399,-77.3596154335897
60818,incendio,-7.5789,-76.5065
60820,no_incendio,-6.536633754882988,-75.61074686603133
60823,no_incendio,-6.925307344468632,-76.89098262738764
60833,no_incendio,-6.003436470117687,-77.4174804711691
60838,no_incendio,-7.495613592310532,-75.66310159178755
60839,no_incendio,-5.83234820585484,-77.1167119832574
60841,incendio,-5.8353,-76.2081
60855,incendio,-6.2065,-75.9667
60857,no_incendio,-6.848581850084046,-76.26989214867015
60865,no_incendio,-7.4582565567314925,-76.8374558308584
60867,no_incendio,-5.691703950902071,-76.93733770607169
60870,incendio,-7.4631,-76.6818
60871,incendio,-7.0619,-76.8026
60872,incendio,-6.2358,-76.1297
60877,incendio,-8.3514,-76.3569
60878,no_incendio,-7.423279850513975,-76.1929127649397
60881,incendio,-6.9001,-76.4585
60882,incendio,-6.1377,-77.0914
60884,no_incendio,-6.088150630105884,-77.05183868742043
60894,no_incendio,-5.921016028711128,-75.70718586514504
60895,no_incendio,-7.321172600418316,-77.03516400852085
60901,incendio,-5.8145,-77.1076
60909,incendio,-7.2642,-76.9514
60917,no_incendio,-5.804055235179965,-77.4451366120588
60920,incendio,-6.7337,-76.5804
60948,incendio,-8.0223,-77.6093
60954,incendio,-7.1975,-76.8528
60961,no_incendio,-6.217977569363936,-76.69976022852224
60964,no_incendio,-6.234937456831474,-75.55136134306397
60968,no_incendio,-5.525473635438348,-76.97243620940135
60978,incendio,-5.8739,-76.4369
60986,incendio,-6.2981,-76.2124
60995,no_incendio,-7.1291364623253095,-77.04904307212506
61010,no_incendio,-6.135227462144194,-76.4855793054628
61016,incendio,-5.4882,-75.8238
61022,no_incendio,-7.1205154593131565,-76.76326173892171
61023,no_incendio,-7.487565239153625,-77.31329030244564
61033,no_incendio,-6.329066895240967,-77.1289458150613
61039,no_incendio,-5.41517785771272,-76.05115692097354
61040,incendio,-7.3095,-76.666
61042,no_incendio,-5.782302498103818,-75.6928374050029
61043,no_incendio,-5.7980276983387755,-76.60461534978732
61044,incendio,-6.7825,-76.6629
61058,no_incendio,-6.641540416375139,-77.47486256481713
61064,incendio,-7.2904,-76.9418
61065,incendio,-7.9024,-77.7305
61072,incendio,-7.4234,-76.5865
61087,no_incendio,-7.573586798987392,-75.72729255411187
61091,incendio,-6.5712,-76.0175
61097,incendio,-6.2389,-76.183
61102,incendio,-6.3996,-75.8824
61104,no_incendio,-7.5702550538704605,-75.67821320807053
61109,incendio,-8.7053,-76.3087
61112,no_incendio,-6.333472406743339,-75.64833382378124
61113,no_incendio,-5.862678119407266,-76.8979972886448
61115,no_incendio,-6.653744086369802,-76.88423091911557
61117,incendio,-7.2691,-77.0766
61119,incendio,-7.528,-76.6792
61120,incendio,-5.7967,-76.3832
61137,incendio,-7.5836,-76.5084
61139,no_incendio,-6.480910366032293,-76.46284954850665
61147,no_incendio,-7.152157832421082,-77.44831592237493
61150,incendio,-6.7182,-76.6955
61151,no_incendio,-6.931054749326789,-77.2760800084336
61152,incendio,-7.2989,-76.8726
61153,incendio,-5.8456,-76.2798
61154,no_incendio,-5.360774716680023,-76.65130740948035
61157,incendio,-6.0861,-76.14
61161,incendio,-7.3646,-76.6985
61166,no_incendio,-7.511017054186108,-77.44217334143556
61170,no_incendio,-6.911906202214161,-76.30385492841812
61172,no_incendio,-5.693308964023421,-77.38488694411686
61173,incendio,-6.0448,-76.1363
61177,incendio,-7.4413,-76.5891
61178,no_incendio,-7.436772555974999,-76.13512005747918
61180,no_incendio,-6.741427767846081,-75.52300413513564
61183,incendio,-7.1047,-76.7665
61186,incendio,-6.9881,-76.937
61190,incendio,-7.281,-76.3497
61191,incendio,-6.9086,-76.2647
61192,incendio,-7.6206,-76.4289
61194,incendio,-8.674,-76.2896
61197,no_incendio,-6.8053340000464315,-76.39338208242373
61211,no_incendio,-6.370500555903968,-77.21187079190732
61216,incendio,-6.6204,-76.4977
61234,no_incendio,-6.154726709997222,-75.55076367684507
61236,incendio,-5.7672,-76.4746
61237,incendio,-5.8133,-77.0008
61248,incendio,-7.3261,-75.6289
61270,incendio,-6.1844,-76.0654
61272,no_incendio,-6.1464831206689965,-77.21946152659409
61276,incendio,-6.2814,-75.9756
61281,no_incendio,-6.216596629515713,-76.33055988016247
61283,no_incendio,-6.3737423006602185,-77.16577350376646
61286,incendio,-6.0071,-76.2835
61287,no_incendio,-6.308716369141198,-75.7579038479895
61289,no_incendio,-6.86277091910318,-76.45893260017807
61290,no_incendio,-6.953964765279714,-77.26246463391935
61294,incendio,-7.5611,-76.3872
61300,incendio,-8.7637,-76.6175
61302,incendio,-7.2388,-77.07
61304,no_incendio,-5.409046088511844,-75.85044957982578
61315,no_incendio,-6.190431376100011,-77.10696325685771
61321,incendio,-5.7266,-75.6971
61324,no_incendio,-6.20119371633988,-76.87236267556213
61325,incendio,-6.2036,-76.3435
61328,no_incendio,-5.829668681149241,-76.34423254304822
61330,incendio,-6.6873,-76.7288
61334,incendio,-6.4844,-76.7788
61338,incendio,-6.1302,-76.2448
61339,incendio,-6.0485,-76.1028
61346,no_incendio,-5.450166959625918,-77.00835031536832
61349,no_incendio,-7.224623096753857,-76.90340581488266
61353,incendio,-6.3137,-75.8998
61355,no_incendio,-6.189738223688629,-76.63044449970681
61364,no_incendio,-6.150817748541318,-77.2743773218178
61369,incendio,-7.007,-76.784
61372,no_incendio,-6.736094048254664,-75.79047035285556
61379,no_incendio,-5.3579190970036175,-75.71127050256207
61383,no_incendio,-5.919068188390441,-77.36605426382134
61389,incendio,-8.3488,-76.5655
61390,incendio,-7.3758,-76.624
61395,no_incendio,-7.103154809386207,-75.80011378156274
61398,incendio,-6.5274,-75.7251
61399,no_incendio,-6.946999930209273,-76.16347768392615
61406,incendio,-7.8013,-77.7576
61408,no_incendio,-7.221147104950838,-76.3247834569853
61409,incendio,-6.5848,-76.9224
61410,incendio,-6.3222,-77.0169
61412,no_incendio,-5.590745607594968,-76.01092904258273
61415,incendio,-7.4195,-76.5253
61418,incendio,-6.8976,-76.8801
61419,incendio,-7.1086,-76.2477
61424,incendio,-7.37,-76.8638
61425,no_incendio,-5.463870053471811,-75.65012298252523
61438,no_incendio,-6.590197592397879,-75.98025100323518
61446,no_incendio,-6.634686692730256,-75.5796876028018
61451,incendio,-7.1143,-76.3645
61453,incendio,-5.944,-76.3084
61455,incendio,-7.5068,-76.4469
61456,incendio,-7.3469,-76.1685
61461,incendio,-6.8121,-76.1419
61464,no_incendio,-6.4535066542887805,-75.68187662159364
61465,incendio,-6.9109,-76.678
61471,incendio,-8.7121,-76.8514
61474,incendio,-5.5284,-76.7249
61475,incendio,-8.6737,-76.9349
61478,incendio,-7.5322,-76.7334
61488,incendio,-5.7379,-77.3536
61496,incendio,-7.2355,-77.0526
61498,incendio,-6.0849,-76.1794
61502,incendio,-6.8525,-76.6256
61503,no_incendio,-5.7595902055188795,-75.77924853201874
61504,incendio,-5.8287,-76.195
61511,no_incendio,-6.6229879670061225,-75.80299704996388
61513,incendio,-7.3673,-76.4338
61525,incendio,-8.6943,-76.1492
61526,incendio,-7.2311,-76.505
61536,incendio,-7.0405,-76.1413
61541,incendio,-6.4775,-75.7867
61544,no_incendio,-5.592455159672106,-77.05696823462097
61547,no_incendio,-6.188812026219859,-77.47999723724293
61550,no_incendio,-6.758060268510353,-77.51884776551792
61551,no_incendio,-5.37157572156011,-76.66234225426679
61552,incendio,-5.8691,-76.5575
61556,incendio,-6.7963,-76.4779
61578,no_incendio,-6.146925317432729,-76.25875565214055
61582,no_incendio,-7.450227101420001,-77.22165209135423
61593,incendio,-6.5882,-76.3586
61597,no_incendio,-7.516029592309847,-76.17814319860955
61603,incendio,-5.7963,-76.378
61606,no_incendio,-6.219703521684984,-76.92758051251145
61609,incendio,-6.153,-76.3285
61610,no_incendio,-6.599957493403006,-76.05770861085986
61615,no_incendio,-6.644983818759033,-76.97235660144274
61616,incendio,-5.9567,-76.2555
61620,incendio,-6.7963,-76.9171
61624,incendio,-6.7586,-76.6764
61632,incendio,-6.8529,-76.9434
61633,no_incendio,-5.796164972487043,-76.72449599512143
61635,no_incendio,-6.8241555048520945,-76.01927599626522
61643,incendio,-7.6625,-76.5406
61644,no_incendio,-5.6492373233613264,-76.13173612706044
61647,no_incendio,-6.801666192426729,-76.32704638741743
61648,no_incendio,-5.701666858501454,-75.71059369687181
61660,incendio,-7.7361,-76.7699
61663,incendio,-7.2909,-76.3459
61667,incendio,-7.711,-76.8106
61672,no_incendio,-6.641370996240543,-76.27210728920325
61673,no_incendio,-7.588515859914238,-76.24969046906399
61677,incendio,-6.5669,-76.2594
61686,incendio,-6.0873,-76.1149
61691,no_incendio,-7.263705379465793,-77.32787830995856
61697,incendio,-5.8856,-75.9743
61702,no_incendio,-6.940699761996049,-76.26181884160466
61707,incendio,-6.2999,-75.9631
61709,no_incendio,-5.322335273054225,-75.66988823532402
61716,incendio,-7.3365,-76.7113
61720,incendio,-6.1417,-76.894
61721,incendio,-7.1241,-76.2762
61727,incendio,-5.8801,-76.2909
61730,incendio,-7.2049,-76.2998
61734,no_incendio,-6.923574495814878,-76.96137100911855
61738,incendio,-7.2897,-76.6323
61748,no_incendio,-5.931410128051382,-77.48442078407336
61749,no_incendio,-6.871083272493799,-75.76930140332634
61759,incendio,-6.2255,-76.144
61760,incendio,-8.4907,-76.3751
61765,incendio,-6.2222,-75.871
61774,no_incendio,-5.702364736345534,-76.72144500150783
61775,incendio,-8.719,-76.3677
61776,incendio,-6.7093,-76.6715
61779,incendio,-7.7372,-76.7094
61787,incendio,-6.8944,-76.9461
61789,no_incendio,-6.152183459458481,-75.52419970077695
61794,incendio,-5.444,-76.8215
61799,no_incendio,-7.208517788052751,-77.27726682011853
61808,incendio,-7.3491,-76.819
61821,no_incendio,-6.434453669791493,-76.35359643649942
61825,no_incendio,-6.7183540623229865,-77.22771131243218
61827,incendio,-6.9795,-76.8448
61840,incendio,-6.5355,-76.7041
61844,incendio,-6.5484,-75.681
61848,no_incendio,-7.424353792615787,-75.73269651500266
61858,incendio,-6.8307,-76.6961
61859,incendio,-8.3746,-77.2789
61868,incendio,-6.1813,-76.1619
61872,no_incendio,-6.269350897351528,-76.17554961545872
61874,incendio,-7.5893,-77.4191
61876,incendio,-6.4847,-76.3691
61880,no_incendio,-5.834688696045425,-76.52690718058605
61881,incendio,-5.6856,-76.4563
61882,no_incendio,-7.410323721411357,-76.86954387230432
61886,no_incendio,-7.097431396465031,-76.35150553329514
61907,incendio,-7.6708,-76.511
61908,incendio,-6.1935,-75.9016
61910,no_incendio,-6.893924031218003,-76.04905921446095
61914,no_incendio,-6.589390257699646,-75.6408986952127
61916,incendio,-6.3455,-76.0709
61920,incendio,-7.0274,-76.2654
61928,incendio,-7.0918,-76.8291
61931,incendio,-6.7954,-76.5557
61938,incendio,-5.9898,-76.1613
61941,incendio,-8.6025,-76.9991
61955,no_incendio,-6.477469375479229,-76.23310758199833
61961,no_incendio,-6.467350712480753,-77.13922176575424
61966,no_incendio,-6.5340207470218745,-75.73082220173393
61975,incendio,-6.4998,-75.8001
61978,incendio,-5.7808,-75.629
61979,incendio,-5.659,-76.4873
61986,incendio,-6.9281,-76.2626
61989,no_incendio,-5.621781873154133,-75.59201486751932
61995,no_incendio,-5.817722164420606,-76.05024701906109
61999,incendio,-5.7449,-76.4025
62002,incendio,-8.757,-76.1457
62012,no_incendio,-7.459387198765487,-76.32587223443953
62013,incendio,-7.6419,-76.633
62014,incendio,-5.8506,-76.0202
62019,incendio,-7.3098,-76.8158
62026,incendio,-6.1576,-75.9996
62029,no_incendio,-6.959105963658491,-76.85747096898318
62032,no_incendio,-5.787648723882205,-76.3637582070336
62033,incendio,-7.3225,-76.9349
62035,no_incendio,-7.3383676381877665,-77.39694154174633
62041,incendio,-5.7361,-76.4781
62042,incendio,-7.1047,-76.3502
62045,no_incendio,-6.1174086914739405,-75.65121133854548
62047,incendio,-6.6893,-76.8503
62054,incendio,-7.5649,-76.8554
62062,no_incendio,-7.2373332017811665,-76.09425476964923
62064,incendio,-7.0937,-76.287
62067,incendio,-6.0768,-76.0666
62071,incendio,-6.6587,-76.7473
62073,incendio,-6.942,-76.5058
62082,incendio,-5.9457,-76.9165
62087,incendio,-8.4362,-76.2145
62091,incendio,-7.0647,-76.9286
62096,incendio,-7.3058,-76.5902
62105,incendio,-7.4893,-76.4497
62106,incendio,-6.1439,-77.152
62110,incendio,-7.2708,-76.1257
62118,no_incendio,-5.99701125020352,-76.97976479165838
62121,incendio,-6.251,-76.0621
62130,no_incendio,-7.139277657699614,-76.6688585627755
62134,incendio,-6.0631,-77.1712
62136,no_incendio,-6.726508547372632,-75.8805912365982
62140,incendio,-7.3024,-76.6773
62142,incendio,-8.0561,-76.7645
62144,no_incendio,-6.797266617151564,-77.33130374727055
62145,no_incendio,-5.60263772570773,-75.78275132850642
62151,no_incendio,-6.376726836973272,-77.35752912688064
62152,no_incendio,-6.777084363074236,-76.9625637860872
62159,no_incendio,-5.316751485798925,-76.19649120217885
62163,incendio,-7.1086,-76.2697
62168,no_incendio,-6.090705105654209,-75.76196358722034
62171,incendio,-8.5292,-76.8137
62172,no_incendio,-7.4333859418143975,-75.94488928476447
62174,incendio,-5.7353,-76.4941
62177,incendio,-6.9652,-76.6599
62179,incendio,-7.2322,-76.7299
62183,no_incendio,-5.77315746853071,-76.36797107270804
62194,incendio,-8.4428,-76.4389
62198,no_incendio,-5.976273966695589,-76.89556075922386
62201,no_incendio,-6.664505823088651,-77.4814157749719
62232,incendio,-7.3836,-76.8006
62236,no_incendio,-6.122241228202742,-76.97601645146484
62249,no_incendio,-5.983810951819396,-76.22464105692707
62254,no_incendio,-6.325765977825784,-76.5205147871752
62259,incendio,-6.1045,-75.7072
62266,incendio,-6.9536,-76.7279
62267,no_incendio,-5.8418090063734045,-77.13859458576027
62270,incendio,-7.2805,-76.5644
62279,no_incendio,-6.324884637478815,-77.29362980195512
62282,no_incendio,-6.834300186862358,-76.1605435782697
62288,incendio,-7.6518,-76.4945
62290,incendio,-7.6188,-76.4921
62296,incendio,-6.5238,-76.963
62297,no_incendio,-7.134812798520641,-75.55898183219816
62302,no_incendio,-5.743346331540995,-77.34641722204898
62308,incendio,-5.5896,-76.6569
62317,no_incendio,-5.728382445396997,-77.12017555927592
62320,no_incendio,-6.887017706594157,-77.30533643415299
62324,incendio,-6.9201,-76.5195
62327,no_incendio,-5.437451651862052,-75.53119555354411
62335,no_incendio,-6.505676796415307,-75.74448285313693
62336,no_incendio,-6.0258388422724725,-75.8823418796658
62342,incendio,-7.3166,-76.5729
62345,no_incendio,-6.971890891507541,-75.84725150741345
62349,no_incendio,-6.174948624269397,-76.36859139619342
62357,no_incendio,-7.4654999073290265,-76.71461513627762
62358,incendio,-7.2839,-76.4065
62361,no_incendio,-6.848581850084046,-76.26989214867015
62363,no_incendio,-6.557560588378224,-76.50430262965486
62370,incendio,-7.8834,-76.7401
62372,no_incendio,-5.98497682810957,-77.24575452252367
62394,no_incendio,-6.2888093914419265,-77.49498781950011
62396,no_incendio,-6.758060268510353,-77.51884776551792
62402,incendio,-6.146,-76.7901
62404,no_incendio,-6.452984723571151,-76.97534564539009
62406,no_incendio,-5.943086820538844,-77.20310189012812
62408,no_incendio,-6.466287697296756,-75.7075752786908
62412,incendio,-8.5414,-76.3142
62417,incendio,-6.162,-76.8274
62421,incendio,-7.4266,-76.4616
62424,no_incendio,-6.1290157028955905,-75.56386178427238
62427,no_incendio,-6.173497385338977,-77.08001241103895
62428,no_incendio,-6.992873718796428,-77.40735326396366
62430,incendio,-7.3766,-76.235
62438,no_incendio,-5.332935425847374,-77.16749151506393
62440,incendio,-6.0848,-76.1321
62442,no_incendio,-7.340268369426515,-77.43400024997341
62464,incendio,-6.0033,-76.2808
62465,incendio,-7.6163,-76.4813
62468,incendio,-7.1675,-76.3096
62469,incendio,-7.1094,-76.8727
62471,incendio,-5.8299,-77.0875
62472,incendio,-6.3255,-75.8901
62474,incendio,-7.4935,-76.4383
62475,no_incendio,-5.5978889160107626,-76.86708534486174
62479,no_incendio,-5.428382683589806,-76.59712896608411
62482,no_incendio,-6.063333052679301,-77.2619056071794
62489,no_incendio,-5.933819847140226,-76.39063203845332
62494,no_incendio,-6.1628423736617925,-77.33214012724629
62497,no_incendio,-6.542256231887758,-76.22236926601508
62505,incendio,-6.1377,-76.034
62515,incendio,-7.3572,-76.2456
62517,incendio,-7.3333,-76.6857
62518,incendio,-6.7991,-76.2484
62521,incendio,-7.3378,-76.6554
62526,incendio,-6.2156,-76.1768
62529,no_incendio,-5.8568748352763045,-75.92620225226696
62533,incendio,-6.0662,-76.3338
62534,incendio,-7.0894,-76.5117
62536,no_incendio,-7.366259215797565,-77.34248619041158
62540,incendio,-7.4295,-76.734
62549,incendio,-7.0595,-76.9513
62553,incendio,-7.0579,-76.7864
62562,no_incendio,-5.5904160018413185,-75.95967696851481
62563,no_incendio,-5.592843733729189,-75.8469852314677
62565,incendio,-8.7275,-76.3699
62577,incendio,-6.6717,-76.421
62579,no_incendio,-6.040675081738544,-76.88692151022694
62592,no_incendio,-6.799158296280013,-76.12149634545402
62601,incendio,-6.4617,-76.9699
62607,incendio,-6.6581,-77.4626
62608,no_incendio,-6.41045269770062,-76.39156709032302
62609,no_incendio,-7.464233169627815,-76.3089508607516
62611,no_incendio,-5.767157423041838,-75.60792843558447
62612,incendio,-7.1931,-76.5252
62615,no_incendio,-7.035328568865795,-77.4057239232557
62620,no_incendio,-5.977250221064096,-76.70445078164089
62627,incendio,-5.8866,-77.1125
62628,no_incendio,-6.337630898858479,-77.22298031852678
62632,incendio,-7.9974,-76.6353
62635,no_incendio,-5.991245342520768,-75.64023187612118
62643,incendio,-7.1948,-76.8781
62644,incendio,-7.5346,-76.4072
62645,no_incendio,-6.446499470618798,-75.63834110129498
62647,incendio,-5.7275,-76.2253
62651,incendio,-7.2907,-76.3517
62655,incendio,-5.9304,-75.9962
62661,incendio,-7.2843,-76.7829
62667,incendio,-7.0285,-76.6034
62672,incendio,-6.5912,-76.7179
62674,incendio,-7.6857,-76.5137
62677,no_incendio,-6.109182329794082,-77.41759375115069
62678,no_incendio,-7.122938851987355,-76.92917682268381
62682,no_incendio,-5.346519894910452,-77.42054950645856
62686,no_incendio,-5.868777989192487,-75.61031419176939
62687,no_incendio,-5.867914432983562,-76.93835853406706
62690,incendio,-5.78,-76.4611
62693,incendio,-7.0172,-76.5843
62694,incendio,-6.9574,-76.5428
62696,no_incendio,-6.0889717541826,-76.72492959412638
62699,incendio,-8.6435,-76.9064
62702,no_incendio,-6.535327617861432,-76.18785766882165
62707,incendio,-7.0428,-76.21
62709,incendio,-7.2824,-76.3742
62714,no_incendio,-5.926705485124891,-75.77709994653331
62717,incendio,-6.3115,-76.0164
62723,incendio,-6.7185,-76.8653
62728,incendio,-6.5801,-77.549
62730,incendio,-7.3852,-76.5047
62732,no_incendio,-6.930372562741588,-76.24468121546766
62735,no_incendio,-6.801666192426729,-76.32704638741743
62736,no_incendio,-6.7449829270010735,-76.32449330393015
62741,incendio,-6.1749,-76.0312
62742,incendio,-7.5821,-76.5116
62745,no_incendio,-5.692068833993068,-76.92243000249631
62750,incendio,-5.8101,-77.3127
62752,no_incendio,-5.8166617894952815,-76.28161854109814
62756,no_incendio,-6.223322439610729,-75.97460472272981
62760,incendio,-6.8756,-76.5097
62771,no_incendio,-7.225892265359727,-76.0093087691897
62777,incendio,-7.4611,-76.3925
62781,incendio,-5.9172,-76.3169
62791,no_incendio,-5.590954776196541,-75.61262101600937
62796,no_incendio,-5.590950998396602,-75.50740685150045
62802,incendio,-7.1982,-76.3355
62803,incendio,-6.5807,-76.75
62804,no_incendio,-6.7988040085111265,-76.15084820178622
62807,incendio,-5.857,-76.2986
62813,no_incendio,-6.248141133810431,-75.50987121265236
62817,incendio,-7.6347,-76.543
62819,incendio,-6.4399,-76.5823
62833,incendio,-8.6053,-76.2972
62844,incendio,-8.1634,-77.6605
62851,no_incendio,-7.5990878129892385,-76.01433706050479
62852,incendio,-7.2031,-77.649
62863,incendio,-6.0723,-76.3269
62872,no_incendio,-5.632530971200962,-77.47788862342078
62875,incendio,-7.1295,-76.9185
62877,incendio,-7.0515,-76.6174
62878,incendio,-7.1516,-76.8478
62879,incendio,-6.4844,-76.7845
62895,incendio,-6.9585,-76.6214
62899,no_incendio,-5.765833579415168,-76.48980976364362
62907,incendio,-6.9753,-76.5689
62910,incendio,-8.6468,-76.8229
62915,no_incendio,-6.66782718852246,-77.11974959426693
62917,incendio,-7.2504,-76.9986
62918,no_incendio,-6.991300272279587,-76.75580323161067
62919,no_incendio,-5.426612634680184,-75.58435399600397
62922,incendio,-7.1834,-76.8109
62941,no_incendio,-5.617689246248104,-77.03996515250137
62943,no_incendio,-7.493540878148328,-76.20838654108637
62944,incendio,-5.7595,-76.1776
62952,no_incendio,-7.149817793244048,-76.68995380242758
62962,incendio,-5.8049,-77.2149
62965,incendio,-6.2184,-76.5546
62969,incendio,-6.7103,-76.4407
62971,no_incendio,-5.561988258344413,-76.88991934204635
62983,incendio,-8.4095,-76.3521
62984,incendio,-8.0183,-77.7658
62985,incendio,-7.107,-76.3156
62986,incendio,-6.5499,-76.7534
62988,no_incendio,-6.530680448143941,-77.14936961816767
62989,no_incendio,-6.434453669791493,-76.35359643649942
62990,incendio,-6.9382,-77.7696
63004,incendio,-8.4563,-76.3995
63009,incendio,-7.1564,-76.406
63010,no_incendio,-5.849265187399489,-77.52081578278697
63025,no_incendio,-6.692392129901898,-76.24064751909104
63029,incendio,-7.2841,-76.5862
63032,incendio,-6.6513,-76.5255
63033,no_incendio,-7.287912531535466,-77.51954103984086
63036,no_incendio,-7.407523974858453,-76.05767195335137
63045,no_incendio,-7.331602369683786,-75.50190770424915
63046,incendio,-7.0976,-76.5453
63048,no_incendio,-6.938909457059822,-76.15534082596828
63050,incendio,-7.0055,-77.7363
63052,no_incendio,-6.324934683730277,-76.81019781469472
63054,incendio,-7.0799,-77.0659
63061,no_incendio,-7.204320146605171,-76.588496910205
63069,incendio,-5.7383,-76.2623
63072,no_incendio,-7.448422790645704,-75.84545299813023
63073,no_incendio,-6.304617864281926,-76.60193669802109
63074,incendio,-6.2983,-75.8585
63078,incendio,-8.5688,-76.358
63086,incendio,-6.9332,-76.4963
63089,incendio,-5.8097,-76.9994
63101,incendio,-7.6074,-76.4078
63113,incendio,-7.0716,-76.4738
63114,no_incendio,-6.664505823088651,-77.4814157749719
63124,incendio,-6.1806,-76.3949
63127,no_incendio,-6.590618313605878,-75.87293609884875
63130,incendio,-6.1724,-76.2141
63133,no_incendio,-6.308716369141198,-75.7579038479895
63136,incendio,-6.5586,-75.6355
63143,incendio,-5.6284,-75.8956
63154,no_incendio,-5.707217935164065,-76.52295370572979
63156,no_incendio,-6.543996709664201,-75.77625931317041
63159,no_incendio,-6.311293975828189,-76.65790550589152
63163,incendio,-7.3656,-76.8683
63165,incendio,-8.0932,-76.6929
63170,no_incendio,-5.800895908311601,-76.62831443275236
63174,no_incendio,-6.836006339265761,-75.80496615427175
63176,incendio,-7.2322,-76.696
63180,no_incendio,-7.321172600418316,-77.03516400852085
63187,incendio,-7.3295,-76.5945
63190,incendio,-7.5166,-76.5387
63199,incendio,-5.742,-76.1066
63201,incendio,-7.5197,-76.7227
63203,no_incendio,-6.2016988445038095,-75.99411742841416
63205,no_incendio,-5.599508739006035,-77.02715299547113
63213,incendio,-6.805,-76.4466
63216,no_incendio,-6.199486560201427,-77.4221153051421
63220,no_incendio,-6.234937456831474,-75.55136134306397
63222,incendio,-6.0967,-77.0342
63224,incendio,-8.637,-76.3358
63225,no_incendio,-6.607438503581988,-77.25629846979227
63233,incendio,-7.4149,-76.6995
63237,incendio,-8.3518,-76.5631
63244,no_incendio,-5.926705485124891,-75.77709994653331
63248,no_incendio,-6.2888093914419265,-77.49498781950011
63258,no_incendio,-7.117688925300616,-76.79094679252412
63261,no_incendio,-6.231532660134269,-77.43051392350198
63263,no_incendio,-5.715611122341353,-76.65563746255786
63265,no_incendio,-5.641271222445664,-77.2589065650696
63269,incendio,-7.3861,-76.8833
63276,no_incendio,-6.573895472470259,-76.90325456502508
63281,no_incendio,-5.797671068529707,-76.36918688461087
63286,no_incendio,-6.444450177038954,-75.66847301432819
63287,no_incendio,-6.331589003630742,-76.77579913568411
63300,no_incendio,-7.278588939327885,-76.4943759510431
63304,no_incendio,-6.519206979509828,-76.45089641887259
63308,incendio,-6.7975,-76.6796
63312,no_incendio,-7.261878534754229,-75.78596746234152
63313,incendio,-6.8415,-76.5317
63317,incendio,-6.2511,-77.7983
63320,no_incendio,-5.561294814825637,-75.74902836133377
63329,no_incendio,-5.420009462532595,-77.54497332899014
63330,no_incendio,-5.913375544586391,-77.02153912778006
63336,no_incendio,-6.677016361068433,-76.35596462138518
63344,incendio,-7.0272,-76.6542
63346,no_incendio,-5.371545466461964,-76.40334353874748
63347,no_incendio,-6.594872736761388,-76.81244710228094
63351,incendio,-6.2033,-75.9428
63352,incendio,-6.9464,-76.646
63356,incendio,-7.8621,-76.7411
63357,no_incendio,-5.530786000980501,-76.91418709127078
63363,incendio,-5.9651,-76.4509
63366,incendio,-6.2611,-76.0698
63395,incendio,-5.758,-76.0628
63397,incendio,-7.5061,-76.4721
63398,incendio,-5.7459,-76.2021
63399,incendio,-8.4124,-76.2429
63407,incendio,-6.8409,-76.5433
63419,incendio,-6.8622,-76.2784
63421,no_incendio,-7.150450269408023,-77.18839409410428
63423,incendio,-7.2972,-76.9732
63425,incendio,-7.119,-76.4791
63426,incendio,-7.0367,-76.8845
63427,incendio,-6.9241,-76.8546
63428,no_incendio,-5.691367325953232,-76.91174291210852
63433,incendio,-6.834,-76.5136
63438,incendio,-5.7182,-75.799
63441,incendio,-6.2461,-76.6454
63442,no_incendio,-5.37157572156011,-76.66234225426679
63445,incendio,-7.3283,-76.8986
63446,incendio,-7.6168,-76.4609
63451,incendio,-7.0495,-76.2504
63454,no_incendio,-6.466287697296756,-75.7075752786908
63456,no_incendio,-5.855088798772725,-76.8781669555971
63458,incendio,-5.8787,-75.9826
63462,incendio,-6.4974,-76.3552
63466,no_incendio,-7.241586175081285,-75.60658029783822
63471,incendio,-8.4986,-76.3743
63474,incendio,-7.3293,-76.9085
63483,no_incendio,-5.532392079747417,-76.92136640270547
63496,no_incendio,-5.313659040472185,-75.7974059398213
63498,no_incendio,-5.306306841629591,-77.15046908916776
63500,no_incendio,-5.356858559279738,-76.9184573866197
63505,incendio,-6.6849,-76.7683
63514,no_incendio,-5.7783488736056645,-77.39085635603547
63524,no_incendio,-6.386426402369189,-77.04162489751405
63529,incendio,-7.5117,-76.4909
63538,incendio,-5.4154,-76.6329
63541,no_incendio,-5.7826453397308155,-77.3905226367299
63551,incendio,-7.363,-76.6184
63555,incendio,-7.1931,-76.6257
63559,incendio,-7.0646,-76.7709
63565,no_incendio,-6.256015929782314,-76.34693713254352
63568,no_incendio,-7.311635265992554,-75.85999069910886
63570,incendio,-8.1012,-76.6946
63574,no_incendio,-6.950538468924696,-76.07104877103448
63579,incendio,-5.7677,-77.44
63581,incendio,-6.9197,-76.4776
63589,incendio,-7.0195,-76.2394
63595,incendio,-5.725,-76.2375
63600,incendio,-6.4262,-75.7047
63604,no_incendio,-7.502611835705684,-75.74342232378346
63608,incendio,-5.8759,-75.9125
63617,incendio,-6.2624,-76.017
63618,incendio,-7.0859,-76.4149
63636,no_incendio,-7.3045123106112335,-75.99723406684437
63643,incendio,-6.601,-77.4846
63645,no_incendio,-6.273383567178642,-76.44114691338451
63652,incendio,-5.6834,-76.6539
63658,incendio,-7.2897,-76.5846
63668,incendio,-7.567,-76.4158
63671,incendio,-8.1821,-76.6956
63673,incendio,-5.5494,-76.7473
63680,no_incendio,-5.719203795161454,-76.0632701523621
63681,incendio,-6.6575,-76.7468
63684,no_incendio,-7.3746554478906035,-76.75920088924597
63689,incendio,-7.3679,-76.8676
63694,incendio,-6.4942,-77.3872
63696,incendio,-8.7771,-76.1883
63715,incendio,-7.688,-76.4672
63727,incendio,-6.4935,-76.3628
63728,incendio,-8.519,-76.3615
63733,incendio,-6.2846,-76.2868
63736,incendio,-7.321,-76.6127
63738,incendio,-5.8784,-75.9072
63743,incendio,-7.2865,-76.8151
63747,incendio,-6.8364,-76.5681
63751,no_incendio,-5.304216028521146,-77.22955638933952
63757,no_incendio,-6.023168032179068,-77.26981479042486
63760,no_incendio,-6.733687512476174,-75.74855689788478
63762,incendio,-5.7444,-76.164
63764,no_incendio,-7.327169653945901,-75.96963671647885
63772,no_incendio,-6.979813600777688,-77.48470455898823
63775,incendio,-6.341,-75.8781
63776,incendio,-7.2291,-76.9649
63779,incendio,-6.4921,-76.3825
63793,incendio,-6.2494,-75.8414
63795,no_incendio,-6.895202578534257,-77.04341617849329
63796,no_incendio,-7.427821513315094,-77.09535827635182
63802,incendio,-7.0503,-76.3136
63803,incendio,-7.5041,-76.2497
63807,incendio,-5.7225,-76.2205
63808,no_incendio,-7.332916187784927,-76.99914864296008
63814,no_incendio,-5.791181789509089,-77.46024775242152
63815,incendio,-6.2864,-75.9159
63817,incendio,-7.71,-76.7772
63819,incendio,-5.731,-77.1897
63826,no_incendio,-6.190864426146802,-76.12967606406326
63828,no_incendio,-5.39776817495506,-77.21180440723553
63829,incendio,-7.1625,-76.6882
63841,incendio,-6.9957,-76.6808
63842,incendio,-8.5192,-75.5615
63845,no_incendio,-7.408503653357758,-76.24578800464187
63847,no_incendio,-6.360714337530349,-76.51313445356357
63849,incendio,-7.1572,-76.8889
63855,incendio,-7.2889,-76.3043
63861,no_incendio,-7.367557628064232,-76.4395241338938
63866,no_incendio,-5.629475532551382,-77.50061748638073
63867,no_incendio,-7.346936014424016,-77.24612328998047
63868,incendio,-8.0514,-75.5914
63869,incendio,-8.411,-76.451
63873,incendio,-7.232,-77.0584
63874,no_incendio,-7.396034749471958,-77.09104434205882
63880,no_incendio,-5.70993701267222,-76.39276259470975
63885,incendio,-7.146,-76.2451
63901,no_incendio,-6.146925317432729,-76.25875565214055
63904,incendio,-7.0878,-76.8127
63905,no_incendio,-6.024896527341603,-76.2922888028806
63915,no_incendio,-5.940833223348477,-76.76215332326328
63916,incendio,-7.4362,-76.6785
63918,no_incendio,-6.122241228202742,-76.97601645146484
63927,incendio,-7.1328,-76.2863
63928,incendio,-8.0788,-77.644
63929,incendio,-6.8322,-76.5158
63932,incendio,-5.7475,-77.4138
63935,no_incendio,-6.072007171578419,-77.37389388906047
63943,incendio,-8.3166,-76.2519
63944,no_incendio,-6.508124167264835,-76.61340355687425
63947,no_incendio,-5.856151465825925,-75.61952647714237
63955,incendio,-7.0841,-76.7907
63973,no_incendio,-6.437468171319466,-76.61472481016831
63977,no_incendio,-5.9969306066925245,-75.59395245076587
63981,incendio,-7.2998,-76.6632
63985,no_incendio,-6.895202578534257,-77.04341617849329
63989,incendio,-5.3052,-76.3975
63998,incendio,-8.6623,-76.433
63999,incendio,-7.3114,-76.5822
64000,no_incendio,-5.409587022918446,-76.44819351401671
64003,incendio,-7.0655,-76.8135
64005,incendio,-7.351,-76.7273
64021,no_incendio,-6.057689001760209,-76.31599873271878
64022,incendio,-7.5241,-76.7784
64027,no_incendio,-5.404889796153065,-75.52356189843724
64029,incendio,-6.488,-76.3689
64034,incendio,-7.0982,-76.8205
64035,no_incendio,-7.175345171516485,-76.32071616128651
64038,incendio,-6.7224,-76.3591
64039,incendio,-7.3269,-76.3732
64042,no_incendio,-6.938909457059822,-76.15534082596828
64044,incendio,-7.1787,-76.6604
64051,incendio,-6.5749,-76.0511
64053,incendio,-7.1998,-76.5063
64055,incendio,-7.1755,-76.3093
64056,no_incendio,-7.062719614900722,-75.90547044520231
64057,no_incendio,-6.473718077481412,-77.49661278682977
64070,no_incendio,-5.592798700137297,-76.77202119029057
64071,no_incendio,-6.787051317211901,-77.10628604223226
64074,incendio,-6.9016,-76.8432
64080,no_incendio,-5.62776239327014,-77.48408133634722
64082,no_incendio,-6.931342706605391,-77.24005682830844
64084,incendio,-5.6337,-76.5971
64089,no_incendio,-6.973841653653549,-76.58656432123784
64095,no_incendio,-6.150817748541318,-77.2743773218178
64102,no_incendio,-7.3138551861663785,-76.44974049103283
64103,incendio,-5.3252,-76.5965
64109,no_incendio,-6.846679592265051,-75.78055281220841
64110,incendio,-5.8168,-76.1534
64117,no_incendio,-6.162915042417179,-77.15261169414305
64119,no_incendio,-5.957368180282539,-76.7498768526133
64122,incendio,-7.5306,-76.4945
64124,incendio,-7.3094,-76.912
64135,no_incendio,-6.514967490351236,-76.99375522896699
64139,no_incendio,-5.740185734953845,-76.52718705325192
64145,incendio,-8.3815,-76.251
64146,no_incendio,-5.798404361194972,-75.81527300196596
64151,no_incendio,-5.811469366759115,-76.0719190251322
64153,no_incendio,-5.7006314608305315,-76.5774762709844
64154,no_incendio,-6.55551893099156,-75.68092534598561
64156,incendio,-6.7139,-76.7086
64160,incendio,-7.1942,-76.6383
64164,incendio,-6.4803,-76.3779
64168,no_incendio,-6.934543735011002,-76.3579106281597
64173,no_incendio,-6.4800299159294745,-75.86986955910662
64175,no_incendio,-6.007112604816549,-77.29204800487722
64176,incendio,-6.9925,-76.6926
64177,no_incendio,-6.444054607789215,-75.60852282337595
64178,incendio,-6.3369,-76.151
64181,incendio,-7.4126,-77.5762
64185,incendio,-7.1191,-77.0744
64186,no_incendio,-6.191285072180344,-75.97348634249272
64189,no_incendio,-6.9338065388714725,-77.51645275784907
64191,incendio,-8.2791,-76.6103
64197,incendio,-6.4438,-76.5419
64200,incendio,-7.2485,-76.6414
64210,incendio,-7.3253,-76.3579
64232,no_incendio,-6.113994500362599,-76.09851389136325
64234,no_incendio,-6.695225096779551,-76.23948893389061
64237,no_incendio,-5.907158352622331,-77.4442973163752
64238,incendio,-5.8953,-77.0439
64239,incendio,-8.4134,-77.5838
64240,incendio,-7.4926,-76.7164
64245,no_incendio,-5.428382683589806,-76.59712896608411
64248,no_incendio,-6.539751025490163,-75.79612657062603
64250,incendio,-8.062,-76.6267
64258,incendio,-8.1274,-77.7703
64260,no_incendio,-5.3902001479588,-77.1291902290787
64267,incendio,-7.5401,-76.5359
64268,incendio,-7.0021,-76.3498
64271,incendio,-6.0808,-76.0813
64272,no_incendio,-6.227801736418022,-76.3562846673644
64279,no_incendio,-6.254046612679011,-76.94445690037632
64290,no_incendio,-7.115248664865674,-76.07912965420722
64295,no_incendio,-5.933819847140226,-76.39063203845332
64303,incendio,-7.3149,-76.9342
64312,incendio,-6.6836,-76.759
64322,incendio,-8.5619,-76.7431
64323,incendio,-5.8867,-76.3678
64324,incendio,-6.9779,-76.0865
64325,no_incendio,-5.590950998396602,-75.50740685150045
64329,no_incendio,-5.6492373233613264,-76.13173612706044
64331,no_incendio,-7.436110407887001,-75.68288184576566
64336,no_incendio,-6.324934683730277,-76.81019781469472
64337,incendio,-5.6768,-77.452
64344,incendio,-5.7597,-76.2557
64352,no_incendio,-7.269040165613338,-76.9103123983766
64369,incendio,-6.7361,-76.3907
64370,incendio,-7.3558,-76.6325
64375,no_incendio,-6.646019680443848,-77.50514894077688
64379,no_incendio,-7.509252354285814,-75.54465114823546
64382,no_incendio,-6.0746976290586785,-75.57122315970695
64388,no_incendio,-6.134868701694113,-76.84593822630983
64394,no_incendio,-6.061679877354346,-76.10414263000189
64396,incendio,-6.846,-76.5765
64402,no_incendio,-5.9130091622376435,-77.42859659593488
64403,no_incendio,-6.738442276906446,-76.26128977675305
64405,incendio,-7.7272,-76.7056
64411,no_incendio,-6.534406684076978,-76.00352237296187
64416,incendio,-5.5403,-76.7309
64417,incendio,-7.4318,-76.4571
64434,incendio,-7.385,-76.7485
64439,incendio,-7.2007,-76.4802
64443,incendio,-6.1127,-77.1773
64452,no_incendio,-5.62776239327014,-77.48408133634722
64453,incendio,-6.8121,-76.1822
64462,incendio,-7.0134,-76.5676
64463,no_incendio,-5.69836641593065,-75.72287872908569
64467,incendio,-7.1841,-76.533
64469,incendio,-7.0914,-76.6841
64476,incendio,-7.6242,-76.5064
64478,incendio,-7.414,-76.6206
64483,incendio,-6.0637,-76.154
64493,no_incendio,-5.798404361194972,-75.81527300196596
64497,no_incendio,-5.433480478841975,-76.00940335234054
64502,incendio,-7.4239,-76.5893
64503,no_incendio,-6.023168032179068,-77.26981479042486
64512,incendio,-7.653,-76.6245
64516,incendio,-7.4493,-76.5858
64518,no_incendio,-5.388800568828812,-75.76427198080877
64520,no_incendio,-6.846679592265051,-75.78055281220841
64525,no_incendio,-5.851710851525425,-77.43871611391367
64535,no_incendio,-6.660380391800162,-76.4974881056194
64536,no_incendio,-6.801666192426729,-76.32704638741743
64537,no_incendio,-5.73056432169004,-76.88063042787364
64544,incendio,-6.684,-76.6947
64553,incendio,-7.1669,-76.8622
64554,incendio,-7.2375,-76.315
64555,no_incendio,-5.531434005442488,-77.13875106909684
64559,incendio,-6.7966,-76.4009
64560,incendio,-6.2818,-76.0948
64572,incendio,-6.4716,-76.4315
64579,no_incendio,-6.376726836973272,-77.35752912688064
64580,incendio,-8.6664,-76.1689
64581,no_incendio,-7.304318403936466,-76.8341795441283
64591,incendio,-7.7042,-76.4559
64593,incendio,-7.4194,-76.8238
64596,incendio,-6.932,-76.3763
64598,no_incendio,-6.939438225282601,-76.80786345912996
64599,no_incendio,-7.010242517235748,-76.48324440357516
64600,no_incendio,-6.398926454720778,-76.50536924785067
64611,incendio,-8.6196,-76.6043
64614,incendio,-7.5499,-76.4153
64615,incendio,-7.4179,-76.7142
64620,no_incendio,-5.926005528348797,-76.66451761423114
64626,no_incendio,-7.0475824644559095,-77.00777977835193
64629,no_incendio,-7.377346584054845,-77.21066750842841
64633,incendio,-7.5393,-76.516
64634,incendio,-6.2401,-75.8179
64637,no_incendio,-6.931342706605391,-77.24005682830844
64643,incendio,-7.1762,-76.6962
64650,incendio,-5.678,-75.939
64652,no_incendio,-6.158099214586715,-77.01707847694989
64659,incendio,-6.3875,-76.5573
64660,no_incendio,-5.388346448693102,-76.72150148992378
64662,no_incendio,-6.890142536767722,-76.21093731168023
64675,no_incendio,-5.9130091622376435,-77.42859659593488
64682,incendio,-8.4757,-76.3852
64683,incendio,-6.6486,-76.4733
64685,incendio,-6.9318,-76.5114
64688,no_incendio,-5.796164972487043,-76.72449599512143
64696,no_incendio,-6.061517131296685,-76.40854652459227
64704,no_incendio,-5.532971684555294,-77.02280558006699
64707,no_incendio,-6.442705023956996,-76.30481606512446
64711,no_incendio,-5.870407571755855,-76.43899593158982
64716,incendio,-8.1024,-76.6574
64717,no_incendio,-6.23470396402255,-76.94332145347941
64725,incendio,-7.5209,-76.4645
64726,no_incendio,-6.000321843594466,-77.16959710695784
64727,no_incendio,-6.473718077481412,-77.49661278682977
64728,incendio,-6.9005,-76.8522
64729,incendio,-5.867,-76.3162
64735,incendio,-7.6268,-76.6468
64738,no_incendio,-5.833991570039085,-76.02950285469245
64739,no_incendio,-7.241496994972613,-76.72736472676876
64743,incendio,-8.6451,-76.8576
64747,incendio,-6.5369,-76.0588
64751,no_incendio,-5.371121123003669,-76.78705780536207
64757,no_incendio,-6.013807781245941,-77.54515653099793
64759,incendio,-5.5799,-76.6748
64771,no_incendio,-5.784820775425025,-76.88322925526231
64772,incendio,-7.5695,-76.7218
64776,incendio,-7.5339,-76.2357
64797,no_incendio,-6.653744086369802,-76.88423091911557
64800,no_incendio,-6.2190640726250495,-76.93105958473025
64822,incendio,-7.3894,-76.4796
64825,incendio,-7.3671,-76.6992
64829,incendio,-6.9956,-76.2497
64838,no_incendio,-6.642584248060827,-75.75075985956546
64840,no_incendio,-7.485621627002571,-76.9594043618508
64845,incendio,-6.5374,-75.7095
64849,no_incendio,-6.475196466130733,-76.70818383406251
64853,incendio,-6.0245,-76.2877
64879,no_incendio,-6.768773690834417,-77.41433372649782
64882,no_incendio,-7.175345171516485,-76.32071616128651
64886,incendio,-6.4981,-76.8161
64888,incendio,-6.8794,-76.6204
64897,incendio,-8.4211,-77.6035
64905,incendio,-8.4969,-76.1694
64909,incendio,-6.8108,-76.4883
64914,incendio,-5.589,-76.6667
64915,no_incendio,-6.808753435004469,-75.58127871175964
64916,no_incendio,-6.945484440166689,-76.77951589048426
64926,incendio,-6.4745,-76.4954
64928,no_incendio,-6.731898455104795,-77.28317456533246
64931,incendio,-5.6561,-76.1892
64934,incendio,-6.8208,-76.5976
64935,incendio,-7.1066,-76.7962
64939,incendio,-7.5536,-76.4477
64947,no_incendio,-6.808753435004469,-75.58127871175964
64954,incendio,-7.1919,-76.466
64957,incendio,-7.4917,-76.7304
64969,incendio,-6.2151,-76.2258
64979,no_incendio,-6.4800299159294745,-75.86986955910662
64986,no_incendio,-5.612307081535751,-76.80288819980903
64993,incendio,-6.9383,-76.8755
64994,incendio,-7.1685,-76.8574
64997,incendio,-6.7459,-76.6806
64998,incendio,-7.1425,-76.6312
65000,incendio,-7.2285,-76.9933
65002,no_incendio,-5.648091386764367,-76.0845405608189
65003,no_incendio,-6.080706501829642,-77.17715903994046
65014,incendio,-7.0443,-76.7761
65018,incendio,-7.5176,-76.4703
65033,no_incendio,-7.205543641449294,-77.21195261449198
65040,no_incendio,-6.402507911708669,-75.63264270737905
65045,no_incendio,-5.5896376031918615,-76.35252920094948
65048,no_incendio,-7.275276678539276,-76.76197872211165
65051,no_incendio,-6.3737423006602185,-77.16577350376646
65054,no_incendio,-5.37157572156011,-76.66234225426679
65063,incendio,-5.7949,-76.5182
65069,incendio,-6.2351,-75.8184
65071,no_incendio,-6.8824524173967765,-77.12203229237878
65078,incendio,-6.9562,-76.3387
65080,no_incendio,-6.788644402631232,-76.08655221338569
65081,incendio,-8.3156,-76.6758
65084,incendio,-8.6309,-76.3106
65092,incendio,-8.5592,-76.5245
65101,no_incendio,-6.7988040085111265,-76.15084820178622
65107,incendio,-7.6683,-76.4581
65108,incendio,-8.2729,-76.5945
65110,no_incendio,-6.187799355462546,-77.0520465624197
65113,no_incendio,-6.787959079277664,-75.64572689392233
65116,incendio,-7.3437,-76.6631
65119,no_incendio,-5.6492373233613264,-76.13173612706044
65133,incendio,-6.9711,-76.3316
65139,incendio,-6.1495,-76.2448
65140,no_incendio,-5.3170098474698,-75.90718083995199
65162,incendio,-5.831,-76.0393
65163,no_incendio,-7.459387198765487,-76.32587223443953
65175,incendio,-6.0484,-76.3612
65190,incendio,-6.9893,-76.6544
65192,no_incendio,-5.9343288832648255,-75.71284400291329
65198,no_incendio,-6.880264689541971,-77.33984954598883
65199,incendio,-5.3639,-76.7953
65201,no_incendio,-6.5875457295775695,-76.60562453766775
65217,no_incendio,-6.043030962073811,-76.47604236953148
65230,incendio,-7.31,-76.5704
65231,incendio,-6.3532,-76.5496
65236,incendio,-8.4656,-77.1417
65237,incendio,-6.3146,-76.6634
65238,no_incendio,-7.241827770839374,-75.55383362888189
65239,incendio,-6.7863,-76.5465
65249,incendio,-5.9394,-75.9476
65259,incendio,-8.3572,-76.4126
65261,incendio,-6.8121,-76.6756
65272,incendio,-6.7953,-76.4356
65278,incendio,-6.0676,-76.1262
65281,no_incendio,-5.670265351646696,-76.15936780244608
65284,no_incendio,-6.402069451962711,-76.21591146142134
65288,no_incendio,-7.188266062247751,-75.80338733044515
65289,incendio,-7.3842,-76.6748
65292,incendio,-7.8937,-76.6776
65293,incendio,-8.7032,-76.7996
65310,incendio,-6.9664,-76.3131
65311,no_incendio,-6.049219022458795,-76.2803636866073
65313,no_incendio,-5.846023239980903,-75.59058432825728
65316,no_incendio,-6.787051317211901,-77.10628604223226
65320,no_incendio,-7.327169653945901,-75.96963671647885
65326,incendio,-7.2434,-77.0814
65332,incendio,-6.7392,-76.8695
65334,incendio,-8.3738,-76.3781
65335,no_incendio,-7.585660689069584,-77.39009094478008
65336,no_incendio,-7.332916187784927,-76.99914864296008
65346,no_incendio,-7.20837922312058,-75.60173964481412
65356,no_incendio,-6.752631174647365,-76.89757485609974
65359,incendio,-7.543,-76.5406
65369,no_incendio,-7.208457886315255,-75.76495343289794
65381,no_incendio,-6.446499470618798,-75.63834110129498
65383,incendio,-6.7027,-76.4082
65384,no_incendio,-6.9256501234330665,-77.07157879837493
65385,no_incendio,-7.269040165613338,-76.9103123983766
65386,incendio,-7.1046,-76.8007
65399,no_incendio,-6.295102509635013,-77.52506617532497
65403,incendio,-7.3428,-76.7223
65405,incendio,-7.4687,-76.2348
65408,incendio,-6.7978,-76.4989
65413,incendio,-5.8726,-76.5482
65416,incendio,-8.5525,-76.3275
65438,incendio,-5.8299,-77.1475
65448,no_incendio,-7.459517004149713,-75.65348895495933
65451,incendio,-7.0747,-76.2114
65456,incendio,-7.1394,-77.1152
65457,incendio,-6.5832,-76.4833
65458,no_incendio,-6.032637337308331,-77.27677952675285
65459,incendio,-8.4803,-76.3448
65465,incendio,-7.4485,-76.8818
65473,no_incendio,-6.991871137907023,-76.86560292258433
65478,no_incendio,-5.714958817536613,-75.57831712461974
65479,incendio,-8.092,-76.6491
65484,no_incendio,-5.5259385585543805,-76.78474947687066
65487,incendio,-7.6034,-76.5252
65489,incendio,-8.4969,-76.3763
65500,no_incendio,-5.500738315784995,-75.59662427893288
65501,incendio,-7.9262,-76.692
65516,no_incendio,-6.709679366409026,-76.89232327371961
65523,incendio,-6.3675,-76.8797
65528,incendio,-7.3215,-76.5538
65530,incendio,-8.6547,-76.3165
65537,incendio,-6.3213,-75.9283
65538,incendio,-5.7501,-76.4868
65540,incendio,-6.5005,-75.8278
65543,incendio,-6.7319,-76.6526
65545,incendio,-6.402,-75.8995
65547,no_incendio,-6.469524270312644,-76.04017356223993
65551,incendio,-8.6321,-76.9199
65565,no_incendio,-6.1305152501535805,-77.20692971202396
65581,incendio,-7.6662,-76.7329
65582,incendio,-6.4949,-76.3558
65584,incendio,-5.7637,-76.5678
65587,no_incendio,-7.321172600418316,-77.03516400852085
65590,incendio,-5.7266,-76.0881
65592,incendio,-6.8448,-76.9592
65594,no_incendio,-7.4685281169836575,-76.45982142340358
65596,no_incendio,-6.9973012484497445,-77.4510550557952
65598,incendio,-6.8341,-76.4674
65601,incendio,-5.8286,-75.9842
65602,incendio,-7.3483,-76.3593
65604,incendio,-8.5203,-75.5376
65614,no_incendio,-7.391380566669081,-77.4628689446306
65620,no_incendio,-5.901183537582431,-77.01906915606199
65624,no_incendio,-6.653744086369802,-76.88423091911557
65627,no_incendio,-5.339988911138568,-75.94604419335825
65636,no_incendio,-5.636606643396935,-75.65023157423232
65637,no_incendio,-7.234182176376593,-76.40213823666475
65638,incendio,-6.4928,-76.8112
65639,incendio,-6.1147,-76.3319
65648,incendio,-7.6437,-76.4901
65658,incendio,-7.6824,-77.5388
65661,incendio,-8.2971,-76.2458
65667,no_incendio,-6.859218995881019,-77.3454749772902
65668,incendio,-6.8439,-76.888
65670,no_incendio,-6.190431376100011,-77.10696325685771
65671,incendio,-7.2547,-76.858
65672,incendio,-8.2487,-77.7023
65677,no_incendio,-5.307511492937007,-75.87055498280709
65683,incendio,-7.1603,-76.2368
65684,incendio,-7.3695,-76.8973
65695,incendio,-7.4723,-76.5923
65697,incendio,-7.4474,-76.7086
65707,incendio,-6.7159,-76.1997
65708,incendio,-7.1348,-76.0777
65712,no_incendio,-5.418336191471334,-77.27363994749886
65715,incendio,-7.5897,-76.4673
65721,no_incendio,-5.8624058726324275,-77.54256899267752
65722,no_incendio,-5.340154408333765,-76.74093271807992
65723,no_incendio,-6.890502660955485,-77.28521359628384
65726,no_incendio,-6.60024344042182,-76.28088372901857
65727,incendio,-7.3105,-76.2535
65737,incendio,-6.8015,-76.2536
65738,no_incendio,-6.717293792016525,-75.64014245587184
65742,incendio,-5.9403,-76.4673
65743,incendio,-7.2411,-76.7177
65745,no_incendio,-5.329337229365641,-77.4752371215785
65751,no_incendio,-7.288794185700048,-76.06129578328853
65762,no_incendio,-6.833720284532176,-77.09053083344739
65778,incendio,-7.1477,-76.1739
65779,no_incendio,-5.7783488736056645,-77.39085635603547
65784,incendio,-6.7189,-76.6704
65786,incendio,-5.9207,-75.9342
65791,no_incendio,-6.256015929782314,-76.34693713254352
65795,incendio,-8.0936,-76.8089
65801,no_incendio,-6.871712261045699,-76.6810612935972
65803,no_incendio,-6.695225096779551,-76.23948893389061
65806,incendio,-7.0456,-77.762
65818,no_incendio,-7.017832061015762,-77.13978816386988
65821,no_incendio,-7.537264707596327,-76.77993123452514
65827,incendio,-5.993,-77.2144
65829,no_incendio,-6.088150630105884,-77.05183868742043
65841,incendio,-7.0594,-76.1536
65844,incendio,-6.7621,-76.6642
65846,no_incendio,-6.224512205373936,-77.14720066928672
65849,no_incendio,-6.486581240227174,-76.15835402098138
65851,no_incendio,-5.621781873154133,-75.59201486751932
65855,incendio,-6.6948,-76.539
65860,incendio,-7.5461,-76.7815
65872,incendio,-6.6907,-76.738
65878,no_incendio,-7.095024308236621,-76.98915064415999
65882,incendio,-7.2814,-76.3569
65886,incendio,-8.5643,-76.4097
65887,no_incendio,-5.544342707790426,-75.8055721541421
65893,no_incendio,-6.418496907062319,-75.56505083254436
65895,incendio,-5.7925,-76.1979
65902,no_incendio,-5.863095020713222,-75.7889986714283
65908,no_incendio,-6.467420438436691,-76.19360941434292
65913,incendio,-6.0942,-75.9962
65918,no_incendio,-6.5564240987934905,-76.79797957202473
65922,incendio,-7.3253,-76.0725
65931,no_incendio,-6.146020638711784,-75.61071933850509
65933,no_incendio,-7.394254404476224,-75.68500027222532
65938,no_incendio,-6.722977701208728,-76.08504808570892
65939,incendio,-6.9865,-76.0559
65943,incendio,-6.291,-75.8522
65944,incendio,-6.5597,-76.092
65951,no_incendio,-6.452984723571151,-76.97534564539009
65959,no_incendio,-6.468598557394471,-76.29833017428093
65963,incendio,-8.4122,-76.2278
65967,no_incendio,-7.428960143280297,-76.20768184148152
65968,no_incendio,-5.851710851525425,-77.43871611391367
65976,incendio,-8.6454,-76.367
65981,incendio,-7.0502,-76.8492
65983,incendio,-7.4806,-76.7154
65989,incendio,-7.1832,-76.2065
66005,no_incendio,-7.4438050568529475,-75.8809717620132
66007,no_incendio,-7.464233169627815,-76.3089508607516
66008,no_incendio,-7.0294194294183265,-77.09735006276883
66010,no_incendio,-6.737802446576857,-76.76156798779444
66014,incendio,-8.6099,-76.3102
66016,incendio,-5.33,-75.7187
66022,no_incendio,-6.442705023956996,-76.30481606512446
66026,no_incendio,-5.555763303802058,-77.3394188883658
66027,incendio,-7.2131,-76.0375
66028,no_incendio,-7.311635265992554,-75.85999069910886
66038,incendio,-8.4224,-76.3968
66040,incendio,-8.157,-76.9454
66041,incendio,-7.4009,-76.8583
66042,no_incendio,-5.907158352622331,-77.4442973163752
66043,incendio,-6.4171,-76.4264
66045,no_incendio,-7.560257578514154,-75.8825568546828
66047,no_incendio,-5.976958562482058,-76.80488821989493
66054,no_incendio,-7.201796098982287,-75.59066106327278
66055,incendio,-8.0513,-76.5775
66066,incendio,-5.7318,-77.2159
66071,incendio,-7.1236,-76.1246
66076,no_incendio,-7.450227101420001,-77.22165209135423
66080,incendio,-6.378,-75.585
66085,no_incendio,-6.931054749326789,-77.2760800084336
66086,no_incendio,-6.806373584205248,-76.84212620311408
66092,no_incendio,-7.417769459056535,-76.0278387197161
66097,no_incendio,-5.993099838060813,-76.1739103851831
66098,no_incendio,-5.5896376031918615,-76.35252920094948
66099,incendio,-6.6048,-76.5342
66105,incendio,-7.4496,-76.3807
66106,no_incendio,-5.875159377973664,-77.1185525314163
66107,incendio,-7.4488,-76.6343
66111,no_incendio,-7.099688871826168,-75.91020418997267
66112,incendio,-5.7158,-76.2372
66113,incendio,-7.2236,-76.4887
66114,no_incendio,-7.253889999482386,-76.08590323427873
66115,incendio,-8.4072,-76.26
66117,incendio,-5.8629,-76.2406
66123,no_incendio,-7.341385532228014,-75.96721546288514
66128,incendio,-6.3974,-76.4509
66129,no_incendio,-5.546093305557506,-76.96305959318578
66136,incendio,-6.4887,-76.3687
66139,incendio,-8.7109,-76.1429
66145,incendio,-7.8948,-76.6721
66148,no_incendio,-5.469135651128677,-76.66584024328755
66159,no_incendio,-5.919068188390441,-77.36605426382134
66160,incendio,-7.3561,-76.8377
66162,incendio,-7.0242,-76.3555
66173,no_incendio,-7.076017752800738,-75.91978389352657
66176,incendio,-5.7321,-77.3994
66182,incendio,-7.0346,-76.2722
66185,incendio,-5.9293,-76.3293
66192,incendio,-6.7421,-77.4969
66195,no_incendio,-5.3860874889168056,-76.83704410013208
66198,incendio,-5.7483,-76.1992
66199,no_incendio,-6.095756407316532,-77.30841425266888
66200,incendio,-7.2046,-77.6407
66216,incendio,-8.3647,-76.4021
66217,incendio,-5.8644,-76.2264
66219,incendio,-6.2156,-76.7799
66225,no_incendio,-7.4291899383099445,-76.99344952239323
66226,no_incendio,-6.7449829270010735,-76.32449330393015
66235,no_incendio,-7.3239429065406565,-75.71625724817507
66239,no_incendio,-7.216614993286788,-77.03461698814449
66240,incendio,-7.0934,-77.0706
66249,no_incendio,-6.709534503439617,-76.66045732733674
66253,no_incendio,-5.702740983602372,-76.82721339280745
66256,no_incendio,-5.315273849835721,-75.96752969040406
66260,incendio,-5.746,-76.1503
66262,no_incendio,-7.127093555738052,-76.84105088577114
66266,no_incendio,-6.91975600968376,-77.05871610020544
66267,incendio,-7.4421,-76.6822
66268,no_incendio,-5.870407571755855,-76.43899593158982
66274,no_incendio,-5.933819847140226,-76.39063203845332
66280,no_incendio,-7.192676000546934,-77.13476748134192
66282,incendio,-7.1326,-76.6313
66287,no_incendio,-5.399995483023551,-76.68244565675566
66301,incendio,-6.3889,-76.4956
66307,incendio,-6.9603,-76.7358
66311,incendio,-6.8351,-76.955
66316,incendio,-5.3014,-75.6572
66317,incendio,-8.4318,-76.5181
66322,no_incendio,-6.939438225282601,-76.80786345912996
66330,no_incendio,-5.703527630485487,-76.04599898833253
66331,no_incendio,-7.593724484851976,-77.34754973911781
66334,no_incendio,-5.659847709526774,-75.83935663792408
66341,incendio,-8.7088,-76.2479
66361,incendio,-5.7414,-76.3826
66362,incendio,-6.296,-76.2308
66367,no_incendio,-5.3928610006268665,-76.95098681919762
66368,no_incendio,-7.307422219905113,-77.49030389420659
66370,incendio,-6.6087,-76.6271
66375,incendio,-7.0371,-76.5257
66376,incendio,-7.2829,-76.571
66386,incendio,-6.0292,-76.1372
66390,incendio,-5.7028,-76.6238
66401,incendio,-7.3134,-76.9227
66415,no_incendio,-5.734144568873576,-75.90585662556418
66417,no_incendio,-7.418524326808485,-76.32670813744515
66422,incendio,-5.858,-76.2364
66424,no_incendio,-7.543933320998928,-76.49404370294074
66432,incendio,-5.9539,-75.9482
66433,incendio,-5.8633,-77.0961
66437,incendio,-7.3528,-76.7146
66438,no_incendio,-5.698299617649455,-76.9877048304902
66442,no_incendio,-6.733687512476174,-75.74855689788478
66448,no_incendio,-5.525166300103762,-76.64412404917219
66449,no_incendio,-6.348815001844065,-75.62878823200789
66451,no_incendio,-7.357911846364595,-77.10667831143273
66453,incendio,-7.1337,-76.9364
66455,no_incendio,-7.456346722108078,-76.20342873895703
66458,no_incendio,-7.433029202252227,-75.6952599290436
66462,no_incendio,-7.506544236901732,-77.50246102993648
66466,incendio,-5.7408,-77.3827
66470,incendio,-7.5211,-76.7236
66472,incendio,-7.1808,-76.4697
66473,incendio,-6.2674,-76.1887
66477,incendio,-7.3662,-76.8314
66480,incendio,-5.8275,-77.1338
66482,incendio,-5.9031,-76.1123
66489,incendio,-5.4563,-76.6467
66497,no_incendio,-7.005255736259935,-76.42804994495515
66501,incendio,-5.8446,-76.5322
66507,no_incendio,-7.089179421889268,-75.95457712793731
66509,no_incendio,-6.550462961960492,-75.75305667586812
66514,incendio,-8.6576,-76.1703
66525,no_incendio,-6.525952464139444,-76.13787075319888
66531,no_incendio,-6.061848479102238,-75.8084457666632
66538,no_incendio,-7.242465202325818,-76.82313227202141
66539,incendio,-5.6724,-77.1472
66545,no_incendio,-6.594872736761388,-76.81244710228094
66547,incendio,-5.8262,-77.1246
66562,no_incendio,-5.976473792691887,-77.521298056028
66563,incendio,-5.7973,-76.4883
66566,no_incendio,-7.082610644878744,-76.41583738866235
66569,no_incendio,-6.877247924736086,-76.70115338296226
66572,no_incendio,-6.701934945529236,-77.46493186657752
66577,incendio,-7.3391,-76.9002
66588,incendio,-7.411,-76.7223
66598,incendio,-7.4232,-76.7034
66599,no_incendio,-5.7927379696305294,-76.1467304713267
66600,no_incendio,-7.0287390386317705,-77.03724597379518
66603,no_incendio,-5.707217935164065,-76.52295370572979
66610,incendio,-7.2752,-76.3807
66611,no_incendio,-6.892866951927303,-75.87172300219687
66632,no_incendio,-6.119596318397669,-75.7668351630271
66637,no_incendio,-5.388800568828812,-75.76427198080877
66640,no_incendio,-6.931023435575018,-75.82624629253455
66655,no_incendio,-6.418496907062319,-75.56505083254436
66660,incendio,-6.8488,-76.7766
66663,incendio,-6.7973,-76.4335
66667,no_incendio,-6.695225096779551,-76.23948893389061
66669,no_incendio,-6.090705105654209,-75.76196358722034
66673,incendio,-6.5702,-76.7374
66679,no_incendio,-6.876747971648932,-77.24294547673294
66682,incendio,-7.1049,-76.6794
66686,incendio,-8.4771,-76.3507
66687,incendio,-7.4422,-76.552
66688,incendio,-8.1105,-76.6641
66689,no_incendio,-7.247461423234719,-75.57023459371909
66690,no_incendio,-7.52893790740652,-77.07253517227397
66701,incendio,-8.5296,-76.4482
66706,no_incendio,-6.385759143148429,-76.5709354755892
66711,incendio,-6.8568,-76.8765
66714,incendio,-5.8003,-77.3099
66719,incendio,-7.5586,-76.444
66723,incendio,-6.2576,-76.8192
66730,incendio,-7.3028,-76.2274
66734,no_incendio,-5.702364736345534,-76.72144500150783
66735,incendio,-8.4159,-76.2679
66737,incendio,-7.5119,-76.2627
66738,incendio,-7.266,-76.1262
66739,incendio,-7.1192,-77.0684
66745,no_incendio,-5.946515429749496,-77.17416988943258
66748,incendio,-7.4365,-76.8842
66752,no_incendio,-7.150450269408023,-77.18839409410428
66757,incendio,-8.336,-76.5835
66758,no_incendio,-6.709233322192638,-77.51049806027564
66760,incendio,-6.2321,-76.3006
66768,no_incendio,-6.8812608532922095,-77.14870823308875
66772,no_incendio,-6.026656147123168,-76.76469510540855
66774,no_incendio,-6.4891729979787565,-76.11291535541001
66777,no_incendio,-7.4055258629962415,-75.72836594706017
66780,incendio,-6.8788,-76.6288
66790,no_incendio,-6.152183459458481,-75.52419970077695
66793,no_incendio,-6.851346088597758,-76.87565472102605
66800,incendio,-7.1238,-76.941
66804,no_incendio,-7.465611055003252,-76.84521972476566
66805,incendio,-5.7812,-76.3846
66817,incendio,-5.8953,-76.9748
66839,incendio,-6.7518,-76.669
66850,no_incendio,-6.929511458644296,-75.83962565372784
66856,incendio,-5.7686,-76.1691
66862,incendio,-5.7342,-76.4166
66864,no_incendio,-5.617689246248104,-77.03996515250137
66870,no_incendio,-6.113994500362599,-76.09851389136325
66873,incendio,-7.3861,-76.818
66881,incendio,-7.443,-76.6897
66882,incendio,-7.4696,-76.5831
66884,incendio,-6.6621,-75.5911
66886,no_incendio,-5.73056432169004,-76.88063042787364
66892,incendio,-8.4663,-76.3652
66893,incendio,-8.1599,-76.4931
66899,incendio,-6.454,-76.5992
66903,no_incendio,-5.87094442046127,-77.0385590368228
66916,incendio,-5.3513,-76.5671
66921,no_incendio,-7.5842496329608995,-75.57404179177915
66924,no_incendio,-7.2889510765606325,-76.46654281298771
66937,no_incendio,-6.442429492492132,-75.8210206317141
66938,no_incendio,-6.068535480190217,-76.55604968607116
66948,incendio,-7.0569,-76.1312
66955,incendio,-7.2992,-76.6612
66959,no_incendio,-5.913444133925558,-76.54061399484421
66960,incendio,-6.6155,-76.2473
66970,incendio,-6.9577,-76.7843
66974,incendio,-5.7264,-76.1151
66976,no_incendio,-7.508226717447944,-76.74892470083597
66977,incendio,-7.3154,-76.475
66984,no_incendio,-7.173287597971678,-76.70987433367677
67007,no_incendio,-5.809070578757959,-75.92077418660742
67010,incendio,-7.0912,-76.7579
67018,no_incendio,-5.4433732153340495,-76.71634375535739
67019,no_incendio,-6.94690710912819,-75.63438003182783
67026,incendio,-8.5424,-76.4705
67033,no_incendio,-6.142530239499738,-77.15463621788837
67038,no_incendio,-6.353424809181855,-75.63008762129351
67039,incendio,-5.4327,-76.6617
67041,no_incendio,-5.450166959625918,-77.00835031536832
67043,incendio,-5.5603,-76.7076
67052,no_incendio,-6.931023435575018,-75.82624629253455
67053,no_incendio,-7.464233169627815,-76.3089508607516
67057,no_incendio,-5.5629279584591815,-75.58676722265717
67060,no_incendio,-6.931488241799888,-76.75916732730077
67065,no_incendio,-6.9973012484497445,-77.4510550557952
67085,incendio,-6.6242,-76.6822
67092,incendio,-8.3724,-76.2623
67093,no_incendio,-5.719448744498719,-77.23298516632254
67094,no_incendio,-6.758724816086575,-76.05879675132634
67095,incendio,-6.9379,-76.5123
67112,no_incendio,-6.722977701208728,-76.08504808570892
67118,incendio,-6.3674,-75.8728
67121,incendio,-7.3713,-76.7654
67124,incendio,-5.908,-75.9264
67125,no_incendio,-7.465611055003252,-76.84521972476566
67138,no_incendio,-5.485555576815183,-76.48568380205462
67140,incendio,-5.9573,-76.3685
67141,incendio,-5.9255,-76.0165
67142,incendio,-5.6279,-76.6208
67143,incendio,-7.2643,-76.4783
67144,no_incendio,-5.748428283636171,-75.60096771532396
67151,no_incendio,-7.25129246536618,-76.47983941905308
67159,incendio,-8.3101,-76.5707
67161,no_incendio,-6.402069451962711,-76.21591146142134
67169,incendio,-7.1923,-76.6488
67178,incendio,-5.8639,-76.2586
67188,no_incendio,-6.010451782777754,-76.65548557621318
67195,no_incendio,-6.834300186862358,-76.1605435782697
67204,incendio,-7.1894,-76.6323
67215,incendio,-6.6465,-76.0857
67217,no_incendio,-7.2889510765606325,-76.46654281298771
67218,incendio,-6.0933,-77.0743
67227,incendio,-5.765,-76.6251
67235,incendio,-8.356,-77.0853
67236,no_incendio,-6.616039268330141,-77.35690054867337
67240,incendio,-5.7667,-76.4681
67241,incendio,-7.3039,-75.5027
67247,incendio,-7.3083,-76.1394
67251,no_incendio,-5.712970448713469,-77.45936672905775
67259,no_incendio,-5.307511492937007,-75.87055498280709
67265,no_incendio,-6.367884072608207,-76.17501426406548
67267,no_incendio,-6.0017769805371435,-76.54978075200272
67271,no_incendio,-5.3928610006268665,-76.95098681919762
67273,no_incendio,-6.822682837524565,-76.01658832939721
67276,incendio,-6.4851,-76.3629
67279,incendio,-5.5357,-75.9147
67280,no_incendio,-6.923846443514746,-77.29283624638697
67289,incendio,-7.5039,-76.5095
67298,incendio,-8.518,-76.3793
67305,incendio,-7.2746,-76.441
67307,no_incendio,-6.388532043555506,-76.84726928607184
67309,no_incendio,-6.156942123129494,-76.92567844755888
67313,no_incendio,-6.717293792016525,-75.64014245587184
67318,no_incendio,-6.6817259124413635,-75.77879648666988
67324,incendio,-8.3472,-76.4068
67328,no_incendio,-6.671397085491674,-75.72724206195927
67346,no_incendio,-7.188428352306568,-77.29319926370498
67350,incendio,-7.6055,-76.4893
67352,no_incendio,-7.250518418431454,-77.39731384590523
67356,no_incendio,-6.114431837075887,-77.3791914454974
67360,incendio,-7.6114,-76.6319
67363,incendio,-8.425,-76.3131
67368,incendio,-6.4837,-76.8973
67369,incendio,-6.4996,-75.9206
67377,no_incendio,-5.457985826162461,-76.51538649315398
67382,incendio,-7.549,-76.5229
67386,incendio,-8.7627,-76.0912
67389,no_incendio,-6.152183459458481,-75.52419970077695
67390,no_incendio,-7.099688871826168,-75.91020418997267
67394,incendio,-6.8153,-76.492
67398,no_incendio,-6.324884637478815,-77.29362980195512
67401,no_incendio,-6.060981828013205,-76.61589601950963
67413,no_incendio,-7.0475824644559095,-77.00777977835193
67416,no_incendio,-5.371121123003669,-76.78705780536207
67419,incendio,-7.4067,-76.644
67421,no_incendio,-5.881820929193948,-76.58450370780717
67423,incendio,-7.1221,-76.114
67426,incendio,-6.5879,-77.4089
67432,incendio,-7.4341,-76.7402
67434,incendio,-5.6717,-77.4379
67437,incendio,-5.8507,-76.1808
67443,no_incendio,-7.43096053916798,-75.91112977240851
67446,incendio,-7.1525,-76.8618
67458,no_incendio,-5.4956287964108785,-77.39970137101125
67480,incendio,-7.7454,-76.699
67482,incendio,-6.6332,-76.7274
67484,incendio,-8.3517,-76.3173
67487,incendio,-6.6624,-76.607
67489,no_incendio,-7.089719383654557,-75.94940066492136
67492,no_incendio,-5.937659253977012,-77.34942172737706
67497,incendio,-7.3194,-76.8962
67501,no_incendio,-5.6819042694428346,-76.21370978152449
67504,incendio,-8.7115,-76.848
67505,no_incendio,-6.812990607089626,-75.70820307560577
67506,incendio,-6.1502,-76.3553
67508,incendio,-8.3655,-76.5419
67516,incendio,-6.6833,-76.7491
67520,incendio,-7.4912,-76.4519
67523,incendio,-6.1604,-76.1563
67524,incendio,-5.8059,-77.1899
67527,incendio,-5.8792,-76.0442
67529,incendio,-7.0073,-76.8816
67539,incendio,-7.4692,-76.5802
67541,incendio,-6.1356,-76.901
67542,no_incendio,-7.158262650594558,-76.17139715257736
67543,no_incendio,-7.2237762907302,-75.57516855360699
67544,no_incendio,-5.459589434430045,-76.77318023823041
67545,incendio,-5.9895,-77.2749
67556,incendio,-5.9081,-76.3776
67557,incendio,-7.4738,-76.665
67563,no_incendio,-5.393926083579098,-77.3710588373999
67569,no_incendio,-7.322815935895123,-76.7836025186051
67573,incendio,-8.6704,-77.0092
67574,incendio,-6.523,-76.7949
67576,no_incendio,-6.7738595150234,-76.75356063625604
67577,incendio,-6.0979,-77.2798
67580,no_incendio,-7.12053033714668,-76.21891493903652
67589,incendio,-7.2348,-77.0791
67591,incendio,-7.3879,-76.4396
67598,no_incendio,-6.3427644504242675,-77.35180398852548
67603,no_incendio,-7.426285004692227,-76.55235970604326
67610,no_incendio,-5.8499481349063265,-76.00423037206916
67613,incendio,-6.4534,-76.7552
67624,no_incendio,-5.719203795161454,-76.0632701523621
67630,incendio,-6.7307,-76.7343
67633,incendio,-7.173,-77.0989
67642,incendio,-7.3917,-76.6312
67647,no_incendio,-5.976958562482058,-76.80488821989493
67652,incendio,-7.4143,-76.5888
67653,incendio,-6.9337,-76.2397
67660,incendio,-8.3677,-76.413
67665,no_incendio,-7.000185157265019,-76.24279253564121
67667,no_incendio,-6.763422719650261,-75.74420107703415
67669,incendio,-6.0461,-76.8229
67671,incendio,-8.2447,-77.6914
67674,incendio,-7.8438,-76.7462
67685,no_incendio,-6.44311246702837,-76.64720397145403
67686,incendio,-6.6775,-75.6017
67692,no_incendio,-6.402069451962711,-76.21591146142134
67694,incendio,-5.8709,-76.5535
67708,no_incendio,-5.399746644332469,-76.68187059720576
67710,incendio,-7.6095,-76.6828
67714,incendio,-7.2409,-76.3307
67720,incendio,-8.305,-76.6426
67721,no_incendio,-6.694264893002906,-76.05015609684683
67726,no_incendio,-7.1695522446443345,-76.10103400972879
67741,incendio,-7.2086,-76.847
67747,incendio,-7.5314,-76.5144
67754,incendio,-7.1776,-76.6098
67772,no_incendio,-6.237716755759431,-77.39156311979332
67774,no_incendio,-6.010451782777754,-76.65548557621318
67777,no_incendio,-5.374155680654134,-76.14052405499798
67778,incendio,-7.5594,-76.4428
67785,incendio,-7.4466,-76.4403
67787,no_incendio,-5.7630676382897414,-75.77232686505347
67789,incendio,-7.071,-76.8264
67791,no_incendio,-7.511471498657587,-77.0305776349507
67800,no_incendio,-5.412071364186887,-77.00251056339543
67807,incendio,-7.3236,-76.7271
67813,incendio,-7.427,-76.691
67814,no_incendio,-6.249559347527708,-77.38514191347497
67822,incendio,-7.136,-76.5749
67825,no_incendio,-7.432415046086705,-75.62170917666255
67831,incendio,-7.33,-76.959
67832,no_incendio,-6.937667134670242,-75.79567614590403
67845,incendio,-6.2318,-76.0156
67848,incendio,-7.6009,-76.5073
67850,no_incendio,-6.1922155906112035,-75.54995561422898
67852,no_incendio,-5.404889796153065,-75.52356189843724
67853,incendio,-6.9546,-76.5007
67859,incendio,-7.4236,-76.6325
67861,incendio,-6.9972,-76.8063
67869,incendio,-6.1726,-76.1965
67870,no_incendio,-5.608145245385959,-76.22898397370268
67879,no_incendio,-6.9335165366157545,-76.90717664275962
67885,incendio,-7.4568,-76.6257
67888,incendio,-6.6863,-76.3397
67890,incendio,-7.3826,-76.5645
67892,incendio,-6.8676,-76.4189
67894,no_incendio,-5.817722164420606,-76.05024701906109
67895,incendio,-7.5247,-76.4839
67899,no_incendio,-6.421249722496318,-77.04956463628945
67901,no_incendio,-6.00373135270891,-76.34110147279476
67916,incendio,-6.3252,-76.632
67918,incendio,-7.2014,-77.5955
67920,incendio,-7.4587,-77.5694
67923,incendio,-6.4501,-76.4035
67924,no_incendio,-5.87938832915223,-76.90538612384941
67930,incendio,-5.5762,-76.7159
67934,incendio,-6.6373,-76.2741
67952,incendio,-8.1795,-76.5508
67958,no_incendio,-6.694264893002906,-76.05015609684683
67959,incendio,-7.0923,-76.4656
67960,no_incendio,-5.49325291733823,-76.90069379643876
67964,no_incendio,-6.1849308797193405,-77.44943428599332
67966,incendio,-6.0087,-76.1674
67968,incendio,-7.6612,-76.4414
67978,no_incendio,-7.456346722108078,-76.20342873895703
67984,no_incendio,-5.546857195256127,-75.81190178678054
67987,incendio,-6.8943,-76.6075
67997,incendio,-7.0426,-76.1693
68003,incendio,-5.8976,-76.1104
68004,no_incendio,-6.156942123129494,-76.92567844755888
68008,incendio,-8.6973,-76.3382
68009,incendio,-7.4494,-76.7643
68011,no_incendio,-6.976092489979531,-77.35059361204593
68016,no_incendio,-5.66978916869293,-75.78583352536694
68018,incendio,-6.861,-76.5467
68026,no_incendio,-6.56442664767728,-76.08300934140289
68029,incendio,-6.4033,-76.6013
68032,incendio,-7.2321,-76.4755
68037,incendio,-5.9772,-76.2921
68049,incendio,-7.2889,-77.0321
68055,no_incendio,-5.846023239980903,-75.59058432825728
68056,no_incendio,-6.671397085491674,-75.72724206195927
68064,no_incendio,-7.560257578514154,-75.8825568546828
68065,incendio,-6.6987,-76.5103
68069,no_incendio,-5.778538304462726,-77.27874829265495
68070,no_incendio,-7.486384119244431,-77.33522717320785
68072,incendio,-6.8466,-76.9055
68074,incendio,-8.3801,-76.2297
68076,no_incendio,-5.926005528348797,-76.66451761423114
68077,no_incendio,-6.191430391246121,-75.84894878803162
68080,no_incendio,-6.224885960981276,-76.91366721974305
68098,no_incendio,-6.0636997194620585,-76.98817967024722
68099,incendio,-5.8407,-75.9482
68103,no_incendio,-5.40191525194851,-77.41832441514279
68105,no_incendio,-5.719203795161454,-76.0632701523621
68109,no_incendio,-6.768773690834417,-77.41433372649782
68118,no_incendio,-6.300702389014246,-76.09062532956851
68126,incendio,-8.7739,-76.7321
68130,incendio,-7.6018,-76.4633
68132,incendio,-6.7647,-76.5184
68135,no_incendio,-6.44311246702837,-76.64720397145403
68139,no_incendio,-6.79327379780416,-76.83578661930616
68142,no_incendio,-5.908177822401652,-76.8838396640829
68147,no_incendio,-5.716829315463946,-76.6884283959595
68150,no_incendio,-5.885065132570478,-75.64334405460914
68151,no_incendio,-7.547004527368286,-77.14424900414204
68153,no_incendio,-6.026471909112164,-76.38280873739679
68155,incendio,-7.4568,-76.2619
68157,no_incendio,-5.924081807664306,-77.5419305607915
68159,incendio,-5.8997,-76.2995
68161,no_incendio,-5.618910457397299,-76.39046295133087
68169,incendio,-7.3434,-76.3093
68183,incendio,-6.4909,-76.5671
68185,incendio,-5.9161,-75.9349
68187,incendio,-6.8474,-76.5259
68215,incendio,-7.2256,-76.3513
68221,no_incendio,-7.404587411347148,-77.48236039818194
68230,incendio,-5.7527,-76.0666
68235,incendio,-8.3669,-76.2445
68237,incendio,-7.0701,-76.771
68248,no_incendio,-6.4891729979787565,-76.11291535541001
68251,incendio,-5.7006,-76.6597
68253,no_incendio,-6.1464831206689965,-77.21946152659409
68264,no_incendio,-6.727604587458214,-76.26589680418019
68265,incendio,-7.4107,-76.5453
68269,incendio,-7.5686,-76.448
68270,incendio,-6.4971,-77.4082
68272,no_incendio,-5.374155680654134,-76.14052405499798
68277,incendio,-6.6393,-76.7655
68279,incendio,-7.3254,-76.922
68281,incendio,-5.7399,-76.0972
68286,no_incendio,-5.432202072011853,-76.59374002276904
68293,no_incendio,-5.543275857949961,-76.36401463997392
68294,incendio,-7.3562,-76.7249
68297,incendio,-5.8958,-76.981
68304,no_incendio,-7.07173503300346,-76.39313006840234
68308,no_incendio,-6.156444886914189,-76.11831601972577
68312,incendio,-7.1111,-76.0564
68315,no_incendio,-7.228019173352536,-75.83265543127759
68316,incendio,-7.1097,-76.6843
68319,incendio,-7.293,-76.5831
68320,incendio,-6.7463,-77.5106
68328,no_incendio,-5.5896376031918615,-76.35252920094948
68334,incendio,-6.1855,-76.7879
68337,no_incendio,-6.1592934714330285,-77.34475903708392
68341,incendio,-6.9971,-76.1225
68350,no_incendio,-7.391919899350189,-76.53710558307176
68361,incendio,-8.2748,-76.7024
68365,no_incendio,-5.576401103022335,-75.65589793985158
68367,incendio,-6.4916,-76.5975
68372,incendio,-7.406,-76.8291
68373,no_incendio,-5.523597492537125,-76.54848022376082
68380,no_incendio,-7.143300333347583,-76.01076815200116
68382,incendio,-7.5056,-76.5181
68383,incendio,-8.5225,-76.3848
68386,incendio,-8.0249,-77.2375
68395,incendio,-8.3052,-76.5703
68414,no_incendio,-5.8091800479019735,-77.2012977286717
68424,incendio,-6.1433,-75.9879
68431,incendio,-8.3609,-76.524
68435,incendio,-7.4428,-76.5822
68438,incendio,-7.4564,-76.6268
68440,no_incendio,-6.525571951158751,-77.30569775147015
68443,incendio,-7.0521,-76.8265
68446,incendio,-6.5475,-75.7397
68465,no_incendio,-5.5463833686959125,-76.92476001499328
68466,incendio,-6.5268,-76.9142
68467,no_incendio,-5.561920884041726,-75.5653879895247
68468,incendio,-6.7386,-76.6824
68470,incendio,-7.0958,-76.5403
68480,incendio,-7.3436,-76.9212
68484,no_incendio,-5.9969306066925245,-75.59395245076587
68487,incendio,-7.6408,-76.4773
68490,incendio,-5.8648,-77.0821
68494,incendio,-6.8545,-76.7564
68500,incendio,-7.4185,-76.8186
68503,incendio,-7.4595,-76.5176
68505,incendio,-7.1309,-76.2675
68509,no_incendio,-6.444054607789215,-75.60852282337595
68521,no_incendio,-6.396864121936975,-76.4851873457876
68523,incendio,-7.0215,-76.267
68524,no_incendio,-7.390169812745361,-75.85173982819381
68526,no_incendio,-7.357911846364595,-77.10667831143273
68549,no_incendio,-7.5348116135080625,-76.04270078901092
68565,no_incendio,-7.579867389663157,-75.5999817001758
68568,incendio,-6.7139,-76.6837
68571,incendio,-6.6289,-76.6164
68576,incendio,-7.1525,-76.303
68579,no_incendio,-6.227801736418022,-76.3562846673644
68580,incendio,-7.5382,-76.5464
68582,no_incendio,-7.183923927473843,-76.41258057222892
68587,no_incendio,-5.317490731831781,-77.05291423448321
68589,no_incendio,-5.826799302537919,-75.73782519899997
68590,no_incendio,-6.519206979509828,-76.45089641887259
68592,no_incendio,-7.5993037570991975,-77.49364640835546
68600,incendio,-6.069,-77.2099
68606,no_incendio,-6.446999968584335,-76.20534088443561
68610,no_incendio,-7.014916061647587,-75.71674408231947
68612,incendio,-7.3944,-76.5549
68613,no_incendio,-5.8570726019942425,-76.40667258173919
68614,no_incendio,-6.763422719650261,-75.74420107703415
68615,no_incendio,-5.699419411757933,-76.10583548301037
68616,incendio,-8.2998,-76.3732
68619,no_incendio,-5.636606643396935,-75.65023157423232
68622,incendio,-6.4595,-75.9003
68623,incendio,-6.4848,-76.5526
68627,incendio,-6.3853,-75.8317
68629,no_incendio,-5.721753234372427,-77.04300744557013
68641,no_incendio,-6.447996016247126,-77.41234607167007
68649,no_incendio,-6.434453669791493,-76.35359643649942
68656,incendio,-6.1557,-76.8167
68657,incendio,-7.2973,-77.631
68658,no_incendio,-7.353333723942861,-76.86451079953567
68659,no_incendio,-7.589730303914846,-76.05435857716274
68661,no_incendio,-7.192676000546934,-77.13476748134192
68668,no_incendio,-5.8570726019942425,-76.40667258173919
68676,incendio,-6.2891,-75.8879
68677,incendio,-7.2974,-76.71
68695,no_incendio,-6.808642932215501,-75.79916533133496
68707,incendio,-6.8731,-76.3973
68710,no_incendio,-5.501045309864604,-77.33293151035834
68711,no_incendio,-6.224885960981276,-76.91366721974305
68720,incendio,-6.3555,-75.5832
68722,incendio,-7.4868,-76.3673
68724,incendio,-6.6959,-76.6462
68727,incendio,-7.5211,-76.3812
68729,incendio,-8.6001,-76.5616
68733,incendio,-7.1655,-77.0874
68736,incendio,-8.416,-76.7473
68741,no_incendio,-6.691674214621824,-77.20756079690301
68744,incendio,-7.005,-76.7804
68750,incendio,-7.4232,-77.7992
68757,incendio,-7.504,-76.6111
68762,incendio,-6.8636,-76.6209
68764,incendio,-6.4284,-75.7416
68768,incendio,-7.9315,-76.6663
68771,incendio,-6.4937,-76.3659
68774,no_incendio,-5.315273849835721,-75.96752969040406
68781,no_incendio,-5.40191525194851,-77.41832441514279
68785,no_incendio,-7.52002816732032,-76.85728021112728
68788,no_incendio,-6.698529470828457,-76.28501109879417
68790,no_incendio,-6.216596629515713,-76.33055988016247
68792,no_incendio,-6.857236383262051,-76.76658169794014
68794,incendio,-8.0513,-76.6062
68795,incendio,-7.4576,-76.2337
68798,incendio,-7.254,-76.6828
68800,no_incendio,-6.038754568131664,-76.35371867515885
68801,incendio,-8.6651,-76.7591
68802,incendio,-7.1135,-76.3469
68805,no_incendio,-7.3138551861663785,-76.44974049103283
68809,no_incendio,-6.883760214306626,-75.62202390814382
68813,no_incendio,-6.74885592845062,-76.02672128613708
68815,no_incendio,-5.6874479423727555,-75.79801976537915
68817,incendio,-6.3981,-75.7981
68818,no_incendio,-7.247461423234719,-75.57023459371909
68819,no_incendio,-6.12520459976937,-77.49886350154438
68823,incendio,-5.9839,-76.0978
68826,incendio,-6.0349,-76.1055
68834,incendio,-7.488,-76.4407
68837,incendio,-6.6455,-75.6112
68838,incendio,-7.0633,-76.399
68840,incendio,-5.6701,-77.4264
68851,no_incendio,-5.49005851410074,-77.39191865885853
68852,incendio,-6.5511,-76.7441
68853,incendio,-7.3135,-77.043
68855,incendio,-5.8916,-76.3832
68862,incendio,-5.924,-75.9571
68864,no_incendio,-7.327169653945901,-75.96963671647885
68866,incendio,-7.2538,-76.7023
68867,incendio,-6.5473,-75.7031
68873,incendio,-8.4087,-76.338
68874,no_incendio,-5.525473635438348,-76.97243620940135
68877,incendio,-8.5719,-76.8603
68879,no_incendio,-6.396864121936975,-76.4851873457876
68882,incendio,-6.0764,-75.8386
68887,incendio,-6.7158,-76.4674
68888,no_incendio,-7.230653311251528,-76.66188363656903
68889,incendio,-6.774,-76.7138
68895,no_incendio,-6.253426709313807,-77.08659131097349
68896,no_incendio,-6.064542854980353,-77.18213602611725
68898,no_incendio,-6.890502660955485,-77.28521359628384
68903,incendio,-6.2818,-75.8608
68910,incendio,-6.9968,-76.8897
68913,incendio,-8.7356,-76.2504
68915,incendio,-8.1016,-77.742
68921,no_incendio,-6.887017706594157,-77.30533643415299
68923,incendio,-6.0927,-76.0341
68929,incendio,-7.2623,-76.652
68934,incendio,-5.9687,-76.0616
68935,no_incendio,-6.73154658128307,-77.37224800507184
68940,no_incendio,-6.6577808572271095,-76.08571031789008
68945,no_incendio,-7.347824110154567,-75.82503332128289
68946,incendio,-6.8396,-76.6505
68954,incendio,-6.9913,-76.5735
68956,no_incendio,-5.87094442046127,-77.0385590368228
68957,incendio,-7.2917,-76.8136
68964,incendio,-6.7531,-76.7187
68974,no_incendio,-5.789563027304849,-76.53201355790475
68983,incendio,-7.8744,-76.6911
68989,incendio,-6.9741,-76.7952
68994,incendio,-6.8758,-76.6268
69001,incendio,-8.4216,-76.494
69002,incendio,-7.8359,-76.7443
69007,no_incendio,-6.442429492492132,-75.8210206317141
69017,incendio,-7.2145,-76.0325
69022,incendio,-5.9396,-75.9289
69028,no_incendio,-7.188505073730313,-76.90328431055737
69033,no_incendio,-7.5348116135080625,-76.04270078901092
69036,incendio,-6.9223,-76.63
69041,incendio,-6.5483,-76.1158
69047,no_incendio,-5.630317607867646,-76.28664530211917
69050,no_incendio,-6.323745703888591,-76.07826663303581
69052,no_incendio,-7.147843120370421,-77.31448550971452
69053,incendio,-6.0349,-77.2337
69071,no_incendio,-5.576377400601263,-76.00886183713747
69080,no_incendio,-6.8808047229850295,-76.28180482094469
69088,incendio,-8.3809,-76.7368
69097,no_incendio,-5.83397648887431,-77.22981106334638
69099,incendio,-7.3274,-76.3638
69101,no_incendio,-6.081693229189671,-76.04554760839422
69102,incendio,-6.4903,-76.588
69107,no_incendio,-5.936247863486473,-77.30432777805068
69110,incendio,-7.3013,-77.5887
69114,incendio,-7.1573,-76.6554
69127,incendio,-6.1107,-75.9736
69130,no_incendio,-6.140012467892716,-77.09722529665582
69133,no_incendio,-6.326986282349614,-75.6142180056652
69143,no_incendio,-6.756685989962618,-75.83002754028344
69146,incendio,-7.1696,-76.3905
69152,no_incendio,-7.062719614900722,-75.90547044520231
69160,incendio,-5.6725,-76.6442
69164,no_incendio,-6.702659611656615,-77.00358407805038
69170,no_incendio,-6.5564240987934905,-76.79797957202473
69173,incendio,-6.9131,-76.6474
69179,incendio,-5.4736,-76.7797
69181,incendio,-6.9707,-76.4599
69192,incendio,-7.2181,-76.9615
69197,incendio,-7.1702,-76.7423
69200,no_incendio,-7.3820884546139,-76.13227467193721
69206,no_incendio,-5.441048358116876,-77.52077786090675
69207,no_incendio,-6.332355926126756,-76.57852424451565
69208,incendio,-6.7904,-76.3774
69209,incendio,-7.494,-76.6838
69210,no_incendio,-5.360774716680023,-76.65130740948035
69214,incendio,-6.9813,-76.536
69217,no_incendio,-6.4156514594615395,-77.50323228806793
69222,no_incendio,-6.003436470117687,-77.4174804711691
69227,incendio,-7.5429,-76.6796
69233,no_incendio,-5.992720265748597,-76.93502157829727
69241,incendio,-7.5002,-76.5675
69242,no_incendio,-6.980365789444828,-76.90654360978435
69244,no_incendio,-5.813466395394225,-76.54314458566375
69252,no_incendio,-6.892866951927303,-75.87172300219687
69272,no_incendio,-6.122241228202742,-76.97601645146484
69275,no_incendio,-5.364004538303699,-76.51587462337326
69279,no_incendio,-5.882755427823639,-77.51237097659782
69280,incendio,-7.3881,-76.6697
69281,no_incendio,-5.5463833686959125,-76.92476001499328
69282,no_incendio,-5.636606643396935,-75.65023157423232
69283,no_incendio,-6.6229879670061225,-75.80299704996388
69297,no_incendio,-6.859834032339221,-77.17846783969736
69298,no_incendio,-5.5369399299131885,-77.31171501653961
69303,incendio,-6.2019,-76.0826
69306,incendio,-8.4694,-76.4616
69307,no_incendio,-6.22075638484601,-75.88403940669497
69308,no_incendio,-7.316542689651407,-77.09719219444501
69327,incendio,-8.7123,-76.1528
69333,incendio,-6.2503,-75.8183
69342,incendio,-8.6051,-76.2977
69344,incendio,-6.5289,-76.3965
69347,incendio,-7.2664,-76.6409
69355,incendio,-6.6662,-76.7228
69356,incendio,-7.3202,-76.9538
69358,no_incendio,-5.487710562433828,-76.3714568595569
69360,incendio,-6.6139,-76.6985
69361,incendio,-5.7613,-77.2478
69367,incendio,-7.1369,-76.2692
69375,no_incendio,-5.631534863423365,-75.5444078955286
69400,no_incendio,-7.154379449162653,-76.23880537117174
69401,no_incendio,-5.612907306182736,-76.9815155721773
69402,no_incendio,-7.324938939394847,-75.95193264911674
69407,no_incendio,-6.623625617650361,-76.4412657181978
69412,no_incendio,-7.468820255868223,-76.21884389702247
69425,incendio,-5.9559,-76.4819
69427,incendio,-8.0877,-76.7584
69429,incendio,-6.8305,-76.59
69437,no_incendio,-6.87454750287368,-76.95714014507665
69451,incendio,-7.0102,-76.5975
69457,incendio,-7.4143,-76.8518
69461,no_incendio,-5.881820929193948,-76.58450370780717
69464,incendio,-6.0878,-75.932
69467,no_incendio,-6.535327617861432,-76.18785766882165
69468,no_incendio,-5.977893876843185,-76.20383698117358
69471,incendio,-7.362,-76.9436
69482,incendio,-6.8617,-76.7879
69485,no_incendio,-7.457798199513177,-76.25066528876945
69487,no_incendio,-6.046941056590012,-76.4497684025493
69490,incendio,-6.5542,-77.5939
69496,no_incendio,-5.937825755560712,-77.54131014900841
69497,incendio,-7.0978,-76.5723
69503,no_incendio,-5.797671068529707,-76.36918688461087
69509,no_incendio,-5.662370106905432,-77.07535731755083
69510,incendio,-6.5564,-76.5538
69513,no_incendio,-6.617504610391747,-77.25647472773994
69519,no_incendio,-5.3838831063176515,-76.49104845789617
69535,incendio,-6.9478,-76.5157
69538,no_incendio,-5.7826453397308155,-77.3905226367299
69540,incendio,-7.0826,-76.8808
69543,incendio,-6.5702,-76.4717
69545,incendio,-6.2645,-76.1815
69547,no_incendio,-5.509842715479968,-77.22974622552158
69549,incendio,-6.8165,-76.7755
69551,incendio,-7.557,-76.7331
69555,incendio,-8.2481,-76.6486
69557,incendio,-6.8801,-76.4782
69563,incendio,-7.1966,-76.5025
69566,no_incendio,-5.646223843039662,-77.22265388647651
69574,incendio,-6.6575,-76.2317
69579,incendio,-7.5742,-76.5526
69582,incendio,-5.7691,-76.0752
69584,incendio,-8.4241,-76.2737
69586,incendio,-7.4997,-76.1909
69588,no_incendio,-5.693308964023421,-77.38488694411686
69599,no_incendio,-5.326540128955467,-75.8192880237214
69600,incendio,-7.6925,-76.4673
69603,no_incendio,-6.064968975705764,-75.80158619111924
69610,incendio,-6.5365,-76.3786
69615,no_incendio,-5.818727365285151,-76.86751655981939
69618,incendio,-7.3966,-76.3885
69619,no_incendio,-7.582363301360768,-76.43607509989434
69625,no_incendio,-6.442429492492132,-75.8210206317141
69628,incendio,-7.1131,-76.1948
69631,no_incendio,-7.237010441563305,-76.53847008307255
69633,no_incendio,-7.388452210624765,-77.20638603731945
69639,incendio,-7.521,-76.4259
69642,no_incendio,-7.005255736259935,-76.42804994495515
69646,no_incendio,-7.345060499544703,-77.11825976617006
69648,no_incendio,-7.232373566693578,-77.33989801092913
69658,incendio,-7.57,-76.4146
69660,no_incendio,-6.9712876814104,-75.72933923833854
69670,incendio,-8.5216,-75.5448
69671,no_incendio,-6.324852338083002,-77.32158487709337
69675,no_incendio,-7.106983766497296,-76.41530269638099
69683,no_incendio,-6.04175420458928,-75.6154818462728
69690,incendio,-7.0869,-76.1028
69692,no_incendio,-7.564076009944549,-75.89157611790941
69694,incendio,-7.4285,-76.5373
69698,incendio,-8.2999,-76.586
69706,incendio,-8.459,-76.3544
69707,incendio,-5.7279,-76.2571
69708,no_incendio,-6.09087742872903,-76.39432793529913
69715,no_incendio,-6.564347270784287,-75.8738633840426
69725,no_incendio,-5.559553740329016,-76.98206356543957
69735,incendio,-5.6995,-76.4564
69736,no_incendio,-7.217469611041255,-75.6059674027119
69738,no_incendio,-7.196044028055804,-76.77405078763431
69742,incendio,-7.5643,-76.4213
69749,no_incendio,-7.37285257220338,-75.85397128431137
69751,incendio,-5.8865,-75.9828
69757,incendio,-8.2966,-76.5611
69770,incendio,-8.4421,-76.8385
69776,no_incendio,-5.7532005563442,-76.81683301115936
69778,incendio,-6.8714,-76.1762
69783,incendio,-7.3103,-75.5792
69786,no_incendio,-7.010865933982342,-76.63167881965191
69787,incendio,-6.5625,-76.5537
69796,no_incendio,-7.080940596432744,-77.316377811303
69815,incendio,-6.223,-76.0835
69823,no_incendio,-5.592843733729189,-75.8469852314677
69834,incendio,-5.6952,-76.1748
69838,incendio,-6.0936,-76.2208
69841,no_incendio,-7.301346263959235,-76.9768322825311
69843,incendio,-7.0308,-76.6292
69846,no_incendio,-6.9398975097013755,-76.27516039033146
69847,no_incendio,-7.552000736404346,-77.05977682552361
69848,incendio,-6.3488,-76.7521
69851,incendio,-6.8645,-76.4996
69852,no_incendio,-6.36044395346056,-75.72277954497737
69853,incendio,-5.6575,-76.199
69857,no_incendio,-6.007162927883913,-76.5503319635523
69858,no_incendio,-6.269160672028454,-77.26185240867942
69861,no_incendio,-6.040209440060914,-75.6194334979568
69863,incendio,-6.2708,-76.1759
69864,incendio,-7.2714,-76.5652
69865,no_incendio,-5.930404217360228,-76.53983487852608
69867,no_incendio,-6.542252546530441,-76.69178298792589
69890,no_incendio,-6.673178207902485,-77.4048318758823
69891,no_incendio,-5.3860874889168056,-76.83704410013208
69898,no_incendio,-6.250766771982882,-76.67346707047133
69900,incendio,-6.6424,-76.4276
69901,incendio,-7.0707,-76.4457
69906,incendio,-7.561,-76.3855
69915,incendio,-6.5326,-76.2905
69923,no_incendio,-5.518725698266722,-76.04231826723102
69931,incendio,-5.9006,-76.2927
69938,incendio,-6.2012,-76.9914
69943,no_incendio,-6.491284059337684,-76.25746904489338
69945,no_incendio,-7.4500171761306255,-77.030145813453
69955,incendio,-8.413,-76.2507
69962,incendio,-6.3424,-75.8659
69967,incendio,-7.4279,-76.5413
69968,no_incendio,-6.4643629782720495,-76.22804730377794
69969,no_incendio,-6.895407353104692,-76.79676810992372
69977,no_incendio,-5.670265351646696,-76.15936780244608
69988,incendio,-6.1977,-76.0685
69995,incendio,-6.8362,-76.5302
69999,incendio,-6.5019,-77.0422
70002,no_incendio,-7.189575486518889,-75.71595612356288
70005,no_incendio,-5.87094442046127,-77.0385590368228
70013,incendio,-7.3331,-76.4068
70026,incendio,-5.7533,-76.5106
70052,no_incendio,-5.798404361194972,-75.81527300196596
70059,incendio,-7.1909,-77.0309
70061,no_incendio,-5.5797385570843945,-76.68051881795166
70063,no_incendio,-5.591020062659783,-76.63960042736485
70074,incendio,-8.6037,-76.3035
70077,incendio,-5.6958,-75.9098
70083,no_incendio,-5.728382445396997,-77.12017555927592
70088,no_incendio,-6.183798772159494,-75.95166434619192
70090,no_incendio,-6.5603093207023875,-76.81459925787705
70091,no_incendio,-5.928392145710498,-76.5403998802667
70094,incendio,-7.3029,-75.5536
70097,incendio,-7.5444,-76.4204
70099,incendio,-5.8188,-76.1428
70102,no_incendio,-6.788644402631232,-76.08655221338569
70106,incendio,-6.5801,-75.6283
70121,incendio,-6.8763,-76.499
70124,incendio,-7.4377,-76.4559
70131,no_incendio,-5.555763303802058,-77.3394188883658
70132,no_incendio,-6.271617281791801,-76.2353167311132
70147,incendio,-6.3361,-76.6501
70149,no_incendio,-5.734596234605278,-76.54404736792905
70165,incendio,-6.6206,-76.4221
70172,no_incendio,-6.260865842963683,-76.65344397081381
70176,no_incendio,-7.388452210624765,-77.20638603731945
70179,no_incendio,-7.233369543625463,-75.83176043083628
70187,incendio,-6.1421,-76.0713
70189,incendio,-7.2569,-76.6171
70191,incendio,-7.5004,-76.6216
70192,incendio,-5.7006,-77.2652
70202,incendio,-7.3627,-76.6207
70205,incendio,-6.0893,-77.0304
70207,incendio,-7.0669,-76.1583
70208,no_incendio,-7.213623333493973,-77.17840648744146
70214,incendio,-6.1847,-76.7392
70218,incendio,-6.6776,-77.7945
70219,no_incendio,-6.156444886914189,-76.11831601972577
70221,no_incendio,-7.086474485794749,-76.34589785341001
70229,no_incendio,-6.705083355769138,-77.07784196502678
70231,no_incendio,-7.150450269408023,-77.18839409410428
70234,incendio,-6.6688,-76.2421
70236,incendio,-6.1212,-76.1043
70243,incendio,-6.6509,-76.4699
70256,incendio,-5.898,-76.1161
70258,incendio,-6.7715,-76.6653
70265,no_incendio,-6.050469228584658,-76.73736427886188
70270,no_incendio,-7.1439208952470965,-77.38092521559295
70274,no_incendio,-7.150450269408023,-77.18839409410428
70283,no_incendio,-6.057689001760209,-76.31599873271878
70287,no_incendio,-5.369370124540203,-77.53041632467286
70288,incendio,-8.3782,-76.538
70292,no_incendio,-7.423279850513975,-76.1929127649397
70293,incendio,-7.4376,-76.6878
70297,incendio,-6.2845,-75.8402
70300,no_incendio,-7.006429626529349,-76.40821160101947
70311,incendio,-7.1503,-76.4128
70319,incendio,-6.854,-76.6258
70323,no_incendio,-7.217722844984081,-77.2235426849214
70325,no_incendio,-5.875159377973664,-77.1185525314163
70328,incendio,-5.6541,-76.2148
70333,no_incendio,-5.7006314608305315,-76.5774762709844
70334,no_incendio,-5.734596234605278,-76.54404736792905
70335,incendio,-5.861,-76.0319
70341,incendio,-7.4831,-76.4533
70342,no_incendio,-7.199216978961617,-75.9477990392911
70343,no_incendio,-7.180456049019163,-77.4128118764767
70344,incendio,-5.8743,-76.002
70345,incendio,-7.7021,-77.4706
70356,incendio,-7.5161,-76.5449
70358,incendio,-7.4132,-76.4151
70359,incendio,-7.1498,-76.2048
70367,incendio,-8.6703,-76.3373
70368,incendio,-7.7105,-76.7111
70370,incendio,-7.2809,-76.956
70371,no_incendio,-7.453299052251447,-77.18508562471676
70381,incendio,-7.2691,-76.9963
70384,no_incendio,-6.238722534494159,-76.96599757551694
70386,no_incendio,-7.2373332017811665,-76.09425476964923
70387,no_incendio,-5.978876914297251,-77.26050814725458
70389,incendio,-8.4144,-76.2607
70392,no_incendio,-6.053663067143272,-77.25400416625581
70398,no_incendio,-7.03159653116471,-76.48526719545968
70402,no_incendio,-5.807568980791382,-75.59957931060934
70409,no_incendio,-6.24237475480212,-75.58560175040829
70410,no_incendio,-6.1773004933773406,-76.41533827057219
70415,incendio,-7.4767,-76.5503
70419,no_incendio,-6.698529470828457,-76.28501109879417
70421,incendio,-7.1185,-77.0598
70422,incendio,-6.2081,-75.8874
70428,incendio,-7.2235,-76.5041
70431,incendio,-7.4435,-76.5523
70433,incendio,-7.3736,-76.9271
70441,incendio,-7.228,-76.2667
70444,no_incendio,-5.941437702339227,-76.71661667859928
70466,incendio,-7.3849,-76.6076
70475,incendio,-5.4917,-76.5132
70483,incendio,-6.8629,-76.1361
70485,no_incendio,-6.09585600344774,-76.33181330264762
70486,incendio,-6.5567,-76.7723
70487,incendio,-8.655,-77.4876
70489,no_incendio,-5.747289104744423,-76.88274608576704
70496,incendio,-5.6869,-75.9271
70502,incendio,-7.0356,-77.0868
70507,incendio,-6.898,-76.8768
70508,incendio,-5.7368,-76.144
70510,no_incendio,-6.299525540013742,-76.28555400177144
70518,no_incendio,-7.121678053413924,-76.22436656303664
70520,incendio,-6.1436,-77.0018
70522,no_incendio,-5.928392145710498,-76.5403998802667
70524,no_incendio,-6.4080436516823225,-77.02161843514952
70533,incendio,-7.3909,-76.5657
70536,incendio,-6.2729,-75.9113
70538,incendio,-7.2529,-76.637
70543,no_incendio,-5.916934623864143,-76.40108482987945
70547,incendio,-7.0598,-76.4679
70548,no_incendio,-6.763422719650261,-75.74420107703415
70557,no_incendio,-6.100924085847581,-75.50738744279523
70569,incendio,-7.019,-76.8388
70572,no_incendio,-5.752288568187965,-75.61867904444058
70586,incendio,-7.9578,-76.7092
70588,incendio,-5.8766,-76.0748
70592,no_incendio,-6.590618313605878,-75.87293609884875
70599,incendio,-7.3788,-76.6437
70605,no_incendio,-5.349324419297768,-77.32630960187535
70614,no_incendio,-6.940699761996049,-76.26181884160466
70618,incendio,-6.9633,-76.561
70621,no_incendio,-6.687814799910479,-75.56700420232013
70632,incendio,-6.7338,-77.3173
70637,incendio,-7.3253,-77.6165
70643,no_incendio,-6.823512194602855,-76.05631689166178
70649,no_incendio,-6.654532009707288,-75.5305999621871
70656,incendio,-7.6245,-76.6953
70657,incendio,-6.5321,-76.5805
70667,no_incendio,-7.083533851815549,-75.86202426996425
70680,incendio,-5.6623,-76.6338
70687,no_incendio,-7.527611322889828,-76.67002527157386
70692,no_incendio,-6.699009805364948,-77.20530585140459
70701,incendio,-5.6283,-76.6683
70707,no_incendio,-5.557069716448366,-75.65393079947539
70709,incendio,-5.948,-76.3046
70710,incendio,-7.1101,-76.606
70711,no_incendio,-6.337630898858479,-77.22298031852678
70714,incendio,-6.2711,-76.2603
70716,incendio,-6.3346,-76.3031
70719,incendio,-5.64,-76.5783
70720,incendio,-6.2113,-75.9278
70724,no_incendio,-7.537645825070388,-77.33447245653781
70732,incendio,-7.3971,-76.8583
70738,no_incendio,-6.124908546496211,-75.75141276131208
70740,no_incendio,-7.179164728014299,-77.26673458504925
70746,incendio,-5.9871,-76.2737
70748,incendio,-6.9498,-76.5638
70749,incendio,-5.6973,-76.1238
70750,incendio,-8.2824,-76.53
70754,incendio,-8.6455,-76.1359
70757,incendio,-7.11,-76.5304
70762,incendio,-8.3282,-77.0677
70770,incendio,-8.6479,-76.8206
70773,incendio,-7.3107,-76.6001
70775,incendio,-7.0961,-76.9777
70776,incendio,-7.8241,-76.7194
70790,incendio,-6.1737,-76.2074
70798,no_incendio,-7.208457886315255,-75.76495343289794
70801,incendio,-5.9848,-76.1155
70802,incendio,-7.1475,-76.0754
70810,incendio,-7.3743,-76.6326
70815,no_incendio,-5.811469366759115,-76.0719190251322
70817,incendio,-5.6857,-76.6309
70819,no_incendio,-6.049219022458795,-76.2803636866073
70823,no_incendio,-6.501773263941807,-76.20873227680231
70824,incendio,-6.4174,-76.5983
70826,no_incendio,-6.599957493403006,-76.05770861085986
70835,no_incendio,-7.127093555738052,-76.84105088577114
70851,incendio,-6.8692,-76.5568
70854,incendio,-7.2608,-76.5733
70860,no_incendio,-6.107814853885202,-77.33817072189056
70875,incendio,-8.3012,-76.5951
70877,incendio,-6.0366,-76.1469
70882,incendio,-7.112,-76.516
70886,incendio,-8.5232,-76.3064
70888,incendio,-7.3064,-76.5574
70891,no_incendio,-6.257364517477317,-77.24088667621311
70893,incendio,-7.5393,-76.4356
70904,no_incendio,-5.3088507793034125,-76.33692970134372
70906,no_incendio,-6.439049170355273,-77.46289627422017
70908,incendio,-6.2184,-76.3049
70914,incendio,-6.8916,-76.7422
70919,incendio,-6.6376,-76.7429
70923,incendio,-6.1815,-76.1986
70927,no_incendio,-5.990542250974831,-75.6694532466171
70930,incendio,-8.6063,-76.6358
70931,no_incendio,-6.461789384490803,-77.24534969872819
70934,incendio,-8.6589,-76.3853
70936,incendio,-7.5686,-76.4443
70943,incendio,-7.5192,-76.4834
70948,incendio,-6.7981,-76.3034
70950,no_incendio,-7.5964500853796,-76.68614160369373
70956,incendio,-6.7552,-76.4936
70957,no_incendio,-6.763948396418463,-75.5008846760666
70961,incendio,-7.0558,-77.0728
70963,incendio,-6.0432,-76.1547
70964,incendio,-6.5516,-76.8108
70967,incendio,-6.5759,-75.9903
70968,no_incendio,-6.698529470828457,-76.28501109879417
70975,no_incendio,-6.000321843594466,-77.16959710695784
70978,incendio,-6.6149,-76.2479
70993,incendio,-6.31,-75.8634
70999,incendio,-7.4316,-76.3731
71008,no_incendio,-5.869842375317225,-75.95286206170579
71009,incendio,-7.3224,-76.1754
71011,no_incendio,-6.1029066882194485,-77.35334666324442
71019,incendio,-8.6786,-76.3468
71020,incendio,-5.9547,-76.437
71026,no_incendio,-7.217469611041255,-75.6059674027119
71028,incendio,-6.0368,-76.2494
71031,no_incendio,-6.53325154649785,-76.75115030969212
71032,incendio,-6.5493,-75.6727
71034,incendio,-7.3111,-76.8246
71038,incendio,-7.202,-76.8942
71043,no_incendio,-5.856151465825925,-75.61952647714237
71045,incendio,-5.7345,-75.8419
71048,no_incendio,-6.535140869924569,-76.94972010352429
71056,no_incendio,-5.6698457830937325,-76.36289670664165
71057,incendio,-7.1961,-76.7403
71060,incendio,-7.0494,-76.0796
71067,incendio,-7.1372,-76.7398
71068,no_incendio,-6.080706501829642,-77.17715903994046
71071,incendio,-5.7493,-76.5055
71075,no_incendio,-5.911980434774437,-76.07407858450021
71078,incendio,-7.1156,-76.9473
71083,incendio,-7.9538,-75.5817
71089,no_incendio,-6.763948396418463,-75.5008846760666
71096,no_incendio,-5.849268078249962,-76.0787263818459
71101,incendio,-6.191,-76.2013
71103,no_incendio,-6.974678823081742,-77.45775985292939
71104,incendio,-6.501,-77.4457
71106,no_incendio,-7.06430285125658,-76.42921371383994
71108,incendio,-5.983,-76.2123
71111,incendio,-5.5461,-75.8188
71114,incendio,-8.2834,-76.6552
71119,no_incendio,-7.174304209114396,-76.54277799438324
71127,no_incendio,-6.833720284532176,-77.09053083344739
71128,incendio,-6.7878,-76.5517
71129,incendio,-6.7661,-77.3608
71134,incendio,-6.9117,-76.6378
71135,no_incendio,-6.2062844027818835,-77.2816967062703
71137,no_incendio,-6.0017769805371435,-76.54978075200272
71138,incendio,-8.1797,-76.5122
71141,incendio,-5.9689,-76.1363
71143,no_incendio,-6.309912628737243,-75.57235857764702
71144,no_incendio,-6.54529109912659,-75.69341596269626
71146,incendio,-7.0862,-76.9205
71150,no_incendio,-6.1579628470379655,-75.78726893747826
71152,incendio,-6.94,-76.1933
71157,incendio,-5.908,-76.1821
71172,incendio,-8.5461,-76.4071
71176,incendio,-7.3645,-76.8789
71177,no_incendio,-6.53438876670278,-77.3151143596093
71183,no_incendio,-6.819960436835468,-75.76204305997081
71185,incendio,-6.9055,-76.4557
71187,incendio,-6.0879,-75.9809
71188,incendio,-5.5473,-76.6968
71189,no_incendio,-6.190431376100011,-77.10696325685771
71197,incendio,-8.4565,-76.9038
71198,incendio,-7.5405,-76.7944
71203,no_incendio,-6.25350724604799,-77.4340170352428
71206,no_incendio,-6.257364517477317,-77.24088667621311
71211,incendio,-6.0253,-76.3539
71215,incendio,-6.3147,-75.9442
71225,no_incendio,-5.472748128836409,-77.20935781294484
71226,no_incendio,-6.199800156726071,-75.87903812084684
71228,no_incendio,-5.761894026687926,-76.71626651276603
71229,no_incendio,-7.324938939394847,-75.95193264911674
71230,incendio,-6.6546,-76.6574
71235,incendio,-7.6597,-76.815
71240,incendio,-7.2758,-76.1261
71241,no_incendio,-6.768246356022148,-77.34898684785115
71244,no_incendio,-6.428027041919373,-76.62475957936073
71248,incendio,-6.9841,-76.6919
71251,incendio,-7.6172,-76.6589
71258,incendio,-6.5663,-75.6849
71261,incendio,-8.4305,-76.2983
71272,no_incendio,-5.702740983602372,-76.82721339280745
71275,no_incendio,-6.632429838819291,-76.85546244307059
71276,no_incendio,-5.485150772179796,-77.0821813016382
71280,incendio,-6.9816,-76.1696
71282,incendio,-7.2253,-76.6557
71288,incendio,-6.7522,-76.4061
71290,incendio,-6.5508,-76.569
71291,incendio,-6.5882,-76.0113
71294,no_incendio,-6.049779266057276,-75.95295045421427
71298,no_incendio,-6.7893125147185724,-75.8130856477531
71302,incendio,-5.9428,-77.0784
71304,no_incendio,-6.960339111557958,-75.64609550577184
71308,no_incendio,-6.0457356441581505,-76.76564488218803
71316,no_incendio,-6.931342706605391,-77.24005682830844
71319,incendio,-8.3169,-76.3646
71324,no_incendio,-6.788644402631232,-76.08655221338569
71331,incendio,-5.7283,-75.717
71343,incendio,-7.2149,-76.8089
71349,incendio,-7.3092,-76.6216
71352,no_incendio,-5.849265187399489,-77.52081578278697
71355,no_incendio,-5.826125398643272,-77.25978841596924
71356,no_incendio,-5.869842375317225,-75.95286206170579
71358,no_incendio,-6.707120382693278,-76.63620710614674
71360,incendio,-6.3121,-76.0686
71369,incendio,-7.4174,-76.5861
71375,no_incendio,-7.544493851248457,-76.73397529490327
71378,incendio,-5.8878,-75.9458
71389,incendio,-6.4172,-75.9504
71394,no_incendio,-5.728382445396997,-77.12017555927592
71403,no_incendio,-6.296125170251722,-76.27573079441521
71404,no_incendio,-6.741427767846081,-75.52300413513564
71405,no_incendio,-5.789563027304849,-76.53201355790475
71406,incendio,-7.6026,-76.6847
71416,no_incendio,-5.67746740794027,-76.11677597680215
71423,incendio,-5.7674,-77.0833
71428,no_incendio,-6.79327379780416,-76.83578661930616
71429,no_incendio,-5.68462514388274,-76.77383589546262
71432,incendio,-6.1119,-76.3368
71435,incendio,-7.1758,-76.4867
71445,no_incendio,-6.331956733542304,-77.5021084607029
71447,incendio,-7.5036,-76.4383
71449,incendio,-7.5391,-76.5015
71451,no_incendio,-6.5096234782459765,-76.05722709745423
71458,incendio,-6.2266,-76.687
71462,no_incendio,-5.716829315463946,-76.6884283959595
71465,incendio,-6.8094,-76.4094
71468,incendio,-6.2923,-76.1473
71484,incendio,-7.3136,-76.6141
71489,incendio,-8.6895,-76.0937
71490,incendio,-8.5958,-76.3323
71500,no_incendio,-6.420856851462068,-76.77933512635609
71511,no_incendio,-5.8586832152668595,-76.15130829850591
71515,incendio,-7.2574,-76.6523
71518,no_incendio,-6.6015678247259215,-76.27888093028594
71522,incendio,-5.7378,-76.1031
71527,no_incendio,-6.38076556073537,-76.97858606969272
71528,no_incendio,-7.284463966351714,-76.84480226943248
71530,no_incendio,-5.592210809875936,-75.85957552026237
71536,incendio,-6.4805,-77.2559
71540,incendio,-7.3168,-76.4558
71546,no_incendio,-5.487830888913878,-75.70248261618342
71553,no_incendio,-6.7528370184185675,-75.79463738047077
71557,no_incendio,-5.712986091901971,-76.69466982249243
71563,no_incendio,-5.509842715479968,-77.22974622552158
71572,no_incendio,-5.791181789509089,-77.46024775242152
71583,incendio,-6.1446,-75.9972
71584,no_incendio,-7.457798199513177,-76.25066528876945
71587,no_incendio,-5.607428760846163,-75.61638280541105
71589,incendio,-7.6918,-77.6284
71594,incendio,-6.5007,-76.8041
71595,no_incendio,-6.452984723571151,-76.97534564539009
71605,incendio,-7.697,-76.4998
71608,no_incendio,-6.059607457191615,-77.52385870382261
71627,no_incendio,-7.327451375962066,-77.03090576588977
71650,no_incendio,-6.8267458836303225,-76.04005920267028
71651,incendio,-7.0647,-76.2012
71654,incendio,-7.8729,-76.6838
71657,incendio,-5.4319,-76.6334
71658,incendio,-8.1258,-77.7587
71659,incendio,-6.7787,-76.4843
71665,incendio,-7.0495,-76.889
71670,incendio,-5.9342,-77.0586
71675,incendio,-7.1099,-76.6305
71689,no_incendio,-7.331602369683786,-75.50190770424915
71693,incendio,-7.8032,-77.7511
71696,incendio,-8.4614,-76.2081
71697,no_incendio,-6.618506694977619,-76.00213992327006
71698,incendio,-7.0866,-76.899
71700,incendio,-5.4526,-75.8446
71709,no_incendio,-5.692068833993068,-76.92243000249631
71716,no_incendio,-6.3431574963922905,-76.8897013975212
71717,incendio,-7.3977,-76.8714
71720,no_incendio,-6.40519633681147,-77.40140623826653
71722,no_incendio,-5.3860874889168056,-76.83704410013208
71723,incendio,-5.6961,-77.5399
71729,incendio,-7.393,-76.8413
71732,incendio,-6.8333,-76.5121
71733,no_incendio,-5.996065973339257,-76.13966106255965
71743,no_incendio,-5.968870459553349,-76.92149677654932
71754,incendio,-6.5976,-77.4385
71760,incendio,-7.1277,-76.3644
71763,no_incendio,-6.323745703888591,-76.07826663303581
71767,incendio,-7.3636,-76.0216
71775,incendio,-6.767,-76.7024
71776,incendio,-7.212,-76.6426
71779,no_incendio,-6.040843804619021,-75.5134205645717
71780,incendio,-5.7515,-77.3306
71786,incendio,-5.7822,-77.1508
71791,no_incendio,-6.6726823357299025,-76.74697083453398
71793,incendio,-6.1855,-76.1363
71800,no_incendio,-5.576401103022335,-75.65589793985158
71803,no_incendio,-6.300957997693996,-76.09847737144455
71806,no_incendio,-6.768246356022148,-77.34898684785115
71811,no_incendio,-6.949882284574706,-75.68273295602192
71814,incendio,-6.8756,-76.6204
71819,no_incendio,-6.336768480146276,-75.8898744780929
71835,no_incendio,-7.006429626529349,-76.40821160101947
71843,incendio,-7.1821,-77.0886
71844,no_incendio,-5.815055199872086,-76.00054370091742
71848,incendio,-7.3591,-77.7654
71850,incendio,-7.3561,-76.7533
71851,no_incendio,-5.5797385570843945,-76.68051881795166
71852,no_incendio,-5.451709663906019,-76.0834165906866
71859,incendio,-6.8693,-76.1732
71862,incendio,-7.629,-76.4161
71868,incendio,-5.7455,-77.2757
71871,no_incendio,-7.546681661706002,-77.09086718024028
71875,no_incendio,-6.370500555903968,-77.21187079190732
71879,incendio,-7.3413,-76.2113
71880,no_incendio,-6.501773263941807,-76.20873227680231
71883,incendio,-8.2692,-76.5491
71885,no_incendio,-6.44311246702837,-76.64720397145403
71889,no_incendio,-5.632876376439432,-77.16339501604922
71896,no_incendio,-5.65117658577255,-75.62263099163508
71909,incendio,-6.0721,-75.8395
71911,incendio,-5.6573,-76.5624
71914,incendio,-6.4811,-76.7734
71922,no_incendio,-5.577424926283962,-75.86385660107669
71929,incendio,-7.361,-76.8712
71935,no_incendio,-5.815972204611399,-75.5996631905604
71936,no_incendio,-5.6976044499375105,-76.64278583121316
71938,incendio,-6.9519,-76.2354
71970,incendio,-7.2033,-76.3389
71971,no_incendio,-6.468598557394471,-76.29833017428093
71974,no_incendio,-6.165729925483304,-75.50698017130118
71975,no_incendio,-6.838209877352376,-75.74494612497837
71981,incendio,-5.9983,-76.8474
71986,no_incendio,-5.518901360296995,-75.83606862844933
71987,no_incendio,-6.185102706019143,-75.78932803542219
71989,no_incendio,-6.836006339265761,-75.80496615427175
71991,incendio,-7.478,-76.4501
71993,incendio,-7.2099,-76.3261
72000,no_incendio,-5.523597492537125,-76.54848022376082
72006,no_incendio,-6.827947755317633,-77.24078320536096
72010,incendio,-7.5573,-76.7234
72020,incendio,-6.5902,-77.384
72022,incendio,-7.4875,-76.2462
72031,incendio,-8.1044,-76.7127
72033,no_incendio,-6.041174269159521,-76.02071621272385
72034,incendio,-5.6218,-76.6073
72037,no_incendio,-6.107814853885202,-77.33817072189056
72039,incendio,-7.2725,-76.6837
72045,incendio,-7.0166,-76.5772
72048,incendio,-7.4305,-76.5752
72054,incendio,-6.8869,-76.9496
72058,incendio,-7.3928,-76.8667
72061,incendio,-6.6359,-76.7459
72062,no_incendio,-7.436110407887001,-75.68288184576566
72067,no_incendio,-7.401018606692293,-76.00185651713339
72070,no_incendio,-7.1439208952470965,-77.38092521559295
72073,no_incendio,-5.863508615293079,-77.5457929030888
72082,incendio,-6.7277,-76.6518
72087,no_incendio,-6.812990607089626,-75.70820307560577
72093,incendio,-7.667,-76.742
72102,incendio,-7.4304,-76.5286
72113,incendio,-7.4169,-76.5679
72114,incendio,-8.4714,-76.4597
72131,incendio,-7.0449,-76.133
72134,incendio,-6.0879,-76.1736
72135,no_incendio,-6.324852338083002,-77.32158487709337
72137,incendio,-7.6024,-76.3907
72139,incendio,-7.0537,-76.1242
72143,no_incendio,-7.43096053916798,-75.91112977240851
72148,incendio,-6.5292,-76.4681
72153,incendio,-5.7252,-76.2746
72157,incendio,-7.1683,-76.2149
72165,incendio,-5.746,-76.5262
72171,incendio,-6.5138,-75.6601
72172,incendio,-6.0847,-75.8094
72185,incendio,-5.9975,-76.1358
72190,no_incendio,-5.990542250974831,-75.6694532466171
72192,incendio,-7.0247,-76.1022
72194,no_incendio,-7.111569656244363,-77.04269521527607
72195,incendio,-6.7918,-76.5999
72196,no_incendio,-6.427611857268102,-77.39761535548438
72203,no_incendio,-7.544493851248457,-76.73397529490327
72205,no_incendio,-6.479517291884607,-77.31045667927476
72214,no_incendio,-6.210262345134658,-77.11424996637882
72217,incendio,-6.6696,-76.719
72223,no_incendio,-5.913375544586391,-77.02153912778006
72233,incendio,-6.6067,-76.7494
72234,incendio,-7.5131,-76.5116
72238,incendio,-6.4526,-76.4414
72242,no_incendio,-7.30848813253614,-75.71138002186875
72250,no_incendio,-6.685185816424632,-76.91349326123884
72253,incendio,-7.2185,-76.7079
72259,no_incendio,-6.378904304384582,-76.46012370931685
72261,no_incendio,-6.376048501437837,-77.12747027240657
72262,incendio,-7.0952,-76.2123
72264,no_incendio,-5.6011690570737915,-76.70090683859456
72271,incendio,-5.8518,-76.2563
72274,incendio,-7.2301,-76.2706
72278,no_incendio,-7.247461423234719,-75.57023459371909
72280,no_incendio,-6.376726836973272,-77.35752912688064
72296,incendio,-7.5722,-76.2229
72298,incendio,-7.2344,-76.4734
72299,no_incendio,-6.152311336764004,-75.83217280220295
72300,no_incendio,-5.824960586839608,-76.59374334653756
72305,incendio,-7.9363,-76.6699
72312,incendio,-8.6155,-76.185
72326,no_incendio,-6.326986282349614,-75.6142180056652
72329,incendio,-7.3129,-76.6644
72331,incendio,-5.8336,-76.3501
72333,incendio,-7.1949,-77.6952
72336,incendio,-6.1557,-75.9687
72340,no_incendio,-6.795665285445913,-76.70031335032672
72343,incendio,-5.601,-76.5378
72346,no_incendio,-7.325700741079294,-77.06360146385256
72349,incendio,-6.3909,-76.6507
72350,incendio,-6.654,-76.559
72351,no_incendio,-7.014916061647587,-75.71674408231947
72360,incendio,-6.1184,-76.8537
72361,incendio,-7.8803,-76.762
72363,incendio,-5.8785,-76.9431
72378,incendio,-7.7113,-76.5064
72380,no_incendio,-6.1290157028955905,-75.56386178427238
72381,incendio,-6.5237,-76.29
72386,incendio,-5.8752,-75.9435
72387,no_incendio,-5.733303330887296,-76.64353813041618
72390,no_incendio,-6.606971151394778,-76.7033258603189
72394,incendio,-5.9433,-76.2849
72401,no_incendio,-6.550462961960492,-75.75305667586812
72406,incendio,-6.9138,-76.2049
72412,incendio,-5.7663,-76.52
72413,no_incendio,-5.329749843854847,-75.71078811690217
72424,no_incendio,-5.6011690570737915,-76.70090683859456
72428,incendio,-5.864,-75.9402
72429,incendio,-6.0905,-76.0166
72430,incendio,-8.1702,-76.2834
72433,incendio,-8.0495,-76.6698
72453,incendio,-6.1861,-76.7484
72454,no_incendio,-7.095024308236621,-76.98915064415999
72456,incendio,-7.3552,-76.7341
72460,no_incendio,-7.45728200774953,-76.98588787498541
72472,no_incendio,-7.49572574357337,-75.97213125228711
72476,incendio,-5.7866,-76.2518
72485,no_incendio,-6.664383213747135,-77.16631140190985
72489,no_incendio,-6.3431574963922905,-76.8897013975212
72496,incendio,-7.1706,-76.3639
72509,incendio,-7.3442,-76.9408
72516,incendio,-8.4657,-76.2585
72517,no_incendio,-6.520841370621428,-77.36086106907894
72519,no_incendio,-7.351997452668049,-75.86863921087647
72528,incendio,-6.9677,-76.3228
72532,no_incendio,-5.424572995842199,-76.6735765187215
72539,no_incendio,-6.4985912391976255,-76.97886285295857
72547,no_incendio,-7.208457886315255,-75.76495343289794
72554,no_incendio,-6.180704652480343,-76.89113580194854
72559,no_incendio,-5.977954403238399,-75.89740788010133
72560,incendio,-5.8383,-75.9988
72563,incendio,-6.4915,-76.3621
72564,no_incendio,-6.010674240572804,-77.09796715104932
72565,incendio,-7.4494,-76.5212
72566,no_incendio,-7.378012032391012,-77.45917085361808
72568,no_incendio,-5.555763303802058,-77.3394188883658
72571,incendio,-7.3218,-76.2109
72573,incendio,-7.3882,-76.6711
72574,no_incendio,-5.5941151159540015,-75.60783919102062
72581,no_incendio,-7.419812910820906,-75.99406148062167
72588,incendio,-8.437,-76.338
72590,no_incendio,-5.346519894910452,-77.42054950645856
72600,incendio,-6.0459,-76.358
72617,incendio,-8.4979,-76.351
72618,no_incendio,-6.895407353104692,-76.79676810992372
72622,incendio,-7.5861,-76.4002
72631,no_incendio,-7.517938460168555,-75.88430182253087
72635,incendio,-7.3484,-76.5108
72644,incendio,-6.1711,-76.7739
72647,incendio,-7.314,-75.6339
72656,no_incendio,-6.0746976290586785,-75.57122315970695
72657,incendio,-6.1185,-76.2265
72662,incendio,-6.9977,-76.6411
72671,incendio,-5.8552,-76.2277
72684,incendio,-8.5382,-76.2902
72685,no_incendio,-6.360714337530349,-76.51313445356357
72695,incendio,-8.249,-76.5627
72698,no_incendio,-6.823512194602855,-76.05631689166178
72708,no_incendio,-7.3226422677593845,-76.0064093237638
72724,incendio,-6.2423,-75.9361
72737,incendio,-7.0433,-76.8595
72738,no_incendio,-7.342552043846658,-77.45073212658029
72744,incendio,-7.046,-77.0837
72745,no_incendio,-6.642584248060827,-75.75075985956546
72753,incendio,-5.9856,-76.283
72756,no_incendio,-5.798251230559933,-76.03303003317315
72762,no_incendio,-7.4319891578174815,-77.15087421098383
72766,incendio,-8.7864,-76.2962
72768,no_incendio,-6.6577808572271095,-76.08571031789008
72789,no_incendio,-7.506544236901732,-77.50246102993648
72792,incendio,-7.2136,-76.8473
72803,incendio,-5.9667,-76.1498
72804,no_incendio,-7.495613592310532,-75.66310159178755
72805,no_incendio,-5.7927379696305294,-76.1467304713267
72808,no_incendio,-5.4433732153340495,-76.71634375535739
72811,incendio,-8.148,-77.0983
72823,incendio,-8.0836,-76.7479
72825,no_incendio,-6.439732844593629,-76.57320223136172
72829,incendio,-8.1063,-76.694
72831,incendio,-7.3687,-76.7528
72832,no_incendio,-7.3912095148136645,-77.03017853882585
72841,incendio,-5.6604,-75.9241
72842,no_incendio,-7.347666513055251,-77.19530347019538
72843,no_incendio,-5.966007765722613,-76.02339603474364
72848,incendio,-7.2952,-76.9151
72854,no_incendio,-6.758060268510353,-77.51884776551792
72864,incendio,-6.5508,-75.7172
72870,incendio,-5.7437,-76.1305
72875,no_incendio,-5.541112522183527,-75.99676308138659
72876,no_incendio,-6.18702118811894,-77.34328610788602
72881,no_incendio,-5.508118125742636,-76.08158705053927
72892,no_incendio,-6.043030962073811,-76.47604236953148
72893,no_incendio,-6.156050459707027,-75.66218917207854
72900,incendio,-6.0466,-77.2471
72926,incendio,-6.9663,-76.8675
72927,incendio,-5.7683,-76.5346
72939,no_incendio,-7.000185157265019,-76.24279253564121
72952,no_incendio,-6.635301014584928,-76.41004319664097
72953,no_incendio,-6.113994500362599,-76.09851389136325
72957,incendio,-6.2256,-75.9296
72961,incendio,-6.1392,-76.3624
72963,incendio,-5.732,-75.9049
72964,no_incendio,-6.57344451362061,-75.98407882587051
72967,incendio,-8.4356,-76.7785
72969,no_incendio,-6.336768480146276,-75.8898744780929
72972,incendio,-8.4387,-76.3664
72979,incendio,-7.5802,-76.7125
72984,no_incendio,-5.879613359801567,-75.64585304449614
72994,incendio,-6.593,-76.7645
72997,incendio,-7.2642,-76.7011
72998,no_incendio,-6.017393971898976,-75.85609561110088
73000,incendio,-6.4622,-75.7475
73003,no_incendio,-7.2386843016197115,-75.95361045134824
73017,no_incendio,-7.347666513055251,-77.19530347019538
73018,no_incendio,-6.15602894819134,-76.33768833426039
73020,no_incendio,-6.134775971165761,-75.80907324993491
73021,no_incendio,-6.08565697953034,-76.3565072601085
73027,no_incendio,-5.393627530051222,-76.7881303458327
73032,no_incendio,-5.833991570039085,-76.02950285469245
73041,incendio,-7.3056,-75.5366
73049,no_incendio,-6.971818693744163,-76.01229344920435
73050,no_incendio,-6.895202578534257,-77.04341617849329
73051,incendio,-6.1611,-76.0998
73057,incendio,-7.2656,-76.9606
73059,no_incendio,-5.455465993485473,-76.16419328270247
73061,no_incendio,-5.924081807664306,-77.5419305607915
73067,no_incendio,-6.230021779466632,-76.57667653530646
73068,no_incendio,-6.581835148874593,-77.10480197876178
73070,incendio,-8.7104,-76.2505
73079,incendio,-8.2243,-77.353
73087,no_incendio,-5.384324497906241,-76.81955746951022
73099,incendio,-7.1271,-76.9233
73109,incendio,-5.8803,-75.9733
73112,incendio,-8.0016,-77.6526
73113,no_incendio,-6.125013751679443,-76.15307627183338
73117,incendio,-8.773,-76.0954
73118,incendio,-6.0636,-75.9549
73120,no_incendio,-6.444054607789215,-75.60852282337595
73122,incendio,-8.5397,-76.4491
73123,no_incendio,-5.304618892030704,-75.54825226766168
73124,no_incendio,-5.457985826162461,-76.51538649315398
73127,no_incendio,-5.582283481453623,-75.95562633397932
73137,incendio,-8.5603,-76.5163
73141,incendio,-7.1433,-76.3283
73142,incendio,-8.4704,-76.4126
73163,incendio,-7.0106,-76.4493
73172,no_incendio,-7.306661299403648,-77.35299757529853
73175,no_incendio,-6.424415078222516,-76.56153900049968
73176,incendio,-8.4075,-76.3581
73177,incendio,-8.4845,-76.4532
73178,incendio,-5.8794,-77.3675
73191,incendio,-7.7099,-76.7101
73192,incendio,-6.9307,-76.442
73193,no_incendio,-6.378539891531966,-75.71550711436312
73206,incendio,-7.5543,-76.7848
73208,no_incendio,-5.309022549050947,-77.11989827113337
73210,no_incendio,-6.520841370621428,-77.36086106907894
73214,no_incendio,-6.234614825176705,-77.3723732006722
73221,no_incendio,-7.250518418431454,-77.39731384590523
73224,no_incendio,-7.124526948992974,-75.69099174784184
73227,incendio,-7.7889,-76.728
73229,incendio,-7.5101,-76.4263
73230,incendio,-6.1014,-76.8043
73231,incendio,-7.4409,-76.7158
73236,no_incendio,-6.7449829270010735,-76.32449330393015
73237,incendio,-7.3054,-76.6096
73240,no_incendio,-5.4225864404931166,-77.44996456310464
73254,no_incendio,-6.963743688695052,-77.15890290229473
73258,no_incendio,-5.940833223348477,-76.76215332326328
73262,no_incendio,-6.385759143148429,-76.5709354755892
73264,no_incendio,-5.525266717128592,-75.70624108601852
73267,incendio,-8.3507,-76.2988
73291,incendio,-5.861,-75.9889
73299,no_incendio,-6.539751025490163,-75.79612657062603
73300,incendio,-7.2974,-76.9713
73312,no_incendio,-7.24803934210104,-76.82472284533478
73317,incendio,-6.8748,-76.7511
73318,incendio,-7.2971,-76.9559
73320,no_incendio,-7.517330043663011,-76.85538614453351
73325,incendio,-7.8735,-75.5296
73333,no_incendio,-6.09087742872903,-76.39432793529913
73338,no_incendio,-7.511017054186108,-77.44217334143556
73339,incendio,-7.4351,-76.6909
73343,incendio,-6.4536,-75.7674
73344,incendio,-6.5913,-76.4432
73353,no_incendio,-6.644983818759033,-76.97235660144274
73357,incendio,-6.3533,-76.6005
73359,no_incendio,-6.717293792016525,-75.64014245587184
73360,no_incendio,-6.973841653653549,-76.58656432123784
73361,incendio,-7.0721,-76.2126
73363,incendio,-8.4173,-76.7564
73367,incendio,-6.201,-76.7506
73370,incendio,-7.6253,-76.5445
73372,no_incendio,-7.5636797148906325,-76.80582387525504
73373,incendio,-6.5894,-75.9753
73377,incendio,-5.9582,-76.221
73381,no_incendio,-7.5699592193140015,-75.58526155924636
73393,no_incendio,-6.673178207902485,-77.4048318758823
73394,no_incendio,-7.035328568865795,-77.4057239232557
73405,incendio,-6.8658,-76.1375
73409,incendio,-7.3567,-76.6446
73411,incendio,-5.8527,-77.0993
73424,incendio,-6.4232,-75.9419
73425,no_incendio,-7.384620420011121,-76.77592855304549
73436,incendio,-5.6714,-75.8889
73437,incendio,-7.177,-76.8832
73445,no_incendio,-7.333242178068196,-76.42984929938181
73448,incendio,-8.0498,-76.5959
73467,no_incendio,-5.451597714525489,-77.32234997673201
73470,incendio,-6.7808,-76.3503
73474,incendio,-7.5406,-76.7652
73477,no_incendio,-5.804055235179965,-77.4451366120588
73480,incendio,-8.5147,-76.4842
73481,no_incendio,-5.706911774664528,-77.15797296628834
73485,no_incendio,-5.532392079747417,-76.92136640270547
73486,no_incendio,-5.952502510545931,-77.35100051203952
73488,no_incendio,-5.976273966695589,-76.89556075922386
73494,incendio,-6.4109,-75.8651
73497,no_incendio,-6.447996016247126,-77.41234607167007
73501,incendio,-7.069,-76.7736
73506,incendio,-7.4699,-76.5585
73511,no_incendio,-5.501399945972402,-76.12442406721492
73528,incendio,-7.1032,-76.968
73529,incendio,-8.5751,-75.5096
73531,no_incendio,-6.424628672692531,-76.43252138876545
73540,incendio,-7.2735,-76.381
73545,incendio,-6.9154,-76.6365
73552,no_incendio,-7.195118276412429,-75.87773973651454
73561,incendio,-6.8647,-76.6045
73569,no_incendio,-5.631534863423365,-75.5444078955286
73572,incendio,-6.8058,-76.6322
73576,no_incendio,-6.081693229189671,-76.04554760839422
73595,incendio,-7.2811,-76.3671
73604,no_incendio,-6.738442276906446,-76.26128977675305
73616,no_incendio,-6.876747971648932,-77.24294547673294
73623,incendio,-5.7403,-76.2185
73629,no_incendio,-6.887626631829371,-77.285374555124
73636,incendio,-7.322,-76.646
73638,incendio,-8.6656,-76.873
73641,no_incendio,-7.517330043663011,-76.85538614453351
73648,incendio,-8.7114,-76.3046
73651,incendio,-6.9203,-76.1718
73658,no_incendio,-7.1695522446443345,-76.10103400972879
73659,incendio,-7.1976,-76.363
73671,incendio,-8.1226,-76.5378
73674,no_incendio,-6.236752944768423,-75.59185038594902
73677,no_incendio,-7.146199438472306,-75.63802434726938
73680,incendio,-5.8186,-76.2197
73683,no_incendio,-6.619578652288662,-76.97686198868091
73691,incendio,-7.0997,-76.9107
73695,no_incendio,-7.593724484851976,-77.34754973911781
73701,no_incendio,-5.955706826060275,-77.52353123807491
73705,incendio,-7.3904,-76.7323
73709,incendio,-6.9462,-76.851
73719,no_incendio,-6.948889791528075,-76.04658173737485
73721,no_incendio,-6.23478792603882,-76.18381610836184
73723,incendio,-5.6161,-76.62
73737,no_incendio,-6.843242986862935,-76.83119639273687
73739,incendio,-6.0183,-76.0882
73742,no_incendio,-6.377187733554232,-75.74684740899566
73748,incendio,-6.0373,-75.9783
73756,no_incendio,-7.275276678539276,-76.76197872211165
73758,incendio,-5.733,-75.847
73760,no_incendio,-7.516029592309847,-76.17814319860955
73762,no_incendio,-6.390597266026688,-76.66038678496503
73764,incendio,-6.9513,-76.9215
73767,incendio,-6.128,-76.8587
73770,incendio,-5.4784,-76.5278
73776,no_incendio,-5.531709345051456,-76.12800515028563
73777,incendio,-6.0421,-77.084
73780,incendio,-6.7489,-76.258
73787,no_incendio,-6.237007995955339,-77.29653920345977
73794,incendio,-6.4121,-76.0532
73799,incendio,-7.8562,-76.7196
73806,no_incendio,-5.702740983602372,-76.82721339280745
73809,no_incendio,-7.53303009358015,-76.30539007678105
73810,incendio,-6.6555,-76.4771
73814,incendio,-7.9893,-76.6367
73817,no_incendio,-6.947446276433678,-76.55641004463064
73818,incendio,-7.0067,-76.3867
73822,no_incendio,-6.7183540623229865,-77.22771131243218
73824,no_incendio,-6.599702785570768,-77.42370077864948
73828,no_incendio,-6.961563570088446,-77.02222304631809
73832,incendio,-5.6785,-77.4378
73834,no_incendio,-6.859218995881019,-77.3454749772902
73845,incendio,-6.2516,-76.6676
73847,incendio,-7.4225,-76.6847
73849,no_incendio,-7.333242178068196,-76.42984929938181
73853,no_incendio,-5.8570726019942425,-76.40667258173919
73856,no_incendio,-6.273383567178642,-76.44114691338451
73859,incendio,-7.004,-76.1551
73867,no_incendio,-7.010242517235748,-76.48324440357516
73872,incendio,-6.824,-76.6279
73873,no_incendio,-6.822682837524565,-76.01658832939721
73874,incendio,-7.0043,-76.7598
73880,incendio,-7.2676,-76.6092
73883,no_incendio,-6.1305152501535805,-77.20692971202396
73885,incendio,-5.9858,-76.1115
73893,no_incendio,-5.5683966845979995,-76.81768428751661
73903,no_incendio,-6.741427767846081,-75.52300413513564
73904,incendio,-6.8491,-76.5789
73905,no_incendio,-7.299495014578471,-76.02669026239053
73909,no_incendio,-6.6084019823282665,-76.06077967767854
73920,no_incendio,-7.125442800649086,-77.06151312787605
73925,no_incendio,-7.407523974858453,-76.05767195335137
73929,incendio,-6.9479,-76.2383
73932,incendio,-6.3768,-76.1053
73935,incendio,-7.2786,-76.4514
73940,incendio,-7.8846,-76.735
73944,no_incendio,-5.65611924902812,-76.450948774078
73958,no_incendio,-6.797587829172456,-76.96085855036651
73962,incendio,-7.2067,-76.2974
73970,incendio,-6.7431,-76.9427
73975,incendio,-8.5241,-76.4915
73976,no_incendio,-7.298951884711561,-75.8714337322258
73979,incendio,-6.2054,-75.9797
73982,incendio,-5.7804,-77.0788
73987,no_incendio,-7.443277568920015,-75.95948688269024
73993,incendio,-8.588,-76.338
73994,incendio,-8.1365,-77.5466
74000,incendio,-7.207,-76.8468
74002,no_incendio,-6.493728884519305,-75.95080124431671
74005,incendio,-6.59,-76.7385
74008,incendio,-8.5973,-76.3778
74010,incendio,-6.0156,-76.8647
74013,no_incendio,-6.189738223688629,-76.63044449970681
74015,no_incendio,-6.682240904919321,-76.14970898536502
74017,no_incendio,-7.237010441563305,-76.53847008307255
74019,incendio,-6.7592,-76.578
74024,incendio,-7.705,-76.792
74028,incendio,-6.9166,-76.5806
74034,incendio,-7.0421,-76.2858
74037,incendio,-5.679,-76.6296
74047,incendio,-7.0761,-76.9029
74055,incendio,-6.2688,-75.9404
74058,incendio,-7.9394,-75.5564
74072,incendio,-7.3171,-76.2586
74076,no_incendio,-6.960986438297525,-76.973990270216
74078,incendio,-5.9146,-76.1663
74081,incendio,-6.4505,-77.0915
74083,incendio,-6.7696,-76.6489
74092,incendio,-7.2646,-76.389
74095,incendio,-7.1623,-76.8425
74101,incendio,-6.4975,-76.3713
74103,no_incendio,-6.091674894114575,-77.31779067927825
74105,no_incendio,-6.876747971648932,-77.24294547673294
74108,no_incendio,-5.991245342520768,-75.64023187612118
74110,no_incendio,-5.968086685454471,-75.87697296740079
74122,incendio,-6.8613,-76.5783
74123,incendio,-5.6823,-76.4895
74135,no_incendio,-6.8824524173967765,-77.12203229237878
74137,no_incendio,-5.695046426207607,-76.82428560854454
74141,incendio,-6.7528,-76.5383
74142,no_incendio,-5.6909060907931215,-77.03642215530066
74147,no_incendio,-6.794519962222771,-76.90986347869215
74150,incendio,-8.0019,-76.7092
74151,no_incendio,-5.599508739006035,-77.02715299547113
74155,no_incendio,-5.657826113607748,-77.0484188289704
74157,no_incendio,-6.818883045664746,-77.17747642270048
74168,incendio,-5.8286,-77.3312
74173,incendio,-7.1395,-76.7807
74175,no_incendio,-5.670265351646696,-76.15936780244608
74176,no_incendio,-5.634222890340759,-76.43789808900263
74185,incendio,-6.1524,-75.95
74193,no_incendio,-5.608145245385959,-76.22898397370268
74200,incendio,-7.2648,-76.6891
74201,incendio,-6.1707,-75.9889
74203,incendio,-6.9777,-76.8161
74205,no_incendio,-6.657837978191169,-76.6528349809883
74210,incendio,-7.5903,-76.417
74213,incendio,-7.4242,-76.8571
74214,no_incendio,-5.861691315967814,-75.99243493644171
74215,no_incendio,-5.659847709526774,-75.83935663792408
74218,incendio,-6.0757,-76.1762
74222,no_incendio,-6.097161064451766,-76.22638691915272
74227,incendio,-7.228,-77.0706
74229,no_incendio,-6.187799355462546,-77.0520465624197
74241,incendio,-7.2691,-76.8132
74242,incendio,-7.0803,-76.1762
74244,incendio,-6.9378,-76.2444
74250,no_incendio,-5.473631906137981,-76.93641473945902
74255,incendio,-7.3237,-75.6111
74264,no_incendio,-6.400338002031925,-76.1292712340201
74266,no_incendio,-5.993099838060813,-76.1739103851831
74270,no_incendio,-6.5096234782459765,-76.05722709745423
74274,incendio,-6.4354,-76.5409
74277,no_incendio,-7.371625145918922,-75.70238603258082
74279,incendio,-5.6689,-77.2838
74286,incendio,-5.9441,-77.0875
74290,incendio,-7.149,-77.0829
74297,no_incendio,-6.129131664861193,-76.45649977733511
74299,incendio,-7.2669,-76.7852
74301,incendio,-6.36,-76.6464
74302,no_incendio,-6.6229879670061225,-75.80299704996388
74306,incendio,-5.7978,-76.5113
74312,incendio,-8.431,-76.4194
74321,no_incendio,-6.1305152501535805,-77.20692971202396
74330,incendio,-5.6952,-76.668
74331,incendio,-7.028,-76.8335
74332,no_incendio,-6.519206979509828,-76.45089641887259
74340,incendio,-6.3342,-76.1244
74348,incendio,-7.1356,-76.1094
74349,no_incendio,-6.979813600777688,-77.48470455898823
74351,incendio,-6.4931,-76.3602
74353,no_incendio,-6.124908546496211,-75.75141276131208
74357,no_incendio,-5.424572995842199,-76.6735765187215
74360,incendio,-7.1957,-76.3156
74362,incendio,-6.281,-75.8744
74367,no_incendio,-5.533837838145786,-75.72558753064112
74385,incendio,-6.7727,-76.28
74391,no_incendio,-5.863508615293079,-77.5457929030888
74393,incendio,-5.8221,-76.5185
74399,no_incendio,-6.772965762366505,-76.27272500681829
74411,no_incendio,-7.546681661706002,-77.09086718024028
74414,no_incendio,-5.544342707790426,-75.8055721541421
74417,incendio,-8.4512,-76.4845
74418,incendio,-6.7196,-76.4851
74420,incendio,-6.5002,-76.3718
74435,no_incendio,-6.899424280300874,-76.07403591805503
74438,incendio,-5.7113,-75.8382
74446,no_incendio,-6.654532009707288,-75.5305999621871
74453,no_incendio,-6.196820810614756,-77.18695898534692
74455,no_incendio,-5.985543510791079,-75.55610035209125
74458,incendio,-7.6629,-76.5571
74465,incendio,-7.2313,-76.9721
74469,incendio,-6.7349,-76.3465
74472,incendio,-6.0726,-76.1186
74473,incendio,-6.8288,-76.1539
74481,incendio,-7.1792,-76.3019
74491,incendio,-7.3432,-76.5981
74502,no_incendio,-5.603013181516009,-76.25847933744605
74504,incendio,-7.5605,-76.5188
74506,incendio,-7.2211,-76.3809
74507,no_incendio,-5.5084858154243905,-75.90684850496002
74521,no_incendio,-7.18387555277713,-76.55534207208011
74531,incendio,-6.9977,-76.1509
74533,no_incendio,-6.000913642665956,-77.14500157376662
74535,no_incendio,-6.684588652346477,-77.1953837139415
74539,no_incendio,-6.397916753583541,-76.88339705526924
74545,incendio,-6.0637,-76.9032
74551,incendio,-6.9291,-76.627
74553,incendio,-6.2758,-76.2516
74555,incendio,-6.4374,-76.4795
74560,incendio,-7.507,-76.5369
74563,incendio,-5.8045,-77.1798
74572,incendio,-7.1361,-76.6465
74579,no_incendio,-6.371807438398121,-75.97041325819922
74592,incendio,-6.7236,-76.3979
74595,incendio,-5.8119,-76.9908
74600,no_incendio,-5.867914432983562,-76.93835853406706
74604,incendio,-6.4504,-75.9305
74606,incendio,-7.5951,-76.702
74609,incendio,-6.1441,-76.0457
74611,no_incendio,-7.303191371239219,-76.86950299016307
74614,incendio,-6.5401,-76.4849
74617,incendio,-7.2564,-76.3524
74619,no_incendio,-7.23268535501901,-75.71791421763211
74620,no_incendio,-5.7630676382897414,-75.77232686505347
74623,incendio,-7.1301,-76.661
74629,incendio,-8.4508,-76.3843
74631,no_incendio,-7.160701404821328,-77.50258610161559
74655,incendio,-8.1045,-76.6852
74657,incendio,-6.3073,-76.2237
74663,no_incendio,-6.1476999130544865,-77.34007485362595
74668,incendio,-6.5338,-76.8421
74672,incendio,-8.3195,-76.3266
74673,no_incendio,-5.709919403753175,-77.18915952963572
74690,incendio,-6.7382,-76.2257
74691,no_incendio,-5.702364736345534,-76.72144500150783
74692,incendio,-7.3809,-76.5207
74693,no_incendio,-5.326931537697329,-77.25175106818679
74696,incendio,-7.4358,-76.7397
74697,incendio,-5.8103,-76.0785
74701,incendio,-5.3095,-76.4677
74708,no_incendio,-6.000321843594466,-77.16959710695784
74714,no_incendio,-5.646223843039662,-77.22265388647651
74729,incendio,-6.6784,-76.7301
74731,no_incendio,-5.928733149107297,-75.62813587078854
74732,incendio,-5.7195,-76.2779
74741,incendio,-6.8687,-76.7724
74747,no_incendio,-7.5993037570991975,-77.49364640835546
74748,incendio,-7.0406,-76.165
74756,no_incendio,-5.8012341650518415,-77.26448001518449
74773,no_incendio,-5.39776817495506,-77.21180440723553
74781,incendio,-5.3345,-76.3153
74784,no_incendio,-6.236752944768423,-75.59185038594902
74796,no_incendio,-7.181016545835497,-77.14662187463146
74800,no_incendio,-7.142295863783367,-76.24884468058782
74810,no_incendio,-5.413750833598563,-75.87946450439262
74813,incendio,-6.8281,-76.4761
74819,incendio,-6.8045,-77.2489
74820,incendio,-8.6592,-76.3221
74829,no_incendio,-6.9177745399597805,-77.27712831962272
74835,incendio,-6.388,-76.0435
74837,incendio,-6.2542,-76.0943
74849,incendio,-7.498,-76.6161
74857,incendio,-5.9152,-76.2867
74858,incendio,-6.8768,-76.8205
74860,incendio,-5.9966,-76.0043
74875,no_incendio,-6.252480366224789,-76.488140203218
74881,no_incendio,-6.717293792016525,-75.64014245587184
74891,no_incendio,-5.5941151159540015,-75.60783919102062
74894,incendio,-6.8032,-76.8965
74902,no_incendio,-5.5369399299131885,-77.31171501653961
74907,incendio,-7.2224,-76.7931
74909,no_incendio,-6.300702389014246,-76.09062532956851
74922,no_incendio,-5.815206419164588,-75.9840705047973
74924,incendio,-8.3347,-76.6966
74931,incendio,-7.6334,-76.4597
74933,incendio,-6.3212,-75.9027
74938,incendio,-8.5522,-76.3565
74942,incendio,-7.3224,-76.5724
74945,incendio,-7.2237,-76.9527
74952,incendio,-5.7124,-76.205
74962,incendio,-5.5076,-76.6184
74965,no_incendio,-7.196044028055804,-76.77405078763431
74967,incendio,-5.9028,-76.1051
74969,incendio,-5.8855,-76.9503
74970,incendio,-8.3958,-76.4711
74973,incendio,-7.043,-76.8273
74991,incendio,-8.2223,-76.3923
75001,incendio,-6.7862,-76.6543
75009,incendio,-7.2171,-76.9833
75010,incendio,-8.6468,-76.377
75011,incendio,-8.6504,-76.6487
75014,no_incendio,-6.4985912391976255,-76.97886285295857
75018,no_incendio,-5.304216028521146,-77.22955638933952
75022,no_incendio,-6.896612666946929,-75.75338049940235
75028,incendio,-7.1146,-76.9745
75031,incendio,-8.4378,-76.2647
75032,no_incendio,-6.1400329007098495,-75.77782950002863
75034,no_incendio,-7.005255736259935,-76.42804994495515
75036,no_incendio,-6.846227548420243,-77.09414313428448
75037,incendio,-7.4587,-77.7773
75039,incendio,-6.1793,-76.0056
75042,incendio,-7.4015,-76.58
75043,no_incendio,-7.225892265359727,-76.0093087691897
75044,no_incendio,-6.736884280770205,-76.9775738185435
75045,no_incendio,-5.984669195028871,-76.49551058575585
75046,no_incendio,-5.824960586839608,-76.59374334653756
75049,no_incendio,-6.309912628737243,-75.57235857764702
75050,incendio,-7.4118,-76.6637
75052,incendio,-7.5629,-76.7699
75054,no_incendio,-6.310252900156727,-75.63690302476967
75058,incendio,-8.6589,-76.1801
75064,incendio,-6.0974,-76.8818
75070,no_incendio,-7.554963436234575,-75.69130210162552
75073,no_incendio,-6.6832264067033,-77.40030797685029
75078,no_incendio,-6.960986438297525,-76.973990270216
75079,incendio,-7.2638,-76.5685
75080,no_incendio,-5.559553740329016,-76.98206356543957
75086,incendio,-7.3581,-76.1973
75087,no_incendio,-6.726381012789614,-77.29263321460805
75088,incendio,-8.4751,-77.1109
75089,incendio,-6.7557,-76.4357
75092,incendio,-6.2812,-76.7101
75093,incendio,-7.2286,-76.608
75098,no_incendio,-6.199486560201427,-77.4221153051421
75110,incendio,-5.8744,-76.3569
75119,incendio,-8.4934,-76.4861
75120,incendio,-6.4865,-76.4921
75126,incendio,-6.7751,-76.1766
75128,no_incendio,-7.527307126647749,-77.12744201881532
75131,no_incendio,-5.371545466461964,-76.40334353874748
75135,incendio,-7.3599,-76.7244
75136,incendio,-8.506,-76.3808
75138,incendio,-7.147,-76.8527
75152,incendio,-6.7058,-76.4123
75153,incendio,-5.8247,-76.223
75158,no_incendio,-6.263351561254887,-76.64078067531564
75160,no_incendio,-6.953964765279714,-77.26246463391935
75166,no_incendio,-5.326540128955467,-75.8192880237214
75167,incendio,-6.8526,-76.5824
75171,incendio,-7.6106,-76.5087
75175,incendio,-7.0991,-76.8788
75179,no_incendio,-7.03159653116471,-76.48526719545968
75180,incendio,-7.4846,-76.703
75182,no_incendio,-6.699009805364948,-77.20530585140459
75186,incendio,-7.2568,-76.4511
75187,no_incendio,-6.980365789444828,-76.90654360978435
75190,no_incendio,-5.498957925752801,-76.23819839749541
75191,incendio,-6.6582,-76.6679
75193,incendio,-7.3684,-76.8829
75201,no_incendio,-7.1291364623253095,-77.04904307212506
75202,incendio,-6.8653,-76.6506
75207,no_incendio,-5.992720265748597,-76.93502157829727
75210,no_incendio,-7.178109146033509,-76.55931189942505
75216,no_incendio,-6.5603093207023875,-76.81459925787705
75225,no_incendio,-5.658384235826694,-76.44208065955317
75232,no_incendio,-5.712986091901971,-76.69466982249243
75239,no_incendio,-7.52002816732032,-76.85728021112728
75241,incendio,-6.4828,-76.5467
75245,incendio,-7.357,-76.8148
75248,no_incendio,-5.371121123003669,-76.78705780536207
75251,incendio,-6.9296,-76.8755
75253,incendio,-6.4634,-76.412
75255,no_incendio,-6.546795271979165,-77.13463626494185
75261,no_incendio,-6.143493830692505,-76.5408916216836
75274,incendio,-7.6902,-77.5053
75277,incendio,-7.2291,-76.3084
75288,incendio,-7.1168,-77.0949
75293,incendio,-6.5551,-75.6336
75300,no_incendio,-5.453647317604843,-76.59202254288773
75305,no_incendio,-7.593724484851976,-77.34754973911781
75306,incendio,-6.0352,-75.7066
75312,incendio,-5.8182,-77.0742
75322,incendio,-7.1992,-76.3814
75323,incendio,-7.3109,-76.8045
75328,no_incendio,-5.901183537582431,-77.01906915606199
75329,incendio,-7.5606,-76.3933
75334,incendio,-6.0319,-76.1608
75337,incendio,-6.6922,-76.69
75345,no_incendio,-6.261893490975904,-75.72805069897333
75361,no_incendio,-6.762864710659274,-76.8037089986203
75363,incendio,-5.8946,-76.9517
75368,incendio,-5.7126,-75.7556
75370,incendio,-7.6203,-76.5126
75377,incendio,-7.3353,-76.8515
75380,no_incendio,-6.339520872179224,-76.81899067100204
75383,no_incendio,-7.2339632492782835,-76.73433396854956
75392,no_incendio,-6.500803234494254,-76.0342561681164
75400,incendio,-7.1094,-76.776
75401,no_incendio,-6.501541232968051,-77.42157786801864
75415,incendio,-7.4068,-76.5405
75417,no_incendio,-5.926005528348797,-76.66451761423114
75424,no_incendio,-6.181570378698443,-77.2403974842685
75430,no_incendio,-7.316542689651407,-77.09719219444501
75433,no_incendio,-5.5259385585543805,-76.78474947687066
75434,no_incendio,-6.273383567178642,-76.44114691338451
75438,no_incendio,-7.24803934210104,-76.82472284533478
75441,incendio,-7.0488,-76.6869
75452,no_incendio,-7.442941681589652,-76.91434045843735
75458,incendio,-6.2987,-76.1943
75460,no_incendio,-7.359881945280641,-76.7414311135722
75463,incendio,-5.7957,-75.9969
75473,incendio,-8.4475,-76.3
75478,incendio,-5.825,-77.2345
75485,incendio,-7.1591,-77.0628
75489,incendio,-5.8632,-76.248
75492,no_incendio,-6.53438876670278,-77.3151143596093
75494,incendio,-5.6607,-77.2528
75496,no_incendio,-5.899739172279481,-75.62561076754551
75498,incendio,-8.5083,-76.5642
75504,no_incendio,-5.900355019577343,-76.50972621036057
75508,no_incendio,-7.312843125933768,-75.51939324111113
75511,incendio,-7.3849,-76.8348
75515,no_incendio,-7.038387701485983,-77.46608635694433
75519,no_incendio,-6.811703020411863,-76.53234904826876
75521,no_incendio,-6.693645231607011,-77.00083886723358
75527,no_incendio,-6.136716909605955,-76.35666700182222
75530,no_incendio,-6.113161344070998,-75.7616050051639
75544,incendio,-7.1479,-76.3552
75553,incendio,-6.8244,-76.5946
75557,incendio,-7.139,-76.8053
75558,no_incendio,-5.712666897985722,-76.23826320211337
75570,incendio,-7.4692,-76.4603
75572,incendio,-6.8293,-77.7701
75581,incendio,-6.1499,-75.935
75584,no_incendio,-6.323745703888591,-76.07826663303581
75587,no_incendio,-6.348815001844065,-75.62878823200789
75589,no_incendio,-5.413750833598563,-75.87946450439262
75590,incendio,-6.6932,-76.652
75595,incendio,-7.4672,-76.6927
75599,no_incendio,-6.434453669791493,-76.35359643649942
75600,no_incendio,-6.845471207648621,-76.36886322454563
75603,incendio,-6.8487,-76.8155
75607,incendio,-8.3005,-76.5723
75610,incendio,-8.0762,-76.716
75616,no_incendio,-5.812760524192122,-77.54920790478845
75620,incendio,-7.8122,-76.7761
75622,incendio,-6.1049,-75.9755
75624,incendio,-6.4853,-76.3604
75627,incendio,-6.2258,-75.9246
75628,no_incendio,-6.394447416910339,-77.43791713673666
75631,incendio,-8.6195,-76.6352
75632,incendio,-6.7654,-77.354
75635,no_incendio,-6.899424280300874,-76.07403591805503
75640,incendio,-5.7026,-77.4382
75641,no_incendio,-5.968149636265594,-77.51081675536001
75646,no_incendio,-5.8499481349063265,-76.00423037206916
75648,no_incendio,-6.709534503439617,-76.66045732733674
75652,incendio,-6.6715,-76.2117
75657,no_incendio,-5.61928379725062,-76.7464492739021
75659,no_incendio,-7.134812798520641,-75.55898183219816
75673,no_incendio,-7.083533851815549,-75.86202426996425
75674,no_incendio,-7.333242178068196,-76.42984929938181
75676,incendio,-8.6794,-76.145
75677,incendio,-7.3988,-76.7439
75686,incendio,-6.5986,-76.3636
75693,incendio,-5.9205,-76.3766
75697,incendio,-6.7635,-76.674
75699,no_incendio,-7.178109146033509,-76.55931189942505
75712,no_incendio,-7.208517788052751,-77.27726682011853
75718,incendio,-6.8249,-76.524
75720,no_incendio,-6.836006339265761,-75.80496615427175
75722,no_incendio,-5.3699868320408415,-75.54453001162278
75723,incendio,-6.2528,-76.0758
75728,no_incendio,-5.636606643396935,-75.65023157423232
75729,no_incendio,-5.959481938609148,-77.35681272469573
75768,no_incendio,-6.001439366513391,-76.98820534580602
75773,incendio,-6.7136,-76.352
75777,incendio,-7.171,-77.0671
75782,incendio,-8.5462,-76.3772
75785,no_incendio,-6.93526933500558,-76.94440022861454
75798,incendio,-6.5325,-75.7652
75802,incendio,-6.7493,-76.2509
75804,no_incendio,-7.3226422677593845,-76.0064093237638
75811,incendio,-6.4837,-76.3611
75817,no_incendio,-6.883760214306626,-75.62202390814382
75821,incendio,-7.0091,-76.6649
75823,incendio,-7.3405,-76.7967
75829,incendio,-6.816,-76.7034
75834,no_incendio,-6.974678823081742,-77.45775985292939
75835,incendio,-5.9454,-76.4902
75839,no_incendio,-5.791181789509089,-77.46024775242152
75844,no_incendio,-7.193491617772813,-76.90637497057176
75859,incendio,-6.2118,-76.086
75860,no_incendio,-6.573895472470259,-76.90325456502508
75865,incendio,-6.7693,-76.8565
75879,incendio,-7.163,-76.5326
75880,incendio,-6.6204,-76.6884
75883,no_incendio,-6.581475655282046,-76.92813918096854
75885,incendio,-6.0698,-75.8247
75888,incendio,-7.0329,-76.6301
75892,incendio,-6.6578,-76.4037
75899,incendio,-5.8343,-77.015
75903,no_incendio,-6.591526889483433,-77.26946848843974
75904,no_incendio,-6.94690710912819,-75.63438003182783
75907,incendio,-6.4639,-76.5215
75910,incendio,-6.2913,-75.9835
75924,no_incendio,-7.289453419528988,-76.70433724655702
75926,no_incendio,-5.734596234605278,-76.54404736792905
75929,no_incendio,-7.145399618003832,-77.00792044464232
75931,no_incendio,-7.087560477783244,-76.48701616296685
75932,incendio,-6.748,-76.4945
75933,incendio,-8.4632,-76.4629
75937,incendio,-5.6867,-76.6583
75938,incendio,-6.6517,-76.7399
75939,no_incendio,-7.353333723942861,-76.86451079953567
75947,no_incendio,-5.9069362811274955,-76.90796880037888
75951,incendio,-7.0733,-76.2532
75955,incendio,-8.4338,-77.012
75956,incendio,-8.6342,-76.1801
75957,incendio,-6.4384,-75.9595
75965,incendio,-6.057,-77.1873
75967,no_incendio,-6.745283632589781,-76.33682715106067
75976,no_incendio,-5.693256209324268,-76.57722873694159
75979,incendio,-6.3078,-75.7301
75980,incendio,-6.8835,-76.6684
75983,incendio,-6.182,-76.1023
75988,no_incendio,-7.292676783205119,-75.82456526450503
75989,incendio,-7.4362,-76.8206
75993,no_incendio,-6.00373135270891,-76.34110147279476
75994,incendio,-7.0923,-76.0863
76001,no_incendio,-5.364004538303699,-76.51587462337326
76004,incendio,-7.1706,-77.1015
76005,incendio,-6.7005,-77.3365
76012,no_incendio,-7.183923927473843,-76.41258057222892
76014,incendio,-7.5286,-76.4978
76015,incendio,-7.1832,-77.0218
76020,no_incendio,-6.3480305531769075,-76.22097710185248
76021,incendio,-7.385,-76.8213
76023,incendio,-7.3557,-76.5501
76027,incendio,-6.7136,-76.6314
76032,no_incendio,-6.967630832661904,-76.66075655259817
76039,incendio,-5.991,-76.9237
76055,no_incendio,-6.902373213948052,-75.80243684170989
76065,no_incendio,-6.193641518737963,-75.9541835583981
76067,no_incendio,-6.08674868659818,-77.38664384875209
76072,incendio,-6.5174,-75.6541
76077,no_incendio,-6.946999930209273,-76.16347768392615
76081,incendio,-8.0795,-76.7061
76082,incendio,-6.7001,-76.5013
76103,incendio,-6.8858,-76.8733
76104,no_incendio,-6.654532009707288,-75.5305999621871
76110,no_incendio,-6.693645231607011,-77.00083886723358
76111,incendio,-8.3605,-76.2367
76113,incendio,-7.3062,-76.2321
76117,no_incendio,-6.890142536767722,-76.21093731168023
76119,no_incendio,-7.163128957992517,-77.33946379317482
76120,incendio,-8.5583,-76.3592
76122,no_incendio,-6.802375216185101,-76.58944416230916
76123,no_incendio,-7.442180034070876,-75.92683774273232
76134,incendio,-5.919,-76.3346
76142,incendio,-8.3295,-77.2434
76143,incendio,-8.0803,-76.6584
76146,incendio,-5.3511,-76.5424
76164,incendio,-6.219,-76.0766
76169,incendio,-7.098,-76.2734
76170,no_incendio,-6.135395550199937,-77.01659159261982
76171,incendio,-5.7349,-76.1672
76172,incendio,-6.9914,-76.6755
76180,incendio,-7.129,-77.0946
76191,no_incendio,-6.391692174987462,-77.10791126635735
76193,no_incendio,-5.403821247036303,-76.32388095777216
76196,no_incendio,-7.489751819531982,-75.96573533227652
76200,incendio,-8.7018,-76.7828
76219,no_incendio,-7.208517788052751,-77.27726682011853
76227,no_incendio,-7.5699592193140015,-75.58526155924636
76230,incendio,-5.9834,-76.1057
76236,no_incendio,-7.289453419528988,-76.70433724655702
76241,no_incendio,-7.452255229585659,-76.60231274161556
76242,incendio,-5.7114,-77.2536
76245,incendio,-5.6798,-76.5995
76247,no_incendio,-5.863508615293079,-77.5457929030888
76253,incendio,-7.0147,-76.8285
76258,no_incendio,-6.827947755317633,-77.24078320536096
76260,no_incendio,-7.459517004149713,-75.65348895495933
76279,incendio,-7.0349,-76.1419
76282,incendio,-7.5481,-76.6382
76283,no_incendio,-5.61928379725062,-76.7464492739021
76284,no_incendio,-6.092332930769818,-77.53250095731846
76293,incendio,-6.0248,-76.1304
76304,no_incendio,-6.161493803649726,-77.185392683239
76305,incendio,-6.8108,-76.4901
76309,incendio,-8.5108,-76.3748
76312,incendio,-6.2069,-76.1797
76318,no_incendio,-5.356858559279738,-76.9184573866197
76321,no_incendio,-7.4319891578174815,-77.15087421098383
76323,incendio,-5.8121,-76.162
76326,no_incendio,-6.017393971898976,-75.85609561110088
76329,incendio,-7.1555,-76.7924
76334,no_incendio,-7.527611322889828,-76.67002527157386
76355,incendio,-7.3069,-75.5458
76356,no_incendio,-7.493540878148328,-76.20838654108637
76358,incendio,-6.0465,-76.2358
76364,no_incendio,-5.618133364002661,-76.2191295091602
76365,no_incendio,-5.987623594847527,-77.50895445827787
76367,no_incendio,-5.906180880379202,-75.93802228835084
76373,no_incendio,-6.825057480379352,-77.49883680928833
76376,incendio,-7.4417,-76.5532
76382,incendio,-7.0111,-76.1092
76385,incendio,-6.7542,-76.3872
76393,incendio,-7.2474,-76.9814
76406,no_incendio,-6.060981828013205,-76.61589601950963
76410,incendio,-6.0579,-76.9156
76412,no_incendio,-5.525519480392893,-76.3183975995799
76413,incendio,-6.1977,-76.3313
76417,incendio,-7.2865,-76.9476
76423,incendio,-8.3019,-76.6511
76424,no_incendio,-6.143493830692505,-76.5408916216836
76463,incendio,-6.2097,-76.9074
76467,no_incendio,-6.701934945529236,-77.46493186657752
76471,no_incendio,-7.36388011313037,-77.4640263849402
76477,incendio,-5.8741,-76.9429
76480,incendio,-6.1075,-75.7631
76483,incendio,-7.0296,-76.846
76486,incendio,-5.7709,-76.5246
76488,incendio,-6.0284,-76.0746
76490,no_incendio,-5.599508739006035,-77.02715299547113
76492,no_incendio,-5.329337229365641,-77.4752371215785
76494,incendio,-5.673,-77.1545
76497,no_incendio,-7.391395621025486,-76.825979662233
76507,no_incendio,-5.6897437871119,-77.10615819747757
76511,incendio,-6.0392,-76.3625
76512,incendio,-7.1952,-77.0203
76520,no_incendio,-6.026471909112164,-76.38280873739679
76523,no_incendio,-6.992873718796428,-77.40735326396366
76524,no_incendio,-6.850119921397431,-77.18105441991001
76527,no_incendio,-6.742797209348308,-75.63057425829132
76531,incendio,-5.7655,-75.8673
76532,incendio,-5.7063,-77.4382
76534,incendio,-7.5188,-76.464
76535,incendio,-7.3196,-76.4365
76541,incendio,-7.9265,-76.6928
76542,no_incendio,-5.636338028013915,-75.57133657890496
76547,no_incendio,-7.394254404476224,-75.68500027222532
76563,incendio,-7.3054,-76.5545
76564,no_incendio,-7.195118276412429,-75.87773973651454
76567,incendio,-7.1151,-77.1119
76569,incendio,-8.4375,-76.3225
76570,no_incendio,-7.199216978961617,-75.9477990392911
76572,incendio,-5.9383,-76.3385
76573,incendio,-8.6592,-76.3286
76579,incendio,-8.7934,-77.6434
76591,incendio,-8.4364,-76.3547
76592,incendio,-5.7998,-76.0713
76593,no_incendio,-6.174948624269397,-76.36859139619342
76599,incendio,-6.4899,-76.3578
76605,incendio,-7.2798,-76.2976
76610,incendio,-7.0218,-76.2325
76613,incendio,-7.688,-77.5337
76616,incendio,-8.1538,-77.0523
76618,incendio,-7.3696,-76.6422
76619,no_incendio,-6.827947755317633,-77.24078320536096
76623,incendio,-6.2292,-77.2242
76641,incendio,-8.5603,-76.3426
76644,no_incendio,-7.4582565567314925,-76.8374558308584
76647,no_incendio,-6.911906202214161,-76.30385492841812
76654,incendio,-5.9337,-76.1499
76658,incendio,-8.4792,-76.1894
76661,no_incendio,-6.314113189001013,-76.77593472488475
76664,incendio,-5.7167,-76.2306
76666,no_incendio,-5.8115954954872135,-76.36754698151917
76667,incendio,-8.4196,-76.4687
76668,no_incendio,-5.709919403753175,-77.18915952963572
76669,no_incendio,-6.9560251993392335,-75.65244127896328
76671,no_incendio,-5.612307081535751,-76.80288819980903
76678,no_incendio,-7.1695522446443345,-76.10103400972879
76681,no_incendio,-7.475453840000244,-77.09283995143899
76683,no_incendio,-6.6308882191110055,-76.3915553322726
76688,no_incendio,-5.434734993358147,-76.94653262890384
76691,no_incendio,-6.7392978420431415,-76.19966664513106
76695,no_incendio,-5.603013181516009,-76.25847933744605
76698,incendio,-5.7626,-77.0538
76699,incendio,-6.5525,-76.5521
76701,no_incendio,-7.145399618003832,-77.00792044464232
76703,incendio,-7.2706,-76.9483
76704,incendio,-6.5554,-75.7097
76706,incendio,-6.4323,-75.7265
76707,no_incendio,-7.0805818707385395,-75.71658427890108
76711,incendio,-6.306,-75.8528
76712,incendio,-7.4604,-76.4273
76715,no_incendio,-6.000321843594466,-77.16959710695784
76722,incendio,-7.1101,-76.2702
76723,no_incendio,-6.9303848627730344,-77.0665622069992
76745,no_incendio,-6.142530239499738,-77.15463621788837
76746,incendio,-7.024,-76.0947
76748,incendio,-7.3183,-76.6673
76754,incendio,-6.9875,-76.6226
76757,no_incendio,-6.526663320909917,-76.57498858502044
76759,no_incendio,-6.30212067741681,-77.20947071632679
76763,incendio,-7.3711,-76.8369
76764,incendio,-7.5772,-76.4617
76770,no_incendio,-7.160701404821328,-77.50258610161559
76772,no_incendio,-5.851710851525425,-77.43871611391367
76777,no_incendio,-6.882432262080377,-75.90126287963834
76779,incendio,-5.6977,-75.8483
76783,no_incendio,-7.495613592310532,-75.66310159178755
76796,no_incendio,-6.756685989962618,-75.83002754028344
76797,no_incendio,-5.3170098474698,-75.90718083995199
76800,no_incendio,-7.391395621025486,-76.825979662233
76811,incendio,-7.1641,-76.9229
76814,no_incendio,-6.189738223688629,-76.63044449970681
76820,no_incendio,-5.7103480025675015,-77.41410373684516
76825,no_incendio,-7.425544369473066,-76.60957296073711
76828,incendio,-7.1547,-76.2949
76835,no_incendio,-5.628009588205993,-76.65354056984353
76836,incendio,-6.1444,-76.3571
76840,incendio,-5.7656,-76.5173
76849,incendio,-6.9899,-76.6261
76859,incendio,-7.3157,-77.7069
76863,incendio,-7.1616,-76.3023
76864,no_incendio,-5.592384500349762,-76.12339689137886
76866,no_incendio,-6.606790602498376,-76.50679708602655
76872,incendio,-5.806,-76.5738
76873,incendio,-8.6864,-77.1014
76875,no_incendio,-7.459517004149713,-75.65348895495933
76886,no_incendio,-6.581835148874593,-77.10480197876178
76889,incendio,-8.6123,-76.7988
76890,no_incendio,-5.732633885929664,-76.45507870434784
76891,no_incendio,-5.592384500349762,-76.12339689137886
76892,no_incendio,-6.470561948843736,-76.94393330664495
76894,incendio,-6.4355,-76.7472
76901,no_incendio,-7.010865933982342,-76.63167881965191
76905,incendio,-7.868,-76.7111
76909,incendio,-5.9465,-77.0102
76913,no_incendio,-6.654449786981951,-77.1406120148932
76917,incendio,-7.1263,-76.5638
76918,incendio,-6.4653,-76.591
76920,no_incendio,-5.941437702339227,-76.71661667859928
76921,no_incendio,-6.971818693744163,-76.01229344920435
76925,no_incendio,-7.359360612224768,-76.78029054350944
76927,no_incendio,-5.822373025705751,-75.81118308604799
76929,incendio,-7.4523,-76.6059
76933,incendio,-6.2235,-76.3243
76939,incendio,-5.8313,-76.536
76944,no_incendio,-7.251053016973333,-77.43482372064443
76949,incendio,-6.7432,-76.7138
76958,incendio,-5.8893,-76.357
76959,incendio,-5.9837,-75.9786
76962,no_incendio,-5.710479011729555,-76.39175910938613
76966,no_incendio,-6.057689001760209,-76.31599873271878
76973,no_incendio,-6.882432262080377,-75.90126287963834
76975,no_incendio,-6.693645231607011,-77.00083886723358
76976,no_incendio,-6.535104750481092,-76.08251249993276
76979,incendio,-7.0518,-76.788
76992,no_incendio,-5.691367325953232,-76.91174291210852
76998,incendio,-5.4722,-76.6427
76999,incendio,-8.5795,-76.542
77015,no_incendio,-6.871083272493799,-75.76930140332634
77021,no_incendio,-5.46295343513328,-75.95414593487065
77042,incendio,-7.2445,-76.3592
77043,incendio,-7.5413,-76.4222
77053,incendio,-5.7226,-76.4516
77055,incendio,-7.1881,-76.2091
77056,incendio,-7.2879,-76.4562
77060,incendio,-7.3597,-76.5455
77072,no_incendio,-5.366911069115064,-77.28733600522496
77079,no_incendio,-6.551429222354349,-76.91211574837874
77087,incendio,-6.9961,-76.7803
77092,no_incendio,-7.035328568865795,-77.4057239232557
77095,incendio,-7.1043,-77.0492
77097,incendio,-7.2946,-76.5573
77100,no_incendio,-7.414688922024766,-76.2476866383002
77108,incendio,-6.2334,-76.0002
77113,incendio,-7.1716,-76.9605
77123,incendio,-8.3314,-76.5832
77128,incendio,-6.844,-76.8229
77129,no_incendio,-6.490435100183895,-76.04212659409674
77131,no_incendio,-6.766715492175258,-75.83761083407144
77134,no_incendio,-7.010865933982342,-76.63167881965191
77137,incendio,-8.1849,-76.9889
77143,no_incendio,-6.5631659761878876,-77.17426169429598
77145,incendio,-8.0586,-76.7827
77146,incendio,-7.0172,-77.0105
77150,incendio,-6.6383,-76.6586
77152,incendio,-5.9927,-77.097
77160,no_incendio,-5.588125457302943,-77.46080617284144
77164,no_incendio,-6.725956984213016,-76.31094915112595
77168,incendio,-6.3231,-75.9227
77172,incendio,-6.7091,-76.8757
77173,incendio,-7.3214,-76.5885
77176,incendio,-5.899,-76.1144
77179,incendio,-6.5623,-75.6602
77183,no_incendio,-5.3170098474698,-75.90718083995199
77184,incendio,-8.5801,-76.1173
77186,no_incendio,-5.698299617649455,-76.9877048304902
77197,no_incendio,-6.871083272493799,-75.76930140332634
77201,incendio,-6.1531,-76.305
77203,no_incendio,-6.246302114010693,-75.65691913180889
77204,incendio,-6.8435,-76.6575
77205,no_incendio,-6.43490273431634,-75.69794209792583
77209,incendio,-7.2233,-76.2675
77217,incendio,-6.1994,-75.824
77223,no_incendio,-5.900117559948675,-75.56284439390626
77230,no_incendio,-6.930372562741588,-76.24468121546766
77231,no_incendio,-6.064968975705764,-75.80158619111924
77235,incendio,-7.5757,-76.3999
77239,incendio,-7.2663,-76.7449
77240,incendio,-5.8312,-77.3274
77243,incendio,-6.2864,-76.212
77248,no_incendio,-5.6011690570737915,-76.70090683859456
77270,no_incendio,-5.380924923914102,-76.12851157268119
77272,incendio,-7.1054,-76.2888
77273,no_incendio,-7.4055258629962415,-75.72836594706017
77285,incendio,-5.7349,-75.8163
77288,no_incendio,-6.993239612195546,-76.80617132397158
77293,incendio,-7.4248,-76.675
77296,incendio,-7.3636,-76.6374
77300,no_incendio,-7.433029202252227,-75.6952599290436
77312,incendio,-7.2176,-76.2737
77315,no_incendio,-6.525390337428589,-76.47559277816393
77316,incendio,-7.585,-76.7214
77324,no_incendio,-6.30791982416226,-77.35125522509678
77328,incendio,-6.6996,-76.6212
77333,incendio,-8.4078,-76.9833
77341,incendio,-8.1442,-76.9349
77343,incendio,-6.8544,-76.8677
77353,incendio,-6.613,-76.5005
77364,incendio,-6.8481,-76.5098
77366,no_incendio,-5.3992279096164255,-77.51525342091976
77369,no_incendio,-6.091674894114575,-77.31779067927825
77379,incendio,-6.1307,-76.0031
77406,incendio,-6.0283,-76.2401
77410,incendio,-6.1831,-76.0288
77417,incendio,-5.9569,-76.137
77422,incendio,-5.9615,-75.8972
77423,incendio,-6.0955,-76.0055
77426,incendio,-6.4614,-76.5612
77431,no_incendio,-7.517330043663011,-76.85538614453351
77436,no_incendio,-7.036643028375762,-75.60012732289076
77437,no_incendio,-6.0746976290586785,-75.57122315970695
77439,incendio,-5.7255,-76.1821
77444,incendio,-7.5166,-76.4742
77452,incendio,-7.1309,-77.1087
77453,incendio,-7.0471,-76.5175
77454,no_incendio,-6.8038809431040965,-76.81652393345753
77471,no_incendio,-6.895407353104692,-76.79676810992372
77476,incendio,-7.3097,-75.5464
77477,no_incendio,-6.09276868271348,-76.00881721213455
77489,no_incendio,-6.837388041019548,-77.0882269714977
77491,incendio,-5.9407,-76.2917
77497,incendio,-7.6052,-76.81
77498,incendio,-7.0148,-76.7993
77499,no_incendio,-7.433764184828395,-76.19895087453514
77500,no_incendio,-5.715611122341353,-76.65563746255786
77502,no_incendio,-6.928184042805378,-76.77151382737259
77506,no_incendio,-7.036314510603764,-76.32413479957033
77508,incendio,-6.5567,-76.7493
77509,no_incendio,-7.436110407887001,-75.68288184576566
77513,no_incendio,-7.433177363041198,-76.83037064638081
77514,no_incendio,-6.621617501983885,-75.65329251395444
77538,incendio,-7.288,-76.8055
77539,incendio,-6.2115,-75.969
77540,no_incendio,-6.135227462144194,-76.4855793054628
77547,incendio,-5.8604,-76.5834
77548,incendio,-5.3371,-76.7349
77558,incendio,-7.3463,-76.6542
77559,incendio,-8.4995,-76.3923
77561,incendio,-7.016,-76.836
77565,incendio,-7.0613,-76.4018
77574,incendio,-7.0372,-76.1338
77588,incendio,-8.1584,-76.4829
77592,no_incendio,-5.39776817495506,-77.21180440723553
77593,incendio,-6.7423,-77.4972
77594,incendio,-7.2088,-76.1021
77598,incendio,-6.3495,-76.6741
77599,no_incendio,-6.555810705714814,-75.58765246403257
77600,incendio,-8.7003,-76.7185
77602,incendio,-5.8043,-77.1103
77605,no_incendio,-5.454661580886559,-77.46777785872058
77611,incendio,-6.6647,-76.2145
77619,incendio,-6.712,-76.6493
77621,incendio,-6.6515,-76.2154
77628,incendio,-6.729,-76.9158
77629,incendio,-6.491,-75.769
77634,incendio,-5.7289,-76.4563
77645,no_incendio,-7.408503653357758,-76.24578800464187
77646,incendio,-6.8801,-76.4826
77648,no_incendio,-5.875159377973664,-77.1185525314163
77653,incendio,-6.8178,-76.4764
77663,no_incendio,-7.324938939394847,-75.95193264911674
77668,no_incendio,-7.206553379936274,-76.41990893868237
77671,incendio,-6.8501,-76.7649
77673,incendio,-8.6467,-76.8359
77678,no_incendio,-6.953964765279714,-77.26246463391935
77679,no_incendio,-7.145399618003832,-77.00792044464232
77687,no_incendio,-5.871711432876104,-76.01772742487569
77691,no_incendio,-7.340268369426515,-77.43400024997341
77701,incendio,-8.4875,-76.4799
77702,no_incendio,-7.502611835705684,-75.74342232378346
77707,incendio,-6.3565,-75.8597
77713,incendio,-7.2865,-76.6059
77715,incendio,-6.0038,-75.6979
77723,no_incendio,-7.081124602285028,-76.06087878832324
77724,incendio,-6.547,-75.6879
77736,incendio,-7.1236,-76.7277
77751,no_incendio,-6.444054607789215,-75.60852282337595
77760,no_incendio,-5.888892522225688,-76.77144344906966
77767,no_incendio,-5.9130091622376435,-77.42859659593488
77776,incendio,-7.2284,-76.7068
77777,incendio,-6.9183,-76.7513
77778,no_incendio,-5.882379700992915,-75.5521215473338
77780,no_incendio,-5.637143675477756,-76.46390106880192
77783,no_incendio,-6.812990607089626,-75.70820307560577
77787,incendio,-6.8122,-76.1879
77791,incendio,-8.0665,-77.7172
77792,no_incendio,-5.7103480025675015,-77.41410373684516
77801,no_incendio,-7.511017054186108,-77.44217334143556
77802,no_incendio,-6.558646082464617,-76.16096804971144
77803,incendio,-8.1612,-77.58
77815,no_incendio,-6.007112604816549,-77.29204800487722
77818,incendio,-6.3886,-75.8997
77821,incendio,-7.5055,-76.5415
77822,incendio,-8.2841,-76.5423
77825,no_incendio,-6.551429222354349,-76.91211574837874
77831,incendio,-7.3399,-76.3219
77834,no_incendio,-7.420738238712349,-77.50365613060586
77845,no_incendio,-5.646223843039662,-77.22265388647651
77851,no_incendio,-5.648091386764367,-76.0845405608189
77852,no_incendio,-5.382544750033527,-75.77853597502654
77860,no_incendio,-6.679897679386204,-77.34823338283437
77866,incendio,-8.6108,-75.5265
77873,no_incendio,-6.260923080518788,-75.61074627640608
77874,incendio,-6.0198,-77.5956
77880,incendio,-5.6989,-77.5217
77893,no_incendio,-5.732633885929664,-76.45507870434784
77894,no_incendio,-5.880891988248802,-77.50381327072611
77895,incendio,-6.245,-75.9299
77902,incendio,-8.1382,-76.4956
77904,no_incendio,-6.752631174647365,-76.89757485609974
77911,incendio,-6.6612,-76.3179
77912,no_incendio,-5.945782975612446,-75.78933619991895
77917,incendio,-5.7419,-76.4086
77937,incendio,-7.3064,-75.5713
77938,no_incendio,-7.143300333347583,-76.01076815200116
77939,no_incendio,-7.128591277381194,-76.12302141097119
77941,no_incendio,-6.797266617151564,-77.33130374727055
77958,no_incendio,-5.5896376031918615,-76.35252920094948
77959,incendio,-6.8273,-76.1426
77965,no_incendio,-5.921387481016298,-75.640821414452
77966,incendio,-7.2502,-76.684
77976,incendio,-7.2436,-76.7886
77978,incendio,-6.7667,-76.5566
77979,no_incendio,-6.3823444451531675,-76.72222524088096
77985,incendio,-5.6676,-77.4343
77986,incendio,-6.7042,-76.47
77987,incendio,-7.3552,-76.2309
77990,incendio,-7.3069,-75.5714
77991,incendio,-6.7772,-76.4395
77994,incendio,-5.6734,-76.1958
78000,no_incendio,-6.543996709664201,-75.77625931317041
78001,no_incendio,-6.6817259124413635,-75.77879648666988
78002,incendio,-6.4638,-75.7281
78003,no_incendio,-6.752631174647365,-76.89757485609974
78004,incendio,-5.4186,-76.4201
78007,no_incendio,-6.586322213980279,-76.11222675311737
78010,no_incendio,-6.921582299532002,-76.91163158233097
78012,incendio,-8.7354,-76.2876
78019,no_incendio,-7.143300333347583,-76.01076815200116
78027,no_incendio,-5.937825755560712,-77.54131014900841
78029,incendio,-8.4267,-76.4596
78030,incendio,-8.6439,-76.8486
78040,incendio,-7.6763,-76.5154
78041,incendio,-7.5018,-76.1935
78044,incendio,-7.2689,-76.6039
78050,incendio,-5.8128,-77.3044
78051,no_incendio,-6.48340164417584,-76.67965578486029
78064,incendio,-7.2172,-77.0657
78066,no_incendio,-6.649475670478298,-75.86589242526365
78068,no_incendio,-5.8012341650518415,-77.26448001518449
78081,incendio,-7.5448,-76.5437
78082,incendio,-7.5054,-76.5916
78084,incendio,-7.4039,-76.6444
78086,no_incendio,-7.299495014578471,-76.02669026239053
78097,no_incendio,-5.703527630485487,-76.04599898833253
78098,no_incendio,-6.895202578534257,-77.04341617849329
78101,no_incendio,-5.487830888913878,-75.70248261618342
78103,incendio,-6.7572,-76.4932
78104,no_incendio,-5.382544750033527,-75.77853597502654
78106,no_incendio,-7.573586798987392,-75.72729255411187
78108,incendio,-6.6799,-76.4273
78109,incendio,-6.016,-76.1348
78127,incendio,-8.4556,-76.4075
78134,no_incendio,-6.308143679517888,-75.54381617905881
78135,no_incendio,-5.304216028521146,-77.22955638933952
78139,incendio,-7.3614,-76.871
78140,no_incendio,-6.730215654444688,-76.84821672271427
78147,no_incendio,-7.319106221775668,-76.84964608294781
78150,incendio,-5.3344,-75.7432
78151,incendio,-8.3901,-76.223
78152,incendio,-6.8747,-76.9064
78155,no_incendio,-5.807568980791382,-75.59957931060934
78160,incendio,-7.1769,-76.6009
78162,incendio,-6.4259,-76.8924
78163,no_incendio,-5.89297787831936,-76.40313981264967
78168,no_incendio,-7.282016752291952,-75.89864347181351
78175,incendio,-7.1611,-76.3142
78176,no_incendio,-6.722977701208728,-76.08504808570892
78181,incendio,-6.3319,-76.1655
78192,no_incendio,-5.89446781447664,-77.22849214912743
78194,no_incendio,-5.60683404112794,-77.27867668965091
78195,no_incendio,-5.930404217360228,-76.53983487852608
78198,incendio,-8.4107,-76.2691
78200,incendio,-7.3534,-76.7243
78201,incendio,-6.9564,-76.9186
78202,no_incendio,-6.721818890646596,-76.25717682869612
78207,incendio,-6.4221,-76.5468
78210,no_incendio,-5.876670821018357,-77.35096983439296
78212,incendio,-7.1924,-76.5377
78222,incendio,-6.7434,-76.5733
78227,no_incendio,-7.217736549985553,-75.80888423805258
78230,incendio,-6.0849,-76.2699
78232,no_incendio,-6.348815001844065,-75.62878823200789
78233,incendio,-7.1404,-76.5438
78239,incendio,-6.9305,-76.5195
78242,no_incendio,-6.564347270784287,-75.8738633840426
78246,incendio,-5.8908,-77.1182
78247,no_incendio,-6.308716369141198,-75.7579038479895
78250,no_incendio,-6.535140869924569,-76.94972010352429
78257,no_incendio,-6.66812028796298,-76.15230026038583
78269,incendio,-5.8466,-76.5806
78271,incendio,-8.2112,-76.9871
78281,incendio,-6.6086,-76.4092
78289,no_incendio,-7.3820884546139,-76.13227467193721
78290,incendio,-7.2991,-77.0313
78296,no_incendio,-7.3226422677593845,-76.0064093237638
78304,no_incendio,-6.501773263941807,-76.20873227680231
78306,incendio,-7.1579,-76.4166
78311,incendio,-7.3064,-76.6698
78312,incendio,-6.5681,-76.7221
78313,no_incendio,-7.432415046086705,-75.62170917666255
78315,incendio,-8.5114,-76.4672
78316,incendio,-6.6171,-76.4589
78317,no_incendio,-7.126628531945264,-77.1694503862003
78321,no_incendio,-6.249559347527708,-77.38514191347497
78322,incendio,-5.8426,-77.1456
78324,no_incendio,-6.158099214586715,-77.01707847694989
78334,incendio,-7.7456,-76.7074
78350,no_incendio,-6.851922134143454,-76.90818662457491
78356,incendio,-6.5281,-75.6545
78359,incendio,-7.3096,-76.6281
78361,no_incendio,-7.289453419528988,-76.70433724655702
78370,incendio,-5.7008,-76.4654
78378,no_incendio,-7.093257969486561,-77.25013940551041
78390,incendio,-7.1771,-76.3683
78393,incendio,-6.5471,-75.6807
78395,incendio,-6.274,-76.1144
78402,incendio,-7.3247,-76.7122
78403,incendio,-8.2765,-76.6043
78406,incendio,-7.5144,-76.5902
78407,incendio,-7.0254,-76.2565
78420,incendio,-7.609,-76.5259
78426,incendio,-7.3511,-76.5457
78428,no_incendio,-6.331956733542304,-77.5021084607029
78434,incendio,-5.8121,-77.2224
78436,no_incendio,-6.012390103585068,-77.46665184846529
78439,no_incendio,-6.569933219427762,-75.5278161670118
78441,incendio,-6.5048,-76.7991
78450,no_incendio,-6.745283632589781,-76.33682715106067
78453,no_incendio,-5.576377400601263,-76.00886183713747
78454,incendio,-7.0029,-76.3509
78463,incendio,-6.0053,-76.1689
78465,no_incendio,-6.25350724604799,-77.4340170352428
78473,no_incendio,-5.3992279096164255,-77.51525342091976
78478,no_incendio,-6.3737423006602185,-77.16577350376646
78479,incendio,-7.8413,-76.6919
78484,incendio,-5.8846,-75.973
78486,no_incendio,-5.622162432874228,-76.70501966558531
78489,no_incendio,-5.469135651128677,-76.66584024328755
78498,incendio,-6.4539,-77.0398
78502,incendio,-7.2998,-76.9335
78507,incendio,-7.1042,-76.5699
78514,incendio,-5.8632,-77.0604
78524,incendio,-7.449,-76.6461
78527,incendio,-6.8776,-76.5448
78528,no_incendio,-7.325700741079294,-77.06360146385256
78531,incendio,-5.7828,-76.1859
78540,incendio,-5.7012,-76.0989
78545,no_incendio,-5.525473635438348,-76.97243620940135
78547,no_incendio,-6.010674240572804,-77.09796715104932
78552,no_incendio,-6.420478782048784,-76.46157866406858
78554,incendio,-7.4416,-76.74
78555,incendio,-7.4438,-76.6331
78557,no_incendio,-7.234182176376593,-76.40213823666475
78558,no_incendio,-6.595830198454336,-76.87085544617783
78567,incendio,-7.4964,-76.4596
78568,no_incendio,-6.493728884519305,-75.95080124431671
78571,incendio,-6.7423,-76.7274
78572,incendio,-6.84,-76.5197
78575,incendio,-6.7746,-76.8511
78602,no_incendio,-5.62776239327014,-77.48408133634722
78603,incendio,-7.4829,-76.6764
78615,incendio,-8.6075,-76.6613
78619,incendio,-6.4583,-75.7392
78630,no_incendio,-5.569129164967829,-76.89146867970102
78632,no_incendio,-5.323979357908248,-75.76496426046252
78637,incendio,-7.0352,-76.1856
78649,incendio,-7.3002,-76.8816
78656,incendio,-6.8724,-76.9211
78657,incendio,-8.6076,-76.6449
78658,no_incendio,-6.877247924736086,-76.70115338296226
78666,no_incendio,-5.846023239980903,-75.59058432825728
78674,no_incendio,-6.987442347939161,-77.51096806537585
78675,incendio,-6.5763,-75.5751
78686,no_incendio,-7.288317129023355,-76.62295810073671
78692,no_incendio,-6.586322213980279,-76.11222675311737
78695,no_incendio,-6.3805177741503645,-77.07356874423562
78702,incendio,-6.5401,-76.3273
78710,no_incendio,-5.746784627492212,-75.78617751665539
78711,no_incendio,-5.518725698266722,-76.04231826723102
78715,no_incendio,-6.730215654444688,-76.84821672271427
78717,no_incendio,-5.959932705913599,-76.9795248154579
78720,incendio,-6.8105,-76.2421
78726,incendio,-7.0315,-76.5745
78737,incendio,-6.7671,-76.8389
78745,no_incendio,-7.346936014424016,-77.24612328998047
78758,incendio,-7.384,-76.7628
78760,incendio,-7.5233,-76.456
78763,incendio,-7.23,-76.8327
78767,incendio,-8.4658,-76.3843
78780,incendio,-8.4088,-76.7519
78783,incendio,-7.3416,-76.3132
78786,no_incendio,-6.092332930769818,-77.53250095731846
78791,incendio,-6.9952,-76.7941
78796,incendio,-6.9412,-76.4609
78797,incendio,-8.6134,-76.7348
78801,no_incendio,-7.288794185700048,-76.06129578328853
78804,incendio,-7.4131,-76.7224
78813,no_incendio,-6.081693229189671,-76.04554760839422
78819,no_incendio,-6.980365789444828,-76.90654360978435
78826,no_incendio,-7.493235179350296,-76.56434016404388
78827,incendio,-8.5274,-76.4986
78829,no_incendio,-6.2016988445038095,-75.99411742841416
78830,incendio,-7.2099,-76.6492
78833,no_incendio,-5.451597714525489,-77.32234997673201
78834,incendio,-7.6065,-76.4827
78837,no_incendio,-7.588515859914238,-76.24969046906399
78840,incendio,-5.948,-76.2672
78841,incendio,-6.2385,-76.0194
78844,incendio,-7.1117,-76.6166
78849,no_incendio,-6.741564716218832,-76.27215624555981
78851,incendio,-7.6246,-76.6557
78859,incendio,-5.333,-76.7715
78860,no_incendio,-6.091674894114575,-77.31779067927825
78861,incendio,-8.2657,-77.3639
78869,incendio,-6.0769,-75.9967
78873,incendio,-6.6989,-76.8419
78878,no_incendio,-7.366259215797565,-77.34248619041158
78879,incendio,-8.4323,-76.3031
78885,incendio,-5.7098,-76.167
78889,incendio,-5.7527,-76.4137
78895,incendio,-6.827,-76.465
78898,incendio,-6.0557,-76.1576
78899,no_incendio,-5.4324592687941,-76.16239104777486
78901,incendio,-7.3027,-76.951
78906,incendio,-7.1343,-76.4108
78907,incendio,-6.664,-76.6176
78909,incendio,-7.5546,-76.6185
78910,incendio,-6.8374,-76.4873
78914,incendio,-7.2989,-76.6771
78916,no_incendio,-6.042344688075439,-75.58423135699039
78918,no_incendio,-6.325765977825784,-76.5205147871752
78923,incendio,-7.2627,-76.1674
78924,incendio,-7.1357,-76.8843
78934,incendio,-8.6072,-76.8671
78946,no_incendio,-5.926005528348797,-76.66451761423114
78951,incendio,-7.3891,-76.5399
78953,incendio,-6.781,-76.6921
78956,incendio,-6.9626,-76.4993
78957,incendio,-8.4903,-77.0476
78973,no_incendio,-6.191285072180344,-75.97348634249272
78985,incendio,-5.7524,-76.6026
78989,incendio,-6.4735,-75.6835
78992,incendio,-6.1701,-76.1916
78996,incendio,-6.7643,-76.6976
78997,incendio,-6.7443,-76.6768
78999,incendio,-5.4657,-76.6427
79000,no_incendio,-5.636606643396935,-75.65023157423232
79001,no_incendio,-5.316751485798925,-76.19649120217885
79002,incendio,-6.7164,-76.6036
79003,incendio,-5.7307,-76.1927
79005,no_incendio,-5.5670313248345,-75.99876018929933
79009,incendio,-6.0286,-76.111
79016,incendio,-6.1966,-76.1893
79017,no_incendio,-6.679897679386204,-77.34823338283437
79026,incendio,-6.1142,-76.3452
79031,incendio,-8.4806,-76.2189
79039,incendio,-7.3954,-77.6053
79040,incendio,-6.678,-76.2115
79042,no_incendio,-5.693256209324268,-76.57722873694159
79049,incendio,-8.631,-76.1599
79051,no_incendio,-6.501773263941807,-76.20873227680231
79053,incendio,-5.7375,-76.3879
79054,incendio,-8.5399,-76.5271
79063,incendio,-7.6042,-76.7103
79064,incendio,-5.3967,-76.8503
79066,no_incendio,-7.14999258790223,-77.27323492320696
79073,incendio,-8.4607,-76.2713
79075,incendio,-6.4492,-77.0612
79077,incendio,-6.0828,-76.1113
79081,incendio,-6.7251,-76.4953
79094,no_incendio,-7.475413502587504,-75.52501286015236
79100,no_incendio,-5.623597121632923,-75.81781716667395
79102,incendio,-6.6901,-76.8794
79103,no_incendio,-5.315273849835721,-75.96752969040406
79112,no_incendio,-6.231532660134269,-77.43051392350198
79114,incendio,-6.354,-75.5729
79115,incendio,-7.8633,-76.7099
79118,no_incendio,-5.849268078249962,-76.0787263818459
79119,no_incendio,-6.059607457191615,-77.52385870382261
79129,no_incendio,-6.705083355769138,-77.07784196502678
79134,incendio,-5.8182,-76.4077
79135,incendio,-7.1541,-76.6714
79139,no_incendio,-6.644983818759033,-76.97235660144274
79142,incendio,-7.6913,-76.6671
79162,incendio,-7.3598,-76.5603
79166,no_incendio,-5.531434005442488,-77.13875106909684
79170,no_incendio,-6.922488599265936,-77.20347324801959
79173,no_incendio,-6.949415512269831,-76.30894649629607
79177,no_incendio,-6.370648236891197,-76.34077418345667
79186,no_incendio,-5.940833223348477,-76.76215332326328
79188,no_incendio,-5.592011294671137,-75.99975689195666
79189,incendio,-7.675,-76.7971
79199,no_incendio,-7.371926664770868,-77.38249391708561
79200,incendio,-6.9252,-76.5848
79206,incendio,-8.7468,-76.3118
79207,no_incendio,-6.837388041019548,-77.0882269714977
79220,no_incendio,-6.940699761996049,-76.26181884160466
79223,no_incendio,-6.134775971165761,-75.80907324993491
79235,incendio,-5.6901,-76.2478
79236,incendio,-6.7298,-76.4566
79237,no_incendio,-7.059198382146936,-75.77593999522976
79244,no_incendio,-7.267527749331178,-76.00258934511766
79248,incendio,-8.6797,-76.3142
79254,no_incendio,-5.49325291733823,-76.90069379643876
79257,incendio,-7.6851,-76.4921
79265,no_incendio,-6.040843804619021,-75.5134205645717
79271,no_incendio,-6.911906202214161,-76.30385492841812
79279,no_incendio,-5.8511939634062635,-76.52247944634267
79285,incendio,-7.8638,-76.6911
79287,no_incendio,-7.38891296125344,-75.60819465870141
79289,incendio,-8.5636,-77.7981
79301,incendio,-5.8901,-76.1195
79302,incendio,-6.6917,-76.8637
79305,incendio,-7.4511,-76.64
79312,no_incendio,-7.558428193627557,-76.41513276188537
79318,incendio,-7.2345,-76.6182
79327,no_incendio,-7.391354511869424,-77.17370886410413
79338,incendio,-8.774,-76.1785
79341,no_incendio,-5.349324419297768,-77.32630960187535
79343,no_incendio,-6.466287697296756,-75.7075752786908
79346,no_incendio,-5.746784627492212,-75.78617751665539
79348,incendio,-7.5602,-76.4267
79351,incendio,-6.8,-76.2495
79353,no_incendio,-5.8418090063734045,-77.13859458576027
79362,incendio,-5.7568,-76.2152
79377,incendio,-6.7096,-76.4841
79378,no_incendio,-5.710479011729555,-76.39175910938613
79380,no_incendio,-7.125442800649086,-77.06151312787605
79382,incendio,-7.3073,-75.5456
79394,no_incendio,-6.730142477692188,-76.45478701398325
79398,no_incendio,-7.137713754276464,-76.43208640903742
79407,incendio,-7.4879,-76.6004
79411,no_incendio,-6.557560588378224,-76.50430262965486
79419,incendio,-7.0998,-76.2526
79429,incendio,-8.4109,-76.3614
79430,no_incendio,-6.1245241179034995,-75.6853524981565
79441,incendio,-7.3801,-76.5957
79454,incendio,-7.2868,-76.9486
79459,incendio,-5.9135,-76.51
79465,no_incendio,-6.825057480379352,-77.49883680928833
79471,no_incendio,-6.073266163575411,-75.6671313489238
79477,no_incendio,-7.011514074885707,-76.73934268520709
79484,incendio,-6.4362,-75.764
79489,incendio,-6.0045,-75.8314
79491,incendio,-6.1583,-77.1595
79494,no_incendio,-7.051099362667298,-76.62925053957763
79495,no_incendio,-7.038387701485983,-77.46608635694433
79499,no_incendio,-5.621781873154133,-75.59201486751932
79500,incendio,-7.0785,-76.1091
79507,no_incendio,-7.53303009358015,-76.30539007678105
79508,incendio,-6.1066,-76.2301
79509,no_incendio,-6.076651418507213,-75.99938351654062
79514,incendio,-8.5873,-76.1158
79522,incendio,-6.7642,-76.5709
79526,incendio,-7.007,-76.8731
79528,incendio,-6.1217,-76.8793
79533,no_incendio,-6.1245241179034995,-75.6853524981565
79541,incendio,-7.5947,-76.5254
79542,incendio,-7.1963,-76.8256
79545,incendio,-7.3935,-76.5814
79547,incendio,-7.1451,-76.8494
79548,incendio,-7.2743,-76.8362
79554,no_incendio,-7.124827279927048,-76.79852328354966
79556,no_incendio,-7.331602369683786,-75.50190770424915
79558,no_incendio,-5.977250221064096,-76.70445078164089
79570,no_incendio,-5.543275857949961,-76.36401463997392
79572,incendio,-8.489,-76.2142
79574,no_incendio,-6.237716755759431,-77.39156311979332
79577,no_incendio,-6.7183540623229865,-77.22771131243218
79578,incendio,-7.3464,-76.5541
79582,incendio,-6.8807,-76.8886
79584,no_incendio,-6.260923080518788,-75.61074627640608
79585,incendio,-5.5479,-76.7119
79586,incendio,-7.5574,-76.4831
79590,incendio,-6.1589,-75.9037
79594,incendio,-6.5834,-76.9125
79602,incendio,-8.2398,-77.1647
79603,no_incendio,-5.457985826162461,-76.51538649315398
79607,incendio,-6.8532,-76.0652
79611,incendio,-7.9517,-76.6844
79628,no_incendio,-5.389176452484517,-75.81151917065094
79630,incendio,-6.8117,-76.077
79635,no_incendio,-6.621617501983885,-75.65329251395444
79639,no_incendio,-6.737059261843657,-77.50234796745673
79642,incendio,-6.4624,-76.8214
79645,incendio,-6.7059,-76.4575
79651,incendio,-7.5685,-76.6712
79653,incendio,-5.7191,-76.4112
79654,incendio,-8.6567,-76.3576
79659,no_incendio,-6.56442664767728,-76.08300934140289
79663,no_incendio,-6.822682837524565,-76.01658832939721
79664,no_incendio,-7.190259524857835,-76.68608585816432
79679,no_incendio,-6.391881397317083,-77.53216465937516
79683,no_incendio,-5.544976635100384,-76.33130727413504
79687,no_incendio,-7.245236344594437,-75.87140818649081
79690,no_incendio,-6.040675081738544,-76.88692151022694
79693,incendio,-5.7885,-76.3342
79701,no_incendio,-6.24237475480212,-75.58560175040829
79713,no_incendio,-5.739591127784566,-75.99955564974134
79714,no_incendio,-6.949882284574706,-75.68273295602192
79715,no_incendio,-5.807017349001207,-75.61769536103809
79717,incendio,-6.1871,-75.8304
79723,incendio,-5.8674,-77.0818
79738,incendio,-6.6696,-76.6046
79740,no_incendio,-6.1503156162969,-75.68207577523512
79745,no_incendio,-5.6897437871119,-77.10615819747757
79750,no_incendio,-6.473718077481412,-77.49661278682977
79752,no_incendio,-6.47129538831012,-76.10848069167751
79754,incendio,-7.7498,-76.7613
79766,incendio,-6.8122,-76.6181
79767,no_incendio,-5.937659253977012,-77.34942172737706
79768,incendio,-6.8827,-76.775
79770,no_incendio,-6.928184042805378,-76.77151382737259
79773,no_incendio,-5.992720265748597,-76.93502157829727
79778,incendio,-7.647,-76.8168
79782,incendio,-5.8076,-77.1876
79787,incendio,-7.089,-76.7351
79795,incendio,-6.9272,-76.5294
79802,incendio,-8.7061,-77.0482
79804,no_incendio,-5.6355072776323825,-77.05987553143974
79809,incendio,-6.8632,-76.3568
79811,no_incendio,-5.800895908311601,-76.62831443275236
79816,incendio,-7.4075,-76.5484
79822,incendio,-7.2063,-76.6203
79826,incendio,-7.5338,-76.5079
79829,incendio,-6.3936,-75.7143
79830,incendio,-6.3827,-76.6375
79831,no_incendio,-5.626490573988114,-76.90197669049898
79833,incendio,-7.3964,-76.576
79838,incendio,-6.2127,-76.8031
79839,no_incendio,-6.742426821485937,-75.840077033376
79846,no_incendio,-7.508397223486154,-75.66150958377543
79852,no_incendio,-5.322335273054225,-75.66988823532402
79853,no_incendio,-7.081124602285028,-76.06087878832324
79854,incendio,-7.376,-76.8202
79855,incendio,-7.3511,-76.5399
79856,no_incendio,-7.263705379465793,-77.32787830995856
79871,incendio,-8.6677,-76.353
79872,no_incendio,-7.341385532228014,-75.96721546288514
79897,no_incendio,-6.664383213747135,-77.16631140190985
79899,no_incendio,-5.485150772179796,-77.0821813016382
79902,incendio,-7.1207,-76.5951
79906,incendio,-7.1162,-76.7002
79910,no_incendio,-5.68462514388274,-76.77383589546262
79912,incendio,-6.9917,-76.7968
79930,no_incendio,-5.690666241525762,-76.5831246635922
79936,no_incendio,-5.5463833686959125,-76.92476001499328
79943,incendio,-7.0357,-76.5163
79950,no_incendio,-5.487710562433828,-76.3714568595569
79953,no_incendio,-6.590618313605878,-75.87293609884875
79960,incendio,-7.1185,-76.4715
79966,incendio,-7.494,-76.7256
79969,incendio,-6.5864,-76.763
79970,incendio,-7.881,-76.6795
79971,incendio,-7.5,-76.5356
79985,incendio,-7.6098,-76.374
79987,incendio,-7.5222,-76.7742
79988,no_incendio,-6.416369783766856,-77.46099434503463
79989,no_incendio,-5.976473792691887,-77.521298056028
79991,incendio,-6.714,-76.8155
80000,incendio,-8.1382,-76.896
80003,no_incendio,-6.727424984115921,-76.66756072308013
80007,incendio,-5.9803,-77.2532
80012,incendio,-6.8433,-77.7677
80014,no_incendio,-6.71467279372098,-77.07743264874856
80020,incendio,-6.7947,-76.4086
80031,incendio,-7.2936,-76.6897
80034,no_incendio,-7.468820255868223,-76.21884389702247
80036,no_incendio,-7.005255736259935,-76.42804994495515
80038,no_incendio,-6.201637039608355,-76.63859765076462
80040,no_incendio,-5.5683966845979995,-76.81768428751661
80057,no_incendio,-7.431414415877487,-76.13136950681124
80058,no_incendio,-5.847351714277372,-76.19994787889544
80065,incendio,-6.8506,-76.581
80070,no_incendio,-6.439732844593629,-76.57320223136172
80083,incendio,-7.2609,-76.6013
80095,no_incendio,-5.719203795161454,-76.0632701523621
80101,incendio,-8.3807,-77.3716
80105,no_incendio,-6.994018548876931,-77.44340810717631
80107,incendio,-7.4178,-76.8249
80114,no_incendio,-7.475413502587504,-75.52501286015236
80117,incendio,-7.2388,-76.0747
80118,incendio,-5.8219,-76.34
80120,incendio,-6.4864,-76.3714
80133,no_incendio,-7.0026426990635535,-77.36552672269332
80137,no_incendio,-5.977893876843185,-76.20383698117358
80138,incendio,-6.8255,-76.5651
80144,incendio,-6.8865,-76.458
80148,no_incendio,-5.979395848987274,-75.81605060669331
80149,incendio,-5.4226,-76.8375
80155,incendio,-6.747,-76.8233
80172,incendio,-5.7264,-76.2195
80178,no_incendio,-7.367557628064232,-76.4395241338938
80179,no_incendio,-6.84710555088138,-75.520478621097
80184,incendio,-5.8655,-75.9502
80185,no_incendio,-6.8241555048520945,-76.01927599626522
80193,incendio,-7.1236,-76.9732
80203,no_incendio,-5.4433732153340495,-76.71634375535739
80205,incendio,-7.4348,-76.6551
80206,incendio,-7.1159,-76.7221
80207,incendio,-6.2483,-76.1776
80222,incendio,-7.9038,-76.7356
80225,no_incendio,-6.249559347527708,-77.38514191347497
80227,incendio,-6.2694,-77.2159
80228,no_incendio,-5.404889796153065,-75.52356189843724
80235,incendio,-7.2829,-76.6899
80239,incendio,-6.7994,-76.9201
80241,no_incendio,-6.479517291884607,-77.31045667927476
80248,incendio,-8.2236,-76.6097
80249,incendio,-8.1652,-76.5105
80252,incendio,-8.5797,-76.6049
80255,no_incendio,-5.77315746853071,-76.36797107270804
80259,no_incendio,-5.411652077381302,-77.27749728778487
80267,incendio,-8.2491,-76.6377
80270,no_incendio,-6.4551795764442375,-76.19574642473289
80271,incendio,-7.3688,-76.7351
80273,incendio,-7.053,-76.2349
80275,incendio,-8.4922,-76.445
80277,no_incendio,-5.7158112857010535,-77.38243423840477
80288,no_incendio,-5.398135296375456,-76.71445247130518
80291,incendio,-6.8771,-76.6364
80293,incendio,-7.5022,-76.4283
80295,no_incendio,-5.8091800479019735,-77.2012977286717
80296,incendio,-7.347,-76.5454
80301,no_incendio,-5.60263772570773,-75.78275132850642
80303,no_incendio,-6.470561948843736,-76.94393330664495
80304,incendio,-8.5579,-76.4394
80312,incendio,-5.3011,-76.4793
80314,incendio,-7.9584,-76.7066
80319,no_incendio,-5.882916892819359,-76.86515934904114
80322,no_incendio,-5.8084744858353705,-77.25537544416976
80327,incendio,-7.3691,-76.537
80329,incendio,-7.4073,-76.7216
80338,incendio,-5.7693,-77.0949
80341,no_incendio,-5.326609511462546,-75.7438155508771
80343,no_incendio,-6.190431376100011,-77.10696325685771
80348,incendio,-6.2109,-76.262
80351,no_incendio,-7.062719614900722,-75.90547044520231
80352,incendio,-7.9062,-77.7643
80368,no_incendio,-7.014371526342947,-75.6304094962068
80370,no_incendio,-6.551429222354349,-76.91211574837874
80381,incendio,-5.8067,-76.0782
80386,incendio,-7.3165,-76.9261
80390,incendio,-7.4195,-76.8324
80407,incendio,-8.1764,-76.6544
80409,no_incendio,-6.845497704977086,-76.65360984481556
80410,no_incendio,-6.059607457191615,-77.52385870382261
80415,incendio,-6.3541,-75.8425
80418,incendio,-8.4519,-76.2927
80420,incendio,-6.6974,-76.8314
80421,incendio,-7.4448,-76.5616
80425,incendio,-7.2133,-77.672
80429,incendio,-7.3776,-76.5638
80436,incendio,-7.5343,-76.6754
80444,incendio,-6.8516,-76.8062
80445,no_incendio,-5.546857195256127,-75.81190178678054
80448,incendio,-7.3255,-76.9685
80471,no_incendio,-6.390597266026688,-76.66038678496503
80472,incendio,-7.4947,-76.653
80476,incendio,-8.7598,-76.2785
80482,incendio,-6.0108,-76.1326
80485,no_incendio,-6.398926454720778,-76.50536924785067
80493,incendio,-5.7755,-77.4108
80494,incendio,-7.3264,-76.6585
80499,incendio,-7.4938,-76.3915
80502,no_incendio,-5.693256209324268,-76.57722873694159
80505,incendio,-7.3373,-76.5511
80506,incendio,-8.5379,-76.7439
80515,incendio,-6.9867,-76.9422
80516,incendio,-7.627,-76.4559
80520,no_incendio,-7.3383676381877665,-77.39694154174633
80524,no_incendio,-7.487103293775268,-76.06526148025002
80530,incendio,-7.4006,-76.8628
80531,incendio,-6.8331,-76.8946
80533,incendio,-6.8342,-76.9871
80545,incendio,-8.0736,-77.2451
80548,incendio,-5.7163,-77.5208
80551,incendio,-7.3321,-77.7131
80574,incendio,-5.9625,-76.4741
80585,incendio,-6.8705,-76.8345
80587,incendio,-7.3894,-76.2319
80589,no_incendio,-6.310252900156727,-75.63690302476967
80593,no_incendio,-7.062719614900722,-75.90547044520231
80596,no_incendio,-6.692392129901898,-76.24064751909104
80600,incendio,-6.3475,-75.9909
80603,no_incendio,-6.838209877352376,-75.74494612497837
80607,incendio,-6.576,-75.6793
80609,no_incendio,-5.715242133239665,-75.6692049037983
80612,incendio,-6.6345,-75.6925
80619,no_incendio,-5.914538807022697,-77.31789261845223
80621,no_incendio,-7.502845115494379,-76.45758833661111
80639,incendio,-6.934,-76.2392
80642,no_incendio,-6.260865842963683,-76.65344397081381
80644,incendio,-6.7384,-76.8194
80646,no_incendio,-5.682009801127555,-77.32557014599907
80655,incendio,-7.1774,-76.2246
80657,incendio,-6.9637,-76.2588
80658,no_incendio,-5.461372149282843,-77.4223608733987
80660,no_incendio,-6.7528370184185675,-75.79463738047077
80661,incendio,-8.6497,-76.2153
80665,incendio,-6.5142,-75.6746
80667,incendio,-8.4839,-76.4878
80669,incendio,-6.6566,-76.7939
80676,no_incendio,-6.185102706019143,-75.78932803542219
80686,incendio,-7.1088,-76.9112
80695,no_incendio,-5.767577808825913,-75.75625284767814
80696,incendio,-7.0668,-76.8497
80698,incendio,-6.5715,-75.6514
80700,no_incendio,-6.328050055589178,-77.0850887708193
80703,no_incendio,-7.142345675518539,-77.26966785367183
80704,no_incendio,-5.847773952672416,-76.45786537475786
80709,no_incendio,-7.5990878129892385,-76.01433706050479
80725,incendio,-5.7625,-77.3371
80732,incendio,-7.7988,-77.7323
80743,no_incendio,-6.064542854980353,-77.18213602611725
80745,no_incendio,-6.645538690996345,-76.24231505313135
80751,no_incendio,-7.0287390386317705,-77.03724597379518
80754,no_incendio,-6.807279841790784,-75.78242302305196
80756,incendio,-7.3569,-76.6123
80767,incendio,-5.7525,-77.2778
80768,no_incendio,-6.54529109912659,-75.69341596269626
80777,no_incendio,-6.165729925483304,-75.50698017130118
80781,no_incendio,-5.767157423041838,-75.60792843558447
80783,incendio,-5.4752,-76.7597
80785,no_incendio,-7.450227101420001,-77.22165209135423
80792,no_incendio,-5.586947404667705,-76.96796502244129
80793,incendio,-7.8675,-76.7703
80796,incendio,-7.3214,-76.8204
80808,no_incendio,-7.396293728832261,-76.90325278525978
80812,incendio,-7.2995,-76.2216
80816,no_incendio,-6.536633754882988,-75.61074686603133
80817,no_incendio,-5.85348487678678,-75.67716092139695
80819,incendio,-6.4424,-76.5326
80821,incendio,-6.5375,-76.4862
80825,no_incendio,-6.228351070264562,-77.26637950725386
80827,incendio,-7.084,-77.0196
80834,incendio,-7.1494,-76.6481
80841,incendio,-6.6908,-76.5096
80847,no_incendio,-5.716829315463946,-76.6884283959595
80861,no_incendio,-7.192676000546934,-77.13476748134192
80862,incendio,-5.9896,-76.0188
80865,no_incendio,-7.325700741079294,-77.06360146385256
80868,no_incendio,-6.922488599265936,-77.20347324801959
80869,incendio,-5.9933,-76.4747
80874,no_incendio,-5.971167138004345,-76.3740699604034
80876,incendio,-7.4566,-76.4071
80877,no_incendio,-6.163392021425101,-76.6587242460342
80883,incendio,-7.2069,-77.0686
80885,incendio,-6.6812,-76.705
80887,incendio,-8.5638,-76.4028
80894,incendio,-7.3723,-76.7483
80898,incendio,-5.7444,-76.1912
80905,no_incendio,-6.559185707653601,-77.1814362546677
80917,incendio,-6.92,-76.2756
80918,incendio,-7.4465,-76.6476
80922,incendio,-7.3195,-76.5943
80928,no_incendio,-6.314113189001013,-76.77593472488475
80931,incendio,-5.7997,-77.1751
80933,incendio,-7.0876,-76.7791
80946,incendio,-7.1045,-76.8185
80961,no_incendio,-6.88204939673875,-76.47181029595973
80969,no_incendio,-6.253873442293271,-77.4856518253099
80974,incendio,-6.471,-76.8422
80976,incendio,-7.0754,-76.8088
80980,no_incendio,-6.2816422432891255,-75.61454508391762
80983,incendio,-6.8324,-76.5123
80986,incendio,-6.6731,-76.4658
80988,no_incendio,-6.032637337308331,-77.27677952675285
80989,no_incendio,-5.622162432874228,-76.70501966558531
80993,incendio,-7.1693,-77.0925
80998,incendio,-8.3558,-76.4026
81003,no_incendio,-7.36388011313037,-77.4640263849402
81005,incendio,-8.1065,-76.6973
81009,incendio,-6.4477,-75.9359
81010,no_incendio,-5.8624058726324275,-77.54256899267752
81011,no_incendio,-5.465266875680572,-76.24842900681286
81012,incendio,-6.908,-76.8433
81013,incendio,-6.7745,-76.8021
81014,incendio,-7.0928,-76.2098
81017,incendio,-7.0252,-76.5839
81021,no_incendio,-5.370065008448104,-77.20634043748042
81022,incendio,-7.4968,-76.565
81024,incendio,-7.0862,-76.2389
81028,incendio,-7.3198,-76.3337
81034,incendio,-8.0668,-76.6895
81044,no_incendio,-7.087560477783244,-76.48701616296685
81054,incendio,-7.1335,-76.6506
81055,no_incendio,-5.767157423041838,-75.60792843558447
81058,incendio,-5.7786,-76.3583
81059,no_incendio,-7.584063938890335,-77.08532363724217
81067,no_incendio,-6.738442276906446,-76.26128977675305
81070,incendio,-7.0976,-76.8048
81071,no_incendio,-5.457985826162461,-76.51538649315398
81080,incendio,-7.423,-76.8514
81084,no_incendio,-5.971167138004345,-76.3740699604034
81087,no_incendio,-5.882916892819359,-76.86515934904114
81090,no_incendio,-5.433480478841975,-76.00940335234054
81092,incendio,-6.4429,-75.681
81094,incendio,-7.1594,-76.8009
81121,no_incendio,-7.427821513315094,-77.09535827635182
81122,incendio,-6.0357,-75.9104
81127,incendio,-7.3361,-76.2933
81131,no_incendio,-5.559447141003816,-77.53240429845073
81134,incendio,-7.1136,-77.1053
81138,incendio,-6.6721,-76.6302
81141,incendio,-6.1806,-76.3434
81147,no_incendio,-6.360887636963093,-77.10755017823716
81149,no_incendio,-7.278446400857449,-77.33703515392486
81151,incendio,-5.8314,-75.9542
81161,no_incendio,-6.796720182530489,-75.69073110670904
81167,incendio,-7.3221,-76.949
81182,no_incendio,-6.806897768294474,-76.17637549858149
81196,incendio,-6.7466,-76.4849
81203,no_incendio,-5.49325291733823,-76.90069379643876
81205,no_incendio,-5.761894026687926,-76.71626651276603
81206,no_incendio,-6.795665285445913,-76.70031335032672
81207,no_incendio,-7.152157832421082,-77.44831592237493
81209,no_incendio,-5.3838831063176515,-76.49104845789617
81215,incendio,-5.903,-76.3908
81224,incendio,-6.5497,-76.7342
81228,incendio,-6.1744,-76.2237
81233,incendio,-6.0626,-75.977
81234,incendio,-6.8765,-76.7948
81236,no_incendio,-6.107287203943645,-77.4216594793923
81239,no_incendio,-6.905014878753814,-76.49698867319515
81241,no_incendio,-5.586947404667705,-76.96796502244129
81249,incendio,-6.9906,-76.3089
81258,no_incendio,-6.129131664861193,-76.45649977733511
81270,incendio,-5.8548,-75.9185
81271,incendio,-6.6926,-76.6941
81276,incendio,-7.4401,-76.6192
81282,incendio,-8.3412,-76.267
81284,incendio,-7.3417,-76.547
81293,no_incendio,-6.007162927883913,-76.5503319635523
81309,no_incendio,-6.346021842815813,-77.12333044544714
81310,no_incendio,-6.141100932072808,-75.82733820285651
81317,incendio,-5.7309,-76.1353
81325,no_incendio,-7.178109146033509,-76.55931189942505
81340,no_incendio,-6.1400329007098495,-75.77782950002863
81342,no_incendio,-7.462272976116109,-77.0484423984109
81343,incendio,-7.1897,-76.5092
81345,incendio,-5.3493,-76.7964
81351,incendio,-7.0563,-76.5914
81352,incendio,-7.495,-76.2674
81361,incendio,-5.8336,-76.0456
81369,incendio,-7.1734,-76.9553
81373,no_incendio,-6.323745703888591,-76.07826663303581
81375,no_incendio,-6.30212067741681,-77.20947071632679
81387,no_incendio,-5.31179064282697,-75.78618195501585
81389,no_incendio,-5.543275857949961,-76.36401463997392
81390,incendio,-8.5822,-76.375
81391,incendio,-7.0106,-76.5955
81392,incendio,-7.4347,-76.7099
81393,no_incendio,-5.332935425847374,-77.16749151506393
81396,incendio,-6.5716,-76.3732
81401,no_incendio,-6.072304927752775,-76.77556503555117
81403,no_incendio,-5.782302498103818,-75.6928374050029
81408,incendio,-7.1745,-76.4914
81410,incendio,-5.3044,-76.2573
81411,incendio,-6.7854,-76.9452
81424,no_incendio,-5.562529025700048,-76.57485709284715
81430,incendio,-7.6227,-76.485
81432,incendio,-7.3617,-76.4158
81437,incendio,-8.7012,-76.3454
81451,incendio,-6.3371,-75.7128
81454,incendio,-6.8693,-76.1295
81460,incendio,-7.5289,-76.7299
81468,no_incendio,-6.718454996800395,-75.59317309755335
81469,no_incendio,-6.140503448389999,-75.89152757203433
81472,no_incendio,-5.715242133239665,-75.6692049037983
81478,no_incendio,-7.15250800382105,-75.6698884726493
81486,incendio,-6.3584,-76.1055
81494,incendio,-7.4002,-76.5639
81499,no_incendio,-5.65117658577255,-75.62263099163508
81506,no_incendio,-5.451709663906019,-76.0834165906866
81508,no_incendio,-7.480945740497024,-75.88131487548965
81520,incendio,-7.4808,-76.6847
81522,incendio,-7.7244,-76.5088
81523,incendio,-6.1462,-76.7832
81524,incendio,-7.3426,-76.8508
81530,incendio,-7.3182,-75.6106
81537,incendio,-6.2402,-75.9422
81542,incendio,-5.8279,-76.1498
81557,no_incendio,-7.193491617772813,-76.90637497057176
81572,no_incendio,-5.888892522225688,-76.77144344906966
81574,incendio,-6.2744,-76.2854
81575,no_incendio,-6.594872736761388,-76.81244710228094
81583,incendio,-7.1565,-77.0835
81588,no_incendio,-7.4582565567314925,-76.8374558308584
81593,incendio,-8.5176,-76.3539
81594,no_incendio,-5.4986752575716835,-76.99704879250469
81601,incendio,-5.9331,-76.2825
81610,incendio,-8.2587,-76.3989
81619,incendio,-6.9854,-76.3469
81621,no_incendio,-7.19668087361042,-76.2603633805298
81624,incendio,-6.7047,-76.768
81625,no_incendio,-6.9398975097013755,-76.27516039033146
81627,incendio,-7.8451,-76.7299
81634,no_incendio,-5.977250221064096,-76.70445078164089
81637,incendio,-7.7025,-77.5104
81640,incendio,-7.4201,-76.8524
81641,incendio,-6.354,-76.6769
81649,incendio,-7.6364,-76.6202
81651,no_incendio,-5.662370106905432,-77.07535731755083
81654,incendio,-5.8649,-76.5662
81656,incendio,-8.4431,-76.2558
81661,no_incendio,-6.914205717609276,-76.21644962030662
81664,incendio,-7.7392,-76.7221
81672,incendio,-7.0615,-76.7129
81675,incendio,-7.2893,-76.3803
81677,no_incendio,-7.230008103453095,-76.43726823574747
81679,no_incendio,-6.644983818759033,-76.97235660144274
81684,no_incendio,-7.459387198765487,-76.32587223443953
81696,incendio,-7.2595,-76.7633
81699,no_incendio,-5.382698663545955,-75.70884428974506
81703,incendio,-6.7118,-76.6373
81704,incendio,-5.6176,-75.9189
81709,incendio,-8.767,-75.5479
81710,incendio,-7.4148,-76.6285
81715,incendio,-5.8644,-75.9995
81721,no_incendio,-5.4484392138134945,-75.95921509359859
81723,incendio,-8.1883,-77.0596
81725,no_incendio,-5.557069716448366,-75.65393079947539
81729,no_incendio,-6.622512429028128,-75.69288323438259
81730,no_incendio,-6.011348651194169,-77.43448041427209
81743,incendio,-5.9152,-77.1018
81744,incendio,-8.5508,-76.4495
81748,incendio,-5.8931,-76.2846
81750,no_incendio,-5.316700367183811,-76.26596491615018
81751,incendio,-7.1339,-76.4878
81753,incendio,-6.5913,-76.7475
81755,incendio,-6.1447,-76.3952
81758,incendio,-7.0687,-76.8796
81763,no_incendio,-7.263705379465793,-77.32787830995856
81765,no_incendio,-7.047404652384161,-75.9921217029406
81768,no_incendio,-6.931842163036034,-76.53424888448937
81772,incendio,-6.7884,-76.6564
81778,incendio,-7.3091,-76.7283
81779,incendio,-6.9932,-76.0945
81783,no_incendio,-5.733329701316475,-76.97970479241751
81784,no_incendio,-5.9787702159042375,-76.39270327711898
81787,incendio,-5.7505,-77.2906
81793,no_incendio,-6.248030507497377,-77.52671049342304
81795,incendio,-7.0582,-76.1106
81796,incendio,-8.1876,-76.9931
81811,incendio,-7.5503,-76.7733
81821,no_incendio,-6.238722534494159,-76.96599757551694
81831,no_incendio,-6.23478792603882,-76.18381610836184
81835,no_incendio,-5.532392079747417,-76.92136640270547
81836,no_incendio,-6.199800156726071,-75.87903812084684
81839,no_incendio,-5.374689655955711,-76.01901794140703
81845,incendio,-6.0821,-76.3506
81847,no_incendio,-6.685185816424632,-76.91349326123884
81867,no_incendio,-5.461372149282843,-77.4223608733987
81875,no_incendio,-5.509842715479968,-77.22974622552158
81877,incendio,-8.617,-76.1138
81879,incendio,-6.0932,-75.9754
81884,no_incendio,-5.965105049339228,-76.99859959497034
81891,no_incendio,-5.353246300739066,-75.96334736686653
81892,no_incendio,-6.812854444766214,-76.31590409569822
81895,no_incendio,-7.366259215797565,-77.34248619041158
81910,incendio,-6.2397,-76.7833
81914,incendio,-6.9041,-76.5167
81917,no_incendio,-7.321172600418316,-77.03516400852085
81919,incendio,-7.3246,-76.9107
81927,no_incendio,-7.23268535501901,-75.71791421763211
81928,incendio,-7.5122,-76.4659
81929,incendio,-7.6456,-76.8075
81934,incendio,-7.4601,-76.2599
81935,incendio,-7.53,-76.7304
81943,no_incendio,-6.8824524173967765,-77.12203229237878
81950,no_incendio,-7.174304209114396,-76.54277799438324
81951,no_incendio,-7.079367268286084,-75.74962590729507
81953,incendio,-8.6174,-76.6234
81954,no_incendio,-6.914205717609276,-76.21644962030662
81956,no_incendio,-6.993239612195546,-76.80617132397158
81957,no_incendio,-7.329270682828255,-76.84451015929197
81962,incendio,-7.4513,-76.4624
81965,incendio,-7.0795,-76.8874
81969,incendio,-6.5961,-76.0603
81970,incendio,-7.4343,-76.6375
81977,incendio,-6.7205,-76.4984
81982,incendio,-7.673,-76.756
81986,incendio,-7.4111,-76.5836
81989,no_incendio,-7.140032609231243,-75.65901239539657
81991,incendio,-8.3508,-76.2385
81993,incendio,-5.7794,-76.4848
82000,no_incendio,-6.23470396402255,-76.94332145347941
82008,no_incendio,-7.424353792615787,-75.73269651500266
82014,no_incendio,-5.454661580886559,-77.46777785872058
82015,incendio,-6.9557,-76.8497
82017,incendio,-6.8967,-76.8876
82025,incendio,-6.2217,-75.8455
82026,incendio,-6.9239,-76.8923
82032,incendio,-5.7455,-76.0431
82033,no_incendio,-5.9729308547052575,-77.19584889522876
82034,incendio,-6.3588,-76.0436
82037,no_incendio,-6.154726709997222,-75.55076367684507
82042,incendio,-7.1457,-76.8436
82044,incendio,-5.7137,-76.1942
82050,incendio,-6.9237,-76.8869
82064,incendio,-7.1173,-76.5906
82078,incendio,-7.4071,-76.7836
82080,no_incendio,-6.761574880071224,-76.52109859066432
82089,incendio,-6.1073,-76.0432
82097,incendio,-7.8474,-76.6775
82105,incendio,-7.3802,-76.5351
82106,no_incendio,-5.863095020713222,-75.7889986714283
82107,incendio,-8.0802,-76.7016
82120,no_incendio,-5.847351714277372,-76.19994787889544
82123,no_incendio,-5.839270188717535,-77.49668062311541
82126,incendio,-8.765,-76.2844
82141,no_incendio,-6.892866951927303,-75.87172300219687
82142,no_incendio,-5.902847721330155,-77.17634156149673
82143,incendio,-6.9594,-76.7686
82145,incendio,-7.6915,-76.4946
82153,no_incendio,-7.427821513315094,-77.09535827635182
82157,no_incendio,-6.312891094128834,-75.840822427949
82160,incendio,-8.6271,-76.3218
82169,no_incendio,-6.161493803649726,-77.185392683239
82170,incendio,-7.4309,-76.4187
82172,no_incendio,-5.880891988248802,-77.50381327072611
82175,no_incendio,-7.425544369473066,-76.60957296073711
82177,no_incendio,-7.456346722108078,-76.20342873895703
82184,incendio,-7.3542,-76.9362
82189,incendio,-5.8083,-76.1373
82192,no_incendio,-6.279874050199112,-75.76672987730963
82193,incendio,-6.9267,-76.8756
82197,no_incendio,-5.582283481453623,-75.95562633397932
82198,incendio,-8.7046,-76.6938
82202,incendio,-7.5925,-76.4478
82204,incendio,-6.063,-75.9664
82207,incendio,-8.4598,-76.3121
82221,no_incendio,-5.715242133239665,-75.6692049037983
82228,incendio,-7.1578,-76.7595
82241,no_incendio,-7.527611322889828,-76.67002527157386
82246,no_incendio,-6.063333052679301,-77.2619056071794
82248,incendio,-8.6637,-76.3119
82249,incendio,-7.1639,-76.2037
82254,no_incendio,-6.25350724604799,-77.4340170352428
82264,no_incendio,-7.081431158638572,-76.84157131930168
82266,incendio,-6.8363,-76.5051
82267,incendio,-6.7043,-76.7514
82270,incendio,-7.5192,-76.2173
82271,incendio,-8.7703,-76.1647
82272,no_incendio,-6.949882284574706,-75.68273295602192
82274,no_incendio,-6.425556209293201,-75.70279330371295
82276,incendio,-8.6662,-76.1112
82278,no_incendio,-7.06430285125658,-76.42921371383994
82284,incendio,-7.2751,-76.468
82286,no_incendio,-7.6003471250061425,-76.18857699535684
82287,incendio,-6.0116,-76.8297
82296,no_incendio,-7.462272976116109,-77.0484423984109
82307,no_incendio,-5.366911069115064,-77.28733600522496
82308,incendio,-7.1995,-77.6371
82313,no_incendio,-5.592210809875936,-75.85957552026237
82320,no_incendio,-6.300957997693996,-76.09847737144455
82321,no_incendio,-5.900355019577343,-76.50972621036057
82328,incendio,-7.3813,-76.6959
82330,incendio,-6.8914,-76.5143
82336,incendio,-7.0328,-76.1457
82337,no_incendio,-6.566852763907717,-76.67622294647774
82342,incendio,-7.5447,-76.4747
82343,no_incendio,-6.887626631829371,-77.285374555124
82347,incendio,-7.4946,-76.3628
82353,no_incendio,-5.582283481453623,-75.95562633397932
82367,no_incendio,-7.156566202951519,-76.39767455117727
82372,incendio,-7.3051,-75.5424
82374,incendio,-7.2583,-76.6168
82378,no_incendio,-7.122938851987355,-76.92917682268381
82382,incendio,-7.4389,-76.3735
82387,no_incendio,-6.6308882191110055,-76.3915553322726
82389,no_incendio,-6.136911310096428,-77.0902535793698
82397,incendio,-6.1675,-77.1015
82402,no_incendio,-7.366259215797565,-77.34248619041158
82411,incendio,-6.3732,-75.7715
82413,no_incendio,-7.56354574516261,-76.00460014183221
82416,incendio,-5.8405,-77.3728
82427,incendio,-6.3947,-75.7041
82428,incendio,-7.2493,-76.7102
82440,no_incendio,-5.389176452484517,-75.81151917065094
82441,incendio,-8.0383,-76.5694
82448,incendio,-7.2283,-76.3174
82459,no_incendio,-6.134868701694113,-76.84593822630983
82460,incendio,-8.2474,-77.6933
82461,no_incendio,-6.446499470618798,-75.63834110129498
82465,incendio,-5.6585,-75.9305
82469,incendio,-7.1097,-77.0582
82473,incendio,-8.195,-76.4876
82474,incendio,-5.9984,-76.1566
82476,incendio,-5.7378,-77.4547
82484,no_incendio,-7.282016752291952,-75.89864347181351
82488,no_incendio,-5.89297787831936,-76.40313981264967
82491,incendio,-7.525,-76.4758
82511,no_incendio,-7.538851524680003,-76.89606525439852
82516,no_incendio,-5.808189893519151,-75.58463969579134
82526,incendio,-7.2352,-76.0745
82536,no_incendio,-7.127830025342514,-77.33172299006912
82537,incendio,-6.9473,-76.6496
82540,no_incendio,-5.525266717128592,-75.70624108601852
82558,incendio,-8.6934,-76.2791
82567,no_incendio,-5.399995483023551,-76.68244565675566
82576,no_incendio,-7.217722844984081,-77.2235426849214
82580,incendio,-8.3043,-76.6764
82585,incendio,-6.9054,-76.532
82589,incendio,-7.21,-77.7361
82592,incendio,-7.4459,-76.554
82594,no_incendio,-5.7870347665351245,-76.83855785035811
82597,no_incendio,-7.070198196068285,-76.36379595586068
82600,no_incendio,-6.796720182530489,-75.69073110670904
82604,incendio,-6.0487,-75.9916
82605,no_incendio,-7.346936014424016,-77.24612328998047
82611,no_incendio,-7.110610391202952,-75.57270966365749
82617,no_incendio,-6.146925317432729,-76.25875565214055
82622,incendio,-8.6955,-76.354
82629,no_incendio,-6.9338065388714725,-77.51645275784907
82630,incendio,-6.9112,-76.9195
82634,no_incendio,-6.709679366409026,-76.89232327371961
82638,incendio,-7.1057,-76.2595
82640,no_incendio,-5.747289104744423,-76.88274608576704
82642,incendio,-6.3872,-76.5666
82644,incendio,-5.6268,-76.6187
82646,incendio,-5.843,-77.0659
82647,incendio,-8.6507,-76.1413
82648,incendio,-6.6199,-76.4864
82653,incendio,-6.7603,-77.3708
82654,incendio,-8.3161,-76.3132
82657,incendio,-5.7438,-75.9573
82663,no_incendio,-6.578202945590633,-76.50501159622002
82670,no_incendio,-5.661805796480656,-77.53514186743837
82674,no_incendio,-6.08674868659818,-77.38664384875209
82678,incendio,-5.3044,-76.5038
82682,incendio,-6.5399,-76.7449
82698,no_incendio,-5.95558763459201,-75.58088985962372
82701,no_incendio,-5.6698457830937325,-76.36289670664165
82702,no_incendio,-7.319106221775668,-76.84964608294781
82711,no_incendio,-5.658384235826694,-76.44208065955317
82714,incendio,-6.5555,-76.0842
82724,no_incendio,-5.41517785771272,-76.05115692097354
82726,incendio,-7.2106,-76.6192
82727,incendio,-6.7402,-76.7615
82736,no_incendio,-7.4319891578174815,-77.15087421098383
82738,no_incendio,-7.180514878638644,-76.37224014179314
82744,incendio,-8.7582,-76.1464
82748,incendio,-7.5906,-76.6069
82752,no_incendio,-5.968149636265594,-77.51081675536001
82754,no_incendio,-7.487565239153625,-77.31329030244564
82756,no_incendio,-6.741564716218832,-76.27215624555981
82761,incendio,-8.0639,-76.7503
82762,incendio,-5.7947,-77.1238
82769,incendio,-6.5724,-76.7678
82779,no_incendio,-5.702740983602372,-76.82721339280745
82788,no_incendio,-6.848581850084046,-76.26989214867015
82791,incendio,-7.606,-76.5176
82795,incendio,-7.2437,-76.4721
82798,incendio,-7.0514,-76.5375
82804,incendio,-5.9282,-77.0575
82811,incendio,-7.5198,-76.5008
82814,no_incendio,-5.971572498496214,-75.54699515189168
82817,no_incendio,-7.446777051363318,-75.55823277277759
82818,no_incendio,-6.963743688695052,-77.15890290229473
82827,no_incendio,-6.4985912391976255,-76.97886285295857
82829,incendio,-7.3308,-76.9696
82832,no_incendio,-5.759511577701185,-76.14983081507849
82833,incendio,-7.4101,-76.6373
82837,incendio,-6.726,-76.8929
82838,incendio,-6.7006,-76.4
82842,no_incendio,-6.911906202214161,-76.30385492841812
82845,incendio,-5.657,-75.9199
82851,incendio,-7.2473,-76.7014
82857,incendio,-5.6822,-75.9131
82867,incendio,-8.1011,-76.4502
82869,no_incendio,-5.399995483023551,-76.68244565675566
82873,incendio,-8.6784,-76.3051
82882,incendio,-8.3878,-76.2472
82888,no_incendio,-6.726779286673033,-77.03336380719702
82889,incendio,-8.5237,-75.5718
82906,incendio,-8.1826,-76.5066
82910,incendio,-5.7413,-77.4608
82914,no_incendio,-6.5273014114668,-77.07055670023018
82915,no_incendio,-7.019065477801208,-77.45420422372614
82916,incendio,-7.3257,-76.9681
82924,no_incendio,-6.201637039608355,-76.63859765076462
82933,no_incendio,-6.9734000570740395,-77.15029703123086
82934,incendio,-7.2333,-76.4978
82935,no_incendio,-6.060981828013205,-76.61589601950963
82939,incendio,-8.0896,-76.712
82942,incendio,-7.1339,-76.7334
82948,incendio,-6.7917,-76.6914
82950,incendio,-8.2478,-76.5918
82963,incendio,-6.2057,-76.2155
82965,incendio,-5.6204,-76.6321
82982,no_incendio,-5.83983548332399,-77.3596154335897
82986,no_incendio,-5.508797884476139,-76.57706115239465
82988,no_incendio,-5.382544750033527,-75.77853597502654
82992,incendio,-7.0896,-76.0587
83000,no_incendio,-7.468820255868223,-76.21884389702247
83001,no_incendio,-5.433480478841975,-76.00940335234054
83002,no_incendio,-6.3737423006602185,-77.16577350376646
83003,no_incendio,-6.699009805364948,-77.20530585140459
83006,incendio,-6.7298,-76.5847
83011,incendio,-6.623,-76.2718
83015,incendio,-6.7516,-76.7126
83020,no_incendio,-7.4811756669415,-76.01564428333117
83024,no_incendio,-6.462614163555006,-75.61289892495
83030,incendio,-5.8291,-77.3906
83031,no_incendio,-7.010465391222765,-75.64374453725225
83033,incendio,-6.9094,-76.6355
83034,incendio,-7.5364,-76.6462
83038,incendio,-7.4824,-76.5126
83040,no_incendio,-6.215385324683509,-77.39247138767627
83045,no_incendio,-7.588515859914238,-76.24969046906399
83051,no_incendio,-6.370500555903968,-77.21187079190732
83053,no_incendio,-5.451597714525489,-77.32234997673201
83056,incendio,-7.2989,-75.5003
83059,incendio,-5.5136,-76.7346
83061,incendio,-8.7624,-76.6078
83073,incendio,-5.8733,-75.9771
83079,incendio,-6.1606,-76.8916
83080,incendio,-7.1765,-77.0618
83081,no_incendio,-7.237010441563305,-76.53847008307255
83082,incendio,-7.4169,-76.6559
83087,no_incendio,-5.976273966695589,-76.89556075922386
83092,no_incendio,-6.254046612679011,-76.94445690037632
83093,incendio,-5.9637,-75.9261
83098,incendio,-8.5044,-76.4316
83106,no_incendio,-5.364143829036743,-76.95415482559467
83108,incendio,-6.9324,-76.3985
83109,incendio,-6.5543,-75.6999
83111,no_incendio,-5.60683404112794,-77.27867668965091
83118,no_incendio,-6.621617501983885,-75.65329251395444
83125,no_incendio,-5.702153316153597,-75.54463550563808
83129,incendio,-5.9599,-76.2545
83132,incendio,-5.69,-76.4459
83141,no_incendio,-6.45014471724059,-77.23785683491617
83155,incendio,-6.7501,-76.7118
83157,incendio,-6.8702,-76.8203
83182,no_incendio,-5.888892522225688,-76.77144344906966
83191,incendio,-8.318,-76.6671
83193,incendio,-6.3147,-76.0648
83195,incendio,-7.1554,-76.6624
83199,no_incendio,-5.55191314269425,-76.59129090689653
83204,no_incendio,-6.586264053943194,-75.6879198104013
83219,no_incendio,-5.454661580886559,-77.46777785872058
83222,incendio,-8.5962,-76.413
83226,no_incendio,-6.43490273431634,-75.69794209792583
83227,no_incendio,-5.431391280919102,-75.58519659503115
83228,incendio,-8.1565,-76.9059
83229,incendio,-6.2573,-76.8185
83245,no_incendio,-5.871711432876104,-76.01772742487569
83246,incendio,-5.8904,-77.2359
83265,no_incendio,-7.407523974858453,-76.05767195335137
83268,no_incendio,-5.928392145710498,-76.5403998802667
83274,incendio,-6.5808,-76.0561
83277,no_incendio,-5.902840695958739,-77.46595018427229
83285,incendio,-5.8656,-76.0492
83294,no_incendio,-5.712986091901971,-76.69466982249243
83297,no_incendio,-5.531434005442488,-77.13875106909684
83298,no_incendio,-6.0854129819425,-76.79698741171129
83300,no_incendio,-5.913444133925558,-76.54061399484421
83301,no_incendio,-7.573586798987392,-75.72729255411187
83302,incendio,-5.7275,-77.2222
83304,incendio,-7.2018,-76.7788
83307,no_incendio,-5.783942671800878,-75.80670959767819
83310,incendio,-6.8865,-76.571
83320,incendio,-8.2768,-76.6761
83326,incendio,-7.3584,-76.8544
83334,no_incendio,-6.467350712480753,-77.13922176575424
83338,incendio,-6.321,-76.5412
83344,no_incendio,-6.142530239499738,-77.15463621788837
83354,incendio,-6.6002,-76.431
83360,incendio,-7.3121,-75.5229
83363,incendio,-7.1776,-76.8465
83366,no_incendio,-6.797128032172363,-76.15133853102378
83367,incendio,-7.274,-76.4787
83374,incendio,-6.1713,-76.0185
83375,no_incendio,-7.500619459820059,-77.36318050509186
83376,incendio,-7.4479,-76.6011
83381,incendio,-7.5046,-77.3088
83383,no_incendio,-7.036643028375762,-75.60012732289076
83400,incendio,-7.1427,-76.177
83405,incendio,-7.5803,-76.6503
83422,no_incendio,-6.006937780860308,-77.45432250461575
83446,incendio,-5.8655,-75.9714
83447,incendio,-6.6749,-76.3661
83463,incendio,-8.4224,-76.4801
83465,incendio,-7.5112,-76.6071
83467,no_incendio,-5.901183537582431,-77.01906915606199
83468,no_incendio,-7.377051275028038,-75.93975534182488
83472,no_incendio,-6.208571378644004,-77.08847372883292
83474,incendio,-8.1464,-76.929
83475,no_incendio,-6.5631659761878876,-77.17426169429598
83478,no_incendio,-7.014371526342947,-75.6304094962068
83481,incendio,-5.6547,-76.6271
83482,no_incendio,-6.616039268330141,-77.35690054867337
83483,no_incendio,-5.65117658577255,-75.62263099163508
83488,incendio,-7.3625,-76.8643
83491,no_incendio,-6.9338065388714725,-77.51645275784907
83495,incendio,-6.3107,-76.3056
83498,incendio,-8.531,-76.4985
83514,no_incendio,-5.62140995348484,-75.55506281291692
83516,no_incendio,-6.200171336468845,-76.47517852395984
83519,no_incendio,-6.173497385338977,-77.08001241103895
83520,no_incendio,-7.597875070160168,-76.24368895263702
83521,no_incendio,-6.157983789056771,-76.91942166932327
83525,no_incendio,-5.356858559279738,-76.9184573866197
83529,incendio,-7.1022,-76.5329
83533,incendio,-5.8383,-76.0369
83535,incendio,-5.7403,-77.3019
83537,no_incendio,-6.634686692730256,-75.5796876028018
83538,incendio,-8.7131,-76.1288
83539,incendio,-6.7374,-76.7231
83550,incendio,-6.8595,-76.8936
83554,incendio,-7.1995,-76.6229
83555,incendio,-7.1406,-76.8072
83587,incendio,-7.5963,-76.4635
83588,no_incendio,-6.003436470117687,-77.4174804711691
83590,no_incendio,-7.389808722529589,-77.07301560245696
83591,incendio,-5.6788,-76.6297
83595,no_incendio,-5.841456819782133,-77.02191077906832
83598,no_incendio,-6.550462961960492,-75.75305667586812
83607,no_incendio,-6.210262345134658,-77.11424996637882
83613,no_incendio,-6.56383921503927,-77.29970461755646
83615,incendio,-8.4985,-76.995
83623,no_incendio,-6.331956733542304,-77.5021084607029
83628,incendio,-6.8165,-76.4956
83636,incendio,-5.9691,-75.896
83638,no_incendio,-5.450166959625918,-77.00835031536832
83645,incendio,-8.7171,-76.7779
83647,incendio,-7.3379,-76.8811
83648,incendio,-5.4623,-76.653
83656,no_incendio,-5.629475532551382,-77.50061748638073
83661,no_incendio,-6.819960436835468,-75.76204305997081
83665,incendio,-6.9704,-76.902
83670,no_incendio,-5.921387481016298,-75.640821414452
83671,incendio,-6.917,-76.4121
83682,no_incendio,-5.599508739006035,-77.02715299547113
83688,incendio,-5.7401,-77.2887
83691,incendio,-8.2675,-76.361
83692,incendio,-5.3643,-76.6125
83694,incendio,-8.7352,-76.1916
83698,no_incendio,-7.124526948992974,-75.69099174784184
83699,incendio,-8.5626,-76.1357
83702,no_incendio,-5.868777989192487,-75.61031419176939
83704,incendio,-5.711,-76.2656
83705,incendio,-6.3074,-75.8628
83712,incendio,-8.1834,-76.6346
83717,no_incendio,-7.193491617772813,-76.90637497057176
83722,no_incendio,-5.62794321017974,-76.97851232659868
83728,incendio,-6.7873,-76.5153
83729,incendio,-6.9101,-76.7379
83740,no_incendio,-7.063019746501072,-77.52481749302208
83748,incendio,-6.8724,-76.8895
83750,no_incendio,-5.404889796153065,-75.52356189843724
83754,no_incendio,-7.518549043794622,-77.46918278069812
83757,no_incendio,-7.126628531945264,-77.1694503862003
83763,no_incendio,-6.953777990970317,-76.5586078961979
83768,incendio,-5.8429,-76.3723
83771,no_incendio,-7.359881945280641,-76.7414311135722
83776,no_incendio,-6.136716909605955,-76.35666700182222
83779,incendio,-6.1158,-76.1072
83789,no_incendio,-6.6577808572271095,-76.08571031789008
83796,incendio,-6.9259,-76.8962
83798,incendio,-7.3239,-76.9157
83804,no_incendio,-6.468598557394471,-76.29833017428093
83805,no_incendio,-7.329270682828255,-76.84451015929197
83810,incendio,-7.2338,-76.8645
83813,incendio,-7.6696,-76.4682
83815,no_incendio,-6.56383921503927,-77.29970461755646
83824,incendio,-6.011,-77.2434
83825,incendio,-6.3278,-76.1014
83829,no_incendio,-6.470561948843736,-76.94393330664495
83833,incendio,-7.2429,-77.0657
83840,incendio,-7.2753,-77.0809
83848,no_incendio,-6.441902560534528,-76.15943969390888
83849,no_incendio,-6.638936461882343,-76.98044793632914
83856,no_incendio,-7.237158680749911,-76.11796356076336
83857,no_incendio,-5.906320557671209,-76.16456069117528
83858,no_incendio,-5.859392269860992,-77.07597134063963
83870,no_incendio,-7.277740388513622,-77.219832932029
83871,incendio,-7.5153,-76.8084
83875,no_incendio,-5.592798700137297,-76.77202119029057
83877,incendio,-7.1105,-76.3205
83879,incendio,-6.564,-76.6796
83880,no_incendio,-6.260382263964365,-75.66215989353373
83885,no_incendio,-5.752288568187965,-75.61867904444058
83888,no_incendio,-6.040209440060914,-75.6194334979568
83889,incendio,-6.1466,-76.8595
83892,no_incendio,-6.253873442293271,-77.4856518253099
83893,no_incendio,-5.673007856969957,-76.8124122789181
83897,incendio,-7.3168,-76.9502
83898,no_incendio,-5.592843733729189,-75.8469852314677
83899,incendio,-6.0077,-76.2777
83901,incendio,-6.0334,-76.156
83906,incendio,-5.8005,-77.3473
83915,no_incendio,-7.221147104950838,-76.3247834569853
83919,incendio,-7.3291,-77.0294
83920,incendio,-7.313,-76.7677
83922,incendio,-8.7753,-76.1883
83939,incendio,-7.0769,-76.1143
83954,no_incendio,-7.195118276412429,-75.87773973651454
83956,no_incendio,-6.939758211874388,-76.17566888296336
83978,no_incendio,-7.2822391020909345,-76.80145523505668
83985,incendio,-7.5289,-76.5489
83986,no_incendio,-5.382698663545955,-75.70884428974506
83987,no_incendio,-5.494377757817533,-77.22053363364685
83991,incendio,-7.7137,-76.7315
83992,no_incendio,-6.191285072180344,-75.97348634249272
84002,no_incendio,-6.396864121936975,-76.4851873457876
84005,no_incendio,-7.132724984642544,-76.76764396887705
84007,no_incendio,-7.217736549985553,-75.80888423805258
84010,incendio,-7.0027,-76.8856
84013,incendio,-6.4885,-76.3606
84016,incendio,-7.4134,-76.6539
84017,no_incendio,-6.058777263222519,-76.29718752856778
84019,no_incendio,-5.937825755560712,-77.54131014900841
84023,no_incendio,-6.787959079277664,-75.64572689392233
84025,no_incendio,-7.371625145918922,-75.70238603258082
84026,incendio,-7.7976,-77.5862
84035,no_incendio,-7.0026426990635535,-77.36552672269332
84043,no_incendio,-6.013807781245941,-77.54515653099793
84045,incendio,-6.7832,-76.5538
84050,incendio,-6.2349,-76.316
84057,incendio,-6.0346,-75.9046
84060,no_incendio,-5.8166617894952815,-76.28161854109814
84062,incendio,-6.8062,-76.5021
84068,incendio,-7.4138,-76.6856
84077,no_incendio,-6.2234750512942,-76.15839430304165
84086,incendio,-7.6305,-76.4973
84088,no_incendio,-6.061848479102238,-75.8084457666632
84090,no_incendio,-7.108956430874631,-75.5028524515191
84097,incendio,-6.8387,-76.1866
84104,incendio,-8.0564,-76.6319
84111,incendio,-8.37,-77.6514
84115,incendio,-6.8229,-76.8206
84123,no_incendio,-6.594359651694001,-75.81359177197494
84136,incendio,-8.7342,-76.2405
84137,incendio,-6.2877,-75.9251
84141,incendio,-8.3526,-76.7449
84145,no_incendio,-6.3280159994888185,-76.39673641063581
84150,no_incendio,-7.25129246536618,-76.47983941905308
84152,incendio,-5.9192,-76.2676
84153,incendio,-6.811,-76.6875
84154,incendio,-8.1726,-77.0473
84161,no_incendio,-5.641271222445664,-77.2589065650696
84162,no_incendio,-7.186570265010596,-75.84461863050306
84164,incendio,-7.2899,-76.5769
84167,no_incendio,-6.73154658128307,-77.37224800507184
84171,no_incendio,-7.03159653116471,-76.48526719545968
84178,incendio,-6.0963,-76.0342
84197,incendio,-6.1307,-76.2415
84204,incendio,-7.4695,-76.4036
84206,no_incendio,-5.525519480392893,-76.3183975995799
84210,incendio,-5.6779,-77.5247
84211,no_incendio,-6.801666192426729,-76.32704638741743
84212,no_incendio,-5.89446781447664,-77.22849214912743
84216,no_incendio,-6.664383213747135,-77.16631140190985
84218,no_incendio,-5.775752820945428,-75.77309666724678
84223,no_incendio,-6.73154658128307,-77.37224800507184
84235,no_incendio,-7.579948204047341,-77.15279486128607
84243,incendio,-6.999,-76.6502
84244,incendio,-7.1758,-76.4824
84254,incendio,-5.6821,-76.6142
84256,incendio,-7.3707,-76.6616
84257,no_incendio,-6.3480305531769075,-76.22097710185248
84261,no_incendio,-7.231319010056117,-76.25282835259368
84262,no_incendio,-6.853423603407918,-76.51175603217372
84268,no_incendio,-5.450455855055424,-76.00497644122908
84269,incendio,-7.2581,-76.2039
84273,incendio,-7.4663,-76.5515
84280,incendio,-7.3,-77.0445
84284,no_incendio,-6.534953195140333,-76.18456106043952
84285,incendio,-6.0628,-77.5273
84296,incendio,-8.5154,-76.4293
84301,incendio,-6.8424,-76.5751
84317,incendio,-7.035,-76.7589
84328,incendio,-6.8108,-76.4968
84335,incendio,-5.7005,-76.0845
84343,incendio,-7.2981,-76.2655
84344,no_incendio,-6.551429222354349,-76.91211574837874
84346,no_incendio,-6.3028561898427915,-76.27802291650278
84353,no_incendio,-6.649475670478298,-75.86589242526365
84354,incendio,-5.6653,-76.5721
84356,no_incendio,-7.200090625449649,-75.973583692229
84362,incendio,-6.392,-76.6088
84365,incendio,-6.4924,-76.8218
84369,incendio,-5.6609,-75.9356
84370,no_incendio,-5.776890989468168,-77.17544694472763
84375,no_incendio,-7.212746042883999,-76.23580517242253
84379,no_incendio,-6.591526889483433,-77.26946848843974
84380,no_incendio,-5.992720265748597,-76.93502157829727
84391,incendio,-5.7461,-76.4765
84398,no_incendio,-5.4157703002618724,-75.88771884850634
84399,no_incendio,-6.061679877354346,-76.10414263000189
84401,no_incendio,-7.259025792408945,-76.1069982504593
84407,no_incendio,-5.641271222445664,-77.2589065650696
84418,incendio,-6.3504,-76.1206
84422,incendio,-5.8921,-76.9394
84425,no_incendio,-6.439049170355273,-77.46289627422017
84435,incendio,-7.5093,-76.4838
84436,no_incendio,-6.7893125147185724,-75.8130856477531
84439,incendio,-5.9063,-76.9666
84449,incendio,-8.3143,-76.6921
84459,incendio,-5.4719,-76.7658
84466,no_incendio,-7.527307126647749,-77.12744201881532
84476,no_incendio,-6.742797209348308,-75.63057425829132
84477,incendio,-6.5281,-76.7387
84479,no_incendio,-6.139224623753688,-76.40308726211332
84482,incendio,-6.7091,-76.6914
84490,incendio,-6.4867,-76.3646
84491,no_incendio,-7.294379319518731,-75.60933586901135
84498,incendio,-7.6721,-76.5206
84508,incendio,-6.838,-76.6149
84511,incendio,-5.6178,-76.6161
84513,no_incendio,-5.977893876843185,-76.20383698117358
84519,incendio,-6.3437,-75.8751
84521,incendio,-7.5032,-76.5921
84535,incendio,-7.3677,-76.5791
84544,incendio,-7.563,-76.405
84555,incendio,-7.332,-76.5926
84558,incendio,-7.001,-76.0978
84560,incendio,-8.3874,-76.2811
84570,incendio,-7.3931,-76.5458
84572,no_incendio,-5.733857068651538,-76.80904901377532
84575,no_incendio,-6.9303848627730344,-77.0665622069992
84577,no_incendio,-6.360714337530349,-76.51313445356357
84579,incendio,-7.704,-76.4575
84585,incendio,-8.0695,-76.6996
84587,incendio,-8.4724,-76.4068
84594,incendio,-5.3258,-76.7802
84596,incendio,-6.7722,-76.8057
84599,incendio,-6.2379,-75.9649
84600,incendio,-6.8173,-76.1537
84604,incendio,-8.5869,-77.2215
84609,incendio,-8.5975,-76.4222
84610,incendio,-6.4413,-76.4235
84611,incendio,-6.509,-76.5667
84612,no_incendio,-5.349324419297768,-77.32630960187535
84614,incendio,-7.0834,-76.8051
84617,incendio,-5.9814,-75.7334
84621,incendio,-6.3362,-75.8755
84624,no_incendio,-6.5305605417841495,-76.81567387832536
84630,incendio,-7.0854,-77.0597
84632,incendio,-6.8649,-76.5012
84636,no_incendio,-6.3805177741503645,-77.07356874423562
84638,incendio,-5.899,-76.1104
84642,incendio,-7.3405,-76.5842
84647,incendio,-7.178,-76.6857
84653,incendio,-5.4991,-75.8626
84654,incendio,-7.1865,-76.6756
84658,no_incendio,-6.942876340672963,-76.33358150381483
84659,incendio,-6.7858,-76.2678
84661,no_incendio,-5.7158112857010535,-77.38243423840477
84662,incendio,-7.5656,-76.5324
84676,incendio,-6.5589,-75.6387
84687,incendio,-7.0353,-76.6675
84690,no_incendio,-7.126729071613174,-77.02628949920283
84694,no_incendio,-6.918732727057085,-75.61509017346891
84697,incendio,-8.2242,-76.9987
84698,no_incendio,-6.726577938090313,-76.92865414529734
84701,incendio,-6.0587,-75.9811
84703,no_incendio,-6.522871972647179,-77.1088712424184
84704,incendio,-6.7401,-76.3974
84709,no_incendio,-7.3820884546139,-76.13227467193721
84711,no_incendio,-5.7783488736056645,-77.39085635603547
84713,no_incendio,-6.7893125147185724,-75.8130856477531
84715,incendio,-5.9297,-75.9636
84717,no_incendio,-6.938909457059822,-76.15534082596828
84726,no_incendio,-6.260382263964365,-75.66215989353373
84729,incendio,-7.435,-76.6083
84731,no_incendio,-7.278588939327885,-76.4943759510431
84732,no_incendio,-6.66812028796298,-76.15230026038583
84735,incendio,-6.2564,-76.219
84737,no_incendio,-6.2816422432891255,-75.61454508391762
84739,incendio,-6.578,-76.6817
84743,no_incendio,-7.4438050568529475,-75.8809717620132
84745,no_incendio,-5.936332555331325,-76.83179580754164
84751,incendio,-6.0091,-75.7192
84754,incendio,-5.9144,-77.0959
84763,incendio,-6.4369,-77.0033
84771,no_incendio,-6.473718077481412,-77.49661278682977
84772,incendio,-6.3512,-75.879
84773,no_incendio,-5.6355072776323825,-77.05987553143974
84779,no_incendio,-7.433029202252227,-75.6952599290436
84781,no_incendio,-6.807279841790784,-75.78242302305196
84783,no_incendio,-6.208571378644004,-77.08847372883292
84787,incendio,-8.7926,-76.7862
84792,incendio,-7.2722,-76.933
84796,no_incendio,-5.61928379725062,-76.7464492739021
84798,incendio,-8.1196,-76.7014
84804,incendio,-6.2582,-76.2301
84810,incendio,-8.2596,-77.5931
84813,incendio,-7.5363,-76.532
84822,no_incendio,-6.632429838819291,-76.85546244307059
84824,incendio,-7.2014,-76.9537
84829,no_incendio,-7.149817793244048,-76.68995380242758
84832,no_incendio,-6.441502518699965,-76.95262753749782
84833,incendio,-6.1033,-76.8792
84834,incendio,-6.3722,-75.9097
84837,no_incendio,-5.7630676382897414,-75.77232686505347
84842,incendio,-8.0974,-76.7739
84845,no_incendio,-6.9260270516583,-76.1608919912471
84851,incendio,-7.8285,-76.703
84853,incendio,-7.4013,-76.6778
84855,incendio,-6.1384,-76.0374
84856,no_incendio,-5.463870053471811,-75.65012298252523
84863,no_incendio,-5.423352355280385,-75.9768451523196
84868,no_incendio,-6.905350281771543,-75.85773993313076
84871,no_incendio,-6.350208583490028,-76.38539627900366
84878,no_incendio,-6.6046403916429695,-76.28478273774354
84882,no_incendio,-5.371121123003669,-76.78705780536207
84883,incendio,-7.2789,-76.6382
84897,no_incendio,-6.5875457295775695,-76.60562453766775
84900,incendio,-8.7287,-76.3677
84912,no_incendio,-5.9638581047952375,-75.97775046224217
84916,no_incendio,-5.418336191471334,-77.27363994749886
84918,no_incendio,-7.5348116135080625,-76.04270078901092
84919,no_incendio,-7.502611835705684,-75.74342232378346
84921,no_incendio,-6.220053203592378,-76.13217715018442
84923,incendio,-6.7236,-76.3892
84924,incendio,-7.5193,-76.7466
84927,no_incendio,-6.660380391800162,-76.4974881056194
84928,incendio,-8.4662,-76.2
84934,incendio,-5.8401,-77.1442
84935,incendio,-5.9906,-76.9761
84939,no_incendio,-5.9272520922930445,-77.17976360795232
84941,no_incendio,-7.543933320998928,-76.49404370294074
84942,no_incendio,-7.532917537712722,-76.04821551837472
84945,no_incendio,-6.5791773780212175,-75.5208242841422
84947,incendio,-6.2585,-76.2952
84948,no_incendio,-6.477469375479229,-76.23310758199833
84949,incendio,-7.3015,-76.6322
84956,incendio,-7.6249,-76.5454
84958,incendio,-6.6126,-76.7075
84965,no_incendio,-6.437468171319466,-76.61472481016831
84972,no_incendio,-5.914538807022697,-77.31789261845223
84975,incendio,-8.4526,-76.3662
84976,no_incendio,-7.017832061015762,-77.13978816386988
84983,no_incendio,-7.217722844984081,-77.2235426849214
84995,no_incendio,-7.401018606692293,-76.00185651713339
84996,incendio,-7.5489,-76.1839
85013,incendio,-8.4737,-77.7215
85015,incendio,-5.7424,-77.2266
85016,no_incendio,-6.045557480896305,-76.73042918045354
85018,no_incendio,-7.464233169627815,-76.3089508607516
85039,no_incendio,-5.786742413220336,-77.47906670461887
85041,incendio,-7.4018,-76.5945
85042,incendio,-7.3047,-76.7764
85044,no_incendio,-6.731898455104795,-77.28317456533246
85052,incendio,-7.1765,-76.7315
85057,incendio,-7.6119,-76.5113
85060,no_incendio,-6.94690710912819,-75.63438003182783
85067,incendio,-7.1596,-76.3296
85072,no_incendio,-5.807017349001207,-75.61769536103809
85077,incendio,-7.3601,-76.6391
85078,no_incendio,-6.1245241179034995,-75.6853524981565
85082,no_incendio,-6.726779286673033,-77.03336380719702
85090,incendio,-6.5269,-76.7744
85092,incendio,-8.0907,-76.6354
85100,incendio,-5.4892,-76.7802
85118,incendio,-6.3157,-75.8241
85119,no_incendio,-6.162915042417179,-77.15261169414305
85121,no_incendio,-6.327343874329971,-76.29354784738233
85123,no_incendio,-5.590954776196541,-75.61262101600937
85124,no_incendio,-6.845497704977086,-76.65360984481556
85127,incendio,-5.9044,-76.1316
85144,incendio,-7.5626,-76.4898
85146,incendio,-7.295,-76.9225
85160,incendio,-7.3364,-76.8118
85169,incendio,-8.1445,-76.9401
85178,no_incendio,-5.8166617894952815,-76.28161854109814
85192,no_incendio,-5.882916892819359,-76.86515934904114
85195,incendio,-8.5314,-75.5904
85196,incendio,-7.1016,-76.6633
85197,no_incendio,-6.543469703142076,-77.05698988429933
85203,incendio,-6.0816,-75.9041
85208,incendio,-8.7233,-76.7716
85215,incendio,-7.2132,-76.4433
85216,no_incendio,-6.461789384490803,-77.24534969872819
85217,no_incendio,-5.5463833686959125,-76.92476001499328
85221,incendio,-7.4145,-76.7181
85222,incendio,-6.2494,-75.9614
85228,incendio,-6.9653,-76.9482
85237,incendio,-6.6735,-76.6396
85247,no_incendio,-5.5941151159540015,-75.60783919102062
85252,no_incendio,-5.339988911138568,-75.94604419335825
85254,incendio,-6.5907,-76.0337
85256,no_incendio,-5.403821247036303,-76.32388095777216
85260,incendio,-5.7471,-77.3887
85262,incendio,-7.377,-76.5629
85266,incendio,-8.194,-76.5187
85273,no_incendio,-5.326540128955467,-75.8192880237214
85275,incendio,-5.9378,-76.2473
85276,incendio,-5.7948,-76.5684
85280,no_incendio,-5.866539639068574,-77.22687497991105
85282,incendio,-7.3669,-76.8405
85291,incendio,-7.6812,-76.7095
85292,no_incendio,-5.592798700137297,-76.77202119029057
85294,no_incendio,-5.370065008448104,-77.20634043748042
85299,incendio,-7.4431,-76.4665
85302,incendio,-7.6401,-76.6349
85307,no_incendio,-6.823512194602855,-76.05631689166178
85308,incendio,-7.2463,-76.346
85314,incendio,-5.9119,-75.8714
85323,incendio,-7.4599,-76.5761
85328,no_incendio,-5.573600216354325,-77.29583969487783
85329,incendio,-7.5758,-76.4197
85336,incendio,-6.6412,-75.6705
85339,incendio,-8.4292,-76.2869
85345,incendio,-6.1588,-76.1833
85346,no_incendio,-5.485555576815183,-76.48568380205462
85347,incendio,-7.1272,-76.5316
85351,incendio,-7.4287,-76.3777
85352,incendio,-7.2541,-76.1048
85358,no_incendio,-7.391395621025486,-76.825979662233
85362,incendio,-6.3137,-75.9777
85367,no_incendio,-6.9213010558098045,-76.33886424086654
85368,no_incendio,-7.127093555738052,-76.84105088577114
85369,no_incendio,-6.370500555903968,-77.21187079190732
85371,no_incendio,-6.8707527834716435,-77.1546220579287
85374,no_incendio,-5.489245275525123,-76.82667902790362
85377,incendio,-8.592,-76.2919
85378,no_incendio,-7.464502353788052,-77.51392837949253
85383,no_incendio,-5.826799302537919,-75.73782519899997
85388,incendio,-7.2925,-76.6825
85392,no_incendio,-5.423352355280385,-75.9768451523196
85395,no_incendio,-7.143611941895854,-76.83926289395374
85396,incendio,-8.3619,-76.2734
85400,no_incendio,-6.233353095567226,-75.91710577734175
85405,incendio,-7.3434,-76.6515
85407,no_incendio,-5.710479011729555,-76.39175910938613
85408,no_incendio,-7.292676783205119,-75.82456526450503
85414,incendio,-6.4876,-75.7323
85415,incendio,-7.558,-76.4328
85421,no_incendio,-5.593725246250177,-76.70151478021911
85426,incendio,-7.5404,-76.1785
85432,incendio,-7.5451,-76.4074
85434,incendio,-5.7285,-77.3193
85437,incendio,-7.2639,-76.6566
85438,incendio,-7.6671,-76.7609
85442,no_incendio,-7.199216978961617,-75.9477990392911
85443,no_incendio,-7.527307126647749,-77.12744201881532
85446,no_incendio,-5.733857068651538,-76.80904901377532
85449,incendio,-6.559,-75.6501
85452,no_incendio,-7.237010441563305,-76.53847008307255
85456,incendio,-6.4915,-76.3597
85459,incendio,-6.2587,-75.7939
85464,no_incendio,-7.591157646889957,-76.48064707935481
85468,incendio,-8.7257,-76.8419
85470,no_incendio,-7.52893790740652,-77.07253517227397
85473,no_incendio,-6.461789384490803,-77.24534969872819
85474,no_incendio,-7.320681720418793,-75.65489361084256
85478,incendio,-8.6285,-76.3118
85481,incendio,-6.2498,-76.2305
85486,incendio,-7.2562,-76.5779
85489,incendio,-6.3823,-76.7151
85491,incendio,-7.306,-76.7693
85492,incendio,-6.9606,-76.5623
85495,incendio,-8.6708,-76.9448
85498,no_incendio,-6.5340207470218745,-75.73082220173393
85500,incendio,-8.184,-76.5159
85510,incendio,-7.53,-76.5101
85524,no_incendio,-6.248141133810431,-75.50987121265236
85529,no_incendio,-5.62998043999866,-76.34952477053923
85539,no_incendio,-5.882545131668422,-77.4252687375934
85546,incendio,-7.3837,-76.7393
85550,no_incendio,-7.560257578514154,-75.8825568546828
85552,incendio,-7.3568,-76.8133
85553,no_incendio,-6.424628672692531,-76.43252138876545
85556,incendio,-7.3021,-76.7611
85557,no_incendio,-7.0802266587833635,-75.87902422488
85564,incendio,-7.1986,-76.6718
85573,no_incendio,-5.562529025700048,-76.57485709284715
85575,incendio,-7.7523,-76.7314
85576,no_incendio,-7.126628531945264,-77.1694503862003
85582,incendio,-6.6643,-76.4297
85584,incendio,-5.8261,-75.9898
85585,no_incendio,-6.834902492352533,-77.15059777266319
85597,no_incendio,-5.3149529866292395,-75.54616509202799
85600,no_incendio,-5.420009462532595,-77.54497332899014
85601,no_incendio,-6.53325154649785,-76.75115030969212
85609,incendio,-8.4796,-76.3087
85615,incendio,-7.506,-76.6507
85616,incendio,-8.0733,-76.6942
85618,incendio,-7.2162,-76.178
85619,no_incendio,-5.941437702339227,-76.71661667859928
85622,incendio,-8.7397,-76.2801
85629,incendio,-7.5025,-76.7411
85630,no_incendio,-6.671769405587168,-77.2003294261131
85633,no_incendio,-5.924081807664306,-77.5419305607915
85634,no_incendio,-5.508797884476139,-76.57706115239465
85635,incendio,-5.6732,-77.26
85636,incendio,-8.1807,-77.0495
85639,incendio,-6.9496,-76.4987
85645,no_incendio,-5.493534251624167,-76.05824936892388
85648,incendio,-7.2786,-76.8376
85650,no_incendio,-6.2888093914419265,-77.49498781950011
85654,incendio,-7.0444,-76.8364
85659,incendio,-8.6979,-76.3068
85662,incendio,-6.1386,-76.3496
85667,no_incendio,-7.453299052251447,-77.18508562471676
85668,no_incendio,-6.271888529403575,-75.79765684657775
85675,no_incendio,-7.081124602285028,-76.06087878832324
85679,incendio,-6.81,-77.2405
85705,incendio,-8.1431,-76.6814
85707,incendio,-7.5052,-76.5416
85708,incendio,-8.7858,-76.1895
85715,no_incendio,-6.237093114939267,-75.7117789331342
85721,no_incendio,-6.332355926126756,-76.57852424451565
85723,incendio,-5.856,-76.0185
85725,no_incendio,-7.089719383654557,-75.94940066492136
85731,no_incendio,-6.319184567250436,-76.7615595241715
85736,no_incendio,-5.384324497906241,-76.81955746951022
85741,no_incendio,-5.322335273054225,-75.66988823532402
85743,no_incendio,-5.661805796480656,-77.53514186743837
85757,incendio,-8.0724,-75.604
85758,incendio,-5.897,-76.9643
85762,no_incendio,-5.824960586839608,-76.59374334653756
85763,incendio,-6.5912,-76.4954
85764,no_incendio,-6.525571951158751,-77.30569775147015
85766,incendio,-8.3266,-76.6937
85774,incendio,-5.7202,-77.4022
85775,incendio,-8.393,-76.9661
85776,incendio,-8.7192,-76.747
85777,incendio,-7.0569,-76.1013
85781,no_incendio,-6.416369783766856,-77.46099434503463
85794,incendio,-7.5609,-76.5227
85806,no_incendio,-6.896612666946929,-75.75338049940235
85810,no_incendio,-7.3680402233360685,-75.9380390323052
85814,incendio,-7.6907,-76.4994
85815,incendio,-7.3287,-76.6244
85816,incendio,-5.813,-76.2189
85821,no_incendio,-7.099688871826168,-75.91020418997267
85823,incendio,-7.0621,-76.1993
85829,incendio,-8.0767,-76.6409
85834,no_incendio,-6.0457356441581505,-76.76564488218803
85836,no_incendio,-7.181016545835497,-77.14662187463146
85868,incendio,-6.422,-76.4695
85870,incendio,-6.3591,-76.0776
85884,incendio,-6.7952,-76.5853
85886,incendio,-5.7447,-76.141
85888,incendio,-5.9403,-76.4847
85889,no_incendio,-6.061517131296685,-76.40854652459227
85891,no_incendio,-7.0287390386317705,-77.03724597379518
85894,incendio,-8.0099,-76.6693
85897,incendio,-7.4315,-76.6432
85899,no_incendio,-7.173287597971678,-76.70987433367677
85900,incendio,-7.2114,-76.306
85905,no_incendio,-7.532917537712722,-76.04821551837472
85921,no_incendio,-6.4156514594615395,-77.50323228806793
85924,incendio,-8.6785,-76.1617
85926,no_incendio,-6.074232738963784,-75.5615873787058
85927,no_incendio,-5.592011294671137,-75.99975689195666
85929,no_incendio,-6.937481703505858,-75.66626594730945
85933,incendio,-7.1336,-76.8114
85934,incendio,-7.1459,-76.6429
85936,incendio,-8.7434,-76.1225
85938,incendio,-8.3891,-76.3851
85947,no_incendio,-5.9969306066925245,-75.59395245076587
85949,no_incendio,-6.314113189001013,-76.77593472488475
85952,incendio,-5.7186,-75.837
85955,no_incendio,-6.1174086914739405,-75.65121133854548
85957,incendio,-7.2632,-76.3706
85959,no_incendio,-5.839270188717535,-77.49668062311541
85962,incendio,-6.2326,-75.9782
85966,incendio,-7.3754,-76.75
85967,incendio,-7.0018,-76.193
85968,incendio,-5.6822,-76.6047
85971,no_incendio,-6.419675876236263,-76.64489280604421
85973,no_incendio,-7.089179421889268,-75.95457712793731
85975,incendio,-5.9049,-76.1053
85976,incendio,-8.123,-76.5338
85978,incendio,-6.6169,-75.6491
85979,no_incendio,-6.671769405587168,-77.2003294261131
85980,no_incendio,-6.535327617861432,-76.18785766882165
85981,incendio,-6.5767,-76.2435
85984,no_incendio,-7.2237762907302,-75.57516855360699
85993,no_incendio,-5.317490731831781,-77.05291423448321
86003,no_incendio,-6.482310901757052,-76.90146059819452
86004,incendio,-8.7261,-76.3595
86013,incendio,-8.3044,-77.1712
86016,incendio,-7.0191,-76.7678
86017,incendio,-7.0204,-76.856
86029,no_incendio,-5.437451651862052,-75.53119555354411
86030,no_incendio,-7.598815481458372,-76.55352785980209
86032,incendio,-7.5329,-76.2434
86035,no_incendio,-6.535327617861432,-76.18785766882165
86040,incendio,-7.2898,-76.2503
86044,incendio,-8.0758,-76.704
86060,no_incendio,-5.559447141003816,-77.53240429845073
86068,incendio,-5.4404,-76.664
86074,incendio,-7.0451,-76.1204
86080,no_incendio,-5.577290052521281,-76.32966434490925
86081,no_incendio,-6.260865842963683,-76.65344397081381
86082,incendio,-7.3039,-75.5553
86084,incendio,-8.4035,-76.2862
86093,no_incendio,-6.946999930209273,-76.16347768392615
86098,no_incendio,-6.9422117979050695,-77.32253174388707
86099,incendio,-5.9598,-75.8722
86101,no_incendio,-5.9969306066925245,-75.59395245076587
86103,incendio,-6.2936,-76.1567
86104,incendio,-8.4635,-76.3952
86108,no_incendio,-5.561920884041726,-75.5653879895247
86113,incendio,-8.5322,-76.3624
86116,no_incendio,-5.668562711065817,-75.61105576661728
86118,incendio,-5.763,-77.3225
86125,incendio,-7.1962,-76.0638
86131,incendio,-6.9947,-76.9266
86138,no_incendio,-5.688886934346843,-77.36422749238871
86146,no_incendio,-7.005255736259935,-76.42804994495515
86147,incendio,-6.713,-77.4586
86148,no_incendio,-6.893380079192219,-76.030920773184
86154,no_incendio,-6.797128032172363,-76.15133853102378
86161,no_incendio,-5.841084064265475,-76.47146316885033
86162,incendio,-6.7787,-76.7214
86164,incendio,-5.7693,-76.173
86167,incendio,-6.6779,-76.2186
86168,incendio,-6.4963,-76.5963
86180,no_incendio,-6.569933219427762,-75.5278161670118
86186,no_incendio,-7.146199438472306,-75.63802434726938
86196,no_incendio,-6.427611857268102,-77.39761535548438
86214,no_incendio,-5.444716599482646,-75.83682474093726
86219,incendio,-7.4481,-76.7554
86222,incendio,-6.7126,-76.3148
86228,no_incendio,-5.7006314608305315,-76.5774762709844
86229,no_incendio,-5.8332062747008715,-77.144406205254
86242,incendio,-7.1531,-76.5327
86249,no_incendio,-6.045557480896305,-76.73042918045354
86251,no_incendio,-6.566852763907717,-76.67622294647774
86252,incendio,-7.4557,-76.7107
86253,incendio,-7.292,-76.5897
86257,incendio,-7.437,-76.5515
86261,incendio,-5.8609,-77.0522
86262,incendio,-6.7722,-76.5394
86263,incendio,-7.4282,-76.6082
86266,no_incendio,-5.908177822401652,-76.8838396640829
86275,no_incendio,-6.339520872179224,-76.81899067100204
86277,incendio,-7.0957,-76.5062
86295,no_incendio,-6.375064281525175,-76.76531716856294
86302,incendio,-7.4499,-76.658
86306,no_incendio,-7.1439208952470965,-77.38092521559295
86312,incendio,-7.4463,-76.6866
86315,incendio,-6.2409,-76.7993
86319,incendio,-7.2457,-76.3439
86322,incendio,-6.8993,-76.2759
86324,incendio,-7.6892,-76.528
86325,no_incendio,-5.485555576815183,-76.48568380205462
86327,incendio,-7.3061,-76.7866
86328,incendio,-6.9734,-76.7793
86344,no_incendio,-5.636338028013915,-75.57133657890496
86351,incendio,-6.6776,-76.6716
86352,no_incendio,-5.826125398643272,-77.25978841596924
86355,no_incendio,-5.7103480025675015,-77.41410373684516
86358,no_incendio,-7.014702412265873,-76.4405488433982
86360,no_incendio,-7.4143617918638425,-76.41255499623206
86366,no_incendio,-7.0802266587833635,-75.87902422488
86368,incendio,-6.0869,-76.1293
86370,no_incendio,-6.578202945590633,-76.50501159622002
86373,incendio,-7.6006,-76.4776
86375,no_incendio,-5.839270188717535,-77.49668062311541
86378,incendio,-6.4852,-76.8199
86397,incendio,-6.6887,-76.5037
86405,incendio,-6.6971,-76.7206
86408,incendio,-6.1503,-76.8084
86409,no_incendio,-6.298521477567302,-76.20182358446478
86421,no_incendio,-7.218925664720446,-76.08201561394016
86423,incendio,-6.0369,-76.0098
86426,incendio,-8.6623,-76.1261
86427,incendio,-6.7624,-76.1587
86431,no_incendio,-5.776890989468168,-77.17544694472763
86433,no_incendio,-6.010674240572804,-77.09796715104932
86436,no_incendio,-5.532392079747417,-76.92136640270547
86442,no_incendio,-6.543469703142076,-77.05698988429933
86452,no_incendio,-6.3402826742912515,-75.67543757743714
86464,no_incendio,-7.448759349626241,-75.73146487239217
86472,no_incendio,-5.761894026687926,-76.71626651276603
86476,no_incendio,-6.638936461882343,-76.98044793632914
86481,incendio,-6.8396,-76.9474
86482,incendio,-7.9185,-75.5745
86492,incendio,-7.0147,-76.6818
86499,incendio,-5.6836,-75.8853
86504,no_incendio,-6.26574363006572,-75.945416955943
86512,incendio,-8.6708,-76.3254
86516,no_incendio,-6.338883523616399,-76.67237416346605
86521,incendio,-6.8052,-76.1535
86525,incendio,-6.6407,-76.6542
86527,incendio,-6.0214,-75.8455
86533,no_incendio,-7.327451375962066,-77.03090576588977
86541,incendio,-7.4571,-76.404
86542,incendio,-5.7935,-76.4274
86550,no_incendio,-7.465611055003252,-76.84521972476566
86560,incendio,-6.6156,-75.64
86569,no_incendio,-5.636338028013915,-75.57133657890496
86573,incendio,-7.0257,-76.859
86582,incendio,-6.4648,-75.7899
86595,incendio,-6.8055,-76.4125
86608,no_incendio,-6.645538690996345,-76.24231505313135
86609,no_incendio,-6.679897679386204,-77.34823338283437
86613,no_incendio,-5.688886934346843,-77.36422749238871
86614,incendio,-8.3725,-76.2427
86615,incendio,-7.9822,-76.6833
86622,no_incendio,-6.134868701694113,-76.84593822630983
86627,incendio,-5.8132,-77.0984
86628,no_incendio,-5.926705485124891,-75.77709994653331
86629,no_incendio,-7.086474485794749,-76.34589785341001
86632,incendio,-7.6217,-76.5001
86634,incendio,-6.7746,-76.5303
86637,incendio,-7.4431,-76.6438
86650,incendio,-7.1124,-76.2928
86652,incendio,-7.3742,-76.8812
86655,incendio,-8.7853,-75.5395
86656,no_incendio,-5.555763303802058,-77.3394188883658
86660,incendio,-7.0713,-76.7643
86662,incendio,-8.4266,-76.2496
86663,incendio,-6.4337,-75.6896
86668,no_incendio,-6.107287203943645,-77.4216594793923
86676,no_incendio,-7.579948204047341,-77.15279486128607
86679,incendio,-7.194,-76.6611
86688,no_incendio,-5.746784627492212,-75.78617751665539
86692,incendio,-7.1154,-76.2416
86693,no_incendio,-6.306399139576039,-77.35464424704278
86695,no_incendio,-6.623625617650361,-76.4412657181978
86696,incendio,-7.2521,-76.4981
86698,no_incendio,-6.188812026219859,-77.47999723724293
86702,incendio,-7.414,-77.6744
86703,incendio,-6.493,-76.5002
86723,incendio,-8.3552,-76.3339
86729,no_incendio,-6.220053203592378,-76.13217715018442
86745,incendio,-6.2279,-76.3261
86749,no_incendio,-5.518725698266722,-76.04231826723102
86750,no_incendio,-6.140012467892716,-77.09722529665582
86751,no_incendio,-7.157163278516986,-76.9354632282693
86756,no_incendio,-6.893924031218003,-76.04905921446095
86758,incendio,-7.548,-76.5499
86760,no_incendio,-7.098978961723795,-76.16251434543014
86761,no_incendio,-5.817722164420606,-76.05024701906109
86763,incendio,-7.1523,-76.4515
86764,incendio,-6.5438,-76.4349
86765,no_incendio,-6.30212067741681,-77.20947071632679
86766,no_incendio,-5.959481938609148,-77.35681272469573
86768,no_incendio,-6.825057480379352,-77.49883680928833
86773,no_incendio,-6.142530239499738,-77.15463621788837
86775,no_incendio,-5.5978889160107626,-76.86708534486174
86777,incendio,-7.0275,-76.8428
86778,no_incendio,-5.555763303802058,-77.3394188883658
86782,incendio,-6.7932,-76.6097
86783,no_incendio,-7.158262650594558,-76.17139715257736
86788,incendio,-7.3096,-76.2303
86795,incendio,-8.4396,-76.3133
86798,incendio,-7.1146,-76.7245
86802,no_incendio,-5.661805796480656,-77.53514186743837
86805,incendio,-8.42,-76.2979
86809,no_incendio,-6.825822993237503,-77.04144362527458
86812,no_incendio,-6.046941056590012,-76.4497684025493
86813,incendio,-7.9251,-76.7485
86814,incendio,-6.6102,-76.382
86816,incendio,-7.2308,-77.0887
86818,incendio,-5.7065,-77.3547
86824,no_incendio,-6.668348976590427,-75.85167744687278
86829,no_incendio,-5.719448744498719,-77.23298516632254
86832,no_incendio,-6.501541232968051,-77.42157786801864
86833,no_incendio,-7.496239899438951,-76.29662903245722
86835,no_incendio,-6.7133301961826755,-75.60854075962672
86841,no_incendio,-7.331602369683786,-75.50190770424915
86846,no_incendio,-6.796333772184817,-76.78935654696676
86849,no_incendio,-6.344517536741018,-75.98404289972582
86855,incendio,-5.6914,-75.8951
86862,incendio,-7.6621,-76.6174
86870,no_incendio,-5.89446781447664,-77.22849214912743
86879,no_incendio,-6.189900798297541,-77.11922448268243
86882,incendio,-6.7026,-77.5703
