id,category,latitude,longitude
2,incendio,-5.8067,-76.0804
24,incendio,-5.9326,-75.7708
39,incendio,-6.3156,-75.8579
41,incendio,-7.9905,-76.6656
43,no_incendio,-5.914538807022697,-77.31789261845223
47,incendio,-6.7449,-76.5383
51,incendio,-6.7301,-76.8205
58,no_incendio,-6.963743688695052,-77.15890290229473
62,incendio,-5.7268,-77.3378
67,incendio,-5.3235,-76.4297
68,incendio,-7.2315,-76.8215
69,no_incendio,-5.4484392138134945,-75.95921509359859
70,no_incendio,-6.308716369141198,-75.7579038479895
73,incendio,-8.279,-76.4755
76,no_incendio,-5.990542250974831,-75.6694532466171
78,no_incendio,-7.196044028055804,-76.77405078763431
85,incendio,-7.6694,-76.4818
86,no_incendio,-6.86277091910318,-76.45893260017807
90,incendio,-7.0969,-76.2717
91,incendio,-6.1355,-77.1559
99,incendio,-7.4713,-76.6729
100,incendio,-5.8994,-76.1109
103,incendio,-7.2881,-76.5956
119,no_incendio,-6.591526889483433,-77.26946848843974
121,no_incendio,-6.796333772184817,-76.78935654696676
124,incendio,-7.2872,-76.3449
130,incendio,-6.0243,-76.338
142,no_incendio,-5.463870053471811,-75.65012298252523
157,incendio,-6.2234,-75.849
160,incendio,-7.1544,-76.9812
166,incendio,-8.4723,-76.4491
168,incendio,-7.3162,-77.0751
170,no_incendio,-5.4225864404931166,-77.44996456310464
173,no_incendio,-6.632429838819291,-76.85546244307059
175,no_incendio,-7.502611835705684,-75.74342232378346
180,no_incendio,-6.007162927883913,-76.5503319635523
183,no_incendio,-7.527611322889828,-76.67002527157386
186,incendio,-8.1582,-76.7073
193,no_incendio,-6.042344688075439,-75.58423135699039
204,incendio,-7.4608,-76.5578
207,no_incendio,-7.53303009358015,-76.30539007678105
213,incendio,-7.1044,-76.0764
216,no_incendio,-6.271617281791801,-76.2353167311132
218,no_incendio,-6.550462961960492,-75.75305667586812
222,incendio,-7.1584,-76.2881
223,no_incendio,-5.900117559948675,-75.56284439390626
232,no_incendio,-7.230008103453095,-76.43726823574747
238,no_incendio,-5.996065973339257,-76.13966106255965
239,incendio,-8.3944,-76.4116
242,incendio,-7.6699,-76.4433
243,incendio,-7.21,-76.9618
245,incendio,-8.2703,-76.4643
248,no_incendio,-5.3130357942785436,-76.58858316456917
252,no_incendio,-5.759511577701185,-76.14983081507849
265,no_incendio,-6.154726709997222,-75.55076367684507
268,no_incendio,-6.887017706594157,-77.30533643415299
270,incendio,-6.6,-75.7023
271,no_incendio,-7.475413502587504,-75.52501286015236
280,incendio,-7.1386,-76.3272
289,no_incendio,-5.715242133239665,-75.6692049037983
292,no_incendio,-5.9969306066925245,-75.59395245076587
302,incendio,-5.9353,-76.4486
313,no_incendio,-5.509842715479968,-77.22974622552158
319,incendio,-6.2461,-75.8296
323,incendio,-6.0524,-76.4042
324,incendio,-8.7718,-76.1866
325,no_incendio,-5.322335273054225,-75.66988823532402
331,no_incendio,-5.418336191471334,-77.27363994749886
339,no_incendio,-6.949275367929126,-77.03979042014342
344,incendio,-6.9282,-76.8538
347,incendio,-7.1073,-76.2616
354,incendio,-7.0067,-76.1524
356,incendio,-7.4014,-77.6754
360,incendio,-6.4545,-75.866
365,no_incendio,-7.0802266587833635,-75.87902422488
370,incendio,-6.7931,-76.8061
372,incendio,-7.5142,-76.6475
374,no_incendio,-5.8166617894952815,-76.28161854109814
375,incendio,-7.4744,-76.5862
386,incendio,-7.1953,-76.2965
389,incendio,-5.7947,-77.2584
390,no_incendio,-6.368662376296837,-77.03036089290791
397,no_incendio,-6.166609034042587,-76.23843722431326
413,no_incendio,-6.074232738963784,-75.5615873787058
427,no_incendio,-7.122938851987355,-76.92917682268381
429,no_incendio,-6.795665285445913,-76.70031335032672
430,incendio,-8.4743,-77.3645
441,incendio,-5.6762,-76.4895
445,no_incendio,-7.327451375962066,-77.03090576588977
447,no_incendio,-6.827947755317633,-77.24078320536096
452,no_incendio,-7.584063938890335,-77.08532363724217
454,incendio,-6.2336,-75.8098
456,incendio,-7.6563,-76.7281
460,incendio,-7.496,-76.38
461,incendio,-7.15,-76.0927
465,incendio,-6.7597,-77.3397
466,no_incendio,-6.7738595150234,-76.75356063625604
469,no_incendio,-7.143300333347583,-76.01076815200116
474,no_incendio,-6.993239612195546,-76.80617132397158
478,no_incendio,-6.949882284574706,-75.68273295602192
483,incendio,-7.0516,-76.6248
486,incendio,-7.1969,-76.3721
490,incendio,-5.7073,-76.4155
495,incendio,-6.1107,-77.1827
496,no_incendio,-6.0457356441581505,-76.76564488218803
512,no_incendio,-6.94200325407077,-76.26001952788216
526,no_incendio,-5.384324497906241,-76.81955746951022
528,incendio,-6.9626,-76.5804
532,incendio,-6.5849,-76.2723
533,no_incendio,-6.806373584205248,-76.84212620311408
547,no_incendio,-6.26574363006572,-75.945416955943
552,no_incendio,-5.623597121632923,-75.81781716667395
562,incendio,-7.3267,-76.6104
565,no_incendio,-6.249559347527708,-77.38514191347497
566,no_incendio,-6.568678711242536,-76.46161690496696
568,incendio,-7.7876,-76.697
581,no_incendio,-6.950453264096688,-75.59880859567114
582,incendio,-6.6249,-76.7514
597,no_incendio,-6.090705105654209,-75.76196358722034
601,incendio,-5.7018,-76.4541
606,no_incendio,-6.1592934714330285,-77.34475903708392
609,no_incendio,-7.0241667667070145,-76.27510051559456
627,incendio,-6.2263,-76.0861
629,no_incendio,-5.976563784411299,-76.98024729252694
641,no_incendio,-6.726779286673033,-77.03336380719702
653,incendio,-7.9186,-76.7899
655,incendio,-7.1575,-76.2999
656,no_incendio,-6.535327617861432,-76.18785766882165
657,incendio,-6.0079,-75.7292
663,no_incendio,-5.8570726019942425,-76.40667258173919
666,incendio,-8.1664,-76.5285
668,no_incendio,-6.525952464139444,-76.13787075319888
670,no_incendio,-6.0746976290586785,-75.57122315970695
674,no_incendio,-7.170373075763204,-77.40179462648253
680,incendio,-7.1118,-76.5801
687,no_incendio,-7.423279850513975,-76.1929127649397
688,no_incendio,-6.794519962222771,-76.90986347869215
692,no_incendio,-6.298521477567302,-76.20182358446478
696,no_incendio,-6.006937780860308,-77.45432250461575
699,no_incendio,-7.486384119244431,-77.33522717320785
702,incendio,-7.3026,-76.9813
703,no_incendio,-6.949882284574706,-75.68273295602192
707,incendio,-6.9336,-76.1934
708,no_incendio,-6.400727870765625,-77.48420741846027
711,no_incendio,-5.559447141003816,-77.53240429845073
716,incendio,-6.0616,-77.167
730,no_incendio,-5.6976044499375105,-76.64278583121316
733,no_incendio,-7.518549043794622,-77.46918278069812
737,no_incendio,-6.53438876670278,-77.3151143596093
747,incendio,-8.4914,-76.423
753,no_incendio,-6.2554801571250565,-76.43574997258422
761,no_incendio,-5.634222890340759,-76.43789808900263
780,no_incendio,-5.992717705570296,-75.97108395344519
781,no_incendio,-6.603103679284163,-76.5352543472929
789,no_incendio,-6.44311246702837,-76.64720397145403
797,no_incendio,-7.028663799217614,-75.85033836524988
800,incendio,-6.9055,-76.6912
804,no_incendio,-7.394254404476224,-75.68500027222532
810,incendio,-8.2995,-76.6367
811,incendio,-6.9491,-76.1856
815,incendio,-7.5588,-76.5241
817,no_incendio,-5.362923654155092,-76.9119868960568
819,no_incendio,-6.895202578534257,-77.04341617849329
828,no_incendio,-5.582283481453623,-75.95562633397932
841,incendio,-8.4315,-76.3741
854,incendio,-7.3323,-76.9305
856,no_incendio,-6.010674240572804,-77.09796715104932
879,no_incendio,-6.543469703142076,-77.05698988429933
885,no_incendio,-6.929539925837722,-76.05337955826667
886,incendio,-6.9296,-76.9118
892,incendio,-8.6951,-77.641
893,no_incendio,-5.826799302537919,-75.73782519899997
895,no_incendio,-6.797587829172456,-76.96085855036651
904,incendio,-7.7572,-76.7133
908,no_incendio,-6.256015929782314,-76.34693713254352
911,incendio,-5.9325,-76.2613
917,incendio,-7.6936,-76.5123
922,no_incendio,-7.282016752291952,-75.89864347181351
924,no_incendio,-6.5631659761878876,-77.17426169429598
926,incendio,-7.0789,-76.2111
931,incendio,-8.6194,-76.608
941,no_incendio,-6.319184567250436,-76.7615595241715
947,no_incendio,-5.397648721010737,-76.34314573163867
949,incendio,-5.9056,-75.8837
966,no_incendio,-5.569129164967829,-76.89146867970102
969,incendio,-7.3181,-76.9081
984,no_incendio,-7.189575486518889,-75.71595612356288
986,incendio,-7.481,-76.6956
987,incendio,-6.2935,-75.8023
988,incendio,-6.8168,-76.628
989,no_incendio,-6.2701925367746005,-76.81498053088146
990,no_incendio,-6.509338593690795,-76.81131065559471
994,no_incendio,-7.163128957992517,-77.33946379317482
998,no_incendio,-5.702153316153597,-75.54463550563808
1000,no_incendio,-5.3149529866292395,-75.54616509202799
1003,incendio,-6.5442,-76.4454
1012,incendio,-5.8648,-76.4359
1013,incendio,-8.4383,-76.2785
1014,no_incendio,-7.287912531535466,-77.51954103984086
1018,no_incendio,-7.061403957049695,-76.62981524420255
1020,incendio,-7.1184,-76.7486
1023,no_incendio,-6.089075896633828,-77.11331132604498
1033,incendio,-7.1369,-76.4862
1034,incendio,-6.3382,-76.0485
1042,no_incendio,-5.459589434430045,-76.77318023823041
1043,no_incendio,-6.154726709997222,-75.55076367684507
1047,incendio,-7.2938,-76.4344
1054,no_incendio,-6.664383213747135,-77.16631140190985
1055,no_incendio,-6.905014878753814,-76.49698867319515
1060,incendio,-6.7697,-76.7924
1066,no_incendio,-6.741427767846081,-75.52300413513564
1067,incendio,-6.3605,-76.6061
1080,no_incendio,-5.921016028711128,-75.70718586514504
1083,no_incendio,-5.4484392138134945,-75.95921509359859
1085,incendio,-8.3308,-76.5464
1091,incendio,-7.3896,-76.2175
1098,incendio,-7.7228,-76.7433
1099,incendio,-7.1198,-76.4919
1109,no_incendio,-7.20837922312058,-75.60173964481412
1116,incendio,-7.2471,-76.3866
1123,incendio,-6.4564,-75.9076
1130,incendio,-7.2958,-76.8564
1139,no_incendio,-7.436110407887001,-75.68288184576566
1143,incendio,-7.3168,-76.6611
1146,incendio,-8.1865,-76.6286
1147,no_incendio,-7.082226882888392,-75.74798202243628
1150,no_incendio,-5.955706826060275,-77.52353123807491
1160,incendio,-7.2603,-76.5887
1163,incendio,-6.4938,-76.5407
1166,incendio,-8.2703,-76.6538
1175,incendio,-5.9683,-75.8684
1176,incendio,-7.3541,-76.9573
1177,incendio,-6.5017,-77.6287
1178,no_incendio,-6.961563570088446,-77.02222304631809
1179,incendio,-6.7646,-77.3307
1180,incendio,-7.1796,-76.8964
1181,incendio,-7.9753,-77.5165
1184,no_incendio,-6.256015929782314,-76.34693713254352
1206,no_incendio,-6.883760214306626,-75.62202390814382
1211,no_incendio,-5.734596234605278,-76.54404736792905
1214,no_incendio,-7.516228282019169,-75.89484036620722
1221,no_incendio,-7.451217530868493,-77.29241876502243
1227,incendio,-7.3988,-76.8068
1228,incendio,-7.4353,-76.3742
1242,incendio,-6.9629,-76.5599
1249,incendio,-6.4937,-76.381
1251,incendio,-6.366,-76.5931
1253,incendio,-6.3417,-76.6857
1256,no_incendio,-5.976273966695589,-76.89556075922386
1257,incendio,-5.9726,-77.0906
1259,no_incendio,-6.56442664767728,-76.08300934140289
1260,no_incendio,-7.038481344593258,-77.380855509791
1261,incendio,-8.5911,-75.6015
1265,incendio,-7.3259,-76.8317
1266,no_incendio,-7.413823551899182,-76.79124540072256
1270,no_incendio,-6.081931713189248,-77.21688851873837
1274,incendio,-6.9911,-76.5627
1276,no_incendio,-6.886318678721428,-75.69795842959347
1281,no_incendio,-5.388346448693102,-76.72150148992378
1292,no_incendio,-5.95558763459201,-75.58088985962372
1293,incendio,-6.9929,-77.7523
1295,incendio,-5.8121,-76.4871
1296,no_incendio,-6.896612666946929,-75.75338049940235
1297,incendio,-7.746,-76.7584
1306,incendio,-6.9104,-76.8785
1312,incendio,-6.509,-76.775
1320,incendio,-7.1604,-76.4387
1322,incendio,-6.0329,-76.1795
1326,incendio,-6.2143,-76.2172
1327,incendio,-8.1415,-76.444
1333,no_incendio,-5.928392145710498,-76.5403998802667
1343,no_incendio,-5.592011294671137,-75.99975689195666
1381,incendio,-6.1406,-76.3551
1391,no_incendio,-5.391936920318269,-75.74765732530163
1397,incendio,-6.8223,-76.5532
1413,no_incendio,-5.902840695958739,-77.46595018427229
1421,no_incendio,-5.5463833686959125,-76.92476001499328
1428,incendio,-6.7585,-76.7123
1440,incendio,-6.2091,-75.6839
1445,no_incendio,-7.341385532228014,-75.96721546288514
1448,no_incendio,-6.442429492492132,-75.8210206317141
1452,no_incendio,-7.4582565567314925,-76.8374558308584
1453,incendio,-8.733,-77.5755
1458,no_incendio,-5.364892363396528,-76.8599043565554
1466,no_incendio,-7.4319891578174815,-77.15087421098383
1468,no_incendio,-6.125013751679443,-76.15307627183338
1470,incendio,-7.5472,-76.6723
1487,incendio,-7.1302,-77.0791
1495,incendio,-8.5253,-75.5965
1498,incendio,-6.7206,-76.1822
1501,incendio,-8.177,-77.0507
1503,no_incendio,-6.625422961334142,-76.70627380489785
1510,incendio,-7.1306,-76.3382
1515,no_incendio,-7.547362899320046,-75.73565468655677
1528,no_incendio,-5.532971684555294,-77.02280558006699
1536,incendio,-7.7199,-76.5078
1539,no_incendio,-7.53821724475927,-77.34792258266398
1543,incendio,-7.0098,-76.2928
1549,incendio,-6.7902,-76.9341
1559,no_incendio,-6.38076556073537,-76.97858606969272
1561,no_incendio,-7.086474485794749,-76.34589785341001
1565,no_incendio,-7.307422219905113,-77.49030389420659
1568,incendio,-7.1749,-76.219
1572,no_incendio,-6.261893490975904,-75.72805069897333
1577,incendio,-7.5869,-76.3986
1581,incendio,-7.1453,-77.7836
1582,incendio,-5.835,-75.8615
1585,incendio,-6.7634,-76.5577
1586,incendio,-7.3514,-76.4756
1593,no_incendio,-7.142345675518539,-77.26966785367183
1598,no_incendio,-5.965105049339228,-76.99859959497034
1605,incendio,-6.2518,-76.0786
1610,incendio,-8.6433,-76.643
1614,incendio,-5.8561,-76.3478
1619,incendio,-7.2399,-76.2683
1622,no_incendio,-5.818727365285151,-76.86751655981939
1623,incendio,-8.489,-76.4142
1626,no_incendio,-5.5670313248345,-75.99876018929933
1629,no_incendio,-5.715611122341353,-76.65563746255786
1632,incendio,-7.0849,-76.8846
1634,incendio,-6.5666,-75.7093
1635,incendio,-7.361,-76.5811
1643,incendio,-6.7461,-76.4215
1647,incendio,-5.3468,-76.7839
1662,no_incendio,-6.641540416375139,-77.47486256481713
1669,no_incendio,-6.199486560201427,-77.4221153051421
1675,no_incendio,-5.7826453397308155,-77.3905226367299
1677,no_incendio,-7.199216978961617,-75.9477990392911
1679,incendio,-8.5558,-77.1553
1680,no_incendio,-7.347666513055251,-77.19530347019538
1681,incendio,-5.7965,-76.1283
1682,no_incendio,-6.831471934568246,-75.7875932896481
1684,no_incendio,-7.517938460168555,-75.88430182253087
1686,no_incendio,-6.199800156726071,-75.87903812084684
1694,incendio,-7.3353,-76.5417
1701,no_incendio,-6.260382263964365,-75.66215989353373
1702,no_incendio,-6.376048501437837,-77.12747027240657
1703,incendio,-5.8991,-76.1147
1707,no_incendio,-6.625422961334142,-76.70627380489785
1721,incendio,-5.8479,-76.3271
1722,no_incendio,-6.165729925483304,-75.50698017130118
1727,no_incendio,-6.911906202214161,-76.30385492841812
1733,no_incendio,-6.238722534494159,-76.96599757551694
1734,no_incendio,-7.230008103453095,-76.43726823574747
1736,no_incendio,-6.400301881628301,-77.5201604762096
1743,incendio,-7.3819,-76.2674
1744,no_incendio,-7.07173503300346,-76.39313006840234
1758,incendio,-6.2492,-76.2933
1766,incendio,-7.3177,-75.5844
1767,no_incendio,-5.40191525194851,-77.41832441514279
1770,incendio,-6.1411,-75.9366
1775,no_incendio,-5.573600216354325,-77.29583969487783
1779,no_incendio,-5.73056432169004,-76.88063042787364
1784,no_incendio,-5.451709663906019,-76.0834165906866
1787,no_incendio,-7.454820191858604,-77.06390769959336
1794,no_incendio,-7.287912531535466,-77.51954103984086
1797,no_incendio,-6.026471909112164,-76.38280873739679
1799,incendio,-7.0114,-76.8242
1802,incendio,-6.8945,-76.9426
1803,no_incendio,-7.464233169627815,-76.3089508607516
1809,no_incendio,-7.396293728832261,-76.90325278525978
1812,incendio,-6.3177,-75.8389
1815,no_incendio,-6.486581240227174,-76.15835402098138
1822,incendio,-6.3862,-75.9451
1837,no_incendio,-7.084883582406477,-76.16691642079259
1842,incendio,-6.2398,-75.96
1850,no_incendio,-6.542256231887758,-76.22236926601508
1857,incendio,-6.1142,-75.9618
1859,incendio,-6.5926,-76.1077
1860,incendio,-6.0112,-76.9002
1865,no_incendio,-5.605657953237715,-77.33944421680316
1866,no_incendio,-6.726381012789614,-77.29263321460805
1867,no_incendio,-6.050469228584658,-76.73736427886188
1870,no_incendio,-6.973841653653549,-76.58656432123784
1878,no_incendio,-7.287912531535466,-77.51954103984086
1879,no_incendio,-7.2339632492782835,-76.73433396854956
1886,incendio,-7.7183,-76.7511
1889,incendio,-6.9914,-76.6187
1894,no_incendio,-6.905014878753814,-76.49698867319515
1895,no_incendio,-5.932677032359028,-76.67039982026421
1898,no_incendio,-6.15602894819134,-76.33768833426039
1900,incendio,-7.5284,-75.7975
1920,incendio,-7.1493,-76.8688
1921,incendio,-5.9242,-76.9661
1922,no_incendio,-6.237634518264563,-76.93733978052377
1925,no_incendio,-6.905350281771543,-75.85773993313076
1929,incendio,-5.5409,-75.969
1930,incendio,-6.7058,-76.5234
1932,no_incendio,-6.882432262080377,-75.90126287963834
1936,incendio,-7.433,-76.6284
1937,no_incendio,-7.480945740497024,-75.88131487548965
1944,no_incendio,-7.575264155010306,-76.7671801072031
1948,no_incendio,-5.930404217360228,-76.53983487852608
1949,no_incendio,-5.7462072862910665,-75.82239791523867
1970,incendio,-6.8054,-76.817
1976,incendio,-6.3032,-75.8637
1980,no_incendio,-7.017817860779479,-76.95461934375838
1990,no_incendio,-6.191285072180344,-75.97348634249272
1992,no_incendio,-5.4484392138134945,-75.95921509359859
2001,incendio,-7.3678,-76.6807
2010,no_incendio,-6.775595026700855,-77.38152365692504
2019,incendio,-6.0223,-76.1266
2025,no_incendio,-6.742797209348308,-75.63057425829132
2038,no_incendio,-6.295102509635013,-77.52506617532497
2045,incendio,-7.3184,-76.9269
2049,no_incendio,-5.485555576815183,-76.48568380205462
2058,no_incendio,-6.08674868659818,-77.38664384875209
2071,no_incendio,-5.530786000980501,-76.91418709127078
2072,incendio,-7.6282,-76.4755
2081,incendio,-6.1979,-75.9194
2089,no_incendio,-5.702364736345534,-76.72144500150783
2091,incendio,-5.6644,-76.4958
2098,incendio,-7.4628,-76.5971
2102,no_incendio,-6.56442664767728,-76.08300934140289
2104,incendio,-6.5184,-76.7362
2107,no_incendio,-5.544976635100384,-76.33130727413504
2108,no_incendio,-5.335389403596253,-76.01475499828726
2110,incendio,-5.8339,-76.2199
2111,no_incendio,-5.623597121632923,-75.81781716667395
2119,no_incendio,-6.331956733542304,-77.5021084607029
2122,no_incendio,-6.950538468924696,-76.07104877103448
2139,no_incendio,-6.91975600968376,-77.05871610020544
2141,incendio,-7.9016,-76.7345
2143,incendio,-6.3354,-76.5729
2146,no_incendio,-7.3226422677593845,-76.0064093237638
2148,incendio,-7.343,-76.2983
2152,no_incendio,-6.895407353104692,-76.79676810992372
2156,no_incendio,-5.632876376439432,-77.16339501604922
2158,incendio,-5.7687,-76.513
2163,no_incendio,-6.536547874138972,-77.31298293788737
2164,no_incendio,-6.654532009707288,-75.5305999621871
2185,no_incendio,-7.152157832421082,-77.44831592237493
2204,no_incendio,-6.134868701694113,-76.84593822630983
2205,incendio,-6.3923,-77.3723
2209,no_incendio,-5.8511939634062635,-76.52247944634267
2215,no_incendio,-5.500738315784995,-75.59662427893288
2223,incendio,-6.2573,-75.8593
2233,incendio,-6.4945,-76.3575
2237,no_incendio,-5.728382445396997,-77.12017555927592
2238,no_incendio,-6.566852763907717,-76.67622294647774
2239,no_incendio,-6.125013751679443,-76.15307627183338
2240,incendio,-6.5399,-75.6707
2244,no_incendio,-5.6996412211902,-75.5074681731858
2248,incendio,-5.7423,-76.222
2250,incendio,-7.3362,-76.6869
2252,incendio,-6.5736,-75.948
2282,incendio,-7.3449,-76.2911
2283,no_incendio,-6.156942123129494,-76.92567844755888
2286,no_incendio,-7.317626251154921,-75.78361603634158
2290,incendio,-7.4545,-76.4428
2294,no_incendio,-5.593725246250177,-76.70151478021911
2296,incendio,-6.3001,-76.2507
2303,no_incendio,-6.657837978191169,-76.6528349809883
2304,no_incendio,-5.5896376031918615,-76.35252920094948
2307,incendio,-7.6142,-76.4784
2310,incendio,-6.3619,-75.7794
2316,incendio,-6.2007,-76.1659
2321,no_incendio,-7.115248664865674,-76.07912965420722
2324,no_incendio,-5.84380402008071,-75.92947605096468
2325,incendio,-7.29,-77.0339
2338,no_incendio,-5.83983548332399,-77.3596154335897
2339,no_incendio,-5.590954776196541,-75.61262101600937
2343,incendio,-6.4586,-75.7663
2347,incendio,-8.6184,-76.5982
2350,incendio,-6.6165,-77.4268
2351,incendio,-8.3002,-76.2762
2359,no_incendio,-6.768773690834417,-77.41433372649782
2364,no_incendio,-5.908177822401652,-76.8838396640829
2371,incendio,-7.6859,-76.7562
2375,no_incendio,-7.523343048173316,-75.60465669486607
2389,no_incendio,-6.735984440425587,-77.00622820601815
2395,no_incendio,-5.73056432169004,-76.88063042787364
2397,incendio,-6.8564,-76.5522
2402,no_incendio,-7.139277657699614,-76.6688585627755
2415,incendio,-7.2327,-76.8436
2421,no_incendio,-5.6976044499375105,-76.64278583121316
2423,incendio,-8.6669,-76.329
2426,no_incendio,-7.410323721411357,-76.86954387230432
2433,no_incendio,-5.4225864404931166,-77.44996456310464
2443,no_incendio,-5.487710562433828,-76.3714568595569
2448,no_incendio,-5.451709663906019,-76.0834165906866
2449,no_incendio,-6.746503515167967,-76.72857236085679
2452,incendio,-5.6062,-76.5489
2454,no_incendio,-7.291269329879484,-76.54650698845496
2455,no_incendio,-5.61928379725062,-76.7464492739021
2462,incendio,-7.3042,-76.9713
2463,no_incendio,-7.6003471250061425,-76.18857699535684
2465,no_incendio,-5.826799302537919,-75.73782519899997
2485,no_incendio,-6.541834413903653,-76.37649272286701
2490,no_incendio,-5.577424926283962,-75.86385660107669
2493,no_incendio,-5.397948781588011,-77.53247141487635
2506,incendio,-7.2651,-76.8413
2509,no_incendio,-6.758724816086575,-76.05879675132634
2515,no_incendio,-5.525266717128592,-75.70624108601852
2516,no_incendio,-5.7630676382897414,-75.77232686505347
2519,incendio,-7.6962,-76.6763
2525,incendio,-6.822,-77.0929
2527,incendio,-6.4498,-76.6207
2528,no_incendio,-7.396034749471958,-77.09104434205882
2539,no_incendio,-6.645538690996345,-76.24231505313135
2543,no_incendio,-6.061679877354346,-76.10414263000189
2572,incendio,-6.4844,-75.7482
2573,incendio,-8.0375,-75.5882
2575,incendio,-7.3505,-76.3525
2579,no_incendio,-5.409046088511844,-75.85044957982578
2580,no_incendio,-5.863095020713222,-75.7889986714283
2593,incendio,-5.8198,-76.0074
2612,incendio,-5.8057,-76.1424
2617,no_incendio,-6.1922155906112035,-75.54995561422898
2627,incendio,-7.3122,-76.1566
2634,incendio,-5.9029,-76.2808
2639,incendio,-6.277,-75.9265
2642,no_incendio,-6.931342706605391,-77.24005682830844
2648,no_incendio,-5.62998043999866,-76.34952477053923
2650,incendio,-7.4571,-76.5895
2658,no_incendio,-6.0258388422724725,-75.8823418796658
2666,no_incendio,-7.162586032756481,-76.81020137003335
2668,no_incendio,-6.911054339106914,-76.61694946054432
2671,incendio,-7.1003,-77.0711
2676,no_incendio,-6.86128898258832,-76.74328169561169
2680,no_incendio,-5.9462000997115165,-76.43849970195068
2686,no_incendio,-7.1210506239975135,-76.31863607475617
2690,incendio,-6.6103,-76.7042
2702,incendio,-7.0193,-76.1163
2706,no_incendio,-6.141100932072808,-75.82733820285651
2710,no_incendio,-6.216596629515713,-76.33055988016247
2718,incendio,-6.1014,-75.6816
2723,no_incendio,-6.883760214306626,-75.62202390814382
2729,no_incendio,-6.8241555048520945,-76.01927599626522
2736,no_incendio,-6.253426709313807,-77.08659131097349
2738,incendio,-8.7262,-76.7338
2743,incendio,-5.7317,-75.7011
2748,no_incendio,-6.271888529403575,-75.79765684657775
2755,no_incendio,-6.281173626920689,-76.33798845589783
2774,no_incendio,-7.140032609231243,-75.65901239539657
2775,incendio,-6.1531,-75.7071
2786,incendio,-7.0779,-77.5394
2789,incendio,-5.7498,-76.6198
2792,no_incendio,-6.439049170355273,-77.46289627422017
2799,no_incendio,-5.420009462532595,-77.54497332899014
2802,incendio,-6.3306,-76.0567
2806,incendio,-7.0189,-76.5775
2815,no_incendio,-5.952502510545931,-77.35100051203952
2818,no_incendio,-5.322335273054225,-75.66988823532402
2821,incendio,-5.5217,-76.742
2824,incendio,-7.7024,-76.4591
2828,no_incendio,-5.648091386764367,-76.0845405608189
2831,incendio,-8.6027,-76.5857
2833,incendio,-5.738,-75.66
2839,incendio,-6.8435,-76.1861
2840,incendio,-6.5223,-75.6907
2845,no_incendio,-6.467420438436691,-76.19360941434292
2846,no_incendio,-5.902847721330155,-77.17634156149673
2855,incendio,-7.4623,-76.6888
2868,incendio,-7.565,-76.5716
2873,no_incendio,-6.166609034042587,-76.23843722431326
2884,no_incendio,-5.846363398738161,-76.40526766705626
2888,no_incendio,-5.91369294253363,-76.91673941934057
2889,incendio,-8.7306,-76.268
2893,no_incendio,-6.53438876670278,-77.3151143596093
2896,incendio,-7.0548,-76.8658
2906,no_incendio,-6.390597266026688,-76.66038678496503
2907,no_incendio,-6.486581240227174,-76.15835402098138
2921,incendio,-6.7864,-76.6554
2922,no_incendio,-6.6588540055381635,-76.3643446123623
2924,no_incendio,-6.684588652346477,-77.1953837139415
2927,incendio,-5.8995,-76.1119
2954,no_incendio,-6.150817748541318,-77.2743773218178
2958,no_incendio,-6.596577810973727,-76.74231910069577
2961,no_incendio,-7.1291364623253095,-77.04904307212506
2965,no_incendio,-6.200171336468845,-76.47517852395984
2977,no_incendio,-7.098978961723795,-76.16251434543014
2978,no_incendio,-5.974627825335505,-76.8393257597771
2981,no_incendio,-6.965586863586331,-77.4440785223658
2985,no_incendio,-5.991944937539925,-75.60778625331145
2989,no_incendio,-5.504827246357519,-77.16574913944
2993,no_incendio,-7.336551353349131,-77.20883178649431
2995,no_incendio,-6.2062844027818835,-77.2816967062703
2997,incendio,-6.1401,-76.0867
2998,incendio,-5.7265,-76.0805
3005,no_incendio,-7.010865933982342,-76.63167881965191
3008,no_incendio,-7.351997452668049,-75.86863921087647
3009,no_incendio,-7.37285257220338,-75.85397128431137
3025,no_incendio,-6.923846443514746,-77.29283624638697
3028,incendio,-7.0985,-76.2658
3029,no_incendio,-5.444716599482646,-75.83682474093726
3030,no_incendio,-5.906233795105334,-77.12857966060585
3031,incendio,-6.2165,-75.8988
3034,no_incendio,-7.280960307883033,-76.7904575448365
3047,incendio,-6.0541,-76.0819
3048,incendio,-7.0803,-76.5289
3049,no_incendio,-5.531434005442488,-77.13875106909684
3050,no_incendio,-5.875159377973664,-77.1185525314163
3059,incendio,-7.2576,-76.7489
3063,no_incendio,-5.931410128051382,-77.48442078407336
3068,no_incendio,-7.516228282019169,-75.89484036620722
3070,no_incendio,-6.559185707653601,-77.1814362546677
3072,no_incendio,-6.061848479102238,-75.8084457666632
3074,incendio,-5.8318,-76.0049
3078,incendio,-5.4839,-76.6299
3082,incendio,-6.7423,-76.8387
3084,no_incendio,-5.901388111394365,-75.87645660870008
3089,no_incendio,-5.4956287964108785,-77.39970137101125
3092,no_incendio,-5.846023239980903,-75.59058432825728
3105,incendio,-5.6912,-76.6306
3113,incendio,-7.201,-77.0323
3114,incendio,-6.2187,-76.8333
3149,incendio,-6.0009,-76.9581
3150,incendio,-6.4399,-76.5964
3155,incendio,-6.9712,-76.9356
3159,no_incendio,-6.4535066542887805,-75.68187662159364
3166,incendio,-8.638,-76.1242
3178,incendio,-8.3609,-76.381
3181,incendio,-7.1214,-76.484
3190,no_incendio,-7.523779550040388,-76.57430086125386
3198,incendio,-7.0955,-76.3675
3201,no_incendio,-6.042344688075439,-75.58423135699039
3202,incendio,-8.761,-76.4096
3207,no_incendio,-6.040687375273645,-76.93582583750656
3212,no_incendio,-6.0889717541826,-76.72492959412638
3215,incendio,-5.8424,-77.3368
3218,incendio,-6.5662,-75.6748
3235,incendio,-6.6287,-76.5498
3238,incendio,-5.6076,-76.5569
3240,incendio,-6.837,-76.5122
3248,incendio,-8.6161,-76.1437
3250,no_incendio,-7.5990878129892385,-76.01433706050479
3251,no_incendio,-7.081124602285028,-76.06087878832324
3253,no_incendio,-5.846363398738161,-76.40526766705626
3254,incendio,-5.7976,-76.0847
3260,incendio,-6.2284,-77.128
3271,incendio,-7.387,-76.539
3276,no_incendio,-6.929511458644296,-75.83962565372784
3277,incendio,-6.8446,-76.4839
3284,incendio,-6.0342,-76.1888
3287,incendio,-6.4151,-76.4793
3297,no_incendio,-6.8053340000464315,-76.39338208242373
3300,incendio,-6.081,-76.0049
3303,incendio,-6.9188,-76.6375
3304,no_incendio,-7.0475824644559095,-77.00777977835193
3308,incendio,-5.8147,-77.4223
3312,incendio,-7.5305,-76.2625
3313,incendio,-7.596,-76.5214
3317,no_incendio,-5.399746644332469,-76.68187059720576
3319,no_incendio,-7.3820884546139,-76.13227467193721
3320,no_incendio,-6.722985174451003,-76.39617504365586
3324,incendio,-7.0911,-76.0523
3325,no_incendio,-5.732633885929664,-76.45507870434784
3326,no_incendio,-5.959481938609148,-77.35681272469573
3327,no_incendio,-7.195118276412429,-75.87773973651454
3334,no_incendio,-6.768773690834417,-77.41433372649782
3335,incendio,-6.3899,-76.555
3343,no_incendio,-6.851346088597758,-76.87565472102605
3354,no_incendio,-5.592011294671137,-75.99975689195666
3364,no_incendio,-6.836006339265761,-75.80496615427175
3370,no_incendio,-5.7980276983387755,-76.60461534978732
3374,no_incendio,-6.581835148874593,-77.10480197876178
3379,no_incendio,-6.391692174987462,-77.10791126635735
3386,no_incendio,-6.890502660955485,-77.28521359628384
3388,no_incendio,-6.590618313605878,-75.87293609884875
3389,incendio,-8.2441,-76.512
3392,no_incendio,-5.619318348217799,-76.76258506679603
3397,incendio,-7.5574,-76.4414
3402,no_incendio,-6.420856851462068,-76.77933512635609
3403,no_incendio,-5.7927379696305294,-76.1467304713267
3406,incendio,-6.5002,-76.3733
3409,incendio,-7.2008,-76.2503
3410,incendio,-7.0402,-76.8326
3413,no_incendio,-6.8824524173967765,-77.12203229237878
3419,no_incendio,-5.544342707790426,-75.8055721541421
3420,incendio,-6.1622,-76.1705
3422,no_incendio,-7.327169653945901,-75.96963671647885
3433,incendio,-7.2495,-76.1835
3453,incendio,-7.3261,-76.8951
3455,incendio,-7.0034,-76.2603
3462,no_incendio,-7.0802266587833635,-75.87902422488
3471,incendio,-6.6132,-76.5205
3490,no_incendio,-5.915658751464713,-77.38575524652865
3498,incendio,-7.167,-76.9782
3504,incendio,-7.5927,-76.4995
3506,incendio,-8.0482,-75.5966
3509,no_incendio,-6.682338881301072,-76.58990578057626
3517,no_incendio,-5.543275857949961,-76.36401463997392
3527,no_incendio,-6.871083272493799,-75.76930140332634
3532,no_incendio,-5.7103480025675015,-77.41410373684516
3538,incendio,-7.2072,-76.6242
3540,no_incendio,-6.1174086914739405,-75.65121133854548
3550,no_incendio,-6.295102509635013,-77.52506617532497
3557,incendio,-5.997,-76.1955
3558,incendio,-6.4856,-75.7487
3564,incendio,-5.7833,-76.4133
3599,incendio,-5.9838,-76.4617
3605,incendio,-6.8413,-76.1503
3608,no_incendio,-5.6976044499375105,-76.64278583121316
3610,incendio,-5.3036,-76.4922
3616,incendio,-8.2041,-75.6392
3618,no_incendio,-6.191285072180344,-75.97348634249272
3622,incendio,-8.2992,-77.1884
3623,incendio,-7.1588,-76.9093
3635,no_incendio,-7.377346584054845,-77.21066750842841
3640,incendio,-5.8978,-76.3944
3643,incendio,-8.1612,-77.501
3645,incendio,-7.2982,-76.6672
3647,incendio,-7.5918,-76.5209
3648,no_incendio,-5.525519480392893,-76.3183975995799
3651,incendio,-7.3211,-76.8295
3653,incendio,-7.6782,-76.7437
3654,no_incendio,-7.327451375962066,-77.03090576588977
3657,incendio,-5.9906,-76.2552
3658,no_incendio,-6.673178207902485,-77.4048318758823
3660,no_incendio,-6.234937456831474,-75.55136134306397
3661,no_incendio,-5.706911774664528,-77.15797296628834
3669,incendio,-6.5744,-76.771
3674,no_incendio,-5.702364736345534,-76.72144500150783
3679,no_incendio,-6.135395550199937,-77.01659159261982
3680,no_incendio,-6.887017706594157,-77.30533643415299
3681,no_incendio,-6.4776266103105895,-77.14737002070362
3689,incendio,-7.1199,-76.2491
3697,incendio,-5.8022,-76.6052
3700,incendio,-8.0853,-76.8056
3711,no_incendio,-5.752288568187965,-75.61867904444058
3716,no_incendio,-6.607438503581988,-77.25629846979227
3727,incendio,-7.4212,-76.6083
3733,no_incendio,-6.440107687486793,-76.71961125303099
3741,incendio,-5.7413,-76.3995
3742,no_incendio,-7.45728200774953,-76.98588787498541
3753,incendio,-7.5955,-76.6207
3754,no_incendio,-6.038754568131664,-76.35371867515885
3755,incendio,-6.6016,-77.3195
3762,incendio,-7.0382,-76.7939
3763,no_incendio,-5.388800568828812,-75.76427198080877
3764,no_incendio,-6.059607457191615,-77.52385870382261
3769,no_incendio,-6.694264893002906,-76.05015609684683
3770,incendio,-8.175,-76.96
3785,incendio,-7.2514,-77.0683
3789,no_incendio,-6.142530239499738,-77.15463621788837
3792,incendio,-6.6304,-76.739
3803,no_incendio,-7.143611941895854,-76.83926289395374
3806,no_incendio,-5.500738315784995,-75.59662427893288
3807,incendio,-6.4858,-76.3621
3812,incendio,-6.2821,-76.694
3813,no_incendio,-6.041174269159521,-76.02071621272385
3814,no_incendio,-6.967630832661904,-76.66075655259817
3825,no_incendio,-5.592455159672106,-77.05696823462097
3828,no_incendio,-5.8570726019942425,-76.40667258173919
3846,incendio,-5.5927,-76.5458
3857,incendio,-7.0081,-76.9059
3859,incendio,-5.8424,-75.8792
3861,incendio,-7.2631,-76.2323
3862,incendio,-6.0016,-75.8165
3880,incendio,-8.5751,-76.4182
3886,no_incendio,-6.774947131584925,-76.00722166007617
3898,no_incendio,-5.434734993358147,-76.94653262890384
3910,no_incendio,-7.126628531945264,-77.1694503862003
3911,incendio,-7.5592,-76.3443
3920,incendio,-8.5062,-77.0549
3924,incendio,-6.9149,-76.69
3929,no_incendio,-7.506850337937736,-76.33686457857513
3944,incendio,-6.3733,-76.0895
3959,no_incendio,-7.2386843016197115,-75.95361045134824
3968,no_incendio,-6.42510939654662,-76.21314660329666
3970,no_incendio,-7.377346584054845,-77.21066750842841
3971,incendio,-6.7835,-76.2665
3974,no_incendio,-5.655403371061297,-77.22066038141541
3980,incendio,-8.7517,-77.1047
3984,incendio,-6.4186,-76.6174
3987,no_incendio,-7.511017054186108,-77.44217334143556
3990,no_incendio,-5.797671068529707,-76.36918688461087
4000,incendio,-6.2525,-75.8057
4002,no_incendio,-5.501045309864604,-77.33293151035834
4004,incendio,-7.1165,-76.5863
4007,incendio,-8.6065,-75.5978
4014,no_incendio,-6.66782718852246,-77.11974959426693
4016,incendio,-6.03,-76.2952
4017,no_incendio,-7.234182176376593,-76.40213823666475
4019,incendio,-7.4481,-76.6811
4039,no_incendio,-7.241496994972613,-76.72736472676876
4040,no_incendio,-6.721818890646596,-76.25717682869612
4045,incendio,-8.3657,-76.746
4047,incendio,-6.7626,-76.8406
4053,incendio,-6.4229,-75.7783
4059,incendio,-6.1506,-76.1261
4062,incendio,-5.7325,-76.6413
4074,no_incendio,-5.508118125742636,-76.08158705053927
4075,incendio,-6.8837,-76.5419
4076,no_incendio,-6.837388041019548,-77.0882269714977
4081,no_incendio,-7.530943089944216,-75.61039209936172
4094,no_incendio,-6.42510939654662,-76.21314660329666
4095,no_incendio,-6.737802446576857,-76.76156798779444
4097,no_incendio,-6.427611857268102,-77.39761535548438
4101,no_incendio,-7.457798199513177,-76.25066528876945
4102,incendio,-7.0913,-77.0148
4109,no_incendio,-6.092332930769818,-77.53250095731846
4113,incendio,-5.7053,-75.9013
4115,no_incendio,-5.8624058726324275,-77.54256899267752
4118,no_incendio,-7.149817793244048,-76.68995380242758
4139,no_incendio,-5.8418090063734045,-77.13859458576027
4145,no_incendio,-6.482952600752266,-75.66603340235945
4147,no_incendio,-5.426612634680184,-75.58435399600397
4162,incendio,-8.6061,-75.5192
4172,no_incendio,-6.300702389014246,-76.09062532956851
4180,incendio,-8.6457,-76.3243
4181,no_incendio,-6.224885960981276,-76.91366721974305
4186,no_incendio,-5.433480478841975,-76.00940335234054
4196,no_incendio,-6.918732727057085,-75.61509017346891
4217,incendio,-5.9203,-75.9899
4225,incendio,-7.3513,-76.4645
4226,no_incendio,-6.191430391246121,-75.84894878803162
4229,no_incendio,-6.893380079192219,-76.030920773184
4233,incendio,-5.9468,-76.294
4235,incendio,-6.8012,-75.8648
4236,incendio,-6.3306,-76.1016
4238,incendio,-7.3057,-76.9301
4241,no_incendio,-7.327169653945901,-75.96963671647885
4243,no_incendio,-7.443277568920015,-75.95948688269024
4244,incendio,-6.9678,-76.7161
4245,incendio,-5.3553,-76.5462
4250,incendio,-7.3844,-77.6029
4261,no_incendio,-7.58397179719786,-76.78899858637695
4276,no_incendio,-5.632876376439432,-77.16339501604922
4279,incendio,-7.1023,-76.9798
4283,incendio,-7.2497,-76.077
4300,incendio,-7.5323,-76.6508
4309,incendio,-6.7186,-77.5537
4322,no_incendio,-6.15602894819134,-76.33768833426039
4323,incendio,-5.6645,-76.1938
4327,incendio,-6.235,-76.1057
4340,no_incendio,-6.726779286673033,-77.03336380719702
4348,incendio,-6.6222,-75.6527
4354,incendio,-6.6164,-76.3674
4365,incendio,-7.3258,-77.7238
4369,incendio,-6.863,-76.8805
4374,no_incendio,-5.937659253977012,-77.34942172737706
4375,incendio,-5.6389,-76.6135
4376,incendio,-7.2429,-76.0783
4397,incendio,-6.9532,-76.6009
4400,incendio,-5.7548,-77.309
4414,incendio,-7.3365,-76.5597
4423,no_incendio,-5.7783488736056645,-77.39085635603547
4424,incendio,-8.3605,-76.3857
4430,incendio,-8.4443,-76.2193
4432,no_incendio,-6.456445234793438,-77.37382860861014
4440,no_incendio,-5.937659253977012,-77.34942172737706
4441,no_incendio,-5.397648721010737,-76.34314573163867
4446,no_incendio,-6.746503515167967,-76.72857236085679
4450,no_incendio,-5.3928610006268665,-76.95098681919762
4459,incendio,-6.1776,-77.1431
4461,no_incendio,-5.699419411757933,-76.10583548301037
4466,no_incendio,-7.53821724475927,-77.34792258266398
4469,incendio,-6.931,-76.2593
4473,incendio,-8.1876,-76.5178
4479,incendio,-7.5823,-76.4816
4487,no_incendio,-6.064542854980353,-77.18213602611725
4490,incendio,-8.6937,-76.2957
4493,no_incendio,-6.6832264067033,-77.40030797685029
4496,incendio,-6.559,-75.6316
4503,no_incendio,-5.944935096517128,-76.18780832521988
4505,no_incendio,-7.374027518305184,-76.32029762844952
4506,incendio,-7.2087,-76.2301
4508,no_incendio,-5.557069716448366,-75.65393079947539
4509,no_incendio,-7.410323721411357,-76.86954387230432
4516,incendio,-6.8068,-76.4985
4518,no_incendio,-6.580708866740203,-77.30463518466154
4519,incendio,-8.7903,-76.9942
4526,incendio,-5.9567,-75.8625
4532,no_incendio,-5.612307081535751,-76.80288819980903
4535,no_incendio,-6.877247924736086,-76.70115338296226
4538,incendio,-6.9738,-76.2015
4543,incendio,-5.7017,-76.6165
4544,incendio,-7.7215,-76.7342
4546,incendio,-6.4096,-76.4175
4550,no_incendio,-7.537264707596327,-76.77993123452514
4555,no_incendio,-6.010674240572804,-77.09796715104932
4560,no_incendio,-6.738442276906446,-76.26128977675305
4562,incendio,-8.7906,-76.1809
4565,incendio,-8.3497,-76.4115
4574,incendio,-7.356,-76.0552
4575,no_incendio,-5.913375544586391,-77.02153912778006
4591,incendio,-8.4075,-76.4729
4593,no_incendio,-6.534953195140333,-76.18456106043952
4602,incendio,-7.2123,-76.2744
4607,no_incendio,-6.036634194085042,-76.33475368850613
4613,incendio,-7.0972,-76.4062
4615,no_incendio,-7.137713754276464,-76.43208640903742
4626,no_incendio,-7.451217530868493,-77.29241876502243
4642,incendio,-6.8104,-76.6325
4643,incendio,-6.3851,-75.8911
4646,no_incendio,-5.798251230559933,-76.03303003317315
4647,no_incendio,-6.654449786981951,-77.1406120148932
4654,no_incendio,-6.212102855046136,-76.68622274401635
4663,no_incendio,-6.395505819847665,-76.99761432969862
4669,no_incendio,-5.701243653353404,-77.51137584362479
4678,incendio,-6.5262,-75.7181
4684,no_incendio,-6.061671698446887,-76.35844064270319
4687,incendio,-7.1155,-76.3138
4689,no_incendio,-5.728686151403572,-77.23987774970512
4691,no_incendio,-7.4291899383099445,-76.99344952239323
4692,no_incendio,-7.38891296125344,-75.60819465870141
4703,no_incendio,-6.718454996800395,-75.59317309755335
4709,no_incendio,-7.278588939327885,-76.4943759510431
4730,no_incendio,-5.688886934346843,-77.36422749238871
4745,incendio,-8.4347,-76.288
4751,no_incendio,-5.563302307050842,-76.50751783358145
4767,no_incendio,-5.4157703002618724,-75.88771884850634
4768,no_incendio,-6.47129538831012,-76.10848069167751
4769,no_incendio,-5.641271222445664,-77.2589065650696
4776,no_incendio,-5.811190643666691,-76.41076755798852
4778,incendio,-7.4761,-76.3905
4780,no_incendio,-5.592210809875936,-75.85957552026237
4785,no_incendio,-6.324514222860181,-76.89947276475436
4790,incendio,-5.9024,-76.1158
4793,no_incendio,-6.5791773780212175,-75.5208242841422
4796,no_incendio,-6.929766621277843,-76.9486595645204
4797,incendio,-5.7319,-76.438
4800,no_incendio,-6.5603093207023875,-76.81459925787705
4802,no_incendio,-7.241586175081285,-75.60658029783822
4803,no_incendio,-6.682240904919321,-76.14970898536502
4809,no_incendio,-7.511471498657587,-77.0305776349507
4814,incendio,-8.506,-76.4137
4815,incendio,-7.9032,-76.7107
4816,no_incendio,-5.87094442046127,-77.0385590368228
4818,incendio,-7.4293,-76.6515
4820,no_incendio,-5.918920403880599,-75.94938972977876
4824,no_incendio,-6.227801736418022,-76.3562846673644
4830,no_incendio,-5.916934623864143,-76.40108482987945
4832,incendio,-8.623,-76.6775
4840,incendio,-8.7494,-76.3893
4846,incendio,-8.6881,-77.0786
4848,no_incendio,-5.362923654155092,-76.9119868960568
4850,no_incendio,-6.526663320909917,-76.57498858502044
4863,no_incendio,-5.943086820538844,-77.20310189012812
4864,incendio,-7.4179,-76.7015
4870,no_incendio,-7.5120911115649465,-76.43294446778411
4871,no_incendio,-7.417769459056535,-76.0278387197161
4872,no_incendio,-5.746784627492212,-75.78617751665539
4873,no_incendio,-5.876670821018357,-77.35096983439296
4878,incendio,-6.2041,-76.1428
4899,no_incendio,-6.654532009707288,-75.5305999621871
4901,incendio,-8.3785,-76.2756
4903,incendio,-7.354,-76.8221
4904,no_incendio,-7.051099362667298,-76.62925053957763
4909,incendio,-6.333,-75.9224
4912,incendio,-6.1537,-76.3094
4913,no_incendio,-5.796164972487043,-76.72449599512143
4918,no_incendio,-6.536547874138972,-77.31298293788737
4924,incendio,-7.24,-77.0486
4925,no_incendio,-6.08674868659818,-77.38664384875209
4934,incendio,-8.628,-76.1851
4937,no_incendio,-5.748428283636171,-75.60096771532396
4945,incendio,-8.2708,-76.4304
4946,incendio,-5.8654,-76.0422
4957,incendio,-8.7019,-76.3608
4966,incendio,-7.9118,-76.8442
4970,no_incendio,-6.074232738963784,-75.5615873787058
4975,incendio,-7.7486,-76.7274
4976,no_incendio,-5.984669195028871,-76.49551058575585
4980,incendio,-5.897,-76.1117
4985,no_incendio,-5.925744830854394,-76.62635370808266
4990,no_incendio,-5.641271222445664,-77.2589065650696
4992,incendio,-7.2247,-76.8486
4996,no_incendio,-5.62140995348484,-75.55506281291692
4997,no_incendio,-7.12053033714668,-76.21891493903652
5004,no_incendio,-7.278446400857449,-77.33703515392486
5007,no_incendio,-6.642584248060827,-75.75075985956546
5008,no_incendio,-7.409421605310309,-75.83681236527086
5010,incendio,-8.4558,-76.2568
5017,no_incendio,-5.928733149107297,-75.62813587078854
5023,no_incendio,-5.6355072776323825,-77.05987553143974
5032,incendio,-8.3588,-76.5258
5034,no_incendio,-6.3737423006602185,-77.16577350376646
5041,no_incendio,-7.163128957992517,-77.33946379317482
5042,incendio,-7.5523,-76.4197
5046,incendio,-8.2142,-76.5842
5048,no_incendio,-6.797266617151564,-77.33130374727055
5052,incendio,-8.5301,-76.4221
5054,no_incendio,-6.968966493455318,-76.77095416720522
5061,incendio,-5.6062,-76.5287
5071,incendio,-7.1103,-76.671
5073,no_incendio,-6.12520459976937,-77.49886350154438
5080,no_incendio,-6.5878777950259835,-76.78969667476908
5082,incendio,-7.2362,-76.4844
5087,no_incendio,-6.618506694977619,-76.00213992327006
5094,incendio,-7.4464,-76.6938
5101,no_incendio,-7.333298288226105,-76.42146225481947
5107,incendio,-6.612,-77.3967
5109,no_incendio,-7.153254312142147,-75.61931012295983
5111,no_incendio,-6.960986438297525,-76.973990270216
5115,no_incendio,-5.977954403238399,-75.89740788010133
5118,no_incendio,-6.976092489979531,-77.35059361204593
5125,incendio,-8.6003,-75.5046
5150,incendio,-7.3569,-76.5932
5168,no_incendio,-5.441244045280792,-76.19936571316805
5172,no_incendio,-6.479517291884607,-77.31045667927476
5174,incendio,-8.6716,-76.311
5190,incendio,-7.3254,-76.3392
5193,no_incendio,-7.459517004149713,-75.65348895495933
5195,incendio,-5.998,-75.6972
5200,incendio,-7.3272,-77.6968
5206,no_incendio,-7.227645324559791,-75.66978466195862
5207,incendio,-5.8375,-77.0259
5211,incendio,-6.3072,-76.1895
5213,incendio,-7.4679,-76.7829
5214,no_incendio,-5.593725246250177,-76.70151478021911
5216,incendio,-7.3156,-76.5303
5217,no_incendio,-5.914538807022697,-77.31789261845223
5223,no_incendio,-7.3239429065406565,-75.71625724817507
5227,no_incendio,-7.331602369683786,-75.50190770424915
5229,incendio,-7.2477,-76.2373
5233,no_incendio,-7.49572574357337,-75.97213125228711
5234,no_incendio,-5.371545466461964,-76.40334353874748
5236,no_incendio,-5.807568980791382,-75.59957931060934
5239,no_incendio,-7.347824110154567,-75.82503332128289
5242,incendio,-5.7408,-75.6518
5267,no_incendio,-5.871823711573395,-77.09814467361281
5269,no_incendio,-7.062719614900722,-75.90547044520231
5274,no_incendio,-6.418496907062319,-75.56505083254436
5284,no_incendio,-6.57344451362061,-75.98407882587051
5286,no_incendio,-5.431391280919102,-75.58519659503115
5288,no_incendio,-6.834300186862358,-76.1605435782697
5297,no_incendio,-5.880337682080549,-76.27434878275604
5300,incendio,-6.3113,-76.561
5301,no_incendio,-5.807017349001207,-75.61769536103809
5313,no_incendio,-7.291269329879484,-76.54650698845496
5317,no_incendio,-7.366259215797565,-77.34248619041158
5318,no_incendio,-6.000321843594466,-77.16959710695784
5319,no_incendio,-6.011348651194169,-77.43448041427209
5320,incendio,-7.3251,-76.7137
5325,no_incendio,-5.362923654155092,-76.9119868960568
5330,no_incendio,-6.575273134907994,-75.71241319767115
5331,incendio,-5.849,-76.0455
5333,incendio,-6.2146,-75.941
5337,incendio,-7.317,-76.6787
5340,no_incendio,-7.213623333493973,-77.17840648744146
5352,no_incendio,-6.346021842815813,-77.12333044544714
5353,incendio,-7.0478,-76.3259
5354,incendio,-7.235,-76.2829
5357,incendio,-7.3123,-75.5225
5359,no_incendio,-6.857236383262051,-76.76658169794014
5362,no_incendio,-7.03159653116471,-76.48526719545968
5380,incendio,-7.2946,-76.2416
5382,no_incendio,-6.252480366224789,-76.488140203218
5386,no_incendio,-6.801666192426729,-76.32704638741743
5391,incendio,-6.9853,-76.7194
5402,incendio,-6.9818,-76.2108
5420,incendio,-7.5091,-76.5606
5422,incendio,-8.2711,-76.3718
5426,incendio,-5.9544,-76.3541
5430,no_incendio,-5.8511939634062635,-76.52247944634267
5438,no_incendio,-6.664383213747135,-77.16631140190985
5439,incendio,-6.261,-76.0235
5444,no_incendio,-6.991871137907023,-76.86560292258433
5448,no_incendio,-5.348479960720765,-76.73008143184053
5449,no_incendio,-5.936332555331325,-76.83179580754164
5451,no_incendio,-6.36044395346056,-75.72277954497737
5452,no_incendio,-6.848581850084046,-76.26989214867015
5453,incendio,-8.3549,-77.2313
5454,no_incendio,-6.807279841790784,-75.78242302305196
5461,incendio,-6.7316,-76.8367
5472,incendio,-5.895,-76.3029
5473,incendio,-5.9442,-77.307
5476,incendio,-5.7262,-75.8536
5481,no_incendio,-7.228019173352536,-75.83265543127759
5491,no_incendio,-7.336551353349131,-77.20883178649431
5494,incendio,-6.1027,-75.7677
5495,no_incendio,-7.082610644878744,-76.41583738866235
5514,incendio,-7.3948,-76.5673
5520,no_incendio,-5.847351714277372,-76.19994787889544
5526,incendio,-7.6753,-76.4884
5527,incendio,-6.8356,-76.8994
5531,no_incendio,-6.032904107983954,-75.67491532543472
5534,incendio,-6.2781,-76.6899
5535,no_incendio,-7.342552043846658,-77.45073212658029
5541,incendio,-5.8324,-76.1996
5546,no_incendio,-6.230021779466632,-76.57667653530646
5552,no_incendio,-6.938909457059822,-76.15534082596828
5553,no_incendio,-5.992720265748597,-76.93502157829727
5554,incendio,-7.27,-76.1451
5561,incendio,-6.1963,-76.8307
5570,incendio,-7.352,-76.0844
5574,no_incendio,-5.487830888913878,-75.70248261618342
5578,no_incendio,-5.7826453397308155,-77.3905226367299
5581,no_incendio,-5.7595902055188795,-75.77924853201874
5583,incendio,-5.9154,-76.4782
5584,incendio,-7.3178,-76.714
5592,no_incendio,-5.371121123003669,-76.78705780536207
5597,no_incendio,-7.040747836565641,-76.40061304391803
5601,no_incendio,-7.099688871826168,-75.91020418997267
5603,no_incendio,-6.062840602584927,-76.70237486789418
5611,incendio,-7.1168,-76.3178
5613,incendio,-6.1457,-76.0597
5614,no_incendio,-7.495613592310532,-75.66310159178755
5616,incendio,-7.8017,-76.7228
5621,incendio,-6.9241,-76.6165
5623,incendio,-7.1788,-76.6893
5625,no_incendio,-5.946515429749496,-77.17416988943258
5629,incendio,-6.4935,-76.3625
5630,no_incendio,-7.2830034027883865,-76.35190261363664
5636,no_incendio,-7.491547550658209,-77.41447872545433
5637,no_incendio,-6.682240904919321,-76.14970898536502
5638,no_incendio,-7.45728200774953,-76.98588787498541
5640,incendio,-6.8095,-76.6857
5651,incendio,-6.1408,-77.1011
5658,no_incendio,-6.806897768294474,-76.17637549858149
5672,incendio,-7.1457,-76.5838
5679,no_incendio,-5.813466395394225,-76.54314458566375
5681,no_incendio,-5.424572995842199,-76.6735765187215
5683,no_incendio,-6.715205623153173,-76.11809578650696
5690,no_incendio,-6.781601843650596,-77.34861421933648
5691,no_incendio,-6.911906202214161,-76.30385492841812
5702,no_incendio,-6.501773263941807,-76.20873227680231
5711,incendio,-7.2835,-76.5927
5714,incendio,-5.4842,-76.7458
5718,no_incendio,-6.344738730281884,-77.28085925820518
5726,no_incendio,-6.668348976590427,-75.85167744687278
5728,incendio,-5.6564,-75.8247
5733,no_incendio,-5.489245275525123,-76.82667902790362
5737,incendio,-7.2178,-76.3764
5742,incendio,-8.6852,-76.1782
5758,incendio,-6.1286,-76.9524
5762,incendio,-5.9034,-76.1203
5770,no_incendio,-6.41045269770062,-76.39156709032302
5778,no_incendio,-7.145399618003832,-77.00792044464232
5780,no_incendio,-6.376048501437837,-77.12747027240657
5784,incendio,-7.3173,-76.9485
5786,incendio,-5.7225,-75.7689
5792,no_incendio,-6.142530239499738,-77.15463621788837
5794,incendio,-6.7586,-76.8042
5805,incendio,-8.4244,-76.5122
5819,incendio,-6.3281,-76.6467
5823,incendio,-7.4645,-76.483
5824,incendio,-7.4079,-76.6622
5826,incendio,-7.6127,-76.4064
5829,incendio,-7.4263,-76.8521
5830,incendio,-6.4289,-76.6063
5833,no_incendio,-6.419675876236263,-76.64489280604421
5836,incendio,-7.3178,-75.5887
5837,incendio,-5.9024,-76.1131
5842,incendio,-7.0094,-76.8604
5848,no_incendio,-7.511017054186108,-77.44217334143556
5850,no_incendio,-6.671397085491674,-75.72724206195927
5851,no_incendio,-5.588125457302943,-77.46080617284144
5857,no_incendio,-6.427611857268102,-77.39761535548438
5860,no_incendio,-6.196820810614756,-77.18695898534692
5861,no_incendio,-5.582283481453623,-75.95562633397932
5886,no_incendio,-6.5631659761878876,-77.17426169429598
5890,incendio,-6.3944,-76.4692
5910,no_incendio,-7.566170057674632,-77.33420456007225
5914,incendio,-8.4461,-76.4152
5916,incendio,-7.538,-76.6972
5918,no_incendio,-6.766715492175258,-75.83761083407144
5930,no_incendio,-7.432415046086705,-75.62170917666255
5939,no_incendio,-6.2190640726250495,-76.93105958473025
5940,incendio,-5.6752,-76.1855
5943,incendio,-7.2618,-76.4345
5945,no_incendio,-7.407523974858453,-76.05767195335137
5947,no_incendio,-7.52893790740652,-77.07253517227397
5950,incendio,-6.7424,-76.6608
5959,incendio,-5.7309,-77.4494
5961,no_incendio,-5.691703950902071,-76.93733770607169
5972,no_incendio,-7.424353792615787,-75.73269651500266
5975,no_incendio,-5.880337682080549,-76.27434878275604
5977,no_incendio,-5.622162432874228,-76.70501966558531
5994,incendio,-7.0852,-76.2844
5995,no_incendio,-7.143300333347583,-76.01076815200116
6001,incendio,-6.789,-76.1714
6006,no_incendio,-7.480945740497024,-75.88131487548965
6013,incendio,-5.7761,-76.6116
6015,incendio,-7.4305,-76.4003
6021,incendio,-6.9132,-76.8815
6027,no_incendio,-5.441048358116876,-77.52077786090675
6030,incendio,-6.4859,-76.3577
6033,incendio,-7.1581,-76.8919
6037,incendio,-6.832,-76.5968
6046,no_incendio,-7.517330043663011,-76.85538614453351
6061,incendio,-8.7832,-76.1474
6071,incendio,-6.8788,-76.8941
6072,incendio,-6.5298,-76.2919
6075,incendio,-7.26,-76.9844
6086,incendio,-6.0856,-76.2379
6089,no_incendio,-5.6819042694428346,-76.21370978152449
6091,no_incendio,-5.334479044366705,-77.48777820988575
6094,incendio,-6.9913,-76.0907
6095,no_incendio,-5.573600216354325,-77.29583969487783
6102,incendio,-8.5364,-76.1339
6107,no_incendio,-5.871711432876104,-76.01772742487569
6112,no_incendio,-6.929766621277843,-76.9486595645204
6120,incendio,-8.7191,-76.0922
6125,incendio,-7.4322,-76.5575
6129,incendio,-5.7103,-76.2434
6130,no_incendio,-7.404587411347148,-77.48236039818194
6132,no_incendio,-5.839270188717535,-77.49668062311541
6135,incendio,-6.7008,-76.3212
6138,incendio,-8.6144,-75.6319
6139,incendio,-5.4673,-75.599
6143,incendio,-6.2475,-75.8228
6149,no_incendio,-6.536633754882988,-75.61074686603133
6161,incendio,-7.3446,-76.555
6177,no_incendio,-7.588515859914238,-76.24969046906399
6183,incendio,-5.6928,-76.2576
6191,no_incendio,-5.6996412211902,-75.5074681731858
6193,incendio,-7.0454,-76.1739
6202,incendio,-7.3052,-76.9645
6207,incendio,-6.9346,-76.896
6209,incendio,-7.3318,-76.5578
6219,no_incendio,-7.357911846364595,-77.10667831143273
6220,incendio,-7.547,-76.4079
6222,no_incendio,-5.89795943446839,-76.15835756218627
6224,no_incendio,-6.3480305531769075,-76.22097710185248
6238,incendio,-5.7018,-77.3884
6239,incendio,-7.1475,-76.2548
6244,incendio,-7.4727,-76.5989
6246,incendio,-7.0615,-76.8443
6247,no_incendio,-5.523597492537125,-76.54848022376082
6252,incendio,-7.5043,-76.5659
6255,no_incendio,-7.251215765230244,-76.69670530916802
6256,incendio,-6.2608,-76.178
6260,no_incendio,-7.076017752800738,-75.91978389352657
6261,incendio,-5.8632,-75.9072
6265,incendio,-5.7172,-75.7856
6266,incendio,-6.0342,-76.9714
6277,no_incendio,-6.797128032172363,-76.15133853102378
6278,no_incendio,-5.4181719579024135,-75.50050796250098
6282,no_incendio,-6.061671698446887,-76.35844064270319
6285,incendio,-7.2599,-76.7791
6290,no_incendio,-6.937481703505858,-75.66626594730945
6292,no_incendio,-6.607438503581988,-77.25629846979227
6299,incendio,-8.373,-76.3817
6307,no_incendio,-6.586322213980279,-76.11222675311737
6314,incendio,-7.201,-77.5575
6318,no_incendio,-6.12520459976937,-77.49886350154438
6337,incendio,-7.4961,-76.461
6340,incendio,-6.924,-76.876
6344,incendio,-7.172,-77.7971
6351,no_incendio,-7.321172600418316,-77.03516400852085
6352,incendio,-7.4051,-76.6453
6359,no_incendio,-7.340268369426515,-77.43400024997341
6362,incendio,-7.2361,-76.7102
6370,no_incendio,-5.618133364002661,-76.2191295091602
6377,no_incendio,-5.588466979788065,-76.18717580992774
6381,incendio,-8.6712,-76.1484
6390,no_incendio,-5.428382683589806,-76.59712896608411
6391,no_incendio,-6.043030962073811,-76.47604236953148
6393,incendio,-7.1739,-76.4897
6395,incendio,-7.2373,-76.0904
6396,no_incendio,-7.158262650594558,-76.17139715257736
6406,incendio,-8.2257,-77.5686
6423,no_incendio,-6.466287697296756,-75.7075752786908
6425,incendio,-8.3631,-76.273
6428,no_incendio,-7.014702412265873,-76.4405488433982
6433,no_incendio,-6.439732844593629,-76.57320223136172
6442,no_incendio,-6.342272331916268,-77.0355540401251
6458,no_incendio,-6.831471934568246,-75.7875932896481
6464,no_incendio,-6.237716755759431,-77.39156311979332
6467,no_incendio,-6.377843437674785,-75.69894560383477
6468,incendio,-6.0222,-76.3673
6474,no_incendio,-5.626490573988114,-76.90197669049898
6477,no_incendio,-6.480391966428419,-77.42730148887621
6482,incendio,-6.9861,-76.3137
6484,no_incendio,-5.7870347665351245,-76.83855785035811
6496,no_incendio,-6.973841653653549,-76.58656432123784
6500,incendio,-7.3675,-76.7886
6507,incendio,-7.5289,-76.2546
6508,no_incendio,-6.187799355462546,-77.0520465624197
6509,incendio,-7.2145,-76.2407
6516,incendio,-5.9393,-77.0959
6517,incendio,-7.0738,-76.2728
6519,no_incendio,-7.409421605310309,-75.83681236527086
6522,incendio,-7.0819,-76.6962
6526,incendio,-5.7631,-76.1905
6530,no_incendio,-5.925744830854394,-76.62635370808266
6533,no_incendio,-5.3699868320408415,-75.54453001162278
6535,no_incendio,-5.525473635438348,-76.97243620940135
6537,incendio,-7.5392,-76.6806
6541,incendio,-7.3413,-76.7779
6544,incendio,-8.6232,-76.3243
6558,no_incendio,-6.846227548420243,-77.09414313428448
6563,incendio,-7.4241,-76.372
6564,no_incendio,-5.5896376031918615,-76.35252920094948
6566,no_incendio,-6.899424280300874,-76.07403591805503
6568,no_incendio,-6.165139577023006,-77.17733248367045
6569,no_incendio,-6.064542854980353,-77.18213602611725
6577,incendio,-8.093,-76.7289
6587,no_incendio,-7.446777051363318,-75.55823277277759
6588,incendio,-7.7427,-77.7321
6607,incendio,-5.6097,-75.8735
6608,no_incendio,-5.976958562482058,-76.80488821989493
6610,incendio,-6.574,-76.3581
6618,incendio,-8.514,-76.4055
6622,no_incendio,-7.257884674103633,-77.06798922780067
6624,no_incendio,-7.251053016973333,-77.43482372064443
6633,incendio,-6.8286,-76.5571
6635,no_incendio,-6.812854444766214,-76.31590409569822
6636,incendio,-6.3668,-76.6189
6639,no_incendio,-7.180456049019163,-77.4128118764767
6643,no_incendio,-6.931023435575018,-75.82624629253455
6647,no_incendio,-7.573586798987392,-75.72729255411187
6650,incendio,-8.3342,-76.6558
6651,incendio,-7.0873,-76.7907
6654,no_incendio,-6.727275952714791,-77.44889142586435
6658,incendio,-8.6351,-76.1293
6659,no_incendio,-7.327451375962066,-77.03090576588977
6660,no_incendio,-5.409587022918446,-76.44819351401671
6661,no_incendio,-6.896612666946929,-75.75338049940235
6675,incendio,-8.6193,-76.2937
6683,incendio,-5.7102,-77.4925
6684,incendio,-7.2069,-76.6965
6691,incendio,-5.84,-75.9738
6692,no_incendio,-6.234937456831474,-75.55136134306397
6706,no_incendio,-7.238892730733428,-76.47459847040415
6712,no_incendio,-6.971890891507541,-75.84725150741345
6723,incendio,-6.8887,-76.2034
6728,no_incendio,-6.555810705714814,-75.58765246403257
6736,no_incendio,-6.763422719650261,-75.74420107703415
6741,no_incendio,-6.141100932072808,-75.82733820285651
6743,no_incendio,-7.289453419528988,-76.70433724655702
6745,incendio,-6.4502,-75.7463
6754,no_incendio,-6.994951885754811,-75.90892162040349
6757,no_incendio,-6.254046612679011,-76.94445690037632
6764,no_incendio,-7.327169653945901,-75.96963671647885
6768,no_incendio,-7.289453419528988,-76.70433724655702
6769,no_incendio,-6.671769405587168,-77.2003294261131
6770,no_incendio,-6.787051317211901,-77.10628604223226
6774,no_incendio,-7.2373332017811665,-76.09425476964923
6780,no_incendio,-6.53325154649785,-76.75115030969212
6782,no_incendio,-6.6966130629090745,-76.20140385770695
6788,no_incendio,-5.561920884041726,-75.5653879895247
6803,no_incendio,-5.37157572156011,-76.66234225426679
6812,no_incendio,-7.127830025342514,-77.33172299006912
6814,incendio,-6.1679,-76.0327
6826,incendio,-6.4848,-76.3686
6828,incendio,-6.261,-75.8168
6830,no_incendio,-6.7183540623229865,-77.22771131243218
6833,no_incendio,-6.736094048254664,-75.79047035285556
6834,incendio,-7.2747,-77.0593
6839,no_incendio,-6.320061417206358,-76.82643295462363
6845,no_incendio,-7.277740388513622,-77.219832932029
6848,incendio,-8.0602,-75.5682
6852,no_incendio,-5.732633885929664,-76.45507870434784
6855,no_incendio,-6.949275367929126,-77.03979042014342
6856,no_incendio,-7.3680402233360685,-75.9380390323052
6868,no_incendio,-6.324884637478815,-77.29362980195512
6870,incendio,-8.4962,-76.4964
6872,no_incendio,-6.9398975097013755,-76.27516039033146
6875,no_incendio,-6.072304927752775,-76.77556503555117
6877,no_incendio,-7.26944697761503,-76.97064413485722
6882,no_incendio,-7.20916394163281,-76.74882653338932
6883,no_incendio,-5.752288568187965,-75.61867904444058
6888,no_incendio,-7.429446375356516,-77.21947961761848
6893,incendio,-7.108,-76.9761
6896,incendio,-7.1182,-76.9743
6912,incendio,-8.738,-76.1291
6918,no_incendio,-5.501399945972402,-76.12442406721492
6922,no_incendio,-5.908177822401652,-76.8838396640829
6928,incendio,-7.4565,-76.4415
6936,no_incendio,-6.848581850084046,-76.26989214867015
6947,incendio,-6.778,-76.3707
6952,no_incendio,-7.204320146605171,-76.588496910205
6959,incendio,-6.2451,-75.7999
6963,incendio,-8.2758,-76.4587
6964,no_incendio,-6.979782618165886,-76.34280103633438
6966,incendio,-5.7153,-75.6973
6970,incendio,-6.4939,-76.3558
6982,no_incendio,-7.369405359299169,-75.53775524923043
6983,no_incendio,-6.695225096779551,-76.23948893389061
7000,no_incendio,-7.299495014578471,-76.02669026239053
7007,incendio,-7.1183,-76.8037
7015,no_incendio,-5.942412033073392,-76.99723759620795
7019,no_incendio,-6.096039133600909,-76.29380539264065
7028,no_incendio,-6.928184042805378,-76.77151382737259
7029,incendio,-7.4101,-76.6339
7043,incendio,-7.2569,-76.6566
7045,no_incendio,-5.531709345051456,-76.12800515028563
7054,no_incendio,-6.060981828013205,-76.61589601950963
7057,incendio,-7.1181,-76.1766
7071,no_incendio,-6.337630898858479,-77.22298031852678
7082,no_incendio,-6.476078930269108,-76.12579467837428
7083,no_incendio,-6.4548358961700885,-76.10226827896288
7089,incendio,-6.0003,-77.0965
7096,no_incendio,-7.089719383654557,-75.94940066492136
7100,incendio,-7.0258,-76.5972
7104,incendio,-7.2282,-76.7489
7111,incendio,-7.1985,-76.6874
7121,incendio,-7.3344,-76.6742
7126,incendio,-5.8541,-76.2832
7128,no_incendio,-7.193491617772813,-76.90637497057176
7146,incendio,-8.682,-76.1351
7152,incendio,-7.3286,-76.61
7162,incendio,-5.6631,-76.4863
7171,incendio,-7.22,-76.665
7176,no_incendio,-6.440107687486793,-76.71961125303099
7184,incendio,-6.486,-75.7561
7197,incendio,-6.7105,-76.8167
7201,incendio,-6.996,-76.6819
7206,no_incendio,-6.5080063012359775,-75.67913673399867
7212,incendio,-6.2887,-76.3076
7213,no_incendio,-5.569659951211905,-77.11401128748476
7216,no_incendio,-6.068535480190217,-76.55604968607116
7217,no_incendio,-5.577290052521281,-76.32966434490925
7220,no_incendio,-6.638936461882343,-76.98044793632914
7221,incendio,-6.3177,-76.183
7223,no_incendio,-7.564076009944549,-75.89157611790941
7230,incendio,-6.447,-75.737
7231,no_incendio,-6.501541232968051,-77.42157786801864
7236,no_incendio,-6.679897679386204,-77.34823338283437
7238,no_incendio,-6.44311246702837,-76.64720397145403
7245,incendio,-6.9931,-76.5678
7247,incendio,-6.5396,-75.6659
7252,incendio,-5.6878,-77.6022
7255,incendio,-5.7876,-76.3873
7257,no_incendio,-5.7006314608305315,-76.5774762709844
7261,incendio,-7.2511,-76.262
7264,no_incendio,-7.15542529777246,-76.2489354268892
7270,incendio,-6.1999,-76.1433
7276,incendio,-8.0577,-75.6106
7279,no_incendio,-6.141100932072808,-75.82733820285651
7281,no_incendio,-6.2016988445038095,-75.99411742841416
7282,incendio,-7.4969,-76.3815
7286,incendio,-7.3857,-76.8167
7287,no_incendio,-6.645538690996345,-76.24231505313135
7288,incendio,-6.0572,-75.8908
7292,no_incendio,-7.233369543625463,-75.83176043083628
7313,incendio,-5.7535,-77.2998
7318,no_incendio,-7.0294194294183265,-77.09735006276883
7322,no_incendio,-7.143300333347583,-76.01076815200116
7324,incendio,-7.2736,-76.43
7325,incendio,-6.249,-75.8329
7328,incendio,-7.5324,-77.5269
7330,no_incendio,-6.261893490975904,-75.72805069897333
7339,incendio,-5.7127,-75.8984
7340,no_incendio,-5.382192721085108,-75.80513455395052
7343,no_incendio,-7.093257969486561,-77.25013940551041
7344,incendio,-7.4965,-76.5281
7353,no_incendio,-5.432202072011853,-76.59374002276904
7379,incendio,-5.7731,-76.3364
7381,incendio,-8.7622,-76.183
7386,no_incendio,-6.370500555903968,-77.21187079190732
7391,no_incendio,-6.518152554514016,-75.5195810155841
7392,incendio,-8.4051,-77.6094
7399,no_incendio,-5.767577808825913,-75.75625284767814
7402,incendio,-6.5728,-76.1127
7412,no_incendio,-6.467420438436691,-76.19360941434292
7421,no_incendio,-6.982455617549805,-76.38860618436227
7424,no_incendio,-5.607896245919547,-76.37910922472966
7438,incendio,-7.161,-76.9471
7439,no_incendio,-6.266506898778969,-76.33689278886196
7453,incendio,-6.9431,-76.8377
7454,no_incendio,-5.894898869067559,-77.35176843132272
7464,incendio,-6.7385,-76.7489
7482,no_incendio,-7.160701404821328,-77.50258610161559
7484,no_incendio,-7.261878534754229,-75.78596746234152
7488,incendio,-7.6503,-76.4665
7493,no_incendio,-5.4157703002618724,-75.88771884850634
7495,incendio,-7.392,-76.5124
7497,incendio,-7.0123,-76.5177
7501,incendio,-7.2618,-76.7039
7505,no_incendio,-7.391380566669081,-77.4628689446306
7509,incendio,-7.9988,-76.7329
7511,incendio,-7.9793,-76.7296
7525,incendio,-8.2724,-76.6045
7528,incendio,-5.8238,-75.9625
7529,no_incendio,-5.452511328645989,-77.32229773796371
7530,incendio,-7.0542,-76.5877
7535,incendio,-6.9153,-76.6171
7536,incendio,-5.8435,-77.1753
7540,incendio,-7.163,-76.3179
7543,incendio,-6.4879,-75.718
7546,no_incendio,-5.783942671800878,-75.80670959767819
7549,no_incendio,-6.324884637478815,-77.29362980195512
7550,no_incendio,-6.525952464139444,-76.13787075319888
7553,no_incendio,-7.532869703153675,-75.62377754135032
7557,no_incendio,-6.342272331916268,-77.0355540401251
7564,incendio,-7.2435,-76.0811
7567,no_incendio,-6.337630898858479,-77.22298031852678
7572,no_incendio,-6.6817259124413635,-75.77879648666988
7577,no_incendio,-6.967630832661904,-76.66075655259817
7579,incendio,-5.9125,-75.9366
7590,incendio,-6.4895,-76.3647
7593,no_incendio,-6.191430391246121,-75.84894878803162
7595,no_incendio,-6.758060268510353,-77.51884776551792
7602,incendio,-7.6205,-76.5388
7606,no_incendio,-7.086048466965619,-75.60482526516276
7608,no_incendio,-5.976273966695589,-76.89556075922386
7609,no_incendio,-5.572804894965716,-76.96734256320798
7610,no_incendio,-5.946515429749496,-77.17416988943258
7612,incendio,-7.2958,-76.7931
7613,incendio,-7.4598,-76.5402
7616,incendio,-6.5589,-75.9489
7632,no_incendio,-6.050469228584658,-76.73736427886188
7644,no_incendio,-5.428382683589806,-76.59712896608411
7656,incendio,-6.7914,-76.8345
7657,incendio,-6.8582,-76.5046
7662,incendio,-8.5597,-76.4252
7667,incendio,-7.7063,-76.7716
7669,incendio,-7.0523,-76.9664
7678,no_incendio,-7.154379449162653,-76.23880537117174
7684,incendio,-6.4907,-76.3685
7685,no_incendio,-7.110610391202952,-75.57270966365749
7691,incendio,-7.6506,-76.7488
7692,no_incendio,-5.3689055308415,-76.62344622964636
7699,incendio,-7.1954,-76.7609
7707,incendio,-6.7337,-77.491
7713,incendio,-8.6733,-76.9461
7724,incendio,-7.7695,-76.7432
7728,incendio,-6.5931,-76.7433
7729,no_incendio,-6.24237475480212,-75.58560175040829
7734,no_incendio,-5.465266875680572,-76.24842900681286
7751,incendio,-6.6881,-76.3112
7752,incendio,-8.6558,-75.6346
7756,no_incendio,-6.525390337428589,-76.47559277816393
7759,incendio,-7.7186,-76.7709
7774,incendio,-7.4779,-76.2455
7778,incendio,-7.2607,-76.2439
7780,no_incendio,-6.741440234624422,-77.09605125719467
7788,incendio,-8.3709,-76.5421
7793,incendio,-6.4903,-76.3586
7796,no_incendio,-6.949415512269831,-76.30894649629607
7808,no_incendio,-6.715205623153173,-76.11809578650696
7810,incendio,-7.1567,-76.2931
7811,incendio,-8.4704,-76.4408
7818,no_incendio,-5.348479960720765,-76.73008143184053
7820,no_incendio,-6.402069451962711,-76.21591146142134
7824,incendio,-7.3415,-76.7382
7828,incendio,-6.1625,-76.1626
7846,incendio,-8.6556,-76.4681
7858,no_incendio,-6.061679877354346,-76.10414263000189
7860,no_incendio,-7.242465202325818,-76.82313227202141
7867,incendio,-5.8925,-76.1168
7873,incendio,-8.6271,-76.7214
7875,incendio,-7.5973,-76.6446
7882,no_incendio,-6.559793328628168,-75.94281873717337
7899,no_incendio,-5.509842715479968,-77.22974622552158
7913,incendio,-7.2969,-76.5879
7915,no_incendio,-6.061517131296685,-76.40854652459227
7928,incendio,-7.6129,-76.4684
7933,no_incendio,-6.165061446367449,-75.9664591742673
7936,no_incendio,-6.107287203943645,-77.4216594793923
7944,no_incendio,-5.454661580886559,-77.46777785872058
7946,no_incendio,-7.011514074885707,-76.73934268520709
7947,no_incendio,-5.6355072776323825,-77.05987553143974
7955,incendio,-6.6452,-76.6747
7956,no_incendio,-5.518901360296995,-75.83606862844933
7970,no_incendio,-5.665031141499033,-76.55743995217303
7976,no_incendio,-5.5750859368578904,-77.18888026677212
7989,no_incendio,-7.583028139538337,-75.69881965938345
7990,incendio,-8.7209,-76.3755
7995,no_incendio,-6.566852763907717,-76.67622294647774
7996,incendio,-5.6758,-75.8826
8002,incendio,-6.4229,-75.76
8003,no_incendio,-5.918920403880599,-75.94938972977876
8004,no_incendio,-6.135227462144194,-76.4855793054628
8006,no_incendio,-6.834902492352533,-77.15059777266319
8009,no_incendio,-7.429446375356516,-77.21947961761848
8011,incendio,-8.7168,-77.0062
8013,no_incendio,-5.590745607594968,-76.01092904258273
8014,incendio,-7.114,-76.9889
8017,no_incendio,-6.559185707653601,-77.1814362546677
8023,no_incendio,-5.670265351646696,-76.15936780244608
8032,no_incendio,-5.349324419297768,-77.32630960187535
8041,incendio,-6.7819,-76.5059
8044,no_incendio,-6.143493830692505,-76.5408916216836
8051,no_incendio,-7.18387555277713,-76.55534207208011
8066,incendio,-7.0458,-76.9413
8072,no_incendio,-5.9969306066925245,-75.59395245076587
8076,incendio,-8.6032,-76.4199
8080,no_incendio,-5.37157572156011,-76.66234225426679
8082,no_incendio,-7.125442800649086,-77.06151312787605
8085,no_incendio,-7.371625145918922,-75.70238603258082
8087,no_incendio,-7.20916394163281,-76.74882653338932
8092,incendio,-8.0596,-75.5913
8099,no_incendio,-6.763948396418463,-75.5008846760666
8100,no_incendio,-7.117688925300616,-76.79094679252412
8105,no_incendio,-6.187799355462546,-77.0520465624197
8107,no_incendio,-7.354001962679465,-76.87586506840084
8108,no_incendio,-5.4433732153340495,-76.71634375535739
8112,no_incendio,-6.91975600968376,-77.05871610020544
8115,incendio,-6.9226,-76.6492
8117,no_incendio,-6.616039268330141,-77.35690054867337
8119,incendio,-6.252,-75.9652
8122,no_incendio,-6.336768480146276,-75.8898744780929
8132,no_incendio,-5.562529025700048,-76.57485709284715
8137,incendio,-7.0833,-76.9356
8138,incendio,-7.573,-76.6304
8139,incendio,-7.0789,-76.4499
8144,no_incendio,-5.940833223348477,-76.76215332326328
8147,incendio,-7.3874,-76.6456
8154,no_incendio,-5.6897437871119,-77.10615819747757
8163,no_incendio,-6.725956984213016,-76.31094915112595
8164,incendio,-6.3579,-75.8128
8167,no_incendio,-6.876747971648932,-77.24294547673294
8174,no_incendio,-6.677775402102643,-76.83019542388436
8178,no_incendio,-6.326986282349614,-75.6142180056652
8183,no_incendio,-5.739545483497391,-76.77757497448552
8188,no_incendio,-5.307511492937007,-75.87055498280709
8189,no_incendio,-7.369405359299169,-75.53775524923043
8191,no_incendio,-6.735984440425587,-77.00622820601815
8194,no_incendio,-7.353974209500567,-76.635407884227
8195,incendio,-7.7273,-76.4701
8199,no_incendio,-5.9130091622376435,-77.42859659593488
8212,incendio,-7.021,-76.3327
8220,incendio,-8.4709,-76.5053
8222,incendio,-7.2999,-76.2616
8230,incendio,-5.7277,-77.3969
8232,no_incendio,-5.767157423041838,-75.60792843558447
8235,no_incendio,-5.590954776196541,-75.61262101600937
8237,incendio,-6.2232,-75.8642
8246,no_incendio,-6.100924085847581,-75.50738744279523
8249,incendio,-6.4373,-76.5005
8264,incendio,-8.4774,-76.4713
8265,incendio,-6.0646,-75.8299
8266,incendio,-7.2704,-76.3866
8277,incendio,-7.335,-76.5369
8279,incendio,-5.8032,-76.4884
8291,no_incendio,-6.929511458644296,-75.83962565372784
8292,incendio,-6.1065,-76.759
8296,no_incendio,-6.428027041919373,-76.62475957936073
8302,no_incendio,-5.599508739006035,-77.02715299547113
8313,incendio,-6.8773,-76.3508
8317,no_incendio,-6.707120382693278,-76.63620710614674
8318,no_incendio,-6.56442664767728,-76.08300934140289
8319,incendio,-8.4054,-76.4666
8321,no_incendio,-5.661805796480656,-77.53514186743837
8323,incendio,-5.7984,-77.0517
8329,incendio,-6.2776,-75.8662
8334,no_incendio,-5.712666897985722,-76.23826320211337
8345,no_incendio,-6.622512429028128,-75.69288323438259
8347,no_incendio,-6.928184042805378,-76.77151382737259
8348,no_incendio,-7.1291364623253095,-77.04904307212506
8350,no_incendio,-5.369370124540203,-77.53041632467286
8352,no_incendio,-6.564880133008887,-76.55893266226474
8357,incendio,-7.3585,-76.2432
8360,incendio,-7.7124,-76.5049
8369,incendio,-8.3659,-76.5414
8372,no_incendio,-7.489751819531982,-75.96573533227652
8374,no_incendio,-6.188812026219859,-77.47999723724293
8375,incendio,-7.5783,-76.4094
8378,no_incendio,-5.851710851525425,-77.43871611391367
8384,incendio,-7.1124,-76.9951
8385,no_incendio,-5.485150772179796,-77.0821813016382
8388,no_incendio,-7.407523974858453,-76.05767195335137
8396,incendio,-6.8879,-76.2387
8409,no_incendio,-6.547946119465311,-76.58716239935082
8415,incendio,-6.8924,-76.5437
8417,no_incendio,-7.201796098982287,-75.59066106327278
8426,no_incendio,-6.547946119465311,-76.58716239935082
8439,incendio,-8.1643,-77.0504
8441,no_incendio,-5.531494331119256,-75.68693972870032
8446,no_incendio,-6.304617864281926,-76.60193669802109
8451,incendio,-6.6534,-76.2672
8452,incendio,-5.7581,-77.3549
8454,no_incendio,-5.398135296375456,-76.71445247130518
8455,no_incendio,-6.238571072533694,-75.50795501172155
8459,no_incendio,-6.377843437674785,-75.69894560383477
8468,incendio,-6.4799,-75.7693
8482,no_incendio,-5.720724874930588,-76.09066535924033
8483,no_incendio,-5.393926083579098,-77.3710588373999
8488,incendio,-6.1632,-76.1965
8497,no_incendio,-6.591526889483433,-77.26946848843974
8506,no_incendio,-5.77315746853071,-76.36797107270804
8509,incendio,-7.6657,-76.4958
8514,no_incendio,-6.727398434306363,-77.48848492382807
8516,no_incendio,-7.086474485794749,-76.34589785341001
8519,incendio,-7.2511,-76.2198
8521,no_incendio,-5.800663587251775,-77.2156236281296
8524,no_incendio,-6.775573791793621,-76.68783581514383
8529,incendio,-7.4838,-76.6692
8530,no_incendio,-7.560257578514154,-75.8825568546828
8535,incendio,-7.4468,-76.4693
8547,incendio,-6.6713,-75.5854
8549,no_incendio,-7.381229378022176,-76.50096695875145
8552,no_incendio,-6.761574880071224,-76.52109859066432
8569,no_incendio,-7.230653311251528,-76.66188363656903
8571,no_incendio,-6.9338065388714725,-77.51645275784907
8572,no_incendio,-7.381225768944467,-76.16930082038664
8574,incendio,-6.4482,-75.8539
8581,incendio,-8.4588,-76.4079
8582,no_incendio,-6.298521477567302,-76.20182358446478
8583,incendio,-8.7378,-76.7647
8586,no_incendio,-7.080940596432744,-77.316377811303
8589,incendio,-7.3011,-76.5914
8597,incendio,-5.6925,-76.6178
8599,no_incendio,-5.5259385585543805,-76.78474947687066
8602,no_incendio,-6.473718077481412,-77.49661278682977
8606,no_incendio,-7.588515859914238,-76.24969046906399
8613,no_incendio,-5.46295343513328,-75.95414593487065
8620,incendio,-6.0287,-76.3078
8625,no_incendio,-7.14999258790223,-77.27323492320696
8628,incendio,-5.783,-76.1441
8633,no_incendio,-7.593724484851976,-77.34754973911781
8635,incendio,-6.6631,-76.0842
8658,incendio,-8.6117,-76.2853
8667,incendio,-5.7599,-77.3443
8670,incendio,-6.5243,-76.5635
8679,incendio,-7.0105,-76.3749
8688,no_incendio,-6.0746976290586785,-75.57122315970695
8696,incendio,-7.3469,-76.6885
8700,no_incendio,-7.311847282906321,-76.59060620233514
8718,no_incendio,-6.929539925837722,-76.05337955826667
8719,no_incendio,-7.227645324559791,-75.66978466195862
8730,no_incendio,-6.741440234624422,-77.09605125719467
8733,no_incendio,-5.871232465142917,-76.52596915622884
8735,no_incendio,-6.1922155906112035,-75.54995561422898
8736,incendio,-6.9381,-76.2146
8737,incendio,-7.1089,-76.5358
8740,incendio,-6.53,-76.3502
8743,no_incendio,-6.84710555088138,-75.520478621097
8754,no_incendio,-5.863508615293079,-77.5457929030888
8757,incendio,-6.6337,-76.5097
8762,incendio,-7.2647,-76.7261
8767,incendio,-8.149,-76.5943
8769,no_incendio,-6.58181358126526,-75.97994293561052
8774,no_incendio,-5.546093305557506,-76.96305959318578
8784,incendio,-6.7179,-76.7511
8796,no_incendio,-6.4548358961700885,-76.10226827896288
8799,incendio,-6.7139,-76.616
8808,no_incendio,-7.352637322565051,-76.5869966012663
8809,incendio,-7.2723,-76.2244
8818,no_incendio,-5.7826453397308155,-77.3905226367299
8821,no_incendio,-5.87094442046127,-77.0385590368228
8831,no_incendio,-6.447996016247126,-77.41234607167007
8836,incendio,-7.3506,-76.7248
8840,incendio,-7.3482,-76.6976
8849,incendio,-5.6334,-76.6109
8853,incendio,-7.1275,-77.0741
8855,incendio,-7.5486,-76.8468
8856,no_incendio,-6.267765286846349,-75.88438881089547
8858,incendio,-6.1688,-77.7513
8860,no_incendio,-7.193491617772813,-76.90637497057176
8866,incendio,-6.0923,-76.3359
8871,incendio,-6.5263,-77.7512
8873,incendio,-7.0608,-76.8865
8881,incendio,-7.6583,-76.7251
8891,no_incendio,-7.3226422677593845,-76.0064093237638
8892,no_incendio,-7.427821513315094,-77.09535827635182
8911,no_incendio,-7.230653311251528,-76.66188363656903
8922,no_incendio,-5.902847721330155,-77.17634156149673
8927,incendio,-5.3006,-76.121
8929,incendio,-8.2209,-76.6047
8936,no_incendio,-6.770535932670912,-77.17143392593205
8952,incendio,-6.1821,-76.2067
8953,no_incendio,-6.741564716218832,-76.27215624555981
8962,no_incendio,-6.234614825176705,-77.3723732006722
8968,no_incendio,-5.992720265748597,-76.93502157829727
8979,incendio,-8.6681,-76.3429
8985,no_incendio,-6.234614825176705,-77.3723732006722
8989,no_incendio,-6.699363471042822,-76.86169598666291
8992,incendio,-7.1764,-76.0324
8996,no_incendio,-6.3280159994888185,-76.39673641063581
8998,no_incendio,-6.705665824489784,-75.86880266225904
9005,no_incendio,-6.619578652288662,-76.97686198868091
9006,no_incendio,-6.7133301961826755,-75.60854075962672
9008,no_incendio,-5.37157572156011,-76.66234225426679
9026,incendio,-8.6681,-76.4279
9028,incendio,-6.0463,-77.2773
9032,no_incendio,-6.679897679386204,-77.34823338283437
9033,incendio,-8.2667,-76.5854
9035,no_incendio,-7.5990878129892385,-76.01433706050479
9041,no_incendio,-5.309022549050947,-77.11989827113337
9048,no_incendio,-6.564347270784287,-75.8738633840426
9053,no_incendio,-6.591526889483433,-77.26946848843974
9057,no_incendio,-5.937825755560712,-77.54131014900841
9059,no_incendio,-5.965105049339228,-76.99859959497034
9063,incendio,-6.8236,-76.1923
9066,no_incendio,-6.199486560201427,-77.4221153051421
9069,no_incendio,-5.991245342520768,-75.64023187612118
9071,incendio,-7.4856,-76.5373
9079,incendio,-6.3151,-77.7682
9086,incendio,-6.9819,-76.8129
9089,no_incendio,-6.061517131296685,-76.40854652459227
9104,no_incendio,-6.2888093914419265,-77.49498781950011
9108,no_incendio,-5.871823711573395,-77.09814467361281
9112,no_incendio,-7.36388011313037,-77.4640263849402
9124,no_incendio,-6.036634194085042,-76.33475368850613
9129,incendio,-7.3304,-76.3063
9139,no_incendio,-6.645743757749571,-77.31611856562348
9143,incendio,-7.5322,-76.415
9146,no_incendio,-6.1592934714330285,-77.34475903708392
9147,incendio,-7.2567,-76.6287
9150,incendio,-6.8772,-76.5706
9154,no_incendio,-6.260382263964365,-75.66215989353373
9156,no_incendio,-5.594721982840302,-76.73250330554579
9158,incendio,-6.7197,-76.681
9160,no_incendio,-5.70993701267222,-76.39276259470975
9165,no_incendio,-5.366911069115064,-77.28733600522496
9168,incendio,-6.5468,-76.0236
9172,no_incendio,-6.825057480379352,-77.49883680928833
9177,no_incendio,-5.5978889160107626,-76.86708534486174
9179,incendio,-6.3514,-76.6504
9185,no_incendio,-6.763422719650261,-75.74420107703415
9188,incendio,-7.6615,-76.5421
9190,no_incendio,-5.734144568873576,-75.90585662556418
9196,no_incendio,-6.8812608532922095,-77.14870823308875
9202,incendio,-6.9874,-76.544
9209,incendio,-7.1069,-76.7109
9210,incendio,-8.729,-76.2352
9213,incendio,-7.1549,-76.2751
9225,incendio,-7.1844,-76.4783
9230,incendio,-6.799,-76.4461
9235,no_incendio,-5.393627530051222,-76.7881303458327
9243,no_incendio,-6.441502518699965,-76.95262753749782
9245,no_incendio,-7.322815935895123,-76.7836025186051
9252,incendio,-7.71,-76.4969
9260,incendio,-7.471,-76.6889
9261,incendio,-8.4028,-76.4088
9263,incendio,-5.8999,-76.1143
9273,incendio,-7.9219,-75.5024
9284,no_incendio,-5.501399945972402,-76.12442406721492
9288,no_incendio,-6.219703521684984,-76.92758051251145
9291,incendio,-7.1525,-76.4638
9295,no_incendio,-5.592210809875936,-75.85957552026237
9299,incendio,-5.939,-77.0827
9304,no_incendio,-6.949275367929126,-77.03979042014342
9307,incendio,-8.5798,-76.1862
9314,incendio,-6.5849,-76.5754
9316,no_incendio,-6.960986438297525,-76.973990270216
9325,no_incendio,-6.228351070264562,-77.26637950725386
9334,no_incendio,-5.932677032359028,-76.67039982026421
9338,no_incendio,-6.044769424983038,-75.50599138370771
9341,no_incendio,-5.332935425847374,-77.16749151506393
9342,no_incendio,-5.9130091622376435,-77.42859659593488
9346,incendio,-7.0843,-76.778
9347,no_incendio,-5.343847653580683,-76.19643132056173
9350,no_incendio,-5.546093305557506,-76.96305959318578
9355,no_incendio,-5.882379700992915,-75.5521215473338
9364,no_incendio,-6.581475655282046,-76.92813918096854
9367,no_incendio,-7.186570265010596,-75.84461863050306
9378,incendio,-5.7416,-77.3599
9382,incendio,-7.0864,-76.4328
9394,no_incendio,-6.596577810973727,-76.74231910069577
9417,incendio,-5.7332,-76.2733
9419,no_incendio,-6.007112604816549,-77.29204800487722
9422,incendio,-5.7236,-76.1929
9423,no_incendio,-5.420009462532595,-77.54497332899014
9429,no_incendio,-5.590745607594968,-76.01092904258273
9439,no_incendio,-6.833720284532176,-77.09053083344739
9440,incendio,-6.1197,-75.7028
9445,no_incendio,-5.3149529866292395,-75.54616509202799
9449,no_incendio,-7.301995634610949,-77.3052348248029
9450,incendio,-7.12,-76.315
9453,no_incendio,-6.539751025490163,-75.79612657062603
9463,incendio,-6.5814,-75.7377
9469,no_incendio,-6.493728884519305,-75.95080124431671
9471,no_incendio,-7.336551353349131,-77.20883178649431
9478,incendio,-6.7448,-76.6527
9481,no_incendio,-7.374027518305184,-76.32029762844952
9483,incendio,-7.1166,-76.9678
9491,incendio,-7.1552,-76.3816
9493,no_incendio,-5.900355019577343,-76.50972621036057
9498,no_incendio,-6.66812028796298,-76.15230026038583
9501,no_incendio,-6.5749903992962055,-76.89683303442592
9502,incendio,-7.399,-76.6113
9517,no_incendio,-7.456346722108078,-76.20342873895703
9522,no_incendio,-6.9213010558098045,-76.33886424086654
9523,no_incendio,-6.441902560534528,-76.15943969390888
9526,no_incendio,-5.846023239980903,-75.59058432825728
9541,no_incendio,-6.44311246702837,-76.64720397145403
9542,incendio,-7.3656,-76.5925
9545,no_incendio,-7.564076009944549,-75.89157611790941
9548,incendio,-7.3504,-76.783
9549,no_incendio,-6.672836316039594,-77.21035813191263
9551,no_incendio,-6.38076556073537,-76.97858606969272
9564,incendio,-7.2669,-76.6993
9568,no_incendio,-5.501399945972402,-76.12442406721492
9570,no_incendio,-6.491284059337684,-76.25746904489338
9571,no_incendio,-5.861691315967814,-75.99243493644171
9577,incendio,-6.9214,-76.8584
9583,incendio,-6.1349,-77.2064
9594,no_incendio,-5.629475532551382,-77.50061748638073
9607,incendio,-7.5021,-76.4792
9614,incendio,-6.4965,-75.7693
9620,no_incendio,-7.43096053916798,-75.91112977240851
9623,incendio,-5.7023,-75.8348
9626,no_incendio,-6.165139577023006,-77.17733248367045
9635,no_incendio,-6.174948624269397,-76.36859139619342
9639,no_incendio,-6.8808047229850295,-76.28180482094469
9657,incendio,-8.4639,-76.2978
9662,incendio,-7.4005,-76.8755
9664,incendio,-6.6304,-76.7592
9666,no_incendio,-5.403821247036303,-76.32388095777216
9669,incendio,-7.1488,-77.1032
9675,no_incendio,-7.299495014578471,-76.02669026239053
9679,no_incendio,-6.980365789444828,-76.90654360978435
9687,no_incendio,-6.076651418507213,-75.99938351654062
9701,incendio,-7.0034,-76.8443
9707,no_incendio,-5.541112522183527,-75.99676308138659
9711,no_incendio,-7.417769459056535,-76.0278387197161
9720,no_incendio,-6.04175420458928,-75.6154818462728
9724,no_incendio,-7.5348116135080625,-76.04270078901092
9727,incendio,-6.3434,-76.4986
9728,no_incendio,-7.180514878638644,-76.37224014179314
9739,no_incendio,-7.269040165613338,-76.9103123983766
9741,no_incendio,-6.931023435575018,-75.82624629253455
9743,no_incendio,-7.217469611041255,-75.6059674027119
9772,incendio,-6.833,-76.6988
9774,no_incendio,-6.284005972985306,-75.8733537299608
9777,incendio,-7.257,-76.6041
9778,no_incendio,-6.853423603407918,-76.51175603217372
9780,incendio,-6.1012,-77.0064
9802,no_incendio,-5.40191525194851,-77.41832441514279
9804,incendio,-5.7427,-77.5177
9809,incendio,-7.2901,-77.0588
9814,incendio,-7.1126,-76.9792
9815,no_incendio,-6.959314262350769,-76.76578066872496
9818,incendio,-6.7594,-76.4949
9825,no_incendio,-5.4433732153340495,-76.71634375535739
9826,incendio,-8.5533,-76.3455
9827,incendio,-6.2857,-75.7958
9828,no_incendio,-7.301995634610949,-77.3052348248029
9830,no_incendio,-5.4986752575716835,-76.99704879250469
9837,no_incendio,-7.508226717447944,-76.74892470083597
9842,incendio,-6.2021,-75.959
9843,incendio,-8.5624,-76.3582
9845,no_incendio,-5.941437702339227,-76.71661667859928
9848,no_incendio,-6.880264689541971,-77.33984954598883
9853,incendio,-7.2065,-77.0253
9857,incendio,-5.7571,-76.2856
9865,incendio,-7.1918,-76.2804
9870,incendio,-7.545,-76.4075
9873,no_incendio,-5.772447993979731,-76.76825761036689
9875,no_incendio,-7.082610644878744,-76.41583738866235
9880,no_incendio,-5.6874479423727555,-75.79801976537915
9891,incendio,-6.3801,-75.7525
9898,no_incendio,-6.480391966428419,-77.42730148887621
9900,no_incendio,-6.777084363074236,-76.9625637860872
9907,incendio,-5.663,-76.3013
9913,no_incendio,-6.124908546496211,-75.75141276131208
9916,incendio,-6.373,-75.9561
9919,incendio,-5.695,-76.1749
9921,no_incendio,-5.902840695958739,-77.46595018427229
9925,incendio,-8.6295,-76.4548
9927,incendio,-6.0521,-75.94
9939,incendio,-8.1845,-76.5965
9940,no_incendio,-6.673178207902485,-77.4048318758823
9942,incendio,-6.985,-76.6161
9949,no_incendio,-7.1816270512499,-75.96620433389496
9953,no_incendio,-7.587620813063947,-76.03285942876866
9959,no_incendio,-6.001439366513391,-76.98820534580602
9978,incendio,-6.1769,-77.006
9984,no_incendio,-6.904145543477711,-77.38998183817624
9992,no_incendio,-6.212102855046136,-76.68622274401635
9994,incendio,-7.9018,-76.7004
9996,no_incendio,-5.9130091622376435,-77.42859659593488
9998,incendio,-7.3,-75.5521
10004,no_incendio,-5.720724874930588,-76.09066535924033
10005,incendio,-6.0735,-75.9759
10011,incendio,-6.3572,-75.5878
10013,incendio,-6.5515,-76.2939
10016,incendio,-6.6384,-76.7865
10029,no_incendio,-6.931023435575018,-75.82624629253455
10031,incendio,-6.5251,-76.5737
10033,incendio,-7.6804,-76.7609
10036,no_incendio,-5.592455159672106,-77.05696823462097
10040,incendio,-6.8958,-76.8761
10043,no_incendio,-7.173287597971678,-76.70987433367677
10052,no_incendio,-5.612907306182736,-76.9815155721773
10056,no_incendio,-5.703527630485487,-76.04599898833253
10057,incendio,-7.3221,-76.2563
10064,no_incendio,-6.671397085491674,-75.72724206195927
10071,no_incendio,-7.447641034854349,-75.90762090121981
10081,no_incendio,-6.107814853885202,-77.33817072189056
10082,incendio,-6.7632,-76.4427
10085,incendio,-7.1917,-76.8064
10087,incendio,-5.7425,-77.3873
10091,no_incendio,-6.095756407316532,-77.30841425266888
10093,no_incendio,-6.685185816424632,-76.91349326123884
10098,incendio,-7.2913,-76.6194
10099,no_incendio,-7.3680402233360685,-75.9380390323052
10101,no_incendio,-5.394785578322833,-77.00358788486766
10115,no_incendio,-5.374155680654134,-76.14052405499798
10123,incendio,-7.1197,-76.5753
10126,incendio,-7.3638,-76.4601
10132,no_incendio,-7.161262686753078,-75.93223007605604
10133,no_incendio,-7.208457886315255,-75.76495343289794
10134,incendio,-7.173,-76.7481
10138,incendio,-5.7419,-77.4367
10146,incendio,-5.825,-76.5521
10147,incendio,-5.902,-76.1126
10148,no_incendio,-7.1816270512499,-75.96620433389496
10151,no_incendio,-7.110610391202952,-75.57270966365749
10155,incendio,-6.4962,-76.3632
10158,no_incendio,-6.467350712480753,-77.13922176575424
10164,incendio,-5.7255,-76.4121
10165,incendio,-6.3728,-75.7204
10169,incendio,-5.9085,-77.389
10171,no_incendio,-7.537645825070388,-77.33447245653781
10175,incendio,-7.3464,-76.5453
10177,no_incendio,-7.4811756669415,-76.01564428333117
10181,no_incendio,-6.064542854980353,-77.18213602611725
10186,incendio,-8.2704,-76.4904
10190,incendio,-5.9043,-75.8775
10205,no_incendio,-6.883760214306626,-75.62202390814382
10206,incendio,-8.5761,-76.1245
10217,incendio,-6.6974,-76.6732
10219,no_incendio,-6.938909457059822,-76.15534082596828
10220,incendio,-6.5937,-76.7532
10224,no_incendio,-6.256015929782314,-76.34693713254352
10227,incendio,-6.0834,-76.2947
10241,incendio,-6.0431,-75.9858
10249,no_incendio,-5.945782975612446,-75.78933619991895
10254,no_incendio,-6.053663067143272,-77.25400416625581
10260,incendio,-7.2714,-76.38
10262,no_incendio,-6.452984723571151,-76.97534564539009
10263,incendio,-5.4785,-76.7647
10269,no_incendio,-7.327169653945901,-75.96963671647885
10272,no_incendio,-7.000863457307533,-75.58957693762711
10278,incendio,-8.7162,-76.335
10284,no_incendio,-5.531494331119256,-75.68693972870032
10287,no_incendio,-6.9177745399597805,-77.27712831962272
10290,incendio,-6.1633,-76.3464
10296,no_incendio,-6.269350897351528,-76.17554961545872
10297,incendio,-6.2349,-76.1355
10299,no_incendio,-5.362697688980843,-76.37235425327088
10302,incendio,-7.2949,-76.5914
10303,incendio,-8.2644,-76.3544
10304,no_incendio,-5.801578937835275,-76.51381524721576
10308,no_incendio,-6.677016361068433,-76.35596462138518
10310,incendio,-7.4767,-76.452
10319,no_incendio,-6.518152554514016,-75.5195810155841
10321,incendio,-6.7195,-76.8981
10335,incendio,-6.9312,-76.6158
10341,incendio,-7.4392,-77.6768
10348,no_incendio,-5.926705485124891,-75.77709994653331
10350,no_incendio,-6.7392978420431415,-76.19966664513106
10358,incendio,-7.5988,-76.7212
10360,incendio,-7.8721,-75.5143
10363,no_incendio,-6.644983818759033,-76.97235660144274
10365,incendio,-7.3426,-76.5959
10367,no_incendio,-7.311847282906321,-76.59060620233514
10371,no_incendio,-6.327343874329971,-76.29354784738233
10375,incendio,-5.9073,-76.3697
10376,incendio,-7.0559,-76.4488
10410,incendio,-6.4916,-76.3797
10420,incendio,-7.0761,-76.2868
10427,incendio,-6.1874,-76.0292
10429,incendio,-8.5878,-76.1247
10431,incendio,-6.7603,-77.4101
10451,no_incendio,-7.095024308236621,-76.98915064415999
10453,incendio,-6.8059,-76.6319
10455,no_incendio,-5.404889796153065,-75.52356189843724
10456,incendio,-5.5533,-76.6899
10463,incendio,-7.399,-76.5635
10464,no_incendio,-6.9303848627730344,-77.0665622069992
10474,no_incendio,-7.442180034070876,-75.92683774273232
10484,incendio,-7.5114,-76.627
10486,no_incendio,-6.1029066882194485,-77.35334666324442
10490,no_incendio,-6.400727870765625,-77.48420741846027
10492,incendio,-6.1251,-77.2282
10493,incendio,-7.2281,-76.7688
10502,no_incendio,-5.384324497906241,-76.81955746951022
10509,incendio,-7.37,-76.7418
10510,no_incendio,-6.576004984769571,-77.51523302793387
10511,no_incendio,-5.623597121632923,-75.81781716667395
10529,incendio,-7.1554,-77.014
10533,incendio,-6.1788,-76.0127
10535,incendio,-6.9127,-76.6638
10544,incendio,-6.4957,-76.3626
10548,incendio,-5.7136,-76.6735
10551,incendio,-6.0014,-75.7232
10569,incendio,-7.6852,-76.4853
10572,no_incendio,-5.65117658577255,-75.62263099163508
10579,incendio,-7.292,-76.5597
10584,no_incendio,-7.511017054186108,-77.44217334143556
10585,no_incendio,-7.415686202537784,-75.85189468645096
10586,incendio,-6.8459,-76.6138
10587,no_incendio,-6.252480366224789,-76.488140203218
10599,no_incendio,-5.482360092898033,-75.75875593827813
10616,no_incendio,-7.108875568796339,-76.54317690372051
10618,incendio,-5.6161,-76.0321
10621,incendio,-6.9851,-76.5768
10635,incendio,-8.6472,-75.6332
10636,incendio,-7.0537,-76.9762
10637,incendio,-8.266,-76.3661
10643,incendio,-8.444,-76.4189
10649,incendio,-7.0916,-76.4182
10653,no_incendio,-7.4811756669415,-76.01564428333117
10654,no_incendio,-7.143611941895854,-76.83926289395374
10659,no_incendio,-5.855822399079694,-75.69747959221154
10661,incendio,-8.605,-75.5869
10662,incendio,-5.6258,-76.4296
10680,incendio,-7.2317,-76.712
10698,incendio,-7.6996,-76.7995
10699,no_incendio,-5.759511577701185,-76.14983081507849
10704,no_incendio,-7.433177363041198,-76.83037064638081
10709,no_incendio,-5.629475532551382,-77.50061748638073
10714,no_incendio,-7.122938851987355,-76.92917682268381
10724,no_incendio,-5.647813944563046,-75.98631579821414
10728,incendio,-6.0707,-75.965
10734,no_incendio,-6.010451782777754,-76.65548557621318
10736,incendio,-6.4881,-75.7664
10737,no_incendio,-6.402507911708669,-75.63264270737905
10746,incendio,-6.6528,-76.6509
10753,no_incendio,-5.916934623864143,-76.40108482987945
10755,no_incendio,-5.562529025700048,-76.57485709284715
10761,no_incendio,-5.763287542306629,-76.16197141222403
10768,no_incendio,-7.6003471250061425,-76.18857699535684
10778,no_incendio,-7.5842496329608995,-75.57404179177915
10779,no_incendio,-6.063333052679301,-77.2619056071794
10780,incendio,-7.5275,-76.4525
10784,no_incendio,-5.691703950902071,-76.93733770607169
10785,incendio,-5.6801,-76.1776
10792,no_incendio,-6.660380391800162,-76.4974881056194
10795,incendio,-7.1543,-77.7629
10808,incendio,-6.985,-76.5358
10818,no_incendio,-6.625422961334142,-76.70627380489785
10833,incendio,-8.4234,-76.4881
10839,incendio,-8.5011,-76.2363
10851,incendio,-8.6509,-76.1921
10860,incendio,-5.5,-75.8007
10864,no_incendio,-7.174304209114396,-76.54277799438324
10866,incendio,-5.8109,-76.2098
10868,incendio,-6.4903,-76.7903
10890,incendio,-6.1058,-76.3888
10904,incendio,-7.5877,-76.6461
10910,incendio,-7.4116,-76.6232
10917,incendio,-6.3839,-76.0054
10918,incendio,-7.2,-76.7512
10925,incendio,-6.8974,-76.536
10929,no_incendio,-6.080706501829642,-77.17715903994046
10931,incendio,-7.293,-76.233
10937,incendio,-7.2503,-76.814
10939,no_incendio,-7.392389482278091,-76.3604718116053
10949,incendio,-5.8455,-76.3636
10953,no_incendio,-6.893380079192219,-76.030920773184
10954,incendio,-8.0275,-76.7534
10957,no_incendio,-6.895407353104692,-76.79676810992372
10964,no_incendio,-7.324938939394847,-75.95193264911674
10969,incendio,-5.7354,-75.9808
10973,no_incendio,-6.4776266103105895,-77.14737002070362
10974,incendio,-6.1482,-76.2591
10977,no_incendio,-6.88204939673875,-76.47181029595973
10984,no_incendio,-6.400338002031925,-76.1292712340201
10990,incendio,-7.4668,-76.5272
10994,no_incendio,-6.4643629782720495,-76.22804730377794
10995,incendio,-7.3712,-76.4102
10997,no_incendio,-5.855088798772725,-76.8781669555971
11001,incendio,-8.5337,-76.4152
11023,no_incendio,-7.0294194294183265,-77.09735006276883
11032,no_incendio,-6.114431837075887,-77.3791914454974
11035,no_incendio,-5.3170098474698,-75.90718083995199
11043,incendio,-8.5319,-76.3842
11044,no_incendio,-6.974678823081742,-77.45775985292939
11046,no_incendio,-7.233124705417647,-77.12066793132318
11049,no_incendio,-6.684698936601428,-75.64362761188839
11050,incendio,-7.8725,-76.7189
11064,no_incendio,-7.143611941895854,-76.83926289395374
11076,no_incendio,-5.5369399299131885,-77.31171501653961
11081,no_incendio,-5.37157572156011,-76.66234225426679
11082,no_incendio,-6.011348651194169,-77.43448041427209
11084,no_incendio,-6.543469703142076,-77.05698988429933
11086,no_incendio,-6.948889791528075,-76.04658173737485
11087,no_incendio,-6.100924085847581,-75.50738744279523
11090,no_incendio,-5.977250221064096,-76.70445078164089
11098,incendio,-7.3395,-76.0631
11099,no_incendio,-5.388346448693102,-76.72150148992378
11103,incendio,-5.8653,-75.907
11124,incendio,-7.6593,-76.719
11128,incendio,-6.1871,-75.916
11132,incendio,-6.0252,-77.1713
11134,incendio,-7.2767,-76.3498
11136,no_incendio,-6.623625617650361,-76.4412657181978
11141,no_incendio,-6.023168032179068,-77.26981479042486
11144,incendio,-6.3155,-75.9047
11148,no_incendio,-6.032904107983954,-75.67491532543472
11149,no_incendio,-5.701666858501454,-75.71059369687181
11152,no_incendio,-7.086048466965619,-75.60482526516276
11164,incendio,-6.3483,-75.9155
11174,incendio,-7.3439,-76.7854
11192,incendio,-7.3061,-76.6067
11203,no_incendio,-7.103154809386207,-75.80011378156274
11210,incendio,-7.2946,-75.5003
11212,incendio,-6.9362,-76.4642
11223,incendio,-7.3971,-76.7023
11225,incendio,-6.421,-76.5158
11230,incendio,-6.5903,-76.533
11231,incendio,-7.3114,-75.523
11235,no_incendio,-6.210262345134658,-77.11424996637882
11237,incendio,-7.1833,-76.6422
11244,no_incendio,-6.446499470618798,-75.63834110129498
11251,incendio,-7.1654,-77.7773
11253,incendio,-5.9435,-77.1212
11270,no_incendio,-6.589846765006126,-76.67564163824959
11273,incendio,-7.4819,-76.52
11277,incendio,-7.7609,-76.6967
11280,incendio,-5.6889,-77.438
11282,incendio,-8.6622,-76.3558
11284,incendio,-8.6195,-76.6938
11286,incendio,-7.2611,-76.2465
11288,no_incendio,-6.522871972647179,-77.1088712424184
11292,incendio,-7.5697,-76.4238
11295,no_incendio,-7.221811632536515,-77.44262630315019
11300,no_incendio,-5.976563784411299,-76.98024729252694
11306,incendio,-5.6763,-76.2547
11312,no_incendio,-6.801666192426729,-76.32704638741743
11324,incendio,-6.0495,-75.8178
11329,no_incendio,-7.4500171761306255,-77.030145813453
11333,incendio,-6.1936,-76.2815
11336,incendio,-5.689,-76.6393
11340,no_incendio,-6.781601843650596,-77.34861421933648
11351,no_incendio,-5.658384235826694,-76.44208065955317
11352,no_incendio,-7.509252354285814,-75.54465114823546
11360,incendio,-6.542,-75.661
11369,no_incendio,-5.406105166280382,-76.83363539988324
11372,incendio,-7.4125,-76.5484
11374,incendio,-7.1413,-76.0899
11389,incendio,-7.1366,-76.9057
11413,incendio,-7.2008,-77.0657
11428,no_incendio,-7.27421571842906,-77.20818796800718
11431,no_incendio,-5.881820929193948,-76.58450370780717
11436,incendio,-6.7895,-76.8244
11437,no_incendio,-6.7988040085111265,-76.15084820178622
11447,incendio,-5.7712,-76.408
11450,no_incendio,-6.589390257699646,-75.6408986952127
11460,incendio,-8.5515,-76.4866
11462,incendio,-6.3907,-75.8103
11465,no_incendio,-6.328050055589178,-77.0850887708193
11467,no_incendio,-6.007162927883913,-76.5503319635523
11468,no_incendio,-6.060981828013205,-76.61589601950963
11469,incendio,-6.9069,-76.6221
11477,incendio,-6.6348,-76.6801
11484,incendio,-6.1563,-76.0392
11504,incendio,-8.5116,-77.558
11505,incendio,-7.5474,-76.7787
11506,incendio,-7.1878,-77.024
11508,incendio,-6.7674,-76.1324
11509,incendio,-7.2335,-76.3914
11516,incendio,-7.4306,-76.6197
11519,incendio,-6.3701,-75.7851
11520,incendio,-6.0661,-77.1657
11526,incendio,-8.098,-76.779
11531,no_incendio,-6.266506898778969,-76.33689278886196
11532,no_incendio,-5.637143675477756,-76.46390106880192
11534,no_incendio,-5.3149529866292395,-75.54616509202799
11546,no_incendio,-6.768773690834417,-77.41433372649782
11558,incendio,-6.0384,-75.9615
11563,incendio,-6.6865,-76.4817
11564,no_incendio,-5.546093305557506,-76.96305959318578
11566,incendio,-7.6258,-76.7854
11570,no_incendio,-5.576377400601263,-76.00886183713747
11574,no_incendio,-5.432202072011853,-76.59374002276904
11577,incendio,-8.6966,-76.9368
11587,no_incendio,-5.867404604520736,-75.92995443578674
11589,no_incendio,-6.134868701694113,-76.84593822630983
11590,no_incendio,-7.319106221775668,-76.84964608294781
11591,no_incendio,-6.9177745399597805,-77.27712831962272
11597,no_incendio,-5.778538304462726,-77.27874829265495
11618,incendio,-7.5448,-76.4381
11626,incendio,-6.4337,-75.9399
11628,incendio,-7.4597,-76.6689
11633,incendio,-6.1605,-75.9076
11636,no_incendio,-6.961563570088446,-77.02222304631809
11642,incendio,-6.7901,-76.6309
11651,no_incendio,-7.216614993286788,-77.03461698814449
11661,incendio,-6.6377,-76.7156
11665,no_incendio,-5.463870053471811,-75.65012298252523
11666,no_incendio,-6.589846765006126,-76.67564163824959
11675,no_incendio,-5.688886934346843,-77.36422749238871
11679,no_incendio,-5.546093305557506,-76.96305959318578
11681,no_incendio,-6.434453669791493,-76.35359643649942
11684,incendio,-8.3863,-76.4597
11685,incendio,-5.4384,-76.7797
11686,no_incendio,-5.798251230559933,-76.03303003317315
11688,no_incendio,-5.798404361194972,-75.81527300196596
11689,incendio,-6.4932,-75.933
11691,no_incendio,-6.185102706019143,-75.78932803542219
11692,incendio,-7.5122,-76.3564
11694,incendio,-6.073,-75.9751
11696,incendio,-6.3709,-76.0949
11698,no_incendio,-6.702659611656615,-77.00358407805038
11700,incendio,-5.7088,-75.8982
11705,no_incendio,-7.316542689651407,-77.09719219444501
11713,no_incendio,-7.26944697761503,-76.97064413485722
11729,no_incendio,-6.6308882191110055,-76.3915553322726
11732,no_incendio,-7.224623096753857,-76.90340581488266
11733,no_incendio,-5.968870459553349,-76.92149677654932
11734,incendio,-5.8119,-77.3546
11737,incendio,-7.4656,-76.4889
11743,no_incendio,-5.397948781588011,-77.53247141487635
11752,incendio,-7.4244,-76.5765
11753,no_incendio,-6.606179550023269,-77.17612767759138
11757,incendio,-7.3877,-76.3921
11760,incendio,-6.6955,-77.5627
11766,incendio,-7.4321,-76.4565
11776,incendio,-8.3919,-76.297
11778,incendio,-6.7296,-76.6385
11787,incendio,-8.743,-76.3436
11796,no_incendio,-7.010242517235748,-76.48324440357516
11797,no_incendio,-6.709534503439617,-76.66045732733674
11798,no_incendio,-6.726779286673033,-77.03336380719702
11801,no_incendio,-5.743346331540995,-77.34641722204898
11805,no_incendio,-5.846023239980903,-75.59058432825728
11808,no_incendio,-6.948889791528075,-76.04658173737485
11813,incendio,-5.3021,-76.481
11819,incendio,-7.6958,-76.7412
11822,no_incendio,-5.882545131668422,-77.4252687375934
11824,no_incendio,-5.634222890340759,-76.43789808900263
11826,no_incendio,-6.557560588378224,-76.50430262965486
11829,no_incendio,-7.25129246536618,-76.47983941905308
11831,no_incendio,-7.192676000546934,-77.13476748134192
11833,incendio,-8.2083,-77.437
11839,no_incendio,-6.095756407316532,-77.30841425266888
11851,no_incendio,-6.469524270312644,-76.04017356223993
11856,incendio,-5.6688,-76.254
11862,incendio,-8.4369,-76.7773
11863,no_incendio,-5.739591127784566,-75.99955564974134
11867,incendio,-5.7014,-75.8759
11875,no_incendio,-6.741564716218832,-76.27215624555981
11878,incendio,-5.7726,-76.5289
11879,no_incendio,-6.150817748541318,-77.2743773218178
11887,no_incendio,-6.741427767846081,-75.52300413513564
11890,no_incendio,-7.265246187084699,-76.5857245979165
11893,incendio,-8.6645,-76.7884
11898,no_incendio,-5.434734993358147,-76.94653262890384
11942,no_incendio,-6.543996709664201,-75.77625931317041
11946,no_incendio,-5.500738315784995,-75.59662427893288
11949,incendio,-6.7176,-76.6361
11951,no_incendio,-7.23268535501901,-75.71791421763211
11958,no_incendio,-6.9560251993392335,-75.65244127896328
11962,no_incendio,-6.493728884519305,-75.95080124431671
11972,no_incendio,-6.918732727057085,-75.61509017346891
11976,incendio,-7.4066,-76.8029
11993,no_incendio,-5.326931537697329,-77.25175106818679
12004,incendio,-6.8706,-76.618
12005,no_incendio,-5.886501214348173,-76.17373588365827
12013,incendio,-7.2261,-76.1222
12016,incendio,-5.7931,-76.5411
12019,incendio,-8.6877,-76.6927
12026,no_incendio,-6.424628672692531,-76.43252138876545
12034,no_incendio,-5.5750859368578904,-77.18888026677212
12036,incendio,-6.1647,-76.8121
12039,no_incendio,-6.237093114939267,-75.7117789331342
12053,incendio,-5.8313,-76.3192
12054,no_incendio,-7.0852919010703905,-76.44513634305123
12058,no_incendio,-6.3480305531769075,-76.22097710185248
12063,incendio,-6.4848,-76.5984
12080,no_incendio,-6.329066895240967,-77.1289458150613
12091,no_incendio,-7.245236344594437,-75.87140818649081
12095,no_incendio,-7.25129246536618,-76.47983941905308
12097,no_incendio,-6.097161064451766,-76.22638691915272
12099,incendio,-8.4697,-76.2005
12112,no_incendio,-5.533837838145786,-75.72558753064112
12119,no_incendio,-6.6084019823282665,-76.06077967767854
12126,incendio,-5.9011,-76.1093
12130,no_incendio,-5.6909060907931215,-77.03642215530066
12133,incendio,-8.2397,-76.4916
12135,no_incendio,-5.882916892819359,-76.86515934904114
12137,incendio,-5.8013,-76.0912
12145,no_incendio,-7.298951884711561,-75.8714337322258
12147,incendio,-6.9923,-76.1225
12158,no_incendio,-5.880891988248802,-77.50381327072611
12161,no_incendio,-5.487830888913878,-75.70248261618342
12163,incendio,-6.8791,-76.4743
12170,incendio,-7.4302,-76.5522
12171,no_incendio,-6.377187733554232,-75.74684740899566
12173,incendio,-6.8511,-76.5549
12181,incendio,-8.4122,-76.2315
12183,no_incendio,-7.342552043846658,-77.45073212658029
12189,no_incendio,-7.232373566693578,-77.33989801092913
12198,no_incendio,-6.000913642665956,-77.14500157376662
12200,incendio,-7.6271,-76.7029
12205,no_incendio,-5.473631906137981,-76.93641473945902
12208,incendio,-5.9335,-76.4409
12215,incendio,-6.725,-76.5098
12224,incendio,-6.3005,-75.8487
12228,incendio,-8.5301,-77.361
12230,no_incendio,-5.8115954954872135,-76.36754698151917
12234,no_incendio,-6.479517291884607,-77.31045667927476
12235,no_incendio,-5.582283481453623,-75.95562633397932
12241,no_incendio,-6.228351070264562,-77.26637950725386
12246,no_incendio,-6.189738223688629,-76.63044449970681
12250,incendio,-6.0315,-75.7862
12273,incendio,-6.9802,-76.1249
12275,incendio,-7.247,-76.2735
12278,no_incendio,-6.1773004933773406,-76.41533827057219
12279,incendio,-6.9051,-76.1764
12282,incendio,-6.3203,-76.3281
12286,no_incendio,-6.043030962073811,-76.47604236953148
12287,no_incendio,-6.20119371633988,-76.87236267556213
12288,incendio,-7.2591,-76.7
12289,incendio,-5.8628,-77.0552
12300,incendio,-7.3666,-76.7749
12305,no_incendio,-6.371807438398121,-75.97041325819922
12308,no_incendio,-5.69836641593065,-75.72287872908569
12309,no_incendio,-7.19668087361042,-76.2603633805298
12320,no_incendio,-5.621781873154133,-75.59201486751932
12326,incendio,-5.895,-76.1175
12327,no_incendio,-7.443277568920015,-75.95948688269024
12329,no_incendio,-5.70993701267222,-76.39276259470975
12331,no_incendio,-7.475413502587504,-75.52501286015236
12332,no_incendio,-6.939438225282601,-76.80786345912996
12337,incendio,-5.7682,-76.3973
12339,no_incendio,-5.582283481453623,-75.95562633397932
12343,no_incendio,-5.472585153492127,-77.10655294749147
12347,no_incendio,-5.62794321017974,-76.97851232659868
12355,incendio,-7.4434,-76.3636
12357,no_incendio,-7.233124705417647,-77.12066793132318
12360,no_incendio,-6.998414939340265,-75.67912715079014
12363,no_incendio,-7.349457434232458,-77.2287510721594
12383,incendio,-6.9319,-76.9128
12387,no_incendio,-5.323979357908248,-75.76496426046252
12389,incendio,-7.4449,-76.815
12393,no_incendio,-6.982455617549805,-76.38860618436227
12399,no_incendio,-7.357911846364595,-77.10667831143273
12400,no_incendio,-6.092332930769818,-77.53250095731846
12413,no_incendio,-7.343476837968453,-76.86299220846689
12415,no_incendio,-7.378012032391012,-77.45917085361808
12417,incendio,-8.6056,-76.6601
12418,incendio,-6.4085,-75.7391
12421,no_incendio,-6.918732727057085,-75.61509017346891
12422,no_incendio,-6.1476999130544865,-77.34007485362595
12440,incendio,-7.166,-77.0758
12441,no_incendio,-6.846227548420243,-77.09414313428448
12444,incendio,-5.9,-76.1132
12446,incendio,-6.8143,-76.7876
12452,no_incendio,-6.178368777472011,-76.33706394423045
12467,incendio,-7.3238,-76.5465
12468,no_incendio,-6.490435100183895,-76.04212659409674
12473,no_incendio,-5.561920884041726,-75.5653879895247
12480,no_incendio,-7.343476837968453,-76.86299220846689
12488,incendio,-5.4689,-76.6345
12492,incendio,-7.3352,-76.7004
12493,incendio,-5.8166,-76.5107
12494,no_incendio,-6.473718077481412,-77.49661278682977
12495,incendio,-7.1775,-76.734
12500,no_incendio,-6.2888093914419265,-77.49498781950011
12501,no_incendio,-6.217977569363936,-76.69976022852224
12510,incendio,-7.2595,-76.9722
12521,no_incendio,-6.590197592397879,-75.98025100323518
12523,incendio,-6.1619,-76.1871
12530,incendio,-7.4767,-76.402
12531,incendio,-7.5702,-76.4196
12536,no_incendio,-6.3280159994888185,-76.39673641063581
12542,no_incendio,-7.288794185700048,-76.06129578328853
12546,no_incendio,-5.608145245385959,-76.22898397370268
12547,no_incendio,-7.14999258790223,-77.27323492320696
12551,no_incendio,-6.699009805364948,-77.20530585140459
12560,incendio,-5.9034,-76.1174
12578,incendio,-6.007,-75.8166
12587,incendio,-6.3397,-76.0079
12591,no_incendio,-7.4286037527901305,-75.69674631092113
12593,incendio,-7.2104,-76.3607
12605,incendio,-7.6098,-76.4147
12607,no_incendio,-6.248030507497377,-77.52671049342304
12608,no_incendio,-6.250766771982882,-76.67346707047133
12620,incendio,-7.4309,-76.6416
12623,incendio,-8.0453,-76.6939
12629,no_incendio,-5.389176452484517,-75.81151917065094
12636,no_incendio,-6.0457356441581505,-76.76564488218803
12639,incendio,-7.5746,-76.5153
12644,no_incendio,-6.546795271979165,-77.13463626494185
12650,no_incendio,-7.573586798987392,-75.72729255411187
12652,no_incendio,-6.44311246702837,-76.64720397145403
12659,incendio,-7.3509,-76.9087
12664,no_incendio,-6.324852338083002,-77.32158487709337
12665,incendio,-6.2606,-75.8098
12672,incendio,-7.304,-77.7216
12684,incendio,-5.3176,-76.6578
12687,no_incendio,-6.808298154641365,-77.1261442416624
12688,no_incendio,-6.623625617650361,-76.4412657181978
12690,incendio,-6.254,-76.2355
12701,no_incendio,-5.617689246248104,-77.03996515250137
12704,incendio,-5.9002,-76.1241
12714,no_incendio,-6.0889717541826,-76.72492959412638
12717,no_incendio,-6.619578652288662,-76.97686198868091
12724,no_incendio,-7.5699592193140015,-75.58526155924636
12734,incendio,-7.2984,-76.5705
12739,incendio,-8.6343,-75.5097
12750,incendio,-8.5763,-76.3006
12751,no_incendio,-5.733303330887296,-76.64353813041618
12757,no_incendio,-5.508797884476139,-76.57706115239465
12762,incendio,-8.6452,-76.8425
12764,incendio,-6.9622,-76.5024
12767,no_incendio,-5.712970448713469,-77.45936672905775
12769,no_incendio,-5.902847721330155,-77.17634156149673
12770,no_incendio,-6.797587829172456,-76.96085855036651
12777,incendio,-7.2461,-76.9765
12782,no_incendio,-5.603013181516009,-76.25847933744605
12785,incendio,-6.5399,-75.7043
12790,no_incendio,-7.377346584054845,-77.21066750842841
12795,no_incendio,-6.23470396402255,-76.94332145347941
12798,no_incendio,-6.231532660134269,-77.43051392350198
12803,no_incendio,-6.931488241799888,-76.75916732730077
12818,incendio,-7.1953,-76.1967
12819,no_incendio,-6.542252546530441,-76.69178298792589
12821,no_incendio,-5.733857068651538,-76.80904901377532
12822,incendio,-6.7251,-76.3494
12823,no_incendio,-5.849268078249962,-76.0787263818459
12824,incendio,-7.4847,-76.5898
12827,incendio,-6.0624,-75.8468
12840,incendio,-7.0714,-76.4356
12841,no_incendio,-5.530786000980501,-76.91418709127078
12862,no_incendio,-6.40519633681147,-77.40140623826653
12875,incendio,-6.1727,-76.0352
12883,incendio,-7.6228,-76.5261
12884,incendio,-8.1401,-77.5963
12890,incendio,-7.2185,-76.3813
12892,no_incendio,-5.637143675477756,-76.46390106880192
12893,no_incendio,-6.905350281771543,-75.85773993313076
12906,no_incendio,-6.376048501437837,-77.12747027240657
12910,no_incendio,-6.5878777950259835,-76.78969667476908
12916,no_incendio,-6.649475670478298,-75.86589242526365
12919,incendio,-8.7939,-76.2422
12924,incendio,-6.8058,-76.669
12936,no_incendio,-7.188428352306568,-77.29319926370498
12937,no_incendio,-5.747916301571042,-76.94248947046277
12939,no_incendio,-6.394447416910339,-77.43791713673666
12942,no_incendio,-6.260923080518788,-75.61074627640608
12950,no_incendio,-7.301346263959235,-76.9768322825311
12956,no_incendio,-7.1977592020733425,-77.03415799769597
12960,incendio,-7.876,-76.7894
12967,incendio,-5.6769,-76.5869
12968,incendio,-8.6401,-75.516
12973,incendio,-6.1763,-76.2067
12975,incendio,-6.8071,-76.8319
12977,incendio,-7.1228,-76.082
12978,no_incendio,-7.359881945280641,-76.7414311135722
12988,no_incendio,-6.976092489979531,-77.35059361204593
12989,no_incendio,-5.508118125742636,-76.08158705053927
12994,no_incendio,-5.503666402060762,-76.62944463990817
13002,incendio,-6.6815,-76.6613
13005,no_incendio,-6.040675081738544,-76.88692151022694
13006,no_incendio,-6.23478792603882,-76.18381610836184
13009,incendio,-8.2766,-76.4937
13015,no_incendio,-5.882755427823639,-77.51237097659782
13017,no_incendio,-6.573895472470259,-76.90325456502508
13021,no_incendio,-5.747916301571042,-76.94248947046277
13022,no_incendio,-5.316751485798925,-76.19649120217885
13031,incendio,-5.6546,-75.8123
13033,no_incendio,-6.30212067741681,-77.20947071632679
13036,no_incendio,-6.269160672028454,-77.26185240867942
13039,incendio,-7.4606,-76.5239
13054,no_incendio,-5.332935425847374,-77.16749151506393
13057,incendio,-6.1391,-77.0997
13065,no_incendio,-6.272889262540646,-77.34340996973071
13072,no_incendio,-7.259025792408945,-76.1069982504593
13079,no_incendio,-7.192625795202753,-75.79931940133156
13081,no_incendio,-6.731898455104795,-77.28317456533246
13083,incendio,-7.5968,-76.4545
13085,no_incendio,-5.532853929708149,-75.98229483983717
13087,no_incendio,-5.8115954954872135,-76.36754698151917
13089,no_incendio,-5.4484392138134945,-75.95921509359859
13100,incendio,-5.6657,-76.6577
13103,no_incendio,-7.575264155010306,-76.7671801072031
13104,incendio,-7.0565,-76.1854
13108,incendio,-7.4391,-76.5272
13117,no_incendio,-6.157983789056771,-76.91942166932327
13118,no_incendio,-7.374027518305184,-76.32029762844952
13123,incendio,-7.1279,-76.101
13125,incendio,-7.5551,-76.4322
13126,incendio,-6.7593,-76.6878
13127,no_incendio,-5.817722164420606,-76.05024701906109
13130,incendio,-6.7365,-76.4673
13137,no_incendio,-6.963743688695052,-77.15890290229473
13138,no_incendio,-5.98497682810957,-77.24575452252367
13139,incendio,-8.718,-76.3241
13142,incendio,-8.7158,-76.3557
13144,no_incendio,-5.364143829036743,-76.95415482559467
13147,incendio,-8.6164,-76.714
13152,incendio,-8.3521,-76.3625
13157,incendio,-6.6761,-76.6325
13162,incendio,-7.784,-76.7899
13172,incendio,-6.9281,-76.528
13181,no_incendio,-6.671397085491674,-75.72724206195927
13197,incendio,-5.8227,-76.5545
13200,no_incendio,-6.942876340672963,-76.33358150381483
13206,incendio,-7.1879,-76.4834
13208,incendio,-6.8518,-76.1395
13210,incendio,-6.0067,-75.9504
13214,no_incendio,-6.336768480146276,-75.8898744780929
13221,no_incendio,-5.426612634680184,-75.58435399600397
13223,incendio,-6.4652,-76.4387
13224,no_incendio,-5.717584209483326,-76.19353141249358
13235,no_incendio,-7.213623333493973,-77.17840648744146
13255,no_incendio,-6.189900798297541,-77.11922448268243
13264,incendio,-7.1821,-76.6762
13275,incendio,-8.2876,-76.4258
13276,incendio,-5.7635,-76.3997
13280,no_incendio,-6.183798772159494,-75.95166434619192
13282,incendio,-8.3288,-76.3464
13285,incendio,-8.6988,-76.3303
13287,no_incendio,-5.85348487678678,-75.67716092139695
13297,no_incendio,-5.916934623864143,-76.40108482987945
13303,incendio,-5.4663,-76.5173
13311,no_incendio,-7.247461423234719,-75.57023459371909
13325,no_incendio,-5.763649060823176,-76.26292282199367
13328,incendio,-5.9257,-75.8219
13335,no_incendio,-6.352348321356028,-75.59610164326816
13341,no_incendio,-6.165729925483304,-75.50698017130118
13354,no_incendio,-6.535327617861432,-76.18785766882165
13360,incendio,-7.5027,-76.5657
13366,no_incendio,-6.846679592265051,-75.78055281220841
13369,no_incendio,-7.428960143280297,-76.20768184148152
13370,no_incendio,-6.832250558370159,-76.20474853380588
13371,no_incendio,-5.335389403596253,-76.01475499828726
13377,incendio,-7.0935,-76.6912
13378,incendio,-6.4998,-75.754
13395,incendio,-8.1767,-76.4783
13397,no_incendio,-7.279070011168152,-76.78517622564465
13398,no_incendio,-5.841084064265475,-76.47146316885033
13401,incendio,-7.1076,-76.8248
13413,no_incendio,-5.66978916869293,-75.78583352536694
13416,incendio,-6.9234,-76.5464
13420,no_incendio,-5.561988258344413,-76.88991934204635
13421,incendio,-5.661,-75.9276
13434,incendio,-6.0877,-76.0373
13443,no_incendio,-7.3912095148136645,-77.03017853882585
13448,incendio,-6.8092,-76.6628
13451,incendio,-7.2514,-76.3449
13457,incendio,-8.7131,-77.0277
13459,incendio,-5.7005,-76.1123
13465,incendio,-5.8536,-75.9074
13472,incendio,-7.5148,-76.4433
13481,no_incendio,-6.654532009707288,-75.5305999621871
13489,no_incendio,-6.320061417206358,-76.82643295462363
13503,incendio,-5.3811,-76.7351
13508,incendio,-7.5361,-76.6857
13519,no_incendio,-5.304216028521146,-77.22955638933952
13538,incendio,-6.5453,-75.7544
13545,incendio,-8.2538,-76.6384
13551,incendio,-7.1405,-76.2141
13553,incendio,-7.5649,-76.6382
13556,incendio,-8.617,-76.3456
13567,incendio,-6.5593,-76.3246
13568,no_incendio,-7.431414415877487,-76.13136950681124
13572,no_incendio,-7.521089953660397,-76.50586647383346
13574,no_incendio,-5.733329701316475,-76.97970479241751
13590,incendio,-7.6099,-76.4192
13593,no_incendio,-6.890142536767722,-76.21093731168023
13603,no_incendio,-6.831471934568246,-75.7875932896481
13609,no_incendio,-7.558428193627557,-76.41513276188537
13610,incendio,-8.268,-76.4711
13612,no_incendio,-6.745283632589781,-76.33682715106067
13622,no_incendio,-6.709679366409026,-76.89232327371961
13630,incendio,-8.7913,-76.1861
13631,no_incendio,-7.217736549985553,-75.80888423805258
13636,no_incendio,-6.606179550023269,-77.17612767759138
13639,incendio,-6.7183,-76.7266
13643,incendio,-6.5729,-75.6713
13647,incendio,-7.294,-76.3353
13652,incendio,-5.7688,-77.4014
13654,no_incendio,-7.414688922024766,-76.2476866383002
13668,incendio,-5.536,-75.8592
13669,no_incendio,-6.644983818759033,-76.97235660144274
13676,no_incendio,-6.068535480190217,-76.55604968607116
13679,no_incendio,-6.66782718852246,-77.11974959426693
13680,no_incendio,-7.0026426990635535,-77.36552672269332
13682,incendio,-6.3017,-75.8873
13691,no_incendio,-7.016303677309179,-76.9039929620138
13694,no_incendio,-6.238571072533694,-75.50795501172155
13707,no_incendio,-6.180704652480343,-76.89113580194854
13711,no_incendio,-6.847838156918014,-76.65972952352969
13719,no_incendio,-6.439732844593629,-76.57320223136172
13728,incendio,-7.0884,-76.8327
13744,no_incendio,-5.826125398643272,-77.25978841596924
13753,no_incendio,-5.952502510545931,-77.35100051203952
13756,incendio,-6.4871,-76.382
13759,incendio,-8.6294,-76.451
13764,no_incendio,-6.491284059337684,-76.25746904489338
13766,incendio,-8.4363,-76.4311
13769,incendio,-7.3694,-76.3817
13770,incendio,-5.3383,-76.4618
13776,incendio,-6.3612,-75.5979
13782,incendio,-7.1043,-76.567
13787,incendio,-6.7662,-76.9506
13791,no_incendio,-6.727604587458214,-76.26589680418019
13793,no_incendio,-5.807017349001207,-75.61769536103809
13797,no_incendio,-5.761894026687926,-76.71626651276603
13798,incendio,-6.9741,-77.5452
13810,no_incendio,-6.418496907062319,-75.56505083254436
13815,no_incendio,-6.201637039608355,-76.63859765076462
13821,incendio,-7.5391,-76.4115
13822,no_incendio,-6.6577808572271095,-76.08571031789008
13829,no_incendio,-5.493534251624167,-76.05824936892388
13832,no_incendio,-6.991871137907023,-76.86560292258433
13835,incendio,-8.5287,-77.3571
13836,incendio,-7.5382,-76.595
13842,no_incendio,-7.475453840000244,-77.09283995143899
13843,no_incendio,-5.916934623864143,-76.40108482987945
13854,no_incendio,-7.181016545835497,-77.14662187463146
13855,no_incendio,-5.879613359801567,-75.64585304449614
13863,no_incendio,-5.6897437871119,-77.10615819747757
13864,incendio,-7.0456,-76.1801
13865,incendio,-6.6065,-76.655
13872,incendio,-6.6838,-77.3144
13879,no_incendio,-5.710479011729555,-76.39175910938613
13883,incendio,-5.7839,-76.4077
13888,incendio,-6.5908,-75.5464
13891,incendio,-6.7954,-76.4428
13898,no_incendio,-5.955706826060275,-77.52353123807491
13899,no_incendio,-6.581835148874593,-77.10480197876178
13906,incendio,-6.5129,-76.4427
13918,no_incendio,-5.858435510959442,-77.08234731471167
13923,incendio,-6.8046,-76.6229
13929,incendio,-6.6091,-76.6924
13938,incendio,-8.046,-75.579
13951,no_incendio,-6.587743088391281,-75.70665174033093
13953,incendio,-7.4405,-76.6313
13954,incendio,-6.1959,-75.8827
13958,no_incendio,-5.861691315967814,-75.99243493644171
13959,no_incendio,-6.173497385338977,-77.08001241103895
13965,no_incendio,-6.905350281771543,-75.85773993313076
13968,incendio,-7.4861,-76.5124
13970,incendio,-7.0246,-76.2013
13972,incendio,-6.3961,-75.8293
13986,incendio,-7.9677,-76.7183
13990,no_incendio,-6.237093114939267,-75.7117789331342
14006,incendio,-7.2933,-76.5957
14007,no_incendio,-7.110610391202952,-75.57270966365749
14010,incendio,-8.0748,-76.5677
14012,incendio,-7.3907,-76.6759
14015,no_incendio,-7.453299052251447,-77.18508562471676
14023,no_incendio,-7.49572574357337,-75.97213125228711
14026,incendio,-7.3577,-76.051
14031,incendio,-8.6017,-76.198
14032,incendio,-6.4317,-75.738
14043,incendio,-6.3365,-75.8963
14047,incendio,-7.0271,-76.75
14050,no_incendio,-6.589846765006126,-76.67564163824959
14060,no_incendio,-7.263705379465793,-77.32787830995856
14062,incendio,-6.3826,-76.4692
14064,incendio,-8.0608,-76.6912
14067,no_incendio,-6.298521477567302,-76.20182358446478
14069,incendio,-8.6344,-75.503
14076,incendio,-7.0599,-76.8396
14084,incendio,-6.9814,-76.908
14094,incendio,-5.7323,-75.7704
14100,no_incendio,-6.796333772184817,-76.78935654696676
14101,incendio,-5.5001,-76.7802
14105,no_incendio,-6.328050055589178,-77.0850887708193
14106,incendio,-6.8964,-76.8508
14110,no_incendio,-6.3402826742912515,-75.67543757743714
14111,incendio,-6.9244,-76.5949
14115,incendio,-8.0531,-76.7461
14123,incendio,-5.9364,-76.3353
14129,incendio,-6.504,-75.7648
14136,incendio,-8.3047,-76.4307
14140,no_incendio,-6.353424809181855,-75.63008762129351
14143,no_incendio,-7.341385532228014,-75.96721546288514
14145,incendio,-7.4221,-76.4756
14154,no_incendio,-5.926005528348797,-76.66451761423114
14158,incendio,-5.7945,-77.0575
14161,no_incendio,-5.889428519671102,-75.83985217439051
14164,no_incendio,-6.632429838819291,-76.85546244307059
14167,incendio,-6.7926,-76.8232
14168,incendio,-8.5769,-76.4163
14189,no_incendio,-5.976563784411299,-76.98024729252694
14191,incendio,-5.7693,-76.4026
14219,incendio,-5.9363,-77.1167
14221,incendio,-6.4904,-75.9439
14229,no_incendio,-7.433177363041198,-76.83037064638081
14260,no_incendio,-5.7462072862910665,-75.82239791523867
14271,no_incendio,-6.925307344468632,-76.89098262738764
14272,incendio,-5.7019,-76.1917
14277,incendio,-5.7155,-76.222
14278,no_incendio,-5.8091800479019735,-77.2012977286717
14282,incendio,-6.3608,-75.7244
14288,incendio,-7.3954,-76.847
14294,incendio,-6.7715,-76.6703
14298,no_incendio,-6.705665824489784,-75.86880266225904
14299,incendio,-7.3139,-76.542
14305,incendio,-6.9861,-76.62
14322,incendio,-7.2207,-76.0737
14325,incendio,-7.3224,-76.902
14333,incendio,-6.5599,-76.4395
14338,no_incendio,-5.40191525194851,-77.41832441514279
14340,no_incendio,-6.22948269148436,-77.46060172999928
14348,incendio,-5.6951,-76.593
14354,incendio,-5.6625,-76.6221
14356,incendio,-5.8389,-76.2359
14358,no_incendio,-6.158099214586715,-77.01707847694989
14372,incendio,-7.0279,-76.913
14376,no_incendio,-6.660380391800162,-76.4974881056194
14378,incendio,-6.0346,-76.9664
14409,no_incendio,-7.294379319518731,-75.60933586901135
14426,incendio,-6.2051,-76.2257
14428,no_incendio,-6.536633754882988,-75.61074686603133
14430,no_incendio,-7.217722844984081,-77.2235426849214
14432,no_incendio,-6.607438503581988,-77.25629846979227
14444,no_incendio,-5.356858559279738,-76.9184573866197
14447,no_incendio,-5.498957925752801,-76.23819839749541
14448,no_incendio,-7.336551353349131,-77.20883178649431
14462,incendio,-7.0506,-76.2449
14481,no_incendio,-5.31179064282697,-75.78618195501585
14484,no_incendio,-6.300702389014246,-76.09062532956851
14488,incendio,-5.6782,-76.6733
14491,no_incendio,-7.128591277381194,-76.12302141097119
14493,no_incendio,-7.516029592309847,-76.17814319860955
14499,incendio,-7.9855,-77.5242
14506,no_incendio,-6.892866951927303,-75.87172300219687
14509,incendio,-7.2203,-76.0787
14517,no_incendio,-6.911906202214161,-76.30385492841812
14519,no_incendio,-6.998414939340265,-75.67912715079014
14540,incendio,-8.4157,-77.6054
14557,no_incendio,-5.590954776196541,-75.61262101600937
14564,no_incendio,-6.476078930269108,-76.12579467837428
14566,no_incendio,-5.707217935164065,-76.52295370572979
14568,incendio,-7.2095,-76.8502
14570,no_incendio,-6.299525540013742,-76.28555400177144
14589,incendio,-6.1194,-77.1863
14590,no_incendio,-7.457798199513177,-76.25066528876945
14591,incendio,-8.139,-76.7054
14592,no_incendio,-7.158262650594558,-76.17139715257736
14602,incendio,-5.9422,-77.3086
14607,no_incendio,-7.208457886315255,-75.76495343289794
14613,incendio,-7.3213,-76.0642
14614,no_incendio,-5.307511492937007,-75.87055498280709
14621,no_incendio,-6.351517341637376,-77.31017116176967
14626,no_incendio,-7.4438050568529475,-75.8809717620132
14631,incendio,-7.5633,-76.7011
14632,incendio,-7.391,-76.2292
14645,incendio,-7.608,-76.7045
14650,incendio,-5.7337,-75.8213
14652,no_incendio,-5.340154408333765,-76.74093271807992
14659,incendio,-8.2493,-76.3447
14660,no_incendio,-7.218925664720446,-76.08201561394016
14664,incendio,-8.3708,-76.2626
14676,no_incendio,-7.19668087361042,-76.2603633805298
14677,incendio,-7.3184,-76.1967
14680,incendio,-6.4832,-75.7255
14696,no_incendio,-7.404587411347148,-77.48236039818194
14697,no_incendio,-5.3689055308415,-76.62344622964636
14699,no_incendio,-5.7462072862910665,-75.82239791523867
14700,no_incendio,-5.544976635100384,-76.33130727413504
14709,no_incendio,-6.311293975828189,-76.65790550589152
14715,no_incendio,-7.547362899320046,-75.73565468655677
14716,no_incendio,-6.567404760010091,-75.93678531261668
14718,incendio,-6.024,-76.122
14729,incendio,-8.6084,-76.5942
14730,incendio,-6.1853,-76.2806
14736,incendio,-5.8785,-75.8661
14737,incendio,-6.5744,-75.6818
14750,incendio,-6.294,-76.0325
14752,no_incendio,-5.813466395394225,-76.54314458566375
14755,incendio,-7.1554,-76.3474
14763,incendio,-8.1873,-76.5134
14764,no_incendio,-6.064968975705764,-75.80158619111924
14767,no_incendio,-7.52002816732032,-76.85728021112728
14772,incendio,-6.4905,-76.3714
14774,no_incendio,-5.4868610147355525,-76.76095607597574
14777,no_incendio,-5.906180880379202,-75.93802228835084
14787,incendio,-6.486,-75.8416
14799,no_incendio,-7.510954821403472,-75.50873794050783
14808,incendio,-6.7975,-76.5135
14813,incendio,-8.6014,-76.3084
14818,incendio,-7.5546,-76.3896
14825,no_incendio,-7.456346722108078,-76.20342873895703
14826,incendio,-5.5161,-76.5373
14832,no_incendio,-7.27421571842906,-77.20818796800718
14835,no_incendio,-6.196820810614756,-77.18695898534692
14836,no_incendio,-7.30848813253614,-75.71138002186875
14837,incendio,-7.3437,-76.7098
14840,incendio,-8.5149,-76.9342
14841,incendio,-7.0231,-76.5728
14847,no_incendio,-6.931342706605391,-77.24005682830844
14848,incendio,-6.9252,-76.903
14861,no_incendio,-6.5340207470218745,-75.73082220173393
14871,incendio,-6.7542,-76.8282
14874,no_incendio,-6.580708866740203,-77.30463518466154
14879,no_incendio,-6.709233322192638,-77.51049806027564
14884,incendio,-5.3503,-76.5573
14889,no_incendio,-6.705665824489784,-75.86880266225904
14902,incendio,-6.7529,-76.4102
14903,incendio,-7.8153,-76.7225
14909,no_incendio,-5.869842375317225,-75.95286206170579
14917,no_incendio,-7.132478183195441,-76.65634588857769
14927,no_incendio,-6.994018548876931,-77.44340810717631
14936,incendio,-7.461,-76.5506
14937,incendio,-7.2022,-76.831
14939,no_incendio,-7.381229378022176,-76.50096695875145
14944,no_incendio,-7.142345675518539,-77.26966785367183
14947,incendio,-7.2762,-77.7699
14948,no_incendio,-6.444054607789215,-75.60852282337595
14957,no_incendio,-6.237634518264563,-76.93733978052377
14961,incendio,-7.2939,-76.6537
14969,no_incendio,-7.019065477801208,-77.45420422372614
14970,incendio,-5.806,-77.061
14972,no_incendio,-6.2585048621667685,-76.21326265306386
14974,incendio,-6.8801,-76.9654
14978,incendio,-7.4381,-76.4095
14981,no_incendio,-5.55191314269425,-76.59129090689653
14995,incendio,-6.7858,-76.4311
14998,no_incendio,-5.692068833993068,-76.92243000249631
15002,incendio,-5.7363,-75.8558
15005,incendio,-7.2001,-76.9064
15012,no_incendio,-5.364004538303699,-76.51587462337326
15014,no_incendio,-6.310252900156727,-75.63690302476967
15015,no_incendio,-5.925744830854394,-76.62635370808266
15016,incendio,-6.5888,-76.1243
15018,no_incendio,-6.890502660955485,-77.28521359628384
15025,incendio,-8.577,-75.5568
15027,incendio,-6.0344,-76.9692
15029,no_incendio,-5.8418090063734045,-77.13859458576027
15035,no_incendio,-7.150450269408023,-77.18839409410428
15036,incendio,-7.1091,-76.3971
15037,no_incendio,-5.826125398643272,-77.25978841596924
15041,incendio,-6.036,-76.9725
15043,incendio,-8.0892,-77.6343
15047,no_incendio,-5.9729308547052575,-77.19584889522876
15055,incendio,-6.584,-76.0571
15056,incendio,-7.1624,-76.8876
15058,no_incendio,-7.282016752291952,-75.89864347181351
15066,incendio,-8.4279,-77.7828
15067,incendio,-7.1555,-76.9838
15069,incendio,-7.6373,-76.4757
15070,no_incendio,-5.364004538303699,-76.51587462337326
15072,no_incendio,-7.407523974858453,-76.05767195335137
15078,incendio,-6.706,-76.6878
15082,incendio,-5.6212,-76.6273
15087,incendio,-5.8346,-76.3437
15092,incendio,-6.734,-76.4896
15094,no_incendio,-6.184018518963494,-76.64827203950954
15106,incendio,-7.6274,-76.637
15117,incendio,-7.1724,-76.3163
15121,no_incendio,-5.40191525194851,-77.41832441514279
15122,incendio,-7.4993,-76.2415
15132,incendio,-7.3043,-76.9264
15140,incendio,-5.9058,-76.1119
15154,incendio,-6.03,-76.3526
15164,incendio,-7.5262,-76.4246
15166,no_incendio,-7.354001962679465,-76.87586506840084
15175,incendio,-6.5455,-75.6834
15176,no_incendio,-7.345060499544703,-77.11825976617006
15188,no_incendio,-7.089719383654557,-75.94940066492136
15194,incendio,-5.9862,-76.2633
15202,incendio,-6.4939,-76.5743
15219,incendio,-8.6152,-76.7372
15222,incendio,-6.6555,-76.6932
15225,incendio,-7.4692,-76.5779
15230,no_incendio,-5.402348170521421,-77.02463779239379
15237,incendio,-7.3138,-77.7505
15250,no_incendio,-5.41267692948794,-75.94332607139869
15257,no_incendio,-5.594721982840302,-76.73250330554579
15259,incendio,-7.1502,-76.8605
15264,incendio,-6.7179,-76.2973
15266,no_incendio,-5.926705485124891,-75.77709994653331
15277,incendio,-8.2844,-76.5643
15283,no_incendio,-6.617504610391747,-77.25647472773994
15289,no_incendio,-6.60024344042182,-76.28088372901857
15302,no_incendio,-5.847351714277372,-76.19994787889544
15304,no_incendio,-6.722977701208728,-76.08504808570892
15318,incendio,-7.0757,-76.8608
15319,incendio,-6.8525,-76.2746
15321,incendio,-6.7701,-76.8327
15326,no_incendio,-5.871232465142917,-76.52596915622884
15328,incendio,-7.1007,-76.5399
15332,no_incendio,-5.959932705913599,-76.9795248154579
15335,incendio,-5.8811,-76.2778
15339,incendio,-8.059,-76.7513
15340,no_incendio,-5.452511328645989,-77.32229773796371
15344,no_incendio,-5.577424926283962,-75.86385660107669
15345,no_incendio,-6.271888529403575,-75.79765684657775
15347,no_incendio,-6.500803234494254,-76.0342561681164
15351,no_incendio,-6.223322439610729,-75.97460472272981
15358,incendio,-7.2766,-76.6107
15362,incendio,-5.5986,-76.6532
15373,incendio,-7.2492,-76.5006
15379,no_incendio,-5.7532005563442,-76.81683301115936
15385,no_incendio,-7.554963436234575,-75.69130210162552
15386,no_incendio,-6.856229226903604,-75.880120110949
15393,no_incendio,-7.014916061647587,-75.71674408231947
15396,no_incendio,-5.451597714525489,-77.32234997673201
15397,no_incendio,-7.465611055003252,-76.84521972476566
15401,incendio,-7.9552,-76.7159
15406,no_incendio,-5.572804894965716,-76.96734256320798
15407,no_incendio,-5.428382683589806,-76.59712896608411
15417,no_incendio,-6.845471207648621,-76.36886322454563
15418,incendio,-5.6449,-76.5116
15425,incendio,-7.1188,-76.4739
15429,no_incendio,-7.575264155010306,-76.7671801072031
15445,incendio,-6.3505,-76.0925
15448,no_incendio,-6.931342706605391,-77.24005682830844
15452,no_incendio,-5.453647317604843,-76.59202254288773
15460,no_incendio,-6.267765286846349,-75.88438881089547
15467,incendio,-8.6337,-77.0882
15481,incendio,-8.4347,-76.3081
15488,no_incendio,-6.948889791528075,-76.04658173737485
15493,no_incendio,-5.66978916869293,-75.78583352536694
15496,incendio,-8.2863,-76.4394
15497,no_incendio,-6.333472406743339,-75.64833382378124
15501,no_incendio,-6.838209877352376,-75.74494612497837
15504,incendio,-7.7049,-76.5013
15505,no_incendio,-5.992717705570296,-75.97108395344519
15510,no_incendio,-6.134775971165761,-75.80907324993491
15517,incendio,-6.8613,-76.4115
15524,no_incendio,-6.150817748541318,-77.2743773218178
15533,no_incendio,-7.2830034027883865,-76.35190261363664
15540,no_incendio,-5.923104963527884,-76.43553159912858
15544,incendio,-5.7564,-75.963
15545,no_incendio,-6.539751025490163,-75.79612657062603
15546,no_incendio,-7.433029202252227,-75.6952599290436
15549,incendio,-5.734,-75.8264
15562,no_incendio,-5.5797385570843945,-76.68051881795166
15572,no_incendio,-7.1211989995442275,-77.24932556813594
15578,incendio,-5.804,-76.0045
15581,incendio,-5.549,-75.9765
15583,no_incendio,-7.238892730733428,-76.47459847040415
15587,incendio,-7.182,-76.6789
15597,no_incendio,-7.371926664770868,-77.38249391708561
15603,incendio,-5.9402,-76.4659
15608,incendio,-7.3139,-76.6767
15619,incendio,-5.7377,-77.4166
15636,incendio,-8.5188,-75.5977
15641,no_incendio,-6.439049170355273,-77.46289627422017
15650,incendio,-6.6984,-76.6633
15655,incendio,-5.782,-76.4038
15664,no_incendio,-6.691674214621824,-77.20756079690301
15668,no_incendio,-5.369357026240305,-77.2031702822179
15685,incendio,-7.5187,-76.7129
15686,no_incendio,-6.631390870435434,-77.17543848057095
15689,no_incendio,-6.963743688695052,-77.15890290229473
15692,no_incendio,-7.186570265010596,-75.84461863050306
15695,no_incendio,-7.397102442990121,-76.86665660281676
15698,incendio,-7.2145,-76.6963
15704,incendio,-6.5047,-76.8016
15712,no_incendio,-7.107720073878569,-76.6999842966137
15714,no_incendio,-7.366259215797565,-77.34248619041158
15725,no_incendio,-5.693308964023421,-77.38488694411686
15728,incendio,-6.4955,-75.7466
15731,incendio,-6.9537,-76.9266
15734,no_incendio,-5.562529025700048,-76.57485709284715
15740,incendio,-7.2775,-76.8254
15743,no_incendio,-6.439049170355273,-77.46289627422017
15744,incendio,-8.3649,-76.5122
15746,no_incendio,-6.833720284532176,-77.09053083344739
15748,incendio,-5.7297,-76.3805
15750,no_incendio,-5.61928379725062,-76.7464492739021
15755,incendio,-6.1333,-77.7968
15759,no_incendio,-6.223322439610729,-75.97460472272981
15763,incendio,-8.5942,-76.1966
15764,no_incendio,-6.324934683730277,-76.81019781469472
15772,no_incendio,-7.134812798520641,-75.55898183219816
15777,incendio,-6.1831,-77.1268
15779,no_incendio,-5.977954403238399,-75.89740788010133
15780,incendio,-8.0147,-77.7731
15781,no_incendio,-6.850119921397431,-77.18105441991001
15809,incendio,-5.7451,-77.4277
15814,incendio,-6.935,-76.4711
15817,no_incendio,-5.992717705570296,-75.97108395344519
15821,incendio,-7.3379,-76.9028
15826,incendio,-8.463,-76.3551
15836,no_incendio,-5.313659040472185,-75.7974059398213
15851,no_incendio,-5.59950907688548,-76.65469517623596
15854,no_incendio,-6.698529470828457,-76.28501109879417
15857,no_incendio,-6.1174086914739405,-75.65121133854548
15860,incendio,-6.4958,-76.3573
15863,incendio,-6.0301,-75.8463
15867,no_incendio,-6.12520459976937,-77.49886350154438
15868,incendio,-8.4678,-76.9971
15873,incendio,-6.4966,-76.351
15883,incendio,-6.931,-76.2709
15893,incendio,-8.4762,-77.1892
15895,incendio,-7.0206,-76.1722
15896,incendio,-7.2434,-76.4287
15900,no_incendio,-5.648091386764367,-76.0845405608189
15906,no_incendio,-5.313659040472185,-75.7974059398213
15915,incendio,-8.367,-76.3551
15918,no_incendio,-5.522972759309926,-75.80819311512354
15921,incendio,-5.3233,-76.4702
15926,no_incendio,-7.111569656244363,-77.04269521527607
15929,no_incendio,-5.89446781447664,-77.22849214912743
15932,no_incendio,-7.52002816732032,-76.85728021112728
15934,incendio,-7.3825,-76.6156
15936,no_incendio,-6.30212067741681,-77.20947071632679
15941,no_incendio,-5.5670313248345,-75.99876018929933
15946,no_incendio,-6.616039268330141,-77.35690054867337
15951,no_incendio,-6.590453070259288,-76.04913179233263
15955,incendio,-5.6157,-76.5501
15957,no_incendio,-7.3226422677593845,-76.0064093237638
15964,incendio,-8.3065,-76.6848
15965,no_incendio,-5.906233795105334,-77.12857966060585
15966,incendio,-7.1568,-76.8684
15967,no_incendio,-6.007162927883913,-76.5503319635523
15974,incendio,-5.8946,-76.1152
15980,incendio,-6.4432,-76.5315
15985,incendio,-7.3155,-77.5916
15989,no_incendio,-6.726508547372632,-75.8805912365982
16000,no_incendio,-6.032637337308331,-77.27677952675285
16002,no_incendio,-7.07173503300346,-76.39313006840234
16005,no_incendio,-6.3402826742912515,-75.67543757743714
16006,incendio,-5.8746,-76.1774
16013,incendio,-6.7059,-76.3823
16018,incendio,-5.6937,-77.4082
16022,no_incendio,-5.661805796480656,-77.53514186743837
16030,incendio,-7.1035,-76.9827
16035,incendio,-7.0349,-76.5267
16038,no_incendio,-6.772965762366505,-76.27272500681829
16046,no_incendio,-5.709919403753175,-77.18915952963572
16047,incendio,-7.5007,-76.6001
16048,no_incendio,-6.042344688075439,-75.58423135699039
16054,no_incendio,-6.668348976590427,-75.85167744687278
16056,no_incendio,-5.7783488736056645,-77.39085635603547
16060,no_incendio,-6.6015678247259215,-76.27888093028594
16071,no_incendio,-5.451597714525489,-77.32234997673201
16075,no_incendio,-6.534406684076978,-76.00352237296187
16077,incendio,-6.2111,-75.9593
16081,incendio,-6.7244,-76.682
16082,no_incendio,-6.726107042288016,-76.4764656532763
16088,no_incendio,-5.853989818371729,-76.78866763757419
16093,no_incendio,-5.732633885929664,-76.45507870434784
16107,no_incendio,-5.6698457830937325,-76.36289670664165
16110,incendio,-6.152,-75.7076
16111,no_incendio,-5.733329701316475,-76.97970479241751
16113,no_incendio,-6.189738223688629,-76.63044449970681
16114,no_incendio,-5.451597714525489,-77.32234997673201
16122,no_incendio,-6.546795271979165,-77.13463626494185
16127,no_incendio,-7.119124402863609,-77.37715689078294
16137,incendio,-7.5737,-76.8166
16149,incendio,-8.5684,-76.3445
16151,no_incendio,-6.037617039183259,-75.8633441160442
16154,no_incendio,-7.261878534754229,-75.78596746234152
16155,incendio,-6.0507,-76.1698
16165,no_incendio,-6.4643629782720495,-76.22804730377794
16166,incendio,-6.9909,-76.1407
16167,no_incendio,-5.382192721085108,-75.80513455395052
16168,incendio,-7.3453,-76.9745
16169,no_incendio,-5.8511939634062635,-76.52247944634267
16177,no_incendio,-5.432202072011853,-76.59374002276904
16182,incendio,-6.5566,-76.5564
16188,no_incendio,-6.400301881628301,-77.5201604762096
16192,incendio,-7.2761,-76.4494
16202,no_incendio,-7.3383676381877665,-77.39694154174633
16204,incendio,-7.6094,-76.466
16206,no_incendio,-6.644983818759033,-76.97235660144274
16209,no_incendio,-7.474717173105087,-76.9435614717976
16215,incendio,-8.6867,-77.6329
16217,incendio,-6.7829,-76.2771
16218,no_incendio,-6.351517341637376,-77.31017116176967
16221,no_incendio,-7.391354511869424,-77.17370886410413
16223,incendio,-6.2182,-76.2538
16227,incendio,-6.659,-76.9817
16243,incendio,-6.6414,-76.7776
16244,incendio,-7.4389,-76.6201
16245,no_incendio,-6.391881397317083,-77.53216465937516
16251,incendio,-6.1595,-77.1106
16252,incendio,-8.7021,-76.9366
16256,no_incendio,-6.184018518963494,-76.64827203950954
16257,incendio,-7.5547,-76.6604
16258,no_incendio,-6.185102706019143,-75.78932803542219
16261,incendio,-8.3725,-77.2139
16264,no_incendio,-5.3838831063176515,-76.49104845789617
16266,no_incendio,-6.100924085847581,-75.50738744279523
16274,incendio,-6.0623,-77.1671
16278,no_incendio,-7.53821724475927,-77.34792258266398
16284,incendio,-8.3191,-76.6979
16292,incendio,-7.3709,-76.3997
16297,no_incendio,-6.720013389410524,-76.18246932103828
16303,no_incendio,-6.049779266057276,-75.95295045421427
16312,no_incendio,-5.532853929708149,-75.98229483983717
16317,incendio,-8.2762,-77.3535
16320,no_incendio,-6.441902560534528,-76.15943969390888
16321,no_incendio,-5.809070578757959,-75.92077418660742
16322,no_incendio,-5.8115954954872135,-76.36754698151917
16334,no_incendio,-6.641540416375139,-77.47486256481713
16343,incendio,-8.5639,-76.207
16346,incendio,-7.5017,-76.4449
16354,no_incendio,-6.845471207648621,-76.36886322454563
16356,no_incendio,-5.6996412211902,-75.5074681731858
16358,no_incendio,-5.646223843039662,-77.22265388647651
16363,incendio,-7.3535,-76.6178
16371,no_incendio,-7.304318403936466,-76.8341795441283
16374,no_incendio,-6.850119921397431,-77.18105441991001
16394,no_incendio,-6.942054443870175,-75.88451122317879
16397,no_incendio,-6.467350712480753,-77.13922176575424
16403,no_incendio,-7.4319891578174815,-77.15087421098383
16405,no_incendio,-5.413750833598563,-75.87946450439262
16407,no_incendio,-5.853989818371729,-76.78866763757419
16410,no_incendio,-7.546681661706002,-77.09086718024028
16411,incendio,-5.9058,-76.2896
16415,incendio,-6.9221,-76.537
16431,incendio,-7.3321,-76.3228
16432,incendio,-5.9183,-76.3232
16441,incendio,-7.2829,-76.3838
16447,no_incendio,-5.734596234605278,-76.54404736792905
16449,no_incendio,-6.596577810973727,-76.74231910069577
16450,no_incendio,-5.856151465825925,-75.61952647714237
16457,incendio,-7.3151,-76.9301
16459,no_incendio,-5.452511328645989,-77.32229773796371
16464,incendio,-8.5128,-75.554
16466,incendio,-6.1994,-76.117
16467,incendio,-8.3534,-77.2301
16475,no_incendio,-6.931054749326789,-77.2760800084336
16485,incendio,-6.0362,-76.9715
16493,no_incendio,-6.017393971898976,-75.85609561110088
16494,incendio,-6.0255,-75.7786
16497,incendio,-6.1604,-75.9777
16500,no_incendio,-6.622512429028128,-75.69288323438259
16516,incendio,-7.4037,-77.6864
16528,no_incendio,-7.3746554478906035,-76.75920088924597
16529,incendio,-6.2073,-75.9583
16532,incendio,-7.6656,-76.751
16536,incendio,-7.3043,-76.5406
16542,no_incendio,-6.045557480896305,-76.73042918045354
16556,incendio,-6.75,-76.5494
16560,incendio,-8.749,-76.1312
16562,no_incendio,-7.278446400857449,-77.33703515392486
16569,incendio,-6.399,-76.4458
16575,incendio,-8.3027,-76.4368
16576,no_incendio,-6.237007995955339,-77.29653920345977
16581,no_incendio,-7.288794185700048,-76.06129578328853
16585,no_incendio,-7.333242178068196,-76.42984929938181
16598,no_incendio,-6.66782718852246,-77.11974959426693
16602,incendio,-6.0467,-77.0361
16603,incendio,-7.032,-76.25
16604,incendio,-7.3781,-76.6341
16607,incendio,-7.6317,-76.4658
16611,incendio,-6.2685,-75.8073
16612,incendio,-6.2428,-76.1026
16625,no_incendio,-7.536087990026042,-76.53899168088374
16626,incendio,-6.4883,-75.699
16628,no_incendio,-7.413823551899182,-76.79124540072256
16633,no_incendio,-6.730215654444688,-76.84821672271427
16665,no_incendio,-6.54529109912659,-75.69341596269626
16678,incendio,-6.9482,-76.5063
16692,incendio,-7.3261,-76.9094
16695,incendio,-6.1709,-76.8849
16705,no_incendio,-7.582363301360768,-76.43607509989434
16706,no_incendio,-6.139224623753688,-76.40308726211332
16709,no_incendio,-5.931410128051382,-77.48442078407336
16715,incendio,-8.5919,-75.617
16727,no_incendio,-5.9069362811274955,-76.90796880037888
16728,incendio,-7.3371,-76.5955
16729,incendio,-6.2441,-76.0853
16736,no_incendio,-7.419812910820906,-75.99406148062167
16737,incendio,-6.1718,-76.3112
16740,no_incendio,-6.439049170355273,-77.46289627422017
16742,incendio,-7.2794,-76.3958
16745,incendio,-7.2297,-76.6405
16758,no_incendio,-5.501045309864604,-77.33293151035834
16785,no_incendio,-7.156566202951519,-76.39767455117727
16787,incendio,-8.5594,-76.3737
16788,no_incendio,-6.1400329007098495,-75.77782950002863
16792,incendio,-7.5774,-77.5041
16794,no_incendio,-6.850119921397431,-77.18105441991001
16809,no_incendio,-6.43490273431634,-75.69794209792583
16816,incendio,-6.6497,-76.7239
16819,no_incendio,-6.306399139576039,-77.35464424704278
16828,no_incendio,-6.348815001844065,-75.62878823200789
16852,incendio,-7.8885,-75.5797
16855,incendio,-7.4271,-76.5921
16858,no_incendio,-5.945782975612446,-75.78933619991895
16860,incendio,-7.3353,-76.1712
16867,incendio,-6.6435,-76.145
16877,no_incendio,-6.394447416910339,-77.43791713673666
16878,no_incendio,-5.3838831063176515,-76.49104845789617
16886,incendio,-6.5372,-76.7601
16890,no_incendio,-6.959105963658491,-76.85747096898318
16893,no_incendio,-6.400301881628301,-77.5201604762096
16896,incendio,-7.1284,-76.8059
16897,no_incendio,-6.332355926126756,-76.57852424451565
16900,no_incendio,-6.945484440166689,-76.77951589048426
16905,no_incendio,-7.1439208952470965,-77.38092521559295
16916,no_incendio,-5.3750389583532385,-76.27737605989306
16917,incendio,-6.5767,-76.3278
16918,incendio,-7.406,-76.2626
16919,incendio,-7.2658,-76.7818
16929,incendio,-6.3544,-76.0104
16930,incendio,-6.7907,-76.1704
16936,incendio,-5.7447,-76.1944
16937,incendio,-7.5216,-76.7267
16943,incendio,-5.9394,-76.2821
16945,no_incendio,-7.062719614900722,-75.90547044520231
16951,incendio,-6.1507,-75.6544
16958,incendio,-5.909,-76.2026
16960,incendio,-6.9926,-76.6917
16964,no_incendio,-6.500803234494254,-76.0342561681164
16965,no_incendio,-5.3579190970036175,-75.71127050256207
16966,incendio,-6.4617,-75.7272
16970,incendio,-7.6034,-76.5394
16983,incendio,-5.8893,-75.9545
16989,incendio,-7.3391,-76.7427
16992,incendio,-6.4776,-76.7962
16996,incendio,-5.9344,-76.4837
16998,no_incendio,-7.3828581911388165,-75.8721549637632
17008,no_incendio,-6.470561948843736,-76.94393330664495
17010,incendio,-7.2632,-76.8486
17024,incendio,-5.9832,-76.2248
17026,incendio,-7.2614,-76.6761
17028,incendio,-7.1823,-76.7339
17032,incendio,-7.174,-76.886
17033,incendio,-5.6961,-76.2504
17041,no_incendio,-7.103154809386207,-75.80011378156274
17044,incendio,-8.7177,-76.2517
17058,no_incendio,-5.304618892030704,-75.54825226766168
17065,no_incendio,-5.987623594847527,-77.50895445827787
17068,no_incendio,-7.566170057674632,-77.33420456007225
17083,no_incendio,-5.880891988248802,-77.50381327072611
17088,incendio,-5.5615,-75.8052
17090,no_incendio,-6.237007995955339,-77.29653920345977
17091,incendio,-8.4493,-76.3087
17096,incendio,-6.1671,-75.6874
17097,no_incendio,-7.433177363041198,-76.83037064638081
17102,incendio,-6.5779,-76.4461
17107,no_incendio,-6.224512205373936,-77.14720066928672
17112,incendio,-6.4692,-75.7233
17113,incendio,-5.8955,-76.1211
17117,no_incendio,-6.130295951384975,-75.70862882951778
17119,incendio,-5.8627,-75.8473
17131,no_incendio,-6.794519962222771,-76.90986347869215
17133,no_incendio,-5.428382683589806,-76.59712896608411
17140,no_incendio,-6.200171336468845,-76.47517852395984
17142,incendio,-7.0865,-76.294
17143,no_incendio,-6.388532043555506,-76.84726928607184
17151,incendio,-7.7191,-76.4624
17159,no_incendio,-7.005255736259935,-76.42804994495515
17161,incendio,-6.7917,-76.6311
17175,incendio,-6.2012,-75.9085
17181,incendio,-5.7877,-76.3743
17184,incendio,-7.2484,-76.7085
17188,incendio,-6.3359,-76.6032
17199,no_incendio,-6.199486560201427,-77.4221153051421
17202,no_incendio,-7.208457886315255,-75.76495343289794
17214,incendio,-5.7256,-77.3203
17215,no_incendio,-6.360887636963093,-77.10755017823716
17216,no_incendio,-6.237634518264563,-76.93733978052377
17221,incendio,-8.6638,-76.41
17222,incendio,-6.7761,-76.6594
17224,incendio,-5.662,-76.625
17240,incendio,-5.6683,-75.9289
17248,incendio,-5.7316,-77.4244
17253,no_incendio,-5.866539639068574,-77.22687497991105
17254,incendio,-6.0498,-75.9969
17257,no_incendio,-6.188812026219859,-77.47999723724293
17261,no_incendio,-6.939438225282601,-76.80786345912996
17266,incendio,-8.0463,-76.6476
17271,no_incendio,-7.076017752800738,-75.91978389352657
17272,no_incendio,-6.953777990970317,-76.5586078961979
17278,no_incendio,-5.423352355280385,-75.9768451523196
17283,no_incendio,-5.717584209483326,-76.19353141249358
17285,incendio,-6.8097,-76.6556
17289,incendio,-6.7589,-76.4054
17291,incendio,-7.2259,-77.001
17297,incendio,-6.3104,-76.6507
17308,no_incendio,-6.325765977825784,-76.5205147871752
17314,incendio,-7.3017,-76.6223
17316,incendio,-6.4346,-75.9281
17345,incendio,-7.3317,-76.7562
17349,no_incendio,-6.557560588378224,-76.50430262965486
17353,no_incendio,-6.308143679517888,-75.54381617905881
17358,incendio,-6.8667,-76.8236
17361,incendio,-7.5764,-76.4778
17369,no_incendio,-5.716829315463946,-76.6884283959595
17374,incendio,-6.8445,-76.6002
17377,no_incendio,-6.946999930209273,-76.16347768392615
17380,no_incendio,-7.115248664865674,-76.07912965420722
17382,incendio,-8.6169,-75.6013
17390,incendio,-8.5725,-75.6151
17393,no_incendio,-5.393627530051222,-76.7881303458327
17394,incendio,-7.1108,-76.984
17395,incendio,-7.2562,-76.6216
17398,no_incendio,-6.490391135640375,-76.20592887580928
17399,incendio,-6.8277,-76.6883
17405,incendio,-5.685,-76.2797
17409,incendio,-5.8284,-76.3651
17410,incendio,-6.5567,-75.76
17417,no_incendio,-7.506850337937736,-76.33686457857513
17420,no_incendio,-7.333298288226105,-76.42146225481947
17428,no_incendio,-5.424572995842199,-76.6735765187215
17438,incendio,-6.4948,-76.3672
17439,no_incendio,-6.763948396418463,-75.5008846760666
17442,incendio,-6.8498,-76.9587
17445,no_incendio,-5.55191314269425,-76.59129090689653
17446,incendio,-5.7174,-75.7862
17447,no_incendio,-6.834300186862358,-76.1605435782697
17452,incendio,-5.7924,-75.9921
17461,incendio,-8.22,-76.6598
17477,no_incendio,-6.709534503439617,-76.66045732733674
17486,no_incendio,-7.44968802750322,-77.23116283334409
17493,no_incendio,-7.585660689069584,-77.39009094478008
17495,incendio,-5.7373,-76.2002
17510,no_incendio,-6.452984723571151,-76.97534564539009
17511,no_incendio,-5.399746644332469,-76.68187059720576
17531,no_incendio,-6.237634518264563,-76.93733978052377
17532,no_incendio,-5.815206419164588,-75.9840705047973
17535,incendio,-6.74,-77.4976
17538,no_incendio,-7.536087990026042,-76.53899168088374
17539,incendio,-6.0113,-77.2284
17540,no_incendio,-7.371625145918922,-75.70238603258082
17543,no_incendio,-6.8053340000464315,-76.39338208242373
17550,no_incendio,-6.396864121936975,-76.4851873457876
17552,no_incendio,-5.83397648887431,-77.22981106334638
17554,incendio,-6.9602,-76.5897
17557,incendio,-8.0927,-77.6435
17559,no_incendio,-7.07173503300346,-76.39313006840234
17575,no_incendio,-5.612307081535751,-76.80288819980903
17577,no_incendio,-6.271617281791801,-76.2353167311132
17580,no_incendio,-7.279073350966451,-75.53370306812118
17585,no_incendio,-5.880337682080549,-76.27434878275604
17587,incendio,-5.935,-76.4903
17592,incendio,-6.7196,-76.4776
17593,incendio,-7.26,-76.8426
17603,no_incendio,-6.520841370621428,-77.36086106907894
17606,no_incendio,-6.968966493455318,-76.77095416720522
17607,no_incendio,-5.7783488736056645,-77.39085635603547
17619,incendio,-5.7331,-75.6685
17624,no_incendio,-7.325700741079294,-77.06360146385256
17625,no_incendio,-5.590950998396602,-75.50740685150045
17632,incendio,-7.5766,-76.8079
17634,no_incendio,-6.938909457059822,-76.15534082596828
17643,no_incendio,-6.012390103585068,-77.46665184846529
17646,incendio,-7.1699,-77.0742
17648,incendio,-7.2441,-76.6124
17661,incendio,-8.7911,-76.2136
17662,incendio,-7.8472,-77.4555
17675,incendio,-7.3714,-76.5797
17676,incendio,-6.8263,-77.778
17681,incendio,-6.8108,-76.6155
17691,no_incendio,-7.143611941895854,-76.83926289395374
17696,no_incendio,-7.15250800382105,-75.6698884726493
17698,no_incendio,-6.228351070264562,-77.26637950725386
17708,no_incendio,-7.5636797148906325,-76.80582387525504
17710,no_incendio,-7.537645825070388,-77.33447245653781
17713,no_incendio,-6.7988040085111265,-76.15084820178622
17720,no_incendio,-6.460809424904893,-76.67264708557983
17723,incendio,-8.6301,-76.3263
17729,no_incendio,-6.351517341637376,-77.31017116176967
17733,no_incendio,-7.230008103453095,-76.43726823574747
17734,no_incendio,-7.506850337937736,-76.33686457857513
17736,incendio,-6.311,-75.8734
17740,no_incendio,-6.394447416910339,-77.43791713673666
17741,no_incendio,-5.487830888913878,-75.70248261618342
17745,incendio,-5.5817,-76.6781
17746,no_incendio,-7.4500171761306255,-77.030145813453
17752,incendio,-5.9519,-75.9737
17753,incendio,-6.5542,-75.7565
17765,incendio,-5.4774,-76.7731
17772,no_incendio,-6.220053203592378,-76.13217715018442
17780,incendio,-6.5289,-75.7454
17791,incendio,-7.1007,-76.7003
17793,no_incendio,-7.447641034854349,-75.90762090121981
17794,no_incendio,-6.266506898778969,-76.33689278886196
17797,incendio,-5.6223,-76.716
17804,incendio,-8.686,-76.3512
17813,incendio,-6.0397,-76.1378
17814,no_incendio,-6.22948269148436,-77.46060172999928
17815,no_incendio,-5.783942671800878,-75.80670959767819
17818,no_incendio,-5.863508615293079,-77.5457929030888
17829,no_incendio,-6.4891729979787565,-76.11291535541001
17830,incendio,-5.9797,-76.482
17836,no_incendio,-6.3480305531769075,-76.22097710185248
17842,no_incendio,-6.937481703505858,-75.66626594730945
17860,incendio,-8.4587,-76.43
17864,incendio,-6.4792,-76.4887
17867,no_incendio,-6.634686692730256,-75.5796876028018
17870,no_incendio,-7.465611055003252,-76.84521972476566
17871,incendio,-5.7507,-77.375
17874,no_incendio,-7.093257969486561,-77.25013940551041
17877,no_incendio,-5.787648723882205,-76.3637582070336
17880,no_incendio,-6.857236383262051,-76.76658169794014
17885,incendio,-5.6135,-75.9187
17891,no_incendio,-5.356529850556848,-75.70252244587886
17892,incendio,-7.2726,-76.3914
17913,incendio,-7.5793,-76.5245
17915,incendio,-7.5887,-76.5113
17916,incendio,-6.4745,-75.6605
17934,incendio,-7.3517,-76.939
17939,no_incendio,-5.593725246250177,-76.70151478021911
17945,no_incendio,-7.3820884546139,-76.13227467193721
17947,incendio,-5.8298,-76.3939
17958,no_incendio,-6.258662070362653,-76.50630572261905
17965,no_incendio,-7.480945740497024,-75.88131487548965
17969,no_incendio,-5.40191525194851,-77.41832441514279
17974,incendio,-8.5706,-76.1342
17992,no_incendio,-5.9638581047952375,-75.97775046224217
18000,no_incendio,-6.727275952714791,-77.44889142586435
18003,no_incendio,-6.847838156918014,-76.65972952352969
18009,incendio,-5.8593,-76.1894
18037,incendio,-6.72,-76.5199
18039,incendio,-8.7668,-76.2864
18042,incendio,-8.1479,-76.6022
18043,no_incendio,-6.682240904919321,-76.14970898536502
18044,no_incendio,-6.2062844027818835,-77.2816967062703
18067,no_incendio,-6.109182329794082,-77.41759375115069
18075,no_incendio,-5.699419411757933,-76.10583548301037
18077,incendio,-7.334,-76.5236
18100,no_incendio,-6.237007995955339,-77.29653920345977
18103,no_incendio,-5.469135651128677,-76.66584024328755
18106,no_incendio,-7.206553379936274,-76.41990893868237
18111,no_incendio,-5.875471323487407,-77.45654526806348
18118,incendio,-7.2584,-76.6134
18124,no_incendio,-5.87938832915223,-76.90538612384941
18134,incendio,-6.3936,-75.9557
18140,incendio,-5.8444,-75.9966
18141,no_incendio,-5.699419411757933,-76.10583548301037
18146,no_incendio,-6.572959136388864,-76.70713570582085
18148,no_incendio,-6.6817259124413635,-75.77879648666988
18154,no_incendio,-5.714958817536613,-75.57831712461974
18157,incendio,-5.3211,-75.6485
18176,no_incendio,-5.349324419297768,-77.32630960187535
18183,no_incendio,-7.291269329879484,-76.54650698845496
18186,no_incendio,-7.593724484851976,-77.34754973911781
18187,no_incendio,-6.922488599265936,-77.20347324801959
18198,no_incendio,-5.7532005563442,-76.81683301115936
18200,incendio,-7.4165,-76.6576
18207,incendio,-7.3389,-76.3707
18215,incendio,-7.893,-76.7764
18216,incendio,-6.8743,-76.2527
18222,no_incendio,-6.477469375479229,-76.23310758199833
18229,no_incendio,-6.166609034042587,-76.23843722431326
18234,no_incendio,-7.351997452668049,-75.86863921087647
18236,no_incendio,-7.000185157265019,-76.24279253564121
18242,incendio,-6.2668,-76.05
18247,no_incendio,-5.991944937539925,-75.60778625331145
18249,incendio,-7.9872,-77.5103
18265,incendio,-6.6572,-76.6517
18271,incendio,-7.1307,-76.5458
18273,incendio,-5.9152,-76.4449
18276,no_incendio,-7.126729071613174,-77.02628949920283
18278,incendio,-7.2748,-76.951
18280,incendio,-7.8025,-76.826
18283,no_incendio,-7.506544236901732,-77.50246102993648
18284,incendio,-6.5357,-75.6809
18287,no_incendio,-7.192625795202753,-75.79931940133156
18293,no_incendio,-6.308143679517888,-75.54381617905881
18295,no_incendio,-6.173497385338977,-77.08001241103895
18298,no_incendio,-7.082610644878744,-76.41583738866235
18305,no_incendio,-6.774947131584925,-76.00722166007617
18308,incendio,-5.9071,-77.2739
18309,incendio,-5.9712,-75.925
18311,no_incendio,-6.998414939340265,-75.67912715079014
18317,no_incendio,-5.420009462532595,-77.54497332899014
18321,incendio,-7.1298,-76.0732
18326,incendio,-7.5166,-76.6002
18330,no_incendio,-6.717293792016525,-75.64014245587184
18348,incendio,-7.1447,-76.3084
18353,incendio,-7.7213,-76.7381
18359,incendio,-7.3729,-76.8841
18390,incendio,-6.8641,-76.5357
18393,no_incendio,-5.868777989192487,-75.61031419176939
18404,incendio,-7.2252,-76.7763
18406,incendio,-7.19,-76.8493
18410,incendio,-7.2966,-76.9724
18412,no_incendio,-7.322683908671553,-75.62004317838583
18414,no_incendio,-5.849268078249962,-76.0787263818459
18425,no_incendio,-5.353246300739066,-75.96334736686653
18429,incendio,-6.0804,-76.2033
18441,incendio,-8.4058,-77.6025
18443,no_incendio,-6.266506898778969,-76.33689278886196
18445,incendio,-7.3914,-76.4228
18449,incendio,-7.068,-76.8113
18454,incendio,-7.2451,-76.7893
18455,incendio,-7.0495,-77.0821
18461,incendio,-8.1864,-76.5166
18463,no_incendio,-6.391881397317083,-77.53216465937516
18467,no_incendio,-6.825822993237503,-77.04144362527458
18468,incendio,-5.8324,-77.022
18472,incendio,-5.3162,-76.6481
18477,incendio,-7.1622,-76.49
18479,incendio,-7.102,-76.261
18487,incendio,-8.3974,-76.4119
18490,incendio,-7.9383,-76.6813
18492,no_incendio,-5.841456819782133,-77.02191077906832
18500,no_incendio,-7.319106221775668,-76.84964608294781
18507,no_incendio,-5.919068188390441,-77.36605426382134
18511,no_incendio,-6.846679592265051,-75.78055281220841
18514,no_incendio,-7.381225768944467,-76.16930082038664
18519,no_incendio,-7.5993037570991975,-77.49364640835546
18524,incendio,-6.2397,-76.7781
18532,no_incendio,-6.386426402369189,-77.04162489751405
18538,incendio,-8.7775,-77.7952
18543,no_incendio,-6.94690710912819,-75.63438003182783
18547,no_incendio,-7.2889510765606325,-76.46654281298771
18551,incendio,-6.8766,-76.7491
18553,no_incendio,-7.132724984642544,-76.76764396887705
18554,incendio,-5.8107,-76.0361
18556,incendio,-6.178,-76.1474
18572,incendio,-6.9807,-76.9257
18575,no_incendio,-6.808298154641365,-77.1261442416624
18583,no_incendio,-6.089075896633828,-77.11331132604498
18585,incendio,-7.9537,-76.7286
18590,incendio,-7.0232,-76.7998
18591,incendio,-7.6637,-76.4743
18609,incendio,-5.9005,-76.1069
18616,no_incendio,-5.996065973339257,-76.13966106255965
18620,incendio,-7.3782,-76.7283
18632,no_incendio,-6.9177745399597805,-77.27712831962272
18636,no_incendio,-6.671769405587168,-77.2003294261131
18645,no_incendio,-6.934543735011002,-76.3579106281597
18646,no_incendio,-6.061127541678445,-77.3300358732125
18652,no_incendio,-5.846023239980903,-75.59058432825728
18655,incendio,-7.5169,-76.4521
18658,no_incendio,-6.709233322192638,-77.51049806027564
18666,incendio,-7.5677,-76.2279
18669,no_incendio,-5.5280435147957645,-75.64292390382334
18675,incendio,-8.6609,-76.3887
18682,incendio,-8.5327,-76.505
18687,incendio,-8.3942,-76.4054
18689,incendio,-7.3319,-75.5577
18701,incendio,-8.7625,-77.0843
18725,incendio,-7.1071,-76.0951
18726,no_incendio,-5.384324497906241,-76.81955746951022
18727,incendio,-6.846,-76.9783
18729,no_incendio,-6.882432262080377,-75.90126287963834
18735,no_incendio,-7.409421605310309,-75.83681236527086
18750,incendio,-5.9306,-76.2293
18759,incendio,-6.0288,-76.3206
18771,no_incendio,-7.566170057674632,-77.33420456007225
18778,no_incendio,-7.432415046086705,-75.62170917666255
18780,no_incendio,-7.284463966351714,-76.84480226943248
18794,no_incendio,-7.232373566693578,-77.33989801092913
18798,no_incendio,-5.382698663545955,-75.70884428974506
18803,no_incendio,-5.636338028013915,-75.57133657890496
18807,no_incendio,-7.010865933982342,-76.63167881965191
18809,no_incendio,-5.804055235179965,-77.4451366120588
18810,no_incendio,-5.641271222445664,-77.2589065650696
18822,no_incendio,-7.247461423234719,-75.57023459371909
18830,no_incendio,-6.781601843650596,-77.34861421933648
18834,incendio,-6.809,-76.5088
18849,incendio,-8.7013,-76.2843
18851,no_incendio,-6.163392021425101,-76.6587242460342
18856,incendio,-8.3581,-76.384
18859,incendio,-8.5107,-76.1859
18867,incendio,-5.837,-76.1908
18868,no_incendio,-6.4891729979787565,-76.11291535541001
18869,no_incendio,-6.6726823357299025,-76.74697083453398
18870,incendio,-7.3545,-76.5738
18887,no_incendio,-5.3579190970036175,-75.71127050256207
18892,incendio,-7.6161,-76.4788
18894,no_incendio,-6.632429838819291,-76.85546244307059
18897,incendio,-8.4167,-76.4459
18900,incendio,-7.474,-76.7496
18909,incendio,-7.1703,-76.6873
18918,incendio,-7.6878,-76.4767
18919,incendio,-6.4024,-75.7039
18932,no_incendio,-6.156050459707027,-75.66218917207854
18936,no_incendio,-7.56354574516261,-76.00460014183221
18943,no_incendio,-5.91369294253363,-76.91673941934057
18951,incendio,-7.1579,-76.9393
18952,no_incendio,-5.473631906137981,-76.93641473945902
18956,no_incendio,-6.184018518963494,-76.64827203950954
18957,incendio,-5.8893,-75.7863
18958,no_incendio,-7.579948204047341,-77.15279486128607
18965,no_incendio,-5.7595902055188795,-75.77924853201874
18969,incendio,-6.6815,-76.4762
18994,incendio,-5.3348,-76.7487
19000,incendio,-5.3388,-76.6419
19019,no_incendio,-6.812854444766214,-76.31590409569822
19020,incendio,-8.5345,-76.8256
19024,incendio,-8.5305,-76.3749
19025,no_incendio,-5.913444133925558,-76.54061399484421
19026,incendio,-7.0187,-76.9075
19031,incendio,-7.5701,-76.3892
19032,no_incendio,-7.306661299403648,-77.35299757529853
19033,no_incendio,-5.531709345051456,-76.12800515028563
19044,no_incendio,-5.87938832915223,-76.90538612384941
19045,no_incendio,-7.491547550658209,-77.41447872545433
19053,no_incendio,-5.761894026687926,-76.71626651276603
19061,no_incendio,-7.265385570436415,-76.15256195898944
19064,incendio,-5.8285,-75.8162
19067,incendio,-8.5287,-76.4119
19068,incendio,-7.2716,-76.3809
19073,no_incendio,-5.987623594847527,-77.50895445827787
19075,no_incendio,-7.084883582406477,-76.16691642079259
19080,incendio,-8.4521,-76.2757
19089,incendio,-8.3492,-77.0027
19097,no_incendio,-6.945484440166689,-76.77951589048426
19101,no_incendio,-7.206553379936274,-76.41990893868237
19113,no_incendio,-5.626490573988114,-76.90197669049898
19116,no_incendio,-5.882916892819359,-76.86515934904114
19118,no_incendio,-6.446499470618798,-75.63834110129498
19121,no_incendio,-7.1977592020733425,-77.03415799769597
19126,incendio,-7.3622,-76.4369
19127,incendio,-6.5634,-75.7474
19128,incendio,-7.6567,-76.6465
19137,incendio,-7.1774,-77.0708
19138,no_incendio,-7.491547550658209,-77.41447872545433
19150,incendio,-8.2743,-76.5929
19152,no_incendio,-6.460809424904893,-76.67264708557983
19158,incendio,-7.1725,-76.182
19166,incendio,-7.0581,-76.8392
19167,incendio,-7.34,-76.276
19168,incendio,-7.5213,-76.4602
19169,no_incendio,-6.402507911708669,-75.63264270737905
19170,no_incendio,-6.242683257012905,-77.09272695265327
19175,no_incendio,-6.967630832661904,-76.66075655259817
19177,incendio,-7.0935,-76.2852
19182,no_incendio,-6.329066895240967,-77.1289458150613
19190,no_incendio,-5.786742413220336,-77.47906670461887
19192,incendio,-7.2815,-76.3901
19204,incendio,-7.016,-76.8568
19211,no_incendio,-5.317490731831781,-77.05291423448321
19229,no_incendio,-6.884683844966387,-77.48590774056447
19231,incendio,-7.9462,-76.6931
19233,no_incendio,-6.942876340672963,-76.33358150381483
19234,no_incendio,-7.059198382146936,-75.77593999522976
19235,incendio,-5.7004,-76.4445
19237,no_incendio,-6.152183459458481,-75.52419970077695
19245,no_incendio,-5.652384048618223,-75.53477074714212
19246,incendio,-7.702,-76.502
19249,no_incendio,-5.89201477503853,-77.2682101013539
19251,incendio,-8.5058,-75.5875
19252,incendio,-7.0219,-76.1821
19253,no_incendio,-5.923104963527884,-76.43553159912858
19272,no_incendio,-5.756771146595229,-77.41858176231523
19291,incendio,-7.0749,-76.5
19292,incendio,-6.7753,-76.4827
19305,incendio,-8.5952,-76.2962
19309,no_incendio,-7.195118276412429,-75.87773973651454
19320,incendio,-7.7597,-76.6552
19325,no_incendio,-5.7103480025675015,-77.41410373684516
19331,no_incendio,-7.468966943240149,-76.0987072289364
19334,incendio,-6.6614,-77.5218
19335,no_incendio,-6.162915042417179,-77.15261169414305
19337,incendio,-7.1605,-76.3607
19339,incendio,-6.3089,-76.6694
19340,incendio,-5.474,-76.6358
19341,incendio,-5.466,-76.6389
19347,incendio,-6.1223,-77.671
19349,no_incendio,-7.147843120370421,-77.31448550971452
19351,incendio,-6.08,-76.0001
19355,no_incendio,-7.263705379465793,-77.32787830995856
19358,incendio,-7.4184,-76.6989
19362,no_incendio,-5.370065008448104,-77.20634043748042
19367,incendio,-6.484,-76.3722
19372,no_incendio,-6.319184567250436,-76.7615595241715
19374,incendio,-8.5892,-76.1357
19388,no_incendio,-6.679897679386204,-77.34823338283437
19391,no_incendio,-7.384620420011121,-76.77592855304549
19397,no_incendio,-5.817722164420606,-76.05024701906109
19408,incendio,-5.8067,-76.5968
19409,incendio,-8.6841,-76.9356
19413,no_incendio,-5.5683966845979995,-76.81768428751661
19421,no_incendio,-6.727424984115921,-76.66756072308013
19425,no_incendio,-6.3280159994888185,-76.39673641063581
19427,no_incendio,-5.4225864404931166,-77.44996456310464
19431,no_incendio,-5.380924923914102,-76.12851157268119
19432,incendio,-7.5943,-76.4008
19436,incendio,-6.8718,-76.7811
19437,incendio,-5.8837,-76.4858
19443,no_incendio,-6.979813600777688,-77.48470455898823
19446,no_incendio,-5.733329701316475,-76.97970479241751
19447,no_incendio,-6.158099214586715,-77.01707847694989
19448,no_incendio,-6.4776266103105895,-77.14737002070362
19456,no_incendio,-5.83983548332399,-77.3596154335897
19471,no_incendio,-5.592798700137297,-76.77202119029057
19472,no_incendio,-5.531494331119256,-75.68693972870032
19477,no_incendio,-6.234937456831474,-75.55136134306397
19478,no_incendio,-6.85257481056394,-76.48694884372748
19481,incendio,-5.8414,-75.9679
19482,no_incendio,-6.699009805364948,-77.20530585140459
19484,incendio,-5.6965,-76.6131
19485,incendio,-6.6788,-76.5265
19502,incendio,-5.8298,-76.9181
19514,no_incendio,-5.902840695958739,-77.46595018427229
19522,incendio,-7.6074,-76.4705
19528,no_incendio,-6.646019680443848,-77.50514894077688
19531,incendio,-8.059,-76.5969
19533,no_incendio,-5.4433732153340495,-76.71634375535739
19536,incendio,-7.5543,-76.5739
19537,incendio,-6.2272,-75.7999
19541,no_incendio,-6.7449829270010735,-76.32449330393015
19542,incendio,-6.1636,-75.988
19549,no_incendio,-5.4868610147355525,-76.76095607597574
19550,no_incendio,-7.456346722108078,-76.20342873895703
19551,no_incendio,-6.1029066882194485,-77.35334666324442
19558,no_incendio,-6.090705105654209,-75.76196358722034
19565,no_incendio,-5.388346448693102,-76.72150148992378
19578,no_incendio,-5.530786000980501,-76.91418709127078
19579,no_incendio,-5.5896376031918615,-76.35252920094948
19593,incendio,-6.5556,-76.7916
19601,no_incendio,-7.181016545835497,-77.14662187463146
19608,incendio,-6.2164,-76.2304
19611,incendio,-7.4195,-76.5942
19614,incendio,-6.0365,-76.9713
19616,no_incendio,-6.04175420458928,-75.6154818462728
19620,no_incendio,-5.652384048618223,-75.53477074714212
19621,incendio,-5.8139,-77.3277
19623,no_incendio,-7.028663799217614,-75.85033836524988
19634,incendio,-7.0085,-76.7456
19642,no_incendio,-6.040843804619021,-75.5134205645717
19644,no_incendio,-5.73653806083423,-77.04027076606343
19645,no_incendio,-5.4324592687941,-76.16239104777486
19654,incendio,-8.3225,-76.3979
19657,incendio,-7.6706,-76.4733
19664,no_incendio,-7.401018606692293,-76.00185651713339
19678,no_incendio,-6.994018548876931,-77.44340810717631
19680,no_incendio,-6.08565697953034,-76.3565072601085
19681,incendio,-6.5158,-76.4999
19688,incendio,-6.8247,-76.5335
19691,incendio,-7.9278,-76.8098
19695,no_incendio,-7.347666513055251,-77.19530347019538
19696,no_incendio,-5.901183537582431,-77.01906915606199
19699,incendio,-6.2811,-75.8004
19700,no_incendio,-5.809070578757959,-75.92077418660742
19705,incendio,-6.991,-76.6138
19719,incendio,-7.117,-76.2545
19722,incendio,-7.2362,-76.7799
19725,incendio,-6.687,-76.1824
19727,incendio,-8.3749,-77.038
19728,no_incendio,-6.521871195981789,-77.46615975017302
19730,incendio,-5.3256,-76.2941
19732,incendio,-7.5762,-76.6136
19747,incendio,-5.76,-77.3985
19752,no_incendio,-7.391354511869424,-77.17370886410413
19755,no_incendio,-7.196513313319464,-76.34355474331385
19774,incendio,-7.1209,-76.9701
19780,incendio,-7.8818,-76.7701
19781,no_incendio,-7.371625145918922,-75.70238603258082
19785,no_incendio,-6.360887636963093,-77.10755017823716
19786,incendio,-6.9488,-76.5166
19790,incendio,-5.7046,-77.2559
19799,incendio,-7.1587,-76.3218
19803,no_incendio,-6.090705105654209,-75.76196358722034
19804,no_incendio,-5.662370106905432,-77.07535731755083
19806,incendio,-7.3674,-76.6803
19811,no_incendio,-7.192676000546934,-77.13476748134192
19818,no_incendio,-7.149862558736682,-77.09989679523933
19822,no_incendio,-7.579867389663157,-75.5999817001758
19827,no_incendio,-7.181016545835497,-77.14662187463146
19830,incendio,-8.3235,-76.3133
19831,incendio,-7.148,-76.3268
19835,incendio,-6.5253,-75.7675
19837,no_incendio,-5.300946297144839,-75.60535100286195
19861,incendio,-7.053,-76.9522
19865,no_incendio,-5.931410128051382,-77.48442078407336
19868,no_incendio,-6.303002240210201,-76.72194514117207
19870,no_incendio,-7.390169812745361,-75.85173982819381
19874,no_incendio,-7.3828581911388165,-75.8721549637632
19875,incendio,-5.8561,-76.2653
19877,incendio,-6.1646,-76.3559
19887,no_incendio,-5.543275857949961,-76.36401463997392
19895,no_incendio,-5.4324592687941,-76.16239104777486
19901,no_incendio,-5.692068833993068,-76.92243000249631
19905,no_incendio,-5.9729308547052575,-77.19584889522876
19910,incendio,-6.2431,-76.1909
19924,incendio,-7.1007,-76.7007
19926,incendio,-7.6222,-76.7106
19929,no_incendio,-6.74885592845062,-76.02672128613708
19934,incendio,-7.2184,-76.6419
19935,no_incendio,-5.8418090063734045,-77.13859458576027
19948,no_incendio,-6.701934945529236,-77.46493186657752
19951,no_incendio,-6.522871972647179,-77.1088712424184
19953,incendio,-8.7882,-77.0748
19955,incendio,-7.9527,-76.6785
19964,no_incendio,-6.991871137907023,-76.86560292258433
19968,no_incendio,-6.269160672028454,-77.26185240867942
19974,no_incendio,-6.434453669791493,-76.35359643649942
19975,incendio,-6.5011,-76.5226
19976,no_incendio,-7.427821513315094,-77.09535827635182
19978,no_incendio,-6.745283632589781,-76.33682715106067
20001,incendio,-6.6472,-77.4904
20003,no_incendio,-7.301995634610949,-77.3052348248029
20019,no_incendio,-5.557069716448366,-75.65393079947539
20021,incendio,-7.8785,-75.5326
20028,no_incendio,-5.800895908311601,-76.62831443275236
20038,no_incendio,-7.459517004149713,-75.65348895495933
20056,incendio,-6.9429,-77.7527
20057,incendio,-8.2045,-77.0602
20060,incendio,-7.1448,-76.4896
20063,no_incendio,-6.646019680443848,-77.50514894077688
20066,no_incendio,-6.684698936601428,-75.64362761188839
20069,no_incendio,-5.531709345051456,-76.12800515028563
20091,no_incendio,-7.392389482278091,-76.3604718116053
20094,no_incendio,-6.937667134670242,-75.79567614590403
20100,incendio,-7.5476,-76.3469
20104,no_incendio,-6.887017706594157,-77.30533643415299
20114,no_incendio,-6.125013751679443,-76.15307627183338
20115,incendio,-6.8051,-76.7761
20128,incendio,-8.5307,-76.367
20137,incendio,-8.3691,-76.5344
20139,no_incendio,-5.5670313248345,-75.99876018929933
20141,no_incendio,-5.882545131668422,-77.4252687375934
20145,no_incendio,-5.659847709526774,-75.83935663792408
20157,no_incendio,-5.733319617679441,-76.17295841826885
20158,no_incendio,-6.134868701694113,-76.84593822630983
20172,incendio,-6.296,-76.1895
20176,incendio,-7.6578,-76.4826
20179,incendio,-6.9387,-76.7338
20188,incendio,-5.5819,-76.6746
20190,no_incendio,-7.397102442990121,-76.86665660281676
20195,incendio,-5.8599,-75.9968
20203,incendio,-6.3045,-76.6787
20205,no_incendio,-5.420009462532595,-77.54497332899014
20213,no_incendio,-6.0457356441581505,-76.76564488218803
20226,no_incendio,-6.2816422432891255,-75.61454508391762
20229,no_incendio,-6.045557480896305,-76.73042918045354
20233,incendio,-7.1505,-77.1023
20240,incendio,-6.6233,-76.6573
20244,incendio,-6.2406,-76.2077
20251,no_incendio,-5.3689055308415,-76.62344622964636
20252,incendio,-6.755,-76.4824
20255,no_incendio,-6.979782618165886,-76.34280103633438
20267,incendio,-7.5806,-76.4925
20269,no_incendio,-7.035328568865795,-77.4057239232557
20271,no_incendio,-7.263705379465793,-77.32787830995856
20275,incendio,-6.2017,-75.6796
20279,incendio,-7.6352,-76.7216
20282,incendio,-7.0794,-76.1742
20286,no_incendio,-6.306399139576039,-77.35464424704278
20298,incendio,-6.4793,-75.7273
20299,incendio,-7.2777,-76.6481
20302,incendio,-7.2462,-76.3743
20305,no_incendio,-7.289453419528988,-76.70433724655702
20312,no_incendio,-5.913375544586391,-77.02153912778006
20317,incendio,-5.8917,-76.1186
20322,no_incendio,-5.369370124540203,-77.53041632467286
20323,no_incendio,-7.493540878148328,-76.20838654108637
20325,no_incendio,-5.849265187399489,-77.52081578278697
20332,incendio,-7.2924,-76.4445
20337,incendio,-5.3578,-76.565
20341,incendio,-5.9055,-76.1093
20347,incendio,-7.4784,-76.6287
20349,no_incendio,-7.341385532228014,-75.96721546288514
20350,incendio,-8.2372,-77.7166
20361,incendio,-5.6671,-76.651
20362,incendio,-6.5705,-75.6692
20363,no_incendio,-5.541112522183527,-75.99676308138659
20375,no_incendio,-6.038741337094879,-76.35768470937417
20376,no_incendio,-6.476078930269108,-76.12579467837428
20387,incendio,-7.7837,-76.7967
20394,no_incendio,-6.08674868659818,-77.38664384875209
20395,incendio,-7.3128,-76.6936
20398,no_incendio,-6.761574880071224,-76.52109859066432
20405,incendio,-6.0092,-76.2624
20416,incendio,-5.435,-76.795
20420,no_incendio,-6.931054749326789,-77.2760800084336
20439,incendio,-7.3444,-76.644
20440,no_incendio,-6.1849308797193405,-77.44943428599332
20453,no_incendio,-5.8012341650518415,-77.26448001518449
20456,incendio,-8.2265,-76.5942
20465,no_incendio,-5.397948781588011,-77.53247141487635
20467,incendio,-6.5648,-76.3877
20469,no_incendio,-5.977893876843185,-76.20383698117358
20492,incendio,-6.7849,-76.5284
20506,no_incendio,-7.20837922312058,-75.60173964481412
20507,no_incendio,-6.573895472470259,-76.90325456502508
20518,no_incendio,-6.53438876670278,-77.3151143596093
20526,no_incendio,-6.161493803649726,-77.185392683239
20531,no_incendio,-6.877247924736086,-76.70115338296226
20532,incendio,-5.8314,-77.2572
20533,no_incendio,-7.431414415877487,-76.13136950681124
20535,no_incendio,-6.949415512269831,-76.30894649629607
20540,no_incendio,-5.932677032359028,-76.67039982026421
20543,no_incendio,-5.398135296375456,-76.71445247130518
20544,no_incendio,-5.906320557671209,-76.16456069117528
20555,no_incendio,-5.839270188717535,-77.49668062311541
20571,no_incendio,-6.1503156162969,-75.68207577523512
20574,no_incendio,-7.0287390386317705,-77.03724597379518
20577,incendio,-5.6663,-75.8208
20585,incendio,-6.57,-75.6174
20586,no_incendio,-5.525166300103762,-76.64412404917219
20594,incendio,-6.492,-76.3784
20595,incendio,-7.2952,-76.4301
20599,incendio,-7.78,-76.784
20600,no_incendio,-5.855822399079694,-75.69747959221154
20602,no_incendio,-6.654449786981951,-77.1406120148932
20616,no_incendio,-7.07173503300346,-76.39313006840234
20619,no_incendio,-7.303191371239219,-76.86950299016307
20622,incendio,-6.2257,-76.7205
20623,no_incendio,-7.0802266587833635,-75.87902422488
20631,no_incendio,-6.619578652288662,-76.97686198868091
20632,incendio,-7.2573,-76.6703
20643,no_incendio,-5.691367325953232,-76.91174291210852
20650,no_incendio,-5.812760524192122,-77.54920790478845
20652,incendio,-6.9672,-77.7188
20654,no_incendio,-6.959105963658491,-76.85747096898318
20662,no_incendio,-6.721818890646596,-76.25717682869612
20663,no_incendio,-6.092332930769818,-77.53250095731846
20666,no_incendio,-7.436772555974999,-76.13512005747918
20670,no_incendio,-6.992873718796428,-77.40735326396366
20679,no_incendio,-7.56354574516261,-76.00460014183221
20680,no_incendio,-6.470561948843736,-76.94393330664495
20686,no_incendio,-6.53325154649785,-76.75115030969212
20688,incendio,-6.1356,-75.7139
20690,no_incendio,-5.3992279096164255,-77.51525342091976
20695,incendio,-5.4672,-76.7509
20697,incendio,-6.0017,-76.1526
20700,incendio,-6.9453,-76.6184
20705,incendio,-6.2094,-75.8799
20708,incendio,-7.1135,-76.2145
20716,no_incendio,-7.446762207896028,-76.39856521781556
20723,no_incendio,-6.8241555048520945,-76.01927599626522
20724,no_incendio,-6.833720284532176,-77.09053083344739
20726,incendio,-8.0745,-77.7124
20729,no_incendio,-5.5259385585543805,-76.78474947687066
20741,incendio,-5.8933,-76.2521
20760,no_incendio,-7.538851524680003,-76.89606525439852
20761,no_incendio,-6.059607457191615,-77.52385870382261
20767,no_incendio,-5.852253396123982,-76.5690433745382
20769,no_incendio,-6.99869942925542,-76.8613209261512
20773,incendio,-6.5495,-76.4822
20787,no_incendio,-6.819960436835468,-75.76204305997081
20788,incendio,-7.9183,-76.8227
20790,incendio,-6.0574,-76.3157
20792,no_incendio,-6.856229226903604,-75.880120110949
20793,no_incendio,-6.922199249991655,-76.68603062105682
20794,no_incendio,-6.1245241179034995,-75.6853524981565
20795,no_incendio,-6.934543735011002,-76.3579106281597
20803,no_incendio,-5.6874479423727555,-75.79801976537915
20812,incendio,-6.7994,-76.7042
20815,no_incendio,-7.428960143280297,-76.20768184148152
20818,incendio,-6.9976,-76.7219
20831,no_incendio,-6.248030507497377,-77.52671049342304
20836,incendio,-7.1034,-76.4178
20841,incendio,-6.4403,-76.4036
20845,no_incendio,-7.389808722529589,-77.07301560245696
20850,incendio,-7.2436,-77.0704
20851,incendio,-5.8314,-77.1274
20856,incendio,-6.9749,-77.0517
20859,incendio,-6.1957,-76.2861
20862,incendio,-6.923,-76.5852
20869,incendio,-7.6487,-76.7701
20880,incendio,-6.5016,-75.7404
20881,no_incendio,-7.552000736404346,-77.05977682552361
20883,no_incendio,-6.31265571754434,-77.00564888561091
20891,incendio,-8.7244,-76.3288
20893,no_incendio,-5.937825755560712,-77.54131014900841
20899,no_incendio,-6.832250558370159,-76.20474853380588
20906,incendio,-6.1198,-76.4025
20910,no_incendio,-5.3750389583532385,-76.27737605989306
20912,incendio,-6.8799,-76.6056
20913,incendio,-6.8058,-76.5115
20922,incendio,-8.3046,-76.6272
20923,no_incendio,-5.856151465825925,-75.61952647714237
20931,no_incendio,-7.325700741079294,-77.06360146385256
20932,incendio,-7.1218,-76.6513
20933,incendio,-7.3616,-76.5024
20934,incendio,-6.9662,-76.4531
20939,no_incendio,-5.853989818371729,-76.78866763757419
20942,incendio,-6.8907,-76.8714
20953,no_incendio,-5.73653806083423,-77.04027076606343
20955,incendio,-6.7923,-76.8237
20962,no_incendio,-6.122241228202742,-76.97601645146484
20973,incendio,-6.8814,-76.5266
20975,no_incendio,-7.208517788052751,-77.27726682011853
20977,no_incendio,-5.452511328645989,-77.32229773796371
20986,no_incendio,-5.957368180282539,-76.7498768526133
20988,incendio,-7.8705,-75.5154
20992,no_incendio,-6.395505819847665,-76.99761432969862
21011,incendio,-8.3119,-76.6225
21026,incendio,-5.9938,-77.1884
21029,no_incendio,-6.922199249991655,-76.68603062105682
21030,incendio,-6.5203,-77.0196
21033,no_incendio,-6.899424280300874,-76.07403591805503
21034,no_incendio,-5.441244045280792,-76.19936571316805
21035,incendio,-7.292,-76.6025
21042,no_incendio,-5.662370106905432,-77.07535731755083
21047,no_incendio,-5.343847653580683,-76.19643132056173
21048,no_incendio,-6.323745703888591,-76.07826663303581
21053,incendio,-5.7381,-75.849
21056,no_incendio,-6.664505823088651,-77.4814157749719
21063,no_incendio,-6.827947755317633,-77.24078320536096
21068,no_incendio,-5.61928379725062,-76.7464492739021
21069,incendio,-8.7474,-76.2586
21071,no_incendio,-6.7528370184185675,-75.79463738047077
21073,no_incendio,-6.606971151394778,-76.7033258603189
21079,incendio,-8.5548,-76.3961
21080,no_incendio,-6.618506694977619,-76.00213992327006
21084,incendio,-6.949,-76.3508
21086,no_incendio,-7.233369543625463,-75.83176043083628
21098,no_incendio,-6.762864710659274,-76.8037089986203
21110,incendio,-7.9715,-76.6471
21122,no_incendio,-7.389808722529589,-77.07301560245696
21127,incendio,-6.052,-76.2858
21129,no_incendio,-6.3402826742912515,-75.67543757743714
21132,no_incendio,-5.976958562482058,-76.80488821989493
21136,incendio,-6.7162,-76.6011
21141,incendio,-5.894,-76.3792
21146,no_incendio,-7.598815481458372,-76.55352785980209
21152,incendio,-6.929,-76.791
21164,no_incendio,-6.228351070264562,-77.26637950725386
21166,no_incendio,-6.635301014584928,-76.41004319664097
21171,incendio,-6.9452,-76.7088
21181,incendio,-6.8128,-76.5278
21184,incendio,-6.8995,-76.6548
21188,incendio,-8.5638,-76.3866
21189,incendio,-8.5172,-75.5613
21192,no_incendio,-7.575264155010306,-76.7671801072031
21193,no_incendio,-7.511017054186108,-77.44217334143556
21194,no_incendio,-5.607428760846163,-75.61638280541105
21198,no_incendio,-7.353333723942861,-76.86451079953567
21210,incendio,-5.8388,-76.3662
21213,no_incendio,-5.67746740794027,-76.11677597680215
21221,no_incendio,-7.487103293775268,-76.06526148025002
21222,incendio,-5.8008,-77.2533
21231,no_incendio,-6.234222668201542,-76.20280713881237
21233,no_incendio,-6.787051317211901,-77.10628604223226
21235,incendio,-7.8448,-76.688
21249,no_incendio,-5.591020062659783,-76.63960042736485
21251,incendio,-6.1494,-77.0757
21252,incendio,-7.2528,-76.7809
21258,incendio,-6.9493,-76.0816
21260,incendio,-7.2027,-76.8657
21271,no_incendio,-6.248030507497377,-77.52671049342304
21272,incendio,-7.1036,-77.0443
21283,no_incendio,-7.417769459056535,-76.0278387197161
21287,no_incendio,-6.618506694977619,-76.00213992327006
21289,incendio,-6.9484,-76.8919
21295,incendio,-6.2385,-77.7678
21299,incendio,-6.9653,-76.449
21302,incendio,-8.6001,-76.5646
21309,no_incendio,-5.394785578322833,-77.00358788486766
21311,no_incendio,-5.4324592687941,-76.16239104777486
21315,incendio,-7.8096,-76.7326
21328,incendio,-6.7139,-76.7426
21330,no_incendio,-5.899739172279481,-75.62561076754551
21333,no_incendio,-6.526663320909917,-76.57498858502044
21335,incendio,-8.489,-76.3327
21336,no_incendio,-6.109182329794082,-77.41759375115069
21342,no_incendio,-7.188428352306568,-77.29319926370498
21343,incendio,-8.4206,-76.419
21352,no_incendio,-5.959481938609148,-77.35681272469573
21354,incendio,-6.8066,-76.5529
21371,no_incendio,-6.837388041019548,-77.0882269714977
21374,no_incendio,-7.017832061015762,-77.13978816386988
21376,no_incendio,-6.3431574963922905,-76.8897013975212
21377,no_incendio,-6.348815001844065,-75.62878823200789
21385,incendio,-7.2991,-76.8037
21387,incendio,-7.4038,-76.8721
21388,no_incendio,-6.581475655282046,-76.92813918096854
21403,no_incendio,-6.965586863586331,-77.4440785223658
21407,no_incendio,-7.267527749331178,-76.00258934511766
21411,no_incendio,-6.152183459458481,-75.52419970077695
21415,no_incendio,-5.9787702159042375,-76.39270327711898
21417,no_incendio,-5.612907306182736,-76.9815155721773
21423,no_incendio,-6.469524270312644,-76.04017356223993
21427,incendio,-8.6919,-76.2645
21429,incendio,-7.2625,-76.6564
21431,no_incendio,-6.376726836973272,-77.35752912688064
21433,incendio,-7.0322,-76.8053
21434,no_incendio,-5.852253396123982,-76.5690433745382
21448,incendio,-6.8496,-76.6518
21449,no_incendio,-7.24803934210104,-76.82472284533478
21452,no_incendio,-5.719203795161454,-76.0632701523621
21453,incendio,-8.6689,-76.8285
21457,no_incendio,-6.3427644504242675,-77.35180398852548
21467,incendio,-7.2349,-76.6273
21468,no_incendio,-5.992717705570296,-75.97108395344519
21474,no_incendio,-7.0475824644559095,-77.00777977835193
21497,incendio,-6.7761,-76.4732
21508,no_incendio,-5.870407571755855,-76.43899593158982
21512,incendio,-7.0086,-76.262
21513,no_incendio,-7.132724984642544,-76.76764396887705
21516,incendio,-7.3344,-76.2671
21519,no_incendio,-7.086048466965619,-75.60482526516276
21520,no_incendio,-6.539751025490163,-75.79612657062603
21526,incendio,-5.7372,-77.4619
21539,no_incendio,-6.459421110313875,-76.2975020951517
21542,no_incendio,-6.606517162327486,-77.4629258839616
21544,incendio,-7.2754,-76.5946
21545,no_incendio,-7.537264707596327,-76.77993123452514
21548,no_incendio,-6.558646082464617,-76.16096804971144
21550,incendio,-6.7523,-76.5164
21562,incendio,-8.7057,-76.8416
21564,incendio,-6.8797,-76.9375
21570,no_incendio,-5.403821247036303,-76.32388095777216
21573,incendio,-7.5895,-76.387
21575,incendio,-6.1223,-77.7907
21576,no_incendio,-6.7738595150234,-76.75356063625604
21578,no_incendio,-5.655403371061297,-77.22066038141541
21584,incendio,-7.2622,-76.6404
21597,incendio,-7.3017,-76.9282
21599,incendio,-6.561,-77.4867
21600,no_incendio,-5.60683404112794,-77.27867668965091
21602,incendio,-7.6231,-76.7013
21606,no_incendio,-6.490391135640375,-76.20592887580928
21612,no_incendio,-6.950538468924696,-76.07104877103448
21613,incendio,-6.9875,-76.6187
21621,no_incendio,-5.380924923914102,-76.12851157268119
21630,no_incendio,-6.351517341637376,-77.31017116176967
21633,incendio,-7.1401,-76.9322
21639,incendio,-7.6692,-76.5138
21641,incendio,-8.5014,-76.5017
21642,incendio,-7.2483,-76.0611
21658,no_incendio,-6.420856851462068,-76.77933512635609
21663,incendio,-8.2701,-77.5884
21664,incendio,-5.7432,-76.5195
21667,incendio,-8.6226,-76.7306
21671,no_incendio,-7.454820191858604,-77.06390769959336
21679,no_incendio,-5.3579190970036175,-75.71127050256207
21680,incendio,-7.46,-76.5895
21685,no_incendio,-6.080706501829642,-77.17715903994046
21687,incendio,-8.1581,-76.6726
21697,incendio,-6.6813,-76.526
21699,no_incendio,-6.672836316039594,-77.21035813191263
21717,incendio,-5.7406,-75.9455
21738,no_incendio,-6.122241228202742,-76.97601645146484
21740,no_incendio,-6.823512194602855,-76.05631689166178
21759,incendio,-5.3181,-76.4432
21769,no_incendio,-5.605657953237715,-77.33944421680316
21773,no_incendio,-6.2234750512942,-76.15839430304165
21789,incendio,-5.9219,-76.4454
21790,no_incendio,-6.949882284574706,-75.68273295602192
21800,no_incendio,-5.7595902055188795,-75.77924853201874
21804,incendio,-7.0326,-76.7702
21805,incendio,-7.3097,-76.0558
21807,incendio,-8.0503,-75.624
21822,no_incendio,-6.545436147892791,-76.30829128869237
21823,no_incendio,-5.586947404667705,-76.96796502244129
21838,no_incendio,-7.418524326808485,-76.32670813744515
21842,no_incendio,-5.796164972487043,-76.72449599512143
21846,no_incendio,-6.331956733542304,-77.5021084607029
21853,no_incendio,-5.423352355280385,-75.9768451523196
21854,no_incendio,-5.916451876326068,-76.42141770409339
21857,no_incendio,-6.370648236891197,-76.34077418345667
21860,no_incendio,-6.095756407316532,-77.30841425266888
21864,no_incendio,-7.237158680749911,-76.11796356076336
21871,no_incendio,-6.061517131296685,-76.40854652459227
21873,incendio,-5.8507,-76.0328
21883,incendio,-5.6595,-75.917
21891,no_incendio,-6.56383921503927,-77.29970461755646
21894,no_incendio,-6.672836316039594,-77.21035813191263
21899,no_incendio,-7.014916061647587,-75.71674408231947
21907,no_incendio,-6.737059261843657,-77.50234796745673
21913,no_incendio,-7.321172600418316,-77.03516400852085
21928,incendio,-7.1957,-76.339
21930,no_incendio,-6.462614163555006,-75.61289892495
21946,no_incendio,-6.718454996800395,-75.59317309755335
21960,incendio,-7.4935,-76.4711
21967,no_incendio,-5.4157703002618724,-75.88771884850634
21969,no_incendio,-6.434453669791493,-76.35359643649942
21975,incendio,-7.114,-76.604
21983,no_incendio,-6.010451782777754,-76.65548557621318
21985,no_incendio,-5.89201477503853,-77.2682101013539
21989,no_incendio,-7.014371526342947,-75.6304094962068
21994,incendio,-6.1696,-77.7579
21995,incendio,-5.8925,-76.1209
21996,no_incendio,-6.2062844027818835,-77.2816967062703
21998,no_incendio,-5.702740983602372,-76.82721339280745
22003,incendio,-8.3983,-76.5026
22005,incendio,-5.7303,-77.4685
22011,no_incendio,-5.693308964023421,-77.38488694411686
22013,no_incendio,-5.84380402008071,-75.92947605096468
22014,no_incendio,-6.324884637478815,-77.29362980195512
22021,no_incendio,-5.900355019577343,-76.50972621036057
22022,no_incendio,-6.930372562741588,-76.24468121546766
22033,no_incendio,-6.062840602584927,-76.70237486789418
22034,incendio,-5.9776,-76.291
22040,incendio,-8.5151,-75.548
22044,no_incendio,-6.8824524173967765,-77.12203229237878
22058,no_incendio,-5.508214763979514,-75.68261084884283
22074,incendio,-7.4228,-76.4016
22076,no_incendio,-6.705665824489784,-75.86880266225904
22087,no_incendio,-5.465266875680572,-76.24842900681286
22088,incendio,-7.0258,-76.4996
22099,incendio,-6.1748,-76.8603
22102,incendio,-6.6824,-76.0596
22107,no_incendio,-6.594872736761388,-76.81244710228094
22110,no_incendio,-7.4654999073290265,-76.71461513627762
22112,incendio,-6.9679,-76.5794
22121,incendio,-6.7391,-76.1747
22127,incendio,-7.4505,-76.6861
22130,no_incendio,-7.5993037570991975,-77.49364640835546
22140,no_incendio,-7.419812910820906,-75.99406148062167
22144,incendio,-7.6943,-76.4693
22145,incendio,-7.4061,-76.6307
22147,incendio,-7.0427,-76.9298
22166,incendio,-5.8849,-76.0318
22178,no_incendio,-7.451217530868493,-77.29241876502243
22180,no_incendio,-5.9638581047952375,-75.97775046224217
22183,incendio,-8.3228,-76.2723
22198,no_incendio,-5.55191314269425,-76.59129090689653
22199,incendio,-7.749,-76.7434
22213,no_incendio,-7.1695522446443345,-76.10103400972879
22214,no_incendio,-5.866539639068574,-77.22687497991105
22223,no_incendio,-5.465266875680572,-76.24842900681286
22228,no_incendio,-6.3028561898427915,-76.27802291650278
22242,incendio,-5.7554,-76.2027
22248,incendio,-7.4494,-76.5338
22250,incendio,-7.0241,-76.8573
22256,incendio,-8.774,-75.5028
22258,incendio,-7.015,-76.1139
22263,no_incendio,-5.5896376031918615,-76.35252920094948
22269,incendio,-8.1727,-76.6179
22276,no_incendio,-5.586947404667705,-76.96796502244129
22277,incendio,-7.3678,-76.5333
22279,incendio,-6.407,-75.9241
22292,no_incendio,-6.5340207470218745,-75.73082220173393
22302,no_incendio,-5.855088798772725,-76.8781669555971
22304,incendio,-8.7778,-77.0408
22306,incendio,-6.2696,-77.1054
22313,incendio,-7.4034,-76.7441
22316,no_incendio,-6.606790602498376,-76.50679708602655
22322,no_incendio,-7.544493851248457,-76.73397529490327
22332,no_incendio,-7.173287597971678,-76.70987433367677
22337,no_incendio,-5.9130091622376435,-77.42859659593488
22347,no_incendio,-6.38076556073537,-76.97858606969272
22348,no_incendio,-6.477469375479229,-76.23310758199833
22360,no_incendio,-6.94690710912819,-75.63438003182783
22371,incendio,-7.5496,-76.7037
22374,no_incendio,-5.811469366759115,-76.0719190251322
22379,no_incendio,-5.8332062747008715,-77.144406205254
22387,no_incendio,-6.2888093914419265,-77.49498781950011
22389,incendio,-7.2523,-76.2287
22391,incendio,-7.1511,-76.3123
22393,no_incendio,-7.333242178068196,-76.42984929938181
22397,no_incendio,-6.797128032172363,-76.15133853102378
22400,incendio,-5.7856,-77.4158
22401,incendio,-8.4514,-76.2799
22405,no_incendio,-6.6229879670061225,-75.80299704996388
22407,no_incendio,-7.163128957992517,-77.33946379317482
22410,no_incendio,-6.884683844966387,-77.48590774056447
22414,incendio,-7.1019,-76.3463
22415,incendio,-6.0556,-76.3174
22428,incendio,-7.0245,-76.5882
22436,incendio,-6.9158,-76.6908
22451,no_incendio,-6.442429492492132,-75.8210206317141
22454,incendio,-6.1861,-76.0305
22456,incendio,-6.1386,-76.3104
22463,incendio,-7.1995,-77.0432
22465,no_incendio,-6.791553468522542,-76.19850061841751
22471,incendio,-8.0748,-77.7154
22477,incendio,-6.8336,-76.5384
22478,incendio,-6.1216,-77.2298
22483,incendio,-6.8568,-76.7714
22499,incendio,-6.8377,-76.4325
22501,incendio,-8.3898,-76.4067
22505,no_incendio,-6.535140869924569,-76.94972010352429
22506,no_incendio,-7.474717173105087,-76.9435614717976
22509,incendio,-5.9702,-76.4842
22510,no_incendio,-7.170373075763204,-77.40179462648253
22513,no_incendio,-5.886501214348173,-76.17373588365827
22517,incendio,-5.9995,-76.3166
22522,no_incendio,-5.937659253977012,-77.34942172737706
22542,no_incendio,-7.582363301360768,-76.43607509989434
22552,no_incendio,-7.15250800382105,-75.6698884726493
22554,no_incendio,-6.971890891507541,-75.84725150741345
22556,no_incendio,-5.4868610147355525,-76.76095607597574
22570,no_incendio,-5.66978916869293,-75.78583352536694
22572,no_incendio,-6.482310901757052,-76.90146059819452
22578,incendio,-6.258,-76.0239
22593,no_incendio,-5.306363621970229,-76.4042560042154
22594,incendio,-8.1713,-76.5168
22597,incendio,-7.3825,-76.57
22602,no_incendio,-5.971724397201385,-75.87816764029395
22604,no_incendio,-6.461789384490803,-77.24534969872819
22613,incendio,-7.021,-76.3193
22623,incendio,-6.8034,-76.7833
22629,no_incendio,-6.217977569363936,-76.69976022852224
22631,incendio,-6.4109,-75.8859
22633,no_incendio,-6.482310901757052,-76.90146059819452
22638,no_incendio,-6.842130861811311,-76.61529209965812
22642,no_incendio,-6.044769424983038,-75.50599138370771
22645,no_incendio,-7.000863457307533,-75.58957693762711
22652,no_incendio,-5.728382445396997,-77.12017555927592
22655,incendio,-6.9955,-76.608
22656,no_incendio,-6.446499470618798,-75.63834110129498
22657,incendio,-6.2462,-76.804
22658,no_incendio,-5.976563784411299,-76.98024729252694
22663,no_incendio,-6.107287203943645,-77.4216594793923
22676,incendio,-5.9002,-76.1055
22680,incendio,-6.3234,-76.9522
22692,no_incendio,-5.6355072776323825,-77.05987553143974
22699,incendio,-6.0345,-76.9676
22702,incendio,-5.6687,-75.9374
22715,incendio,-7.3336,-76.5656
22716,incendio,-7.7117,-76.7984
22722,no_incendio,-5.576401103022335,-75.65589793985158
22723,no_incendio,-7.175345171516485,-76.32071616128651
22728,incendio,-6.5979,-76.2601
22732,incendio,-5.9668,-75.7972
22733,incendio,-6.7287,-76.3877
22738,no_incendio,-7.179164728014299,-77.26673458504925
22745,no_incendio,-5.885065132570478,-75.64334405460914
22753,incendio,-7.6635,-76.657
22766,no_incendio,-6.250766771982882,-76.67346707047133
22768,incendio,-7.0182,-76.9153
22774,no_incendio,-6.822682837524565,-76.01658832939721
22776,incendio,-6.7567,-76.8266
22784,incendio,-6.9694,-76.9417
22803,no_incendio,-6.310252900156727,-75.63690302476967
22807,incendio,-5.7358,-76.148
22808,no_incendio,-6.119596318397669,-75.7668351630271
22831,no_incendio,-6.787959079277664,-75.64572689392233
22842,no_incendio,-6.061127541678445,-77.3300358732125
22843,no_incendio,-5.307511492937007,-75.87055498280709
22845,incendio,-7.9338,-76.6617
22846,incendio,-6.6607,-75.6005
22855,no_incendio,-6.8267458836303225,-76.04005920267028
22859,incendio,-7.8129,-76.7828
22881,no_incendio,-7.396034749471958,-77.09104434205882
22882,incendio,-5.9806,-76.2679
22883,no_incendio,-6.859218995881019,-77.3454749772902
22892,incendio,-7.2113,-76.8733
22894,incendio,-7.8066,-77.7531
22927,incendio,-7.3375,-76.3705
22930,incendio,-5.8593,-76.305
22935,no_incendio,-5.977250221064096,-76.70445078164089
22950,incendio,-6.6731,-76.8646
22967,no_incendio,-7.124827279927048,-76.79852328354966
22970,no_incendio,-7.464233169627815,-76.3089508607516
22982,no_incendio,-6.91975600968376,-77.05871610020544
22985,incendio,-8.5964,-76.3038
22989,no_incendio,-5.469135651128677,-76.66584024328755
22990,no_incendio,-6.3823444451531675,-76.72222524088096
22992,incendio,-8.0545,-76.6909
22995,incendio,-8.5414,-76.3969
23000,no_incendio,-5.894898869067559,-77.35176843132272
23006,incendio,-5.8425,-76.3664
23013,no_incendio,-7.038387701485983,-77.46608635694433
23016,incendio,-6.4902,-77.5182
23021,no_incendio,-5.85348487678678,-75.67716092139695
23024,no_incendio,-6.508124167264835,-76.61340355687425
23031,no_incendio,-6.5631659761878876,-77.17426169429598
23035,no_incendio,-7.178109146033509,-76.55931189942505
23037,incendio,-6.1383,-76.0376
23040,no_incendio,-5.930404217360228,-76.53983487852608
23051,no_incendio,-5.412071364186887,-77.00251056339543
23056,incendio,-6.486,-76.364
23057,no_incendio,-6.7988040085111265,-76.15084820178622
23066,no_incendio,-6.9213010558098045,-76.33886424086654
23073,incendio,-7.0644,-76.8939
23076,no_incendio,-6.8707527834716435,-77.1546220579287
23078,no_incendio,-7.2237762907302,-75.57516855360699
23080,no_incendio,-6.980328156805363,-75.58165966551039
23082,no_incendio,-7.371625145918922,-75.70238603258082
23089,no_incendio,-5.374689655955711,-76.01901794140703
23092,no_incendio,-5.532971684555294,-77.02280558006699
23093,incendio,-7.566,-76.4007
23095,no_incendio,-7.4333859418143975,-75.94488928476447
23102,no_incendio,-5.3689055308415,-76.62344622964636
23103,no_incendio,-5.369357026240305,-77.2031702822179
23106,incendio,-5.5979,-76.638
23109,incendio,-8.3967,-76.3349
23113,incendio,-5.9226,-75.7993
23116,no_incendio,-6.049779266057276,-75.95295045421427
23120,no_incendio,-5.412071364186887,-77.00251056339543
23126,incendio,-8.5429,-76.3488
23132,incendio,-7.9643,-76.7146
23133,no_incendio,-5.4560539889311706,-76.17543571338655
23142,incendio,-8.0864,-76.5015
23148,no_incendio,-6.521871195981789,-77.46615975017302
23154,incendio,-6.8854,-76.2122
23157,incendio,-8.0656,-76.7496
23162,no_incendio,-5.5670313248345,-75.99876018929933
23166,incendio,-6.2663,-76.1595
23167,incendio,-8.4511,-76.24
23170,incendio,-7.0871,-76.8676
23175,no_incendio,-6.729488491648472,-77.03653906594069
23177,incendio,-5.9714,-76.9946
23181,incendio,-8.4643,-76.4179
23182,no_incendio,-6.140503448389999,-75.89152757203433
23183,no_incendio,-6.88204939673875,-76.47181029595973
23189,no_incendio,-7.275276678539276,-76.76197872211165
23192,incendio,-5.7598,-76.4782
23210,no_incendio,-6.832250558370159,-76.20474853380588
23215,no_incendio,-6.4551795764442375,-76.19574642473289
23220,no_incendio,-5.871232465142917,-76.52596915622884
23221,incendio,-6.0229,-76.3288
23222,no_incendio,-5.457985826162461,-76.51538649315398
23230,incendio,-7.2709,-76.3254
23231,incendio,-7.3519,-76.8961
23232,no_incendio,-7.3239429065406565,-75.71625724817507
23234,no_incendio,-6.064968975705764,-75.80158619111924
23235,no_incendio,-6.146925317432729,-76.25875565214055
23239,incendio,-6.804,-76.8268
23246,no_incendio,-7.311847282906321,-76.59060620233514
23247,no_incendio,-6.220053203592378,-76.13217715018442
23249,incendio,-6.1886,-76.1451
23251,no_incendio,-7.384008271248504,-77.19420546410333
23253,incendio,-8.5436,-76.4421
23260,no_incendio,-5.853989818371729,-76.78866763757419
23269,no_incendio,-5.39776817495506,-77.21180440723553
23270,no_incendio,-7.5964500853796,-76.68614160369373
23271,incendio,-6.4337,-75.9426
23273,incendio,-8.6161,-75.5024
23279,incendio,-7.6982,-76.5355
23297,incendio,-7.0857,-76.4408
23299,no_incendio,-6.922488599265936,-77.20347324801959
23304,no_incendio,-7.341385532228014,-75.96721546288514
23314,incendio,-6.4884,-76.3672
23322,no_incendio,-6.709679366409026,-76.89232327371961
23338,no_incendio,-5.647813944563046,-75.98631579821414
23354,incendio,-6.8977,-76.456
23355,no_incendio,-6.649475670478298,-75.86589242526365
23357,incendio,-6.0079,-75.8422
23363,incendio,-6.3161,-77.5539
23369,no_incendio,-5.977954403238399,-75.89740788010133
23372,no_incendio,-7.3226422677593845,-76.0064093237638
23375,no_incendio,-5.740185734953845,-76.52718705325192
23383,no_incendio,-6.534953195140333,-76.18456106043952
23385,incendio,-6.4798,-75.743
23393,no_incendio,-6.420478782048784,-76.46157866406858
23404,no_incendio,-6.1400329007098495,-75.77782950002863
23410,incendio,-7.5038,-76.4342
23419,no_incendio,-5.561294814825637,-75.74902836133377
23422,incendio,-7.913,-75.5765
23424,no_incendio,-5.931410128051382,-77.48442078407336
23427,no_incendio,-6.231532660134269,-77.43051392350198
23429,no_incendio,-6.575273134907994,-75.71241319767115
23430,no_incendio,-5.619318348217799,-76.76258506679603
23432,incendio,-6.4244,-75.7078
23435,incendio,-8.3827,-76.4611
23447,no_incendio,-5.4433732153340495,-76.71634375535739
23450,no_incendio,-5.339988911138568,-75.94604419335825
23454,incendio,-8.4236,-77.096
23457,no_incendio,-5.87076697965016,-76.32402567938676
23461,incendio,-6.7027,-76.4058
23466,incendio,-6.6715,-76.7497
23470,no_incendio,-6.9335165366157545,-76.90717664275962
23471,no_incendio,-6.7911860867707,-76.3184609362465
23473,incendio,-5.8582,-76.3332
23474,incendio,-7.5855,-76.3748
23483,no_incendio,-7.573586798987392,-75.72729255411187
23490,no_incendio,-6.421249722496318,-77.04956463628945
23494,no_incendio,-5.561988258344413,-76.88991934204635
23507,no_incendio,-5.971572498496214,-75.54699515189168
23529,incendio,-5.6604,-76.5131
23530,incendio,-7.1683,-76.9079
23537,incendio,-6.5586,-76.43
23538,no_incendio,-6.320061417206358,-76.82643295462363
23545,no_incendio,-7.253889999482386,-76.08590323427873
23551,no_incendio,-6.001439366513391,-76.98820534580602
23560,no_incendio,-6.344738730281884,-77.28085925820518
23561,no_incendio,-5.867914432983562,-76.93835853406706
23577,no_incendio,-5.62794321017974,-76.97851232659868
23578,incendio,-7.4213,-76.6249
23579,incendio,-5.8912,-76.3654
23580,no_incendio,-5.991245342520768,-75.64023187612118
23587,no_incendio,-6.140503448389999,-75.89152757203433
23591,no_incendio,-6.041174269159521,-76.02071621272385
23600,incendio,-7.0988,-76.2905
23607,incendio,-7.0037,-76.7716
23611,no_incendio,-7.527307126647749,-77.12744201881532
23617,no_incendio,-5.716829315463946,-76.6884283959595
23618,no_incendio,-7.58397179719786,-76.78899858637695
23628,no_incendio,-7.448422790645704,-75.84545299813023
23638,no_incendio,-6.718454996800395,-75.59317309755335
23640,incendio,-7.5931,-76.4016
23641,no_incendio,-6.904145543477711,-77.38998183817624
23642,incendio,-6.8076,-76.6877
23645,no_incendio,-5.5941151159540015,-75.60783919102062
23646,no_incendio,-6.606517162327486,-77.4629258839616
23649,no_incendio,-6.991300272279587,-76.75580323161067
23651,no_incendio,-6.037617039183259,-75.8633441160442
23658,incendio,-7.0589,-76.1361
23660,no_incendio,-6.525571951158751,-77.30569775147015
23661,incendio,-6.2618,-76.2415
23665,incendio,-5.9383,-77.1295
23670,no_incendio,-6.188812026219859,-77.47999723724293
23686,no_incendio,-6.053663067143272,-77.25400416625581
23687,incendio,-5.7384,-76.0129
23692,no_incendio,-7.278446400857449,-77.33703515392486
23708,incendio,-7.0413,-76.7864
23717,no_incendio,-7.564076009944549,-75.89157611790941
23720,incendio,-6.3388,-75.8624
23722,incendio,-6.2079,-76.1386
23724,no_incendio,-7.583028139538337,-75.69881965938345
23738,no_incendio,-7.287912531535466,-77.51954103984086
23740,incendio,-7.5927,-76.4527
23742,no_incendio,-6.310252900156727,-75.63690302476967
23753,no_incendio,-6.895202578534257,-77.04341617849329
23755,no_incendio,-6.677775402102643,-76.83019542388436
23756,no_incendio,-6.521871195981789,-77.46615975017302
23765,incendio,-6.2574,-75.9338
23770,incendio,-7.079,-76.6581
23772,no_incendio,-6.731898455104795,-77.28317456533246
23776,no_incendio,-7.079367268286084,-75.74962590729507
23786,no_incendio,-5.808189893519151,-75.58463969579134
23798,no_incendio,-7.564076009944549,-75.89157611790941
23802,incendio,-7.9486,-76.6747
23809,incendio,-6.2232,-75.8778
23812,no_incendio,-5.882916892819359,-76.86515934904114
23814,no_incendio,-7.1362153859124,-76.23261669430515
23822,incendio,-6.2852,-75.919
23824,incendio,-6.3522,-75.9055
23839,no_incendio,-6.269160672028454,-77.26185240867942
23846,no_incendio,-5.4157703002618724,-75.88771884850634
23848,no_incendio,-5.941437702339227,-76.71661667859928
23850,incendio,-6.0659,-75.9233
23856,incendio,-8.6761,-76.8098
23861,no_incendio,-7.485621627002571,-76.9594043618508
23865,no_incendio,-6.080706501829642,-77.17715903994046
23866,no_incendio,-5.91369294253363,-76.91673941934057
23887,incendio,-6.2383,-76.1462
23891,no_incendio,-7.191225918716162,-75.54734215721196
23896,incendio,-6.5538,-76.7396
23903,no_incendio,-6.799158296280013,-76.12149634545402
23905,no_incendio,-6.038741337094879,-76.35768470937417
23910,incendio,-6.8162,-76.2282
23911,no_incendio,-5.9638581047952375,-75.97775046224217
23912,no_incendio,-5.46295343513328,-75.95414593487065
23914,incendio,-7.029,-76.6541
23918,incendio,-8.0426,-75.5862
23920,incendio,-7.2428,-77.0612
23921,incendio,-7.5457,-76.4337
23925,no_incendio,-5.662370106905432,-77.07535731755083
23926,no_incendio,-5.73056432169004,-76.88063042787364
23927,incendio,-6.7637,-76.4571
23929,no_incendio,-7.316542689651407,-77.09719219444501
23930,incendio,-6.0287,-76.0972
23933,incendio,-7.4275,-76.4465
23945,no_incendio,-5.431391280919102,-75.58519659503115
23955,no_incendio,-5.62776239327014,-77.48408133634722
23957,no_incendio,-5.798404361194972,-75.81527300196596
23962,no_incendio,-7.424353792615787,-75.73269651500266
23972,incendio,-7.5737,-76.4928
23979,incendio,-6.8125,-76.6056
23983,incendio,-7.2349,-76.7707
23997,incendio,-6.5198,-75.7145
24004,no_incendio,-6.774947131584925,-76.00722166007617
24006,incendio,-5.9017,-76.111
24007,incendio,-6.6325,-76.3026
24009,no_incendio,-6.146020638711784,-75.61071933850509
24019,incendio,-7.3299,-76.8585
24020,incendio,-7.4075,-76.5227
24023,no_incendio,-6.040675081738544,-76.88692151022694
24030,no_incendio,-6.216596629515713,-76.33055988016247
24034,incendio,-7.0136,-76.8018
24035,no_incendio,-6.534953195140333,-76.18456106043952
24048,incendio,-5.7574,-76.1833
24052,no_incendio,-6.152311336764004,-75.83217280220295
24060,incendio,-8.1051,-76.6647
24069,no_incendio,-6.353424809181855,-75.63008762129351
24078,incendio,-6.693,-76.2404
24099,no_incendio,-6.480910366032293,-76.46284954850665
24116,incendio,-5.8979,-76.1254
24121,no_incendio,-5.732633885929664,-76.45507870434784
24126,no_incendio,-5.65611924902812,-76.450948774078
24127,incendio,-7.5126,-76.4976
24128,no_incendio,-6.937481703505858,-75.66626594730945
24133,no_incendio,-6.324514222860181,-76.89947276475436
24142,incendio,-6.2171,-76.7377
24143,no_incendio,-5.692068833993068,-76.92243000249631
24149,no_incendio,-6.196820810614756,-77.18695898534692
24158,no_incendio,-5.393926083579098,-77.3710588373999
24159,no_incendio,-6.746503515167967,-76.72857236085679
24172,no_incendio,-6.5749903992962055,-76.89683303442592
24179,incendio,-8.3242,-76.3031
24181,no_incendio,-5.453647317604843,-76.59202254288773
24195,no_incendio,-6.193641518737963,-75.9541835583981
24198,incendio,-7.7864,-77.549
24206,no_incendio,-7.089179421889268,-75.95457712793731
24209,incendio,-7.636,-76.4851
24214,incendio,-7.0329,-76.8507
24223,no_incendio,-6.853423603407918,-76.51175603217372
24225,no_incendio,-7.359360612224768,-76.78029054350944
24230,incendio,-5.3057,-76.6485
24232,no_incendio,-7.036314510603764,-76.32413479957033
24244,incendio,-5.7387,-76.1874
24248,no_incendio,-6.47129538831012,-76.10848069167751
24249,no_incendio,-5.702740983602372,-76.82721339280745
24252,incendio,-7.3611,-76.8312
24255,no_incendio,-6.720013389410524,-76.18246932103828
24282,incendio,-6.9979,-76.1789
24288,incendio,-5.9727,-76.29
24289,incendio,-6.3391,-75.8628
24299,no_incendio,-7.147843120370421,-77.31448550971452
24301,no_incendio,-5.459589434430045,-76.77318023823041
24304,no_incendio,-6.2701925367746005,-76.81498053088146
24312,no_incendio,-5.882755427823639,-77.51237097659782
24334,incendio,-7.2182,-76.2964
24336,incendio,-7.1501,-76.2559
24340,no_incendio,-6.871083272493799,-75.76930140332634
24342,no_incendio,-6.260382263964365,-75.66215989353373
24343,no_incendio,-6.559185707653601,-77.1814362546677
24346,no_incendio,-5.508118125742636,-76.08158705053927
24348,no_incendio,-5.316700367183811,-76.26596491615018
24352,no_incendio,-5.900355019577343,-76.50972621036057
24357,incendio,-7.1209,-76.2334
24358,incendio,-5.4356,-76.6217
24363,no_incendio,-5.900117559948675,-75.56284439390626
24364,no_incendio,-5.691367325953232,-76.91174291210852
24369,no_incendio,-6.945484440166689,-76.77951589048426
24374,no_incendio,-6.253873442293271,-77.4856518253099
24378,incendio,-5.834,-76.4577
24380,incendio,-7.3148,-76.8611
24397,incendio,-7.2067,-76.8872
24400,incendio,-7.2429,-76.0692
24402,no_incendio,-5.485555576815183,-76.48568380205462
24405,incendio,-5.7544,-76.4204
24406,incendio,-7.1591,-76.2715
24416,no_incendio,-6.468598557394471,-76.29833017428093
24418,incendio,-7.7257,-76.4977
24426,no_incendio,-7.354001962679465,-76.87586506840084
24435,no_incendio,-6.822682837524565,-76.01658832939721
24439,no_incendio,-6.419675876236263,-76.64489280604421
24448,no_incendio,-6.076651418507213,-75.99938351654062
24451,no_incendio,-7.093257969486561,-77.25013940551041
24452,incendio,-5.3369,-76.5946
24456,incendio,-6.4062,-76.0464
24458,no_incendio,-6.91975600968376,-77.05871610020544
24466,incendio,-8.5697,-76.3536
24471,no_incendio,-7.028663799217614,-75.85033836524988
24474,incendio,-7.5114,-76.523
24478,incendio,-8.7458,-76.2753
24480,no_incendio,-5.913444133925558,-76.54061399484421
24481,incendio,-5.9774,-76.2189
24487,no_incendio,-7.327752780112304,-76.88582488471454
24488,no_incendio,-6.525571951158751,-77.30569775147015
24497,no_incendio,-5.919068188390441,-77.36605426382134
24498,incendio,-7.3355,-76.9446
24500,incendio,-6.8534,-76.6715
24503,no_incendio,-7.188266062247751,-75.80338733044515
24515,no_incendio,-5.9787702159042375,-76.39270327711898
24538,incendio,-5.871,-76.4546
24540,incendio,-7.5136,-76.5886
24558,no_incendio,-7.349457434232458,-77.2287510721594
24561,no_incendio,-5.800663587251775,-77.2156236281296
24563,incendio,-6.5352,-75.6968
24567,no_incendio,-6.480910366032293,-76.46284954850665
24571,incendio,-8.355,-76.5689
24580,incendio,-7.1597,-76.2834
24586,no_incendio,-7.110610391202952,-75.57270966365749
24588,no_incendio,-5.504024274503536,-76.47223087280436
24594,no_incendio,-6.736884280770205,-76.9775738185435
24595,incendio,-7.0518,-76.0896
24603,incendio,-8.0878,-76.511
24607,incendio,-5.9471,-77.3039
24612,incendio,-8.7169,-76.2501
24614,no_incendio,-6.444450177038954,-75.66847301432819
24615,incendio,-6.9529,-76.5165
24627,no_incendio,-6.79327379780416,-76.83578661930616
24630,incendio,-7.8788,-77.7841
24636,no_incendio,-7.468966943240149,-76.0987072289364
24637,incendio,-6.9119,-76.7129
24640,incendio,-5.8004,-77.4274
24643,no_incendio,-7.206553379936274,-76.41990893868237
24656,no_incendio,-5.452511328645989,-77.32229773796371
24659,incendio,-7.5283,-76.4462
24660,incendio,-8.0761,-76.7419
24661,no_incendio,-5.875471323487407,-77.45654526806348
24671,incendio,-8.7284,-76.768
24677,incendio,-7.2973,-76.5994
24678,incendio,-6.2012,-76.3005
24682,no_incendio,-7.369405359299169,-75.53775524923043
24683,incendio,-7.033,-76.8756
24686,no_incendio,-5.775752820945428,-75.77309666724678
24688,incendio,-5.8414,-76.3176
24702,incendio,-7.7635,-76.7139
24703,no_incendio,-5.494377757817533,-77.22053363364685
24711,no_incendio,-5.5280435147957645,-75.64292390382334
24715,no_incendio,-6.530680448143941,-77.14936961816767
24717,no_incendio,-6.181570378698443,-77.2403974842685
24728,no_incendio,-6.272889262540646,-77.34340996973071
24731,incendio,-6.9783,-76.2089
24735,no_incendio,-6.766715492175258,-75.83761083407144
24736,incendio,-5.9781,-76.2993
24748,incendio,-7.5179,-76.6385
24757,incendio,-7.6048,-76.4996
24765,incendio,-6.1421,-77.0265
24772,incendio,-6.4633,-76.8314
24774,incendio,-8.712,-76.1519
24780,incendio,-7.4435,-76.4326
24781,no_incendio,-7.585660689069584,-77.39009094478008
24793,incendio,-7.1722,-76.8893
24795,incendio,-6.0442,-76.1319
24810,no_incendio,-6.439049170355273,-77.46289627422017
24814,incendio,-7.0853,-76.1772
24815,incendio,-6.6576,-76.7425
24817,no_incendio,-6.791553468522542,-76.19850061841751
24818,incendio,-6.4583,-76.4577
24821,incendio,-6.3054,-75.8486
24825,incendio,-6.2828,-76.6896
24827,no_incendio,-6.482310901757052,-76.90146059819452
24846,incendio,-7.258,-76.0615
24852,no_incendio,-6.447996016247126,-77.41234607167007
24854,no_incendio,-7.353974209500567,-76.635407884227
24856,incendio,-7.6795,-76.4943
24871,no_incendio,-5.9729308547052575,-77.19584889522876
24872,no_incendio,-6.010674240572804,-77.09796715104932
24888,no_incendio,-7.179164728014299,-77.26673458504925
24894,incendio,-7.2917,-76.6573
24896,incendio,-6.7874,-76.1088
24897,no_incendio,-6.599702785570768,-77.42370077864948
24898,incendio,-7.3853,-76.5984
24906,incendio,-8.4073,-77.0344
24910,no_incendio,-6.726381012789614,-77.29263321460805
24911,incendio,-7.2498,-76.2932
24912,no_incendio,-6.705083355769138,-77.07784196502678
24914,incendio,-8.7895,-77.0046
24915,incendio,-6.5552,-76.5619
24916,no_incendio,-6.578202945590633,-76.50501159622002
24924,no_incendio,-6.491284059337684,-76.25746904489338
24931,incendio,-8.0676,-75.5829
24937,no_incendio,-5.461372149282843,-77.4223608733987
24943,no_incendio,-5.974627825335505,-76.8393257597771
24947,no_incendio,-6.1579628470379655,-75.78726893747826
24953,incendio,-7.3427,-76.5642
24957,incendio,-8.6985,-76.3282
24959,no_incendio,-6.846227548420243,-77.09414313428448
24962,no_incendio,-6.685185816424632,-76.91349326123884
24966,incendio,-6.484,-76.3802
24969,incendio,-6.5297,-76.7498
24973,incendio,-8.1771,-77.0155
24974,no_incendio,-7.15250800382105,-75.6698884726493
24978,incendio,-6.1691,-76.0214
24980,incendio,-6.59,-75.646
24989,no_incendio,-7.0475824644559095,-77.00777977835193
24993,no_incendio,-6.859834032339221,-77.17846783969736
25000,incendio,-8.0892,-77.6408
25002,no_incendio,-7.508226717447944,-76.74892470083597
25007,no_incendio,-5.5941151159540015,-75.60783919102062
25010,incendio,-7.3833,-76.2384
25017,no_incendio,-5.546857195256127,-75.81190178678054
25026,no_incendio,-6.99869942925542,-76.8613209261512
25071,no_incendio,-5.983810951819396,-76.22464105692707
25075,incendio,-7.1928,-76.4709
25078,no_incendio,-6.125949661803806,-77.27004912325427
25082,no_incendio,-7.084883582406477,-76.16691642079259
25099,incendio,-8.5808,-76.1154
25103,incendio,-8.6387,-76.4688
25104,no_incendio,-6.402069451962711,-76.21591146142134
25118,incendio,-8.4305,-76.2568
25120,incendio,-7.5374,-76.2723
25126,incendio,-8.6657,-76.4091
25129,incendio,-5.7817,-77.0555
25130,incendio,-7.4132,-76.6317
25141,no_incendio,-6.569933219427762,-75.5278161670118
25142,incendio,-6.2747,-75.9248
25146,incendio,-6.8713,-76.3928
25148,incendio,-6.4948,-76.3628
25150,no_incendio,-6.715205623153173,-76.11809578650696
25152,no_incendio,-6.1156293221158835,-76.01949781132349
25153,no_incendio,-5.31179064282697,-75.78618195501585
25157,no_incendio,-5.824960586839608,-76.59374334653756
25160,incendio,-7.1696,-76.0261
25162,incendio,-7.5555,-77.6652
25189,incendio,-8.5126,-76.3955
25202,incendio,-6.8712,-76.841
25203,incendio,-6.4841,-76.3732
25206,incendio,-6.3815,-76.6444
25210,no_incendio,-6.060981828013205,-76.61589601950963
25211,no_incendio,-7.508397223486154,-75.66150958377543
25214,incendio,-6.7471,-76.4712
25241,incendio,-6.6362,-76.3627
25251,incendio,-6.6754,-76.7665
25263,incendio,-7.0735,-76.6484
25271,no_incendio,-6.165729925483304,-75.50698017130118
25274,no_incendio,-6.146020638711784,-75.61071933850509
25275,no_incendio,-6.7893125147185724,-75.8130856477531
25284,no_incendio,-5.8586832152668595,-76.15130829850591
25286,no_incendio,-6.271617281791801,-76.2353167311132
25298,no_incendio,-6.348815001844065,-75.62878823200789
25302,incendio,-6.6848,-76.5093
25305,no_incendio,-5.609318574866824,-76.18227826181767
25321,incendio,-5.6889,-76.4225
25324,incendio,-6.9266,-76.791
25328,no_incendio,-5.858435510959442,-77.08234731471167
25344,incendio,-8.6668,-76.1149
25353,incendio,-7.0391,-76.5125
25359,no_incendio,-6.992873718796428,-77.40735326396366
25364,incendio,-5.9444,-77.3054
25368,no_incendio,-7.489751819531982,-75.96573533227652
25372,no_incendio,-6.032637337308331,-77.27677952675285
25383,no_incendio,-5.3902001479588,-77.1291902290787
25388,no_incendio,-6.925307344468632,-76.89098262738764
25389,incendio,-5.9413,-76.4778
25390,incendio,-6.8409,-76.4587
25399,incendio,-6.8204,-76.1565
25401,incendio,-6.1616,-76.1862
25402,no_incendio,-5.531434005442488,-77.13875106909684
25409,no_incendio,-5.532971684555294,-77.02280558006699
25410,incendio,-7.0653,-76.9405
25411,incendio,-5.8265,-76.0215
25422,no_incendio,-7.097431396465031,-76.35150553329514
25424,no_incendio,-5.465881437617145,-76.83346258647516
25426,incendio,-7.2749,-76.1456
25427,no_incendio,-7.2822391020909345,-76.80145523505668
25433,incendio,-7.1783,-76.2319
25439,incendio,-7.059,-76.429
25441,no_incendio,-5.877091540669871,-76.18474625697182
25442,no_incendio,-5.863508615293079,-77.5457929030888
25444,incendio,-6.8613,-76.6531
25446,incendio,-6.4379,-76.4311
25460,no_incendio,-7.277740388513622,-77.219832932029
25463,no_incendio,-6.9821795229188215,-77.4814837765738
25465,incendio,-8.256,-76.5228
25473,no_incendio,-6.781601843650596,-77.34861421933648
25474,no_incendio,-6.037617039183259,-75.8633441160442
25475,no_incendio,-6.727275952714791,-77.44889142586435
25477,no_incendio,-6.775595026700855,-77.38152365692504
25479,no_incendio,-6.397916753583541,-76.88339705526924
25486,no_incendio,-5.6698457830937325,-76.36289670664165
25489,no_incendio,-7.423279850513975,-76.1929127649397
25491,no_incendio,-7.408503653357758,-76.24578800464187
25501,incendio,-6.9783,-76.3244
25502,incendio,-6.8972,-76.9227
25506,no_incendio,-5.608145245385959,-76.22898397370268
25507,incendio,-6.34,-76.0604
25510,incendio,-7.159,-76.8756
25520,incendio,-7.703,-76.4693
25529,incendio,-6.9119,-76.4252
25533,no_incendio,-7.204320146605171,-76.588496910205
25535,no_incendio,-6.806897768294474,-76.17637549858149
25541,no_incendio,-6.545046135469808,-77.4695217022142
25543,no_incendio,-6.581835148874593,-77.10480197876178
25545,no_incendio,-6.770535932670912,-77.17143392593205
25546,incendio,-6.9136,-76.6287
25547,no_incendio,-6.720013389410524,-76.18246932103828
25552,no_incendio,-6.234614825176705,-77.3723732006722
25554,no_incendio,-6.081931713189248,-77.21688851873837
25581,incendio,-6.5716,-75.5432
25587,no_incendio,-7.140032609231243,-75.65901239539657
25596,incendio,-7.0387,-76.2938
25598,no_incendio,-6.777339583024972,-77.16983093641421
25615,incendio,-6.8758,-76.6876
25616,no_incendio,-5.607428760846163,-75.61638280541105
25617,incendio,-8.6304,-76.6026
25620,no_incendio,-5.841084064265475,-76.47146316885033
25623,incendio,-7.1024,-76.7305
25634,incendio,-6.0896,-77.0663
25636,no_incendio,-7.346936014424016,-77.24612328998047
25641,incendio,-7.6201,-76.5045
25643,no_incendio,-5.518725698266722,-76.04231826723102
25647,no_incendio,-6.534953195140333,-76.18456106043952
25651,no_incendio,-6.134775971165761,-75.80907324993491
25659,no_incendio,-6.834300186862358,-76.1605435782697
25661,no_incendio,-6.156050459707027,-75.66218917207854
25665,no_incendio,-7.311635265992554,-75.85999069910886
25669,incendio,-6.3912,-76.546
25673,no_incendio,-6.2816422432891255,-75.61454508391762
25679,incendio,-7.4492,-76.624
25680,incendio,-6.2144,-76.2162
25687,incendio,-7.3179,-76.8521
25702,no_incendio,-6.737802446576857,-76.76156798779444
25703,incendio,-7.2553,-76.8111
25706,incendio,-5.8199,-76.1415
25717,incendio,-6.5876,-76.3914
25718,no_incendio,-7.140032609231243,-75.65901239539657
25739,incendio,-6.5788,-75.7048
25745,incendio,-6.0171,-77.1147
25746,incendio,-6.6429,-76.2806
25753,incendio,-7.1037,-76.4529
25755,no_incendio,-6.344738730281884,-77.28085925820518
25764,no_incendio,-6.072007171578419,-77.37389388906047
25766,no_incendio,-7.589730303914846,-76.05435857716274
25771,incendio,-6.2139,-75.7939
25788,no_incendio,-7.127093555738052,-76.84105088577114
25795,incendio,-6.6876,-76.4533
25805,no_incendio,-5.77315746853071,-76.36797107270804
25808,no_incendio,-7.436772555974999,-76.13512005747918
25810,no_incendio,-6.220053203592378,-76.13217715018442
25811,no_incendio,-5.599508739006035,-77.02715299547113
25814,no_incendio,-6.059607457191615,-77.52385870382261
25820,no_incendio,-6.324852338083002,-77.32158487709337
25836,no_incendio,-5.977250221064096,-76.70445078164089
25838,incendio,-6.0918,-76.4071
25848,incendio,-7.5584,-76.5263
25851,incendio,-6.2558,-76.0264
25855,incendio,-7.4054,-76.8057
25857,incendio,-8.6026,-76.4115
25858,incendio,-6.6815,-75.5808
25866,incendio,-7.562,-76.6921
25876,no_incendio,-6.125949661803806,-77.27004912325427
25881,incendio,-7.3648,-76.3953
25884,no_incendio,-5.5084858154243905,-75.90684850496002
25885,incendio,-7.5369,-76.553
25889,no_incendio,-5.978876914297251,-77.26050814725458
25891,incendio,-8.4169,-76.2586
25893,no_incendio,-6.695277689736439,-77.08154414600035
25894,incendio,-7.9823,-76.6673
25897,no_incendio,-7.217722844984081,-77.2235426849214
25906,incendio,-8.5936,-76.2086
25907,incendio,-7.3099,-77.7013
25908,no_incendio,-6.122720954624869,-76.9879603704079
25916,incendio,-6.1731,-76.3692
25919,incendio,-8.6136,-76.5758
25921,no_incendio,-6.061848479102238,-75.8084457666632
25928,no_incendio,-6.947446276433678,-76.55641004463064
25940,incendio,-5.7396,-77.429
25942,no_incendio,-6.4800299159294745,-75.86986955910662
25948,incendio,-8.3007,-76.5731
25954,no_incendio,-5.544976635100384,-76.33130727413504
25959,incendio,-6.2343,-76.0559
25972,no_incendio,-6.156444886914189,-76.11831601972577
25973,no_incendio,-5.592843733729189,-75.8469852314677
25977,no_incendio,-7.145399618003832,-77.00792044464232
25978,incendio,-8.4591,-76.41
25990,incendio,-6.3636,-76.912
26002,no_incendio,-5.399995483023551,-76.68244565675566
26005,incendio,-6.0788,-76.0234
26009,incendio,-7.5636,-76.4247
26015,no_incendio,-6.224885960981276,-76.91366721974305
26029,incendio,-7.8123,-76.753
26032,no_incendio,-6.042014186508827,-75.97046946062136
26034,no_incendio,-6.444054607789215,-75.60852282337595
26036,incendio,-7.4532,-76.8857
26037,incendio,-8.3053,-76.6731
26042,incendio,-7.0538,-76.2477
26048,no_incendio,-6.8267458836303225,-76.04005920267028
26050,incendio,-6.7647,-76.1704
26051,incendio,-5.7648,-76.5056
26061,incendio,-6.3613,-76.5974
26066,no_incendio,-6.24016797795497,-75.64844512243143
26071,incendio,-6.6811,-76.2114
26072,no_incendio,-5.879613359801567,-75.64585304449614
26082,no_incendio,-6.772965762366505,-76.27272500681829
26085,incendio,-6.0318,-75.9881
26095,no_incendio,-6.263351561254887,-76.64078067531564
26112,no_incendio,-6.333472406743339,-75.64833382378124
26124,no_incendio,-6.073266163575411,-75.6671313489238
26126,no_incendio,-5.432481694931332,-76.47528675292433
26130,incendio,-5.823,-76.2124
26133,incendio,-6.6365,-75.654
26134,incendio,-7.1018,-76.1831
26144,incendio,-7.1547,-76.995
26146,no_incendio,-5.533837838145786,-75.72558753064112
26148,no_incendio,-5.971572498496214,-75.54699515189168
26160,no_incendio,-5.362697688980843,-76.37235425327088
26161,no_incendio,-5.5904160018413185,-75.95967696851481
26165,no_incendio,-5.5683966845979995,-76.81768428751661
26168,no_incendio,-7.485621627002571,-76.9594043618508
26172,no_incendio,-6.2190640726250495,-76.93105958473025
26183,incendio,-6.2946,-75.7633
26186,no_incendio,-7.322815935895123,-76.7836025186051
26191,no_incendio,-5.455465993485473,-76.16419328270247
26206,no_incendio,-5.563302307050842,-76.50751783358145
26210,incendio,-6.2715,-76.6869
26213,no_incendio,-6.376048501437837,-77.12747027240657
26216,no_incendio,-6.377187733554232,-75.74684740899566
26223,incendio,-5.9232,-76.3295
26228,incendio,-6.7189,-76.6386
26229,no_incendio,-6.825822993237503,-77.04144362527458
26237,no_incendio,-6.525952464139444,-76.13787075319888
26238,no_incendio,-5.8084744858353705,-77.25537544416976
26244,incendio,-6.8267,-76.4411
26256,incendio,-7.4477,-76.2579
26263,no_incendio,-6.3280159994888185,-76.39673641063581
26270,incendio,-7.1488,-76.0359
26272,no_incendio,-6.189900798297541,-77.11922448268243
26274,no_incendio,-7.083533851815549,-75.86202426996425
26275,no_incendio,-7.206553379936274,-76.41990893868237
26277,no_incendio,-6.86277091910318,-76.45893260017807
26279,no_incendio,-7.58397179719786,-76.78899858637695
26284,no_incendio,-6.727604587458214,-76.26589680418019
26291,no_incendio,-5.498957925752801,-76.23819839749541
26292,incendio,-5.9979,-77.1925
26301,incendio,-6.8045,-76.6808
26316,incendio,-8.6771,-76.1519
26319,incendio,-6.6371,-76.7773
26329,no_incendio,-7.345060499544703,-77.11825976617006
26336,no_incendio,-5.8511939634062635,-76.52247944634267
26344,no_incendio,-7.2237762907302,-75.57516855360699
26346,incendio,-5.8767,-76.056
26347,no_incendio,-6.257364517477317,-77.24088667621311
26348,incendio,-6.7185,-76.5774
26349,no_incendio,-7.233369543625463,-75.83176043083628
26351,incendio,-6.5002,-76.8076
26354,no_incendio,-6.248141133810431,-75.50987121265236
26355,no_incendio,-6.242683257012905,-77.09272695265327
26370,incendio,-7.1003,-76.3585
26377,no_incendio,-5.450166959625918,-77.00835031536832
26378,no_incendio,-5.796164972487043,-76.72449599512143
26381,incendio,-7.2127,-76.9559
26383,incendio,-7.0342,-76.2277
26384,incendio,-8.0758,-77.7213
26386,incendio,-7.0643,-77.6312
26391,no_incendio,-6.3028561898427915,-76.27802291650278
26408,incendio,-7.2421,-76.7044
26411,no_incendio,-7.028663799217614,-75.85033836524988
26413,incendio,-5.4045,-76.6183
26417,incendio,-6.8558,-76.554
26424,no_incendio,-6.395505819847665,-76.99761432969862
26425,incendio,-7.0119,-76.2943
26430,no_incendio,-6.3823444451531675,-76.72222524088096
26439,no_incendio,-7.035328568865795,-77.4057239232557
26440,no_incendio,-6.738442276906446,-76.26128977675305
26441,incendio,-5.3986,-76.8601
26445,no_incendio,-6.9213010558098045,-76.33886424086654
26446,incendio,-6.9226,-76.866
26449,no_incendio,-6.30212067741681,-77.20947071632679
26455,incendio,-6.3686,-76.6073
26458,no_incendio,-6.375064281525175,-76.76531716856294
26460,no_incendio,-6.758724816086575,-76.05879675132634
26465,incendio,-7.6815,-76.7968
26466,incendio,-7.0431,-76.9081
26469,no_incendio,-5.946515429749496,-77.17416988943258
26477,no_incendio,-5.391936920318269,-75.74765732530163
26484,no_incendio,-6.314113189001013,-76.77593472488475
26487,no_incendio,-7.038387701485983,-77.46608635694433
26488,incendio,-8.7968,-76.2837
26489,no_incendio,-5.65117658577255,-75.62263099163508
26494,no_incendio,-7.407523974858453,-76.05767195335137
26497,no_incendio,-6.456445234793438,-77.37382860861014
26499,no_incendio,-6.0017769805371435,-76.54978075200272
26502,no_incendio,-5.9343288832648255,-75.71284400291329
26507,no_incendio,-5.693256209324268,-76.57722873694159
26509,incendio,-5.7208,-76.2896
26510,no_incendio,-7.0241667667070145,-76.27510051559456
26513,incendio,-8.4515,-76.4703
26515,no_incendio,-7.311635265992554,-75.85999069910886
26519,incendio,-8.0584,-76.6745
26525,no_incendio,-6.191285072180344,-75.97348634249272
26528,no_incendio,-7.217736549985553,-75.80888423805258
26536,incendio,-7.4307,-76.5782
26539,no_incendio,-6.9422117979050695,-77.32253174388707
26543,incendio,-7.5067,-76.25
26547,incendio,-8.079,-76.6404
26554,incendio,-7.4493,-76.4737
26559,incendio,-5.7727,-77.1539
26561,no_incendio,-5.908177822401652,-76.8838396640829
26564,incendio,-6.2768,-75.8725
26570,no_incendio,-6.388532043555506,-76.84726928607184
26571,no_incendio,-7.294379319518731,-75.60933586901135
26572,incendio,-5.6101,-75.8708
26574,incendio,-5.9415,-76.4912
26576,incendio,-8.5373,-76.1938
26588,no_incendio,-5.84380402008071,-75.92947605096468
26596,incendio,-5.6779,-76.6031
26608,no_incendio,-6.5340207470218745,-75.73082220173393
26618,incendio,-6.5839,-76.243
26624,incendio,-7.4733,-76.5534
26633,no_incendio,-5.775752820945428,-75.77309666724678
26634,no_incendio,-5.504827246357519,-77.16574913944
26635,incendio,-6.7865,-76.5488
26638,incendio,-6.0645,-76.3695
26641,no_incendio,-5.7630676382897414,-75.77232686505347
26642,incendio,-6.7687,-76.3719
26643,no_incendio,-6.56383921503927,-77.29970461755646
26645,no_incendio,-5.976473792691887,-77.521298056028
26649,incendio,-7.0736,-76.4465
26662,no_incendio,-7.508397223486154,-75.66150958377543
26672,no_incendio,-6.6966130629090745,-76.20140385770695
26681,no_incendio,-5.433480478841975,-76.00940335234054
26683,incendio,-5.6609,-76.6377
26685,incendio,-6.8616,-76.2337
26686,incendio,-7.3251,-76.5767
26688,incendio,-7.6667,-76.4577
26690,incendio,-6.3985,-76.6213
26692,incendio,-7.2292,-76.8764
26701,incendio,-5.7577,-76.4118
26703,no_incendio,-5.863095020713222,-75.7889986714283
26704,incendio,-7.1116,-76.6436
26705,no_incendio,-5.933819847140226,-76.39063203845332
26706,incendio,-7.5875,-76.6359
26722,no_incendio,-7.134812798520641,-75.55898183219816
26729,incendio,-6.0496,-76.3322
26737,no_incendio,-7.448759349626241,-75.73146487239217
26749,incendio,-6.0863,-75.6949
26753,no_incendio,-5.441048358116876,-77.52077786090675
26756,incendio,-6.6163,-75.7025
26757,incendio,-8.5823,-76.3711
26758,no_incendio,-6.191285072180344,-75.97348634249272
26760,incendio,-6.834,-77.7876
26762,incendio,-7.2348,-76.2776
26767,no_incendio,-5.818727365285151,-76.86751655981939
26769,incendio,-5.8175,-77.1399
26770,no_incendio,-5.733857068651538,-76.80904901377532
26771,no_incendio,-7.336551353349131,-77.20883178649431
26777,no_incendio,-7.241496994972613,-76.72736472676876
26778,no_incendio,-6.998414939340265,-75.67912715079014
26781,incendio,-6.796,-76.6546
26783,incendio,-5.7703,-75.9656
26787,no_incendio,-5.984669195028871,-76.49551058575585
26794,no_incendio,-6.731898455104795,-77.28317456533246
26810,no_incendio,-7.5699592193140015,-75.58526155924636
26811,incendio,-6.2779,-75.8064
26814,incendio,-6.3816,-76.0992
26815,no_incendio,-6.338883523616399,-76.67237416346605
26817,no_incendio,-7.150750883364853,-76.83628592323717
26822,no_incendio,-6.6832264067033,-77.40030797685029
26827,incendio,-7.3401,-76.4484
26836,incendio,-8.7318,-76.1609
26846,no_incendio,-7.234182176376593,-76.40213823666475
26847,no_incendio,-7.230653311251528,-76.66188363656903
26851,incendio,-8.5611,-76.4355
26858,no_incendio,-7.292676783205119,-75.82456526450503
26861,no_incendio,-5.83234820585484,-77.1167119832574
26862,incendio,-7.2679,-76.4858
26866,no_incendio,-6.0854129819425,-76.79698741171129
26867,no_incendio,-6.306399139576039,-77.35464424704278
26870,incendio,-7.5609,-76.4337
26874,incendio,-7.1878,-77.0742
26877,no_incendio,-6.189738223688629,-76.63044449970681
26878,incendio,-5.3274,-76.306
26885,no_incendio,-7.474717173105087,-76.9435614717976
26888,no_incendio,-7.424353792615787,-75.73269651500266
26890,no_incendio,-5.62776239327014,-77.48408133634722
26892,no_incendio,-6.518152554514016,-75.5195810155841
26894,incendio,-6.8637,-76.5813
26896,incendio,-7.4014,-77.6718
26898,incendio,-6.3056,-75.8888
26900,no_incendio,-6.893924031218003,-76.04905921446095
26901,no_incendio,-5.877091540669871,-76.18474625697182
26903,no_incendio,-7.276587033646778,-76.71291357389988
26904,incendio,-7.4576,-76.5908
26908,no_incendio,-6.9213010558098045,-76.33886424086654
26915,no_incendio,-6.856229226903604,-75.880120110949
26922,no_incendio,-5.316700367183811,-76.26596491615018
26926,no_incendio,-6.260865842963683,-76.65344397081381
26936,no_incendio,-5.411652077381302,-77.27749728778487
26937,incendio,-5.6696,-76.1909
26938,no_incendio,-6.594872736761388,-76.81244710228094
26942,no_incendio,-7.322683908671553,-75.62004317838583
26953,incendio,-7.1774,-76.732
26965,no_incendio,-6.165139577023006,-77.17733248367045
26970,incendio,-6.4896,-76.3478
26971,incendio,-7.1314,-76.304
26972,no_incendio,-7.3383676381877665,-77.39694154174633
26973,incendio,-6.22,-76.3119
26986,no_incendio,-6.931023435575018,-75.82624629253455
26994,no_incendio,-5.641271222445664,-77.2589065650696
27009,no_incendio,-5.398135296375456,-76.71445247130518
27013,incendio,-8.7085,-76.3413
27020,no_incendio,-7.353974209500567,-76.635407884227
27027,incendio,-6.739,-76.7132
27029,no_incendio,-6.157983789056771,-76.91942166932327
27032,incendio,-6.4868,-76.3675
27040,incendio,-5.6914,-76.4251
27042,incendio,-6.9396,-76.7155
27045,no_incendio,-7.128591277381194,-76.12302141097119
27056,incendio,-7.365,-76.2388
27070,incendio,-6.1595,-77.519
27083,incendio,-5.3214,-76.4565
27084,no_incendio,-6.173497385338977,-77.08001241103895
27087,no_incendio,-5.3170098474698,-75.90718083995199
27090,incendio,-7.4467,-76.5954
27095,no_incendio,-6.834902492352533,-77.15059777266319
27110,no_incendio,-6.139224623753688,-76.40308726211332
27136,no_incendio,-6.818883045664746,-77.17747642270048
27137,incendio,-7.6339,-76.6531
27147,no_incendio,-5.561294814825637,-75.74902836133377
27148,no_incendio,-5.49325291733823,-76.90069379643876
27149,no_incendio,-6.953964765279714,-77.26246463391935
27155,incendio,-6.7773,-76.5697
27164,no_incendio,-6.572656774954891,-77.3264854349528
27170,incendio,-6.9774,-76.5856
27175,no_incendio,-6.1922155906112035,-75.54995561422898
27182,no_incendio,-6.272889262540646,-77.34340996973071
27189,no_incendio,-7.005255736259935,-76.42804994495515
27190,incendio,-6.8621,-76.177
27202,incendio,-6.0618,-75.8631
27203,no_incendio,-6.339520872179224,-76.81899067100204
27204,incendio,-5.8538,-76.5789
27215,no_incendio,-7.284463966351714,-76.84480226943248
27226,no_incendio,-6.768773690834417,-77.41433372649782
27233,no_incendio,-6.887626631829371,-77.285374555124
27236,no_incendio,-6.94690710912819,-75.63438003182783
27237,no_incendio,-5.968870459553349,-76.92149677654932
27238,no_incendio,-6.6726823357299025,-76.74697083453398
27243,incendio,-5.7591,-77.3474
27248,no_incendio,-6.631390870435434,-77.17543848057095
27251,no_incendio,-6.682338881301072,-76.58990578057626
27257,incendio,-6.8848,-76.2256
27262,incendio,-6.3422,-76.0902
27263,no_incendio,-7.282016752291952,-75.89864347181351
27264,no_incendio,-7.20837922312058,-75.60173964481412
27265,incendio,-6.8287,-76.4321
27272,incendio,-7.1014,-76.3166
27284,no_incendio,-7.103154809386207,-75.80011378156274
27288,no_incendio,-6.572959136388864,-76.70713570582085
27290,incendio,-7.132,-76.642
27294,incendio,-7.1103,-76.968
27297,no_incendio,-7.217736549985553,-75.80888423805258
27299,incendio,-7.031,-76.9285
27301,incendio,-7.2948,-76.6203
27317,incendio,-6.896,-76.6959
27326,no_incendio,-5.767577808825913,-75.75625284767814
27333,no_incendio,-7.257884674103633,-77.06798922780067
27338,incendio,-5.9336,-76.4467
27341,no_incendio,-6.797266617151564,-77.33130374727055
27344,incendio,-5.843,-76.3615
27347,incendio,-5.3591,-75.7538
27357,no_incendio,-6.672836316039594,-77.21035813191263
27363,no_incendio,-7.036643028375762,-75.60012732289076
27368,no_incendio,-6.631390870435434,-77.17543848057095
27372,incendio,-5.8474,-76.1024
27380,incendio,-5.7095,-76.2627
27381,incendio,-7.0492,-76.9621
27383,incendio,-6.5395,-75.7103
27390,no_incendio,-5.968086685454471,-75.87697296740079
27391,no_incendio,-7.149817793244048,-76.68995380242758
27394,no_incendio,-6.726779286673033,-77.03336380719702
27396,incendio,-6.5785,-75.5445
27398,no_incendio,-5.946515429749496,-77.17416988943258
27399,no_incendio,-7.233124705417647,-77.12066793132318
27400,incendio,-7.571,-76.4034
27403,incendio,-6.7574,-76.5876
27420,no_incendio,-5.721753234372427,-77.04300744557013
27434,no_incendio,-7.265246187084699,-76.5857245979165
27437,incendio,-5.6736,-75.9194
27449,no_incendio,-6.797266617151564,-77.33130374727055
27451,no_incendio,-5.698299617649455,-76.9877048304902
27456,incendio,-7.1918,-76.2439
27467,incendio,-7.1276,-76.9746
27468,no_incendio,-5.605657953237715,-77.33944421680316
27473,no_incendio,-6.699009805364948,-77.20530585140459
27474,incendio,-7.52,-77.5996
27483,no_incendio,-6.904145543477711,-77.38998183817624
27513,incendio,-6.9874,-76.6295
27522,no_incendio,-6.595830198454336,-76.87085544617783
27530,no_incendio,-6.1503156162969,-75.68207577523512
27533,no_incendio,-6.040675081738544,-76.88692151022694
27534,no_incendio,-7.124526948992974,-75.69099174784184
27536,incendio,-8.0119,-76.6666
27540,no_incendio,-6.8808047229850295,-76.28180482094469
27552,no_incendio,-6.801666192426729,-76.32704638741743
27567,no_incendio,-7.527307126647749,-77.12744201881532
27573,incendio,-5.9924,-76.2925
27575,incendio,-5.5798,-76.547
27580,no_incendio,-5.714958817536613,-75.57831712461974
27581,incendio,-8.2985,-76.3482
27582,incendio,-7.3674,-76.0582
27594,no_incendio,-5.9729308547052575,-77.19584889522876
27604,no_incendio,-5.46295343513328,-75.95414593487065
27606,incendio,-7.235,-76.2561
27607,incendio,-7.0246,-76.822
27608,no_incendio,-7.407523974858453,-76.05767195335137
27613,incendio,-7.0189,-76.5841
27617,incendio,-7.0318,-76.7847
27619,incendio,-5.8556,-76.0683
27622,no_incendio,-5.409587022918446,-76.44819351401671
27634,no_incendio,-6.367884072608207,-76.17501426406548
27646,no_incendio,-7.284463966351714,-76.84480226943248
27649,incendio,-5.3541,-75.7615
27651,incendio,-6.9686,-76.5701
27671,no_incendio,-6.923846443514746,-77.29283624638697
27674,no_incendio,-6.7911860867707,-76.3184609362465
27688,incendio,-8.7188,-76.1556
27700,no_incendio,-6.9338065388714725,-77.51645275784907
27704,no_incendio,-6.9821795229188215,-77.4814837765738
27711,no_incendio,-6.752631174647365,-76.89757485609974
27713,incendio,-6.5418,-76.5153
27717,incendio,-6.8546,-76.629
27737,incendio,-7.0194,-76.3824
27740,no_incendio,-6.082418461874669,-76.27878687106944
27752,incendio,-7.1175,-76.1808
27760,no_incendio,-5.839270188717535,-77.49668062311541
27769,no_incendio,-6.314113189001013,-76.77593472488475
27771,no_incendio,-6.543996709664201,-75.77625931317041
27774,no_incendio,-6.040209440060914,-75.6194334979568
27779,no_incendio,-5.300946297144839,-75.60535100286195
27785,incendio,-5.9902,-77.2793
27786,no_incendio,-6.831471934568246,-75.7875932896481
27799,incendio,-7.3629,-76.0427
27806,incendio,-8.7838,-76.1372
27807,incendio,-5.7509,-76.0015
27809,incendio,-7.3614,-76.722
27810,incendio,-8.6011,-76.2951
27815,no_incendio,-6.6046403916429695,-76.28478273774354
27821,no_incendio,-6.5878777950259835,-76.78969667476908
27826,incendio,-5.6207,-76.1703
27829,no_incendio,-6.9338065388714725,-77.51645275784907
27830,no_incendio,-5.374155680654134,-76.14052405499798
27846,no_incendio,-6.00373135270891,-76.34110147279476
27849,no_incendio,-6.890142536767722,-76.21093731168023
27866,no_incendio,-5.73056432169004,-76.88063042787364
27867,incendio,-8.4392,-76.2809
27872,no_incendio,-6.729488491648472,-77.03653906594069
27888,incendio,-6.4464,-75.8406
27890,incendio,-6.1317,-77.2055
27891,no_incendio,-6.94690710912819,-75.63438003182783
27892,no_incendio,-7.276587033646778,-76.71291357389988
27899,no_incendio,-5.670265351646696,-76.15936780244608
27919,no_incendio,-7.456346722108078,-76.20342873895703
27924,incendio,-7.0839,-76.8358
27925,incendio,-7.2665,-76.2251
27928,no_incendio,-7.538851524680003,-76.89606525439852
27929,no_incendio,-5.441048358116876,-77.52077786090675
27936,incendio,-7.6803,-76.7919
27941,no_incendio,-5.921016028711128,-75.70718586514504
27942,no_incendio,-7.52002816732032,-76.85728021112728
27957,no_incendio,-6.007162927883913,-76.5503319635523
27958,no_incendio,-6.446499470618798,-75.63834110129498
27962,incendio,-8.7196,-76.3357
27964,no_incendio,-7.225892265359727,-76.0093087691897
27988,incendio,-7.2858,-76.9814
27989,incendio,-6.2931,-76.0704
27998,no_incendio,-7.384008271248504,-77.19420546410333
28002,incendio,-7.6708,-76.5366
28012,no_incendio,-5.399746644332469,-76.68187059720576
28014,no_incendio,-5.876670821018357,-77.35096983439296
28031,incendio,-8.4452,-76.3797
28038,incendio,-7.0268,-76.1891
28048,incendio,-7.2923,-76.9409
28056,no_incendio,-5.555763303802058,-77.3394188883658
28061,incendio,-6.0862,-76.2151
28070,no_incendio,-6.953964765279714,-77.26246463391935
28076,incendio,-5.8358,-76.4682
28087,incendio,-7.0009,-76.8931
28089,incendio,-7.2534,-77.0536
28090,no_incendio,-5.557069716448366,-75.65393079947539
28106,incendio,-5.3235,-76.4225
28109,no_incendio,-5.881820929193948,-76.58450370780717
28110,no_incendio,-5.3992279096164255,-77.51525342091976
28111,incendio,-7.0034,-76.8333
28113,no_incendio,-5.691367325953232,-76.91174291210852
28118,incendio,-6.2026,-75.955
28120,incendio,-6.6793,-76.7167
28121,incendio,-5.9173,-76.3168
28129,incendio,-8.4827,-76.3125
28133,incendio,-6.674,-76.1732
28140,no_incendio,-5.398135296375456,-76.71445247130518
28142,no_incendio,-6.31265571754434,-77.00564888561091
28144,no_incendio,-6.8824524173967765,-77.12203229237878
28153,no_incendio,-6.752631174647365,-76.89757485609974
28157,no_incendio,-5.402348170521421,-77.02463779239379
28161,incendio,-6.9191,-76.4077
28172,incendio,-7.1724,-76.6657
28173,incendio,-8.323,-76.2494
28178,incendio,-6.4287,-76.6269
28182,no_incendio,-5.900355019577343,-76.50972621036057
28184,no_incendio,-6.859834032339221,-77.17846783969736
28186,incendio,-7.296,-76.5901
28191,incendio,-6.3652,-76.504
28195,no_incendio,-6.388532043555506,-76.84726928607184
28207,no_incendio,-6.904145543477711,-77.38998183817624
28210,incendio,-6.8166,-76.6832
28212,no_incendio,-6.187799355462546,-77.0520465624197
28213,incendio,-5.7716,-75.9628
28214,no_incendio,-6.15602894819134,-76.33768833426039
28223,incendio,-8.6556,-76.8478
28225,no_incendio,-6.501773263941807,-76.20873227680231
28230,no_incendio,-6.308143679517888,-75.54381617905881
28231,no_incendio,-7.098978961723795,-76.16251434543014
28242,no_incendio,-6.568678711242536,-76.46161690496696
28243,incendio,-8.1551,-77.0436
28252,incendio,-7.3774,-76.5532
28253,no_incendio,-5.971167138004345,-76.3740699604034
28257,incendio,-6.0904,-77.6965
28258,incendio,-8.7157,-76.1535
28260,incendio,-7.4284,-76.6329
28264,no_incendio,-5.752288568187965,-75.61867904444058
28273,no_incendio,-5.907158352622331,-77.4442973163752
28277,no_incendio,-6.279874050199112,-75.76672987730963
28278,incendio,-6.3107,-75.9592
28279,no_incendio,-5.862678119407266,-76.8979972886448
28283,no_incendio,-7.241827770839374,-75.55383362888189
28287,no_incendio,-5.546857195256127,-75.81190178678054
28294,no_incendio,-6.6675087326032685,-77.42602403570756
28300,incendio,-6.7715,-76.9588
28308,no_incendio,-5.804055235179965,-77.4451366120588
28313,no_incendio,-6.696116083768962,-76.75572773731696
28322,incendio,-5.5011,-76.5356
28323,incendio,-5.811,-76.2901
28325,no_incendio,-7.3664786483523805,-76.23130655990323
28327,no_incendio,-6.594872736761388,-76.81244710228094
28328,no_incendio,-7.233124705417647,-77.12066793132318
28331,incendio,-7.8397,-76.6886
28338,incendio,-7.3795,-76.8024
28339,no_incendio,-6.500803234494254,-76.0342561681164
28345,no_incendio,-6.332355926126756,-76.57852424451565
28350,no_incendio,-6.5305605417841495,-76.81567387832536
28358,no_incendio,-5.978876914297251,-77.26050814725458
28359,incendio,-8.0181,-77.5922
28360,no_incendio,-5.941437702339227,-76.71661667859928
28366,no_incendio,-5.555763303802058,-77.3394188883658
28368,no_incendio,-6.062840602584927,-76.70237486789418
28371,no_incendio,-6.650069273774372,-77.45753589439983
28376,no_incendio,-5.335389403596253,-76.01475499828726
28378,incendio,-8.4421,-76.3717
28379,incendio,-6.7483,-77.2984
28380,no_incendio,-5.953019088925324,-76.23284593502969
28382,no_incendio,-7.544493851248457,-76.73397529490327
28383,no_incendio,-7.017832061015762,-77.13978816386988
28386,no_incendio,-7.418524326808485,-76.32670813744515
28387,no_incendio,-6.1849308797193405,-77.44943428599332
28393,incendio,-6.8979,-76.6621
28396,incendio,-6.0547,-76.2844
28397,incendio,-5.5126,-76.7552
28398,incendio,-5.8931,-76.1212
28403,no_incendio,-6.836006339265761,-75.80496615427175
28424,no_incendio,-5.559553740329016,-76.98206356543957
28431,no_incendio,-6.0636997194620585,-76.98817967024722
28441,incendio,-7.1025,-76.8331
28444,incendio,-8.1886,-76.5128
28456,no_incendio,-6.135395550199937,-77.01659159261982
28460,incendio,-8.5125,-76.3058
28477,incendio,-7.4815,-76.4918
28478,no_incendio,-6.24016797795497,-75.64844512243143
28483,incendio,-6.8748,-76.607
28506,no_incendio,-5.739591127784566,-75.99955564974134
28509,no_incendio,-5.89297787831936,-76.40313981264967
28518,no_incendio,-6.312891094128834,-75.840822427949
28523,no_incendio,-5.647813944563046,-75.98631579821414
28524,no_incendio,-5.5670313248345,-75.99876018929933
28527,no_incendio,-7.347824110154567,-75.82503332128289
28530,no_incendio,-7.186570265010596,-75.84461863050306
28545,no_incendio,-7.324122621539671,-77.54410654355205
28552,no_incendio,-6.100924085847581,-75.50738744279523
28553,no_incendio,-7.537645825070388,-77.33447245653781
28555,incendio,-7.2121,-76.1078
28557,no_incendio,-5.469135651128677,-76.66584024328755
28570,incendio,-7.2719,-76.9579
28572,no_incendio,-6.180704652480343,-76.89113580194854
28575,no_incendio,-5.707217935164065,-76.52295370572979
28580,incendio,-6.715,-76.8555
28582,no_incendio,-6.606517162327486,-77.4629258839616
28586,no_incendio,-5.4225864404931166,-77.44996456310464
28594,no_incendio,-5.522972759309926,-75.80819311512354
28595,no_incendio,-6.299525540013742,-76.28555400177144
28597,incendio,-7.482,-76.5902
28601,no_incendio,-7.341385532228014,-75.96721546288514
28603,incendio,-7.3363,-76.8969
28607,incendio,-6.8474,-76.8902
28615,no_incendio,-6.391881397317083,-77.53216465937516
28619,incendio,-7.1781,-76.2548
28627,no_incendio,-5.630317607867646,-76.28664530211917
28635,no_incendio,-6.4080436516823225,-77.02161843514952
28636,incendio,-6.5575,-76.5663
28639,incendio,-7.1468,-76.2226
28640,incendio,-8.6056,-76.3212
28641,incendio,-6.4919,-77.6149
28643,no_incendio,-5.504024274503536,-76.47223087280436
28647,no_incendio,-7.014702412265873,-76.4405488433982
28652,incendio,-7.1326,-76.9032
28653,no_incendio,-6.9177745399597805,-77.27712831962272
28664,incendio,-6.1809,-77.736
28666,no_incendio,-6.263351561254887,-76.64078067531564
28669,no_incendio,-5.313659040472185,-75.7974059398213
28671,no_incendio,-6.781601843650596,-77.34861421933648
28672,incendio,-7.4923,-76.3927
28680,no_incendio,-5.7532005563442,-76.81683301115936
28682,no_incendio,-6.807279841790784,-75.78242302305196
28687,incendio,-7.5177,-76.7064
28693,no_incendio,-7.367557628064232,-76.4395241338938
28696,incendio,-6.8144,-76.1987
28701,no_incendio,-6.638936461882343,-76.98044793632914
28702,no_incendio,-6.692392129901898,-76.24064751909104
28703,incendio,-6.879,-76.8551
28710,incendio,-6.2983,-76.7508
28712,incendio,-5.8085,-77.017
28715,no_incendio,-6.887626631829371,-77.285374555124
28718,incendio,-7.3559,-76.5579
28725,no_incendio,-5.698299617649455,-76.9877048304902
28726,incendio,-6.3475,-76.1283
28727,no_incendio,-7.4286037527901305,-75.69674631092113
28729,no_incendio,-7.546681661706002,-77.09086718024028
28733,no_incendio,-7.45728200774953,-76.98588787498541
28734,incendio,-8.2988,-76.6373
28735,no_incendio,-5.862678119407266,-76.8979972886448
28745,incendio,-6.6857,-76.3228
28748,no_incendio,-5.619318348217799,-76.76258506679603
28749,incendio,-6.8101,-76.5075
28763,incendio,-8.5662,-76.4086
28764,incendio,-8.6375,-76.2578
28771,incendio,-5.8449,-76.2167
28775,no_incendio,-7.312843125933768,-75.51939324111113
28782,incendio,-7.3503,-76.2501
28783,no_incendio,-6.7893125147185724,-75.8130856477531
28784,incendio,-6.8463,-76.922
28790,incendio,-6.1362,-75.7136
28813,no_incendio,-7.446777051363318,-75.55823277277759
28814,incendio,-8.6114,-76.4126
28824,no_incendio,-5.955706826060275,-77.52353123807491
28842,no_incendio,-5.899739172279481,-75.62561076754551
28844,no_incendio,-7.160701404821328,-77.50258610161559
28847,incendio,-8.4355,-76.2018
28852,no_incendio,-7.532917537712722,-76.04821551837472
28856,no_incendio,-7.493235179350296,-76.56434016404388
28871,incendio,-8.6951,-76.374
28882,incendio,-6.5902,-76.5757
28885,no_incendio,-5.923104963527884,-76.43553159912858
28894,no_incendio,-5.748428283636171,-75.60096771532396
28899,incendio,-6.1323,-77.0798
28906,no_incendio,-7.5699592193140015,-75.58526155924636
28911,incendio,-8.1088,-76.6652
28917,incendio,-8.7297,-76.7497
28922,no_incendio,-5.707217935164065,-76.52295370572979
28928,no_incendio,-7.038387701485983,-77.46608635694433
28931,no_incendio,-6.701934945529236,-77.46493186657752
28937,no_incendio,-6.727275952714791,-77.44889142586435
28939,no_incendio,-6.332355926126756,-76.57852424451565
28940,incendio,-5.8632,-76.2458
28948,incendio,-7.018,-76.7017
28949,no_incendio,-7.1205154593131565,-76.76326173892171
28953,incendio,-6.5693,-76.7624
28958,no_incendio,-7.014916061647587,-75.71674408231947
28959,incendio,-5.9914,-76.0971
28960,no_incendio,-6.1503156162969,-75.68207577523512
28962,no_incendio,-6.843242986862935,-76.83119639273687
28965,no_incendio,-5.974627825335505,-76.8393257597771
28967,incendio,-8.5761,-76.3585
28977,incendio,-7.5247,-76.4216
28980,no_incendio,-5.5904160018413185,-75.95967696851481
28984,no_incendio,-6.57344451362061,-75.98407882587051
28987,incendio,-6.1458,-76.0897
28990,no_incendio,-5.3902001479588,-77.1291902290787
29000,incendio,-7.4328,-76.8287
29008,no_incendio,-6.578202945590633,-76.50501159622002
29011,incendio,-7.6207,-76.6618
29015,incendio,-6.1194,-76.3139
29025,incendio,-6.0408,-76.976
29028,no_incendio,-7.126628531945264,-77.1694503862003
29032,incendio,-7.1129,-76.233
29036,incendio,-7.704,-76.775
29045,no_incendio,-6.165729925483304,-75.50698017130118
29046,no_incendio,-6.1476999130544865,-77.34007485362595
29047,incendio,-6.5538,-76.4108
29052,incendio,-7.1868,-76.4262
29067,no_incendio,-7.44968802750322,-77.23116283334409
29069,incendio,-7.8701,-77.4909
29084,incendio,-7.7142,-76.7949
29093,incendio,-7.3069,-76.4479
29096,no_incendio,-5.4868610147355525,-76.76095607597574
29100,no_incendio,-5.976473792691887,-77.521298056028
29101,no_incendio,-6.308716369141198,-75.7579038479895
29102,incendio,-7.7784,-77.7324
29112,incendio,-6.3097,-75.8825
29113,incendio,-6.9501,-76.9253
29116,no_incendio,-7.178109146033509,-76.55931189942505
29117,no_incendio,-6.107814853885202,-77.33817072189056
29119,no_incendio,-6.575273134907994,-75.71241319767115
29120,incendio,-6.0388,-76.9735
29124,no_incendio,-6.736094048254664,-75.79047035285556
29128,incendio,-7.5452,-76.7809
29133,incendio,-6.6861,-76.5189
29135,incendio,-8.5501,-76.477
29139,incendio,-7.3856,-76.7142
29156,incendio,-6.132,-75.9379
29158,incendio,-7.4214,-76.6944
29170,no_incendio,-6.360887636963093,-77.10755017823716
29174,no_incendio,-5.504827246357519,-77.16574913944
29177,incendio,-6.2672,-75.9837
29178,no_incendio,-5.309022549050947,-77.11989827113337
29180,no_incendio,-5.409587022918446,-76.44819351401671
29181,no_incendio,-7.320681720418793,-75.65489361084256
29182,incendio,-7.2001,-76.6507
29188,incendio,-8.1873,-76.9678
29193,no_incendio,-6.93526933500558,-76.94440022861454
29195,no_incendio,-6.91975600968376,-77.05871610020544
29196,no_incendio,-5.98497682810957,-77.24575452252367
29197,no_incendio,-7.340268369426515,-77.43400024997341
29198,incendio,-7.6614,-76.4718
29202,incendio,-6.729,-77.4782
29213,no_incendio,-5.847773952672416,-76.45786537475786
29217,no_incendio,-6.980365789444828,-76.90654360978435
29220,incendio,-6.5392,-76.3081
29230,incendio,-5.7684,-76.1899
29233,incendio,-5.9479,-75.8908
29238,no_incendio,-5.719448744498719,-77.23298516632254
29245,no_incendio,-7.212746042883999,-76.23580517242253
29246,incendio,-5.7106,-75.8484
29247,incendio,-7.7606,-76.7565
29271,incendio,-5.9821,-75.9757
29273,incendio,-5.7473,-76.5058
29277,no_incendio,-5.6011690570737915,-76.70090683859456
29282,no_incendio,-7.475453840000244,-77.09283995143899
29290,no_incendio,-6.694264893002906,-76.05015609684683
29292,no_incendio,-5.371545466461964,-76.40334353874748
29294,incendio,-7.4879,-76.7483
29299,incendio,-6.0496,-76.8633
29306,incendio,-6.6954,-76.4628
29308,no_incendio,-5.9787702159042375,-76.39270327711898
29315,no_incendio,-5.882545131668422,-77.4252687375934
29318,incendio,-6.3755,-76.7797
29327,incendio,-6.3953,-75.8425
29328,no_incendio,-5.55191314269425,-76.59129090689653
29331,incendio,-6.7816,-76.5401
29333,incendio,-8.561,-77.3399
29344,no_incendio,-7.093257969486561,-77.25013940551041
29352,no_incendio,-6.949882284574706,-75.68273295602192
29356,incendio,-7.4484,-76.5664
29362,incendio,-7.8477,-76.7539
29363,incendio,-7.0419,-76.2437
29364,incendio,-7.4109,-76.7343
29365,incendio,-7.735,-76.74
29368,no_incendio,-6.603103679284163,-76.5352543472929
29369,no_incendio,-6.344738730281884,-77.28085925820518
29375,incendio,-7.4079,-76.7127
29386,incendio,-8.3735,-77.0472
29389,incendio,-5.981,-77.107
29391,no_incendio,-5.317490731831781,-77.05291423448321
29400,incendio,-6.4871,-75.7739
29401,no_incendio,-7.333298288226105,-76.42146225481947
29404,no_incendio,-7.076017752800738,-75.91978389352657
29407,incendio,-6.4868,-76.586
29410,no_incendio,-6.420478782048784,-76.46157866406858
29413,incendio,-6.1636,-75.9798
29416,incendio,-6.4476,-75.7752
29425,no_incendio,-5.532392079747417,-76.92136640270547
29436,no_incendio,-5.764033944085201,-76.45830778573153
29437,incendio,-8.7449,-76.7497
29441,no_incendio,-6.4551795764442375,-76.19574642473289
29450,incendio,-6.8176,-76.585
29451,no_incendio,-6.082418461874669,-76.27878687106944
29452,incendio,-7.7267,-76.7323
29458,no_incendio,-5.7980276983387755,-76.60461534978732
29470,no_incendio,-5.9272520922930445,-77.17976360795232
29476,incendio,-7.0301,-76.5468
29477,no_incendio,-7.195118276412429,-75.87773973651454
29495,incendio,-7.1217,-76.6064
29503,no_incendio,-6.902373213948052,-75.80243684170989
29506,incendio,-7.4081,-76.7142
29508,no_incendio,-5.673007856969957,-76.8124122789181
29509,incendio,-6.5154,-76.4625
29511,no_incendio,-7.035328568865795,-77.4057239232557
29517,incendio,-5.9721,-76.2833
29518,incendio,-7.3843,-76.5508
29521,no_incendio,-6.304617864281926,-76.60193669802109
29530,no_incendio,-6.1592934714330285,-77.34475903708392
29533,incendio,-6.9767,-76.558
29535,no_incendio,-6.468598557394471,-76.29833017428093
29536,no_incendio,-7.20837922312058,-75.60173964481412
29541,incendio,-7.1868,-76.2364
29543,no_incendio,-6.787959079277664,-75.64572689392233
29546,incendio,-5.7224,-76.2311
29550,incendio,-8.0483,-76.6885
29554,incendio,-8.516,-76.3406
29555,incendio,-7.2487,-76.6945
29560,incendio,-7.4346,-76.8591
29567,no_incendio,-6.058777263222519,-76.29718752856778
29579,incendio,-8.6404,-76.3182
29581,incendio,-6.0156,-76.2738
29595,no_incendio,-6.482310901757052,-76.90146059819452
29604,no_incendio,-6.968966493455318,-76.77095416720522
29605,incendio,-5.6889,-76.306
29609,incendio,-6.8946,-76.6202
29613,no_incendio,-6.987442347939161,-77.51096806537585
29614,incendio,-5.308,-76.3127
29619,incendio,-8.6103,-76.1182
29620,incendio,-6.796,-76.6678
29621,incendio,-6.1057,-77.1715
29625,incendio,-7.8834,-76.7809
29626,no_incendio,-5.913375544586391,-77.02153912778006
29645,no_incendio,-6.091674894114575,-77.31779067927825
29646,no_incendio,-5.412071364186887,-77.00251056339543
29656,no_incendio,-5.977954403238399,-75.89740788010133
29657,incendio,-6.3092,-75.8212
29663,no_incendio,-6.535140869924569,-76.94972010352429
29679,incendio,-8.5468,-76.1592
29682,incendio,-6.394,-75.9356
29684,no_incendio,-5.493534251624167,-76.05824936892388
29687,incendio,-8.7577,-76.4016
29695,no_incendio,-5.747916301571042,-76.94248947046277
29696,no_incendio,-6.806373584205248,-76.84212620311408
29699,no_incendio,-5.559447141003816,-77.53240429845073
29702,incendio,-7.0013,-76.1503
29716,incendio,-6.9038,-76.9497
29717,no_incendio,-6.040843804619021,-75.5134205645717
29724,incendio,-5.7035,-76.1719
29725,incendio,-7.4742,-76.4509
29726,no_incendio,-7.1205154593131565,-76.76326173892171
29729,no_incendio,-5.811469366759115,-76.0719190251322
29739,no_incendio,-5.89201477503853,-77.2682101013539
29741,incendio,-7.376,-76.5318
29742,incendio,-7.0859,-77.0136
29745,no_incendio,-6.763948396418463,-75.5008846760666
29751,incendio,-6.5522,-75.7706
29759,incendio,-8.6096,-76.6155
29771,no_incendio,-6.135395550199937,-77.01659159261982
29780,no_incendio,-5.979395848987274,-75.81605060669331
29782,no_incendio,-7.26944697761503,-76.97064413485722
29786,incendio,-6.2253,-76.326
29788,incendio,-7.1877,-76.3709
29789,no_incendio,-6.378904304384582,-76.46012370931685
29798,incendio,-7.2478,-76.5097
29803,incendio,-6.9147,-76.7155
29807,incendio,-7.2845,-77.6193
29809,no_incendio,-6.5631659761878876,-77.17426169429598
29812,incendio,-7.1019,-76.5795
29834,incendio,-8.5584,-76.3901
29841,incendio,-7.1128,-77.0737
29847,incendio,-6.3959,-75.9859
29858,no_incendio,-7.378012032391012,-77.45917085361808
29859,no_incendio,-6.875442125514737,-76.55018813227439
29861,incendio,-7.7056,-76.4773
29864,incendio,-6.5863,-76.3591
29866,incendio,-6.1265,-76.3216
29868,no_incendio,-7.53303009358015,-76.30539007678105
29872,no_incendio,-6.808298154641365,-77.1261442416624
29873,incendio,-7.3014,-76.1034
29878,no_incendio,-6.157983789056771,-76.91942166932327
29901,no_incendio,-5.353246300739066,-75.96334736686653
29907,no_incendio,-7.081431158638572,-76.84157131930168
29911,incendio,-6.0595,-77.168
29913,no_incendio,-5.915658751464713,-77.38575524652865
29926,no_incendio,-6.884683844966387,-77.48590774056447
29929,incendio,-6.6673,-76.8739
29930,no_incendio,-7.070198196068285,-76.36379595586068
29932,no_incendio,-6.124908546496211,-75.75141276131208
29937,incendio,-6.7581,-76.4316
29938,incendio,-6.0706,-76.2953
29941,incendio,-8.5842,-75.6252
29943,no_incendio,-6.551429222354349,-76.91211574837874
29945,no_incendio,-5.880891988248802,-77.50381327072611
29952,incendio,-7.2451,-77.7366
29955,incendio,-8.2774,-76.547
29957,incendio,-6.3863,-75.9237
29961,incendio,-5.6749,-76.5757
29964,no_incendio,-7.126628531945264,-77.1694503862003
29968,no_incendio,-6.772965762366505,-76.27272500681829
29977,no_incendio,-7.4582565567314925,-76.8374558308584
29986,no_incendio,-5.937659253977012,-77.34942172737706
29994,incendio,-5.5813,-76.6795
29995,incendio,-6.9333,-76.1618
30003,incendio,-7.2004,-76.8673
30004,no_incendio,-5.31179064282697,-75.78618195501585
30008,incendio,-7.3479,-76.639
30010,incendio,-6.3143,-75.8657
30021,no_incendio,-5.621781873154133,-75.59201486751932
30023,incendio,-6.4793,-75.7004
30028,no_incendio,-6.421249722496318,-77.04956463628945
30031,incendio,-6.1999,-76.2656
30034,incendio,-7.467,-76.4987
30035,incendio,-6.8259,-76.6916
30056,no_incendio,-6.31265571754434,-77.00564888561091
30059,no_incendio,-6.649475670478298,-75.86589242526365
30069,no_incendio,-6.353424809181855,-75.63008762129351
30072,no_incendio,-6.599957493403006,-76.05770861085986
30073,no_incendio,-5.46295343513328,-75.95414593487065
30074,incendio,-7.3895,-76.5442
30075,no_incendio,-7.454920494649443,-76.8925561147692
30076,incendio,-6.4937,-76.3777
30083,no_incendio,-6.252480366224789,-76.488140203218
30088,incendio,-7.3266,-76.5197
30092,incendio,-5.8266,-75.6107
30096,no_incendio,-5.316700367183811,-76.26596491615018
30099,no_incendio,-5.49325291733823,-76.90069379643876
30115,incendio,-6.1383,-76.0166
30146,incendio,-8.0882,-76.6298
30152,no_incendio,-5.740185734953845,-76.52718705325192
30158,no_incendio,-6.260865842963683,-76.65344397081381
30167,no_incendio,-6.895202578534257,-77.04341617849329
30169,no_incendio,-5.563302307050842,-76.50751783358145
30174,incendio,-5.3526,-75.7512
30177,no_incendio,-5.590950998396602,-75.50740685150045
30187,incendio,-6.864,-76.552
30188,incendio,-8.7513,-76.1266
30190,incendio,-7.1207,-77.0758
30194,incendio,-5.7306,-77.3704
30196,no_incendio,-5.519172911219698,-76.89133916809088
30199,incendio,-6.2129,-75.9953
30200,incendio,-6.7697,-77.4951
30203,incendio,-7.4117,-76.7183
30210,no_incendio,-6.694264893002906,-76.05015609684683
30222,no_incendio,-5.719448744498719,-77.23298516632254
30225,incendio,-6.7512,-76.6966
30227,no_incendio,-6.43490273431634,-75.69794209792583
30228,no_incendio,-6.825822993237503,-77.04144362527458
30248,no_incendio,-6.726508547372632,-75.8805912365982
30249,no_incendio,-6.5080063012359775,-75.67913673399867
30257,incendio,-5.6257,-76.2783
30265,no_incendio,-6.677016361068433,-76.35596462138518
30270,no_incendio,-5.983810951819396,-76.22464105692707
30275,no_incendio,-5.508214763979514,-75.68261084884283
30284,no_incendio,-5.688886934346843,-77.36422749238871
30286,no_incendio,-7.285979665021611,-76.94332213408417
30287,incendio,-7.1585,-76.2337
30290,no_incendio,-6.569933219427762,-75.5278161670118
30291,no_incendio,-6.887017706594157,-77.30533643415299
30294,no_incendio,-6.254046612679011,-76.94445690037632
30302,no_incendio,-7.18387555277713,-76.55534207208011
30306,no_incendio,-6.93526933500558,-76.94440022861454
30309,no_incendio,-5.721753234372427,-77.04300744557013
30312,no_incendio,-6.770535932670912,-77.17143392593205
30314,incendio,-8.4324,-76.3226
30319,incendio,-8.5522,-76.5113
30321,no_incendio,-6.946999930209273,-76.16347768392615
30326,no_incendio,-5.869842375317225,-75.95286206170579
30346,no_incendio,-7.56354574516261,-76.00460014183221
30351,incendio,-5.6983,-76.6265
30358,incendio,-5.6411,-75.8326
30363,incendio,-5.8202,-76.5109
30385,no_incendio,-7.063019746501072,-77.52481749302208
30388,no_incendio,-5.9969306066925245,-75.59395245076587
30406,incendio,-8.6183,-76.6781
30407,incendio,-6.1857,-75.9212
30413,no_incendio,-7.157163278516986,-76.9354632282693
30425,incendio,-7.2971,-76.2016
30439,incendio,-7.0409,-76.715
30442,no_incendio,-5.612307081535751,-76.80288819980903
30450,incendio,-5.7443,-76.0447
30451,no_incendio,-6.551429222354349,-76.91211574837874
30457,no_incendio,-6.237007995955339,-77.29653920345977
30458,incendio,-6.1952,-76.2271
30463,no_incendio,-6.9712876814104,-75.72933923833854
30465,incendio,-7.1022,-76.5434
30474,no_incendio,-6.45014471724059,-77.23785683491617
30477,no_incendio,-7.241827770839374,-75.55383362888189
30479,no_incendio,-5.7158112857010535,-77.38243423840477
30480,incendio,-7.4188,-76.7296
30490,no_incendio,-7.294379319518731,-75.60933586901135
30497,incendio,-7.4004,-76.5735
30498,no_incendio,-5.932677032359028,-76.67039982026421
30508,incendio,-6.7279,-76.3869
30515,no_incendio,-5.8418090063734045,-77.13859458576027
30518,incendio,-7.4704,-76.6262
30526,incendio,-8.6179,-77.276
30532,no_incendio,-5.397648721010737,-76.34314573163867
30544,incendio,-6.2622,-75.861
30546,no_incendio,-6.5096234782459765,-76.05722709745423
30551,incendio,-6.7078,-77.3044
30552,incendio,-6.8033,-76.4404
30553,incendio,-6.5234,-75.7091
30563,no_incendio,-5.586947404667705,-76.96796502244129
30566,incendio,-7.8271,-77.6851
30571,incendio,-8.5408,-76.2137
30574,no_incendio,-7.317626251154921,-75.78361603634158
30586,no_incendio,-6.064968975705764,-75.80158619111924
30592,incendio,-7.4426,-76.6143
30596,incendio,-7.1095,-76.3969
30597,no_incendio,-6.427611857268102,-77.39761535548438
30598,incendio,-6.2148,-76.0976
30607,incendio,-7.5994,-76.5081
30615,incendio,-6.3195,-75.9324
30618,incendio,-7.5889,-76.4013
30622,no_incendio,-5.409046088511844,-75.85044957982578
30624,no_incendio,-7.028663799217614,-75.85033836524988
30629,no_incendio,-6.846679592265051,-75.78055281220841
30630,no_incendio,-5.780675568523146,-77.4440499191556
30631,incendio,-5.9373,-76.2826
30639,incendio,-6.1515,-75.8954
30641,no_incendio,-7.4811756669415,-76.01564428333117
30644,no_incendio,-6.797587829172456,-76.96085855036651
30647,incendio,-5.9008,-76.1147
30652,no_incendio,-6.7449829270010735,-76.32449330393015
30671,incendio,-6.4619,-76.841
30672,no_incendio,-6.991300272279587,-76.75580323161067
30674,incendio,-5.7105,-77.5028
30675,incendio,-7.2561,-76.3275
30676,incendio,-6.0555,-76.1485
30688,no_incendio,-5.77315746853071,-76.36797107270804
30693,incendio,-5.7308,-76.0579
30698,incendio,-7.2465,-76.1156
30700,incendio,-5.8578,-76.534
30701,no_incendio,-6.705083355769138,-77.07784196502678
30712,incendio,-7.5856,-76.4771
30713,no_incendio,-5.928392145710498,-76.5403998802667
30717,no_incendio,-6.146020638711784,-75.61071933850509
30718,no_incendio,-7.265246187084699,-76.5857245979165
30722,incendio,-5.7749,-76.2774
30733,no_incendio,-6.695277689736439,-77.08154414600035
30735,no_incendio,-6.616039268330141,-77.35690054867337
30736,incendio,-6.2785,-76.0444
30747,no_incendio,-5.374155680654134,-76.14052405499798
30750,no_incendio,-6.525571951158751,-77.30569775147015
30764,no_incendio,-7.5699592193140015,-75.58526155924636
30767,no_incendio,-6.081931713189248,-77.21688851873837
30780,incendio,-7.3406,-76.5556
30802,incendio,-6.9937,-76.578
30814,no_incendio,-6.490391135640375,-76.20592887580928
30816,no_incendio,-7.099688871826168,-75.91020418997267
30818,incendio,-7.178,-76.4885
30820,incendio,-8.6085,-76.1371
30823,incendio,-6.4939,-76.3507
30838,incendio,-7.0336,-76.1238
30842,no_incendio,-6.6015678247259215,-76.27888093028594
30849,incendio,-7.0319,-76.1068
30853,incendio,-7.7735,-76.748
30859,no_incendio,-5.977954403238399,-75.89740788010133
30874,incendio,-6.6855,-76.3419
30879,incendio,-7.1932,-76.2533
30881,incendio,-7.7225,-76.8168
30883,incendio,-5.9049,-76.1081
30888,incendio,-5.7341,-76.1269
30901,no_incendio,-6.654532009707288,-75.5305999621871
30903,incendio,-7.0905,-76.7705
30906,no_incendio,-6.505676796415307,-75.74448285313693
30911,no_incendio,-5.356858559279738,-76.9184573866197
30913,no_incendio,-6.08674868659818,-77.38664384875209
30915,no_incendio,-5.326931537697329,-77.25175106818679
30926,no_incendio,-6.09276868271348,-76.00881721213455
30935,incendio,-6.034,-76.9703
30943,no_incendio,-7.1210506239975135,-76.31863607475617
30945,incendio,-6.0797,-75.9956
30950,incendio,-7.5027,-76.3712
30952,no_incendio,-7.010242517235748,-76.48324440357516
30953,no_incendio,-7.377346584054845,-77.21066750842841
30955,incendio,-8.3751,-76.3978
30969,no_incendio,-6.129131664861193,-76.45649977733511
30979,incendio,-6.5435,-76.0939
30990,incendio,-6.5889,-76.4004
30995,incendio,-8.0569,-76.6929
31000,no_incendio,-5.559553740329016,-76.98206356543957
31006,incendio,-8.5815,-76.4094
31007,incendio,-7.0973,-76.6943
31016,no_incendio,-6.380793727295641,-76.36283674136891
31017,no_incendio,-7.547004527368286,-77.14424900414204
31020,incendio,-8.3675,-76.3616
31022,incendio,-5.3554,-76.7681
31026,no_incendio,-7.592937213039827,-76.3910934505804
31027,no_incendio,-5.306363621970229,-76.4042560042154
31039,no_incendio,-5.858435510959442,-77.08234731471167
31043,incendio,-7.1321,-77.5678
31046,no_incendio,-5.465881437617145,-76.83346258647516
31053,no_incendio,-6.644983818759033,-76.97235660144274
31058,incendio,-8.2873,-76.4349
31065,incendio,-6.4442,-75.7926
31067,no_incendio,-6.059607457191615,-77.52385870382261
31069,incendio,-8.4363,-76.3164
31071,no_incendio,-6.914205717609276,-76.21644962030662
31075,no_incendio,-5.424572995842199,-76.6735765187215
31090,no_incendio,-5.876670821018357,-77.35096983439296
31096,incendio,-6.4957,-75.9338
31105,incendio,-5.9962,-76.2824
31109,no_incendio,-6.4776266103105895,-77.14737002070362
31110,no_incendio,-5.603013181516009,-76.25847933744605
31113,no_incendio,-6.000321843594466,-77.16959710695784
31116,no_incendio,-5.710479011729555,-76.39175910938613
31121,incendio,-8.7652,-75.5017
31124,no_incendio,-7.429446375356516,-77.21947961761848
31130,incendio,-5.5893,-76.6545
31131,no_incendio,-6.7449829270010735,-76.32449330393015
31135,incendio,-6.8957,-76.6661
31141,no_incendio,-6.47129538831012,-76.10848069167751
31151,no_incendio,-5.933819847140226,-76.39063203845332
31155,no_incendio,-5.62776239327014,-77.48408133634722
31156,no_incendio,-6.308716369141198,-75.7579038479895
31164,incendio,-8.1804,-77.0486
31166,no_incendio,-5.706911774664528,-77.15797296628834
31175,no_incendio,-5.525266717128592,-75.70624108601852
31176,incendio,-6.8793,-76.5022
31177,incendio,-6.7307,-76.546
31187,no_incendio,-5.326540128955467,-75.8192880237214
31211,incendio,-6.7854,-76.2551
31220,no_incendio,-6.603103679284163,-76.5352543472929
31225,incendio,-8.5968,-76.307
31238,no_incendio,-6.939758211874388,-76.17566888296336
31242,no_incendio,-6.210262345134658,-77.11424996637882
31244,incendio,-5.904,-76.2488
31255,incendio,-5.5251,-76.5509
31257,no_incendio,-7.1211989995442275,-77.24932556813594
31261,no_incendio,-7.49572574357337,-75.97213125228711
31263,incendio,-5.4325,-76.845
31265,incendio,-7.5885,-76.5075
31271,incendio,-5.7415,-76.2321
31275,incendio,-6.7968,-76.5051
31277,incendio,-6.4941,-76.3643
31279,no_incendio,-6.134775971165761,-75.80907324993491
31289,no_incendio,-7.4286037527901305,-75.69674631092113
31291,incendio,-7.0027,-76.5693
31297,no_incendio,-5.761894026687926,-76.71626651276603
31298,incendio,-8.1725,-77.2312
31301,incendio,-7.2604,-76.6749
31304,no_incendio,-5.621781873154133,-75.59201486751932
31308,incendio,-7.5464,-76.3846
31317,no_incendio,-5.728686151403572,-77.23987774970512
31319,no_incendio,-6.032904107983954,-75.67491532543472
31323,incendio,-6.6827,-76.6583
31327,no_incendio,-6.5305605417841495,-76.81567387832536
31331,no_incendio,-7.208517788052751,-77.27726682011853
31338,incendio,-6.2195,-76.2426
31339,incendio,-8.5967,-75.6254
31343,no_incendio,-7.036643028375762,-75.60012732289076
31345,incendio,-5.687,-76.2865
31356,incendio,-7.4079,-76.6435
31360,no_incendio,-5.7870347665351245,-76.83855785035811
31366,incendio,-5.7844,-76.4999
31368,no_incendio,-6.1464831206689965,-77.21946152659409
31370,no_incendio,-6.47129538831012,-76.10848069167751
31371,no_incendio,-5.921016028711128,-75.70718586514504
31372,incendio,-8.6682,-76.1945
31377,incendio,-6.5167,-77.3874
31382,no_incendio,-5.398135296375456,-76.71445247130518
31384,no_incendio,-6.040843804619021,-75.5134205645717
31385,incendio,-8.6985,-76.1426
31394,no_incendio,-5.518725698266722,-76.04231826723102
31396,no_incendio,-5.592455159672106,-77.05696823462097
31400,no_incendio,-5.863095020713222,-75.7889986714283
31402,incendio,-5.3518,-76.6028
31403,incendio,-7.1094,-76.9859
31410,incendio,-7.3255,-76.6517
31411,no_incendio,-7.5389429366733145,-76.3612819242991
31412,no_incendio,-5.455465993485473,-76.16419328270247
31419,incendio,-8.0165,-76.6939
31423,no_incendio,-6.845497704977086,-76.65360984481556
31435,no_incendio,-7.251053016973333,-77.43482372064443
31436,no_incendio,-6.046941056590012,-76.4497684025493
31437,no_incendio,-6.273383567178642,-76.44114691338451
31446,no_incendio,-7.125442800649086,-77.06151312787605
31450,incendio,-5.8868,-77.1607
31451,no_incendio,-5.329749843854847,-75.71078811690217
31452,no_incendio,-5.763649060823176,-76.26292282199367
31453,no_incendio,-7.265385570436415,-76.15256195898944
31455,incendio,-6.9871,-76.5499
31459,no_incendio,-6.233353095567226,-75.91710577734175
31461,no_incendio,-6.012390103585068,-77.46665184846529
31462,no_incendio,-5.561294814825637,-75.74902836133377
31464,incendio,-7.1232,-76.4259
31465,incendio,-5.8539,-75.9751
31468,incendio,-6.6335,-75.5846
31481,incendio,-7.0687,-76.2312
31482,incendio,-7.1411,-76.343
31485,no_incendio,-6.654532009707288,-75.5305999621871
31487,no_incendio,-6.551429222354349,-76.91211574837874
31491,incendio,-6.3222,-75.9239
31492,no_incendio,-6.26574363006572,-75.945416955943
31511,incendio,-6.4823,-75.9185
31513,no_incendio,-6.837388041019548,-77.0882269714977
31521,incendio,-6.502,-77.0434
31524,incendio,-7.8725,-76.7456
31525,no_incendio,-6.23478792603882,-76.18381610836184
31527,no_incendio,-7.318729401485612,-76.81445384525996
31530,no_incendio,-6.326986282349614,-75.6142180056652
31537,no_incendio,-6.04175420458928,-75.6154818462728
31540,incendio,-6.739,-76.6707
31541,incendio,-6.4491,-75.8094
31546,no_incendio,-7.140032609231243,-75.65901239539657
31549,incendio,-7.9208,-76.7504
31556,no_incendio,-6.217977569363936,-76.69976022852224
31559,no_incendio,-5.800663587251775,-77.2156236281296
31565,incendio,-6.6264,-76.7754
31566,incendio,-6.2357,-75.8305
31585,no_incendio,-7.186570265010596,-75.84461863050306
31587,no_incendio,-6.096039133600909,-76.29380539264065
31591,incendio,-6.5354,-75.7074
31592,no_incendio,-7.275276678539276,-76.76197872211165
31594,incendio,-6.2694,-75.8773
31595,incendio,-6.0359,-76.2889
31600,incendio,-7.0643,-76.233
31605,no_incendio,-7.188266062247751,-75.80338733044515
31611,no_incendio,-6.475196466130733,-76.70818383406251
31612,no_incendio,-6.22948269148436,-77.46060172999928
31619,incendio,-5.7534,-77.3487
31636,no_incendio,-7.3138551861663785,-76.44974049103283
31645,no_incendio,-5.97958938141772,-75.97696588702247
31654,no_incendio,-6.1029066882194485,-77.35334666324442
31655,no_incendio,-6.2554801571250565,-76.43574997258422
31661,no_incendio,-7.150450269408023,-77.18839409410428
31662,incendio,-5.3069,-76.4185
31671,no_incendio,-5.461372149282843,-77.4223608733987
31675,incendio,-8.3988,-75.5283
31677,no_incendio,-5.924081807664306,-77.5419305607915
31680,incendio,-6.9791,-76.5562
31688,incendio,-6.4846,-76.3672
31689,no_incendio,-5.432481694931332,-76.47528675292433
31690,no_incendio,-5.59950907688548,-76.65469517623596
31691,no_incendio,-7.321172600418316,-77.03516400852085
31692,no_incendio,-5.8084744858353705,-77.25537544416976
31695,incendio,-7.0935,-76.5837
31699,incendio,-7.3452,-76.3688
31705,incendio,-6.7547,-76.834
31715,incendio,-5.8861,-77.04
31724,incendio,-6.7414,-77.5076
31734,incendio,-8.1888,-77.5815
31738,no_incendio,-7.462272976116109,-77.0484423984109
31741,incendio,-7.0608,-77.0676
31745,incendio,-7.256,-76.6356
31748,no_incendio,-5.882755427823639,-77.51237097659782
31749,incendio,-6.3997,-76.5806
31752,no_incendio,-5.748428283636171,-75.60096771532396
31757,no_incendio,-6.752631174647365,-76.89757485609974
31763,incendio,-8.1928,-76.5149
31767,incendio,-6.5051,-76.3029
31771,no_incendio,-5.65611924902812,-76.450948774078
31773,incendio,-5.6042,-76.5557
31781,no_incendio,-6.089075896633828,-77.11331132604498
31786,no_incendio,-6.9303848627730344,-77.0665622069992
31800,incendio,-6.6213,-76.6718
31812,no_incendio,-5.603013181516009,-76.25847933744605
31815,no_incendio,-7.488895468406661,-77.22046866095448
31826,incendio,-8.2394,-76.4225
31834,incendio,-6.5301,-75.7598
31837,incendio,-6.2395,-76.1224
31842,no_incendio,-5.353246300739066,-75.96334736686653
31845,no_incendio,-6.134775971165761,-75.80907324993491
31851,no_incendio,-5.9272520922930445,-77.17976360795232
31862,no_incendio,-6.444450177038954,-75.66847301432819
31873,incendio,-6.0675,-76.2949
31880,no_incendio,-6.3805177741503645,-77.07356874423562
31883,no_incendio,-6.641540416375139,-77.47486256481713
31906,incendio,-6.0492,-77.1026
31907,incendio,-8.1713,-77.2516
31912,incendio,-7.1186,-76.3414
31917,no_incendio,-5.8586832152668595,-76.15130829850591
31919,incendio,-5.8554,-77.0418
31921,no_incendio,-6.99869942925542,-76.8613209261512
31925,incendio,-7.3136,-76.3153
31939,no_incendio,-5.756771146595229,-77.41858176231523
31940,incendio,-5.7348,-76.3831
31944,incendio,-6.6868,-77.367
31954,no_incendio,-5.561294814825637,-75.74902836133377
31957,incendio,-6.4869,-75.6593
31960,no_incendio,-5.707217935164065,-76.52295370572979
31962,incendio,-8.7762,-76.1416
31963,no_incendio,-6.390597266026688,-76.66038678496503
31966,no_incendio,-7.516029592309847,-76.17814319860955
31970,no_incendio,-5.326609511462546,-75.7438155508771
31973,no_incendio,-7.367557628064232,-76.4395241338938
31978,incendio,-7.2821,-76.8007
31979,no_incendio,-5.957368180282539,-76.7498768526133
31987,incendio,-7.1167,-76.4812
31989,incendio,-6.5074,-76.3751
31994,no_incendio,-5.340154408333765,-76.74093271807992
31997,no_incendio,-6.971890891507541,-75.84725150741345
31999,no_incendio,-5.8332062747008715,-77.144406205254
32000,no_incendio,-6.5791773780212175,-75.5208242841422
32013,no_incendio,-6.762864710659274,-76.8037089986203
32022,incendio,-6.4925,-76.3527
32028,incendio,-6.1547,-76.0446
32030,incendio,-6.9217,-76.6839
32031,no_incendio,-5.822373025705751,-75.81118308604799
32040,incendio,-6.4751,-75.7425
32048,incendio,-6.7387,-76.637
32049,incendio,-8.0929,-76.7655
32055,no_incendio,-6.303002240210201,-76.72194514117207
32059,no_incendio,-6.5080063012359775,-75.67913673399867
32077,incendio,-6.2692,-76.048
32082,no_incendio,-5.8166617894952815,-76.28161854109814
32088,no_incendio,-5.382544750033527,-75.77853597502654
32094,no_incendio,-7.351997452668049,-75.86863921087647
32098,no_incendio,-5.592011294671137,-75.99975689195666
32115,incendio,-5.8882,-77.0564
32123,incendio,-7.7177,-76.4612
32125,no_incendio,-7.543933320998928,-76.49404370294074
32140,incendio,-5.7208,-76.2621
32144,no_incendio,-6.040209440060914,-75.6194334979568
32145,no_incendio,-7.311635265992554,-75.85999069910886
32153,incendio,-7.4535,-76.4599
32154,no_incendio,-6.590453070259288,-76.04913179233263
32171,no_incendio,-7.178109146033509,-76.55931189942505
32190,incendio,-8.1882,-75.6524
32191,incendio,-7.8105,-76.6998
32193,incendio,-5.7098,-76.4678
32194,no_incendio,-5.451709663906019,-76.0834165906866
32199,no_incendio,-6.573895472470259,-76.90325456502508
32202,incendio,-6.342,-76.1187
32203,no_incendio,-6.398926454720778,-76.50536924785067
32208,no_incendio,-5.701243653353404,-77.51137584362479
32233,no_incendio,-5.9343288832648255,-75.71284400291329
32236,no_incendio,-6.236752944768423,-75.59185038594902
32238,no_incendio,-5.544342707790426,-75.8055721541421
32242,no_incendio,-5.882755427823639,-77.51237097659782
32248,incendio,-7.5382,-76.7982
32253,incendio,-7.4924,-77.4987
32258,incendio,-6.3029,-75.9122
32263,incendio,-7.3599,-76.5629
32268,incendio,-6.8102,-76.674
32271,no_incendio,-5.555763303802058,-77.3394188883658
32280,incendio,-8.4497,-76.889
32281,incendio,-7.1016,-76.3559
32286,incendio,-5.7509,-76.6219
32287,no_incendio,-6.9973012484497445,-77.4510550557952
32289,no_incendio,-6.758060268510353,-77.51884776551792
32292,no_incendio,-6.338883523616399,-76.67237416346605
32295,incendio,-6.1328,-76.0979
32298,no_incendio,-6.467906945467672,-76.60396630033286
32299,no_incendio,-6.421249722496318,-77.04956463628945
32305,no_incendio,-5.808189893519151,-75.58463969579134
32309,incendio,-8.7884,-76.2213
32313,incendio,-7.5946,-76.5144
32315,incendio,-6.8271,-76.6794
32319,incendio,-6.4592,-75.7459
32332,no_incendio,-6.09585600344774,-76.33181330264762
32338,incendio,-7.0866,-76.7155
32340,no_incendio,-5.879613359801567,-75.64585304449614
32344,incendio,-7.4514,-76.2473
32351,incendio,-7.3976,-76.5988
32357,incendio,-8.054,-76.6581
32367,incendio,-7.699,-76.7549
32370,incendio,-5.6779,-76.5937
32378,no_incendio,-6.9734000570740395,-77.15029703123086
32382,no_incendio,-6.717293792016525,-75.64014245587184
32383,no_incendio,-6.520841370621428,-77.36086106907894
32397,incendio,-7.3573,-76.5349
32403,incendio,-7.1329,-76.2885
32404,incendio,-5.674,-75.927
32405,incendio,-7.3496,-76.9643
32414,no_incendio,-6.324852338083002,-77.32158487709337
32417,incendio,-6.6559,-76.0742
32421,incendio,-7.2856,-76.2697
32434,no_incendio,-7.496239899438951,-76.29662903245722
32437,no_incendio,-7.014916061647587,-75.71674408231947
32440,incendio,-5.7986,-76.0814
32451,incendio,-7.1583,-76.8359
32452,no_incendio,-7.442180034070876,-75.92683774273232
32462,no_incendio,-6.718454996800395,-75.59317309755335
32466,no_incendio,-5.657826113607748,-77.0484188289704
32467,no_incendio,-5.704328166594409,-76.92480673286192
32473,incendio,-7.2215,-76.2365
32483,no_incendio,-5.763287542306629,-76.16197141222403
32485,incendio,-7.0154,-76.7809
32498,incendio,-7.6198,-76.8123
32500,incendio,-6.4971,-77.4096
32503,no_incendio,-5.9969306066925245,-75.59395245076587
32521,incendio,-7.3605,-76.9053
32525,no_incendio,-6.467350712480753,-77.13922176575424
32529,no_incendio,-6.440107687486793,-76.71961125303099
32531,no_incendio,-7.298951884711561,-75.8714337322258
32534,no_incendio,-7.412957121399091,-77.21617404571616
32536,incendio,-7.0591,-76.5709
32537,no_incendio,-5.437451651862052,-75.53119555354411
32542,incendio,-6.91,-76.7188
32553,no_incendio,-5.432202072011853,-76.59374002276904
32559,no_incendio,-5.5683966845979995,-76.81768428751661
32568,no_incendio,-6.959314262350769,-76.76578066872496
32578,incendio,-7.0465,-76.7783
32590,incendio,-6.4814,-75.7124
32595,incendio,-7.1205,-76.2446
32601,incendio,-8.6311,-76.7463
32606,no_incendio,-6.942054443870175,-75.88451122317879
32611,incendio,-6.8263,-76.3706
32617,no_incendio,-6.377187733554232,-75.74684740899566
32618,no_incendio,-5.402348170521421,-77.02463779239379
32619,incendio,-6.5197,-75.607
32627,no_incendio,-5.31562173519542,-75.64368786803017
32629,incendio,-6.803,-76.2219
32632,no_incendio,-6.525952464139444,-76.13787075319888
32633,incendio,-8.2595,-77.6683
32639,no_incendio,-5.815972204611399,-75.5996631905604
32641,incendio,-6.4912,-76.3845
32643,incendio,-6.5841,-76.72
32649,no_incendio,-7.126729071613174,-77.02628949920283
32651,no_incendio,-5.603013181516009,-76.25847933744605
32657,incendio,-6.4151,-76.0522
32658,incendio,-5.7249,-75.7046
32667,no_incendio,-5.306306841629591,-77.15046908916776
32670,incendio,-6.3252,-75.9079
32672,incendio,-7.0331,-76.9388
32675,no_incendio,-5.822373025705751,-75.81118308604799
32685,no_incendio,-5.7630676382897414,-75.77232686505347
32692,incendio,-6.2473,-77.1138
32696,incendio,-7.0918,-76.9869
32698,incendio,-8.6194,-76.7401
32702,incendio,-7.2057,-76.8023
32704,incendio,-7.37,-77.6311
32706,no_incendio,-5.841084064265475,-76.47146316885033
32709,no_incendio,-7.510787208532104,-75.93881161563174
32724,incendio,-6.4856,-76.3694
32747,incendio,-7.141,-76.995
32756,incendio,-7.8745,-75.5269
32759,no_incendio,-6.370648236891197,-76.34077418345667
32769,incendio,-8.7263,-76.9535
32772,no_incendio,-5.508214763979514,-75.68261084884283
32779,incendio,-6.309,-76.2494
32780,incendio,-6.1284,-75.994
32781,incendio,-7.7293,-76.7397
32783,incendio,-7.0302,-76.8623
32787,incendio,-6.8542,-76.6268
32788,no_incendio,-7.442941681589652,-76.91434045843735
32792,incendio,-6.8307,-76.1716
32794,no_incendio,-5.9729308547052575,-77.19584889522876
32799,incendio,-8.7573,-76.2524
32800,no_incendio,-5.733303330887296,-76.64353813041618
32810,incendio,-7.3731,-76.7617
32811,incendio,-7.5756,-76.6106
32816,no_incendio,-5.389176452484517,-75.81151917065094
32818,no_incendio,-7.0802266587833635,-75.87902422488
32819,no_incendio,-6.847838156918014,-76.65972952352969
32838,incendio,-7.776,-76.6552
32839,incendio,-7.0357,-76.1252
32852,no_incendio,-6.543469703142076,-77.05698988429933
32853,no_incendio,-5.712666897985722,-76.23826320211337
32860,incendio,-5.9071,-76.1152
32862,no_incendio,-7.516228282019169,-75.89484036620722
32863,no_incendio,-6.442705023956996,-76.30481606512446
32865,no_incendio,-6.640978763936889,-76.01901055862061
32866,no_incendio,-6.312891094128834,-75.840822427949
32874,incendio,-5.7046,-76.4117
32875,incendio,-7.5202,-76.4278
32881,no_incendio,-6.5273014114668,-77.07055670023018
32891,no_incendio,-5.701666858501454,-75.71059369687181
32899,no_incendio,-6.110977096163155,-77.0520623179512
32904,incendio,-7.2994,-76.9345
32907,no_incendio,-7.257184386198285,-77.16794482130089
32909,no_incendio,-5.834688696045425,-76.52690718058605
32913,incendio,-7.3889,-76.7555
32920,no_incendio,-6.154726709997222,-75.55076367684507
32929,no_incendio,-6.572656774954891,-77.3264854349528
32930,no_incendio,-6.3805177741503645,-77.07356874423562
32934,incendio,-7.377,-76.903
32946,no_incendio,-7.4582565567314925,-76.8374558308584
32947,incendio,-6.9072,-76.4052
32949,no_incendio,-6.397916753583541,-76.88339705526924
32950,incendio,-5.9168,-76.1497
32958,incendio,-6.4451,-76.8668
32974,incendio,-5.5587,-76.7076
32979,incendio,-7.3289,-76.5831
32980,incendio,-8.3522,-77.0216
32987,no_incendio,-5.380924923914102,-76.12851157268119
32990,incendio,-6.0895,-76.2221
32993,incendio,-5.5814,-76.6743
33015,no_incendio,-5.622162432874228,-76.70501966558531
33018,no_incendio,-6.685185816424632,-76.91349326123884
33019,no_incendio,-7.448759349626241,-75.73146487239217
33025,no_incendio,-6.081920488696037,-77.43393189597795
33034,no_incendio,-5.543275857949961,-76.36401463997392
33036,no_incendio,-5.976273966695589,-76.89556075922386
33037,no_incendio,-6.420478782048784,-76.46157866406858
33043,no_incendio,-7.000185157265019,-76.24279253564121
33045,incendio,-6.4464,-76.56
33048,no_incendio,-7.108956430874631,-75.5028524515191
33050,incendio,-7.6977,-76.731
33056,incendio,-7.3627,-76.684
33060,no_incendio,-6.190431376100011,-77.10696325685771
33061,incendio,-6.0747,-75.8008
33071,no_incendio,-6.10372793592555,-77.07921750093743
33074,no_incendio,-5.907158352622331,-77.4442973163752
33075,no_incendio,-7.108956430874631,-75.5028524515191
33079,incendio,-6.2135,-75.8761
33083,incendio,-7.1855,-76.4165
33086,no_incendio,-6.654449786981951,-77.1406120148932
33093,no_incendio,-6.914205717609276,-76.21644962030662
33097,incendio,-8.6183,-76.2983
33098,no_incendio,-6.314113189001013,-76.77593472488475
33101,no_incendio,-6.193641518737963,-75.9541835583981
33102,incendio,-6.1712,-76.033
33103,no_incendio,-7.345060499544703,-77.11825976617006
33118,incendio,-8.1649,-76.6834
33126,incendio,-7.1324,-77.1193
33143,incendio,-6.9166,-76.545
33148,no_incendio,-5.776890989468168,-77.17544694472763
33154,no_incendio,-5.487710562433828,-76.3714568595569
33164,no_incendio,-6.400338002031925,-76.1292712340201
33175,incendio,-7.6464,-76.4767
33190,no_incendio,-7.011514074885707,-76.73934268520709
33193,no_incendio,-7.241496994972613,-76.72736472676876
33195,no_incendio,-7.099688871826168,-75.91020418997267
33205,no_incendio,-7.061403957049695,-76.62981524420255
33207,incendio,-7.1565,-76.2358
33211,incendio,-6.7993,-76.4722
33212,incendio,-7.9911,-76.6809
33216,no_incendio,-5.434734993358147,-76.94653262890384
33229,incendio,-6.1774,-76.2
33231,no_incendio,-7.261909044974304,-76.6515755533258
33240,incendio,-6.6716,-76.3205
33244,incendio,-5.301,-76.2623
33246,incendio,-7.5862,-76.6246
33250,no_incendio,-5.3149529866292395,-75.54616509202799
33251,incendio,-5.9461,-77.3072
33252,no_incendio,-5.306306841629591,-77.15046908916776
33257,incendio,-5.8669,-76.2451
33261,incendio,-6.3784,-76.0104
33268,incendio,-7.1879,-76.471
33271,incendio,-7.0592,-76.7568
33275,incendio,-8.5833,-76.3111
33277,incendio,-7.5417,-76.7883
33282,no_incendio,-6.75147932991093,-77.49824320852836
33284,no_incendio,-6.979813600777688,-77.48470455898823
33299,no_incendio,-6.895202578534257,-77.04341617849329
33303,no_incendio,-6.9712876814104,-75.72933923833854
33309,incendio,-7.7065,-76.5129
33314,incendio,-5.9235,-76.2864
33318,incendio,-7.5245,-76.4126
33319,incendio,-5.8151,-76.57
33322,incendio,-8.5732,-77.1984
33330,no_incendio,-6.74885592845062,-76.02672128613708
33337,no_incendio,-6.699363471042822,-76.86169598666291
33338,incendio,-6.1877,-76.0305
33353,incendio,-7.0015,-76.1588
33356,incendio,-5.3035,-76.4098
33362,no_incendio,-6.368662376296837,-77.03036089290791
33364,no_incendio,-6.000913642665956,-77.14500157376662
33369,incendio,-5.8317,-77.0291
33372,incendio,-7.8727,-76.7015
33376,no_incendio,-7.3820884546139,-76.13227467193721
33379,no_incendio,-6.641370996240543,-76.27210728920325
33390,incendio,-5.8074,-76.4844
33394,no_incendio,-6.249559347527708,-77.38514191347497
33400,incendio,-5.3089,-76.3992
33406,no_incendio,-5.6727531578346015,-77.41986068936593
33410,incendio,-5.7261,-76.4662
33414,incendio,-8.118,-76.5102
33417,no_incendio,-6.300957997693996,-76.09847737144455
33421,no_incendio,-6.950538468924696,-76.07104877103448
33430,incendio,-8.2738,-77.3916
33447,incendio,-8.079,-76.8044
33459,no_incendio,-5.968149636265594,-77.51081675536001
33473,no_incendio,-5.944935096517128,-76.18780832521988
33478,no_incendio,-6.836006339265761,-75.80496615427175
33481,no_incendio,-6.31265571754434,-77.00564888561091
33484,incendio,-7.4686,-76.5841
33491,no_incendio,-7.5993037570991975,-77.49364640835546
33492,incendio,-7.0398,-76.7859
33497,no_incendio,-5.701666858501454,-75.71059369687181
33505,incendio,-8.458,-76.3785
33510,no_incendio,-5.608145245385959,-76.22898397370268
33514,no_incendio,-6.953964765279714,-77.26246463391935
33516,no_incendio,-6.799158296280013,-76.12149634545402
33518,no_incendio,-6.971818693744163,-76.01229344920435
33530,incendio,-7.5834,-76.5892
33540,no_incendio,-7.299495014578471,-76.02669026239053
33551,no_incendio,-5.712970448713469,-77.45936672905775
33555,incendio,-5.7932,-77.0484
33561,no_incendio,-6.468598557394471,-76.29833017428093
33563,incendio,-7.9279,-76.6691
33574,no_incendio,-7.221811632536515,-77.44262630315019
33576,incendio,-6.1057,-75.7513
33579,no_incendio,-6.163392021425101,-76.6587242460342
33583,incendio,-5.6539,-76.5263
33591,no_incendio,-6.00373135270891,-76.34110147279476
33595,no_incendio,-7.150450269408023,-77.18839409410428
33603,incendio,-7.0323,-76.7309
33605,incendio,-6.2928,-76.157
33613,no_incendio,-6.6588540055381635,-76.3643446123623
33618,incendio,-7.0382,-76.8436
33621,no_incendio,-5.698299617649455,-76.9877048304902
33622,incendio,-6.4345,-75.8099
33628,no_incendio,-6.110977096163155,-77.0520623179512
33630,incendio,-7.0972,-76.8753
33633,no_incendio,-5.918920403880599,-75.94938972977876
33637,no_incendio,-6.1290157028955905,-75.56386178427238
33643,no_incendio,-5.928392145710498,-76.5403998802667
33645,no_incendio,-7.30848813253614,-75.71138002186875
33652,no_incendio,-6.774947131584925,-76.00722166007617
33654,no_incendio,-6.685185816424632,-76.91349326123884
33658,incendio,-6.5481,-76.736
33676,incendio,-6.3375,-76.6536
33677,incendio,-8.7443,-76.2486
33679,incendio,-6.5668,-75.5047
33680,no_incendio,-6.634686692730256,-75.5796876028018
33685,incendio,-6.2429,-76.219
33686,incendio,-5.3176,-76.4503
33689,incendio,-8.3229,-76.3123
33693,incendio,-6.4967,-76.3603
33704,incendio,-8.4365,-76.2625
33705,no_incendio,-6.200171336468845,-76.47517852395984
33720,no_incendio,-7.391395621025486,-76.825979662233
33736,incendio,-7.5734,-76.6036
33740,no_incendio,-6.923846443514746,-77.29283624638697
33751,no_incendio,-5.454661580886559,-77.46777785872058
33754,no_incendio,-7.275276678539276,-76.76197872211165
33755,no_incendio,-5.924081807664306,-77.5419305607915
33756,no_incendio,-7.394254404476224,-75.68500027222532
33761,no_incendio,-7.3045123106112335,-75.99723406684437
33768,no_incendio,-7.27421571842906,-77.20818796800718
33774,incendio,-7.0726,-76.2736
33785,no_incendio,-7.392389482278091,-76.3604718116053
33786,incendio,-7.4578,-76.5311
33799,incendio,-8.7376,-77.4946
33800,no_incendio,-6.848581850084046,-76.26989214867015
33806,no_incendio,-5.957368180282539,-76.7498768526133
33808,no_incendio,-5.702740983602372,-76.82721339280745
33818,incendio,-7.0005,-76.9471
33819,no_incendio,-7.261878534754229,-75.78596746234152
33827,incendio,-7.5111,-76.1851
33835,incendio,-7.3724,-76.4194
33839,no_incendio,-6.736884280770205,-76.9775738185435
33854,no_incendio,-6.224278076163242,-75.68574152044755
33856,incendio,-7.1159,-76.4707
33869,incendio,-8.4335,-76.2475
33872,no_incendio,-6.797266617151564,-77.33130374727055
33873,incendio,-5.7657,-77.1625
33874,no_incendio,-5.734596234605278,-76.54404736792905
33876,incendio,-6.8061,-76.5373
33881,no_incendio,-5.309022549050947,-77.11989827113337
33887,no_incendio,-6.796720182530489,-75.69073110670904
33910,no_incendio,-5.756771146595229,-77.41858176231523
33915,incendio,-5.7215,-77.5877
33921,no_incendio,-5.332935425847374,-77.16749151506393
33922,no_incendio,-7.454920494649443,-76.8925561147692
33923,no_incendio,-7.237010441563305,-76.53847008307255
33924,no_incendio,-5.532392079747417,-76.92136640270547
33926,incendio,-7.5408,-76.3978
33930,incendio,-8.6069,-76.3157
33933,incendio,-7.2789,-76.4611
33935,no_incendio,-7.218925664720446,-76.08201561394016
33938,incendio,-7.2956,-76.4248
33947,no_incendio,-6.281173626920689,-76.33798845589783
33950,incendio,-7.4718,-76.6354
33963,incendio,-5.7573,-76.477
33967,no_incendio,-5.976473792691887,-77.521298056028
33972,no_incendio,-6.073266163575411,-75.6671313489238
33978,incendio,-7.4875,-76.4015
33984,no_incendio,-5.807017349001207,-75.61769536103809
33990,no_incendio,-7.511471498657587,-77.0305776349507
33991,no_incendio,-6.466287697296756,-75.7075752786908
33995,no_incendio,-7.081431158638572,-76.84157131930168
34002,incendio,-7.1552,-76.866
34007,no_incendio,-5.991245342520768,-75.64023187612118
34012,no_incendio,-7.322815935895123,-76.7836025186051
34019,incendio,-7.5868,-76.5342
34026,no_incendio,-7.278588939327885,-76.4943759510431
34049,no_incendio,-6.081920488696037,-77.43393189597795
34066,no_incendio,-6.6229879670061225,-75.80299704996388
34068,incendio,-5.7888,-76.0442
34077,no_incendio,-5.712666897985722,-76.23826320211337
34083,incendio,-7.2912,-76.4291
34086,incendio,-7.0013,-76.9358
34088,incendio,-5.7794,-76.3156
34093,no_incendio,-7.201796098982287,-75.59066106327278
34095,incendio,-7.5832,-76.4091
34108,incendio,-6.4153,-75.7717
34112,incendio,-7.104,-76.5724
34118,incendio,-7.3008,-76.4334
34119,no_incendio,-6.154726709997222,-75.55076367684507
34122,no_incendio,-5.3860874889168056,-76.83704410013208
34123,no_incendio,-6.310252900156727,-75.63690302476967
34128,incendio,-6.6286,-76.0613
34130,no_incendio,-5.990542250974831,-75.6694532466171
34135,incendio,-5.8035,-76.4559
34139,no_incendio,-5.465266875680572,-76.24842900681286
34142,incendio,-6.9925,-76.7165
34144,incendio,-7.092,-76.4098
34146,incendio,-7.5971,-76.4469
34152,incendio,-7.0218,-76.7904
34168,no_incendio,-6.237716755759431,-77.39156311979332
34173,no_incendio,-6.480910366032293,-76.46284954850665
34183,incendio,-6.2857,-75.7593
34196,incendio,-6.8419,-77.7773
34197,incendio,-6.4855,-76.7579
34202,incendio,-6.7158,-76.689
34203,incendio,-6.1632,-76.8487
34216,no_incendio,-5.592843733729189,-75.8469852314677
34221,incendio,-6.7646,-76.917
34223,incendio,-7.2639,-76.3295
34228,no_incendio,-7.3746554478906035,-76.75920088924597
34229,incendio,-7.3149,-76.6237
34231,no_incendio,-5.882379700992915,-75.5521215473338
34233,incendio,-5.8211,-77.3193
34234,incendio,-5.8881,-75.9587
34244,no_incendio,-5.911980434774437,-76.07407858450021
34258,incendio,-7.3047,-76.6637
34259,incendio,-7.2619,-76.6648
34271,no_incendio,-6.375064281525175,-76.76531716856294
34273,incendio,-6.839,-76.8803
34274,incendio,-6.4819,-76.3668
34275,no_incendio,-5.7006314608305315,-76.5774762709844
34278,no_incendio,-7.285979665021611,-76.94332213408417
34280,no_incendio,-5.592455159672106,-77.05696823462097
34288,no_incendio,-7.420738238712349,-77.50365613060586
34301,incendio,-5.9651,-76.304
34310,no_incendio,-5.979395848987274,-75.81605060669331
34312,incendio,-5.7079,-76.6579
34315,incendio,-6.669,-77.2843
34316,incendio,-8.7038,-76.3757
34317,no_incendio,-7.253889999482386,-76.08590323427873
34324,incendio,-7.3738,-76.8549
34328,no_incendio,-6.1464831206689965,-77.21946152659409
34336,no_incendio,-5.856151465825925,-75.61952647714237
34341,no_incendio,-6.668348976590427,-75.85167744687278
34344,incendio,-5.9011,-76.1128
34351,no_incendio,-6.426707190480592,-75.93955631582219
34363,no_incendio,-6.914205717609276,-76.21644962030662
34371,incendio,-7.2521,-76.276
34374,no_incendio,-6.73154658128307,-77.37224800507184
34375,no_incendio,-6.272889262540646,-77.34340996973071
34383,no_incendio,-7.189575486518889,-75.71595612356288
34384,incendio,-8.0155,-75.5944
34391,no_incendio,-5.9343288832648255,-75.71284400291329
34393,incendio,-5.6042,-76.6471
34400,incendio,-7.1517,-76.2787
34405,no_incendio,-5.702740983602372,-76.82721339280745
34409,incendio,-6.7599,-77.5045
34426,no_incendio,-7.036643028375762,-75.60012732289076
34427,no_incendio,-6.328050055589178,-77.0850887708193
34428,incendio,-7.4789,-76.2519
34439,incendio,-6.5899,-75.6778
34447,incendio,-6.0559,-76.3119
34448,incendio,-8.1957,-77.5496
34454,no_incendio,-5.409046088511844,-75.85044957982578
34456,incendio,-7.3447,-76.8128
34470,incendio,-6.391,-75.8095
34473,no_incendio,-6.041174269159521,-76.02071621272385
34478,incendio,-5.9408,-77.3044
34480,no_incendio,-6.721818890646596,-76.25717682869612
34486,no_incendio,-5.959481938609148,-77.35681272469573
34495,incendio,-7.8412,-76.739
34508,incendio,-6.2016,-76.0703
34521,incendio,-7.0641,-76.1545
34522,no_incendio,-5.326540128955467,-75.8192880237214
34524,incendio,-6.095,-75.6846
34526,incendio,-7.5739,-76.5368
34527,no_incendio,-5.39776817495506,-77.21180440723553
34528,no_incendio,-7.217469611041255,-75.6059674027119
34536,incendio,-6.5819,-76.4952
34552,incendio,-7.0411,-76.7704
34557,incendio,-7.5703,-76.8113
34565,no_incendio,-5.733319617679441,-76.17295841826885
34571,incendio,-7.5635,-76.561
34582,incendio,-7.1098,-76.8943
34584,no_incendio,-6.491284059337684,-76.25746904489338
34585,no_incendio,-7.237010441563305,-76.53847008307255
34586,incendio,-6.2333,-75.9291
34588,incendio,-5.7424,-77.4586
34608,no_incendio,-5.3130357942785436,-76.58858316456917
34634,no_incendio,-5.879613359801567,-75.64585304449614
34636,no_incendio,-6.687814799910479,-75.56700420232013
34638,no_incendio,-7.196044028055804,-76.77405078763431
34639,no_incendio,-6.3402826742912515,-75.67543757743714
34647,no_incendio,-5.62776239327014,-77.48408133634722
34648,no_incendio,-6.00373135270891,-76.34110147279476
34650,incendio,-6.9797,-76.1898
34653,no_incendio,-6.590197592397879,-75.98025100323518
34671,incendio,-7.4154,-76.6779
34678,incendio,-8.4309,-76.3228
34681,no_incendio,-7.147843120370421,-77.31448550971452
34687,incendio,-6.5716,-76.7307
34693,no_incendio,-6.1400329007098495,-75.77782950002863
34695,incendio,-7.5578,-76.7932
34696,incendio,-7.3558,-76.9092
34697,no_incendio,-6.555810705714814,-75.58765246403257
34701,no_incendio,-7.4500171761306255,-77.030145813453
34704,incendio,-6.7827,-76.8453
34708,incendio,-6.3422,-76.1113
34709,no_incendio,-5.605657953237715,-77.33944421680316
34710,incendio,-7.3583,-76.6282
34722,incendio,-7.5335,-76.567
34724,no_incendio,-6.899424280300874,-76.07403591805503
34731,no_incendio,-7.311847282906321,-76.59060620233514
34736,incendio,-5.7719,-75.841
34737,no_incendio,-6.2190640726250495,-76.93105958473025
34739,no_incendio,-5.647813944563046,-75.98631579821414
34747,no_incendio,-7.487103293775268,-76.06526148025002
34748,incendio,-7.0025,-76.1236
34754,incendio,-6.1699,-76.3804
34756,no_incendio,-6.808642932215501,-75.79916533133496
34757,incendio,-5.8521,-75.8741
34762,no_incendio,-7.391380566669081,-77.4628689446306
34766,incendio,-5.7818,-77.4128
34771,incendio,-7.1394,-76.8145
34774,no_incendio,-7.2237762907302,-75.57516855360699
34775,incendio,-7.2897,-76.9335
34777,no_incendio,-7.4286037527901305,-75.69674631092113
34778,incendio,-5.929,-76.3366
34785,incendio,-7.265,-76.7708
34786,incendio,-7.1228,-76.9753
34795,no_incendio,-7.15542529777246,-76.2489354268892
34798,incendio,-7.5777,-76.6237
34799,incendio,-7.1743,-76.6729
34813,incendio,-7.0262,-76.2682
34814,no_incendio,-5.636606643396935,-75.65023157423232
34816,incendio,-6.8865,-76.7019
34821,incendio,-6.3415,-76.2861
34834,no_incendio,-7.4654999073290265,-76.71461513627762
34836,incendio,-7.0395,-76.7389
34854,no_incendio,-7.500619459820059,-77.36318050509186
34855,incendio,-6.0114,-76.3452
34856,no_incendio,-7.062719614900722,-75.90547044520231
34858,incendio,-6.8622,-76.7681
34860,incendio,-8.1888,-77.0049
34864,incendio,-6.1007,-75.7695
34868,no_incendio,-5.924081807664306,-77.5419305607915
34874,no_incendio,-6.595830198454336,-76.87085544617783
34875,incendio,-6.1546,-76.0681
34881,no_incendio,-7.5636797148906325,-76.80582387525504
34885,no_incendio,-5.393627530051222,-76.7881303458327
34886,incendio,-6.0271,-76.8608
34887,no_incendio,-7.314921869709458,-75.6262107073791
34893,incendio,-8.2929,-76.3851
34898,no_incendio,-6.053663067143272,-77.25400416625581
34899,incendio,-7.3472,-76.9016
34902,no_incendio,-5.3689055308415,-76.62344622964636
34908,incendio,-7.1204,-76.9073
34919,no_incendio,-6.937481703505858,-75.66626594730945
34923,incendio,-5.8621,-76.2397
34927,incendio,-6.8029,-76.2218
34928,incendio,-6.4043,-75.9868
34941,incendio,-7.938,-76.8095
34947,no_incendio,-6.061679877354346,-76.10414263000189
34949,incendio,-5.4676,-76.6418
34956,incendio,-5.6622,-76.1765
34962,incendio,-5.9415,-76.4979
34963,incendio,-5.7695,-76.5131
34967,no_incendio,-6.370500555903968,-77.21187079190732
34974,no_incendio,-7.127093555738052,-76.84105088577114
34982,no_incendio,-5.5904160018413185,-75.95967696851481
34983,no_incendio,-6.650069273774372,-77.45753589439983
34985,no_incendio,-5.7462072862910665,-75.82239791523867
34986,no_incendio,-7.277740388513622,-77.219832932029
35015,no_incendio,-5.519172911219698,-76.89133916809088
35017,no_incendio,-6.775595026700855,-77.38152365692504
35019,incendio,-5.5608,-76.72
35020,incendio,-7.0777,-76.7918
35023,no_incendio,-7.37285257220338,-75.85397128431137
35024,no_incendio,-7.294379319518731,-75.60933586901135
35025,no_incendio,-6.440107687486793,-76.71961125303099
35038,incendio,-5.3488,-75.746
35048,no_incendio,-5.576377400601263,-76.00886183713747
35051,incendio,-6.7253,-76.6155
35052,incendio,-7.8617,-76.6764
35055,no_incendio,-6.4891729979787565,-76.11291535541001
35059,incendio,-7.8513,-76.6936
35066,no_incendio,-7.095024308236621,-76.98915064415999
35072,incendio,-7.1008,-76.3675
35078,no_incendio,-7.25129246536618,-76.47983941905308
35083,incendio,-5.8318,-76.4262
35090,incendio,-7.2603,-76.7159
35102,incendio,-7.4344,-76.6977
35103,no_incendio,-6.877247924736086,-76.70115338296226
35105,no_incendio,-5.590745607594968,-76.01092904258273
35107,no_incendio,-6.725956984213016,-76.31094915112595
35117,incendio,-7.3047,-76.679
35123,incendio,-8.3363,-76.759
35127,no_incendio,-6.1849308797193405,-77.44943428599332
35128,no_incendio,-6.7133301961826755,-75.60854075962672
35130,no_incendio,-5.423352355280385,-75.9768451523196
35137,incendio,-7.2125,-76.6758
35139,incendio,-6.1858,-75.9108
35144,incendio,-6.2586,-75.8506
35147,incendio,-6.7909,-76.5247
35151,no_incendio,-6.023168032179068,-77.26981479042486
35152,incendio,-6.873,-76.8183
35154,no_incendio,-6.3805177741503645,-77.07356874423562
35157,incendio,-8.3184,-76.3845
35163,no_incendio,-5.590745607594968,-76.01092904258273
35174,no_incendio,-7.517938460168555,-75.88430182253087
35180,incendio,-8.3668,-76.267
35182,no_incendio,-7.103154809386207,-75.80011378156274
35189,no_incendio,-7.192676000546934,-77.13476748134192
35191,no_incendio,-5.346519894910452,-77.42054950645856
35195,no_incendio,-6.993239612195546,-76.80617132397158
35196,no_incendio,-6.5096234782459765,-76.05722709745423
35199,incendio,-7.6548,-77.5695
35204,no_incendio,-5.875471323487407,-77.45654526806348
35206,incendio,-8.1907,-76.5187
35207,no_incendio,-5.97958938141772,-75.97696588702247
35212,incendio,-7.1022,-77.6427
35214,incendio,-7.2062,-76.2763
35225,no_incendio,-5.809070578757959,-75.92077418660742
35227,incendio,-5.741,-76.1384
35242,no_incendio,-6.0254636524537775,-76.26070791675792
35253,incendio,-7.1721,-76.8857
35265,incendio,-7.3645,-76.568
35268,no_incendio,-6.156942123129494,-76.92567844755888
35270,no_incendio,-5.322335273054225,-75.66988823532402
35274,incendio,-7.2468,-76.6295
35279,incendio,-5.3194,-76.7881
35287,no_incendio,-6.242683257012905,-77.09272695265327
35288,incendio,-6.7845,-76.4402
35289,incendio,-6.1821,-75.6853
35290,no_incendio,-6.71467279372098,-77.07743264874856
35294,no_incendio,-5.508118125742636,-76.08158705053927
35311,incendio,-7.4892,-76.5125
35322,no_incendio,-7.319106221775668,-76.84964608294781
35330,no_incendio,-5.993099838060813,-76.1739103851831
35353,incendio,-7.3916,-76.5437
35363,no_incendio,-7.134812798520641,-75.55898183219816
35366,no_incendio,-6.526663320909917,-76.57498858502044
35369,no_incendio,-6.4776266103105895,-77.14737002070362
35371,incendio,-7.7693,-76.706
35373,incendio,-6.6787,-76.2046
35375,no_incendio,-6.876747971648932,-77.24294547673294
35377,incendio,-6.8612,-76.5017
35382,no_incendio,-5.4181719579024135,-75.50050796250098
35389,no_incendio,-7.511471498657587,-77.0305776349507
35396,no_incendio,-6.1574013412773905,-75.50582251676065
35401,no_incendio,-6.594359651694001,-75.81359177197494
35405,incendio,-7.558,-76.5295
35413,no_incendio,-7.45728200774953,-76.98588787498541
35417,incendio,-6.5068,-77.6154
35422,incendio,-6.9435,-77.758
35429,incendio,-6.4535,-76.5387
35430,no_incendio,-6.812990607089626,-75.70820307560577
35439,incendio,-7.3332,-76.5452
35447,incendio,-7.2739,-76.2721
35449,incendio,-6.8174,-76.1742
35455,incendio,-6.7407,-76.4834
35465,incendio,-7.1679,-76.4658
35466,incendio,-8.1143,-76.6148
35473,incendio,-7.3445,-76.8128
35479,no_incendio,-5.7006314608305315,-76.5774762709844
35493,incendio,-7.4781,-76.6414
35505,incendio,-6.2105,-76.0232
35509,no_incendio,-7.010465391222765,-75.64374453725225
35513,incendio,-5.6874,-77.2703
35515,no_incendio,-5.8586832152668595,-76.15130829850591
35517,incendio,-6.4077,-75.701
35518,no_incendio,-7.247461423234719,-75.57023459371909
35522,no_incendio,-5.712986091901971,-76.69466982249243
35525,incendio,-7.5941,-76.3958
35528,incendio,-7.1258,-76.3271
35530,no_incendio,-6.486581240227174,-76.15835402098138
35534,incendio,-7.0464,-76.1075
35545,incendio,-7.3251,-76.5993
35548,no_incendio,-7.4438050568529475,-75.8809717620132
35556,no_incendio,-5.914538807022697,-77.31789261845223
35559,no_incendio,-7.076017752800738,-75.91978389352657
35563,no_incendio,-6.965586863586331,-77.4440785223658
35566,incendio,-7.6892,-76.4867
35568,incendio,-6.7487,-76.1873
35576,incendio,-6.0482,-76.2378
35583,incendio,-7.4881,-76.5046
35586,no_incendio,-7.436110407887001,-75.68288184576566
35589,incendio,-7.6126,-76.4788
35596,incendio,-7.5441,-76.4501
35601,no_incendio,-7.37285257220338,-75.85397128431137
35605,no_incendio,-5.7783488736056645,-77.39085635603547
35611,no_incendio,-5.87094442046127,-77.0385590368228
35619,no_incendio,-5.4956287964108785,-77.39970137101125
35623,incendio,-7.5017,-76.5634
35651,incendio,-7.2873,-76.9927
35653,incendio,-8.4661,-76.4125
35669,incendio,-8.7441,-76.2505
35675,incendio,-6.8472,-76.5941
35677,no_incendio,-6.967630832661904,-76.66075655259817
35678,incendio,-7.0895,-76.5067
35683,no_incendio,-6.634686692730256,-75.5796876028018
35691,incendio,-6.9557,-76.6582
35702,incendio,-6.5954,-76.7187
35705,no_incendio,-7.1205154593131565,-76.76326173892171
35711,no_incendio,-6.1245241179034995,-75.6853524981565
35714,no_incendio,-5.364004538303699,-76.51587462337326
35729,incendio,-6.6564,-76.7219
35730,incendio,-7.3947,-77.6758
35749,no_incendio,-7.143300333347583,-76.01076815200116
35750,incendio,-7.0981,-76.4693
35753,incendio,-8.3431,-76.7438
35754,incendio,-8.1914,-76.318
35756,no_incendio,-6.12520459976937,-77.49886350154438
35770,no_incendio,-6.74885592845062,-76.02672128613708
35772,no_incendio,-5.971724397201385,-75.87816764029395
35774,no_incendio,-6.380793727295641,-76.36283674136891
35775,incendio,-5.7531,-76.5043
35781,no_incendio,-6.284005972985306,-75.8733537299608
35783,no_incendio,-6.679897679386204,-77.34823338283437
35797,no_incendio,-5.714958817536613,-75.57831712461974
35808,incendio,-8.0803,-76.6631
35810,incendio,-8.0899,-76.6397
35819,incendio,-7.5306,-76.5572
35831,no_incendio,-7.128591277381194,-76.12302141097119
35836,no_incendio,-7.4333859418143975,-75.94488928476447
35838,incendio,-7.3559,-76.9558
35839,incendio,-6.9196,-76.6711
35846,no_incendio,-6.895202578534257,-77.04341617849329
35854,incendio,-6.8753,-76.5036
35855,no_incendio,-5.391936920318269,-75.74765732530163
35857,no_incendio,-6.850119921397431,-77.18105441991001
35859,incendio,-7.3188,-76.6359
35860,no_incendio,-5.65611924902812,-76.450948774078
35863,incendio,-7.3774,-76.5419
35869,no_incendio,-5.450166959625918,-77.00835031536832
35870,incendio,-7.2737,-76.5975
35872,no_incendio,-7.523343048173316,-75.60465669486607
35881,no_incendio,-6.831471934568246,-75.7875932896481
35890,incendio,-5.7772,-76.1988
35892,incendio,-7.273,-76.4006
35893,incendio,-6.9996,-76.5501
35897,incendio,-7.1194,-76.91
35898,no_incendio,-6.937667134670242,-75.79567614590403
35900,incendio,-6.4541,-75.7812
35911,no_incendio,-5.49005851410074,-77.39191865885853
35922,no_incendio,-6.1628423736617925,-77.33214012724629
35931,no_incendio,-6.311293975828189,-76.65790550589152
35942,no_incendio,-7.059198382146936,-75.77593999522976
35950,no_incendio,-6.2701925367746005,-76.81498053088146
35952,incendio,-7.123,-77.7756
35967,incendio,-6.7909,-76.3058
35972,no_incendio,-7.2339632492782835,-76.73433396854956
35975,incendio,-7.0774,-77.6537
35976,no_incendio,-6.339520872179224,-76.81899067100204
35979,no_incendio,-7.547004527368286,-77.14424900414204
35984,no_incendio,-6.896612666946929,-75.75338049940235
35988,incendio,-7.5091,-76.6413
35991,incendio,-6.3534,-76.6395
35994,incendio,-6.1382,-77.1006
35995,incendio,-7.3181,-75.6047
35997,no_incendio,-5.767157423041838,-75.60792843558447
35999,incendio,-7.4861,-76.5153
36004,incendio,-8.4176,-77.62
36016,incendio,-7.1207,-76.8207
36018,no_incendio,-6.135395550199937,-77.01659159261982
36025,incendio,-6.4919,-76.6923
36028,no_incendio,-6.314113189001013,-76.77593472488475
36033,no_incendio,-6.7893125147185724,-75.8130856477531
36035,incendio,-7.3635,-76.5477
36037,no_incendio,-5.833991570039085,-76.02950285469245
36039,incendio,-7.4329,-76.6883
36048,incendio,-8.6542,-76.3166
36051,incendio,-7.3527,-76.9471
36053,incendio,-6.8166,-77.4576
36055,incendio,-6.5679,-75.6169
36058,no_incendio,-6.306399139576039,-77.35464424704278
36062,no_incendio,-6.0889717541826,-76.72492959412638
36063,no_incendio,-6.7911860867707,-76.3184609362465
36069,no_incendio,-6.7528370184185675,-75.79463738047077
36075,no_incendio,-6.808753435004469,-75.58127871175964
36077,incendio,-7.3792,-76.7336
36078,no_incendio,-5.487830888913878,-75.70248261618342
36079,no_incendio,-5.84380402008071,-75.92947605096468
36084,incendio,-7.9803,-76.7058
36087,no_incendio,-6.960986438297525,-76.973990270216
36097,no_incendio,-6.237093114939267,-75.7117789331342
36101,no_incendio,-6.741427767846081,-75.52300413513564
36104,incendio,-6.8125,-76.5547
36112,incendio,-6.6504,-76.64
36114,no_incendio,-6.162915042417179,-77.15261169414305
36120,incendio,-7.5591,-76.3484
36122,no_incendio,-6.960986438297525,-76.973990270216
36127,no_incendio,-5.706911774664528,-77.15797296628834
36132,no_incendio,-6.617504610391747,-77.25647472773994
36138,incendio,-7.3066,-76.5615
36141,no_incendio,-7.282016752291952,-75.89864347181351
36149,no_incendio,-5.9272520922930445,-77.17976360795232
36164,incendio,-6.9674,-76.5046
36165,no_incendio,-5.339033958369073,-76.08006911213882
36170,incendio,-8.4615,-76.4072
36172,incendio,-8.4117,-76.3543
36178,no_incendio,-7.231319010056117,-76.25282835259368
36193,no_incendio,-6.109182329794082,-77.41759375115069
36198,no_incendio,-6.5273014114668,-77.07055670023018
36203,no_incendio,-6.095756407316532,-77.30841425266888
36204,no_incendio,-7.150450269408023,-77.18839409410428
36206,incendio,-6.9953,-76.2875
36210,no_incendio,-6.2016988445038095,-75.99411742841416
36215,no_incendio,-7.178109146033509,-76.55931189942505
36223,no_incendio,-6.766715492175258,-75.83761083407144
36224,incendio,-8.6546,-76.9187
36239,incendio,-8.7747,-76.2896
36245,no_incendio,-6.673178207902485,-77.4048318758823
36246,incendio,-7.1482,-76.3933
36252,no_incendio,-6.135227462144194,-76.4855793054628
36254,incendio,-6.8589,-76.4996
36258,no_incendio,-7.07173503300346,-76.39313006840234
36259,no_incendio,-6.7663153524803406,-76.63107432313332
36260,incendio,-6.106,-76.2729
36268,no_incendio,-6.802375216185101,-76.58944416230916
36272,incendio,-5.816,-76.2056
36274,no_incendio,-6.1305152501535805,-77.20692971202396
36286,no_incendio,-7.394254404476224,-75.68500027222532
36287,no_incendio,-6.183798772159494,-75.95166434619192
36289,no_incendio,-6.0854129819425,-76.79698741171129
36292,incendio,-5.6832,-76.6001
36302,incendio,-7.3134,-76.9595
36306,incendio,-7.3953,-76.7219
36310,incendio,-8.2935,-76.563
36332,incendio,-5.9311,-75.9633
36351,no_incendio,-5.944935096517128,-76.18780832521988
36356,no_incendio,-5.356529850556848,-75.70252244587886
36357,no_incendio,-6.5749903992962055,-76.89683303442592
36367,no_incendio,-5.453647317604843,-76.59202254288773
36370,no_incendio,-5.432481694931332,-76.47528675292433
36372,no_incendio,-6.691674214621824,-77.20756079690301
36373,incendio,-7.7286,-76.7244
36383,no_incendio,-6.490435100183895,-76.04212659409674
36397,incendio,-8.6174,-75.5065
36400,no_incendio,-5.77315746853071,-76.36797107270804
36405,incendio,-6.2122,-75.8439
36430,no_incendio,-7.562840840503951,-75.66286053205432
36433,no_incendio,-6.893380079192219,-76.030920773184
36446,no_incendio,-6.766715492175258,-75.83761083407144
36450,no_incendio,-5.411652077381302,-77.27749728778487
36454,no_incendio,-7.404587411347148,-77.48236039818194
36461,no_incendio,-5.423715260330031,-75.80260147002005
36468,no_incendio,-5.335389403596253,-76.01475499828726
36469,incendio,-8.5536,-76.7217
36471,incendio,-8.3449,-76.7576
36474,no_incendio,-6.530680448143941,-77.14936961816767
36482,no_incendio,-7.241586175081285,-75.60658029783822
36483,incendio,-5.6594,-75.9235
36489,incendio,-6.8066,-76.8085
36494,no_incendio,-6.66812028796298,-76.15230026038583
36499,no_incendio,-6.326986282349614,-75.6142180056652
36508,incendio,-8.3816,-77.2481
36514,no_incendio,-5.608145245385959,-76.22898397370268
36518,incendio,-8.0732,-76.6825
36530,incendio,-8.3617,-76.5596
36536,incendio,-7.1632,-76.429
36537,no_incendio,-5.501399945972402,-76.12442406721492
36539,no_incendio,-5.329337229365641,-77.4752371215785
36540,incendio,-5.6731,-76.527
36543,no_incendio,-7.532869703153675,-75.62377754135032
36544,incendio,-7.3344,-76.3681
36545,no_incendio,-6.459421110313875,-76.2975020951517
36547,no_incendio,-5.673007856969957,-76.8124122789181
36548,incendio,-7.1629,-76.3968
36551,incendio,-6.0807,-77.5239
36562,incendio,-7.4548,-76.3934
36571,incendio,-7.0175,-76.3466
36591,incendio,-6.1688,-76.0075
36597,no_incendio,-7.183923927473843,-76.41258057222892
36599,no_incendio,-5.872543626896172,-76.44213080221468
36613,no_incendio,-6.649475670478298,-75.86589242526365
36618,no_incendio,-5.900117559948675,-75.56284439390626
36619,no_incendio,-5.907158352622331,-77.4442973163752
36620,incendio,-6.1656,-76.3695
36631,incendio,-8.2688,-76.3549
36634,no_incendio,-5.85348487678678,-75.67716092139695
36638,no_incendio,-6.470561948843736,-76.94393330664495
36639,incendio,-6.1392,-77.0986
36644,incendio,-6.9492,-76.4861
36646,no_incendio,-6.818883045664746,-77.17747642270048
36658,no_incendio,-7.205543641449294,-77.21195261449198
36659,no_incendio,-5.968149636265594,-77.51081675536001
36666,incendio,-6.9737,-77.0016
36670,no_incendio,-7.3680402233360685,-75.9380390323052
36684,incendio,-7.2372,-76.5015
36685,incendio,-7.4789,-76.7314
36687,no_incendio,-7.147843120370421,-77.31448550971452
36695,incendio,-7.3567,-76.7362
36701,incendio,-8.6674,-76.8176
36710,incendio,-7.1006,-76.2368
36714,no_incendio,-6.165061446367449,-75.9664591742673
36716,incendio,-6.4895,-75.7616
36726,no_incendio,-5.532392079747417,-76.92136640270547
36732,no_incendio,-5.3170098474698,-75.90718083995199
36740,incendio,-6.4147,-76.4265
36741,no_incendio,-7.352637322565051,-76.5869966012663
36748,incendio,-6.0351,-76.9711
36758,incendio,-7.1392,-77.0602
36760,no_incendio,-6.94690710912819,-75.63438003182783
36763,incendio,-8.0548,-76.7758
36772,no_incendio,-6.444450177038954,-75.66847301432819
36773,incendio,-6.8259,-76.1412
36777,no_incendio,-6.6577808572271095,-76.08571031789008
36786,incendio,-6.6107,-76.4379
36807,no_incendio,-5.959932705913599,-76.9795248154579
36834,no_incendio,-5.968149636265594,-77.51081675536001
36838,incendio,-7.6417,-76.4673
36851,incendio,-8.3714,-77.547
36852,no_incendio,-6.851922134143454,-76.90818662457491
36853,no_incendio,-6.525571951158751,-77.30569775147015
36855,incendio,-5.528,-75.9355
36856,no_incendio,-6.461789384490803,-77.24534969872819
36862,incendio,-6.8573,-76.5563
36863,no_incendio,-7.43096053916798,-75.91112977240851
36874,no_incendio,-6.273383567178642,-76.44114691338451
36886,no_incendio,-7.447641034854349,-75.90762090121981
36892,no_incendio,-6.134775971165761,-75.80907324993491
36894,incendio,-6.3074,-75.9192
36901,incendio,-5.9913,-76.9797
36908,no_incendio,-7.502611835705684,-75.74342232378346
36910,no_incendio,-6.447996016247126,-77.41234607167007
36914,no_incendio,-6.1419091354730675,-76.8668930112328
36915,incendio,-6.1849,-75.5939
36920,no_incendio,-6.1773004933773406,-76.41533827057219
36924,incendio,-5.7532,-77.4468
36932,incendio,-5.6114,-75.8637
36941,no_incendio,-7.4333859418143975,-75.94488928476447
36945,incendio,-8.5035,-76.517
36957,incendio,-7.2866,-76.2977
36962,no_incendio,-5.630317607867646,-76.28664530211917
36968,no_incendio,-6.237634518264563,-76.93733978052377
36970,incendio,-8.0513,-76.7575
36972,no_incendio,-7.412957121399091,-77.21617404571616
36973,incendio,-7.064,-76.6703
36974,no_incendio,-7.510787208532104,-75.93881161563174
36977,incendio,-6.4166,-76.4863
36978,no_incendio,-6.473718077481412,-77.49661278682977
36982,incendio,-6.6943,-77.4418
36985,incendio,-6.259,-76.2224
36989,no_incendio,-6.5603093207023875,-76.81459925787705
36998,incendio,-5.7635,-76.4994
37002,no_incendio,-6.30212067741681,-77.20947071632679
37003,no_incendio,-5.923104963527884,-76.43553159912858
37006,incendio,-7.0332,-76.9117
37020,no_incendio,-6.677016361068433,-76.35596462138518
37025,no_incendio,-7.081124602285028,-76.06087878832324
37031,incendio,-7.1518,-76.3135
37038,no_incendio,-5.309022549050947,-77.11989827113337
37039,no_incendio,-5.304216028521146,-77.22955638933952
37045,no_incendio,-5.657826113607748,-77.0484188289704
37055,incendio,-6.412,-75.9006
37056,no_incendio,-5.966007765722613,-76.02339603474364
37059,incendio,-7.5551,-76.7682
37060,no_incendio,-7.314921869709458,-75.6262107073791
37073,no_incendio,-7.084883582406477,-76.16691642079259
37076,incendio,-5.9557,-75.9296
37098,incendio,-8.4325,-76.3125
37104,incendio,-8.5306,-76.3922
37116,no_incendio,-5.693256209324268,-76.57722873694159
37125,incendio,-6.7506,-76.5353
37128,no_incendio,-6.722977701208728,-76.08504808570892
37131,no_incendio,-5.8499481349063265,-76.00423037206916
37133,incendio,-7.8414,-76.7002
37134,no_incendio,-5.647813944563046,-75.98631579821414
37137,incendio,-5.7398,-77.3761
37141,no_incendio,-6.100924085847581,-75.50738744279523
37156,no_incendio,-5.522972759309926,-75.80819311512354
37158,incendio,-6.5448,-75.5356
37188,no_incendio,-5.704328166594409,-76.92480673286192
37204,incendio,-7.0966,-76.1246
37206,incendio,-8.4613,-76.4372
37207,no_incendio,-6.1476999130544865,-77.34007485362595
37214,no_incendio,-7.0805818707385395,-75.71658427890108
37218,incendio,-5.926,-75.7531
37220,no_incendio,-7.2237762907302,-75.57516855360699
37221,no_incendio,-6.971818693744163,-76.01229344920435
37223,incendio,-5.3351,-76.7978
37231,no_incendio,-5.996065973339257,-76.13966106255965
37233,no_incendio,-7.216614993286788,-77.03461698814449
37235,incendio,-6.0177,-75.8425
37244,no_incendio,-6.024896527341603,-76.2922888028806
37249,incendio,-6.4906,-76.3641
37257,incendio,-8.6315,-76.447
37259,no_incendio,-5.767577808825913,-75.75625284767814
37260,incendio,-6.0938,-75.8367
37270,no_incendio,-7.58397179719786,-76.78899858637695
37277,incendio,-7.0264,-76.9128
37293,no_incendio,-6.114431837075887,-77.3791914454974
37295,no_incendio,-7.433764184828395,-76.19895087453514
37301,incendio,-6.1842,-75.6673
37313,no_incendio,-6.219703521684984,-76.92758051251145
37317,no_incendio,-6.476078930269108,-76.12579467837428
37327,no_incendio,-6.166609034042587,-76.23843722431326
37329,incendio,-7.376,-76.9187
37331,incendio,-6.4571,-75.8215
37334,incendio,-5.912,-76.2359
37344,no_incendio,-5.966007765722613,-76.02339603474364
37345,no_incendio,-6.736094048254664,-75.79047035285556
37346,no_incendio,-6.331589003630742,-76.77579913568411
37357,no_incendio,-7.047404652384161,-75.9921217029406
37378,no_incendio,-6.947446276433678,-76.55641004463064
37386,no_incendio,-7.332916187784927,-76.99914864296008
37389,incendio,-5.893,-76.3539
37391,incendio,-7.3609,-76.4269
37392,no_incendio,-7.036643028375762,-75.60012732289076
37393,no_incendio,-7.527611322889828,-76.67002527157386
37403,no_incendio,-7.517330043663011,-76.85538614453351
37405,no_incendio,-5.780675568523146,-77.4440499191556
37409,incendio,-6.1395,-76.2788
37410,no_incendio,-7.537645825070388,-77.33447245653781
37411,no_incendio,-7.425544369473066,-76.60957296073711
37414,no_incendio,-7.3664786483523805,-76.23130655990323
37421,incendio,-5.6635,-76.1858
37422,incendio,-7.1895,-76.3463
37426,incendio,-6.957,-76.6672
37430,no_incendio,-6.843242986862935,-76.83119639273687
37440,incendio,-6.3256,-76.2776
37442,incendio,-6.7527,-76.1655
37444,incendio,-7.2058,-76.2426
37456,incendio,-8.5449,-76.5315
37461,no_incendio,-6.308716369141198,-75.7579038479895
37469,incendio,-6.2188,-76.1783
37474,incendio,-6.7951,-76.5002
37481,no_incendio,-7.508397223486154,-75.66150958377543
37495,incendio,-6.0418,-75.9415
37496,incendio,-6.7345,-76.5828
37499,no_incendio,-5.701666858501454,-75.71059369687181
37504,incendio,-6.2482,-77.2448
37513,no_incendio,-7.331602369683786,-75.50190770424915
37515,incendio,-7.0564,-76.7442
37516,no_incendio,-6.559185707653601,-77.1814362546677
37517,incendio,-7.2893,-76.6087
37540,no_incendio,-5.691703950902071,-76.93733770607169
37549,no_incendio,-6.6308882191110055,-76.3915553322726
37553,incendio,-8.4189,-76.2433
37557,incendio,-5.7647,-76.1891
37564,incendio,-8.2466,-76.391
37570,no_incendio,-7.352637322565051,-76.5869966012663
37573,no_incendio,-6.7738595150234,-76.75356063625604
37575,incendio,-7.2556,-76.8063
37577,incendio,-7.3276,-76.6322
37581,incendio,-8.6047,-75.5098
37586,incendio,-7.7084,-76.4986
37590,no_incendio,-6.261893490975904,-75.72805069897333
37599,incendio,-5.7808,-76.3826
37600,incendio,-7.3059,-76.2898
37601,no_incendio,-7.329270682828255,-76.84451015929197
37602,no_incendio,-6.787051317211901,-77.10628604223226
37604,incendio,-7.2216,-76.2058
37605,incendio,-5.4132,-76.8499
37606,no_incendio,-5.89201477503853,-77.2682101013539
37607,no_incendio,-5.863095020713222,-75.7889986714283
37610,no_incendio,-6.646019680443848,-77.50514894077688
37612,incendio,-5.6803,-75.8442
37618,incendio,-7.1804,-76.8928
37635,incendio,-6.8774,-76.641
37636,no_incendio,-7.089179421889268,-75.95457712793731
37640,no_incendio,-7.4333859418143975,-75.94488928476447
37650,incendio,-7.5453,-76.5072
37658,no_incendio,-6.0636997194620585,-76.98817967024722
37661,incendio,-5.9008,-76.1282
37670,no_incendio,-6.603103679284163,-76.5352543472929
37676,incendio,-5.695,-76.2594
37679,incendio,-5.3413,-76.7878
37685,incendio,-6.1573,-76.2967
37688,incendio,-8.6345,-76.1727
37693,incendio,-8.2978,-76.6857
37706,incendio,-6.8213,-76.2028
37717,no_incendio,-7.047404652384161,-75.9921217029406
37719,no_incendio,-7.292464300747621,-76.5588244421564
37725,no_incendio,-7.127830025342514,-77.33172299006912
37727,incendio,-7.6649,-76.4546
37732,no_incendio,-6.73154658128307,-77.37224800507184
37735,no_incendio,-5.518901360296995,-75.83606862844933
37742,no_incendio,-5.437451651862052,-75.53119555354411
37756,no_incendio,-7.389808722529589,-77.07301560245696
37757,no_incendio,-6.152183459458481,-75.52419970077695
37769,incendio,-8.7244,-76.3835
37773,no_incendio,-6.991871137907023,-76.86560292258433
37775,incendio,-7.5541,-76.5322
37782,incendio,-7.39,-76.5355
37790,no_incendio,-5.778538304462726,-77.27874829265495
37792,no_incendio,-6.660380391800162,-76.4974881056194
37795,incendio,-7.0832,-76.8007
37796,no_incendio,-5.569129164967829,-76.89146867970102
37798,incendio,-8.4852,-75.5643
37802,no_incendio,-7.014371526342947,-75.6304094962068
37806,no_incendio,-5.334479044366705,-77.48777820988575
37809,no_incendio,-6.113161344070998,-75.7616050051639
37810,incendio,-6.0574,-77.1648
37814,no_incendio,-6.088150630105884,-77.05183868742043
37822,no_incendio,-6.072007171578419,-77.37389388906047
37824,incendio,-7.1961,-76.2818
37826,incendio,-5.9009,-76.1197
37827,no_incendio,-7.063019746501072,-77.52481749302208
37828,no_incendio,-7.420738238712349,-77.50365613060586
37829,no_incendio,-5.472585153492127,-77.10655294749147
37831,no_incendio,-6.2062844027818835,-77.2816967062703
37844,no_incendio,-5.364143829036743,-76.95415482559467
37845,no_incendio,-7.276587033646778,-76.71291357389988
37849,no_incendio,-6.535327617861432,-76.18785766882165
37850,incendio,-8.7528,-76.1323
37854,incendio,-7.4254,-76.3944
37857,no_incendio,-7.5842496329608995,-75.57404179177915
37859,no_incendio,-5.62140995348484,-75.55506281291692
37865,no_incendio,-6.3028561898427915,-76.27802291650278
37869,incendio,-5.949,-75.8657
37873,no_incendio,-7.221147104950838,-76.3247834569853
37874,incendio,-6.8785,-76.5932
37875,incendio,-6.8253,-76.9021
37881,no_incendio,-7.200090625449649,-75.973583692229
37882,incendio,-7.762,-76.7181
37883,no_incendio,-5.494377757817533,-77.22053363364685
37885,no_incendio,-6.4643629782720495,-76.22804730377794
37888,no_incendio,-6.806897768294474,-76.17637549858149
37890,no_incendio,-6.500803234494254,-76.0342561681164
37891,no_incendio,-6.272889262540646,-77.34340996973071
37902,no_incendio,-6.378539891531966,-75.71550711436312
37907,no_incendio,-5.985543510791079,-75.55610035209125
37909,no_incendio,-6.184018518963494,-76.64827203950954
37910,incendio,-7.4479,-76.5495
37913,no_incendio,-7.579948204047341,-77.15279486128607
37919,incendio,-6.7192,-76.9899
37933,incendio,-6.9485,-76.2407
37935,incendio,-5.5791,-75.8568
37940,incendio,-5.6746,-76.2054
37945,incendio,-6.0787,-77.213
37947,no_incendio,-5.5084858154243905,-75.90684850496002
37949,incendio,-5.8339,-76.2082
37950,incendio,-7.1052,-76.7072
37964,incendio,-5.8703,-75.9174
37967,no_incendio,-7.188505073730313,-76.90328431055737
37971,incendio,-7.0599,-76.1701
37982,incendio,-6.4474,-75.8778
38003,incendio,-5.7302,-77.4143
38008,no_incendio,-6.535104750481092,-76.08251249993276
38009,no_incendio,-7.051099362667298,-76.62925053957763
38012,incendio,-6.4928,-76.3628
38015,no_incendio,-7.538851524680003,-76.89606525439852
38017,no_incendio,-7.442941681589652,-76.91434045843735
38029,incendio,-5.9508,-76.4768
38033,no_incendio,-6.257364517477317,-77.24088667621311
38042,no_incendio,-7.532869703153675,-75.62377754135032
38045,incendio,-7.0464,-76.1191
38047,incendio,-8.4516,-77.6168
38055,no_incendio,-7.199216978961617,-75.9477990392911
38059,no_incendio,-6.940699761996049,-76.26181884160466
38061,incendio,-6.4174,-75.8878
38071,incendio,-7.2979,-76.5701
38074,incendio,-6.7061,-76.7406
38075,incendio,-6.6788,-76.6118
38093,no_incendio,-6.18702118811894,-77.34328610788602
38102,no_incendio,-7.1695522446443345,-76.10103400972879
38108,incendio,-7.279,-77.7751
38109,no_incendio,-6.3431574963922905,-76.8897013975212
38112,incendio,-7.1365,-77.097
38113,no_incendio,-6.566852763907717,-76.67622294647774
38127,no_incendio,-6.777339583024972,-77.16983093641421
38129,incendio,-7.2406,-76.5043
38132,no_incendio,-6.323745703888591,-76.07826663303581
38135,incendio,-6.0535,-76.398
38137,incendio,-8.4009,-76.2412
38145,no_incendio,-7.587620813063947,-76.03285942876866
38147,incendio,-8.311,-76.3816
38148,no_incendio,-6.664383213747135,-77.16631140190985
38154,incendio,-6.7448,-76.4126
38160,no_incendio,-5.73653806083423,-77.04027076606343
38163,incendio,-8.355,-77.2183
38164,incendio,-7.0267,-76.7486
38165,no_incendio,-7.49572574357337,-75.97213125228711
38166,no_incendio,-7.170373075763204,-77.40179462648253
38174,incendio,-7.1539,-76.3506
38175,no_incendio,-5.858435510959442,-77.08234731471167
38191,incendio,-7.6491,-76.4529
38195,no_incendio,-5.557069716448366,-75.65393079947539
38208,incendio,-7.0336,-76.2031
38213,incendio,-8.6745,-76.85
38222,incendio,-6.6339,-76.3123
38243,incendio,-7.2227,-76.8306
38244,incendio,-8.3322,-76.4076
38255,no_incendio,-5.530786000980501,-76.91418709127078
38260,no_incendio,-7.106983766497296,-76.41530269638099
38273,incendio,-7.3664,-77.6519
38278,no_incendio,-5.928733149107297,-75.62813587078854
38281,no_incendio,-5.661805796480656,-77.53514186743837
38282,incendio,-6.4488,-75.8413
38288,incendio,-6.9502,-76.5265
38299,incendio,-7.4435,-76.4704
38300,incendio,-8.3582,-76.2345
38303,no_incendio,-6.3823444451531675,-76.72222524088096
38305,incendio,-7.6051,-76.4786
38307,no_incendio,-5.968086685454471,-75.87697296740079
38311,incendio,-7.5288,-76.7979
38317,no_incendio,-6.75147932991093,-77.49824320852836
38318,no_incendio,-7.245236344594437,-75.87140818649081
38319,incendio,-5.8601,-75.8783
38320,no_incendio,-6.1579628470379655,-75.78726893747826
38326,incendio,-8.5457,-75.5266
38336,incendio,-7.3707,-77.6478
38344,incendio,-7.112,-76.9115
38345,no_incendio,-5.834688696045425,-76.52690718058605
38347,incendio,-6.5153,-77.3778
38353,no_incendio,-7.516029592309847,-76.17814319860955
38359,no_incendio,-6.337630898858479,-77.22298031852678
38363,no_incendio,-5.7980276983387755,-76.60461534978732
38366,incendio,-6.7468,-76.1734
38369,incendio,-6.7798,-76.6704
38371,no_incendio,-6.26574363006572,-75.945416955943
38373,no_incendio,-7.4055258629962415,-75.72836594706017
38375,no_incendio,-6.752631174647365,-76.89757485609974
38379,incendio,-5.5984,-76.6535
38383,no_incendio,-6.998414939340265,-75.67912715079014
38385,incendio,-6.5155,-76.7577
38400,no_incendio,-6.684588652346477,-77.1953837139415
38416,no_incendio,-5.6011690570737915,-76.70090683859456
38419,no_incendio,-6.617504610391747,-77.25647472773994
38422,no_incendio,-6.542256231887758,-76.22236926601508
38423,incendio,-7.2952,-76.0933
38437,no_incendio,-6.072304927752775,-76.77556503555117
38442,incendio,-7.079,-76.801
38443,no_incendio,-6.042014186508827,-75.97046946062136
38452,no_incendio,-5.431391280919102,-75.58519659503115
38459,no_incendio,-6.895407353104692,-76.79676810992372
38461,incendio,-6.406,-77.3602
38479,no_incendio,-5.65675190083822,-76.2124000269003
38486,incendio,-6.6914,-76.4477
38493,no_incendio,-5.482360092898033,-75.75875593827813
38497,no_incendio,-6.590618313605878,-75.87293609884875
38499,incendio,-5.8413,-77.1001
38503,no_incendio,-7.5389429366733145,-76.3612819242991
38519,no_incendio,-5.461372149282843,-77.4223608733987
38521,incendio,-6.0508,-75.9458
38525,incendio,-5.799,-76.4791
38531,incendio,-7.3821,-76.7412
38538,no_incendio,-6.735984440425587,-77.00622820601815
38548,incendio,-5.9809,-76.1385
38553,incendio,-5.7125,-76.2601
38559,no_incendio,-7.275276678539276,-76.76197872211165
38560,incendio,-7.409,-76.544
38564,incendio,-6.7678,-77.3561
38567,incendio,-6.8464,-76.4913
38569,no_incendio,-7.547362899320046,-75.73565468655677
38571,incendio,-7.2739,-76.2434
38573,incendio,-8.2018,-76.6273
38577,no_incendio,-6.300957997693996,-76.09847737144455
38585,no_incendio,-6.421249722496318,-77.04956463628945
38589,no_incendio,-6.645538690996345,-76.24231505313135
38595,incendio,-6.3494,-76.6359
38602,incendio,-6.2372,-77.1152
38605,incendio,-5.8586,-76.1221
38608,no_incendio,-5.3992279096164255,-77.51525342091976
38609,no_incendio,-6.721818890646596,-76.25717682869612
38617,incendio,-7.3631,-76.7482
38618,no_incendio,-6.590618313605878,-75.87293609884875
38627,incendio,-5.8974,-76.128
38631,incendio,-5.9878,-76.2744
38634,no_incendio,-5.334479044366705,-77.48777820988575
38636,no_incendio,-7.4319891578174815,-77.15087421098383
38642,incendio,-5.8805,-75.9107
38647,incendio,-8.6487,-76.3665
38662,no_incendio,-6.923574495814878,-76.96137100911855
38663,no_incendio,-6.152183459458481,-75.52419970077695
38668,incendio,-7.1012,-77.029
38673,incendio,-6.8001,-76.8266
38692,incendio,-6.5915,-76.5846
38693,incendio,-5.5727,-76.6844
38695,incendio,-6.4441,-77.6601
38707,incendio,-5.933,-75.8206
38709,incendio,-6.1536,-76.1533
38713,no_incendio,-5.3992279096164255,-77.51525342091976
38716,incendio,-8.0449,-76.6568
38720,incendio,-6.4437,-75.923
38724,no_incendio,-7.189575486518889,-75.71595612356288
38725,incendio,-6.8252,-76.7923
38744,no_incendio,-6.543996709664201,-75.77625931317041
38752,no_incendio,-6.42510939654662,-76.21314660329666
38757,incendio,-7.0093,-76.5883
38758,no_incendio,-6.130295951384975,-75.70862882951778
38760,incendio,-7.1847,-76.2945
38774,incendio,-7.0835,-76.1908
38793,no_incendio,-5.728686151403572,-77.23987774970512
38799,no_incendio,-5.719203795161454,-76.0632701523621
38803,incendio,-6.7535,-76.406
38816,incendio,-6.0556,-76.2901
38818,no_incendio,-6.84710555088138,-75.520478621097
38820,no_incendio,-7.14999258790223,-77.27323492320696
38823,no_incendio,-7.298931793323789,-76.42163494937755
38824,incendio,-7.4909,-76.2463
38831,no_incendio,-5.923104963527884,-76.43553159912858
38842,no_incendio,-6.547946119465311,-76.58716239935082
38843,incendio,-6.0513,-77.2354
38844,no_incendio,-6.66782718852246,-77.11974959426693
38850,incendio,-8.0454,-76.5572
38857,no_incendio,-5.634222890340759,-76.43789808900263
38870,no_incendio,-6.9734000570740395,-77.15029703123086
38872,incendio,-8.7413,-76.7392
38877,incendio,-6.9311,-76.2388
38894,incendio,-7.6175,-76.4881
38901,no_incendio,-7.389808722529589,-77.07301560245696
38902,no_incendio,-6.535327617861432,-76.18785766882165
38903,incendio,-7.3138,-76.9638
38906,incendio,-6.7906,-76.2738
38909,no_incendio,-7.086048466965619,-75.60482526516276
38911,incendio,-6.5493,-76.5
38915,no_incendio,-5.592384500349762,-76.12339689137886
38922,no_incendio,-5.68462514388274,-76.77383589546262
38923,incendio,-5.6791,-76.2521
38924,no_incendio,-5.444716599482646,-75.83682474093726
38925,incendio,-7.2457,-76.673
38928,no_incendio,-7.277740388513622,-77.219832932029
38930,no_incendio,-7.536324441611577,-75.98652093293225
38933,no_incendio,-7.3045123106112335,-75.99723406684437
38939,incendio,-7.1803,-76.7292
38943,no_incendio,-7.142295863783367,-76.24884468058782
38989,no_incendio,-6.822682837524565,-76.01658832939721
38992,incendio,-7.2798,-76.3003
38993,no_incendio,-5.374155680654134,-76.14052405499798
38995,no_incendio,-5.662370106905432,-77.07535731755083
38999,incendio,-5.7434,-77.4255
39001,no_incendio,-7.459387198765487,-76.32587223443953
39018,incendio,-6.5691,-75.61
39019,no_incendio,-6.880264689541971,-77.33984954598883
39020,incendio,-5.9661,-77.2698
39028,no_incendio,-6.344517536741018,-75.98404289972582
39037,no_incendio,-6.185102706019143,-75.78932803542219
39038,no_incendio,-5.87076697965016,-76.32402567938676
39041,no_incendio,-6.303002240210201,-76.72194514117207
39042,no_incendio,-7.462272976116109,-77.0484423984109
39050,no_incendio,-6.013807781245941,-77.54515653099793
39057,incendio,-7.1893,-76.4819
39061,no_incendio,-5.875471323487407,-77.45654526806348
39063,incendio,-7.2714,-77.0581
39066,incendio,-7.1152,-76.2256
39069,incendio,-5.8048,-76.4579
39070,no_incendio,-5.592798700137297,-76.77202119029057
39078,incendio,-7.3778,-76.6698
39091,no_incendio,-5.329749843854847,-75.71078811690217
39102,no_incendio,-6.324934683730277,-76.81019781469472
39104,incendio,-8.5199,-76.3456
39108,incendio,-7.3368,-76.0522
39112,incendio,-7.886,-77.726
39115,no_incendio,-7.117688925300616,-76.79094679252412
39118,incendio,-6.8509,-76.5498
39120,incendio,-6.3207,-76.3224
39121,no_incendio,-6.7392978420431415,-76.19966664513106
39125,incendio,-8.6712,-76.1112
39127,incendio,-7.9718,-76.711
39135,no_incendio,-7.228019173352536,-75.83265543127759
39138,no_incendio,-6.224885960981276,-76.91366721974305
39139,incendio,-5.9857,-77.276
39163,incendio,-6.2599,-76.1089
39172,incendio,-7.5482,-76.7418
39174,no_incendio,-7.53303009358015,-76.30539007678105
39200,incendio,-7.4861,-76.461
39205,incendio,-7.5571,-76.6409
39215,incendio,-6.0351,-75.7481
39219,incendio,-5.9474,-77.305
39228,incendio,-6.0463,-76.0043
39232,incendio,-6.6151,-76.6249
39236,no_incendio,-7.433764184828395,-76.19895087453514
39238,incendio,-6.31,-75.8751
39240,no_incendio,-7.03159653116471,-76.48526719545968
39244,incendio,-6.9648,-76.4437
39248,no_incendio,-6.7449829270010735,-76.32449330393015
39249,incendio,-7.6575,-77.6143
39254,no_incendio,-6.727398434306363,-77.48848492382807
39268,no_incendio,-6.073266163575411,-75.6671313489238
39271,incendio,-6.8871,-76.6972
39274,incendio,-8.786,-76.2082
39281,no_incendio,-5.409587022918446,-76.44819351401671
39285,no_incendio,-6.385759143148429,-76.5709354755892
39292,incendio,-5.9673,-76.4492
39296,incendio,-5.8717,-77.0905
39309,no_incendio,-5.733857068651538,-76.80904901377532
39324,incendio,-8.6615,-76.3493
39330,no_incendio,-5.861691315967814,-75.99243493644171
39331,incendio,-6.922,-76.6565
39346,no_incendio,-6.224512205373936,-77.14720066928672
39352,incendio,-5.6963,-77.6135
39353,incendio,-8.1485,-77.1008
39359,no_incendio,-6.921582299532002,-76.91163158233097
39371,incendio,-7.5604,-76.3579
39372,no_incendio,-7.150450269408023,-77.18839409410428
39376,incendio,-6.5094,-76.7189
39385,no_incendio,-5.543275857949961,-76.36401463997392
39386,no_incendio,-5.9787702159042375,-76.39270327711898
39392,no_incendio,-5.607896245919547,-76.37910922472966
39394,incendio,-7.4439,-76.4737
39397,incendio,-5.6247,-76.6045
39399,incendio,-7.5308,-76.355
39401,incendio,-6.8743,-76.6119
39408,incendio,-5.9407,-77.0456
39410,incendio,-7.2897,-76.107
39412,incendio,-5.9458,-75.9856
39422,no_incendio,-7.53303009358015,-76.30539007678105
39428,incendio,-5.6975,-76.6142
39432,incendio,-7.1335,-76.9015
39436,no_incendio,-7.378012032391012,-77.45917085361808
39440,incendio,-5.3037,-76.3285
39456,incendio,-7.3786,-76.7337
39463,no_incendio,-6.424628672692531,-76.43252138876545
39476,incendio,-8.3883,-76.2721
39479,incendio,-5.6628,-76.1907
39485,incendio,-6.9538,-76.57
39491,no_incendio,-7.536324441611577,-75.98652093293225
39502,incendio,-6.454,-75.728
39513,incendio,-5.5819,-76.5616
39515,no_incendio,-6.834902492352533,-77.15059777266319
39518,incendio,-8.2847,-76.6552
39529,incendio,-7.7503,-76.7774
39537,no_incendio,-7.424353792615787,-75.73269651500266
39544,no_incendio,-6.4156514594615395,-77.50323228806793
39547,no_incendio,-6.992873718796428,-77.40735326396366
39549,no_incendio,-5.388346448693102,-76.72150148992378
39552,incendio,-7.0884,-76.1949
39575,incendio,-7.3651,-76.8545
39580,incendio,-8.1608,-77.5014
39584,incendio,-7.0544,-77.0598
39585,incendio,-6.9908,-76.8222
39586,no_incendio,-5.98497682810957,-77.24575452252367
39596,no_incendio,-6.122720954624869,-76.9879603704079
39599,incendio,-8.0012,-77.6524
39603,no_incendio,-6.702659611656615,-77.00358407805038
39608,no_incendio,-5.577424926283962,-75.86385660107669
39613,incendio,-8.0274,-76.7085
39614,incendio,-5.6519,-75.9352
39623,no_incendio,-6.892866951927303,-75.87172300219687
39637,incendio,-7.4417,-76.5712
39638,no_incendio,-5.7158112857010535,-77.38243423840477
39640,no_incendio,-6.566852763907717,-76.67622294647774
39641,incendio,-5.751,-76.1858
39647,no_incendio,-5.673007856969957,-76.8124122789181
39655,no_incendio,-7.232373566693578,-77.33989801092913
39656,no_incendio,-7.191225918716162,-75.54734215721196
39662,no_incendio,-5.733329701316475,-76.97970479241751
39664,incendio,-8.5339,-76.3805
39665,incendio,-7.3538,-76.0445
39667,no_incendio,-6.215385324683509,-77.39247138767627
39670,incendio,-6.8182,-76.8921
39674,incendio,-8.3927,-76.3105
39679,incendio,-6.4994,-75.7465
39682,no_incendio,-6.7133301961826755,-75.60854075962672
39683,incendio,-7.9853,-76.7124
39684,incendio,-6.7992,-76.6739
39688,no_incendio,-7.080940596432744,-77.316377811303
39690,incendio,-5.7511,-76.0941
39705,no_incendio,-6.884683844966387,-77.48590774056447
39711,no_incendio,-7.234182176376593,-76.40213823666475
39715,no_incendio,-6.2554801571250565,-76.43574997258422
39718,no_incendio,-7.269040165613338,-76.9103123983766
39720,incendio,-6.1536,-75.9712
39729,incendio,-5.6801,-75.8789
39730,incendio,-5.85,-76.1078
39737,no_incendio,-5.776890989468168,-77.17544694472763
39740,no_incendio,-5.326540128955467,-75.8192880237214
39747,incendio,-6.1443,-75.98
39770,no_incendio,-7.333242178068196,-76.42984929938181
39775,incendio,-6.9261,-76.6166
39776,incendio,-6.7627,-77.3045
39783,no_incendio,-6.1579628470379655,-75.78726893747826
39784,no_incendio,-5.382698663545955,-75.70884428974506
39793,incendio,-7.1204,-76.6083
39802,no_incendio,-6.707120382693278,-76.63620710614674
39822,no_incendio,-7.2339632492782835,-76.73433396854956
39824,no_incendio,-7.426285004692227,-76.55235970604326
39826,incendio,-8.6905,-76.2984
39832,no_incendio,-6.508124167264835,-76.61340355687425
39835,no_incendio,-7.327451375962066,-77.03090576588977
39845,no_incendio,-6.662875308176205,-76.42972525647028
39850,no_incendio,-6.088150630105884,-77.05183868742043
39854,incendio,-6.5296,-76.5129
39859,incendio,-7.6829,-76.8065
39869,incendio,-7.2047,-76.065
39871,no_incendio,-7.086474485794749,-76.34589785341001
39873,incendio,-7.2462,-76.8366
39890,incendio,-6.6322,-76.7236
39896,no_incendio,-6.602549423318465,-77.00681560184587
39903,no_incendio,-6.04175420458928,-75.6154818462728
39904,no_incendio,-6.224278076163242,-75.68574152044755
39905,incendio,-7.2318,-76.3568
39908,incendio,-6.5274,-75.7353
39910,no_incendio,-6.420856851462068,-76.77933512635609
39913,incendio,-7.2765,-76.1339
39919,incendio,-6.489,-75.9165
39922,no_incendio,-7.2086548700460105,-76.60794035176814
39925,incendio,-8.3222,-77.0704
39938,incendio,-5.7928,-76.3942
39939,incendio,-7.7917,-76.7048
39942,no_incendio,-6.1574013412773905,-75.50582251676065
39946,no_incendio,-7.518549043794622,-77.46918278069812
39954,no_incendio,-6.9821795229188215,-77.4814837765738
39965,no_incendio,-6.684698936601428,-75.64362761188839
39974,incendio,-7.1228,-76.0737
39977,incendio,-7.2292,-76.2455
39987,no_incendio,-5.431391280919102,-75.58519659503115
39992,incendio,-6.3453,-76.6021
39997,no_incendio,-6.787959079277664,-75.64572689392233
39999,incendio,-7.3667,-76.8348
40001,no_incendio,-5.8624058726324275,-77.54256899267752
40002,incendio,-6.037,-75.9781
40012,no_incendio,-6.41045269770062,-76.39156709032302
40020,no_incendio,-7.0852919010703905,-76.44513634305123
40026,no_incendio,-6.246302114010693,-75.65691913180889
40033,no_incendio,-6.802375216185101,-76.58944416230916
40050,incendio,-7.1334,-76.9287
40066,incendio,-6.5086,-75.7054
40081,incendio,-6.3504,-75.7233
40088,incendio,-8.5088,-76.4284
40089,incendio,-6.9402,-76.472
40092,no_incendio,-6.012390103585068,-77.46665184846529
40111,no_incendio,-7.530943089944216,-75.61039209936172
40120,no_incendio,-7.150750883364853,-76.83628592323717
40132,no_incendio,-7.345060499544703,-77.11825976617006
40133,no_incendio,-6.1419091354730675,-76.8668930112328
40135,no_incendio,-7.381229378022176,-76.50096695875145
40139,incendio,-7.0662,-76.2473
40147,incendio,-7.2728,-76.3899
40159,no_incendio,-5.455465993485473,-76.16419328270247
40163,no_incendio,-6.269350897351528,-76.17554961545872
40165,no_incendio,-7.18387555277713,-76.55534207208011
40174,no_incendio,-7.384008271248504,-77.19420546410333
40176,no_incendio,-5.993099838060813,-76.1739103851831
40177,no_incendio,-6.43490273431634,-75.69794209792583
40180,no_incendio,-5.921387481016298,-75.640821414452
40186,incendio,-7.1714,-76.4175
40197,incendio,-7.3326,-77.7614
40204,incendio,-6.925,-76.8568
40210,no_incendio,-5.95558763459201,-75.58088985962372
40212,no_incendio,-7.333298288226105,-76.42146225481947
40215,no_incendio,-5.433480478841975,-76.00940335234054
40217,no_incendio,-7.475453840000244,-77.09283995143899
40220,no_incendio,-6.9398975097013755,-76.27516039033146
40236,incendio,-5.8971,-76.1282
40238,incendio,-8.5294,-75.5337
40245,incendio,-7.6539,-76.742
40258,incendio,-8.2147,-77.5462
40261,incendio,-6.7729,-76.6329
40262,no_incendio,-6.242683257012905,-77.09272695265327
40267,no_incendio,-5.374155680654134,-76.14052405499798
40268,incendio,-8.7238,-77.7607
40270,incendio,-7.6782,-76.7288
40273,incendio,-6.3006,-77.6959
40288,no_incendio,-7.303191371239219,-76.86950299016307
40290,incendio,-6.7086,-76.8311
40294,incendio,-7.2438,-76.7647
40295,incendio,-8.6156,-77.5398
40302,no_incendio,-6.946999930209273,-76.16347768392615
40312,incendio,-7.5408,-76.2036
40313,incendio,-6.9905,-76.2113
40324,incendio,-6.347,-75.9062
40332,incendio,-8.1915,-76.6284
40340,no_incendio,-5.403821247036303,-76.32388095777216
40348,no_incendio,-6.9734000570740395,-77.15029703123086
40349,no_incendio,-6.370648236891197,-76.34077418345667
40352,no_incendio,-7.462272976116109,-77.0484423984109
40366,no_incendio,-6.808753435004469,-75.58127871175964
40369,no_incendio,-5.943086820538844,-77.20310189012812
40371,no_incendio,-5.454661580886559,-77.46777785872058
40378,no_incendio,-7.125442800649086,-77.06151312787605
40389,incendio,-7.2009,-76.8015
40397,no_incendio,-5.9462000997115165,-76.43849970195068
40408,no_incendio,-6.007112604816549,-77.29204800487722
40414,no_incendio,-6.091674894114575,-77.31779067927825
40417,no_incendio,-6.236752944768423,-75.59185038594902
40418,incendio,-7.049,-76.908
40419,incendio,-6.5579,-75.6883
40427,no_incendio,-6.314113189001013,-76.77593472488475
40437,incendio,-7.2684,-76.0692
40442,no_incendio,-5.382192721085108,-75.80513455395052
40446,no_incendio,-6.346021842815813,-77.12333044544714
40451,incendio,-5.7828,-76.149
40463,incendio,-7.6153,-76.8235
40466,no_incendio,-7.1816270512499,-75.96620433389496
40467,no_incendio,-5.789563027304849,-76.53201355790475
40469,incendio,-6.9488,-76.6585
40472,no_incendio,-5.593725246250177,-76.70151478021911
40478,incendio,-6.5966,-75.7012
40482,incendio,-6.5444,-75.6949
40483,no_incendio,-7.3138551861663785,-76.44974049103283
40485,incendio,-7.2133,-76.6402
40491,incendio,-7.5718,-76.6912
40498,incendio,-8.2309,-76.5991
40513,no_incendio,-7.309838483592369,-76.99515991704935
40516,no_incendio,-6.230021779466632,-76.57667653530646
40535,no_incendio,-6.185102706019143,-75.78932803542219
40548,no_incendio,-6.645538690996345,-76.24231505313135
40560,no_incendio,-5.756771146595229,-77.41858176231523
40565,no_incendio,-5.62140995348484,-75.55506281291692
40568,no_incendio,-7.250518418431454,-77.39731384590523
40571,incendio,-8.3285,-76.5732
40579,no_incendio,-6.237093114939267,-75.7117789331342
40581,incendio,-6.6078,-76.259
40582,incendio,-7.4481,-76.6007
40585,no_incendio,-5.959932705913599,-76.9795248154579
40599,incendio,-6.9664,-76.7496
40600,incendio,-8.7135,-76.3749
40623,incendio,-6.1715,-76.7517
40624,no_incendio,-6.501773263941807,-76.20873227680231
40630,incendio,-8.6685,-76.4076
40632,incendio,-7.6102,-76.4528
40641,no_incendio,-6.234222668201542,-76.20280713881237
40648,incendio,-6.4912,-76.361
40651,incendio,-8.5125,-75.6137
40652,incendio,-6.352,-75.8528
40655,incendio,-7.4347,-76.5553
40663,incendio,-6.2169,-77.0565
40665,no_incendio,-6.010451782777754,-76.65548557621318
40666,incendio,-6.8452,-76.687
40671,no_incendio,-7.2822391020909345,-76.80145523505668
40673,incendio,-6.0931,-75.8057
40674,incendio,-6.8167,-76.6527
40679,no_incendio,-6.541834413903653,-76.37649272286701
40692,incendio,-8.3694,-76.3026
40695,incendio,-6.1582,-77.51
40704,no_incendio,-6.230021779466632,-76.57667653530646
40706,incendio,-6.1115,-75.8981
40707,no_incendio,-6.720013389410524,-76.18246932103828
40713,no_incendio,-6.859218995881019,-77.3454749772902
40715,no_incendio,-6.698529470828457,-76.28501109879417
40716,no_incendio,-6.618506694977619,-76.00213992327006
40724,no_incendio,-6.441502518699965,-76.95262753749782
40739,incendio,-7.0165,-76.7136
40748,incendio,-6.0717,-75.9582
40751,no_incendio,-5.6909060907931215,-77.03642215530066
40755,no_incendio,-5.485150772179796,-77.0821813016382
40757,no_incendio,-6.142530239499738,-77.15463621788837
40760,no_incendio,-6.480910366032293,-76.46284954850665
40763,no_incendio,-6.30791982416226,-77.35125522509678
40771,incendio,-5.7332,-75.8101
40776,incendio,-7.5821,-76.674
40784,incendio,-6.7888,-76.4109
40789,no_incendio,-5.5629279584591815,-75.58676722265717
40790,no_incendio,-5.569659951211905,-77.11401128748476
40798,no_incendio,-6.890142536767722,-76.21093731168023
40804,no_incendio,-6.606517162327486,-77.4629258839616
40816,incendio,-7.7599,-76.7643
40838,incendio,-6.5392,-75.6221
40854,incendio,-6.8254,-76.4884
40855,incendio,-6.4416,-76.6196
40858,no_incendio,-6.325765977825784,-76.5205147871752
40864,no_incendio,-7.267527749331178,-76.00258934511766
40871,incendio,-8.3582,-76.2688
40873,incendio,-7.293,-77.0499
40874,incendio,-8.039,-76.6024
40877,no_incendio,-7.294379319518731,-75.60933586901135
40887,no_incendio,-5.685078590845662,-76.61726952612376
40890,incendio,-8.731,-76.759
40891,incendio,-7.3151,-75.5038
40893,no_incendio,-6.832250558370159,-76.20474853380588
40898,incendio,-7.0432,-76.2394
40899,incendio,-7.7372,-76.7477
40907,incendio,-5.6981,-76.316
40915,no_incendio,-5.300946297144839,-75.60535100286195
40921,no_incendio,-5.569659951211905,-77.11401128748476
40922,no_incendio,-6.657837978191169,-76.6528349809883
40924,no_incendio,-6.295102509635013,-77.52506617532497
40926,no_incendio,-6.236752944768423,-75.59185038594902
40928,no_incendio,-6.342272331916268,-77.0355540401251
40934,no_incendio,-5.374689655955711,-76.01901794140703
40942,incendio,-8.5954,-76.6148
40949,no_incendio,-5.761894026687926,-76.71626651276603
40967,no_incendio,-6.344738730281884,-77.28085925820518
40972,incendio,-7.2482,-77.704
40978,incendio,-6.7778,-76.6518
40979,incendio,-6.8967,-76.5907
40980,no_incendio,-6.150817748541318,-77.2743773218178
40985,incendio,-6.0841,-76.2194
40986,incendio,-7.6505,-76.6432
40999,no_incendio,-5.412071364186887,-77.00251056339543
41000,no_incendio,-6.777084363074236,-76.9625637860872
41015,incendio,-5.8767,-76.4394
41021,no_incendio,-6.424415078222516,-76.56153900049968
41023,no_incendio,-6.6084019823282665,-76.06077967767854
41024,incendio,-8.3212,-76.2603
41030,incendio,-5.6342,-76.6984
41039,incendio,-8.5042,-77.0721
41040,incendio,-6.5688,-77.7284
41048,incendio,-6.7485,-76.6204
41049,no_incendio,-6.808642932215501,-75.79916533133496
41050,no_incendio,-5.984669195028871,-76.49551058575585
41058,no_incendio,-5.710479011729555,-76.39175910938613
41062,incendio,-7.2952,-76.1868
41065,incendio,-8.7017,-76.9426
41068,no_incendio,-7.451217530868493,-77.29241876502243
41070,incendio,-5.7563,-76.2462
41071,no_incendio,-5.508797884476139,-76.57706115239465
41072,no_incendio,-6.003436470117687,-77.4174804711691
41077,no_incendio,-5.569659951211905,-77.11401128748476
41082,incendio,-8.2383,-77.5629
41086,incendio,-6.4147,-75.9864
41091,incendio,-7.0111,-76.7937
41095,incendio,-6.5383,-76.1066
41108,no_incendio,-7.213623333493973,-77.17840648744146
41115,incendio,-6.5356,-75.6377
41124,no_incendio,-7.15542529777246,-76.2489354268892
41130,no_incendio,-5.728686151403572,-77.23987774970512
41132,incendio,-6.7373,-76.1617
41136,no_incendio,-6.09087742872903,-76.39432793529913
41141,incendio,-8.5082,-76.9484
41143,no_incendio,-7.488895468406661,-77.22046866095448
41144,no_incendio,-5.719448744498719,-77.23298516632254
41154,incendio,-7.5839,-76.4142
41157,no_incendio,-6.606517162327486,-77.4629258839616
41158,no_incendio,-6.174948624269397,-76.36859139619342
41166,incendio,-7.3286,-76.5446
41168,no_incendio,-7.487565239153625,-77.31329030244564
41173,no_incendio,-6.4985912391976255,-76.97886285295857
41177,no_incendio,-5.957368180282539,-76.7498768526133
41180,no_incendio,-6.5749903992962055,-76.89683303442592
41184,incendio,-6.4078,-77.3477
41185,no_incendio,-6.802375216185101,-76.58944416230916
41194,no_incendio,-5.409046088511844,-75.85044957982578
41195,incendio,-6.0424,-77.2356
41216,no_incendio,-7.384008271248504,-77.19420546410333
41218,no_incendio,-6.535327617861432,-76.18785766882165
41219,no_incendio,-6.09585600344774,-76.33181330264762
41241,no_incendio,-6.9256501234330665,-77.07157879837493
41251,no_incendio,-6.10372793592555,-77.07921750093743
41256,incendio,-6.9511,-76.5442
41257,incendio,-8.1342,-76.2859
41260,no_incendio,-5.715242133239665,-75.6692049037983
41262,incendio,-6.7887,-76.6901
41263,incendio,-8.3837,-76.4186
41267,incendio,-6.6915,-76.8901
41273,incendio,-7.1689,-77.0646
41281,no_incendio,-6.324514222860181,-76.89947276475436
41287,no_incendio,-5.9272520922930445,-77.17976360795232
41292,incendio,-7.3196,-76.9203
41296,incendio,-5.7582,-75.9578
41310,incendio,-6.2711,-75.8791
41318,no_incendio,-7.573586798987392,-75.72729255411187
41321,no_incendio,-6.4800299159294745,-75.86986955910662
41324,no_incendio,-5.618133364002661,-76.2191295091602
41325,incendio,-7.3088,-76.5716
41327,incendio,-5.8282,-77.3985
41332,no_incendio,-5.636338028013915,-75.57133657890496
41337,no_incendio,-6.139224623753688,-76.40308726211332
41349,no_incendio,-6.53438876670278,-77.3151143596093
41360,no_incendio,-6.696114207645428,-77.01139322381492
41364,incendio,-7.1163,-76.961
41373,incendio,-5.9221,-76.2549
41398,incendio,-6.9581,-76.7078
41415,incendio,-6.5321,-75.6924
41418,no_incendio,-6.081920488696037,-77.43393189597795
41419,incendio,-6.7685,-76.1752
41420,no_incendio,-5.693308964023421,-77.38488694411686
41423,no_incendio,-6.380793727295641,-76.36283674136891
41433,no_incendio,-6.702659611656615,-77.00358407805038
41435,no_incendio,-7.560257578514154,-75.8825568546828
41438,no_incendio,-7.412957121399091,-77.21617404571616
41442,no_incendio,-7.523779550040388,-76.57430086125386
41447,no_incendio,-6.838209877352376,-75.74494612497837
41450,no_incendio,-5.668562711065817,-75.61105576661728
41455,no_incendio,-5.397948781588011,-77.53247141487635
41457,no_incendio,-6.902373213948052,-75.80243684170989
41458,incendio,-6.3314,-76.144
41461,incendio,-6.4947,-76.3589
41463,no_incendio,-6.323745703888591,-76.07826663303581
41466,incendio,-7.0104,-76.0996
41468,no_incendio,-6.254046612679011,-76.94445690037632
41472,incendio,-7.526,-76.5366
41473,incendio,-8.2894,-76.4481
41474,no_incendio,-5.441244045280792,-76.19936571316805
41481,incendio,-6.9881,-76.182
41492,incendio,-7.3147,-76.9628
41500,incendio,-8.198,-77.536
41504,no_incendio,-7.582363301360768,-76.43607509989434
41510,no_incendio,-7.017832061015762,-77.13978816386988
41514,incendio,-6.1041,-75.7599
41516,incendio,-7.4803,-76.508
41520,incendio,-6.3022,-75.9566
41525,incendio,-6.743,-76.5143
41533,no_incendio,-7.593724484851976,-77.34754973911781
41543,incendio,-7.2086,-76.7962
41544,no_incendio,-5.388800568828812,-75.76427198080877
41547,no_incendio,-5.409046088511844,-75.85044957982578
41548,no_incendio,-7.137713754276464,-76.43208640903742
41558,no_incendio,-5.811190643666691,-76.41076755798852
41565,incendio,-8.1513,-77.0975
41568,no_incendio,-7.415686202537784,-75.85189468645096
41577,incendio,-7.0221,-76.2283
41580,incendio,-7.7587,-76.6978
41582,incendio,-8.189,-76.5145
41583,incendio,-8.6284,-76.8303
41585,no_incendio,-5.592384500349762,-76.12339689137886
41592,no_incendio,-5.952502510545931,-77.35100051203952
41595,no_incendio,-5.626490573988114,-76.90197669049898
41598,incendio,-8.4608,-76.4093
41610,no_incendio,-5.423352355280385,-75.9768451523196
41616,no_incendio,-5.659847709526774,-75.83935663792408
41622,no_incendio,-5.9462000997115165,-76.43849970195068
41630,incendio,-7.015,-76.1226
41637,no_incendio,-6.722985174451003,-76.39617504365586
41644,no_incendio,-6.937667134670242,-75.79567614590403
41647,incendio,-6.8815,-76.6083
41650,no_incendio,-6.7663153524803406,-76.63107432313332
41652,no_incendio,-5.908177822401652,-76.8838396640829
41659,incendio,-7.4817,-76.4186
41661,incendio,-5.8949,-76.1166
41667,no_incendio,-6.6308882191110055,-76.3915553322726
41668,no_incendio,-6.161493803649726,-77.185392683239
41675,no_incendio,-5.432481694931332,-76.47528675292433
41680,incendio,-8.1923,-76.5126
41681,no_incendio,-6.727424984115921,-76.66756072308013
41684,incendio,-6.0692,-77.0584
41685,no_incendio,-7.124526948992974,-75.69099174784184
41686,incendio,-8.6325,-76.8314
41688,no_incendio,-6.023168032179068,-77.26981479042486
41691,incendio,-6.0347,-77.1074
41704,no_incendio,-7.089179421889268,-75.95457712793731
41708,incendio,-6.6624,-76.4441
41719,no_incendio,-5.8091800479019735,-77.2012977286717
41721,no_incendio,-6.55551893099156,-75.68092534598561
41722,incendio,-7.5119,-76.4777
41731,incendio,-7.2419,-76.2778
41732,incendio,-6.3313,-75.8898
41734,no_incendio,-6.1579628470379655,-75.78726893747826
41736,incendio,-5.4738,-76.7793
41740,no_incendio,-5.841084064265475,-76.47146316885033
41759,incendio,-8.0777,-76.7953
41760,incendio,-6.4,-76.06
41770,no_incendio,-5.411652077381302,-77.27749728778487
41778,incendio,-7.5492,-76.4731
41785,no_incendio,-5.8624058726324275,-77.54256899267752
41787,no_incendio,-7.163128957992517,-77.33946379317482
41788,no_incendio,-6.701934945529236,-77.46493186657752
41792,no_incendio,-5.8513705657504405,-76.02980196988514
41794,no_incendio,-6.959314262350769,-76.76578066872496
41796,incendio,-6.3861,-76.607
41804,incendio,-7.3127,-76.5357
41807,incendio,-8.5337,-76.1372
41832,no_incendio,-7.275276678539276,-76.76197872211165
41833,incendio,-6.7401,-76.5571
41837,no_incendio,-6.691674214621824,-77.20756079690301
41843,incendio,-8.4399,-76.4301
41851,no_incendio,-6.400727870765625,-77.48420741846027
41859,incendio,-6.0765,-75.9747
41870,incendio,-7.7827,-76.7537
41872,no_incendio,-7.454920494649443,-76.8925561147692
41873,no_incendio,-5.561988258344413,-76.88991934204635
41883,incendio,-6.2268,-75.9606
41886,no_incendio,-6.442705023956996,-76.30481606512446
41888,no_incendio,-6.545046135469808,-77.4695217022142
41894,no_incendio,-5.399995483023551,-76.68244565675566
41901,no_incendio,-7.284463966351714,-76.84480226943248
41906,no_incendio,-6.939438225282601,-76.80786345912996
41916,no_incendio,-6.812854444766214,-76.31590409569822
41921,incendio,-5.9437,-76.3528
41922,incendio,-5.6306,-76.1829
41925,incendio,-7.9359,-76.6913
41929,incendio,-6.6399,-76.7377
41931,incendio,-7.4579,-76.521
41944,no_incendio,-5.399995483023551,-76.68244565675566
41957,no_incendio,-6.982455617549805,-76.38860618436227
41971,incendio,-6.0909,-75.8041
41977,no_incendio,-6.370648236891197,-76.34077418345667
41980,no_incendio,-7.115248664865674,-76.07912965420722
41987,incendio,-6.1214,-77.0728
41989,incendio,-6.3929,-76.0459
41997,incendio,-6.6771,-76.4377
41999,incendio,-7.6482,-76.609
42003,no_incendio,-6.846679592265051,-75.78055281220841
42005,incendio,-5.8735,-75.8875
42008,no_incendio,-5.573600216354325,-77.29583969487783
42012,incendio,-7.1396,-76.9852
42022,no_incendio,-5.592455159672106,-77.05696823462097
42031,incendio,-5.3318,-76.7933
42032,no_incendio,-5.8332062747008715,-77.144406205254
42043,no_incendio,-7.18387555277713,-76.55534207208011
42054,incendio,-5.8449,-75.9066
42064,no_incendio,-5.612907306182736,-76.9815155721773
42071,no_incendio,-6.130295951384975,-75.70862882951778
42072,incendio,-5.3176,-76.4817
42073,no_incendio,-7.374027518305184,-76.32029762844952
42075,incendio,-7.3228,-75.6226
42085,incendio,-6.1894,-76.2612
42086,incendio,-5.794,-76.2931
42089,incendio,-7.3746,-76.9088
42090,no_incendio,-6.8053340000464315,-76.39338208242373
42095,incendio,-8.7791,-77.0318
42104,incendio,-7.068,-76.1799
42108,no_incendio,-6.234937456831474,-75.55136134306397
42109,incendio,-6.8028,-76.2163
42114,no_incendio,-5.366911069115064,-77.28733600522496
42115,no_incendio,-6.4535066542887805,-75.68187662159364
42120,no_incendio,-6.66812028796298,-76.15230026038583
42121,no_incendio,-6.491284059337684,-76.25746904489338
42129,incendio,-7.0818,-76.2505
42130,incendio,-7.2047,-77.0728
42149,incendio,-8.007,-76.644
42163,incendio,-6.3824,-76.7639
42164,no_incendio,-5.652384048618223,-75.53477074714212
42172,no_incendio,-6.692392129901898,-76.24064751909104
42173,incendio,-7.2314,-76.3572
42177,no_incendio,-7.366259215797565,-77.34248619041158
42180,no_incendio,-6.050469228584658,-76.73736427886188
42184,no_incendio,-7.3045123106112335,-75.99723406684437
42195,incendio,-5.9046,-76.1194
42200,no_incendio,-6.668348976590427,-75.85167744687278
42206,incendio,-8.4441,-76.433
42209,no_incendio,-6.741440234624422,-77.09605125719467
42223,no_incendio,-5.900117559948675,-75.56284439390626
42229,no_incendio,-5.465881437617145,-76.83346258647516
42238,no_incendio,-7.424353792615787,-75.73269651500266
42249,incendio,-6.7809,-76.2627
42250,no_incendio,-5.652384048618223,-75.53477074714212
42258,incendio,-7.1651,-77.7664
42269,no_incendio,-7.06430285125658,-76.42921371383994
42278,no_incendio,-7.530943089944216,-75.61039209936172
42280,incendio,-7.0278,-76.7044
42281,incendio,-6.4382,-75.7957
42282,incendio,-8.2223,-75.6752
42283,no_incendio,-6.2062844027818835,-77.2816967062703
42285,incendio,-7.1415,-76.9751
42287,incendio,-6.8385,-76.4217
42292,incendio,-8.1478,-77.0844
42303,no_incendio,-5.70993701267222,-76.39276259470975
42305,incendio,-6.243,-76.1392
42308,no_incendio,-6.220053203592378,-76.13217715018442
42313,no_incendio,-6.763422719650261,-75.74420107703415
42315,incendio,-8.674,-76.1612
42323,incendio,-7.4701,-76.6955
42324,incendio,-8.1765,-76.9713
42335,incendio,-6.512,-75.7483
42336,incendio,-6.765,-76.5696
42342,incendio,-6.5774,-75.7343
42344,no_incendio,-5.634222890340759,-76.43789808900263
42345,no_incendio,-6.635301014584928,-76.41004319664097
42346,incendio,-8.3942,-76.5183
42349,no_incendio,-5.933819847140226,-76.39063203845332
42351,no_incendio,-6.775573791793621,-76.68783581514383
42355,incendio,-6.6626,-76.3715
42359,no_incendio,-6.949882284574706,-75.68273295602192
42367,no_incendio,-6.22075638484601,-75.88403940669497
42368,no_incendio,-6.36044395346056,-75.72277954497737
42376,incendio,-7.0177,-76.5836
42378,incendio,-6.6828,-76.6685
42386,no_incendio,-7.433764184828395,-76.19895087453514
42388,incendio,-6.9229,-76.5791
42402,incendio,-6.0326,-75.7648
42408,no_incendio,-5.49325291733823,-76.90069379643876
42415,no_incendio,-7.2086548700460105,-76.60794035176814
42416,incendio,-7.3222,-76.7439
42423,no_incendio,-7.014371526342947,-75.6304094962068
42428,no_incendio,-6.467350712480753,-77.13922176575424
42429,no_incendio,-6.9973012484497445,-77.4510550557952
42437,no_incendio,-5.691367325953232,-76.91174291210852
42439,no_incendio,-7.0294194294183265,-77.09735006276883
42443,incendio,-6.2593,-77.6133
42457,no_incendio,-7.1695522446443345,-76.10103400972879
42462,no_incendio,-5.4956287964108785,-77.39970137101125
42463,incendio,-7.1108,-76.6305
42465,no_incendio,-6.567404760010091,-75.93678531261668
42469,no_incendio,-7.2386843016197115,-75.95361045134824
42470,no_incendio,-5.612907306182736,-76.9815155721773
42478,incendio,-5.3824,-76.7446
42481,incendio,-6.2287,-76.1976
42491,incendio,-6.4882,-76.8266
42494,no_incendio,-6.9712876814104,-75.72933923833854
42497,incendio,-6.8139,-76.6503
42499,incendio,-6.799,-76.2115
42501,incendio,-6.6156,-76.4759
42504,no_incendio,-7.488895468406661,-77.22046866095448
42505,no_incendio,-5.802372431085104,-75.57878108958735
42506,no_incendio,-6.348815001844065,-75.62878823200789
42519,incendio,-5.9581,-76.8908
42523,no_incendio,-6.595830198454336,-76.87085544617783
42524,no_incendio,-5.786742413220336,-77.47906670461887
42527,incendio,-6.5176,-75.7591
42538,no_incendio,-7.588515859914238,-76.24969046906399
42540,no_incendio,-5.670265351646696,-76.15936780244608
42543,no_incendio,-5.888892522225688,-76.77144344906966
42548,no_incendio,-5.911980434774437,-76.07407858450021
42550,incendio,-7.1834,-76.3439
42557,no_incendio,-5.886501214348173,-76.17373588365827
42564,no_incendio,-6.370648236891197,-76.34077418345667
42565,incendio,-6.6683,-76.3309
42567,incendio,-7.4559,-76.4527
42574,no_incendio,-7.450227101420001,-77.22165209135423
42575,no_incendio,-7.511471498657587,-77.0305776349507
42577,incendio,-8.1917,-76.5123
42585,no_incendio,-5.657826113607748,-77.0484188289704
42587,incendio,-7.4085,-76.7343
42603,no_incendio,-6.519206979509828,-76.45089641887259
42609,no_incendio,-6.258662070362653,-76.50630572261905
42618,no_incendio,-6.045557480896305,-76.73042918045354
42622,incendio,-6.6306,-77.4178
42627,incendio,-6.8938,-76.5385
42635,no_incendio,-5.87076697965016,-76.32402567938676
42637,no_incendio,-6.725956984213016,-76.31094915112595
42639,no_incendio,-7.452255229585659,-76.60231274161556
42640,incendio,-7.5925,-76.7399
42643,no_incendio,-5.899739172279481,-75.62561076754551
42645,no_incendio,-6.269350897351528,-76.17554961545872
42650,incendio,-8.0136,-76.7296
42651,no_incendio,-7.221811632536515,-77.44262630315019
42652,incendio,-6.1215,-76.3529
42659,no_incendio,-5.590745607594968,-76.01092904258273
42664,no_incendio,-7.253889999482386,-76.08590323427873
42668,no_incendio,-6.742426821485937,-75.840077033376
42672,incendio,-6.5915,-76.5551
42677,no_incendio,-5.992717705570296,-75.97108395344519
42679,incendio,-6.3245,-75.8903
42688,incendio,-6.3167,-76.0091
42698,no_incendio,-6.825822993237503,-77.04144362527458
42699,incendio,-7.1133,-76.955
42700,no_incendio,-5.6727531578346015,-77.41986068936593
42709,no_incendio,-7.322815935895123,-76.7836025186051
42710,incendio,-7.5601,-76.7521
42714,no_incendio,-5.894898869067559,-77.35176843132272
42716,incendio,-7.0408,-76.7834
42719,no_incendio,-6.060981828013205,-76.61589601950963
42721,no_incendio,-5.807568980791382,-75.59957931060934
42733,no_incendio,-6.1245241179034995,-75.6853524981565
42737,incendio,-6.0574,-75.9594
42744,incendio,-6.1235,-76.0003
42750,incendio,-7.4897,-76.3783
42755,no_incendio,-6.8038809431040965,-76.81652393345753
42762,no_incendio,-5.5750859368578904,-77.18888026677212
42763,incendio,-6.2465,-76.1033
42770,no_incendio,-5.607896245919547,-76.37910922472966
42779,no_incendio,-6.40519633681147,-77.40140623826653
42780,incendio,-6.7452,-76.8354
42783,no_incendio,-5.544976635100384,-76.33130727413504
42784,no_incendio,-6.190864426146802,-76.12967606406326
42789,no_incendio,-7.233369543625463,-75.83176043083628
42790,incendio,-8.4833,-76.4633
42803,incendio,-5.922,-76.3035
42808,no_incendio,-7.097431396465031,-76.35150553329514
42812,incendio,-6.3302,-75.777
42820,no_incendio,-7.017817860779479,-76.95461934375838
42822,incendio,-6.7908,-76.453
42829,incendio,-7.3036,-76.8084
42834,no_incendio,-7.5702550538704605,-75.67821320807053
42836,incendio,-7.5925,-76.4547
42846,incendio,-7.1628,-76.6419
42856,no_incendio,-7.225892265359727,-76.0093087691897
42858,no_incendio,-5.404889796153065,-75.52356189843724
42862,incendio,-7.127,-76.0643
42873,incendio,-6.1249,-75.7153
42888,incendio,-5.9722,-76.4916
42890,incendio,-7.2673,-77.039
42891,incendio,-6.6372,-76.7374
42895,no_incendio,-7.417769459056535,-76.0278387197161
42902,incendio,-8.0378,-75.6251
42914,no_incendio,-5.450455855055424,-76.00497644122908
42917,incendio,-7.0192,-76.5977
42921,incendio,-7.394,-76.8368
42924,no_incendio,-7.530943089944216,-75.61039209936172
42928,incendio,-6.7131,-77.5845
42930,no_incendio,-5.776890989468168,-77.17544694472763
42934,incendio,-6.0326,-76.9679
42936,no_incendio,-6.94200325407077,-76.26001952788216
42943,no_incendio,-5.829668681149241,-76.34423254304822
42950,incendio,-7.6633,-76.8132
42951,incendio,-6.4723,-75.753
42952,no_incendio,-7.442941681589652,-76.91434045843735
42958,incendio,-5.8427,-75.9769
42961,incendio,-8.5137,-75.5563
42968,no_incendio,-6.514967490351236,-76.99375522896699
42969,no_incendio,-6.013807781245941,-77.54515653099793
42972,incendio,-7.3486,-76.5092
42979,no_incendio,-6.161493803649726,-77.185392683239
42982,no_incendio,-5.833991570039085,-76.02950285469245
42994,incendio,-8.2609,-76.4745
42998,no_incendio,-6.325765977825784,-76.5205147871752
42999,no_incendio,-7.162586032756481,-76.81020137003335
43000,no_incendio,-5.869842375317225,-75.95286206170579
43005,no_incendio,-7.2889510765606325,-76.46654281298771
43007,incendio,-6.9806,-76.5372
43014,no_incendio,-6.838209877352376,-75.74494612497837
43022,no_incendio,-5.709919403753175,-77.18915952963572
43039,incendio,-6.4401,-76.4449
43041,incendio,-7.9152,-76.7448
43042,incendio,-7.4504,-76.6046
43044,incendio,-7.1824,-76.8393
43048,incendio,-6.7218,-76.664
43053,no_incendio,-6.521871195981789,-77.46615975017302
43056,incendio,-8.2218,-76.6045
43062,no_incendio,-5.815972204611399,-75.5996631905604
43063,no_incendio,-6.939758211874388,-76.17566888296336
43068,incendio,-7.3301,-76.6736
43074,no_incendio,-6.953964765279714,-77.26246463391935
43076,incendio,-6.1013,-75.7573
43077,no_incendio,-6.6229879670061225,-75.80299704996388
43084,no_incendio,-6.238722534494159,-76.96599757551694
43090,incendio,-7.1674,-76.3052
43092,no_incendio,-7.200090625449649,-75.973583692229
43097,no_incendio,-7.231319010056117,-76.25282835259368
43099,no_incendio,-7.038481344593258,-77.380855509791
43105,no_incendio,-6.6577808572271095,-76.08571031789008
43108,no_incendio,-6.801666192426729,-76.32704638741743
43116,incendio,-7.5419,-76.4236
43123,incendio,-7.5606,-76.3538
43126,no_incendio,-6.9973012484497445,-77.4510550557952
43129,incendio,-7.05,-76.6063
43136,no_incendio,-6.797587829172456,-76.96085855036651
43138,incendio,-5.8049,-76.2619
43141,incendio,-5.8098,-77.4667
43142,incendio,-7.1614,-76.3119
43150,incendio,-7.8757,-75.5361
43163,incendio,-7.3029,-76.0411
43164,incendio,-7.0592,-76.4649
43174,no_incendio,-7.108956430874631,-75.5028524515191
43175,incendio,-8.2726,-76.3394
43184,incendio,-6.4024,-77.3625
43188,no_incendio,-5.489245275525123,-76.82667902790362
43195,incendio,-8.2013,-76.5687
43196,no_incendio,-7.20837922312058,-75.60173964481412
43197,incendio,-5.8274,-76.0289
43205,incendio,-6.0258,-76.3642
43212,no_incendio,-6.178368777472011,-76.33706394423045
43216,no_incendio,-5.902840695958739,-77.46595018427229
43222,no_incendio,-5.612307081535751,-76.80288819980903
43224,no_incendio,-7.36388011313037,-77.4640263849402
43228,incendio,-8.6011,-76.4389
43231,incendio,-8.506,-75.5781
43241,incendio,-8.5331,-76.8162
43242,no_incendio,-6.756685989962618,-75.83002754028344
43248,no_incendio,-7.217722844984081,-77.2235426849214
43250,no_incendio,-5.901183537582431,-77.01906915606199
43256,incendio,-8.4552,-76.2271
43266,no_incendio,-5.916934623864143,-76.40108482987945
43284,incendio,-5.7414,-77.452
43291,incendio,-7.0099,-76.1998
43298,incendio,-6.1802,-76.388
43300,no_incendio,-6.875442125514737,-76.55018813227439
43301,incendio,-8.2368,-76.4326
43305,no_incendio,-6.846227548420243,-77.09414313428448
43313,incendio,-6.8069,-76.189
43320,no_incendio,-5.95558763459201,-75.58088985962372
43330,incendio,-5.5085,-75.8475
43334,incendio,-6.655,-76.3765
43335,no_incendio,-7.1291364623253095,-77.04904307212506
43337,incendio,-6.2236,-76.0356
43343,no_incendio,-5.849265187399489,-77.52081578278697
43344,no_incendio,-6.269160672028454,-77.26185240867942
43349,incendio,-6.1635,-76.0273
43353,no_incendio,-6.013807781245941,-77.54515653099793
43368,incendio,-6.2935,-76.686
43372,incendio,-7.3624,-76.7247
43374,no_incendio,-6.189738223688629,-76.63044449970681
43375,no_incendio,-6.385759143148429,-76.5709354755892
43386,no_incendio,-7.377051275028038,-75.93975534182488
43387,incendio,-6.9186,-76.6489
43389,incendio,-7.0333,-76.2594
43395,no_incendio,-6.4985912391976255,-76.97886285295857
43396,incendio,-6.5594,-76.7904
43400,incendio,-6.9955,-76.8507
43408,no_incendio,-6.500803234494254,-76.0342561681164
43409,no_incendio,-6.493728884519305,-75.95080124431671
43413,incendio,-6.1058,-75.7675
43424,incendio,-8.7332,-76.3666
43425,incendio,-8.3689,-76.2617
43427,incendio,-8.2191,-76.5094
43430,incendio,-6.5984,-75.631
43437,incendio,-6.2065,-76.0772
43451,incendio,-5.75,-76.5028
43453,no_incendio,-6.390597266026688,-76.66038678496503
43454,no_incendio,-7.1362153859124,-76.23261669430515
43455,no_incendio,-6.062840602584927,-76.70237486789418
43459,no_incendio,-5.473631906137981,-76.93641473945902
43463,no_incendio,-5.343847653580683,-76.19643132056173
43464,no_incendio,-7.191225918716162,-75.54734215721196
43469,incendio,-7.5284,-77.4801
43471,no_incendio,-7.257184386198285,-77.16794482130089
43474,no_incendio,-6.24237475480212,-75.58560175040829
43476,incendio,-6.7156,-76.8699
43481,no_incendio,-5.41517785771272,-76.05115692097354
43485,no_incendio,-6.1245241179034995,-75.6853524981565
43488,incendio,-8.7034,-76.2998
43489,no_incendio,-6.5791773780212175,-75.5208242841422
43494,incendio,-6.4997,-75.8096
43505,no_incendio,-5.68462514388274,-76.77383589546262
43506,incendio,-6.5566,-76.7862
43525,incendio,-5.7521,-76.3786
43528,no_incendio,-6.490391135640375,-76.20592887580928
43531,incendio,-5.3405,-76.5938
43534,incendio,-8.7245,-76.7463
43550,incendio,-6.8853,-76.2188
43557,incendio,-7.3347,-76.5315
43561,no_incendio,-7.303191371239219,-76.86950299016307
43562,incendio,-6.424,-75.9788
43569,no_incendio,-6.772965762366505,-76.27272500681829
43572,no_incendio,-5.5978889160107626,-76.86708534486174
43573,incendio,-8.3413,-76.2484
43591,incendio,-5.3378,-76.4561
43596,no_incendio,-6.942876340672963,-76.33358150381483
43600,incendio,-7.2508,-76.7667
43607,no_incendio,-6.156444886914189,-76.11831601972577
43613,incendio,-6.2449,-76.0278
43628,incendio,-7.5039,-76.4729
43633,no_incendio,-6.705083355769138,-77.07784196502678
43635,incendio,-7.135,-76.3257
43645,no_incendio,-6.546795271979165,-77.13463626494185
43646,no_incendio,-6.261893490975904,-75.72805069897333
43648,incendio,-7.096,-76.2939
43678,no_incendio,-6.843242986862935,-76.83119639273687
43684,no_incendio,-7.228019173352536,-75.83265543127759
43686,incendio,-5.9088,-76.1592
43707,no_incendio,-6.1464831206689965,-77.21946152659409
43714,incendio,-6.0512,-77.1154
43718,no_incendio,-5.348479960720765,-76.73008143184053
43720,no_incendio,-5.89795943446839,-76.15835756218627
43721,no_incendio,-6.827947755317633,-77.24078320536096
43729,no_incendio,-6.234937456831474,-75.55136134306397
43734,no_incendio,-6.253426709313807,-77.08659131097349
43736,no_incendio,-5.870407571755855,-76.43899593158982
43737,incendio,-7.0225,-76.877
43740,incendio,-6.9988,-76.2352
43743,incendio,-6.8788,-76.6508
43749,incendio,-6.9682,-76.3353
43763,no_incendio,-5.928733149107297,-75.62813587078854
43764,incendio,-7.0273,-76.92
43766,no_incendio,-5.618910457397299,-76.39046295133087
43767,no_incendio,-5.588466979788065,-76.18717580992774
43773,no_incendio,-5.764033944085201,-76.45830778573153
43774,no_incendio,-7.324122621539671,-77.54410654355205
43778,incendio,-6.2873,-76.2205
43783,incendio,-6.1508,-76.0265
43792,no_incendio,-6.930372562741588,-76.24468121546766
43793,incendio,-7.3159,-76.9386
43810,no_incendio,-5.41517785771272,-76.05115692097354
43814,no_incendio,-5.9969306066925245,-75.59395245076587
43817,incendio,-7.3501,-76.0883
43820,no_incendio,-5.300946297144839,-75.60535100286195
43828,incendio,-5.7057,-76.1963
43836,incendio,-6.5488,-75.6802
43837,incendio,-8.5496,-75.6011
43838,incendio,-8.1729,-76.4885
43839,no_incendio,-5.716829315463946,-76.6884283959595
43840,no_incendio,-7.070198196068285,-76.36379595586068
43843,incendio,-6.887,-76.91
43854,no_incendio,-7.409421605310309,-75.83681236527086
43866,incendio,-7.2029,-76.8487
43868,no_incendio,-5.9287884158970305,-76.31836219337158
43878,no_incendio,-7.188266062247751,-75.80338733044515
43887,no_incendio,-6.729806246426535,-76.87013039720924
43889,no_incendio,-6.806373584205248,-76.84212620311408
43902,no_incendio,-6.79327379780416,-76.83578661930616
43908,no_incendio,-6.590618313605878,-75.87293609884875
43923,incendio,-7.3949,-76.7364
43929,incendio,-6.6152,-77.4176
43931,incendio,-6.7581,-76.8091
43934,no_incendio,-5.815055199872086,-76.00054370091742
43944,no_incendio,-7.52893790740652,-77.07253517227397
43949,incendio,-6.867,-76.6127
43953,incendio,-7.5446,-76.5141
43955,no_incendio,-5.993099838060813,-76.1739103851831
43956,no_incendio,-6.929539925837722,-76.05337955826667
43966,no_incendio,-7.592086939740942,-76.80103020899601
43975,no_incendio,-5.693308964023421,-77.38488694411686
43980,incendio,-7.3354,-76.8873
43982,incendio,-7.1937,-76.4988
43984,no_incendio,-5.734144568873576,-75.90585662556418
43985,no_incendio,-5.5797385570843945,-76.68051881795166
43993,no_incendio,-6.774947131584925,-76.00722166007617
43994,no_incendio,-6.324934683730277,-76.81019781469472
43998,incendio,-5.7607,-76.3806
44000,incendio,-6.7804,-76.493
44007,incendio,-5.8394,-77.056
44020,incendio,-7.2404,-77.0617
44023,incendio,-6.3417,-76.0536
44025,no_incendio,-7.119124402863609,-77.37715689078294
44031,no_incendio,-6.442705023956996,-76.30481606512446
44034,incendio,-6.6316,-76.6456
44039,incendio,-6.6766,-77.422
44043,no_incendio,-7.45728200774953,-76.98588787498541
44049,no_incendio,-6.871712261045699,-76.6810612935972
44053,no_incendio,-6.726577938090313,-76.92865414529734
44072,incendio,-5.7166,-76.0721
44081,incendio,-6.6848,-76.7705
44085,no_incendio,-6.752631174647365,-76.89757485609974
44093,no_incendio,-6.327343874329971,-76.29354784738233
44094,no_incendio,-5.8513705657504405,-76.02980196988514
44097,incendio,-6.6845,-76.8528
44105,no_incendio,-7.292464300747621,-76.5588244421564
44112,no_incendio,-6.391692174987462,-77.10791126635735
44116,no_incendio,-7.006429626529349,-76.40821160101947
44119,incendio,-7.2795,-76.0792
44124,incendio,-7.4297,-76.4106
44131,incendio,-8.6134,-76.6078
44135,no_incendio,-6.622512429028128,-75.69288323438259
44144,no_incendio,-6.896612666946929,-75.75338049940235
44156,incendio,-7.2764,-76.6151
44159,incendio,-6.855,-76.4871
44169,incendio,-5.5228,-76.5366
44175,incendio,-6.1871,-75.92
44176,incendio,-8.5286,-76.5138
44180,incendio,-7.2687,-76.6035
44184,incendio,-6.4635,-76.8147
44188,no_incendio,-5.906233795105334,-77.12857966060585
44192,no_incendio,-5.522972759309926,-75.80819311512354
44201,incendio,-8.3643,-77.046
44212,no_incendio,-7.331602369683786,-75.50190770424915
44223,no_incendio,-6.043030962073811,-76.47604236953148
44227,no_incendio,-6.296125170251722,-76.27573079441521
44235,incendio,-7.3846,-76.6033
44239,no_incendio,-7.119124402863609,-77.37715689078294
44240,no_incendio,-6.219703521684984,-76.92758051251145
44243,no_incendio,-5.525519480392893,-76.3183975995799
44244,incendio,-7.3893,-76.4278
44245,incendio,-6.1707,-76.2069
44248,no_incendio,-5.304216028521146,-77.22955638933952
44254,incendio,-6.5326,-77.7663
44259,incendio,-5.7181,-76.2518
44261,no_incendio,-6.22948269148436,-77.46060172999928
44281,incendio,-6.9874,-76.6084
44284,incendio,-6.7462,-76.634
44289,no_incendio,-6.645743757749571,-77.31611856562348
44299,no_incendio,-7.538851524680003,-76.89606525439852
44301,no_incendio,-7.30848813253614,-75.71138002186875
44302,no_incendio,-5.743346331540995,-77.34641722204898
44309,no_incendio,-7.224623096753857,-76.90340581488266
44310,incendio,-6.481,-76.7466
44311,incendio,-8.0441,-76.631
44312,no_incendio,-7.506544236901732,-77.50246102993648
44323,no_incendio,-6.837388041019548,-77.0882269714977
44325,incendio,-7.0748,-76.4942
44332,no_incendio,-6.979813600777688,-77.48470455898823
44335,no_incendio,-6.942054443870175,-75.88451122317879
44341,no_incendio,-5.871232465142917,-76.52596915622884
44343,incendio,-7.5742,-76.3932
44345,no_incendio,-5.702364736345534,-76.72144500150783
44349,no_incendio,-6.162915042417179,-77.15261169414305
44361,incendio,-6.1778,-76.0147
44372,no_incendio,-6.134868701694113,-76.84593822630983
44375,no_incendio,-6.727275952714791,-77.44889142586435
44379,no_incendio,-5.608145245385959,-76.22898397370268
44394,no_incendio,-6.1174086914739405,-75.65121133854548
44403,no_incendio,-6.0017769805371435,-76.54978075200272
44423,incendio,-7.3662,-76.0587
44430,no_incendio,-6.1773004933773406,-76.41533827057219
44432,incendio,-6.1333,-76.3321
44434,no_incendio,-7.142345675518539,-77.26966785367183
44440,incendio,-5.9235,-76.4252
44449,no_incendio,-5.791181789509089,-77.46024775242152
44453,incendio,-7.3159,-75.5791
44455,no_incendio,-6.329066895240967,-77.1289458150613
44456,no_incendio,-5.824960586839608,-76.59374334653756
44461,no_incendio,-6.072304927752775,-76.77556503555117
44462,incendio,-6.2549,-76.6615
44465,no_incendio,-6.416369783766856,-77.46099434503463
44468,no_incendio,-6.376726836973272,-77.35752912688064
44473,incendio,-7.4071,-76.7152
44474,incendio,-6.2844,-75.7867
44476,incendio,-7.3825,-76.5344
44477,no_incendio,-6.161493803649726,-77.185392683239
44482,no_incendio,-6.215385324683509,-77.39247138767627
44483,no_incendio,-6.722977701208728,-76.08504808570892
44488,incendio,-7.1335,-77.0367
44490,incendio,-7.3677,-76.8621
44494,no_incendio,-7.415686202537784,-75.85189468645096
44503,no_incendio,-7.396293728832261,-76.90325278525978
44504,no_incendio,-6.234222668201542,-76.20280713881237
44509,incendio,-6.4954,-76.4821
44515,no_incendio,-5.572804894965716,-76.96734256320798
44516,incendio,-8.3095,-76.3892
44532,no_incendio,-5.576401103022335,-75.65589793985158
44534,incendio,-7.7407,-76.734
44538,incendio,-7.4825,-76.3804
44547,incendio,-6.6747,-76.8844
44555,incendio,-6.1303,-75.7067
44557,no_incendio,-7.010465391222765,-75.64374453725225
44562,incendio,-6.8064,-77.2465
44567,no_incendio,-6.7988040085111265,-76.15084820178622
44569,no_incendio,-6.360714337530349,-76.51313445356357
44572,incendio,-6.2108,-76.2707
44608,no_incendio,-6.6675087326032685,-77.42602403570756
44610,no_incendio,-7.347824110154567,-75.82503332128289
44612,no_incendio,-5.703527630485487,-76.04599898833253
44613,no_incendio,-6.257364517477317,-77.24088667621311
44615,no_incendio,-6.238571072533694,-75.50795501172155
44618,no_incendio,-6.994018548876931,-77.44340810717631
44626,no_incendio,-6.696114207645428,-77.01139322381492
44640,no_incendio,-7.43096053916798,-75.91112977240851
44641,incendio,-6.6854,-77.3569
44642,no_incendio,-6.87454750287368,-76.95714014507665
44643,no_incendio,-6.299525540013742,-76.28555400177144
44650,incendio,-7.3543,-76.0348
44654,incendio,-6.8071,-76.5026
44662,no_incendio,-7.278588939327885,-76.4943759510431
44666,incendio,-8.5514,-75.6044
44668,no_incendio,-5.62998043999866,-76.34952477053923
44670,incendio,-8.1928,-76.3277
44671,incendio,-8.0464,-75.6011
44678,no_incendio,-5.364892363396528,-76.8599043565554
44682,no_incendio,-7.390169812745361,-75.85173982819381
44686,incendio,-6.5489,-75.7047
44687,incendio,-7.6509,-76.4695
44689,no_incendio,-6.838209877352376,-75.74494612497837
44690,no_incendio,-6.631390870435434,-77.17543848057095
44695,no_incendio,-6.256015929782314,-76.34693713254352
44697,no_incendio,-6.026656147123168,-76.76469510540855
44703,no_incendio,-5.756771146595229,-77.41858176231523
44704,incendio,-6.0298,-76.1308
44706,no_incendio,-7.27421571842906,-77.20818796800718
44708,no_incendio,-6.158099214586715,-77.01707847694989
44714,no_incendio,-7.487565239153625,-77.31329030244564
44725,no_incendio,-6.250766771982882,-76.67346707047133
44726,incendio,-8.5368,-75.5107
44728,incendio,-8.0783,-77.5163
44735,no_incendio,-5.648091386764367,-76.0845405608189
44738,no_incendio,-5.7870347665351245,-76.83855785035811
44742,no_incendio,-5.4986752575716835,-76.99704879250469
44746,incendio,-8.2738,-76.6474
44748,no_incendio,-5.930404217360228,-76.53983487852608
44753,no_incendio,-6.693645231607011,-77.00083886723358
44756,no_incendio,-6.679897679386204,-77.34823338283437
44762,no_incendio,-6.741440234624422,-77.09605125719467
44764,no_incendio,-5.594721982840302,-76.73250330554579
44767,incendio,-7.0998,-76.2319
44769,incendio,-5.3189,-76.4912
44781,incendio,-6.0945,-76.2995
44783,incendio,-6.5109,-76.4636
44785,incendio,-7.2986,-76.6478
44787,no_incendio,-6.081920488696037,-77.43393189597795
44793,no_incendio,-6.091674894114575,-77.31779067927825
44805,incendio,-6.6186,-76.6597
44820,no_incendio,-7.433029202252227,-75.6952599290436
44829,incendio,-8.4817,-76.2346
44832,no_incendio,-6.026471909112164,-76.38280873739679
44848,no_incendio,-5.619318348217799,-76.76258506679603
44856,no_incendio,-5.632876376439432,-77.16339501604922
44862,no_incendio,-5.747289104744423,-76.88274608576704
44863,incendio,-8.2133,-77.5516
44869,no_incendio,-6.541834413903653,-76.37649272286701
44873,no_incendio,-6.236752944768423,-75.59185038594902
44877,incendio,-7.0768,-76.5846
44882,incendio,-5.3518,-76.776
44883,no_incendio,-7.285979665021611,-76.94332213408417
44886,incendio,-6.1336,-76.4261
44889,no_incendio,-5.41267692948794,-75.94332607139869
44892,incendio,-7.6606,-76.5021
44893,incendio,-7.0378,-76.858
44894,no_incendio,-7.036314510603764,-76.32413479957033
44895,no_incendio,-6.425556209293201,-75.70279330371295
44896,no_incendio,-5.329749843854847,-75.71078811690217
44919,incendio,-6.0792,-76.228
44920,no_incendio,-6.940699761996049,-76.26181884160466
44921,incendio,-6.154,-76.1498
44923,no_incendio,-5.99701125020352,-76.97976479165838
44928,incendio,-6.9001,-76.9445
44930,no_incendio,-7.4438050568529475,-75.8809717620132
44947,incendio,-5.9742,-76.464
44950,incendio,-7.5914,-76.5905
44955,no_incendio,-7.242465202325818,-76.82313227202141
44959,no_incendio,-7.347666513055251,-77.19530347019538
44961,incendio,-7.1861,-76.3045
44966,incendio,-7.4187,-76.408
44976,incendio,-7.5072,-76.602
44981,no_incendio,-6.768246356022148,-77.34898684785115
44983,no_incendio,-7.175345171516485,-76.32071616128651
44986,incendio,-6.4915,-76.3533
44989,incendio,-7.6087,-76.5321
44996,incendio,-6.0002,-77.0889
44999,no_incendio,-5.559553740329016,-76.98206356543957
45012,no_incendio,-5.68462514388274,-76.77383589546262
45016,incendio,-7.5693,-76.4814
45025,incendio,-7.2574,-76.3372
45026,incendio,-7.327,-76.6289
45033,incendio,-8.4905,-76.4404
45036,no_incendio,-7.1977592020733425,-77.03415799769597
45040,no_incendio,-5.316700367183811,-76.26596491615018
45061,incendio,-7.1489,-76.6167
45062,no_incendio,-7.0805818707385395,-75.71658427890108
45069,incendio,-7.6559,-76.5268
45072,incendio,-6.6107,-75.7009
45073,no_incendio,-7.459517004149713,-75.65348895495933
45075,no_incendio,-6.350208583490028,-76.38539627900366
45086,no_incendio,-6.843242986862935,-76.83119639273687
45088,incendio,-6.5827,-76.4998
45093,incendio,-7.1819,-76.3511
45099,no_incendio,-7.359360612224768,-76.78029054350944
45101,no_incendio,-6.3737423006602185,-77.16577350376646
45128,no_incendio,-6.253426709313807,-77.08659131097349
45132,no_incendio,-6.298521477567302,-76.20182358446478
45134,no_incendio,-7.278588939327885,-76.4943759510431
45135,no_incendio,-7.3138551861663785,-76.44974049103283
45137,no_incendio,-6.333472406743339,-75.64833382378124
45138,incendio,-7.1082,-77.068
45146,incendio,-8.5818,-76.2962
45147,no_incendio,-5.7462072862910665,-75.82239791523867
45155,no_incendio,-5.60683404112794,-77.27867668965091
45160,incendio,-7.4205,-76.3736
45161,no_incendio,-7.021631546381363,-76.8111659595044
45163,no_incendio,-5.382544750033527,-75.77853597502654
45174,no_incendio,-6.0254636524537775,-76.26070791675792
45176,no_incendio,-5.599508739006035,-77.02715299547113
45179,no_incendio,-6.948889791528075,-76.04658173737485
45182,incendio,-5.8523,-76.3618
45185,incendio,-5.6294,-76.6124
45187,no_incendio,-6.501773263941807,-76.20873227680231
45193,no_incendio,-6.446499470618798,-75.63834110129498
45207,incendio,-6.9499,-76.8683
45211,no_incendio,-5.356858559279738,-76.9184573866197
45212,no_incendio,-5.655403371061297,-77.22066038141541
45218,incendio,-7.3833,-76.5357
45219,no_incendio,-7.23268535501901,-75.71791421763211
45224,no_incendio,-7.537645825070388,-77.33447245653781
45242,incendio,-8.1622,-76.6204
45244,incendio,-6.8736,-76.171
45247,no_incendio,-6.745283632589781,-76.33682715106067
45254,incendio,-6.386,-76.5908
45257,no_incendio,-5.562529025700048,-76.57485709284715
45261,incendio,-7.3638,-76.8454
45267,no_incendio,-6.360887636963093,-77.10755017823716
45280,no_incendio,-5.875159377973664,-77.1185525314163
45283,no_incendio,-5.501045309864604,-77.33293151035834
45306,no_incendio,-6.042014186508827,-75.97046946062136
45309,no_incendio,-6.200171336468845,-76.47517852395984
45311,incendio,-8.6596,-76.4115
45318,incendio,-7.2054,-76.8782
45338,incendio,-5.7616,-75.9444
45342,incendio,-6.583,-77.3288
45346,incendio,-5.9832,-77.0769
45355,no_incendio,-7.288317129023355,-76.62295810073671
45356,no_incendio,-5.323979357908248,-75.76496426046252
45382,no_incendio,-7.468820255868223,-76.21884389702247
45386,no_incendio,-7.378012032391012,-77.45917085361808
45390,no_incendio,-7.192676000546934,-77.13476748134192
45393,incendio,-7.0058,-76.5851
45402,no_incendio,-5.775752820945428,-75.77309666724678
45406,incendio,-7.5916,-76.5507
45417,incendio,-5.806,-76.5763
45422,no_incendio,-7.322683908671553,-75.62004317838583
45425,no_incendio,-5.617689246248104,-77.03996515250137
45430,no_incendio,-7.137713754276464,-76.43208640903742
45433,incendio,-7.4813,-76.6779
45440,no_incendio,-5.450455855055424,-76.00497644122908
45442,incendio,-6.0436,-75.8021
45447,incendio,-5.8032,-76.3611
45463,no_incendio,-7.52893790740652,-77.07253517227397
45465,incendio,-6.5624,-77.4968
45467,incendio,-7.1203,-77.7176
45472,no_incendio,-6.914205717609276,-76.21644962030662
45473,no_incendio,-6.050469228584658,-76.73736427886188
45477,incendio,-7.0516,-77.0724
45485,incendio,-7.3592,-76.0621
45487,incendio,-5.9796,-76.306
45491,incendio,-7.1467,-76.8514
45494,incendio,-8.6868,-76.2741
45499,incendio,-7.7544,-76.7629
45511,incendio,-7.9031,-76.6848
45516,incendio,-7.6047,-76.6046
45519,no_incendio,-5.752288568187965,-75.61867904444058
45522,incendio,-8.6508,-76.1425
45523,incendio,-8.5078,-76.215
45529,incendio,-6.3166,-76.1806
45530,no_incendio,-5.322335273054225,-75.66988823532402
45538,incendio,-6.4902,-76.351
45546,no_incendio,-7.115248664865674,-76.07912965420722
45551,incendio,-6.6584,-76.6377
45552,incendio,-6.6527,-77.5264
45558,incendio,-5.6947,-76.6653
45560,incendio,-8.5436,-76.5206
45569,no_incendio,-6.693645231607011,-77.00083886723358
45571,incendio,-7.1706,-76.2799
45572,no_incendio,-6.892866951927303,-75.87172300219687
45575,no_incendio,-5.933819847140226,-76.39063203845332
45582,incendio,-8.3984,-76.4628
45594,no_incendio,-7.206553379936274,-76.41990893868237
45598,no_incendio,-7.5636797148906325,-76.80582387525504
45599,no_incendio,-6.56442664767728,-76.08300934140289
45601,incendio,-5.6669,-75.8232
45607,no_incendio,-7.3664786483523805,-76.23130655990323
45621,no_incendio,-7.506544236901732,-77.50246102993648
45625,incendio,-7.6431,-76.6383
45626,incendio,-8.2627,-76.4703
45630,incendio,-7.0765,-76.8897
45631,no_incendio,-5.796164972487043,-76.72449599512143
45635,incendio,-7.0503,-76.6158
45640,incendio,-7.0673,-76.8535
45643,no_incendio,-6.974678823081742,-77.45775985292939
45647,no_incendio,-6.730142477692188,-76.45478701398325
45649,incendio,-7.5181,-76.1992
45659,incendio,-5.5535,-76.6907
45662,no_incendio,-5.911980434774437,-76.07407858450021
45670,no_incendio,-6.895407353104692,-76.79676810992372
45671,no_incendio,-6.3427644504242675,-77.35180398852548
45684,no_incendio,-7.314921869709458,-75.6262107073791
45690,incendio,-7.5835,-76.8225
45691,no_incendio,-6.23470396402255,-76.94332145347941
45696,no_incendio,-6.856229226903604,-75.880120110949
45697,no_incendio,-6.797587829172456,-76.96085855036651
45700,incendio,-7.521,-77.6062
45701,no_incendio,-5.5369399299131885,-77.31171501653961
45710,incendio,-7.6805,-76.4988
45711,incendio,-5.7532,-76.6286
45722,no_incendio,-6.923574495814878,-76.96137100911855
45723,incendio,-7.4088,-76.8726
45738,incendio,-8.52,-76.4267
45745,no_incendio,-7.391395621025486,-76.825979662233
45750,incendio,-7.0324,-76.1823
45756,no_incendio,-6.902373213948052,-75.80243684170989
45758,no_incendio,-6.687814799910479,-75.56700420232013
45766,no_incendio,-6.167876331105529,-76.10362029847187
45771,incendio,-7.43,-76.6222
45772,no_incendio,-7.1439208952470965,-77.38092521559295
45777,no_incendio,-7.304318403936466,-76.8341795441283
45779,no_incendio,-6.991300272279587,-76.75580323161067
45780,incendio,-8.1941,-76.5153
45785,no_incendio,-7.26944697761503,-76.97064413485722
45792,no_incendio,-7.4143617918638425,-76.41255499623206
45794,no_incendio,-6.85257481056394,-76.48694884372748
45795,incendio,-7.4857,-76.5504
45801,incendio,-8.5997,-76.3971
45819,incendio,-7.5652,-76.8453
45826,no_incendio,-7.502611835705684,-75.74342232378346
45830,incendio,-7.0409,-76.8701
45838,no_incendio,-5.89446781447664,-77.22849214912743
45840,no_incendio,-6.677016361068433,-76.35596462138518
45843,incendio,-7.8721,-76.684
45859,incendio,-8.4124,-76.4521
45862,incendio,-7.348,-76.6806
45872,no_incendio,-5.389176452484517,-75.81151917065094
45900,no_incendio,-6.99869942925542,-76.8613209261512
45904,incendio,-6.6535,-77.4638
45905,incendio,-6.8097,-76.5303
45908,no_incendio,-7.53303009358015,-76.30539007678105
45917,incendio,-8.0033,-76.6581
45926,no_incendio,-5.902840695958739,-77.46595018427229
45931,no_incendio,-6.642584248060827,-75.75075985956546
45938,no_incendio,-7.30848813253614,-75.71138002186875
45939,incendio,-6.4901,-76.5554
45946,no_incendio,-7.298951884711561,-75.8714337322258
45961,incendio,-8.7762,-76.3009
45962,incendio,-7.4549,-76.572
45969,incendio,-6.4548,-76.579
45971,incendio,-7.1647,-76.3693
45975,incendio,-6.8721,-76.8885
45980,incendio,-5.9345,-76.2754
45982,incendio,-7.0363,-76.669
45994,no_incendio,-7.0287390386317705,-77.03724597379518
45999,no_incendio,-5.987623594847527,-77.50895445827787
46004,incendio,-8.7659,-76.2846
46010,no_incendio,-6.987442347939161,-77.51096806537585
46019,no_incendio,-6.146925317432729,-76.25875565214055
46030,no_incendio,-7.543933320998928,-76.49404370294074
46033,incendio,-7.4074,-76.6894
46036,incendio,-5.9283,-75.7471
46038,incendio,-5.7206,-76.3839
46041,no_incendio,-6.5875457295775695,-76.60562453766775
46044,incendio,-5.9564,-75.9027
46046,incendio,-6.2306,-77.7932
46047,incendio,-5.3769,-76.7904
46053,incendio,-8.216,-76.5976
46058,no_incendio,-5.807017349001207,-75.61769536103809
46062,no_incendio,-6.795665285445913,-76.70031335032672
46078,no_incendio,-6.937667134670242,-75.79567614590403
46087,no_incendio,-6.525952464139444,-76.13787075319888
46101,no_incendio,-6.490435100183895,-76.04212659409674
46125,incendio,-5.841,-76.2308
46130,incendio,-7.4088,-77.657
46137,no_incendio,-5.546093305557506,-76.96305959318578
46143,incendio,-5.6651,-75.8784
46151,incendio,-6.0947,-75.8023
46156,incendio,-6.1197,-75.9405
46158,no_incendio,-6.758060268510353,-77.51884776551792
46161,incendio,-6.7417,-77.3465
46167,no_incendio,-6.4800299159294745,-75.86986955910662
46176,no_incendio,-5.617689246248104,-77.03996515250137
46199,incendio,-7.5871,-76.498
46206,incendio,-8.576,-76.256
46211,no_incendio,-7.38891296125344,-75.60819465870141
46215,no_incendio,-6.558646082464617,-76.16096804971144
46219,incendio,-8.6253,-76.4452
46223,no_incendio,-6.402069451962711,-76.21591146142134
46224,incendio,-7.3631,-76.6222
46225,no_incendio,-5.733329701316475,-76.97970479241751
46226,incendio,-6.4875,-76.3646
46235,incendio,-6.4801,-76.8224
46239,no_incendio,-6.394447416910339,-77.43791713673666
46244,incendio,-8.3547,-76.4002
46246,incendio,-6.8012,-76.4871
46262,incendio,-7.3,-76.1121
46293,no_incendio,-7.381229378022176,-76.50096695875145
46294,no_incendio,-6.456445234793438,-77.37382860861014
46298,no_incendio,-7.500619459820059,-77.36318050509186
46299,no_incendio,-6.963743688695052,-77.15890290229473
46306,incendio,-7.4974,-76.4454
46309,no_incendio,-6.877247924736086,-76.70115338296226
46310,incendio,-8.1775,-77.0576
46331,incendio,-7.7169,-76.7407
46340,incendio,-8.024,-76.6694
46347,incendio,-6.9794,-76.1938
46348,incendio,-5.8326,-76.2105
46353,no_incendio,-5.406105166280382,-76.83363539988324
46356,incendio,-6.76,-76.6834
46357,no_incendio,-5.690666241525762,-76.5831246635922
46365,incendio,-6.245,-76.2049
46369,incendio,-6.2334,-76.1111
46370,incendio,-5.6997,-76.1511
46373,no_incendio,-5.586947404667705,-76.96796502244129
46383,incendio,-6.218,-75.798
46387,no_incendio,-5.709919403753175,-77.18915952963572
46390,incendio,-7.0888,-76.9475
46391,no_incendio,-6.185102706019143,-75.78932803542219
46392,no_incendio,-5.482360092898033,-75.75875593827813
46399,incendio,-7.3699,-76.8973
46400,incendio,-6.217,-75.9572
46405,incendio,-7.0972,-76.9865
46414,no_incendio,-6.3065520769299415,-76.52048775212563
46422,incendio,-7.4229,-76.5478
46427,no_incendio,-7.0287390386317705,-77.03724597379518
46430,incendio,-7.005,-76.6237
46431,incendio,-7.7186,-76.5
46439,incendio,-8.326,-77.3515
46450,incendio,-7.2409,-76.6301
46456,no_incendio,-6.351517341637376,-77.31017116176967
46465,incendio,-6.755,-76.5703
46470,incendio,-8.4344,-76.3037
46472,incendio,-6.4954,-75.7545
46481,no_incendio,-6.9973012484497445,-77.4510550557952
46499,incendio,-7.2451,-76.3924
46503,no_incendio,-6.1773004933773406,-76.41533827057219
46511,no_incendio,-5.676274225134516,-77.28318396900629
46516,no_incendio,-5.815206419164588,-75.9840705047973
46523,no_incendio,-5.636338028013915,-75.57133657890496
46527,incendio,-6.8583,-76.5079
46533,no_incendio,-5.748428283636171,-75.60096771532396
46534,no_incendio,-5.971724397201385,-75.87816764029395
46535,incendio,-7.9884,-75.5708
46537,no_incendio,-6.738442276906446,-76.26128977675305
46539,no_incendio,-5.67746740794027,-76.11677597680215
46540,no_incendio,-5.668562711065817,-75.61105576661728
46548,no_incendio,-6.961563570088446,-77.02222304631809
46553,no_incendio,-7.217722844984081,-77.2235426849214
46562,no_incendio,-5.637143675477756,-76.46390106880192
46565,no_incendio,-5.360774716680023,-76.65130740948035
46567,no_incendio,-6.125949661803806,-77.27004912325427
46568,no_incendio,-6.3823444451531675,-76.72222524088096
46573,no_incendio,-6.572959136388864,-76.70713570582085
46576,no_incendio,-7.1205154593131565,-76.76326173892171
46579,no_incendio,-7.019065477801208,-77.45420422372614
46587,incendio,-5.434,-76.8347
46588,incendio,-6.1349,-75.7044
46604,no_incendio,-6.74885592845062,-76.02672128613708
46606,no_incendio,-7.584063938890335,-77.08532363724217
46607,incendio,-6.4177,-75.7387
46610,no_incendio,-5.6976044499375105,-76.64278583121316
46614,incendio,-7.9771,-77.5908
46615,incendio,-8.2207,-76.988
46618,incendio,-7.4215,-76.6349
46622,incendio,-7.0316,-76.9155
46626,incendio,-7.7174,-76.7311
46632,no_incendio,-7.391919899350189,-76.53710558307176
46647,no_incendio,-6.641370996240543,-76.27210728920325
46651,incendio,-8.4308,-77.7877
46657,no_incendio,-6.479517291884607,-77.31045667927476
46662,incendio,-8.4692,-76.988
46682,no_incendio,-6.992873718796428,-77.40735326396366
46690,no_incendio,-5.426612634680184,-75.58435399600397
46703,no_incendio,-6.377843437674785,-75.69894560383477
46706,no_incendio,-7.38891296125344,-75.60819465870141
46707,no_incendio,-5.353246300739066,-75.96334736686653
46709,incendio,-6.1684,-76.2691
46714,incendio,-6.1889,-75.9294
46717,no_incendio,-6.064968975705764,-75.80158619111924
46729,no_incendio,-5.498957925752801,-76.23819839749541
46734,no_incendio,-7.53821724475927,-77.34792258266398
46738,incendio,-8.3057,-76.6469
46746,no_incendio,-5.734596234605278,-76.54404736792905
46748,no_incendio,-6.189900798297541,-77.11922448268243
46750,no_incendio,-7.301995634610949,-77.3052348248029
46756,incendio,-5.9007,-76.2736
46757,incendio,-6.7022,-76.4988
46758,incendio,-6.0527,-76.2098
46766,incendio,-7.57,-76.3489
46767,no_incendio,-7.324938939394847,-75.95193264911674
46777,incendio,-6.0368,-76.976
46783,no_incendio,-6.664383213747135,-77.16631140190985
46790,incendio,-8.6801,-76.7986
46796,incendio,-6.1535,-76.8301
46801,no_incendio,-6.249559347527708,-77.38514191347497
46802,incendio,-7.3436,-76.8951
46813,incendio,-7.1689,-76.2285
46817,no_incendio,-6.158099214586715,-77.01707847694989
46820,incendio,-7.1904,-77.0238
46822,no_incendio,-5.659847709526774,-75.83935663792408
46829,incendio,-5.5906,-76.6598
46831,incendio,-6.6716,-76.7547
46842,incendio,-5.9914,-77.2745
46848,no_incendio,-6.201637039608355,-76.63859765076462
46851,no_incendio,-6.208571378644004,-77.08847372883292
46855,incendio,-7.328,-76.3671
46874,incendio,-5.7264,-77.406
46876,incendio,-8.446,-76.2786
46880,incendio,-6.9147,-76.6142
46887,no_incendio,-6.36044395346056,-75.72277954497737
46898,incendio,-7.2945,-76.2393
46906,no_incendio,-5.362697688980843,-76.37235425327088
46908,no_incendio,-5.544976635100384,-76.33130727413504
46921,incendio,-8.607,-76.3061
46923,no_incendio,-7.200090625449649,-75.973583692229
46930,incendio,-7.8743,-76.7065
46938,incendio,-6.5514,-76.7365
46944,incendio,-6.4762,-76.8092
46945,incendio,-6.5478,-75.7027
46949,incendio,-6.7829,-76.6643
46956,incendio,-7.3091,-77.067
46967,incendio,-7.4051,-76.7217
46971,incendio,-5.7332,-75.823
46981,no_incendio,-5.393627530051222,-76.7881303458327
46985,no_incendio,-6.6675087326032685,-77.42602403570756
46988,no_incendio,-7.059198382146936,-75.77593999522976
46994,no_incendio,-6.586264053943194,-75.6879198104013
46997,incendio,-6.5542,-75.6764
47003,no_incendio,-6.242683257012905,-77.09272695265327
47005,no_incendio,-7.205543641449294,-77.21195261449198
47009,incendio,-7.0675,-77.0635
47010,no_incendio,-6.368662376296837,-77.03036089290791
47011,incendio,-6.3233,-75.897
47012,no_incendio,-5.784820775425025,-76.88322925526231
47015,incendio,-6.3092,-75.9485
47017,no_incendio,-7.346936014424016,-77.24612328998047
47022,no_incendio,-6.469524270312644,-76.04017356223993
47042,incendio,-5.9018,-75.9407
47048,no_incendio,-6.09087742872903,-76.39432793529913
47051,incendio,-7.6643,-76.4859
47055,no_incendio,-6.000321843594466,-77.16959710695784
47057,incendio,-5.9034,-75.581
47070,no_incendio,-7.308376267427788,-75.72020744008876
47073,incendio,-6.8286,-76.8034
47075,no_incendio,-5.457985826162461,-76.51538649315398
47077,incendio,-7.5439,-76.4461
47078,no_incendio,-6.060981828013205,-76.61589601950963
47079,no_incendio,-5.7103480025675015,-77.41410373684516
47083,incendio,-7.1745,-76.6589
47088,incendio,-5.8189,-76.5216
47089,no_incendio,-7.433029202252227,-75.6952599290436
47094,incendio,-7.1313,-76.471
47097,no_incendio,-7.3226422677593845,-76.0064093237638
47100,incendio,-7.2262,-76.1886
47102,incendio,-7.257,-76.1941
47107,no_incendio,-6.931054749326789,-77.2760800084336
47111,incendio,-8.621,-76.7132
47112,incendio,-7.6724,-76.4958
47124,incendio,-6.281,-75.9198
47130,no_incendio,-6.756685989962618,-75.83002754028344
47139,incendio,-6.3262,-75.8854
47147,no_incendio,-6.980328156805363,-75.58165966551039
47148,incendio,-6.06,-75.8499
47150,no_incendio,-6.350208583490028,-76.38539627900366
47154,no_incendio,-6.402507911708669,-75.63264270737905
47163,no_incendio,-7.468820255868223,-76.21884389702247
47172,incendio,-8.7996,-76.1988
47179,no_incendio,-5.906180880379202,-75.93802228835084
47188,no_incendio,-5.382192721085108,-75.80513455395052
47198,no_incendio,-6.1419091354730675,-76.8668930112328
47199,incendio,-6.8368,-76.4401
47202,incendio,-8.6205,-76.6837
47206,no_incendio,-6.199486560201427,-77.4221153051421
47211,incendio,-6.4466,-76.8673
47212,incendio,-5.9353,-76.2675
47215,incendio,-7.9404,-76.6957
47231,no_incendio,-7.475453840000244,-77.09283995143899
47233,no_incendio,-6.040675081738544,-76.88692151022694
47246,incendio,-7.5757,-76.7118
47248,no_incendio,-7.108956430874631,-75.5028524515191
47251,no_incendio,-7.017817860779479,-76.95461934375838
47252,no_incendio,-7.311635265992554,-75.85999069910886
47260,incendio,-7.449,-76.6172
47262,no_incendio,-7.6003471250061425,-76.18857699535684
47263,no_incendio,-6.427611857268102,-77.39761535548438
47266,incendio,-7.4338,-76.6204
47282,no_incendio,-7.396034749471958,-77.09104434205882
47295,incendio,-7.32,-76.7578
47308,incendio,-8.534,-76.1997
47311,incendio,-7.3623,-76.7407
47315,no_incendio,-5.371121123003669,-76.78705780536207
47317,no_incendio,-6.623625617650361,-76.4412657181978
47324,no_incendio,-5.369357026240305,-77.2031702822179
47331,no_incendio,-5.646223843039662,-77.22265388647651
47333,incendio,-7.5043,-76.463
47336,no_incendio,-5.701243653353404,-77.51137584362479
47338,no_incendio,-6.74885592845062,-76.02672128613708
47340,incendio,-7.0526,-76.6818
47343,incendio,-7.6506,-76.6813
47350,incendio,-8.2661,-76.5984
47352,incendio,-7.9533,-76.7511
47364,incendio,-6.0222,-76.1199
47365,no_incendio,-7.331602369683786,-75.50190770424915
47371,incendio,-7.0252,-76.7951
47374,no_incendio,-7.597875070160168,-76.24368895263702
47375,no_incendio,-7.259025792408945,-76.1069982504593
47376,no_incendio,-5.8084744858353705,-77.25537544416976
47381,incendio,-7.1557,-76.1486
47387,incendio,-6.0929,-75.7891
47393,no_incendio,-5.780675568523146,-77.4440499191556
47394,no_incendio,-5.863095020713222,-75.7889986714283
47395,incendio,-6.3838,-76.576
47396,incendio,-7.3431,-76.9419
47400,no_incendio,-5.91369294253363,-76.91673941934057
47409,incendio,-7.341,-76.556
47422,incendio,-5.6978,-76.4655
47432,no_incendio,-5.5750859368578904,-77.18888026677212
47433,incendio,-6.2662,-75.8155
47436,no_incendio,-6.66782718852246,-77.11974959426693
47446,incendio,-7.1072,-76.2306
47456,no_incendio,-6.833720284532176,-77.09053083344739
47464,no_incendio,-5.991944937539925,-75.60778625331145
47466,no_incendio,-6.971818693744163,-76.01229344920435
47468,incendio,-6.2209,-76.0782
47483,no_incendio,-7.308376267427788,-75.72020744008876
47494,incendio,-6.9434,-76.9253
47497,incendio,-7.4316,-76.5568
47508,no_incendio,-7.208517788052751,-77.27726682011853
47513,incendio,-6.6225,-76.6652
47514,no_incendio,-6.788644402631232,-76.08655221338569
47516,incendio,-7.3334,-76.0566
47522,incendio,-7.0242,-76.3447
47530,no_incendio,-6.731898455104795,-77.28317456533246
47534,no_incendio,-7.047404652384161,-75.9921217029406
47546,no_incendio,-5.855088798772725,-76.8781669555971
47547,incendio,-6.4701,-75.7952
47559,no_incendio,-6.437468171319466,-76.61472481016831
47564,no_incendio,-5.824960586839608,-76.59374334653756
47568,incendio,-6.7893,-76.2663
47572,no_incendio,-6.791553468522542,-76.19850061841751
47576,incendio,-8.5869,-77.4919
47578,incendio,-7.1237,-76.0722
47586,incendio,-7.4467,-76.4022
47591,incendio,-8.5129,-77.5475
47598,no_incendio,-6.542252546530441,-76.69178298792589
47599,no_incendio,-6.887626631829371,-77.285374555124
47604,incendio,-8.0033,-77.7787
47613,incendio,-8.6416,-76.2918
47625,no_incendio,-6.580708866740203,-77.30463518466154
47629,no_incendio,-5.525519480392893,-76.3183975995799
47631,incendio,-6.3569,-76.5798
47635,no_incendio,-6.555810705714814,-75.58765246403257
47653,no_incendio,-6.30212067741681,-77.20947071632679
47654,incendio,-7.3141,-76.7026
47657,incendio,-7.0335,-76.6487
47658,incendio,-6.0892,-76.0091
47660,incendio,-6.9486,-76.2227
47663,no_incendio,-5.976273966695589,-76.89556075922386
47664,no_incendio,-7.4055258629962415,-75.72836594706017
47665,incendio,-7.1284,-76.619
47672,no_incendio,-5.829668681149241,-76.34423254304822
47673,incendio,-6.6622,-77.4746
47685,no_incendio,-5.695046426207607,-76.82428560854454
47692,no_incendio,-5.966007765722613,-76.02339603474364
47695,no_incendio,-6.447996016247126,-77.41234607167007
47708,no_incendio,-6.796333772184817,-76.78935654696676
47713,no_incendio,-5.867404604520736,-75.92995443578674
47718,incendio,-7.2878,-76.6392
47726,incendio,-8.0592,-75.6215
47731,incendio,-6.5742,-76.0337
47733,no_incendio,-7.208457886315255,-75.76495343289794
47746,no_incendio,-6.564880133008887,-76.55893266226474
47747,incendio,-8.7372,-76.162
47750,incendio,-7.5539,-76.5978
47759,no_incendio,-7.082610644878744,-76.41583738866235
47764,incendio,-7.1631,-76.5366
47775,incendio,-8.5588,-76.4138
47787,incendio,-7.31,-76.1251
47795,no_incendio,-6.991871137907023,-76.86560292258433
47801,no_incendio,-7.547362899320046,-75.73565468655677
47805,no_incendio,-5.577290052521281,-76.32966434490925
47815,no_incendio,-6.568678711242536,-76.46161690496696
47826,incendio,-8.0567,-76.714
47827,incendio,-5.9817,-77.0879
47832,no_incendio,-6.081693229189671,-76.04554760839422
47839,incendio,-6.9525,-76.516
47848,incendio,-7.2042,-76.8437
47858,no_incendio,-5.62794321017974,-76.97851232659868
47865,incendio,-8.669,-76.2907
47872,incendio,-7.4591,-76.5297
47879,no_incendio,-7.216614993286788,-77.03461698814449
47884,incendio,-7.3095,-76.6763
47892,incendio,-7.5953,-76.4684
47893,no_incendio,-6.8824524173967765,-77.12203229237878
47902,no_incendio,-5.426612634680184,-75.58435399600397
47903,incendio,-7.2635,-76.8291
47904,incendio,-6.8599,-76.5917
47908,incendio,-5.789,-76.3969
47916,incendio,-7.1875,-76.3144
47927,incendio,-6.2081,-77.1347
47932,no_incendio,-5.784820775425025,-76.88322925526231
47934,incendio,-7.2627,-76.6168
47943,no_incendio,-7.251053016973333,-77.43482372064443
47944,incendio,-7.2072,-76.2525
47945,no_incendio,-6.796720182530489,-75.69073110670904
47957,no_incendio,-6.053663067143272,-77.25400416625581
47959,incendio,-7.5803,-76.3949
47961,incendio,-5.725,-76.2029
47963,no_incendio,-6.260923080518788,-75.61074627640608
47964,no_incendio,-5.437451651862052,-75.53119555354411
47966,no_incendio,-5.4324592687941,-76.16239104777486
47968,no_incendio,-5.362697688980843,-76.37235425327088
47970,no_incendio,-7.289453419528988,-76.70433724655702
47979,incendio,-8.6833,-76.3488
47983,incendio,-7.3242,-76.9419
47987,incendio,-7.0064,-76.7297
47989,incendio,-6.8696,-76.7916
47992,no_incendio,-6.606179550023269,-77.17612767759138
47997,incendio,-7.2584,-76.2035
48001,no_incendio,-7.5702550538704605,-75.67821320807053
48007,incendio,-7.2721,-76.9382
48017,incendio,-6.5557,-76.2905
48026,no_incendio,-7.44968802750322,-77.23116283334409
48028,no_incendio,-5.901388111394365,-75.87645660870008
48031,no_incendio,-5.525266717128592,-75.70624108601852
48038,incendio,-7.881,-77.7248
48044,incendio,-6.2745,-75.8356
48053,incendio,-6.8689,-76.5904
48054,no_incendio,-7.517330043663011,-76.85538614453351
48056,incendio,-7.445,-76.2606
48066,incendio,-7.2739,-76.4136
48076,no_incendio,-5.739545483497391,-76.77757497448552
48079,no_incendio,-6.775595026700855,-77.38152365692504
48091,incendio,-7.1322,-76.4108
48093,incendio,-7.5988,-76.6803
48095,no_incendio,-6.896612666946929,-75.75338049940235
48101,no_incendio,-7.282016752291952,-75.89864347181351
48102,incendio,-8.1378,-76.442
48103,incendio,-6.411,-75.8703
48108,incendio,-6.6771,-76.646
48123,no_incendio,-7.464502353788052,-77.51392837949253
48126,no_incendio,-6.174948624269397,-76.36859139619342
48130,no_incendio,-6.350208583490028,-76.38539627900366
48162,incendio,-8.5824,-76.3803
48163,no_incendio,-6.5273014114668,-77.07055670023018
48169,no_incendio,-7.227645324559791,-75.66978466195862
48171,no_incendio,-5.849265187399489,-77.52081578278697
48172,no_incendio,-5.525473635438348,-76.97243620940135
48174,no_incendio,-7.450227101420001,-77.22165209135423
48175,no_incendio,-7.225892265359727,-76.0093087691897
48176,no_incendio,-5.618910457397299,-76.39046295133087
48180,incendio,-6.0503,-76.3697
48181,no_incendio,-5.49005851410074,-77.39191865885853
48185,no_incendio,-5.695046426207607,-76.82428560854454
48187,incendio,-8.1237,-76.5214
48190,no_incendio,-7.333298288226105,-76.42146225481947
48191,incendio,-5.8254,-76.0405
48192,no_incendio,-6.129131664861193,-76.45649977733511
48193,no_incendio,-6.727604587458214,-76.26589680418019
48194,incendio,-5.7037,-76.2411
48203,no_incendio,-6.480391966428419,-77.42730148887621
48204,no_incendio,-6.596577810973727,-76.74231910069577
48208,no_incendio,-7.0026426990635535,-77.36552672269332
48212,incendio,-7.0932,-76.3632
48215,incendio,-7.3006,-76.9781
48217,no_incendio,-6.770535932670912,-77.17143392593205
48218,incendio,-5.3365,-76.5215
48231,incendio,-8.5373,-77.029
48232,no_incendio,-5.734144568873576,-75.90585662556418
48234,incendio,-6.8587,-76.6255
48235,no_incendio,-6.216596629515713,-76.33055988016247
48241,incendio,-6.9803,-76.3391
48250,no_incendio,-6.730142477692188,-76.45478701398325
48260,no_incendio,-5.652384048618223,-75.53477074714212
48265,incendio,-6.6204,-76.41
48269,no_incendio,-6.426707190480592,-75.93955631582219
48270,no_incendio,-6.602549423318465,-77.00681560184587
48278,incendio,-8.4776,-76.2144
48282,incendio,-7.1619,-76.3152
48287,no_incendio,-6.397916753583541,-76.88339705526924
48288,incendio,-7.236,-77.5913
48296,no_incendio,-6.238722534494159,-76.96599757551694
48300,no_incendio,-7.289453419528988,-76.70433724655702
48307,no_incendio,-6.378904304384582,-76.46012370931685
48311,no_incendio,-5.349324419297768,-77.32630960187535
48312,no_incendio,-5.8332062747008715,-77.144406205254
48313,no_incendio,-6.037617039183259,-75.8633441160442
48314,no_incendio,-6.638936461882343,-76.98044793632914
48315,no_incendio,-6.254046612679011,-76.94445690037632
48326,no_incendio,-7.038481344593258,-77.380855509791
48328,no_incendio,-6.167876331105529,-76.10362029847187
48335,no_incendio,-6.694264893002906,-76.05015609684683
48341,incendio,-6.5935,-76.5827
48343,incendio,-6.0458,-77.1088
48373,no_incendio,-7.521089953660397,-76.50586647383346
48378,incendio,-5.738,-77.4186
48380,incendio,-7.3686,-76.4202
48382,no_incendio,-6.081931713189248,-77.21688851873837
48397,no_incendio,-6.2234750512942,-76.15839430304165
48401,incendio,-6.8534,-76.8904
48403,no_incendio,-5.500738315784995,-75.59662427893288
48404,incendio,-7.3375,-76.1604
48416,no_incendio,-7.446777051363318,-75.55823277277759
48418,no_incendio,-5.936332555331325,-76.83179580754164
48422,incendio,-6.5414,-76.3397
48428,no_incendio,-5.316700367183811,-76.26596491615018
48429,no_incendio,-6.671769405587168,-77.2003294261131
48431,incendio,-5.7955,-76.1435
48439,no_incendio,-5.712986091901971,-76.69466982249243
48444,incendio,-7.3326,-76.8158
48445,no_incendio,-6.974678823081742,-77.45775985292939
48446,incendio,-7.8943,-76.7864
48452,incendio,-6.3672,-75.7215
48458,no_incendio,-6.653744086369802,-76.88423091911557
48462,no_incendio,-5.450455855055424,-76.00497644122908
48465,no_incendio,-5.455465993485473,-76.16419328270247
48471,no_incendio,-6.045557480896305,-76.73042918045354
48481,incendio,-8.7305,-76.2748
48485,no_incendio,-6.808753435004469,-75.58127871175964
48495,no_incendio,-6.9712876814104,-75.72933923833854
48496,incendio,-7.0588,-76.6612
48500,no_incendio,-6.726107042288016,-76.4764656532763
48509,no_incendio,-7.183923927473843,-76.41258057222892
48515,no_incendio,-6.892866951927303,-75.87172300219687
48520,no_incendio,-6.416369783766856,-77.46099434503463
48523,incendio,-7.2589,-76.7842
48524,no_incendio,-7.509252354285814,-75.54465114823546
48536,incendio,-6.7724,-76.2033
48544,incendio,-7.1591,-76.3513
48549,no_incendio,-5.3130357942785436,-76.58858316456917
48552,incendio,-8.2416,-76.5118
48557,no_incendio,-6.641540416375139,-77.47486256481713
48558,no_incendio,-6.260865842963683,-76.65344397081381
48562,no_incendio,-5.953019088925324,-76.23284593502969
48564,no_incendio,-6.9256501234330665,-77.07157879837493
48565,incendio,-6.5686,-77.5418
48569,incendio,-5.941,-76.4829
48570,incendio,-7.1843,-76.7847
48578,no_incendio,-5.992720265748597,-76.93502157829727
48580,incendio,-7.3256,-76.9095
48586,no_incendio,-6.7183540623229865,-77.22771131243218
48615,no_incendio,-6.0889717541826,-76.72492959412638
48628,incendio,-6.7221,-76.2348
48636,no_incendio,-5.41267692948794,-75.94332607139869
48642,incendio,-7.8783,-76.7007
48654,incendio,-6.4971,-75.9172
48655,incendio,-6.0128,-76.1546
48660,no_incendio,-5.546857195256127,-75.81190178678054
48664,no_incendio,-5.665031141499033,-76.55743995217303
48671,incendio,-5.8751,-76.5282
48677,no_incendio,-6.594359651694001,-75.81359177197494
48679,incendio,-6.7421,-76.6781
48682,no_incendio,-5.89297787831936,-76.40313981264967
48696,incendio,-8.6664,-76.8041
48697,incendio,-7.2523,-76.3585
48699,incendio,-7.5287,-76.4801
48701,incendio,-7.1602,-76.3671
48704,incendio,-8.6442,-76.2955
48705,no_incendio,-6.959105963658491,-76.85747096898318
48706,incendio,-7.4739,-76.6339
48723,no_incendio,-6.93526933500558,-76.94440022861454
48736,incendio,-7.3322,-76.0504
48748,incendio,-5.8546,-76.1736
48751,no_incendio,-7.250518418431454,-77.39731384590523
48763,no_incendio,-6.248030507497377,-77.52671049342304
48767,no_incendio,-6.010674240572804,-77.09796715104932
48769,no_incendio,-6.434453669791493,-76.35359643649942
48779,incendio,-6.0854,-76.2284
48783,no_incendio,-6.199486560201427,-77.4221153051421
48795,incendio,-7.3401,-76.966
48797,incendio,-5.349,-76.6006
48800,incendio,-8.7143,-76.1437
48802,no_incendio,-6.525571951158751,-77.30569775147015
48807,no_incendio,-5.70993701267222,-76.39276259470975
48809,no_incendio,-7.56354574516261,-76.00460014183221
48824,no_incendio,-5.9069362811274955,-76.90796880037888
48826,incendio,-5.3048,-76.4765
48830,incendio,-8.7155,-77.3843
48835,no_incendio,-5.8332062747008715,-77.144406205254
48840,incendio,-5.7252,-76.1493
48841,incendio,-8.5655,-76.3836
48851,no_incendio,-7.1211989995442275,-77.24932556813594
48875,no_incendio,-6.390597266026688,-76.66038678496503
48877,incendio,-5.6241,-76.6958
48878,no_incendio,-6.7893125147185724,-75.8130856477531
48879,incendio,-7.1916,-76.327
48889,no_incendio,-7.509252354285814,-75.54465114823546
48890,incendio,-8.593,-76.5565
48908,incendio,-6.4865,-75.765
48909,no_incendio,-7.3912095148136645,-77.03017853882585
48911,incendio,-8.2691,-76.3562
48912,incendio,-6.7737,-76.4353
48928,no_incendio,-7.278446400857449,-77.33703515392486
48937,no_incendio,-6.788644402631232,-76.08655221338569
48940,no_incendio,-5.772447993979731,-76.76825761036689
48945,no_incendio,-6.893924031218003,-76.04905921446095
48961,no_incendio,-5.83983548332399,-77.3596154335897
48964,incendio,-7.25,-77.0655
48968,no_incendio,-5.501045309864604,-77.33293151035834
48971,no_incendio,-5.339988911138568,-75.94604419335825
48985,no_incendio,-6.0254636524537775,-76.26070791675792
48992,no_incendio,-6.682240904919321,-76.14970898536502
48993,incendio,-6.529,-75.701
48994,no_incendio,-5.561920884041726,-75.5653879895247
49009,no_incendio,-7.087560477783244,-76.48701616296685
49010,incendio,-6.7111,-77.2595
49026,incendio,-5.739,-77.2407
49031,incendio,-7.0709,-76.837
49046,incendio,-7.2417,-76.0694
49049,incendio,-6.4735,-76.8057
49068,incendio,-5.8096,-76.2005
49074,incendio,-6.7502,-76.8186
49077,incendio,-7.0415,-76.6471
49083,incendio,-6.2376,-75.9441
49090,incendio,-6.5244,-76.9115
49101,no_incendio,-5.746784627492212,-75.78617751665539
49103,incendio,-6.2497,-75.8489
49105,incendio,-8.7149,-76.3304
49136,no_incendio,-5.500738315784995,-75.59662427893288
49145,no_incendio,-7.3820884546139,-76.13227467193721
49149,no_incendio,-7.3746554478906035,-76.75920088924597
49154,no_incendio,-6.346021842815813,-77.12333044544714
49162,incendio,-5.9928,-77.1833
49165,no_incendio,-7.319106221775668,-76.84964608294781
49167,no_incendio,-5.532853929708149,-75.98229483983717
49168,incendio,-5.812,-76.2171
49174,incendio,-8.1766,-76.9663
49185,no_incendio,-6.7911860867707,-76.3184609362465
49192,no_incendio,-6.234614825176705,-77.3723732006722
49195,incendio,-6.4942,-76.4955
49216,no_incendio,-7.095024308236621,-76.98915064415999
49219,incendio,-8.2792,-76.5971
49220,incendio,-5.902,-76.3097
49241,no_incendio,-5.402348170521421,-77.02463779239379
49244,incendio,-5.8665,-77.1229
49245,no_incendio,-6.649475670478298,-75.86589242526365
49246,no_incendio,-7.287912531535466,-77.51954103984086
49248,incendio,-5.5387,-76.5435
49253,incendio,-6.7455,-76.2011
49261,incendio,-5.8313,-76.0397
49263,no_incendio,-5.97958938141772,-75.97696588702247
49269,incendio,-7.2978,-76.0381
49282,no_incendio,-5.403821247036303,-76.32388095777216
49292,incendio,-6.0258,-76.1296
49299,incendio,-6.7168,-76.7228
49301,incendio,-7.3076,-76.1568
49309,incendio,-5.6955,-76.4567
49317,incendio,-7.0882,-76.5105
49326,no_incendio,-6.794519962222771,-76.90986347869215
49331,incendio,-6.454,-76.6271
49335,no_incendio,-5.815972204611399,-75.5996631905604
49336,incendio,-5.3096,-76.4872
49340,no_incendio,-6.834902492352533,-77.15059777266319
49343,no_incendio,-7.4438050568529475,-75.8809717620132
49351,no_incendio,-5.89201477503853,-77.2682101013539
49361,no_incendio,-5.8499481349063265,-76.00423037206916
49377,no_incendio,-6.097161064451766,-76.22638691915272
49378,no_incendio,-5.877091540669871,-76.18474625697182
49402,incendio,-8.6941,-77.6326
49410,no_incendio,-5.4986752575716835,-76.99704879250469
49415,no_incendio,-7.279070011168152,-76.78517622564465
49418,no_incendio,-6.107287203943645,-77.4216594793923
49419,no_incendio,-6.546795271979165,-77.13463626494185
49431,incendio,-8.2909,-76.5424
49439,no_incendio,-6.25350724604799,-77.4340170352428
49440,incendio,-6.1838,-76.2942
49445,incendio,-6.8965,-76.5829
49447,no_incendio,-7.523343048173316,-75.60465669486607
49450,incendio,-6.4552,-76.6014
49456,incendio,-5.7175,-76.1472
49464,incendio,-6.6611,-75.5638
49468,no_incendio,-5.852253396123982,-76.5690433745382
49474,no_incendio,-5.3928610006268665,-76.95098681919762
49478,no_incendio,-7.359881945280641,-76.7414311135722
49484,no_incendio,-7.189575486518889,-75.71595612356288
49492,incendio,-8.3419,-76.2776
49494,no_incendio,-7.153254312142147,-75.61931012295983
49503,incendio,-6.8877,-76.3609
49507,no_incendio,-5.525166300103762,-76.64412404917219
49512,no_incendio,-5.8091800479019735,-77.2012977286717
49516,incendio,-7.2378,-76.4938
49517,incendio,-7.2978,-75.5243
49518,incendio,-7.3813,-76.5417
49524,incendio,-7.4194,-76.3828
49542,no_incendio,-7.217469611041255,-75.6059674027119
49549,no_incendio,-5.739545483497391,-76.77757497448552
49553,incendio,-8.6651,-76.4198
49554,incendio,-7.5198,-76.5627
49555,incendio,-7.448,-76.458
49556,no_incendio,-5.800895908311601,-76.62831443275236
49566,incendio,-7.0188,-76.5753
49568,no_incendio,-5.525473635438348,-76.97243620940135
49570,incendio,-6.2416,-75.8978
49575,no_incendio,-6.158099214586715,-77.01707847694989
49586,incendio,-6.5965,-76.1723
49587,no_incendio,-5.3860874889168056,-76.83704410013208
49588,incendio,-7.2868,-76.9638
49597,no_incendio,-6.621617501983885,-75.65329251395444
49600,no_incendio,-6.061848479102238,-75.8084457666632
49612,incendio,-5.6936,-76.1694
49620,no_incendio,-5.763287542306629,-76.16197141222403
49625,no_incendio,-7.225892265359727,-76.0093087691897
49626,no_incendio,-6.709534503439617,-76.66045732733674
49627,no_incendio,-5.676274225134516,-77.28318396900629
49628,no_incendio,-6.238722534494159,-76.96599757551694
49629,incendio,-6.536,-75.6678
49639,incendio,-6.0478,-75.9521
49642,no_incendio,-7.089719383654557,-75.94940066492136
49645,no_incendio,-5.5904160018413185,-75.95967696851481
49647,no_incendio,-5.530786000980501,-76.91418709127078
49652,incendio,-7.2849,-76.0934
49659,incendio,-7.508,-76.4675
49668,incendio,-5.3953,-76.8304
49684,no_incendio,-7.061403957049695,-76.62981524420255
49685,incendio,-6.3794,-75.7116
49692,incendio,-7.2812,-76.7215
49696,incendio,-7.5242,-76.4119
49704,no_incendio,-5.3750389583532385,-76.27737605989306
49705,incendio,-6.983,-76.6232
49707,no_incendio,-7.4582565567314925,-76.8374558308584
49709,incendio,-8.5444,-76.1508
49712,no_incendio,-6.795665285445913,-76.70031335032672
49715,incendio,-7.3686,-77.6542
49721,incendio,-6.3728,-76.0826
49722,incendio,-7.2272,-76.2338
49727,incendio,-6.6467,-76.6521
49731,no_incendio,-5.561988258344413,-76.88991934204635
49736,incendio,-6.0455,-76.1409
49737,incendio,-6.2121,-76.1616
49738,incendio,-5.8814,-76.374
49739,no_incendio,-5.83397648887431,-77.22981106334638
49743,no_incendio,-5.5463833686959125,-76.92476001499328
49753,incendio,-6.5526,-76.099
49764,no_incendio,-5.811190643666691,-76.41076755798852
49765,no_incendio,-7.307422219905113,-77.49030389420659
49767,incendio,-7.481,-76.389
49770,incendio,-6.3824,-75.9315
49774,no_incendio,-6.3065520769299415,-76.52048775212563
49786,no_incendio,-6.662875308176205,-76.42972525647028
49797,no_incendio,-5.508797884476139,-76.57706115239465
49804,incendio,-8.5855,-77.1268
49805,no_incendio,-6.892866951927303,-75.87172300219687
49819,incendio,-6.8828,-76.8818
49822,no_incendio,-5.459589434430045,-76.77318023823041
49823,no_incendio,-5.316751485798925,-76.19649120217885
49826,no_incendio,-6.635301014584928,-76.41004319664097
49828,no_incendio,-7.390169812745361,-75.85173982819381
49830,incendio,-5.8245,-75.9955
49836,incendio,-7.1542,-76.1907
49842,incendio,-5.7228,-77.4099
49843,incendio,-5.7754,-76.5139
49859,no_incendio,-5.4225864404931166,-77.44996456310464
49860,no_incendio,-5.802372431085104,-75.57878108958735
49863,no_incendio,-5.463870053471811,-75.65012298252523
49879,no_incendio,-5.588466979788065,-76.18717580992774
49880,no_incendio,-6.063333052679301,-77.2619056071794
49881,incendio,-7.1433,-76.3033
49885,no_incendio,-7.320681720418793,-75.65489361084256
49887,incendio,-8.4949,-76.408
49896,incendio,-8.4127,-76.5013
49898,no_incendio,-5.441048358116876,-77.52077786090675
49901,incendio,-5.9493,-76.2823
49904,incendio,-7.5625,-76.4135
49908,no_incendio,-7.153254312142147,-75.61931012295983
49924,no_incendio,-6.300957997693996,-76.09847737144455
49926,no_incendio,-5.851710851525425,-77.43871611391367
49928,no_incendio,-5.720724874930588,-76.09066535924033
49929,no_incendio,-6.5564240987934905,-76.79797957202473
49936,no_incendio,-7.127830025342514,-77.33172299006912
49937,no_incendio,-5.371545466461964,-76.40334353874748
49940,incendio,-6.4879,-77.5038
49942,no_incendio,-5.465881437617145,-76.83346258647516
49945,incendio,-5.5933,-76.6635
49947,no_incendio,-7.564076009944549,-75.89157611790941
49952,incendio,-6.1499,-75.9449
49958,no_incendio,-6.5878777950259835,-76.78969667476908
49963,incendio,-6.8186,-76.5945
49964,no_incendio,-6.733687512476174,-75.74855689788478
49971,incendio,-7.357,-76.7584
49976,incendio,-7.163,-76.497
49977,incendio,-7.0507,-76.3377
49981,incendio,-8.4222,-76.3999
49984,no_incendio,-6.606971151394778,-76.7033258603189
49986,incendio,-7.2773,-76.7974
49987,incendio,-5.3395,-76.4899
49989,no_incendio,-6.400727870765625,-77.48420741846027
50004,no_incendio,-6.542256231887758,-76.22236926601508
50013,no_incendio,-5.739545483497391,-76.77757497448552
50019,incendio,-5.7593,-76.2018
50021,no_incendio,-5.804055235179965,-77.4451366120588
50022,no_incendio,-6.534406684076978,-76.00352237296187
50024,incendio,-6.076,-75.805
50038,incendio,-5.8721,-77.0381
50049,no_incendio,-6.578202945590633,-76.50501159622002
50050,incendio,-7.1905,-76.8547
50052,incendio,-6.269,-77.6714
50060,no_incendio,-6.452984723571151,-76.97534564539009
50066,no_incendio,-7.237010441563305,-76.53847008307255
50074,no_incendio,-7.231319010056117,-76.25282835259368
50088,incendio,-6.091,-75.8326
50090,incendio,-7.4312,-76.8165
50094,incendio,-8.1611,-76.5096
50095,incendio,-6.8734,-76.6127
50096,incendio,-8.1702,-76.7157
50099,incendio,-6.1292,-76.0011
50111,incendio,-7.163,-76.3103
50113,no_incendio,-5.559553740329016,-76.98206356543957
50114,incendio,-7.3194,-75.5718
50115,no_incendio,-7.527611322889828,-76.67002527157386
50117,incendio,-7.5118,-76.5311
50120,no_incendio,-6.012390103585068,-77.46665184846529
50126,no_incendio,-7.224623096753857,-76.90340581488266
50137,no_incendio,-6.1922155906112035,-75.54995561422898
50143,no_incendio,-5.3149529866292395,-75.54616509202799
50144,no_incendio,-5.3902001479588,-77.1291902290787
50146,incendio,-7.5595,-76.6764
50147,incendio,-6.8153,-76.697
50151,no_incendio,-7.4286037527901305,-75.69674631092113
50153,incendio,-6.0608,-76.2204
50158,no_incendio,-7.495613592310532,-75.66310159178755
50159,incendio,-8.2982,-76.4289
50161,incendio,-8.439,-76.3361
50165,no_incendio,-5.739591127784566,-75.99955564974134
50168,incendio,-8.0275,-76.661
50172,incendio,-6.5849,-76.3712
50174,no_incendio,-6.772965762366505,-76.27272500681829
50190,incendio,-7.4765,-76.3603
50195,incendio,-6.8131,-76.8079
50206,incendio,-6.1758,-76.0456
50210,incendio,-8.3128,-76.3515
50220,no_incendio,-6.942054443870175,-75.88451122317879
50224,no_incendio,-7.585660689069584,-77.39009094478008
50231,incendio,-6.8481,-76.823
50233,incendio,-7.1397,-76.086
50234,no_incendio,-6.263351561254887,-76.64078067531564
50235,no_incendio,-5.968870459553349,-76.92149677654932
50236,no_incendio,-7.079367268286084,-75.74962590729507
50244,incendio,-8.6748,-76.1037
50248,incendio,-7.496,-77.5971
50249,incendio,-6.6379,-76.2607
50256,incendio,-8.6246,-76.3342
50268,no_incendio,-5.5941151159540015,-75.60783919102062
50270,no_incendio,-6.6966130629090745,-76.20140385770695
50276,no_incendio,-7.389808722529589,-77.07301560245696
50278,incendio,-6.2641,-75.7908
50287,incendio,-7.3117,-76.6021
50289,no_incendio,-6.238571072533694,-75.50795501172155
50293,no_incendio,-5.504024274503536,-76.47223087280436
50302,no_incendio,-7.584063938890335,-77.08532363724217
50303,incendio,-6.9847,-76.6637
50309,incendio,-6.6761,-76.1882
50310,incendio,-7.202,-76.2601
50318,incendio,-7.2922,-76.9325
50319,no_incendio,-6.215385324683509,-77.39247138767627
50321,no_incendio,-5.469135651128677,-76.66584024328755
50323,incendio,-6.5077,-76.8005
50336,no_incendio,-6.534406684076978,-76.00352237296187
50345,no_incendio,-6.8812608532922095,-77.14870823308875
50349,no_incendio,-7.163128957992517,-77.33946379317482
50352,incendio,-6.3826,-76.4554
50357,no_incendio,-6.520841370621428,-77.36086106907894
50360,no_incendio,-7.153254312142147,-75.61931012295983
50363,incendio,-5.9779,-76.4803
50367,no_incendio,-7.486384119244431,-77.33522717320785
50371,incendio,-6.6073,-76.2702
50395,no_incendio,-5.404889796153065,-75.52356189843724
50410,no_incendio,-6.25350724604799,-77.4340170352428
50419,incendio,-7.0681,-76.8578
50420,no_incendio,-6.113161344070998,-75.7616050051639
50424,incendio,-6.4165,-76.0184
50427,incendio,-5.7391,-75.8167
50438,incendio,-7.2495,-76.3664
50448,incendio,-6.2221,-75.8398
50450,incendio,-7.0862,-76.8824
50451,incendio,-8.6154,-76.305
50454,incendio,-6.0168,-76.1138
50461,no_incendio,-7.241827770839374,-75.55383362888189
50462,incendio,-7.1187,-77.7856
50468,no_incendio,-6.304617864281926,-76.60193669802109
50469,no_incendio,-5.618910457397299,-76.39046295133087
50476,no_incendio,-7.224623096753857,-76.90340581488266
50486,incendio,-6.9376,-76.654
50496,incendio,-6.8448,-76.8018
50498,no_incendio,-6.480391966428419,-77.42730148887621
50501,no_incendio,-5.822373025705751,-75.81118308604799
50510,incendio,-8.302,-77.7351
50520,incendio,-8.2975,-76.6281
50522,no_incendio,-5.698299617649455,-76.9877048304902
50526,incendio,-6.5524,-75.7276
50531,incendio,-7.4134,-76.5602
50532,incendio,-7.2943,-76.4158
50537,incendio,-7.0989,-76.2867
50539,no_incendio,-5.626490573988114,-76.90197669049898
50542,incendio,-5.8974,-77.0091
50554,no_incendio,-5.590950998396602,-75.50740685150045
50558,incendio,-7.0346,-76.1814
50559,no_incendio,-6.48340164417584,-76.67965578486029
50566,no_incendio,-6.339520872179224,-76.81899067100204
50567,no_incendio,-7.03159653116471,-76.48526719545968
50588,incendio,-5.813,-76.1674
50594,incendio,-6.5584,-75.6697
50597,incendio,-7.2772,-77.6065
50616,no_incendio,-7.347824110154567,-75.82503332128289
50617,incendio,-6.2692,-76.6596
50620,no_incendio,-6.308143679517888,-75.54381617905881
50628,no_incendio,-5.60263772570773,-75.78275132850642
50638,no_incendio,-6.808642932215501,-75.79916533133496
50642,no_incendio,-6.929511458644296,-75.83962565372784
50645,no_incendio,-7.493540878148328,-76.20838654108637
50647,incendio,-6.3842,-77.6839
50650,no_incendio,-7.5990878129892385,-76.01433706050479
50656,no_incendio,-6.5273014114668,-77.07055670023018
50662,no_incendio,-6.110977096163155,-77.0520623179512
50665,incendio,-6.135,-76.995
50669,incendio,-7.4293,-76.6287
50680,incendio,-7.1307,-77.7643
50682,no_incendio,-6.5603093207023875,-76.81459925787705
50687,incendio,-7.4037,-76.4109
50694,no_incendio,-7.3239429065406565,-75.71625724817507
50696,incendio,-8.4708,-76.45
50700,incendio,-7.548,-76.6253
50701,no_incendio,-6.86277091910318,-76.45893260017807
50702,no_incendio,-5.73056432169004,-76.88063042787364
50724,incendio,-7.1817,-76.8168
50749,incendio,-6.2829,-75.8325
50751,no_incendio,-7.532917537712722,-76.04821551837472
50756,no_incendio,-5.719448744498719,-77.23298516632254
50757,no_incendio,-7.589730303914846,-76.05435857716274
50758,incendio,-8.6197,-76.7039
50759,incendio,-5.87,-75.8947
50760,no_incendio,-6.682338881301072,-76.58990578057626
50765,incendio,-6.4114,-75.8689
50768,no_incendio,-5.693256209324268,-76.57722873694159
50769,incendio,-6.4897,-76.3708
50770,no_incendio,-5.968870459553349,-76.92149677654932
50780,no_incendio,-5.871711432876104,-76.01772742487569
50785,no_incendio,-7.257884674103633,-77.06798922780067
50787,no_incendio,-5.326931537697329,-77.25175106818679
50798,no_incendio,-5.900117559948675,-75.56284439390626
50807,no_incendio,-6.1592934714330285,-77.34475903708392
50809,no_incendio,-6.595830198454336,-76.87085544617783
50816,incendio,-8.4174,-77.6105
50829,incendio,-5.9892,-76.8495
50833,no_incendio,-7.523343048173316,-75.60465669486607
50840,no_incendio,-5.441244045280792,-76.19936571316805
50843,no_incendio,-7.089179421889268,-75.95457712793731
50854,incendio,-7.1685,-76.7524
50860,incendio,-6.4127,-76.4944
50865,no_incendio,-5.658384235826694,-76.44208065955317
50866,incendio,-7.3319,-76.8809
50868,no_incendio,-6.200171336468845,-76.47517852395984
50874,incendio,-7.3423,-76.552
50875,incendio,-5.8959,-76.2905
50881,no_incendio,-5.709919403753175,-77.18915952963572
50883,no_incendio,-5.315273849835721,-75.96752969040406
50884,no_incendio,-7.359360612224768,-76.78029054350944
50893,incendio,-6.5867,-75.6998
50899,no_incendio,-7.418524326808485,-76.32670813744515
50902,no_incendio,-6.040675081738544,-76.88692151022694
50904,incendio,-8.7501,-76.3999
50907,no_incendio,-5.544342707790426,-75.8055721541421
50918,no_incendio,-6.501541232968051,-77.42157786801864
50929,no_incendio,-6.931342706605391,-77.24005682830844
50930,no_incendio,-5.998881730764309,-77.1385121318961
50931,no_incendio,-6.260382263964365,-75.66215989353373
50934,incendio,-6.2808,-75.8003
50945,no_incendio,-5.889428519671102,-75.83985217439051
50947,incendio,-7.3596,-76.3937
50950,no_incendio,-7.516228282019169,-75.89484036620722
50951,no_incendio,-7.448422790645704,-75.84545299813023
50956,no_incendio,-6.063333052679301,-77.2619056071794
50957,incendio,-6.4338,-76.6095
50970,no_incendio,-5.9343288832648255,-75.71284400291329
50974,incendio,-6.7251,-76.6955
50982,incendio,-7.0033,-76.59
50986,no_incendio,-6.86128898258832,-76.74328169561169
50992,incendio,-7.3006,-76.9773
50996,incendio,-6.797,-76.6073
51005,no_incendio,-6.929539925837722,-76.05337955826667
51007,incendio,-7.1039,-76.0842
51018,incendio,-7.1758,-76.2499
51021,no_incendio,-5.977250221064096,-76.70445078164089
51022,no_incendio,-6.940699761996049,-76.26181884160466
51034,incendio,-8.7898,-76.2003
51039,incendio,-6.6839,-76.4864
51043,no_incendio,-6.75147932991093,-77.49824320852836
51050,no_incendio,-6.726381012789614,-77.29263321460805
51058,incendio,-7.0896,-76.5735
51060,no_incendio,-5.84380402008071,-75.92947605096468
51067,no_incendio,-6.439732844593629,-76.57320223136172
51069,incendio,-6.2116,-76.2784
51073,incendio,-7.5084,-76.7164
51075,no_incendio,-6.545436147892791,-76.30829128869237
51077,no_incendio,-5.607428760846163,-75.61638280541105
51078,no_incendio,-7.579948204047341,-77.15279486128607
51084,no_incendio,-6.466287697296756,-75.7075752786908
51089,no_incendio,-5.356858559279738,-76.9184573866197
51095,no_incendio,-7.127830025342514,-77.33172299006912
51096,no_incendio,-5.712970448713469,-77.45936672905775
51102,incendio,-7.3306,-75.5485
51103,incendio,-6.9411,-76.4921
51107,incendio,-6.6804,-76.4828
51109,incendio,-7.5619,-76.5464
51115,no_incendio,-6.551429222354349,-76.91211574837874
51117,no_incendio,-6.87454750287368,-76.95714014507665
51128,incendio,-8.0446,-76.6534
51133,incendio,-7.1914,-77.0535
51135,incendio,-8.4871,-76.3293
51138,incendio,-7.3274,-76.8984
51142,no_incendio,-7.196513313319464,-76.34355474331385
51143,incendio,-6.7513,-76.6348
51178,no_incendio,-6.88204939673875,-76.47181029595973
51183,incendio,-7.1098,-76.712
51184,no_incendio,-7.394254404476224,-75.68500027222532
51186,no_incendio,-5.5259385585543805,-76.78474947687066
51199,incendio,-6.4811,-75.7521
51201,incendio,-7.4002,-76.6425
51210,no_incendio,-7.4685281169836575,-76.45982142340358
51211,no_incendio,-6.825057480379352,-77.49883680928833
51220,no_incendio,-5.618133364002661,-76.2191295091602
51221,incendio,-6.5977,-76.0909
51225,no_incendio,-7.552000736404346,-77.05977682552361
51227,no_incendio,-5.691703950902071,-76.93733770607169
51229,no_incendio,-5.315273849835721,-75.96752969040406
51233,no_incendio,-6.797128032172363,-76.15133853102378
51236,no_incendio,-6.479517291884607,-77.31045667927476
51237,no_incendio,-5.326609511462546,-75.7438155508771
51238,no_incendio,-5.60263772570773,-75.78275132850642
51239,no_incendio,-6.859218995881019,-77.3454749772902
51242,no_incendio,-5.3699868320408415,-75.54453001162278
51244,incendio,-6.4816,-75.7576
51246,no_incendio,-7.2889510765606325,-76.46654281298771
51248,no_incendio,-7.436772555974999,-76.13512005747918
51250,no_incendio,-6.269350897351528,-76.17554961545872
51255,incendio,-6.658,-76.2433
51257,incendio,-7.4238,-76.3893
51262,no_incendio,-6.741564716218832,-76.27215624555981
51281,no_incendio,-6.823512194602855,-76.05631689166178
51282,incendio,-8.381,-76.5104
51284,no_incendio,-5.775752820945428,-75.77309666724678
51285,incendio,-7.132,-76.5548
51286,incendio,-7.475,-76.5375
51290,no_incendio,-6.57344451362061,-75.98407882587051
51298,incendio,-7.2356,-77.0417
51303,incendio,-8.0186,-76.7308
51312,no_incendio,-5.370065008448104,-77.20634043748042
51313,no_incendio,-7.518549043794622,-77.46918278069812
51320,incendio,-8.0402,-76.6312
51321,no_incendio,-7.190259524857835,-76.68608585816432
51329,no_incendio,-6.6046403916429695,-76.28478273774354
51330,incendio,-7.1017,-77.0226
51345,incendio,-6.7829,-76.7303
51348,no_incendio,-7.589730303914846,-76.05435857716274
51355,no_incendio,-6.165139577023006,-77.17733248367045
51357,no_incendio,-7.546681661706002,-77.09086718024028
51368,incendio,-8.6931,-76.265
51385,incendio,-6.054,-76.074
51389,no_incendio,-7.137713754276464,-76.43208640903742
51390,incendio,-7.297,-76.7675
51398,incendio,-6.8623,-76.5113
51402,no_incendio,-7.259025792408945,-76.1069982504593
51422,incendio,-6.7317,-76.7031
51444,no_incendio,-6.309912628737243,-75.57235857764702
51445,no_incendio,-6.642584248060827,-75.75075985956546
51448,no_incendio,-7.014916061647587,-75.71674408231947
51451,incendio,-8.3688,-76.3716
51456,no_incendio,-7.0287390386317705,-77.03724597379518
51463,incendio,-6.2707,-77.6827
51464,no_incendio,-5.875159377973664,-77.1185525314163
51467,incendio,-6.3479,-76.5811
51471,no_incendio,-5.77315746853071,-76.36797107270804
51475,incendio,-6.8265,-76.8182
51476,incendio,-7.3634,-76.8646
51480,incendio,-6.1469,-76.9066
51484,no_incendio,-6.722985174451003,-76.39617504365586
51492,incendio,-6.4551,-76.5774
51494,incendio,-7.5711,-76.4977
51497,incendio,-7.3827,-77.6668
51499,no_incendio,-7.448759349626241,-75.73146487239217
51502,incendio,-6.0126,-77.2375
51504,incendio,-5.699,-76.1644
51510,incendio,-6.8036,-76.4094
51513,no_incendio,-6.193641518737963,-75.9541835583981
51514,incendio,-7.1085,-76.5172
51518,incendio,-7.3827,-76.7188
51527,no_incendio,-7.464233169627815,-76.3089508607516
51546,incendio,-5.7874,-77.4289
51559,no_incendio,-6.12520459976937,-77.49886350154438
51566,incendio,-5.8067,-77.4016
51579,incendio,-5.7226,-77.4534
51580,incendio,-6.6223,-76.4239
51582,incendio,-7.1186,-76.2669
51584,no_incendio,-6.578202945590633,-76.50501159622002
51588,no_incendio,-7.082610644878744,-76.41583738866235
51595,incendio,-5.8321,-76.0934
51599,no_incendio,-5.849265187399489,-77.52081578278697
51611,no_incendio,-5.5978889160107626,-76.86708534486174
51616,incendio,-8.0641,-76.5947
51624,no_incendio,-6.460809424904893,-76.67264708557983
51636,no_incendio,-5.323979357908248,-75.76496426046252
51638,no_incendio,-7.523779550040388,-76.57430086125386
51640,incendio,-5.3434,-76.2743
51641,incendio,-7.535,-76.428
51646,no_incendio,-6.88204939673875,-76.47181029595973
51654,no_incendio,-7.149862558736682,-77.09989679523933
51655,no_incendio,-7.582363301360768,-76.43607509989434
51657,no_incendio,-7.566170057674632,-77.33420456007225
51659,incendio,-7.612,-76.671
51668,no_incendio,-5.7038552844593475,-76.24937639790886
51679,incendio,-7.1685,-77.0107
51683,incendio,-8.1012,-75.5914
51684,no_incendio,-7.321172600418316,-77.03516400852085
51688,no_incendio,-5.9130091622376435,-77.42859659593488
51694,incendio,-7.1679,-76.3872
51701,incendio,-6.5171,-76.4682
51705,no_incendio,-6.469524270312644,-76.04017356223993
51707,no_incendio,-7.03159653116471,-76.48526719545968
51714,no_incendio,-5.62794321017974,-76.97851232659868
51724,no_incendio,-6.616039268330141,-77.35690054867337
51727,incendio,-6.0493,-76.1601
51730,no_incendio,-6.695277689736439,-77.08154414600035
51736,no_incendio,-6.543996709664201,-75.77625931317041
51738,no_incendio,-7.051099362667298,-76.62925053957763
51739,no_incendio,-7.161262686753078,-75.93223007605604
51743,incendio,-6.9428,-76.515
51745,incendio,-6.3356,-75.9954
51746,no_incendio,-6.109182329794082,-77.41759375115069
51764,no_incendio,-6.26574363006572,-75.945416955943
51766,no_incendio,-6.573895472470259,-76.90325456502508
51771,no_incendio,-6.654449786981951,-77.1406120148932
51777,incendio,-6.2014,-76.7534
51778,no_incendio,-5.968086685454471,-75.87697296740079
51784,incendio,-7.7892,-76.772
51785,incendio,-6.8304,-76.4914
51794,no_incendio,-7.579948204047341,-77.15279486128607
51797,incendio,-6.217,-76.3032
51802,no_incendio,-7.374027518305184,-76.32029762844952
51803,no_incendio,-7.4291899383099445,-76.99344952239323
51810,incendio,-7.0243,-76.603
51811,no_incendio,-6.522871972647179,-77.1088712424184
51817,incendio,-5.6827,-76.1544
51818,no_incendio,-6.6577808572271095,-76.08571031789008
51822,no_incendio,-5.798251230559933,-76.03303003317315
51824,no_incendio,-6.007112604816549,-77.29204800487722
51826,no_incendio,-7.396034749471958,-77.09104434205882
51832,no_incendio,-7.188428352306568,-77.29319926370498
51838,incendio,-7.7029,-76.4765
51840,incendio,-7.1296,-76.1893
51841,incendio,-6.5518,-76.5606
51845,no_incendio,-7.23268535501901,-75.71791421763211
51846,no_incendio,-5.873429262130088,-76.29994874270383
51851,incendio,-5.7345,-75.8322
51858,incendio,-8.4549,-76.272
51859,no_incendio,-7.546681661706002,-77.09086718024028
51861,no_incendio,-5.882379700992915,-75.5521215473338
51862,incendio,-6.2054,-75.9719
51872,no_incendio,-5.668562711065817,-75.61105576661728
51878,incendio,-7.0213,-76.8056
51880,no_incendio,-7.489751819531982,-75.96573533227652
51886,no_incendio,-7.4055258629962415,-75.72836594706017
51888,incendio,-5.982,-76.1008
51889,incendio,-6.4995,-75.7151
51892,no_incendio,-7.084883582406477,-76.16691642079259
51895,incendio,-7.3933,-76.7377
51907,no_incendio,-6.991300272279587,-76.75580323161067
51913,no_incendio,-5.432481694931332,-76.47528675292433
51924,incendio,-8.1798,-77.2583
51927,incendio,-5.7901,-77.4549
51934,no_incendio,-7.160701404821328,-77.50258610161559
51935,no_incendio,-5.388346448693102,-76.72150148992378
51936,incendio,-6.4066,-76.4884
51940,no_incendio,-6.324934683730277,-76.81019781469472
51953,incendio,-7.8901,-76.6937
51958,no_incendio,-6.950453264096688,-75.59880859567114
51963,incendio,-6.7806,-76.7148
51964,incendio,-6.1468,-75.9777
51966,incendio,-7.3078,-76.0439
51976,incendio,-6.2137,-75.678
51978,no_incendio,-6.520841370621428,-77.36086106907894
51979,incendio,-6.7587,-77.5301
51989,no_incendio,-5.523597492537125,-76.54848022376082
52003,no_incendio,-5.976563784411299,-76.98024729252694
52013,incendio,-6.159,-76.203
52015,incendio,-8.06,-76.6947
52021,no_incendio,-5.326931537697329,-77.25175106818679
52028,no_incendio,-6.402069451962711,-76.21591146142134
52029,incendio,-7.2043,-76.3613
52039,incendio,-7.2399,-76.5031
52042,incendio,-6.2902,-76.6647
52046,incendio,-7.0114,-76.8102
52048,incendio,-5.6809,-75.8334
52049,incendio,-5.7779,-77.2318
52050,incendio,-6.8211,-76.7542
52051,no_incendio,-5.459589434430045,-76.77318023823041
52052,no_incendio,-6.934543735011002,-76.3579106281597
52056,no_incendio,-7.388452210624765,-77.20638603731945
52061,no_incendio,-7.485621627002571,-76.9594043618508
52067,incendio,-8.7044,-76.3611
52075,no_incendio,-7.462272976116109,-77.0484423984109
52080,no_incendio,-6.974678823081742,-77.45775985292939
52088,incendio,-6.7699,-76.1841
52089,incendio,-6.7489,-76.4774
52096,no_incendio,-6.309912628737243,-75.57235857764702
52098,incendio,-5.8059,-77.2698
52099,no_incendio,-6.558646082464617,-76.16096804971144
52102,incendio,-7.9934,-76.7378
52104,no_incendio,-5.612307081535751,-76.80288819980903
52109,no_incendio,-5.5797385570843945,-76.68051881795166
52111,no_incendio,-7.414688922024766,-76.2476866383002
52119,incendio,-6.5806,-76.4871
52123,incendio,-6.7562,-77.3136
52125,incendio,-8.789,-76.192
52134,no_incendio,-5.5978889160107626,-76.86708534486174
52146,no_incendio,-6.836006339265761,-75.80496615427175
52150,no_incendio,-6.38076556073537,-76.97858606969272
52151,incendio,-5.6582,-75.8761
52161,no_incendio,-6.545046135469808,-77.4695217022142
52163,no_incendio,-7.03159653116471,-76.48526719545968
52166,incendio,-6.7634,-76.45
52168,incendio,-8.0479,-75.6119
52170,incendio,-6.9148,-76.6825
52174,no_incendio,-6.536633754882988,-75.61074686603133
52177,no_incendio,-6.23470396402255,-76.94332145347941
52183,no_incendio,-6.328050055589178,-77.0850887708193
52185,no_incendio,-5.49005851410074,-77.39191865885853
52189,no_incendio,-6.10372793592555,-77.07921750093743
52195,incendio,-7.1615,-77.0943
52196,no_incendio,-6.705083355769138,-77.07784196502678
52199,incendio,-8.6583,-76.4272
52202,no_incendio,-6.049219022458795,-76.2803636866073
52212,no_incendio,-6.061848479102238,-75.8084457666632
52220,no_incendio,-6.475196466130733,-76.70818383406251
52221,no_incendio,-6.032904107983954,-75.67491532543472
52226,no_incendio,-6.987442347939161,-77.51096806537585
52228,no_incendio,-6.671769405587168,-77.2003294261131
52229,no_incendio,-6.156942123129494,-76.92567844755888
52230,no_incendio,-7.4319891578174815,-77.15087421098383
52233,incendio,-8.7141,-76.9663
52241,no_incendio,-5.444716599482646,-75.83682474093726
52247,incendio,-7.0987,-76.5534
52253,no_incendio,-6.791553468522542,-76.19850061841751
52254,no_incendio,-5.332935425847374,-77.16749151506393
52255,no_incendio,-6.530680448143941,-77.14936961816767
52257,no_incendio,-6.699009805364948,-77.20530585140459
52260,incendio,-7.5436,-76.5476
52262,no_incendio,-5.710479011729555,-76.39175910938613
52266,no_incendio,-7.428960143280297,-76.20768184148152
52270,no_incendio,-6.992873718796428,-77.40735326396366
52272,no_incendio,-6.939758211874388,-76.17566888296336
52280,incendio,-6.286,-75.8679
52284,no_incendio,-7.420738238712349,-77.50365613060586
52288,incendio,-8.6246,-76.3067
52289,no_incendio,-5.991245342520768,-75.64023187612118
52291,no_incendio,-5.885065132570478,-75.64334405460914
52294,no_incendio,-6.931842163036034,-76.53424888448937
52298,no_incendio,-7.010865933982342,-76.63167881965191
52300,incendio,-5.9021,-76.2833
52304,no_incendio,-5.812760524192122,-77.54920790478845
52306,no_incendio,-7.2373332017811665,-76.09425476964923
52308,no_incendio,-6.064542854980353,-77.18213602611725
52311,no_incendio,-6.599957493403006,-76.05770861085986
52325,incendio,-7.2491,-76.3548
52329,incendio,-6.8669,-76.5742
52333,incendio,-7.1949,-76.7724
52338,no_incendio,-5.867914432983562,-76.93835853406706
52344,incendio,-7.542,-76.7698
52349,incendio,-7.1078,-76.2209
52359,incendio,-7.5602,-76.4163
52377,incendio,-6.2554,-75.8142
52380,incendio,-6.1908,-75.8902
52382,incendio,-6.6984,-76.8185
52384,no_incendio,-5.899739172279481,-75.62561076754551
52393,incendio,-7.2377,-76.2673
52396,no_incendio,-7.199216978961617,-75.9477990392911
52398,incendio,-7.201,-76.5082
52401,no_incendio,-6.156444886914189,-76.11831601972577
52404,no_incendio,-6.6817259124413635,-75.77879648666988
52407,no_incendio,-7.562840840503951,-75.66286053205432
52414,no_incendio,-6.799158296280013,-76.12149634545402
52416,incendio,-7.2396,-76.0961
52424,no_incendio,-5.782302498103818,-75.6928374050029
52428,incendio,-8.1897,-76.5161
52432,no_incendio,-6.558646082464617,-76.16096804971144
52443,no_incendio,-5.657826113607748,-77.0484188289704
52449,no_incendio,-5.5978889160107626,-76.86708534486174
52450,incendio,-7.1587,-76.2984
52451,incendio,-7.0717,-77.0877
52452,incendio,-5.8946,-75.8726
52455,no_incendio,-6.40519633681147,-77.40140623826653
52458,incendio,-7.0548,-76.6344
52460,incendio,-5.8809,-76.0624
52467,incendio,-7.3043,-76.2564
52470,no_incendio,-5.3088507793034125,-76.33692970134372
52475,no_incendio,-6.044769424983038,-75.50599138370771
52485,incendio,-7.289,-76.6023
52488,incendio,-6.1427,-77.7631
52497,incendio,-7.929,-76.6734
52502,no_incendio,-6.642584248060827,-75.75075985956546
52504,no_incendio,-7.218925664720446,-76.08201561394016
52513,incendio,-6.1161,-76.8628
52521,incendio,-6.2753,-75.788
52533,no_incendio,-6.236752944768423,-75.59185038594902
52538,incendio,-6.5572,-75.6874
52541,no_incendio,-6.230021779466632,-76.57667653530646
52549,no_incendio,-6.231532660134269,-77.43051392350198
52554,no_incendio,-6.621617501983885,-75.65329251395444
52564,no_incendio,-6.122241228202742,-76.97601645146484
52565,incendio,-5.9094,-75.9914
52566,incendio,-7.1851,-77.0846
52569,no_incendio,-6.052146999790762,-76.66693051861807
52575,incendio,-5.8089,-77.2874
52579,incendio,-6.4388,-75.6892
52581,no_incendio,-5.626490573988114,-76.90197669049898
52585,incendio,-6.5019,-76.4603
52592,incendio,-6.2776,-75.9205
52593,no_incendio,-6.818883045664746,-77.17747642270048
52596,incendio,-7.5864,-76.4782
52603,incendio,-5.3339,-76.4696
52607,no_incendio,-6.441902560534528,-76.15943969390888
52614,no_incendio,-5.451597714525489,-77.32234997673201
52619,no_incendio,-5.3088507793034125,-76.33692970134372
52622,no_incendio,-6.063333052679301,-77.2619056071794
52630,incendio,-8.5429,-76.7228
52636,no_incendio,-7.0026426990635535,-77.36552672269332
52662,incendio,-7.7744,-76.6898
52667,no_incendio,-7.021631546381363,-76.8111659595044
52678,incendio,-7.41,-77.6659
52685,no_incendio,-6.18702118811894,-77.34328610788602
52708,no_incendio,-5.968149636265594,-77.51081675536001
52713,no_incendio,-5.925744830854394,-76.62635370808266
52717,no_incendio,-5.482360092898033,-75.75875593827813
52720,incendio,-7.1635,-76.8084
52724,no_incendio,-5.406105166280382,-76.83363539988324
52736,no_incendio,-5.591020062659783,-76.63960042736485
52750,no_incendio,-5.525166300103762,-76.64412404917219
52753,no_incendio,-6.107814853885202,-77.33817072189056
52762,no_incendio,-5.97958938141772,-75.97696588702247
52763,incendio,-7.2032,-76.4432
52772,incendio,-6.9398,-76.7993
52793,incendio,-6.7742,-76.6236
52796,incendio,-5.7853,-75.8974
52799,no_incendio,-7.1291364623253095,-77.04904307212506
52803,no_incendio,-7.017832061015762,-77.13978816386988
52805,no_incendio,-6.352348321356028,-75.59610164326816
52809,incendio,-7.1164,-76.7585
52833,no_incendio,-6.224278076163242,-75.68574152044755
52834,no_incendio,-7.139277657699614,-76.6688585627755
52860,no_incendio,-7.204320146605171,-76.588496910205
52861,no_incendio,-6.295102509635013,-77.52506617532497
52876,no_incendio,-5.6909060907931215,-77.03642215530066
52879,no_incendio,-6.684588652346477,-77.1953837139415
52888,incendio,-6.1076,-76.3231
52891,incendio,-7.0061,-76.1961
52893,no_incendio,-5.926005528348797,-76.66451761423114
52894,no_incendio,-6.331956733542304,-77.5021084607029
52905,no_incendio,-5.871711432876104,-76.01772742487569
52907,no_incendio,-6.113994500362599,-76.09851389136325
52913,no_incendio,-6.181570378698443,-77.2403974842685
52918,no_incendio,-5.7783488736056645,-77.39085635603547
52940,no_incendio,-7.517330043663011,-76.85538614453351
52945,no_incendio,-7.152157832421082,-77.44831592237493
52947,no_incendio,-7.0805818707385395,-75.71658427890108
52951,incendio,-7.5495,-76.6759
52955,incendio,-8.0842,-76.7504
52960,incendio,-7.4753,-76.2437
52963,incendio,-5.7065,-75.8812
52971,incendio,-6.8522,-76.6102
52980,incendio,-6.9739,-76.4485
52981,no_incendio,-5.976958562482058,-76.80488821989493
52989,incendio,-7.4249,-76.3955
52992,no_incendio,-6.923846443514746,-77.29283624638697
52999,incendio,-6.2964,-75.8659
53001,no_incendio,-5.65675190083822,-76.2124000269003
53004,no_incendio,-6.064968975705764,-75.80158619111924
53012,no_incendio,-5.953019088925324,-76.23284593502969
53015,incendio,-6.7384,-76.4034
53021,no_incendio,-6.819960436835468,-75.76204305997081
53025,incendio,-6.6172,-76.4804
53026,no_incendio,-5.4324592687941,-76.16239104777486
53041,incendio,-7.2161,-76.0822
53047,no_incendio,-5.719203795161454,-76.0632701523621
53052,no_incendio,-7.190259524857835,-76.68608585816432
53054,no_incendio,-6.163392021425101,-76.6587242460342
53060,no_incendio,-6.709233322192638,-77.51049806027564
53076,incendio,-8.6197,-76.7306
53086,incendio,-6.6314,-76.4923
53097,no_incendio,-6.836006339265761,-75.80496615427175
53111,incendio,-5.4939,-76.5377
53112,no_incendio,-6.60024344042182,-76.28088372901857
53123,no_incendio,-5.508797884476139,-76.57706115239465
53128,no_incendio,-6.136716909605955,-76.35666700182222
53130,incendio,-5.7225,-77.4051
53131,no_incendio,-6.569933219427762,-75.5278161670118
53134,incendio,-7.5329,-76.4362
53135,incendio,-6.4905,-76.3679
53140,no_incendio,-6.590197592397879,-75.98025100323518
53142,incendio,-6.6653,-76.4637
53143,no_incendio,-6.114431837075887,-77.3791914454974
53147,no_incendio,-6.000913642665956,-77.14500157376662
53163,incendio,-5.8386,-76.372
53169,incendio,-5.701,-75.8468
53184,no_incendio,-6.9260270516583,-76.1608919912471
53195,no_incendio,-6.249559347527708,-77.38514191347497
53204,incendio,-6.4726,-76.7823
53205,incendio,-6.9364,-76.4807
53207,incendio,-5.7318,-77.407
53208,incendio,-6.8853,-76.594
53212,no_incendio,-6.224885960981276,-76.91366721974305
53221,no_incendio,-6.4800299159294745,-75.86986955910662
53223,incendio,-7.167,-76.4024
53225,no_incendio,-6.542252546530441,-76.69178298792589
53226,no_incendio,-6.9260270516583,-76.1608919912471
53241,incendio,-6.4126,-77.3569
53244,no_incendio,-7.111569656244363,-77.04269521527607
53245,no_incendio,-6.006937780860308,-77.45432250461575
53248,no_incendio,-7.127830025342514,-77.33172299006912
53253,incendio,-5.8485,-76.5415
53257,incendio,-8.1865,-76.5171
53262,no_incendio,-7.1695522446443345,-76.10103400972879
53264,no_incendio,-6.296125170251722,-76.27573079441521
53265,no_incendio,-6.825057480379352,-77.49883680928833
53271,incendio,-8.424,-76.3847
53278,incendio,-6.2151,-76.1413
53296,incendio,-7.0845,-77.64
53302,no_incendio,-6.30791982416226,-77.35125522509678
53323,no_incendio,-6.231532660134269,-77.43051392350198
53329,no_incendio,-6.883760214306626,-75.62202390814382
53330,no_incendio,-6.787959079277664,-75.64572689392233
53333,incendio,-6.3522,-75.7622
53345,incendio,-6.9209,-77.7734
53349,no_incendio,-7.325700741079294,-77.06360146385256
53357,incendio,-6.4534,-76.5512
53364,no_incendio,-6.402507911708669,-75.63264270737905
53374,incendio,-7.2015,-76.3845
53376,incendio,-6.8872,-76.8129
53379,incendio,-8.4846,-76.3552
53380,no_incendio,-7.378012032391012,-77.45917085361808
53381,incendio,-5.5066,-75.835
53382,no_incendio,-6.590453070259288,-76.04913179233263
53383,no_incendio,-7.508397223486154,-75.66150958377543
53392,no_incendio,-6.324934683730277,-76.81019781469472
53398,no_incendio,-6.729488491648472,-77.03653906594069
53399,incendio,-7.2186,-76.8589
53418,no_incendio,-7.291269329879484,-76.54650698845496
53421,incendio,-6.7492,-76.7193
53423,incendio,-6.5311,-77.7709
53425,no_incendio,-7.192625795202753,-75.79931940133156
53438,no_incendio,-7.4500171761306255,-77.030145813453
53440,incendio,-6.463,-76.5905
53441,no_incendio,-6.886318678721428,-75.69795842959347
53443,incendio,-6.317,-76.0374
53450,incendio,-7.3283,-76.3637
53451,incendio,-5.5308,-76.7204
53452,no_incendio,-7.532917537712722,-76.04821551837472
53460,no_incendio,-6.871083272493799,-75.76930140332634
53461,incendio,-6.6904,-76.66
53465,incendio,-6.7614,-76.7032
53470,no_incendio,-7.196044028055804,-76.77405078763431
53477,no_incendio,-5.797671068529707,-76.36918688461087
53482,incendio,-6.5055,-76.8316
53483,no_incendio,-6.081693229189671,-76.04554760839422
53492,incendio,-8.5836,-76.113
53494,no_incendio,-5.389176452484517,-75.81151917065094
53496,incendio,-7.2305,-76.8854
53498,incendio,-6.949,-76.5573
53499,incendio,-5.9787,-75.9307
53504,no_incendio,-6.0017769805371435,-76.54978075200272
53506,no_incendio,-7.317626251154921,-75.78361603634158
53508,incendio,-6.4613,-76.4606
53520,no_incendio,-6.337630898858479,-77.22298031852678
53523,no_incendio,-7.332916187784927,-76.99914864296008
53525,incendio,-6.2,-76.7439
53526,incendio,-6.0247,-76.3134
53544,incendio,-5.9058,-76.4085
53551,no_incendio,-6.650069273774372,-77.45753589439983
53552,no_incendio,-5.426612634680184,-75.58435399600397
53555,incendio,-6.1349,-76.8597
53559,no_incendio,-6.026656147123168,-76.76469510540855
53561,no_incendio,-7.082226882888392,-75.74798202243628
53568,incendio,-8.413,-76.2396
53571,no_incendio,-7.371926664770868,-77.38249391708561
53576,incendio,-6.5672,-75.6815
53577,no_incendio,-7.145399618003832,-77.00792044464232
53579,incendio,-5.6306,-76.6069
53582,no_incendio,-6.333472406743339,-75.64833382378124
53586,no_incendio,-7.598815481458372,-76.55352785980209
53588,no_incendio,-6.400338002031925,-76.1292712340201
53590,incendio,-7.0462,-76.656
53595,no_incendio,-5.62998043999866,-76.34952477053923
53603,incendio,-8.6682,-76.9399
53605,incendio,-7.2478,-76.6055
53609,no_incendio,-5.740185734953845,-76.52718705325192
53611,incendio,-5.915,-75.8463
53618,no_incendio,-6.208571378644004,-77.08847372883292
53626,no_incendio,-5.508797884476139,-76.57706115239465
53628,no_incendio,-6.590618313605878,-75.87293609884875
53643,no_incendio,-6.124908546496211,-75.75141276131208
53644,no_incendio,-5.875471323487407,-77.45654526806348
53650,incendio,-5.9779,-76.1248
53654,no_incendio,-6.576004984769571,-77.51523302793387
53655,incendio,-7.1803,-76.8062
53664,no_incendio,-6.557560588378224,-76.50430262965486
53674,no_incendio,-5.6355072776323825,-77.05987553143974
53692,no_incendio,-6.729806246426535,-76.87013039720924
53694,no_incendio,-6.882432262080377,-75.90126287963834
53696,incendio,-7.5231,-77.4576
53697,no_incendio,-6.622512429028128,-75.69288323438259
53708,no_incendio,-6.931488241799888,-76.75916732730077
53710,incendio,-7.2745,-77.5835
53715,incendio,-5.7757,-75.9818
53720,incendio,-7.2795,-76.8082
53722,incendio,-5.9697,-76.2962
53750,no_incendio,-6.677775402102643,-76.83019542388436
53754,no_incendio,-6.834902492352533,-77.15059777266319
53755,no_incendio,-6.939758211874388,-76.17566888296336
53756,incendio,-6.7783,-76.4209
53760,incendio,-7.1297,-76.0982
53765,incendio,-8.5974,-76.2945
53771,no_incendio,-5.3170098474698,-75.90718083995199
53772,no_incendio,-7.547004527368286,-77.14424900414204
53774,no_incendio,-6.416369783766856,-77.46099434503463
53775,incendio,-7.5223,-76.7162
53783,incendio,-7.4474,-76.7574
53785,no_incendio,-5.789563027304849,-76.53201355790475
53786,incendio,-7.3799,-76.7568
53790,no_incendio,-7.419812910820906,-75.99406148062167
53792,no_incendio,-6.1290157028955905,-75.56386178427238
53795,no_incendio,-7.593724484851976,-77.34754973911781
53801,no_incendio,-6.982455617549805,-76.38860618436227
53804,incendio,-7.2637,-76.6289
53805,incendio,-6.9282,-76.9013
53817,incendio,-5.73,-77.394
53818,incendio,-8.0804,-77.2603
53827,no_incendio,-7.354001962679465,-76.87586506840084
53830,incendio,-6.3143,-76.1074
53834,incendio,-7.1146,-76.9643
53842,no_incendio,-5.940833223348477,-76.76215332326328
53847,no_incendio,-5.637143675477756,-76.46390106880192
53848,incendio,-8.3898,-75.5296
53850,no_incendio,-5.818727365285151,-76.86751655981939
53860,incendio,-8.6462,-76.2463
53866,incendio,-7.3444,-76.6192
53867,incendio,-8.2382,-76.4419
53874,incendio,-6.4222,-77.4226
53877,incendio,-5.9464,-76.2295
53883,incendio,-6.1365,-75.9906
53890,no_incendio,-6.227801736418022,-76.3562846673644
53894,incendio,-7.2285,-76.2689
53899,no_incendio,-6.30791982416226,-77.35125522509678
53902,incendio,-6.0326,-76.3295
53908,no_incendio,-5.434734993358147,-76.94653262890384
53913,no_incendio,-5.776890989468168,-77.17544694472763
53919,no_incendio,-7.450227101420001,-77.22165209135423
53933,incendio,-5.8992,-76.3244
53946,no_incendio,-7.527611322889828,-76.67002527157386
53948,incendio,-6.5052,-76.4761
53963,no_incendio,-7.552000736404346,-77.05977682552361
53966,no_incendio,-6.736094048254664,-75.79047035285556
53970,incendio,-6.9556,-76.5022
53979,incendio,-5.897,-76.1204
53986,no_incendio,-5.399746644332469,-76.68187059720576
53987,incendio,-6.6955,-77.595
53998,no_incendio,-5.631534863423365,-75.5444078955286
54004,no_incendio,-6.091674894114575,-77.31779067927825
54012,no_incendio,-6.072007171578419,-77.37389388906047
54020,no_incendio,-6.725956984213016,-76.31094915112595
54028,incendio,-6.3637,-76.5145
54038,no_incendio,-6.736884280770205,-76.9775738185435
54040,incendio,-8.6112,-75.5925
54045,no_incendio,-7.0026426990635535,-77.36552672269332
54055,no_incendio,-5.998881730764309,-77.1385121318961
54059,incendio,-6.4448,-76.4356
54061,incendio,-8.6157,-76.3365
54063,no_incendio,-6.877247924736086,-76.70115338296226
54064,no_incendio,-5.384324497906241,-76.81955746951022
54066,no_incendio,-7.2339632492782835,-76.73433396854956
54073,incendio,-7.2424,-77.0695
54075,incendio,-6.5051,-75.7278
54079,incendio,-8.586,-75.5621
54092,no_incendio,-5.759511577701185,-76.14983081507849
54093,no_incendio,-6.963743688695052,-77.15890290229473
54100,incendio,-6.8824,-76.7652
54101,no_incendio,-6.178368777472011,-76.33706394423045
54108,no_incendio,-6.057689001760209,-76.31599873271878
54110,no_incendio,-6.733687512476174,-75.74855689788478
54111,no_incendio,-5.872543626896172,-76.44213080221468
54114,incendio,-6.8052,-76.5432
54117,no_incendio,-7.152157832421082,-77.44831592237493
54139,incendio,-8.7225,-77.7767
54143,no_incendio,-7.245236344594437,-75.87140818649081
54147,incendio,-6.8178,-76.6415
54149,no_incendio,-7.427821513315094,-77.09535827635182
54151,incendio,-5.7049,-76.2651
54154,no_incendio,-7.276587033646778,-76.71291357389988
54160,incendio,-5.6767,-76.1782
54169,incendio,-7.4439,-77.5837
54172,no_incendio,-6.230021779466632,-76.57667653530646
54177,no_incendio,-6.634686692730256,-75.5796876028018
54186,no_incendio,-6.880264689541971,-77.33984954598883
54191,incendio,-6.2515,-76.1678
54193,incendio,-8.5563,-76.9338
54203,incendio,-5.91,-75.9566
54204,no_incendio,-6.367884072608207,-76.17501426406548
54211,no_incendio,-7.174304209114396,-76.54277799438324
54217,no_incendio,-7.316542689651407,-77.09719219444501
54225,incendio,-7.6061,-76.6151
54226,incendio,-5.8719,-76.3961
54234,incendio,-6.4944,-76.763
54238,no_incendio,-5.577290052521281,-76.32966434490925
54248,incendio,-7.2236,-76.6524
54269,incendio,-6.6805,-76.7095
54270,incendio,-7.1666,-76.6645
54274,incendio,-7.2452,-76.3834
54279,no_incendio,-7.554963436234575,-75.69130210162552
54285,incendio,-6.3176,-77.5639
54288,no_incendio,-5.60683404112794,-77.27867668965091
54289,no_incendio,-5.747289104744423,-76.88274608576704
54290,no_incendio,-5.317490731831781,-77.05291423448321
54299,no_incendio,-5.928392145710498,-76.5403998802667
54305,no_incendio,-6.587743088391281,-75.70665174033093
54309,no_incendio,-5.629475532551382,-77.50061748638073
54319,incendio,-6.5729,-76.7529
54329,incendio,-6.3159,-75.8316
54334,no_incendio,-6.377843437674785,-75.69894560383477
54340,no_incendio,-5.811190643666691,-76.41076755798852
54348,no_incendio,-6.480910366032293,-76.46284954850665
54352,incendio,-8.506,-76.3096
54365,no_incendio,-6.376726836973272,-77.35752912688064
54378,incendio,-8.1209,-76.4994
54380,incendio,-6.7594,-77.278
54383,no_incendio,-5.5941151159540015,-75.60783919102062
54385,incendio,-5.6885,-76.2527
54386,incendio,-8.3087,-76.6411
54389,no_incendio,-6.480391966428419,-77.42730148887621
54402,no_incendio,-6.040843804619021,-75.5134205645717
54405,no_incendio,-6.788644402631232,-76.08655221338569
54409,no_incendio,-7.320681720418793,-75.65489361084256
54410,incendio,-8.0348,-77.4539
54411,incendio,-5.3352,-76.7832
54418,no_incendio,-7.1439208952470965,-77.38092521559295
54438,no_incendio,-7.488895468406661,-77.22046866095448
54445,incendio,-5.8526,-76.2069
54448,no_incendio,-6.331589003630742,-76.77579913568411
54457,incendio,-5.9678,-75.9307
54458,incendio,-6.5893,-76.1082
54465,no_incendio,-5.454661580886559,-77.46777785872058
54468,no_incendio,-5.739591127784566,-75.99955564974134
54479,incendio,-6.4916,-76.3817
54481,incendio,-8.5412,-76.3925
54482,no_incendio,-5.706911774664528,-77.15797296628834
54483,incendio,-5.4955,-76.7497
54486,incendio,-5.9017,-76.1142
54500,incendio,-8.093,-76.6872
54507,incendio,-6.2284,-75.947
54509,no_incendio,-6.146020638711784,-75.61071933850509
54513,no_incendio,-6.931488241799888,-76.75916732730077
54516,no_incendio,-5.629475532551382,-77.50061748638073
54517,incendio,-6.1799,-76.3386
54520,no_incendio,-5.979395848987274,-75.81605060669331
54521,no_incendio,-5.504827246357519,-77.16574913944
54531,no_incendio,-7.156566202951519,-76.39767455117727
54542,incendio,-7.162,-76.9545
54544,incendio,-7.078,-76.8053
54545,no_incendio,-5.532971684555294,-77.02280558006699
54547,incendio,-7.1545,-76.3184
54549,no_incendio,-7.390169812745361,-75.85173982819381
54558,incendio,-7.1139,-76.5139
54563,no_incendio,-6.353424809181855,-75.63008762129351
54577,no_incendio,-6.006937780860308,-77.45432250461575
54590,no_incendio,-6.420478782048784,-76.46157866406858
54591,incendio,-6.7778,-76.4184
54592,incendio,-7.1086,-76.6352
54596,no_incendio,-7.267527749331178,-76.00258934511766
54598,no_incendio,-7.061403957049695,-76.62981524420255
54601,no_incendio,-5.592843733729189,-75.8469852314677
54609,incendio,-5.4013,-76.8491
54613,no_incendio,-6.428027041919373,-76.62475957936073
54623,no_incendio,-5.993099838060813,-76.1739103851831
54631,incendio,-8.6313,-76.1036
54638,incendio,-7.0061,-76.2401
54639,incendio,-8.159,-76.6787
54640,incendio,-6.7426,-76.6805
54644,no_incendio,-7.0475824644559095,-77.00777977835193
54646,incendio,-6.1808,-77.4588
54648,no_incendio,-5.31562173519542,-75.64368786803017
54650,incendio,-5.304,-76.2672
54653,no_incendio,-7.384008271248504,-77.19420546410333
54655,no_incendio,-6.768246356022148,-77.34898684785115
54663,no_incendio,-6.3431574963922905,-76.8897013975212
54665,incendio,-6.7198,-76.4895
54679,no_incendio,-5.89446781447664,-77.22849214912743
54682,no_incendio,-7.587620813063947,-76.03285942876866
54695,incendio,-7.2781,-76.4555
54718,no_incendio,-5.974627825335505,-76.8393257597771
54719,no_incendio,-7.208517788052751,-77.27726682011853
54720,no_incendio,-5.382698663545955,-75.70884428974506
54722,no_incendio,-7.349457434232458,-77.2287510721594
54731,incendio,-8.1646,-77.1191
54733,no_incendio,-7.52893790740652,-77.07253517227397
54737,no_incendio,-5.6996412211902,-75.5074681731858
54747,no_incendio,-5.317490731831781,-77.05291423448321
54750,no_incendio,-7.070198196068285,-76.36379595586068
54762,no_incendio,-7.0475824644559095,-77.00777977835193
54766,no_incendio,-5.60683404112794,-77.27867668965091
54773,no_incendio,-6.594359651694001,-75.81359177197494
54782,no_incendio,-6.040209440060914,-75.6194334979568
54784,incendio,-7.3255,-76.7369
54786,incendio,-8.4275,-76.7512
54789,no_incendio,-7.443277568920015,-75.95948688269024
54794,no_incendio,-6.323745703888591,-76.07826663303581
54798,no_incendio,-5.412071364186887,-77.00251056339543
54804,incendio,-7.3152,-76.7952
54808,no_incendio,-7.495613592310532,-75.66310159178755
54813,incendio,-6.4037,-77.3717
54820,incendio,-5.842,-77.2904
54833,no_incendio,-5.8624058726324275,-77.54256899267752
54834,no_incendio,-6.324884637478815,-77.29362980195512
54835,incendio,-7.4819,-76.3979
54842,incendio,-8.6742,-76.2994
54845,no_incendio,-6.6832264067033,-77.40030797685029
54846,no_incendio,-5.709919403753175,-77.18915952963572
54849,incendio,-7.0696,-76.8331
54851,no_incendio,-7.6003471250061425,-76.18857699535684
54855,incendio,-5.9584,-75.8675
54856,incendio,-5.9467,-76.9146
54860,incendio,-6.4975,-76.3693
54863,incendio,-5.5992,-76.4057
54866,no_incendio,-5.941437702339227,-76.71661667859928
54871,incendio,-5.5481,-75.8295
54874,no_incendio,-6.859834032339221,-77.17846783969736
54875,no_incendio,-7.208457886315255,-75.76495343289794
54879,incendio,-5.7912,-76.0228
54881,incendio,-7.4688,-76.6854
54885,incendio,-7.5925,-76.4862
54887,no_incendio,-6.013807781245941,-77.54515653099793
54894,incendio,-5.7214,-75.7186
54900,no_incendio,-7.196513313319464,-76.34355474331385
54902,no_incendio,-5.808189893519151,-75.58463969579134
54908,incendio,-6.909,-76.6591
54912,incendio,-5.446,-76.8099
54913,no_incendio,-6.758724816086575,-76.05879675132634
54919,incendio,-8.3432,-76.7472
54920,no_incendio,-6.088150630105884,-77.05183868742043
54925,incendio,-7.3168,-76.6305
54930,incendio,-6.6367,-76.6427
54932,incendio,-8.3193,-76.397
54941,no_incendio,-5.707217935164065,-76.52295370572979
54943,incendio,-5.9709,-76.4821
54951,incendio,-7.0071,-76.344
54965,incendio,-6.6903,-76.5024
54968,no_incendio,-6.742426821485937,-75.840077033376
54970,incendio,-6.7364,-76.684
54979,no_incendio,-5.588466979788065,-76.18717580992774
54986,incendio,-7.1552,-76.8603
54993,incendio,-8.1841,-76.3546
55011,incendio,-5.8279,-76.2219
55023,no_incendio,-5.5280435147957645,-75.64292390382334
55024,no_incendio,-5.698299617649455,-76.9877048304902
55033,incendio,-8.3418,-76.2762
55042,no_incendio,-5.463870053471811,-75.65012298252523
55056,incendio,-6.1837,-75.8847
55067,no_incendio,-5.89795943446839,-76.15835756218627
55071,no_incendio,-5.8115954954872135,-76.36754698151917
55073,incendio,-7.8438,-76.7446
55078,incendio,-7.4916,-76.7353
55081,incendio,-7.4709,-76.2263
55084,no_incendio,-6.234614825176705,-77.3723732006722
55090,incendio,-8.4213,-76.4261
55098,no_incendio,-5.91369294253363,-76.91673941934057
55117,incendio,-7.3312,-76.3811
55125,incendio,-7.1102,-76.5112
55129,incendio,-8.673,-76.32
55130,incendio,-7.3506,-76.8926
55137,no_incendio,-5.360774716680023,-76.65130740948035
55153,incendio,-6.9955,-76.1877
55158,no_incendio,-5.670265351646696,-76.15936780244608
55159,no_incendio,-6.735984440425587,-77.00622820601815
55162,no_incendio,-6.386426402369189,-77.04162489751405
55163,incendio,-6.5522,-76.3996
55170,incendio,-6.8612,-76.6007
55175,no_incendio,-5.985543510791079,-75.55610035209125
55178,incendio,-6.7384,-76.5601
55182,no_incendio,-7.186570265010596,-75.84461863050306
55189,no_incendio,-6.397916753583541,-76.88339705526924
55194,no_incendio,-7.523779550040388,-76.57430086125386
55195,incendio,-6.605,-76.4174
55197,incendio,-5.9686,-76.0599
55202,incendio,-7.5153,-76.4266
55203,no_incendio,-6.8241555048520945,-76.01927599626522
55205,incendio,-6.3206,-75.7785
55214,no_incendio,-6.238722534494159,-76.96599757551694
55217,no_incendio,-6.41045269770062,-76.39156709032302
55221,incendio,-6.8937,-76.2521
55223,incendio,-7.0712,-76.7833
55227,no_incendio,-5.3838831063176515,-76.49104845789617
55229,incendio,-5.6502,-76.5533
55247,incendio,-6.252,-76.315
55250,incendio,-7.9702,-76.7173
55253,incendio,-8.4196,-76.4629
55255,no_incendio,-5.906320557671209,-76.16456069117528
55259,no_incendio,-6.4800299159294745,-75.86986955910662
55268,incendio,-7.1772,-76.1807
55272,incendio,-6.4254,-75.701
55286,no_incendio,-6.694264893002906,-76.05015609684683
55293,no_incendio,-6.248030507497377,-77.52671049342304
55310,incendio,-5.7808,-75.9113
55320,no_incendio,-5.364143829036743,-76.95415482559467
55324,no_incendio,-6.859834032339221,-77.17846783969736
55327,incendio,-7.0815,-76.7059
55328,no_incendio,-6.042344688075439,-75.58423135699039
55335,incendio,-7.2889,-76.8025
55336,incendio,-7.5103,-76.442
55341,incendio,-7.2901,-76.1574
55342,incendio,-6.8334,-76.6499
55346,incendio,-7.6087,-76.6179
55350,no_incendio,-6.388532043555506,-76.84726928607184
55352,incendio,-7.4862,-76.5559
55358,no_incendio,-5.849268078249962,-76.0787263818459
55371,no_incendio,-5.420009462532595,-77.54497332899014
55376,no_incendio,-5.7870347665351245,-76.83855785035811
55380,no_incendio,-7.583028139538337,-75.69881965938345
55385,no_incendio,-6.1592934714330285,-77.34475903708392
55391,incendio,-5.6824,-76.1641
55398,no_incendio,-7.251215765230244,-76.69670530916802
55412,no_incendio,-6.742426821485937,-75.840077033376
55413,incendio,-7.0887,-77.0792
55431,no_incendio,-7.224623096753857,-76.90340581488266
55435,incendio,-7.2374,-76.8678
55436,incendio,-8.0649,-77.5269
55437,no_incendio,-7.560257578514154,-75.8825568546828
55443,incendio,-5.698,-77.4912
55454,incendio,-6.46,-76.981
55457,no_incendio,-5.423352355280385,-75.9768451523196
55458,no_incendio,-5.4484392138134945,-75.95921509359859
55463,no_incendio,-6.745283632589781,-76.33682715106067
55465,no_incendio,-6.572959136388864,-76.70713570582085
55470,incendio,-7.0347,-77.7972
55484,incendio,-5.678,-77.2934
55490,no_incendio,-5.971167138004345,-76.3740699604034
55492,incendio,-7.1917,-76.8638
55494,no_incendio,-5.728382445396997,-77.12017555927592
55498,no_incendio,-5.759511577701185,-76.14983081507849
55503,no_incendio,-6.8707527834716435,-77.1546220579287
55507,incendio,-8.1853,-77.5575
55511,no_incendio,-5.834688696045425,-76.52690718058605
55518,incendio,-6.5924,-75.7001
55524,no_incendio,-6.960339111557958,-75.64609550577184
55525,no_incendio,-5.894898869067559,-77.35176843132272
55527,no_incendio,-5.60263772570773,-75.78275132850642
55528,no_incendio,-7.011514074885707,-76.73934268520709
55529,no_incendio,-5.5463833686959125,-76.92476001499328
55530,no_incendio,-6.390597266026688,-76.66038678496503
55535,no_incendio,-6.444054607789215,-75.60852282337595
55542,no_incendio,-6.4080436516823225,-77.02161843514952
55543,no_incendio,-7.431414415877487,-76.13136950681124
55546,no_incendio,-6.555810705714814,-75.58765246403257
55547,incendio,-5.7331,-77.364
55562,no_incendio,-7.5636797148906325,-76.80582387525504
55566,incendio,-6.9897,-76.1935
55568,incendio,-6.7483,-76.8253
55570,no_incendio,-6.590197592397879,-75.98025100323518
55573,no_incendio,-5.531434005442488,-77.13875106909684
55577,incendio,-6.0208,-76.1321
55584,incendio,-7.5624,-76.6198
55587,incendio,-8.6358,-76.9069
55591,incendio,-6.9184,-76.6752
55603,incendio,-6.4386,-75.8345
55618,no_incendio,-7.420738238712349,-77.50365613060586
55624,no_incendio,-5.641271222445664,-77.2589065650696
55628,no_incendio,-6.246302114010693,-75.65691913180889
55630,incendio,-6.9539,-76.9327
55639,no_incendio,-6.8808047229850295,-76.28180482094469
55642,incendio,-7.2698,-77.0291
55651,incendio,-7.2818,-76.3149
55653,incendio,-7.3895,-77.6704
55654,no_incendio,-6.110977096163155,-77.0520623179512
55657,incendio,-5.8975,-76.115
55662,no_incendio,-6.3431574963922905,-76.8897013975212
55666,incendio,-6.9162,-77.7504
55667,incendio,-6.0051,-77.0917
55671,incendio,-5.9434,-76.5054
55674,incendio,-6.6245,-75.5859
55679,incendio,-6.4844,-75.746
55684,incendio,-6.9922,-77.7736
55688,no_incendio,-6.856923978483267,-76.96918980938075
55705,no_incendio,-7.495613592310532,-75.66310159178755
55708,incendio,-6.128,-77.2153
55715,incendio,-6.0262,-76.364
55718,incendio,-7.3716,-76.3993
55719,no_incendio,-5.3750389583532385,-76.27737605989306
55722,incendio,-6.7644,-76.5721
55723,no_incendio,-5.6897437871119,-77.10615819747757
55727,no_incendio,-5.943086820538844,-77.20310189012812
55728,incendio,-6.9657,-76.5676
55730,no_incendio,-7.560257578514154,-75.8825568546828
55734,no_incendio,-6.391881397317083,-77.53216465937516
55743,incendio,-5.9435,-77.311
55745,no_incendio,-6.040843804619021,-75.5134205645717
55749,incendio,-7.289,-76.146
55758,no_incendio,-6.960339111557958,-75.64609550577184
55768,incendio,-8.3635,-76.5213
55774,no_incendio,-6.0017769805371435,-76.54978075200272
55775,no_incendio,-6.802375216185101,-76.58944416230916
55776,incendio,-8.4708,-76.2355
55783,no_incendio,-6.928184042805378,-76.77151382737259
55784,no_incendio,-6.325765977825784,-76.5205147871752
55787,no_incendio,-6.3065520769299415,-76.52048775212563
55793,no_incendio,-5.784820775425025,-76.88322925526231
55800,incendio,-6.4643,-76.5111
55801,incendio,-7.278,-76.1448
55803,incendio,-5.5468,-76.6816
55812,incendio,-7.5471,-76.6268
55816,incendio,-6.7475,-76.468
55820,no_incendio,-7.093257969486561,-77.25013940551041
55829,incendio,-7.5958,-76.4504
55832,no_incendio,-5.561988258344413,-76.88991934204635
55834,incendio,-6.6854,-76.6655
55843,incendio,-6.2495,-76.0605
55849,no_incendio,-5.31562173519542,-75.64368786803017
55857,no_incendio,-6.038754568131664,-76.35371867515885
55858,incendio,-7.0506,-76.7922
55860,incendio,-8.7657,-76.1535
55861,incendio,-5.9482,-76.4888
55862,incendio,-6.8754,-76.8797
55868,no_incendio,-5.791181789509089,-77.46024775242152
55872,incendio,-8.441,-76.2218
55886,incendio,-7.0179,-76.8669
55891,incendio,-7.0633,-77.0799
55893,no_incendio,-6.851922134143454,-76.90818662457491
55896,no_incendio,-6.632429838819291,-76.85546244307059
55897,incendio,-7.3162,-76.5742
55904,incendio,-6.8434,-76.8716
55913,incendio,-7.2755,-76.8271
55917,incendio,-8.2512,-76.4341
55922,incendio,-6.5201,-76.4488
55928,incendio,-7.3107,-75.5177
55938,incendio,-7.4809,-76.5478
55949,no_incendio,-6.217977569363936,-76.69976022852224
55953,no_incendio,-6.741427767846081,-75.52300413513564
55958,incendio,-6.5663,-77.7804
55961,no_incendio,-6.082418461874669,-76.27878687106944
55997,no_incendio,-7.127093555738052,-76.84105088577114
55999,no_incendio,-7.259025792408945,-76.1069982504593
56017,no_incendio,-7.217736549985553,-75.80888423805258
56027,no_incendio,-5.734144568873576,-75.90585662556418
56033,incendio,-5.6909,-75.9229
56037,incendio,-5.7449,-77.4343
56039,incendio,-7.6013,-77.7843
56051,incendio,-5.8913,-76.3716
56052,incendio,-6.0841,-75.8014
56055,no_incendio,-5.9287884158970305,-76.31836219337158
56057,no_incendio,-5.4956287964108785,-77.39970137101125
56061,incendio,-6.0114,-77.1398
56063,incendio,-7.074,-76.826
56071,incendio,-8.0005,-76.6634
56080,incendio,-6.5339,-75.6316
56081,incendio,-7.1528,-76.9785
56091,no_incendio,-5.5084858154243905,-75.90684850496002
56115,no_incendio,-5.916451876326068,-76.42141770409339
56126,no_incendio,-6.490435100183895,-76.04212659409674
56129,no_incendio,-6.756685989962618,-75.83002754028344
56136,incendio,-7.9066,-75.5525
56138,incendio,-6.4676,-77.1136
56140,incendio,-5.7405,-76.2375
56146,no_incendio,-6.825057480379352,-77.49883680928833
56147,incendio,-7.8823,-76.7006
56152,no_incendio,-6.327343874329971,-76.29354784738233
56166,incendio,-5.7846,-76.3965
56177,incendio,-8.6812,-76.2679
56180,no_incendio,-6.715205623153173,-76.11809578650696
56184,incendio,-7.0006,-76.6854
56187,incendio,-8.7616,-76.1299
56189,incendio,-8.5781,-76.5862
56192,incendio,-8.5212,-76.9695
56193,no_incendio,-6.165061446367449,-75.9664591742673
56197,incendio,-5.9042,-76.1134
56198,incendio,-5.9299,-76.4567
56218,no_incendio,-5.592798700137297,-76.77202119029057
56223,no_incendio,-6.000321843594466,-77.16959710695784
56224,incendio,-7.0867,-76.2803
56225,incendio,-6.0192,-75.8592
56230,incendio,-6.0109,-75.8171
56232,incendio,-6.6045,-75.6047
56234,incendio,-6.4729,-77.4084
56237,no_incendio,-6.424628672692531,-76.43252138876545
56239,incendio,-6.7786,-76.5117
56240,no_incendio,-6.178368777472011,-76.33706394423045
56243,no_incendio,-5.882545131668422,-77.4252687375934
56255,no_incendio,-6.931842163036034,-76.53424888448937
56256,incendio,-7.2225,-76.8014
56257,incendio,-7.2031,-77.0259
56260,no_incendio,-6.591526889483433,-77.26946848843974
56263,incendio,-8.4418,-77.7076
56265,no_incendio,-5.508214763979514,-75.68261084884283
56270,no_incendio,-6.7392978420431415,-76.19966664513106
56280,no_incendio,-6.827947755317633,-77.24078320536096
56282,no_incendio,-5.802372431085104,-75.57878108958735
56285,no_incendio,-5.326931537697329,-77.25175106818679
56287,no_incendio,-7.320681720418793,-75.65489361084256
56296,no_incendio,-7.56354574516261,-76.00460014183221
56305,no_incendio,-5.847773952672416,-76.45786537475786
56319,incendio,-6.5669,-75.5711
56320,incendio,-6.9554,-76.7487
56338,incendio,-8.7229,-76.1185
56339,no_incendio,-6.761574880071224,-76.52109859066432
56349,no_incendio,-7.518549043794622,-77.46918278069812
56351,incendio,-8.7961,-77.0857
56354,no_incendio,-6.7133301961826755,-75.60854075962672
56360,no_incendio,-5.937659253977012,-77.34942172737706
56362,no_incendio,-6.088150630105884,-77.05183868742043
56372,incendio,-6.2528,-75.8275
56373,incendio,-7.0597,-76.1014
56376,incendio,-6.2933,-75.8077
56379,incendio,-6.8502,-76.8891
56380,no_incendio,-6.253873442293271,-77.4856518253099
56384,no_incendio,-6.081693229189671,-76.04554760839422
56386,no_incendio,-5.7595902055188795,-75.77924853201874
56403,incendio,-6.144,-77.5152
56410,no_incendio,-6.9560251993392335,-75.65244127896328
56412,no_incendio,-7.487565239153625,-77.31329030244564
56413,incendio,-7.5087,-76.7251
56417,incendio,-7.1425,-76.8569
56422,no_incendio,-5.3699868320408415,-75.54453001162278
56424,no_incendio,-6.446999968584335,-76.20534088443561
56431,no_incendio,-5.871711432876104,-76.01772742487569
56434,incendio,-5.3565,-76.5607
56436,incendio,-7.3271,-76.9669
56440,incendio,-7.3421,-76.666
56442,no_incendio,-6.707120382693278,-76.63620710614674
56445,no_incendio,-5.8586832152668595,-76.15130829850591
56447,no_incendio,-6.017393971898976,-75.85609561110088
56455,no_incendio,-7.532869703153675,-75.62377754135032
56460,incendio,-8.4458,-76.3668
56466,no_incendio,-5.592384500349762,-76.12339689137886
56470,incendio,-8.4648,-76.2602
56480,incendio,-7.1693,-76.4939
56487,no_incendio,-5.339988911138568,-75.94604419335825
56501,incendio,-8.3933,-76.5506
56503,no_incendio,-6.400338002031925,-76.1292712340201
56508,no_incendio,-6.189900798297541,-77.11922448268243
56512,incendio,-5.8165,-77.2103
56516,incendio,-5.7645,-77.1535
56519,incendio,-6.3403,-75.7139
56530,incendio,-7.1377,-76.3144
56536,incendio,-7.2369,-76.6207
56540,incendio,-6.6158,-75.6643
56545,incendio,-7.0037,-76.5229
56546,no_incendio,-5.784820775425025,-76.88322925526231
56550,no_incendio,-6.959105963658491,-76.85747096898318
56551,no_incendio,-6.851346088597758,-76.87565472102605
56568,incendio,-7.252,-76.6887
56570,no_incendio,-6.48340164417584,-76.67965578486029
56574,no_incendio,-5.759511577701185,-76.14983081507849
56583,incendio,-5.686,-76.0512
56584,no_incendio,-6.023168032179068,-77.26981479042486
56596,no_incendio,-5.586947404667705,-76.96796502244129
56609,no_incendio,-7.391354511869424,-77.17370886410413
56613,incendio,-5.3446,-76.5672
56615,incendio,-7.1212,-76.3166
56617,no_incendio,-7.106983766497296,-76.41530269638099
56618,incendio,-7.1017,-76.227
56620,no_incendio,-5.976473792691887,-77.521298056028
56638,incendio,-8.2445,-76.6216
56641,incendio,-5.9774,-75.8402
56650,no_incendio,-6.8707527834716435,-77.1546220579287
56652,incendio,-5.7691,-77.4096
56657,no_incendio,-6.558646082464617,-76.16096804971144
56665,no_incendio,-6.333472406743339,-75.64833382378124
56675,no_incendio,-7.20916394163281,-76.74882653338932
56679,no_incendio,-5.413750833598563,-75.87946450439262
56684,incendio,-8.5302,-76.4071
56693,no_incendio,-6.501541232968051,-77.42157786801864
56698,incendio,-6.7591,-76.417
56703,incendio,-6.0522,-77.0865
56709,no_incendio,-7.087560477783244,-76.48701616296685
56711,incendio,-8.308,-77.1799
56728,incendio,-7.3567,-76.5442
56733,no_incendio,-6.440107687486793,-76.71961125303099
56738,no_incendio,-5.8513705657504405,-76.02980196988514
56743,no_incendio,-6.812990607089626,-75.70820307560577
56744,incendio,-6.7226,-76.4419
56755,no_incendio,-5.746784627492212,-75.78617751665539
56758,no_incendio,-7.143611941895854,-76.83926289395374
56766,incendio,-7.1051,-76.0974
56767,incendio,-7.433,-76.707
56768,no_incendio,-5.976958562482058,-76.80488821989493
56781,incendio,-8.5115,-75.5446
56788,no_incendio,-5.450455855055424,-76.00497644122908
56789,no_incendio,-6.645743757749571,-77.31611856562348
56796,incendio,-6.7397,-76.8122
56801,no_incendio,-6.94200325407077,-76.26001952788216
56802,no_incendio,-6.851922134143454,-76.90818662457491
56803,incendio,-6.1994,-76.2598
56807,incendio,-6.0297,-76.3053
56808,incendio,-5.9012,-76.1075
56818,no_incendio,-6.059607457191615,-77.52385870382261
56821,incendio,-5.912,-76.4198
56826,no_incendio,-6.546795271979165,-77.13463626494185
56836,no_incendio,-6.143493830692505,-76.5408916216836
56839,no_incendio,-5.4157703002618724,-75.88771884850634
56841,incendio,-7.8476,-76.7063
56845,no_incendio,-6.939758211874388,-76.17566888296336
56846,no_incendio,-6.709233322192638,-77.51049806027564
56849,no_incendio,-6.684588652346477,-77.1953837139415
56862,no_incendio,-6.758724816086575,-76.05879675132634
56864,no_incendio,-6.822682837524565,-76.01658832939721
56872,incendio,-6.4861,-76.3724
56877,no_incendio,-7.442180034070876,-75.92683774273232
56883,incendio,-6.9678,-76.9061
56897,no_incendio,-6.122720954624869,-76.9879603704079
56898,incendio,-8.1187,-76.5188
56901,incendio,-6.6248,-76.9193
56907,no_incendio,-6.418496907062319,-75.56505083254436
56908,incendio,-6.9302,-76.7714
56909,incendio,-7.2096,-76.8329
56916,no_incendio,-6.722977701208728,-76.08504808570892
56925,incendio,-7.1465,-76.2845
56931,incendio,-7.2401,-76.7723
56934,no_incendio,-6.818883045664746,-77.17747642270048
56937,incendio,-6.1917,-76.9103
56940,incendio,-8.5707,-76.3699
56942,no_incendio,-6.237716755759431,-77.39156311979332
56949,incendio,-7.1975,-77.0501
56952,incendio,-6.0441,-76.2059
56960,no_incendio,-7.468820255868223,-76.21884389702247
56967,incendio,-6.4238,-75.9619
56982,incendio,-5.4905,-76.7848
56984,incendio,-6.6719,-76.6408
56986,incendio,-7.2573,-76.4837
56988,incendio,-6.9857,-76.5942
57000,incendio,-6.2367,-76.1494
57002,no_incendio,-5.561294814825637,-75.74902836133377
57007,incendio,-7.6105,-76.3754
57010,no_incendio,-5.65675190083822,-76.2124000269003
57011,incendio,-7.0852,-76.7414
57020,no_incendio,-5.353246300739066,-75.96334736686653
57028,no_incendio,-5.472585153492127,-77.10655294749147
57045,incendio,-8.7163,-76.3545
57046,incendio,-5.8903,-76.3362
57057,no_incendio,-5.559447141003816,-77.53240429845073
57058,no_incendio,-7.5842496329608995,-75.57404179177915
57061,incendio,-6.7943,-76.7783
57067,no_incendio,-5.487710562433828,-76.3714568595569
57071,no_incendio,-7.597875070160168,-76.24368895263702
57083,incendio,-5.8935,-75.9518
57084,incendio,-7.2904,-76.3519
57085,incendio,-7.0442,-76.8291
57090,no_incendio,-5.971724397201385,-75.87816764029395
57097,incendio,-7.5951,-76.5343
57116,incendio,-6.7611,-76.836
57118,incendio,-8.0675,-76.5829
57124,no_incendio,-5.9787702159042375,-76.39270327711898
57128,no_incendio,-7.188266062247751,-75.80338733044515
57130,no_incendio,-6.273383567178642,-76.44114691338451
57134,no_incendio,-7.4055258629962415,-75.72836594706017
57137,no_incendio,-5.924081807664306,-77.5419305607915
57146,no_incendio,-6.758724816086575,-76.05879675132634
57155,incendio,-5.7548,-76.4216
57162,incendio,-6.5171,-76.7932
57164,incendio,-6.4684,-76.6082
57167,no_incendio,-6.7738595150234,-76.75356063625604
57169,incendio,-6.6347,-77.3483
57173,incendio,-7.316,-76.4907
57176,incendio,-7.2298,-76.7601
57180,incendio,-7.5543,-77.5067
57182,incendio,-7.6013,-76.685
57184,incendio,-6.5677,-76.3602
57188,no_incendio,-6.586264053943194,-75.6879198104013
57191,no_incendio,-7.4319891578174815,-77.15087421098383
57198,incendio,-5.5776,-75.8668
57204,no_incendio,-6.350208583490028,-76.38539627900366
57207,incendio,-8.691,-76.3261
57209,no_incendio,-5.841456819782133,-77.02191077906832
57211,no_incendio,-6.572656774954891,-77.3264854349528
57216,no_incendio,-5.915658751464713,-77.38575524652865
57219,no_incendio,-7.432415046086705,-75.62170917666255
57220,incendio,-8.5147,-76.1793
57222,no_incendio,-6.107814853885202,-77.33817072189056
57224,incendio,-8.7341,-76.3605
57225,no_incendio,-6.424415078222516,-76.56153900049968
57226,no_incendio,-7.149817793244048,-76.68995380242758
57236,no_incendio,-5.868777989192487,-75.61031419176939
57237,no_incendio,-6.279874050199112,-75.76672987730963
57238,no_incendio,-7.107720073878569,-76.6999842966137
57244,incendio,-7.3219,-76.2717
57245,incendio,-7.2876,-76.579
57253,incendio,-7.718,-76.5153
57260,incendio,-6.2306,-75.9583
57262,incendio,-7.5662,-76.3403
57263,no_incendio,-7.3239429065406565,-75.71625724817507
57271,no_incendio,-6.3427644504242675,-77.35180398852548
57273,no_incendio,-7.396034749471958,-77.09104434205882
57274,incendio,-8.4426,-76.4183
57289,no_incendio,-7.388452210624765,-77.20638603731945
57292,incendio,-6.9554,-76.5898
57294,incendio,-6.8962,-76.927
57299,no_incendio,-6.4080436516823225,-77.02161843514952
57303,incendio,-5.8129,-76.2123
57306,incendio,-5.8996,-76.4028
57307,incendio,-8.4613,-76.3389
57308,incendio,-6.3379,-76.6369
57311,no_incendio,-7.509252354285814,-75.54465114823546
57323,incendio,-6.5002,-76.3711
57332,no_incendio,-5.682009801127555,-77.32557014599907
57337,incendio,-8.7021,-76.3851
57338,incendio,-6.2663,-76.757
57340,incendio,-6.0269,-76.4584
57342,incendio,-7.0194,-76.7347
57344,no_incendio,-7.063019746501072,-77.52481749302208
57348,no_incendio,-5.971572498496214,-75.54699515189168
57357,no_incendio,-5.648091386764367,-76.0845405608189
57370,incendio,-5.7114,-75.703
57371,incendio,-6.2685,-75.9252
57378,incendio,-7.5483,-76.5508
57379,incendio,-5.7401,-76.6133
57380,no_incendio,-6.4080436516823225,-77.02161843514952
57382,no_incendio,-7.309838483592369,-76.99515991704935
57388,incendio,-6.2467,-76.1759
57391,no_incendio,-6.42510939654662,-76.21314660329666
57393,incendio,-7.2678,-76.6924
57394,incendio,-7.2466,-76.8655
57395,incendio,-7.1227,-76.5836
57398,incendio,-7.3574,-76.8123
57406,incendio,-7.0492,-76.6206
57411,incendio,-6.0919,-75.982
57416,incendio,-6.2162,-76.2514
57418,no_incendio,-5.7927379696305294,-76.1467304713267
57420,no_incendio,-5.743346331540995,-77.34641722204898
57421,no_incendio,-5.782302498103818,-75.6928374050029
57430,no_incendio,-7.511471498657587,-77.0305776349507
57435,no_incendio,-7.036314510603764,-76.32413479957033
57442,no_incendio,-7.491547550658209,-77.41447872545433
57451,no_incendio,-5.98497682810957,-77.24575452252367
57454,no_incendio,-5.690666241525762,-76.5831246635922
57460,incendio,-5.8142,-76.2029
57465,no_incendio,-5.849268078249962,-76.0787263818459
57469,incendio,-5.3769,-76.5478
57471,no_incendio,-5.6698457830937325,-76.36289670664165
57487,no_incendio,-6.45014471724059,-77.23785683491617
57488,incendio,-7.0359,-76.2454
57492,no_incendio,-6.196820810614756,-77.18695898534692
57499,incendio,-7.2443,-76.0458
57505,incendio,-6.4885,-76.3696
57511,no_incendio,-5.588125457302943,-77.46080617284144
57523,no_incendio,-7.324938939394847,-75.95193264911674
57525,incendio,-6.1054,-77.768
57526,no_incendio,-5.607896245919547,-76.37910922472966
57538,no_incendio,-6.261893490975904,-75.72805069897333
57549,no_incendio,-5.489245275525123,-76.82667902790362
57561,no_incendio,-5.740185734953845,-76.52718705325192
57571,incendio,-5.9188,-76.3859
57573,no_incendio,-6.953777990970317,-76.5586078961979
57574,incendio,-6.7893,-76.2648
57575,incendio,-5.923,-76.3749
57577,no_incendio,-5.339033958369073,-76.08006911213882
57584,no_incendio,-6.950453264096688,-75.59880859567114
57589,no_incendio,-6.135227462144194,-76.4855793054628
57599,incendio,-7.1112,-76.2568
57602,incendio,-8.6216,-76.2772
57609,incendio,-5.7958,-76.3589
57614,no_incendio,-6.311293975828189,-76.65790550589152
57615,no_incendio,-6.726577938090313,-76.92865414529734
57626,incendio,-7.279,-76.6573
57627,no_incendio,-5.485555576815183,-76.48568380205462
57632,incendio,-7.7071,-76.5015
57633,incendio,-7.5057,-76.5755
57634,incendio,-6.8388,-77.7754
57639,no_incendio,-6.467906945467672,-76.60396630033286
57643,no_incendio,-6.279874050199112,-75.76672987730963
57650,no_incendio,-6.4548358961700885,-76.10226827896288
57656,incendio,-5.337,-76.7385
57659,incendio,-6.8054,-76.5065
57660,incendio,-6.9256,-76.9083
57673,no_incendio,-6.181570378698443,-77.2403974842685
57683,no_incendio,-6.56383921503927,-77.29970461755646
57690,no_incendio,-6.122241228202742,-76.97601645146484
57693,incendio,-6.4205,-76.4814
57695,no_incendio,-5.60263772570773,-75.78275132850642
57704,no_incendio,-7.318729401485612,-76.81445384525996
57716,incendio,-6.7379,-76.6341
57718,incendio,-6.0638,-77.169
57724,incendio,-7.2886,-76.574
57726,no_incendio,-5.728382445396997,-77.12017555927592
57729,no_incendio,-6.463587748086062,-76.47146037727083
57731,incendio,-6.0505,-76.2746
57740,incendio,-6.8709,-76.3913
57741,incendio,-7.9875,-76.6684
57745,incendio,-6.8217,-76.8139
57751,no_incendio,-7.384620420011121,-76.77592855304549
57752,no_incendio,-6.1628423736617925,-77.33214012724629
57765,no_incendio,-7.134812798520641,-75.55898183219816
57767,no_incendio,-6.040687375273645,-76.93582583750656
57769,no_incendio,-5.691703950902071,-76.93733770607169
57781,no_incendio,-7.442941681589652,-76.91434045843735
57783,incendio,-6.9953,-76.1278
57785,no_incendio,-6.482952600752266,-75.66603340235945
57786,incendio,-5.8298,-75.8329
57788,no_incendio,-7.213623333493973,-77.17840648744146
57796,no_incendio,-6.052146999790762,-76.66693051861807
57803,no_incendio,-5.455465993485473,-76.16419328270247
57805,no_incendio,-7.509252354285814,-75.54465114823546
57807,incendio,-7.1822,-76.2615
57808,incendio,-7.0508,-76.9198
57814,no_incendio,-5.339033958369073,-76.08006911213882
57820,no_incendio,-7.111569656244363,-77.04269521527607
57822,incendio,-6.7793,-76.3803
57823,incendio,-8.4996,-76.3764
57828,no_incendio,-5.936332555331325,-76.83179580754164
57837,incendio,-6.3797,-76.0197
57839,incendio,-7.6337,-77.7692
57840,no_incendio,-6.18702118811894,-77.34328610788602
57849,incendio,-7.5655,-76.2308
57850,incendio,-5.9007,-76.1149
57862,no_incendio,-6.8812608532922095,-77.14870823308875
57863,no_incendio,-5.712986091901971,-76.69466982249243
57867,incendio,-6.8889,-76.6432
57878,incendio,-7.1241,-76.8574
57884,incendio,-8.5051,-76.1585
57888,no_incendio,-7.26944697761503,-76.97064413485722
57895,incendio,-6.0195,-75.8657
57898,no_incendio,-6.352348321356028,-75.59610164326816
57902,incendio,-7.3175,-76.356
57910,incendio,-7.3541,-76.2026
57915,incendio,-5.5634,-76.7009
57918,incendio,-7.57,-76.8326
57921,incendio,-6.5941,-76.091
57923,incendio,-6.0788,-76.2967
57928,incendio,-6.8363,-77.7944
57939,no_incendio,-7.508226717447944,-76.74892470083597
57942,incendio,-8.3533,-76.2747
57946,incendio,-7.6765,-76.4695
57948,incendio,-8.6568,-76.4364
57949,incendio,-7.0863,-76.3688
57950,no_incendio,-6.5875457295775695,-76.60562453766775
57953,incendio,-8.0068,-75.5979
57956,incendio,-5.6981,-76.0946
57957,incendio,-7.177,-76.5023
57963,incendio,-6.3371,-76.6359
57966,no_incendio,-7.076017752800738,-75.91978389352657
57967,incendio,-6.4163,-76.5816
57970,no_incendio,-7.317626251154921,-75.78361603634158
57980,no_incendio,-7.554963436234575,-75.69130210162552
57983,no_incendio,-5.485555576815183,-76.48568380205462
58003,incendio,-7.1443,-76.2903
58004,no_incendio,-5.966007765722613,-76.02339603474364
58006,incendio,-6.3726,-75.9903
58024,incendio,-8.3758,-76.2612
58026,no_incendio,-6.929766621277843,-76.9486595645204
58028,no_incendio,-5.702740983602372,-76.82721339280745
58032,no_incendio,-6.9422117979050695,-77.32253174388707
58035,no_incendio,-5.6492373233613264,-76.13173612706044
58036,no_incendio,-7.019065477801208,-77.45420422372614
58043,no_incendio,-5.340154408333765,-76.74093271807992
58044,incendio,-6.8587,-76.2853
58046,no_incendio,-5.6909060907931215,-77.03642215530066
58047,no_incendio,-6.87454750287368,-76.95714014507665
58051,no_incendio,-5.9069362811274955,-76.90796880037888
58067,no_incendio,-6.8038809431040965,-76.81652393345753
58070,no_incendio,-6.329066895240967,-77.1289458150613
58071,no_incendio,-6.309912628737243,-75.57235857764702
58077,no_incendio,-6.253873442293271,-77.4856518253099
58079,no_incendio,-5.851710851525425,-77.43871611391367
58082,no_incendio,-5.594721982840302,-76.73250330554579
58085,no_incendio,-7.232373566693578,-77.33989801092913
58099,incendio,-7.5362,-76.4147
58104,no_incendio,-6.827947755317633,-77.24078320536096
58107,no_incendio,-7.446777051363318,-75.55823277277759
58110,no_incendio,-7.487103293775268,-76.06526148025002
58112,no_incendio,-6.4985912391976255,-76.97886285295857
58123,incendio,-6.7093,-76.8427
58128,incendio,-6.9915,-76.557
58130,no_incendio,-7.298931793323789,-76.42163494937755
58146,incendio,-7.1165,-76.3087
58149,no_incendio,-5.855822399079694,-75.69747959221154
58158,incendio,-7.1537,-76.2909
58170,no_incendio,-5.509842715479968,-77.22974622552158
58174,incendio,-7.2024,-76.1836
58178,no_incendio,-5.592798700137297,-76.77202119029057
58181,no_incendio,-6.930372562741588,-76.24468121546766
58186,no_incendio,-6.324852338083002,-77.32158487709337
58197,incendio,-5.9558,-75.7593
58198,no_incendio,-7.208517788052751,-77.27726682011853
58204,no_incendio,-7.086048466965619,-75.60482526516276
58206,incendio,-7.1707,-77.7924
58210,incendio,-7.1044,-76.0515
58211,no_incendio,-6.420856851462068,-76.77933512635609
58220,no_incendio,-5.786742413220336,-77.47906670461887
58226,no_incendio,-7.36388011313037,-77.4640263849402
58227,incendio,-8.2927,-76.4248
58237,no_incendio,-5.786742413220336,-77.47906670461887
58258,incendio,-8.406,-77.0251
58260,no_incendio,-6.184018518963494,-76.64827203950954
58262,no_incendio,-6.677016361068433,-76.35596462138518
58269,no_incendio,-6.8267458836303225,-76.04005920267028
58283,incendio,-7.1933,-76.373
58286,incendio,-6.2548,-75.6211
58288,no_incendio,-6.201637039608355,-76.63859765076462
58293,no_incendio,-5.855088798772725,-76.8781669555971
58299,incendio,-6.6853,-76.9042
58305,incendio,-7.491,-76.4171
58317,no_incendio,-6.1305152501535805,-77.20692971202396
58325,incendio,-7.8439,-76.6957
58326,incendio,-7.2449,-76.4991
58331,incendio,-7.0286,-76.9293
58332,no_incendio,-5.747289104744423,-76.88274608576704
58337,no_incendio,-5.632876376439432,-77.16339501604922
58345,no_incendio,-6.310252900156727,-75.63690302476967
58347,incendio,-7.201,-76.8766
58348,no_incendio,-6.260865842963683,-76.65344397081381
58365,incendio,-5.6588,-77.5035
58370,no_incendio,-5.5369399299131885,-77.31171501653961
58372,no_incendio,-5.617689246248104,-77.03996515250137
58374,no_incendio,-6.545046135469808,-77.4695217022142
58383,no_incendio,-6.664505823088651,-77.4814157749719
58386,no_incendio,-6.049219022458795,-76.2803636866073
58392,no_incendio,-7.280960307883033,-76.7904575448365
58404,incendio,-6.8522,-76.9563
58415,incendio,-7.1126,-76.5648
58418,incendio,-7.0204,-76.8694
58422,no_incendio,-7.432415046086705,-75.62170917666255
58428,no_incendio,-5.339033958369073,-76.08006911213882
58433,incendio,-6.7713,-76.8417
58435,incendio,-5.3029,-76.4185
58446,incendio,-8.4338,-76.2941
58452,incendio,-7.2953,-76.0603
58473,no_incendio,-6.10372793592555,-77.07921750093743
58480,incendio,-5.7321,-77.4815
58482,no_incendio,-7.1816270512499,-75.96620433389496
58484,no_incendio,-6.360887636963093,-77.10755017823716
58490,no_incendio,-6.312891094128834,-75.840822427949
58493,no_incendio,-5.585507984340333,-75.53590045517545
58496,no_incendio,-5.637143675477756,-76.46390106880192
58510,incendio,-6.5401,-76.0865
58524,incendio,-8.1662,-76.6645
58529,no_incendio,-6.807279841790784,-75.78242302305196
58530,incendio,-8.563,-76.3722
58533,no_incendio,-6.979782618165886,-76.34280103633438
58541,incendio,-8.1492,-76.6653
58560,incendio,-6.5971,-76.7011
58562,no_incendio,-6.905014878753814,-76.49698867319515
58565,no_incendio,-6.400338002031925,-76.1292712340201
58566,incendio,-6.2275,-76.2288
58571,no_incendio,-5.41517785771272,-76.05115692097354
58576,incendio,-8.5886,-76.1327
58588,no_incendio,-5.590950998396602,-75.50740685150045
58592,no_incendio,-6.971890891507541,-75.84725150741345
58599,incendio,-8.7228,-76.3899
58603,no_incendio,-7.292676783205119,-75.82456526450503
58605,no_incendio,-5.688886934346843,-77.36422749238871
58609,no_incendio,-6.419675876236263,-76.64489280604421
58614,no_incendio,-6.248141133810431,-75.50987121265236
58619,incendio,-8.5163,-76.3128
58627,no_incendio,-6.8241555048520945,-76.01927599626522
58628,no_incendio,-5.868777989192487,-75.61031419176939
58637,incendio,-6.2079,-76.1583
58641,incendio,-6.8435,-76.8108
58644,incendio,-7.0578,-76.4446
58664,incendio,-6.1696,-75.9109
58666,incendio,-5.909,-76.3297
58671,incendio,-7.2753,-76.3398
58675,no_incendio,-7.475453840000244,-77.09283995143899
58679,incendio,-6.6707,-76.4327
58681,no_incendio,-6.640978763936889,-76.01901055862061
58684,incendio,-7.0933,-76.676
58693,incendio,-6.7968,-76.9046
58700,no_incendio,-6.8707527834716435,-77.1546220579287
58706,incendio,-6.8707,-76.5644
58707,no_incendio,-6.657837978191169,-76.6528349809883
58708,no_incendio,-5.9069362811274955,-76.90796880037888
58710,incendio,-7.104,-76.3112
58716,no_incendio,-7.288317129023355,-76.62295810073671
58726,incendio,-7.1602,-76.8981
58729,no_incendio,-5.441048358116876,-77.52077786090675
58738,incendio,-7.2627,-76.6861
58748,no_incendio,-6.530680448143941,-77.14936961816767
58758,no_incendio,-7.301995634610949,-77.3052348248029
58777,no_incendio,-5.914538807022697,-77.31789261845223
58778,incendio,-8.464,-76.4446
58779,incendio,-6.8791,-76.3498
58794,incendio,-6.7036,-76.7296
58802,no_incendio,-5.3130357942785436,-76.58858316456917
58812,no_incendio,-7.332916187784927,-76.99914864296008
58825,no_incendio,-5.817722164420606,-76.05024701906109
58830,no_incendio,-6.273383567178642,-76.44114691338451
58831,no_incendio,-6.061517131296685,-76.40854652459227
58842,no_incendio,-7.332916187784927,-76.99914864296008
58852,incendio,-7.1213,-76.2514
58860,incendio,-6.2236,-76.0778
58863,no_incendio,-6.741564716218832,-76.27215624555981
58871,no_incendio,-5.976958562482058,-76.80488821989493
58873,incendio,-6.3935,-76.6376
58874,incendio,-6.4685,-76.5573
58877,incendio,-6.6647,-76.4489
58889,incendio,-6.1955,-76.3009
58901,no_incendio,-5.931410128051382,-77.48442078407336
58909,no_incendio,-6.388532043555506,-76.84726928607184
58912,no_incendio,-5.307511492937007,-75.87055498280709
58919,no_incendio,-6.418496907062319,-75.56505083254436
58922,no_incendio,-5.913444133925558,-76.54061399484421
58926,no_incendio,-5.457985826162461,-76.51538649315398
58942,no_incendio,-7.475413502587504,-75.52501286015236
58945,no_incendio,-6.010451782777754,-76.65548557621318
58946,no_incendio,-6.794519962222771,-76.90986347869215
58949,incendio,-7.5666,-76.6852
58950,no_incendio,-6.536547874138972,-77.31298293788737
58957,incendio,-6.3061,-76.7222
58958,no_incendio,-6.391692174987462,-77.10791126635735
58967,no_incendio,-6.2190640726250495,-76.93105958473025
58969,incendio,-5.9533,-76.4957
58971,no_incendio,-5.772447993979731,-76.76825761036689
58998,no_incendio,-7.579948204047341,-77.15279486128607
58999,incendio,-6.4416,-76.6591
59000,incendio,-8.3088,-76.3877
59001,incendio,-8.7733,-76.2917
59003,no_incendio,-5.6874479423727555,-75.79801976537915
59004,no_incendio,-7.502611835705684,-75.74342232378346
59013,incendio,-7.2877,-76.8163
59024,incendio,-8.5607,-76.5208
59025,no_incendio,-7.401018606692293,-76.00185651713339
59029,no_incendio,-7.194942571615302,-76.85474676634065
59030,no_incendio,-6.838209877352376,-75.74494612497837
59033,incendio,-6.5529,-76.3115
59037,no_incendio,-6.9256501234330665,-77.07157879837493
59045,incendio,-7.9621,-76.7285
59048,incendio,-6.4226,-76.7567
59049,incendio,-6.5707,-76.725
59050,incendio,-7.4982,-76.3716
59053,no_incendio,-6.267765286846349,-75.88438881089547
59060,no_incendio,-6.501541232968051,-77.42157786801864
59066,incendio,-5.8334,-75.9211
59067,incendio,-5.7957,-76.3047
59069,incendio,-7.0375,-76.886
59074,no_incendio,-7.562840840503951,-75.66286053205432
59075,no_incendio,-6.850119921397431,-77.18105441991001
59078,no_incendio,-6.6084019823282665,-76.06077967767854
59079,no_incendio,-6.237716755759431,-77.39156311979332
59080,incendio,-6.2147,-75.6729
59092,no_incendio,-5.619318348217799,-76.76258506679603
59093,no_incendio,-7.2386843016197115,-75.95361045134824
59094,no_incendio,-7.527307126647749,-77.12744201881532
59095,incendio,-8.0044,-75.5804
59097,no_incendio,-5.746784627492212,-75.78617751665539
59099,incendio,-6.4424,-75.9138
59102,no_incendio,-6.746503515167967,-76.72857236085679
59110,incendio,-6.3136,-76.0265
59111,no_incendio,-5.983810951819396,-76.22464105692707
59112,incendio,-5.8515,-76.1187
59113,no_incendio,-6.459421110313875,-76.2975020951517
59116,no_incendio,-5.382698663545955,-75.70884428974506
59117,no_incendio,-6.346021842815813,-77.12333044544714
59120,no_incendio,-7.5842496329608995,-75.57404179177915
59125,incendio,-7.6331,-76.4758
59131,no_incendio,-6.2816422432891255,-75.61454508391762
59137,incendio,-6.1789,-76.0201
59144,no_incendio,-5.573600216354325,-77.29583969487783
59151,incendio,-6.483,-75.7575
59156,incendio,-8.7765,-75.5412
59160,incendio,-7.0845,-76.8775
59165,no_incendio,-6.260923080518788,-75.61074627640608
59166,incendio,-6.9596,-76.5173
59167,incendio,-7.9658,-76.6779
59169,no_incendio,-5.592011294671137,-75.99975689195666
59175,no_incendio,-6.2585048621667685,-76.21326265306386
59177,incendio,-8.6063,-75.5039
59179,no_incendio,-5.482360092898033,-75.75875593827813
59186,incendio,-5.8354,-76.381
59194,no_incendio,-5.911980434774437,-76.07407858450021
59197,incendio,-5.83,-76.5791
59200,incendio,-5.9699,-76.1283
59207,no_incendio,-6.818883045664746,-77.17747642270048
59211,no_incendio,-6.994018548876931,-77.44340810717631
59213,no_incendio,-7.1695522446443345,-76.10103400972879
59216,incendio,-7.4444,-76.6394
59226,no_incendio,-5.348479960720765,-76.73008143184053
59234,no_incendio,-7.014702412265873,-76.4405488433982
59237,no_incendio,-7.404587411347148,-77.48236039818194
59240,incendio,-7.1661,-76.7332
59241,no_incendio,-7.247461423234719,-75.57023459371909
59245,incendio,-7.1394,-77.7914
59248,incendio,-7.5579,-76.6261
59252,incendio,-7.3974,-76.8375
59259,no_incendio,-7.3383676381877665,-77.39694154174633
59265,incendio,-7.5532,-76.3943
59271,no_incendio,-5.699419411757933,-76.10583548301037
59285,no_incendio,-5.971167138004345,-76.3740699604034
59286,incendio,-7.3205,-76.603
59292,incendio,-6.8343,-76.4826
59294,no_incendio,-6.463587748086062,-76.47146037727083
59297,no_incendio,-6.181570378698443,-77.2403974842685
59299,incendio,-5.8198,-77.3059
59301,no_incendio,-6.300702389014246,-76.09062532956851
59302,no_incendio,-6.08565697953034,-76.3565072601085
59313,incendio,-6.6166,-76.4514
59314,no_incendio,-5.924081807664306,-77.5419305607915
59315,no_incendio,-7.307422219905113,-77.49030389420659
59322,no_incendio,-5.7980276983387755,-76.60461534978732
59323,incendio,-7.0795,-76.8643
59329,incendio,-7.3467,-76.0849
59334,incendio,-5.7911,-76.001
59335,incendio,-8.5251,-76.3804
59340,incendio,-7.0411,-76.1257
59345,no_incendio,-6.911906202214161,-76.30385492841812
59346,no_incendio,-5.334479044366705,-77.48777820988575
59349,incendio,-6.8115,-76.4879
59353,no_incendio,-6.183798772159494,-75.95166434619192
59358,incendio,-6.6076,-76.2771
59361,no_incendio,-5.867404604520736,-75.92995443578674
59362,incendio,-6.1065,-77.0606
59363,no_incendio,-5.485150772179796,-77.0821813016382
59364,incendio,-7.3076,-76.9495
59388,incendio,-8.049,-76.6755
59394,incendio,-6.7468,-76.6284
59395,no_incendio,-5.802494877336548,-76.35132685190827
59402,no_incendio,-6.24237475480212,-75.58560175040829
59411,incendio,-6.4951,-76.3641
59422,no_incendio,-5.703527630485487,-76.04599898833253
59441,incendio,-5.8726,-76.4659
59442,no_incendio,-6.799158296280013,-76.12149634545402
59449,incendio,-7.1752,-76.774
59451,no_incendio,-5.849265187399489,-77.52081578278697
59459,incendio,-7.1001,-76.3296
59466,incendio,-7.3274,-76.9192
59469,no_incendio,-6.477469375479229,-76.23310758199833
59475,incendio,-7.4974,-76.4512
59485,incendio,-6.2124,-75.6761
59486,incendio,-8.6296,-76.3357
59492,no_incendio,-7.547004527368286,-77.14424900414204
59507,incendio,-5.8476,-76.0532
59508,no_incendio,-7.5990878129892385,-76.01433706050479
59509,no_incendio,-5.561920884041726,-75.5653879895247
59512,no_incendio,-6.5749903992962055,-76.89683303442592
59514,incendio,-6.1831,-75.8815
59520,incendio,-8.6047,-75.5636
59525,no_incendio,-6.41045269770062,-76.39156709032302
59527,no_incendio,-6.953964765279714,-77.26246463391935
59532,no_incendio,-6.806897768294474,-76.17637549858149
59539,no_incendio,-6.2016988445038095,-75.99411742841416
59544,no_incendio,-7.429446375356516,-77.21947961761848
59550,no_incendio,-6.974678823081742,-77.45775985292939
59555,incendio,-6.4987,-76.3743
59560,incendio,-7.0353,-76.1017
59562,no_incendio,-6.125013751679443,-76.15307627183338
59563,no_incendio,-5.763649060823176,-76.26292282199367
59566,no_incendio,-7.327752780112304,-76.88582488471454
59568,incendio,-6.2585,-75.9148
59575,incendio,-6.276,-75.8252
59578,no_incendio,-6.971890891507541,-75.84725150741345
59581,incendio,-6.1208,-76.9411
59591,incendio,-6.7355,-76.5009
59595,no_incendio,-6.007162927883913,-76.5503319635523
59605,no_incendio,-6.049219022458795,-76.2803636866073
59610,no_incendio,-7.447641034854349,-75.90762090121981
59611,incendio,-5.7665,-76.2306
59616,no_incendio,-5.85348487678678,-75.67716092139695
59624,incendio,-7.7145,-76.7665
59625,incendio,-7.182,-76.4677
59629,incendio,-5.7989,-76.1462
59637,incendio,-7.2897,-76.6075
59641,no_incendio,-6.052146999790762,-76.66693051861807
59656,incendio,-6.1287,-76.2416
59659,no_incendio,-6.0636997194620585,-76.98817967024722
59666,no_incendio,-6.3065520769299415,-76.52048775212563
59676,no_incendio,-7.038387701485983,-77.46608635694433
59677,no_incendio,-6.09585600344774,-76.33181330264762
59680,no_incendio,-7.353333723942861,-76.86451079953567
59683,incendio,-6.7983,-76.6163
59684,no_incendio,-5.845552774346191,-76.31135197083327
59693,incendio,-8.7562,-76.4092
59695,no_incendio,-7.298951884711561,-75.8714337322258
59699,incendio,-8.4182,-76.2676
59700,no_incendio,-5.636606643396935,-75.65023157423232
59702,no_incendio,-6.902373213948052,-75.80243684170989
59703,no_incendio,-5.461372149282843,-77.4223608733987
59714,no_incendio,-7.021631546381363,-76.8111659595044
59719,no_incendio,-5.778538304462726,-77.27874829265495
59730,no_incendio,-7.583028139538337,-75.69881965938345
59731,incendio,-5.7576,-75.9493
59738,incendio,-7.6077,-76.4943
59745,no_incendio,-6.9303848627730344,-77.0665622069992
59753,no_incendio,-5.541112522183527,-75.99676308138659
59755,incendio,-5.8982,-76.1248
59758,incendio,-7.123,-76.2088
59759,no_incendio,-5.937825755560712,-77.54131014900841
59765,no_incendio,-7.517330043663011,-76.85538614453351
59767,incendio,-7.1512,-76.991
59783,no_incendio,-7.156566202951519,-76.39767455117727
59788,incendio,-8.5005,-76.583
59790,incendio,-7.3377,-76.8549
59792,no_incendio,-5.3838831063176515,-76.49104845789617
59799,incendio,-7.4811,-76.7044
59806,incendio,-7.1882,-76.54
59815,incendio,-7.5628,-76.6926
59816,incendio,-5.6882,-77.5576
59825,no_incendio,-7.010465391222765,-75.64374453725225
59832,incendio,-8.7163,-76.3403
59834,incendio,-7.7188,-76.7403
59843,incendio,-6.306,-75.9184
59846,incendio,-7.5107,-76.4729
59851,no_incendio,-7.436772555974999,-76.13512005747918
59857,incendio,-8.4029,-76.2396
59866,incendio,-6.9273,-76.2297
59870,no_incendio,-5.388800568828812,-75.76427198080877
59874,incendio,-6.4861,-76.3733
59879,no_incendio,-6.303002240210201,-76.72194514117207
59884,incendio,-7.0595,-76.9643
59895,incendio,-7.3463,-76.668
59896,incendio,-6.9457,-76.7787
59897,incendio,-6.1647,-77.2882
59906,incendio,-6.564,-76.8084
59914,incendio,-5.8355,-76.2089
59917,incendio,-6.7682,-77.347
59926,incendio,-7.2465,-76.2439
59928,no_incendio,-5.3579190970036175,-75.71127050256207
59929,incendio,-7.5656,-76.4651
59931,incendio,-7.0881,-76.7326
59935,no_incendio,-6.576004984769571,-77.51523302793387
59936,no_incendio,-7.454902332502221,-76.55109869538403
59945,no_incendio,-6.327343874329971,-76.29354784738233
59947,incendio,-8.6517,-76.8786
59951,no_incendio,-6.6817259124413635,-75.77879648666988
59968,incendio,-7.2758,-77.5928
59972,no_incendio,-6.2888093914419265,-77.49498781950011
59974,incendio,-7.0171,-76.5357
59979,no_incendio,-6.717293792016525,-75.64014245587184
59980,no_incendio,-5.603013181516009,-76.25847933744605
59984,incendio,-5.7197,-75.9467
59985,no_incendio,-7.2889510765606325,-76.46654281298771
60001,no_incendio,-6.09087742872903,-76.39432793529913
60002,no_incendio,-5.889428519671102,-75.83985217439051
60003,incendio,-5.9459,-76.1796
60011,no_incendio,-6.5305605417841495,-76.81567387832536
60029,incendio,-7.314,-77.0584
60030,no_incendio,-7.443277568920015,-75.95948688269024
60039,incendio,-6.4765,-75.7805
60041,incendio,-7.0115,-76.6982
60042,incendio,-7.6306,-76.5455
60046,no_incendio,-5.968870459553349,-76.92149677654932
60051,incendio,-5.7278,-77.4158
60056,no_incendio,-7.277740388513622,-77.219832932029
60057,incendio,-5.8875,-76.3933
60060,incendio,-8.7568,-76.2861
60061,no_incendio,-6.201637039608355,-76.63859765076462
60062,no_incendio,-7.436772555974999,-76.13512005747918
60064,no_incendio,-6.5096234782459765,-76.05722709745423
60070,incendio,-6.9507,-76.0911
60073,no_incendio,-5.733303330887296,-76.64353813041618
60074,incendio,-8.0508,-76.7714
60077,no_incendio,-6.013807781245941,-77.54515653099793
60080,incendio,-5.8559,-75.8854
60091,incendio,-6.7666,-76.6021
60103,no_incendio,-7.457798199513177,-76.25066528876945
60108,incendio,-5.9346,-75.9777
60111,no_incendio,-5.632876376439432,-77.16339501604922
60113,incendio,-6.8042,-76.6979
60116,no_incendio,-6.994951885754811,-75.90892162040349
60122,incendio,-5.83,-76.5303
60128,no_incendio,-5.968149636265594,-77.51081675536001
60133,incendio,-6.8193,-76.8067
60137,no_incendio,-6.398926454720778,-76.50536924785067
60138,no_incendio,-6.026471909112164,-76.38280873739679
60145,incendio,-7.2572,-77.7198
60157,no_incendio,-7.391380566669081,-77.4628689446306
60158,incendio,-6.4553,-75.8079
60161,no_incendio,-6.183798772159494,-75.95166434619192
60165,incendio,-7.4623,-76.5312
60168,incendio,-7.3087,-75.5906
60171,no_incendio,-7.371625145918922,-75.70238603258082
60175,no_incendio,-5.800663587251775,-77.2156236281296
60194,no_incendio,-6.081693229189671,-76.04554760839422
60195,no_incendio,-6.923846443514746,-77.29283624638697
60199,no_incendio,-6.7133301961826755,-75.60854075962672
60206,no_incendio,-5.971572498496214,-75.54699515189168
60209,no_incendio,-6.447996016247126,-77.41234607167007
60211,no_incendio,-6.208571378644004,-77.08847372883292
60212,incendio,-6.4591,-75.7868
60217,no_incendio,-5.5629279584591815,-75.58676722265717
60218,no_incendio,-5.472585153492127,-77.10655294749147
60232,no_incendio,-5.733857068651538,-76.80904901377532
60248,incendio,-7.3172,-76.7216
60252,incendio,-6.483,-75.739
60255,incendio,-7.2286,-76.8568
60264,no_incendio,-7.24803934210104,-76.82472284533478
60265,no_incendio,-7.508397223486154,-75.66150958377543
60266,no_incendio,-6.8812608532922095,-77.14870823308875
60270,incendio,-7.3294,-77.7049
60272,incendio,-6.2475,-76.8317
60274,no_incendio,-7.351997452668049,-75.86863921087647
60296,incendio,-7.2182,-76.598
60301,incendio,-7.1521,-76.0466
60302,incendio,-5.8345,-77.3556
60307,no_incendio,-5.364892363396528,-76.8599043565554
60309,no_incendio,-6.534953195140333,-76.18456106043952
60312,incendio,-6.506,-75.6597
60315,incendio,-6.4146,-77.3527
60318,incendio,-6.9927,-76.5674
60319,no_incendio,-6.129131664861193,-76.45649977733511
60321,no_incendio,-5.802372431085104,-75.57878108958735
60331,incendio,-6.5437,-75.7328
60333,no_incendio,-6.580708866740203,-77.30463518466154
60339,incendio,-7.3071,-76.9215
60342,incendio,-7.358,-76.4842
60352,no_incendio,-5.472748128836409,-77.20935781294484
60357,no_incendio,-5.87938832915223,-76.90538612384941
60360,incendio,-7.1045,-76.9495
60361,incendio,-6.3742,-76.7708
60372,incendio,-6.7292,-76.3146
60374,incendio,-8.7301,-76.2838
60384,incendio,-5.7148,-76.2779
60385,no_incendio,-5.494377757817533,-77.22053363364685
60387,incendio,-8.4649,-76.2352
60390,incendio,-7.4091,-77.6584
60393,incendio,-6.2112,-75.904
60398,no_incendio,-7.306661299403648,-77.35299757529853
60407,incendio,-8.6197,-75.5412
60411,no_incendio,-5.815206419164588,-75.9840705047973
60413,incendio,-8.4627,-76.2527
60414,incendio,-6.9643,-76.7124
60428,no_incendio,-7.567624123602405,-76.60964562111504
60433,incendio,-7.2894,-76.0775
60438,incendio,-8.084,-76.7955
60441,no_incendio,-6.641370996240543,-76.27210728920325
60446,no_incendio,-6.727424984115921,-76.66756072308013
60447,no_incendio,-6.044769424983038,-75.50599138370771
60454,incendio,-7.1226,-76.9827
60456,no_incendio,-6.887017706594157,-77.30533643415299
60466,incendio,-5.9319,-76.1347
60469,no_incendio,-5.599508739006035,-77.02715299547113
60479,incendio,-7.2019,-76.3735
60483,no_incendio,-7.391354511869424,-77.17370886410413
60491,incendio,-6.7911,-76.2036
60492,no_incendio,-5.366911069115064,-77.28733600522496
60495,incendio,-5.4374,-76.8282
60509,no_incendio,-6.156050459707027,-75.66218917207854
60513,no_incendio,-6.899424280300874,-76.07403591805503
60552,no_incendio,-7.25129246536618,-76.47983941905308
60556,incendio,-7.1701,-77.7833
60558,no_incendio,-6.3402826742912515,-75.67543757743714
60564,incendio,-5.6604,-76.5768
60570,incendio,-6.4938,-76.7557
60584,incendio,-6.0268,-76.1979
60585,incendio,-7.3547,-76.7279
60590,no_incendio,-6.48340164417584,-76.67965578486029
60591,no_incendio,-5.8570726019942425,-76.40667258173919
60604,no_incendio,-5.765833579415168,-76.48980976364362
60605,incendio,-7.0316,-76.8727
60606,no_incendio,-5.807568980791382,-75.59957931060934
60609,no_incendio,-7.413823551899182,-76.79124540072256
60614,no_incendio,-5.9287884158970305,-76.31836219337158
60623,no_incendio,-7.170373075763204,-77.40179462648253
60631,no_incendio,-5.998881730764309,-77.1385121318961
60643,incendio,-7.5389,-76.7635
60645,incendio,-6.1484,-75.7124
60649,no_incendio,-5.6727531578346015,-77.41986068936593
60654,no_incendio,-6.122241228202742,-76.97601645146484
60661,incendio,-7.1031,-76.5833
60668,incendio,-5.7915,-76.363
60669,no_incendio,-7.567624123602405,-76.60964562111504
60670,no_incendio,-7.468966943240149,-76.0987072289364
60674,no_incendio,-6.061671698446887,-76.35844064270319
60678,no_incendio,-7.436110407887001,-75.68288184576566
60686,no_incendio,-6.011348651194169,-77.43448041427209
60687,no_incendio,-7.247461423234719,-75.57023459371909
60690,no_incendio,-5.561920884041726,-75.5653879895247
60691,no_incendio,-7.237010441563305,-76.53847008307255
60696,no_incendio,-6.493728884519305,-75.95080124431671
60697,no_incendio,-6.224278076163242,-75.68574152044755
60706,incendio,-7.3999,-76.8401
60707,incendio,-7.3356,-76.7506
60710,incendio,-7.5036,-76.4899
60714,incendio,-7.3449,-76.9772
60733,incendio,-8.0522,-76.7816
60734,incendio,-8.4181,-76.2853
60737,incendio,-5.8789,-76.3923
60739,incendio,-6.9977,-76.6013
60744,no_incendio,-5.62998043999866,-76.34952477053923
60746,no_incendio,-5.6492373233613264,-76.13173612706044
60748,no_incendio,-6.1400329007098495,-75.77782950002863
60755,incendio,-5.6955,-76.3129
60758,incendio,-7.4624,-76.4335
60760,incendio,-6.972,-76.676
60763,no_incendio,-6.808753435004469,-75.58127871175964
60783,no_incendio,-6.391692174987462,-77.10791126635735
60784,incendio,-8.1592,-77.4307
60789,no_incendio,-6.6229879670061225,-75.80299704996388
60798,incendio,-5.8825,-76.3567
60799,no_incendio,-5.846363398738161,-76.40526766705626
60803,no_incendio,-7.592086939740942,-76.80103020899601
60807,no_incendio,-7.426285004692227,-76.55235970604326
60815,incendio,-7.1767,-77.0313
60822,no_incendio,-6.893924031218003,-76.04905921446095
60826,no_incendio,-7.122938851987355,-76.92917682268381
60827,no_incendio,-7.532917537712722,-76.04821551837472
60828,incendio,-7.0951,-76.8139
60829,incendio,-6.454,-77.0877
60830,incendio,-5.8216,-76.5304
60836,no_incendio,-5.668562711065817,-75.61105576661728
60845,no_incendio,-6.271617281791801,-76.2353167311132
60846,no_incendio,-5.796164972487043,-76.72449599512143
60847,incendio,-6.0782,-77.0553
60848,incendio,-7.4443,-76.6899
60849,no_incendio,-6.632429838819291,-76.85546244307059
60850,incendio,-5.8045,-76.2074
60851,no_incendio,-6.125013751679443,-76.15307627183338
60853,no_incendio,-6.684698936601428,-75.64362761188839
60861,no_incendio,-7.391354511869424,-77.17370886410413
60876,no_incendio,-7.162586032756481,-76.81020137003335
60879,no_incendio,-5.65675190083822,-76.2124000269003
60885,no_incendio,-6.9973012484497445,-77.4510550557952
60887,incendio,-8.3612,-76.7432
60888,no_incendio,-7.321172600418316,-77.03516400852085
60890,incendio,-6.0369,-76.9704
60893,no_incendio,-5.702153316153597,-75.54463550563808
60896,no_incendio,-5.519172911219698,-76.89133916809088
60910,incendio,-8.5958,-76.1194
60911,no_incendio,-7.241827770839374,-75.55383362888189
60921,incendio,-8.5355,-76.5015
60935,incendio,-6.8959,-76.5541
60938,no_incendio,-5.332935425847374,-77.16749151506393
60945,incendio,-8.5863,-76.2004
60946,no_incendio,-7.152157832421082,-77.44831592237493
60952,no_incendio,-5.5896376031918615,-76.35252920094948
60957,no_incendio,-7.502611835705684,-75.74342232378346
60958,incendio,-7.0534,-76.1693
60960,incendio,-8.1746,-76.6021
60965,incendio,-6.5124,-75.7633
60975,incendio,-7.2949,-76.9202
60976,no_incendio,-5.747289104744423,-76.88274608576704
60980,no_incendio,-7.149862558736682,-77.09989679523933
60981,no_incendio,-7.265385570436415,-76.15256195898944
60997,no_incendio,-5.62140995348484,-75.55506281291692
60999,no_incendio,-6.281173626920689,-76.33798845589783
61000,no_incendio,-7.324122621539671,-77.54410654355205
61002,incendio,-5.8296,-75.8849
61005,incendio,-7.1259,-77.1189
61006,no_incendio,-6.994951885754811,-75.90892162040349
61020,no_incendio,-7.019065477801208,-77.45420422372614
61021,incendio,-6.964,-76.7662
61024,no_incendio,-6.237093114939267,-75.7117789331342
61027,incendio,-6.8475,-76.619
61028,incendio,-6.7886,-76.447
61029,incendio,-6.1304,-76.4194
61031,no_incendio,-6.191430391246121,-75.84894878803162
61032,incendio,-7.1124,-76.6424
61034,incendio,-7.351,-76.8871
61035,no_incendio,-6.22075638484601,-75.88403940669497
61038,incendio,-7.9059,-76.6948
61041,incendio,-7.9959,-76.661
61047,incendio,-5.7629,-76.491
61050,incendio,-8.7696,-76.2795
61052,no_incendio,-5.532853929708149,-75.98229483983717
61053,incendio,-6.1188,-75.966
61054,incendio,-7.4216,-76.5885
61056,no_incendio,-5.65117658577255,-75.62263099163508
61062,incendio,-7.2222,-76.8086
61066,incendio,-6.496,-76.3659
61069,incendio,-6.8961,-76.6837
61075,no_incendio,-5.822373025705751,-75.81118308604799
61079,no_incendio,-7.121678053413924,-76.22436656303664
61080,incendio,-7.5684,-76.7109
61089,incendio,-7.4799,-76.7169
61093,incendio,-5.6749,-75.9285
61095,incendio,-6.8143,-76.2208
61099,incendio,-6.4099,-75.8891
61101,no_incendio,-6.119596318397669,-75.7668351630271
61116,no_incendio,-6.8707527834716435,-77.1546220579287
61118,no_incendio,-5.504024274503536,-76.47223087280436
61124,no_incendio,-5.473631906137981,-76.93641473945902
61126,no_incendio,-5.498957925752801,-76.23819839749541
61129,incendio,-5.4994,-76.7341
61133,incendio,-6.175,-76.1844
61138,no_incendio,-5.977250221064096,-76.70445078164089
61143,no_incendio,-5.380924923914102,-76.12851157268119
61146,incendio,-7.0957,-76.279
61164,incendio,-5.8648,-75.9359
61187,no_incendio,-6.545436147892791,-76.30829128869237
61196,no_incendio,-6.0258388422724725,-75.8823418796658
61200,no_incendio,-6.742426821485937,-75.840077033376
61204,no_incendio,-7.343476837968453,-76.86299220846689
61205,incendio,-8.1646,-76.4939
61217,no_incendio,-5.775752820945428,-75.77309666724678
61225,incendio,-7.5909,-76.4919
61233,no_incendio,-7.510954821403472,-75.50873794050783
61252,incendio,-7.0891,-77.6416
61257,no_incendio,-6.606790602498376,-76.50679708602655
61260,no_incendio,-7.325700741079294,-77.06360146385256
61262,no_incendio,-7.468820255868223,-76.21884389702247
61266,incendio,-8.3925,-77.3045
61271,no_incendio,-7.456346722108078,-76.20342873895703
61279,no_incendio,-5.349324419297768,-77.32630960187535
61280,no_incendio,-5.632530971200962,-77.47788862342078
61284,no_incendio,-5.393627530051222,-76.7881303458327
61293,incendio,-6.338,-76.0132
61313,no_incendio,-6.1503156162969,-75.68207577523512
61316,no_incendio,-5.984669195028871,-76.49551058575585
61320,no_incendio,-5.789563027304849,-76.53201355790475
61335,no_incendio,-5.459589434430045,-76.77318023823041
61336,no_incendio,-6.477469375479229,-76.23310758199833
61344,incendio,-6.8194,-76.3676
61345,incendio,-6.8547,-76.9568
61352,no_incendio,-5.801578937835275,-76.51381524721576
61359,no_incendio,-6.5305605417841495,-76.81567387832536
61368,no_incendio,-7.134812798520641,-75.55898183219816
61370,incendio,-8.1014,-76.7099
61377,incendio,-7.3381,-76.8545
61394,incendio,-5.6901,-77.2763
61401,no_incendio,-6.237007995955339,-77.29653920345977
61402,no_incendio,-6.86128898258832,-76.74328169561169
61403,incendio,-5.7944,-77.2729
61407,incendio,-6.0313,-76.32
61437,no_incendio,-6.646019680443848,-77.50514894077688
61443,no_incendio,-5.5369399299131885,-77.31171501653961
61450,no_incendio,-6.696116083768962,-76.75572773731696
61458,incendio,-6.076,-75.8101
61460,incendio,-6.3154,-76.6258
61462,no_incendio,-6.726508547372632,-75.8805912365982
61469,no_incendio,-6.22075638484601,-75.88403940669497
61494,no_incendio,-6.911906202214161,-76.30385492841812
61497,no_incendio,-6.581475655282046,-76.92813918096854
61508,incendio,-6.6563,-76.7699
61510,no_incendio,-6.742797209348308,-75.63057425829132
61521,no_incendio,-7.433764184828395,-76.19895087453514
61522,no_incendio,-6.424415078222516,-76.56153900049968
61532,incendio,-6.7095,-76.5761
61533,incendio,-5.6136,-75.898
61537,incendio,-5.3416,-76.3051
61538,incendio,-7.2898,-76.5718
61543,incendio,-7.4874,-76.6221
61558,incendio,-6.77,-76.3815
61559,no_incendio,-7.4811756669415,-76.01564428333117
61567,incendio,-7.3962,-77.6858
61576,no_incendio,-6.573895472470259,-76.90325456502508
61580,incendio,-7.5103,-76.2571
61584,no_incendio,-5.714958817536613,-75.57831712461974
61585,incendio,-6.6168,-76.1456
61586,incendio,-7.499,-76.6113
61592,no_incendio,-5.715242133239665,-75.6692049037983
61600,incendio,-8.467,-76.4606
61602,no_incendio,-6.819960436835468,-75.76204305997081
61607,no_incendio,-5.313659040472185,-75.7974059398213
61614,no_incendio,-6.30791982416226,-77.35125522509678
61621,incendio,-8.6653,-76.4206
61640,incendio,-6.5397,-75.6896
61652,no_incendio,-5.8499481349063265,-76.00423037206916
61669,incendio,-7.7819,-76.8
61671,no_incendio,-7.000185157265019,-76.24279253564121
61674,no_incendio,-5.682009801127555,-77.32557014599907
61681,no_incendio,-6.71467279372098,-77.07743264874856
61684,no_incendio,-6.444450177038954,-75.66847301432819
61685,incendio,-6.985,-76.1594
61689,no_incendio,-7.329270682828255,-76.84451015929197
61692,incendio,-7.6124,-76.4877
61695,no_incendio,-6.486581240227174,-76.15835402098138
61696,no_incendio,-5.957368180282539,-76.7498768526133
61700,no_incendio,-6.758060268510353,-77.51884776551792
61703,incendio,-7.2503,-76.634
61705,no_incendio,-6.337630898858479,-77.22298031852678
61713,incendio,-6.606,-76.2455
61725,incendio,-5.8328,-75.9796
61742,no_incendio,-5.406105166280382,-76.83363539988324
61745,incendio,-6.1205,-77.7003
61753,incendio,-7.9866,-76.6733
61762,incendio,-7.603,-76.4037
61766,no_incendio,-6.143493830692505,-76.5408916216836
61770,no_incendio,-7.179164728014299,-77.26673458504925
61782,incendio,-7.6756,-76.5238
61786,no_incendio,-6.918732727057085,-75.61509017346891
61800,incendio,-5.6477,-76.2092
61814,no_incendio,-7.040747836565641,-76.40061304391803
61817,no_incendio,-7.292676783205119,-75.82456526450503
61818,incendio,-5.6828,-76.1752
61819,incendio,-5.333,-75.735
61823,no_incendio,-7.451217530868493,-77.29241876502243
61839,incendio,-6.7139,-76.461
61842,no_incendio,-5.673007856969957,-76.8124122789181
61861,incendio,-6.4948,-76.3741
61862,no_incendio,-7.317626251154921,-75.78361603634158
61871,no_incendio,-5.8570726019942425,-76.40667258173919
61879,incendio,-7.1075,-76.9641
61893,incendio,-6.4925,-77.5567
61897,incendio,-6.4937,-76.4378
61899,no_incendio,-6.837388041019548,-77.0882269714977
61909,no_incendio,-5.971572498496214,-75.54699515189168
61918,incendio,-6.7517,-76.6055
61919,no_incendio,-5.8568748352763045,-75.92620225226696
61921,no_incendio,-6.134868701694113,-76.84593822630983
61922,incendio,-7.1317,-76.2046
61924,incendio,-8.5089,-76.4199
61930,incendio,-7.3675,-76.9064
61943,no_incendio,-5.786742413220336,-77.47906670461887
61944,no_incendio,-6.705083355769138,-77.07784196502678
61949,incendio,-5.8492,-76.2747
61950,no_incendio,-7.011514074885707,-76.73934268520709
61954,no_incendio,-7.3383676381877665,-77.39694154174633
61956,incendio,-7.3352,-76.0703
61958,incendio,-7.6796,-76.4971
61967,incendio,-7.5173,-76.4454
61969,incendio,-7.2486,-76.3823
61970,incendio,-5.8619,-76.5811
61972,no_incendio,-5.5629279584591815,-75.58676722265717
61977,no_incendio,-6.044769424983038,-75.50599138370771
61980,incendio,-5.7536,-76.6262
61984,no_incendio,-6.424415078222516,-76.56153900049968
61996,no_incendio,-5.930404217360228,-76.53983487852608
62000,no_incendio,-5.985543510791079,-75.55610035209125
62001,no_incendio,-5.99701125020352,-76.97976479165838
62003,no_incendio,-6.1419091354730675,-76.8668930112328
62004,no_incendio,-5.987623594847527,-77.50895445827787
62005,incendio,-7.2617,-76.8433
62020,incendio,-8.7159,-77.0236
62024,incendio,-6.2501,-75.7955
62025,no_incendio,-7.304318403936466,-76.8341795441283
62031,no_incendio,-5.588466979788065,-76.18717580992774
62040,incendio,-6.3958,-75.6996
62048,no_incendio,-7.420738238712349,-77.50365613060586
62052,no_incendio,-5.824960586839608,-76.59374334653756
62053,no_incendio,-5.83397648887431,-77.22981106334638
62063,incendio,-7.1768,-76.3816
62083,incendio,-6.6682,-76.5184
62093,incendio,-7.4252,-76.6053
62098,no_incendio,-6.253873442293271,-77.4856518253099
62100,no_incendio,-5.326540128955467,-75.8192880237214
62101,no_incendio,-7.173287597971678,-76.70987433367677
62108,no_incendio,-7.14999258790223,-77.27323492320696
62111,no_incendio,-5.6355072776323825,-77.05987553143974
62123,incendio,-8.4355,-76.3048
62124,incendio,-7.0223,-76.5791
62128,incendio,-6.2886,-76.0778
62137,incendio,-5.9057,-76.399
62138,no_incendio,-6.1156293221158835,-76.01949781132349
62147,no_incendio,-6.641370996240543,-76.27210728920325
62157,incendio,-8.1728,-77.0589
62160,no_incendio,-6.8824524173967765,-77.12203229237878
62162,no_incendio,-6.66812028796298,-76.15230026038583
62165,no_incendio,-7.527307126647749,-77.12744201881532
62170,no_incendio,-5.3130357942785436,-76.58858316456917
62181,incendio,-6.282,-75.8444
62184,no_incendio,-7.324122621539671,-77.54410654355205
62190,incendio,-7.8749,-76.7634
62199,incendio,-6.2667,-76.0812
62206,no_incendio,-6.442705023956996,-76.30481606512446
62217,no_incendio,-7.523343048173316,-75.60465669486607
62220,no_incendio,-6.22075638484601,-75.88403940669497
62223,incendio,-6.4166,-75.7808
62225,no_incendio,-5.879613359801567,-75.64585304449614
62227,incendio,-5.9221,-76.5004
62228,no_incendio,-6.456445234793438,-77.37382860861014
62237,incendio,-6.6611,-76.6285
62243,no_incendio,-5.991944937539925,-75.60778625331145
62247,incendio,-7.1384,-76.0555
62250,no_incendio,-5.472748128836409,-77.20935781294484
62251,no_incendio,-6.233353095567226,-75.91710577734175
62273,incendio,-6.5472,-76.4563
62276,incendio,-7.6035,-76.6792
62278,no_incendio,-7.486384119244431,-77.33522717320785
62280,no_incendio,-7.4685281169836575,-76.45982142340358
62284,incendio,-5.8264,-77.418
62292,no_incendio,-6.037617039183259,-75.8633441160442
62294,no_incendio,-6.0258388422724725,-75.8823418796658
62298,incendio,-8.5724,-76.4093
62305,incendio,-6.1836,-77.771
62310,incendio,-7.437,-76.3384
62314,no_incendio,-5.31179064282697,-75.78618195501585
62321,no_incendio,-7.127093555738052,-76.84105088577114
62329,incendio,-5.9664,-76.3044
62331,incendio,-7.1114,-77.0909
62334,no_incendio,-7.516029592309847,-76.17814319860955
62344,no_incendio,-6.736884280770205,-76.9775738185435
62347,incendio,-6.1257,-76.7707
62350,no_incendio,-5.943086820538844,-77.20310189012812
62351,no_incendio,-6.0258388422724725,-75.8823418796658
62353,no_incendio,-7.161262686753078,-75.93223007605604
62356,no_incendio,-5.399746644332469,-76.68187059720576
62359,no_incendio,-7.37285257220338,-75.85397128431137
62364,no_incendio,-7.388452210624765,-77.20638603731945
62365,incendio,-6.7219,-77.5404
62379,no_incendio,-6.539751025490163,-75.79612657062603
62380,incendio,-5.8929,-76.1159
62393,incendio,-6.2255,-76.0916
62397,no_incendio,-7.311635265992554,-75.85999069910886
62400,no_incendio,-6.370500555903968,-77.21187079190732
62411,incendio,-5.8793,-75.9487
62415,no_incendio,-5.391936920318269,-75.74765732530163
62420,no_incendio,-5.4956287964108785,-77.39970137101125
62425,no_incendio,-7.493540878148328,-76.20838654108637
62429,incendio,-6.947,-76.8452
62434,incendio,-7.376,-76.8685
62435,incendio,-7.2999,-76.6527
62444,incendio,-7.3335,-76.9662
62445,incendio,-5.7827,-75.9975
62446,no_incendio,-5.306306841629591,-77.15046908916776
62447,no_incendio,-6.444054607789215,-75.60852282337595
62467,incendio,-6.674,-76.7676
62473,no_incendio,-6.3480305531769075,-76.22097710185248
62476,incendio,-7.4897,-76.5609
62480,incendio,-6.687,-76.7313
62481,incendio,-6.8145,-76.7989
62485,incendio,-7.1352,-76.474
62490,incendio,-7.3663,-76.9053
62498,no_incendio,-7.464233169627815,-76.3089508607516
62499,incendio,-6.0699,-76.152
62502,no_incendio,-7.431414415877487,-76.13136950681124
62504,incendio,-7.2282,-76.231
62509,incendio,-6.6575,-77.4896
62519,incendio,-7.5356,-76.5579
62522,incendio,-6.142,-77.1555
62523,incendio,-6.5791,-76.4291
62525,incendio,-6.0593,-75.8414
62528,no_incendio,-7.38891296125344,-75.60819465870141
62531,no_incendio,-6.542252546530441,-76.69178298792589
62532,incendio,-6.2245,-76.0408
62535,no_incendio,-5.6011690570737915,-76.70090683859456
62542,incendio,-6.3491,-75.9864
62544,no_incendio,-7.089179421889268,-75.95457712793731
62554,no_incendio,-6.279874050199112,-75.76672987730963
62557,incendio,-6.0588,-76.4496
62558,no_incendio,-6.530680448143941,-77.14936961816767
62559,no_incendio,-7.366259215797565,-77.34248619041158
62560,incendio,-8.7343,-76.3819
62567,incendio,-5.6522,-75.8522
62568,incendio,-6.5952,-76.7762
62574,no_incendio,-5.7870347665351245,-76.83855785035811
62575,no_incendio,-7.205543641449294,-77.21195261449198
62580,no_incendio,-6.380793727295641,-76.36283674136891
62586,incendio,-6.9319,-76.4987
62588,no_incendio,-7.006429626529349,-76.40821160101947
62591,incendio,-5.87,-76.2983
62593,no_incendio,-7.017832061015762,-77.13978816386988
62596,no_incendio,-5.498957925752801,-76.23819839749541
62605,no_incendio,-5.702364736345534,-76.72144500150783
62616,incendio,-6.2608,-76.8184
62619,incendio,-7.2776,-76.9365
62624,no_incendio,-7.49572574357337,-75.97213125228711
62629,incendio,-7.1802,-76.5046
62633,incendio,-6.3199,-76.6605
62639,no_incendio,-6.7893125147185724,-75.8130856477531
62641,no_incendio,-5.424572995842199,-76.6735765187215
62642,incendio,-7.2879,-76.4442
62649,incendio,-8.6053,-77.6035
62663,incendio,-5.8779,-77.1837
62664,no_incendio,-5.369357026240305,-77.2031702822179
62666,incendio,-6.7457,-76.1859
62669,incendio,-7.6057,-76.5201
62675,no_incendio,-7.261909044974304,-76.6515755533258
62676,incendio,-7.3064,-76.1236
62683,no_incendio,-6.726508547372632,-75.8805912365982
62688,no_incendio,-6.1290157028955905,-75.56386178427238
62697,no_incendio,-6.586264053943194,-75.6879198104013
62700,no_incendio,-5.907158352622331,-77.4442973163752
62701,incendio,-6.811,-76.475
62703,no_incendio,-5.504827246357519,-77.16574913944
62706,incendio,-5.891,-76.407
62712,no_incendio,-5.937825755560712,-77.54131014900841
62715,no_incendio,-7.040747836565641,-76.40061304391803
62724,incendio,-6.969,-77.5506
62725,no_incendio,-6.036634194085042,-76.33475368850613
62726,incendio,-7.1324,-77.122
62739,no_incendio,-5.851710851525425,-77.43871611391367
62746,no_incendio,-6.353424809181855,-75.63008762129351
62766,no_incendio,-5.6874479423727555,-75.79801976537915
62767,incendio,-6.9226,-76.6428
62768,incendio,-8.7212,-76.3499
62780,incendio,-7.3074,-76.6157
62782,no_incendio,-5.889428519671102,-75.83985217439051
62792,no_incendio,-5.882755427823639,-77.51237097659782
62800,incendio,-8.6065,-76.3054
62806,incendio,-6.0476,-75.9988
62809,no_incendio,-5.523597492537125,-76.54848022376082
62811,no_incendio,-7.554963436234575,-75.69130210162552
62821,incendio,-6.4893,-76.3741
62822,no_incendio,-6.777084363074236,-76.9625637860872
62829,no_incendio,-6.427611857268102,-77.39761535548438
62838,no_incendio,-6.074232738963784,-75.5615873787058
62839,no_incendio,-6.71467279372098,-77.07743264874856
62842,incendio,-8.7007,-76.3682
62843,no_incendio,-6.266506898778969,-76.33689278886196
62845,no_incendio,-5.629475532551382,-77.50061748638073
62849,no_incendio,-6.7988040085111265,-76.15084820178622
62853,incendio,-6.1244,-76.3528
62854,no_incendio,-5.789563027304849,-76.53201355790475
62858,no_incendio,-6.737802446576857,-76.76156798779444
62865,no_incendio,-5.928733149107297,-75.62813587078854
62881,no_incendio,-5.959481938609148,-77.35681272469573
62883,no_incendio,-7.489751819531982,-75.96573533227652
62888,no_incendio,-6.398926454720778,-76.50536924785067
62892,no_incendio,-5.631534863423365,-75.5444078955286
62894,incendio,-6.1246,-77.2039
62897,incendio,-7.2266,-76.3377
62900,incendio,-7.6556,-76.4736
62901,no_incendio,-6.770535932670912,-77.17143392593205
62906,no_incendio,-5.525166300103762,-76.64412404917219
62913,no_incendio,-6.761574880071224,-76.52109859066432
62930,incendio,-5.9759,-75.7517
62948,no_incendio,-6.320061417206358,-76.82643295462363
62953,incendio,-7.4065,-76.6915
62960,incendio,-6.972,-76.8891
62963,no_incendio,-5.309022549050947,-77.11989827113337
62966,incendio,-7.2463,-76.6262
62967,incendio,-8.0572,-76.7124
62968,no_incendio,-6.080706501829642,-77.17715903994046
62974,incendio,-7.32,-76.2624
62975,incendio,-7.302,-76.8593
62978,incendio,-7.4121,-76.8708
62979,incendio,-7.5123,-76.4253
62982,no_incendio,-7.53821724475927,-77.34792258266398
62987,incendio,-6.8712,-76.9379
62993,incendio,-6.2253,-75.9854
63007,incendio,-7.6223,-76.5017
63008,no_incendio,-7.3680402233360685,-75.9380390323052
63021,incendio,-5.9446,-77.0895
63023,incendio,-7.1559,-76.9176
63024,incendio,-7.3862,-76.717
63026,no_incendio,-5.978876914297251,-77.26050814725458
63049,incendio,-8.6277,-75.5221
63057,no_incendio,-6.012390103585068,-77.46665184846529
63060,no_incendio,-7.158262650594558,-76.17139715257736
63075,no_incendio,-7.357911846364595,-77.10667831143273
63077,no_incendio,-6.061679877354346,-76.10414263000189
63081,no_incendio,-7.079367268286084,-75.74962590729507
63091,incendio,-6.847,-76.6945
63093,incendio,-5.8709,-76.5626
63094,no_incendio,-5.8499481349063265,-76.00423037206916
63095,no_incendio,-7.419812910820906,-75.99406148062167
63097,incendio,-8.2948,-76.4018
63098,incendio,-5.3471,-76.655
63100,no_incendio,-7.346936014424016,-77.24612328998047
63108,incendio,-6.5269,-75.6832
63119,incendio,-7.4824,-76.5696
63126,no_incendio,-6.061848479102238,-75.8084457666632
63137,no_incendio,-7.242465202325818,-76.82313227202141
63141,no_incendio,-6.937481703505858,-75.66626594730945
63146,no_incendio,-7.124526948992974,-75.69099174784184
63150,incendio,-7.4145,-77.5935
63152,incendio,-6.6725,-76.4894
63153,incendio,-5.6348,-76.6101
63160,incendio,-7.1359,-76.634
63161,no_incendio,-7.160701404821328,-77.50258610161559
63167,incendio,-5.9302,-76.4546
63172,no_incendio,-7.188428352306568,-77.29319926370498
63178,no_incendio,-6.621617501983885,-75.65329251395444
63182,no_incendio,-5.339988911138568,-75.94604419335825
63183,incendio,-6.3399,-75.8586
63186,incendio,-7.5278,-76.7756
63204,incendio,-5.6638,-76.5431
63206,incendio,-6.5542,-76.0472
63208,no_incendio,-7.353333723942861,-76.86451079953567
63212,incendio,-7.4816,-76.2476
63221,no_incendio,-7.038481344593258,-77.380855509791
63223,incendio,-7.2187,-76.8494
63229,no_incendio,-5.926005528348797,-76.66451761423114
63231,no_incendio,-5.413750833598563,-75.87946450439262
63234,incendio,-7.4802,-76.6118
63238,incendio,-7.3338,-76.6109
63246,incendio,-7.5964,-76.5437
63249,incendio,-8.602,-76.3296
63251,no_incendio,-6.4551795764442375,-76.19574642473289
63260,no_incendio,-7.536087990026042,-76.53899168088374
63262,incendio,-7.5501,-76.5181
63264,no_incendio,-6.001439366513391,-76.98820534580602
63268,no_incendio,-7.103154809386207,-75.80011378156274
63272,incendio,-7.6036,-76.4957
63283,incendio,-7.5828,-76.6889
63290,incendio,-5.9252,-76.2994
63301,no_incendio,-5.818727365285151,-76.86751655981939
63302,no_incendio,-5.812760524192122,-77.54920790478845
63307,no_incendio,-6.893380079192219,-76.030920773184
63309,incendio,-6.4489,-75.7677
63322,incendio,-6.8938,-76.6783
63323,incendio,-6.1336,-75.6952
63324,incendio,-5.6856,-77.5552
63343,no_incendio,-6.338883523616399,-76.67237416346605
63349,incendio,-6.5405,-75.6313
63360,no_incendio,-7.558428193627557,-76.41513276188537
63361,no_incendio,-7.487103293775268,-76.06526148025002
63369,no_incendio,-6.973841653653549,-76.58656432123784
63372,no_incendio,-5.369370124540203,-77.53041632467286
63374,incendio,-8.5825,-76.2999
63379,no_incendio,-6.727398434306363,-77.48848492382807
63386,no_incendio,-6.10372793592555,-77.07921750093743
63387,no_incendio,-6.391881397317083,-77.53216465937516
63388,incendio,-6.9244,-76.6284
63404,incendio,-7.0008,-76.7197
63411,no_incendio,-7.0294194294183265,-77.09735006276883
63413,incendio,-5.8843,-75.9502
63415,no_incendio,-6.125949661803806,-77.27004912325427
63417,no_incendio,-6.796720182530489,-75.69073110670904
63422,no_incendio,-5.824960586839608,-76.59374334653756
63424,no_incendio,-5.867914432983562,-76.93835853406706
63430,no_incendio,-5.907158352622331,-77.4442973163752
63431,no_incendio,-5.807017349001207,-75.61769536103809
63435,no_incendio,-5.859392269860992,-77.07597134063963
63440,no_incendio,-6.233353095567226,-75.91710577734175
63450,no_incendio,-6.722977701208728,-76.08504808570892
63461,incendio,-7.4212,-76.5834
63470,incendio,-5.7206,-76.2511
63476,no_incendio,-6.113994500362599,-76.09851389136325
63484,no_incendio,-7.1211989995442275,-77.24932556813594
63486,no_incendio,-5.888892522225688,-76.77144344906966
63488,no_incendio,-7.251053016973333,-77.43482372064443
63490,no_incendio,-7.047404652384161,-75.9921217029406
63491,incendio,-6.4876,-76.3576
63497,no_incendio,-5.62140995348484,-75.55506281291692
63504,incendio,-6.302,-76.2815
63515,no_incendio,-6.893924031218003,-76.04905921446095
63519,incendio,-8.3993,-77.1246
63523,no_incendio,-5.943086820538844,-77.20310189012812
63527,incendio,-6.3727,-76.5963
63528,incendio,-5.818,-76.2153
63542,incendio,-8.6727,-77.7967
63543,incendio,-7.2506,-76.7782
63553,no_incendio,-5.6698457830937325,-76.36289670664165
63562,no_incendio,-6.806373584205248,-76.84212620311408
63564,incendio,-6.7629,-76.5623
63576,incendio,-7.1225,-76.2598
63578,incendio,-6.2907,-75.7706
63580,incendio,-7.6645,-76.7347
63584,no_incendio,-6.072007171578419,-77.37389388906047
63585,no_incendio,-7.062719614900722,-75.90547044520231
63588,incendio,-6.9308,-76.1555
63597,incendio,-8.1564,-77.4069
63598,no_incendio,-6.727398434306363,-77.48848492382807
63601,incendio,-8.4411,-76.1743
63603,incendio,-7.9783,-77.5189
63606,incendio,-5.9319,-76.2972
63609,no_incendio,-5.728382445396997,-77.12017555927592
63611,no_incendio,-5.73653806083423,-77.04027076606343
63612,incendio,-6.7403,-77.3366
63619,no_incendio,-5.765833579415168,-76.48980976364362
63620,incendio,-6.9807,-76.7985
63622,incendio,-6.0317,-76.0938
63623,no_incendio,-5.569129164967829,-76.89146867970102
63625,no_incendio,-7.217469611041255,-75.6059674027119
63635,no_incendio,-7.110610391202952,-75.57270966365749
63637,no_incendio,-5.3838831063176515,-76.49104845789617
63639,no_incendio,-5.839270188717535,-77.49668062311541
63640,no_incendio,-5.690666241525762,-76.5831246635922
63642,no_incendio,-7.485621627002571,-76.9594043618508
63649,no_incendio,-5.9462000997115165,-76.43849970195068
63651,incendio,-7.2797,-76.3727
63656,no_incendio,-5.509842715479968,-77.22974622552158
63659,no_incendio,-6.701934945529236,-77.46493186657752
63662,incendio,-5.684,-76.5816
63666,incendio,-7.3477,-76.4452
63669,no_incendio,-5.49005851410074,-77.39191865885853
63674,incendio,-7.1384,-76.0766
63688,no_incendio,-7.237158680749911,-76.11796356076336
63699,no_incendio,-6.426707190480592,-75.93955631582219
63701,no_incendio,-5.592843733729189,-75.8469852314677
63705,no_incendio,-6.24237475480212,-75.58560175040829
63706,incendio,-8.6775,-76.6866
63721,incendio,-6.7718,-76.4229
63722,no_incendio,-7.150750883364853,-76.83628592323717
63723,no_incendio,-5.49325291733823,-76.90069379643876
63734,no_incendio,-6.441902560534528,-76.15943969390888
63739,no_incendio,-5.811469366759115,-76.0719190251322
63742,no_incendio,-6.441502518699965,-76.95262753749782
63749,no_incendio,-6.525390337428589,-76.47559277816393
63753,no_incendio,-6.477469375479229,-76.23310758199833
63758,no_incendio,-6.980365789444828,-76.90654360978435
63759,incendio,-7.1335,-76.2217
63761,no_incendio,-6.466287697296756,-75.7075752786908
63766,no_incendio,-5.346519894910452,-77.42054950645856
63773,incendio,-7.3374,-76.5556
63774,no_incendio,-6.475196466130733,-76.70818383406251
63778,no_incendio,-7.429446375356516,-77.21947961761848
63783,incendio,-6.2531,-76.6483
63785,incendio,-7.2943,-76.2871
63788,incendio,-6.7533,-76.8271
63792,no_incendio,-6.346021842815813,-77.12333044544714
63798,incendio,-6.5426,-75.7316
63816,no_incendio,-6.279874050199112,-75.76672987730963
63821,incendio,-6.5222,-75.7525
63822,no_incendio,-5.703527630485487,-76.04599898833253
63824,incendio,-5.7915,-75.8104
63825,no_incendio,-5.68462514388274,-76.77383589546262
63832,no_incendio,-6.808642932215501,-75.79916533133496
63846,no_incendio,-6.152311336764004,-75.83217280220295
63854,no_incendio,-6.210262345134658,-77.11424996637882
63856,incendio,-6.8223,-76.6946
63857,no_incendio,-6.368662376296837,-77.03036089290791
63862,no_incendio,-6.063333052679301,-77.2619056071794
63864,incendio,-8.2032,-77.051
63872,no_incendio,-6.687814799910479,-75.56700420232013
63877,no_incendio,-5.804055235179965,-77.4451366120588
63881,no_incendio,-6.256015929782314,-76.34693713254352
63882,incendio,-5.9161,-75.9909
63887,no_incendio,-6.215385324683509,-77.39247138767627
63892,incendio,-7.2226,-76.5084
63893,incendio,-7.2037,-77.0062
63896,incendio,-6.8356,-76.4852
63898,incendio,-8.6947,-75.5376
63899,incendio,-5.7517,-76.2957
63906,no_incendio,-5.701666858501454,-75.71059369687181
63911,no_incendio,-7.3912095148136645,-77.03017853882585
63926,incendio,-7.1655,-76.8792
63930,incendio,-6.5337,-76.7194
63933,no_incendio,-7.23268535501901,-75.71791421763211
63938,no_incendio,-6.050469228584658,-76.73736427886188
63939,no_incendio,-6.231532660134269,-77.43051392350198
63941,incendio,-8.6192,-76.1929
63953,no_incendio,-7.145399618003832,-77.00792044464232
63957,incendio,-7.1786,-76.2041
63960,incendio,-8.6607,-76.94
63961,no_incendio,-6.300957997693996,-76.09847737144455
63963,no_incendio,-7.192625795202753,-75.79931940133156
63964,incendio,-6.0131,-75.9307
63975,no_incendio,-5.921016028711128,-75.70718586514504
63978,incendio,-7.3796,-76.7824
63987,incendio,-5.9061,-75.9857
64001,no_incendio,-5.451709663906019,-76.0834165906866
64004,incendio,-6.0691,-77.6274
64006,no_incendio,-6.1476999130544865,-77.34007485362595
64011,no_incendio,-6.902373213948052,-75.80243684170989
64015,no_incendio,-5.450166959625918,-77.00835031536832
64018,no_incendio,-6.664383213747135,-77.16631140190985
64023,no_incendio,-5.682009801127555,-77.32557014599907
64026,incendio,-5.8983,-76.1151
64033,incendio,-7.0284,-76.741
64036,no_incendio,-5.813466395394225,-76.54314458566375
64037,incendio,-6.5159,-75.7002
64045,incendio,-6.8774,-76.5396
64048,no_incendio,-5.974627825335505,-76.8393257597771
64052,incendio,-5.6993,-76.1876
64058,incendio,-7.6068,-76.4999
64060,incendio,-6.9878,-76.5936
64061,incendio,-7.1026,-76.7487
64072,no_incendio,-5.362697688980843,-76.37235425327088
64076,no_incendio,-5.7532005563442,-76.81683301115936
64079,no_incendio,-7.195118276412429,-75.87773973651454
64081,incendio,-6.2095,-77.145
64083,no_incendio,-7.142345675518539,-77.26966785367183
64093,incendio,-6.6342,-76.7527
64098,no_incendio,-6.263351561254887,-76.64078067531564
64113,incendio,-8.6534,-76.141
64116,incendio,-7.1147,-76.5756
64126,incendio,-8.0316,-76.687
64128,no_incendio,-5.609318574866824,-76.18227826181767
64129,incendio,-8.7535,-76.7752
64131,no_incendio,-7.510787208532104,-75.93881161563174
64133,no_incendio,-6.173497385338977,-77.08001241103895
64138,incendio,-7.551,-76.4107
64141,no_incendio,-5.990542250974831,-75.6694532466171
64143,no_incendio,-7.089719383654557,-75.94940066492136
64144,incendio,-7.0642,-76.1912
64148,incendio,-8.2269,-76.4069
64162,no_incendio,-6.949415512269831,-76.30894649629607
64163,no_incendio,-7.5964500853796,-76.68614160369373
64171,incendio,-6.9021,-76.7504
64174,no_incendio,-6.125949661803806,-77.27004912325427
64183,no_incendio,-6.541834413903653,-76.37649272286701
64187,no_incendio,-7.446777051363318,-75.55823277277759
64194,no_incendio,-5.433480478841975,-76.00940335234054
64195,no_incendio,-5.945782975612446,-75.78933619991895
64202,incendio,-7.5587,-76.8417
64206,no_incendio,-6.726577938090313,-76.92865414529734
64215,no_incendio,-6.6229879670061225,-75.80299704996388
64218,no_incendio,-7.132478183195441,-76.65634588857769
64227,no_incendio,-5.800663587251775,-77.2156236281296
64228,no_incendio,-6.419675876236263,-76.64489280604421
64230,no_incendio,-5.8091800479019735,-77.2012977286717
64231,no_incendio,-7.423279850513975,-76.1929127649397
64253,no_incendio,-5.763287542306629,-76.16197141222403
64254,no_incendio,-5.7006314608305315,-76.5774762709844
64256,no_incendio,-6.695225096779551,-76.23948893389061
64257,incendio,-7.3788,-76.0193
64262,no_incendio,-6.462614163555006,-75.61289892495
64269,incendio,-6.8886,-76.4616
64273,incendio,-6.9443,-76.6115
64274,incendio,-6.7131,-76.6806
64276,incendio,-7.3032,-76.577
64280,no_incendio,-6.026656147123168,-76.76469510540855
64282,no_incendio,-6.1503156162969,-75.68207577523512
64285,incendio,-6.8564,-76.8684
64286,no_incendio,-5.955706826060275,-77.52353123807491
64289,no_incendio,-7.475413502587504,-75.52501286015236
64291,no_incendio,-6.342272331916268,-77.0355540401251
64297,no_incendio,-7.536324441611577,-75.98652093293225
64298,no_incendio,-6.9712876814104,-75.72933923833854
64302,incendio,-5.3442,-76.5286
64305,no_incendio,-6.542256231887758,-76.22236926601508
64309,no_incendio,-5.41517785771272,-76.05115692097354
64310,no_incendio,-5.3699868320408415,-75.54453001162278
64314,incendio,-5.7279,-75.8389
64317,no_incendio,-5.397948781588011,-77.53247141487635
64332,no_incendio,-7.242465202325818,-76.82313227202141
64335,no_incendio,-5.8513705657504405,-76.02980196988514
64342,no_incendio,-5.465266875680572,-76.24842900681286
64343,no_incendio,-6.212102855046136,-76.68622274401635
64345,incendio,-7.0982,-76.5025
64351,incendio,-7.3319,-76.8625
64353,incendio,-5.4919,-76.5223
64359,no_incendio,-6.462614163555006,-75.61289892495
64361,no_incendio,-5.326609511462546,-75.7438155508771
64377,incendio,-8.6932,-76.3434
64378,incendio,-6.5328,-76.4307
64390,no_incendio,-5.6996412211902,-75.5074681731858
64397,incendio,-6.803,-76.9224
64404,incendio,-5.8298,-76.3966
64407,incendio,-6.6603,-76.3562
64410,no_incendio,-7.332916187784927,-76.99914864296008
64418,no_incendio,-6.386426402369189,-77.04162489751405
64422,no_incendio,-6.6726823357299025,-76.74697083453398
64425,incendio,-6.3746,-75.7777
64426,incendio,-8.0303,-76.6779
64433,incendio,-7.4341,-76.6788
64438,no_incendio,-5.418336191471334,-77.27363994749886
64446,incendio,-6.3114,-75.9268
64449,no_incendio,-6.976092489979531,-77.35059361204593
64465,no_incendio,-6.564347270784287,-75.8738633840426
64468,incendio,-7.0642,-76.8104
64473,no_incendio,-5.7826453397308155,-77.3905226367299
64481,incendio,-6.8552,-76.1309
64482,no_incendio,-5.60263772570773,-75.78275132850642
64487,no_incendio,-5.721753234372427,-77.04300744557013
64489,no_incendio,-5.692068833993068,-76.92243000249631
64491,incendio,-7.2524,-77.6633
64494,no_incendio,-7.431414415877487,-76.13136950681124
64496,incendio,-7.578,-76.4713
64499,no_incendio,-6.467350712480753,-77.13922176575424
64500,no_incendio,-5.977893876843185,-76.20383698117358
64501,no_incendio,-5.593725246250177,-76.70151478021911
64514,no_incendio,-7.3239429065406565,-75.71625724817507
64529,no_incendio,-5.998881730764309,-77.1385121318961
64530,no_incendio,-5.313659040472185,-75.7974059398213
64531,no_incendio,-5.329749843854847,-75.71078811690217
64543,no_incendio,-7.448759349626241,-75.73146487239217
64546,no_incendio,-7.059198382146936,-75.77593999522976
64548,incendio,-7.2296,-76.9932
64561,no_incendio,-6.473718077481412,-77.49661278682977
64562,incendio,-6.8191,-76.1476
64566,incendio,-8.7696,-76.0901
64569,incendio,-7.2833,-76.6329
64573,no_incendio,-7.146199438472306,-75.63802434726938
64576,incendio,-7.2986,-76.6084
64578,incendio,-5.7425,-77.235
64582,incendio,-6.6951,-76.6497
64583,no_incendio,-6.5791773780212175,-75.5208242841422
64585,no_incendio,-6.635301014584928,-76.41004319664097
64589,incendio,-8.6136,-76.6402
64590,no_incendio,-6.961563570088446,-77.02222304631809
64594,no_incendio,-5.8570726019942425,-76.40667258173919
64602,no_incendio,-6.775573791793621,-76.68783581514383
64606,no_incendio,-5.83397648887431,-77.22981106334638
64610,incendio,-5.3023,-76.3249
64612,incendio,-7.2042,-76.5257
64617,no_incendio,-7.453299052251447,-77.18508562471676
64624,incendio,-5.8865,-76.2819
64627,incendio,-6.4911,-76.3696
64630,incendio,-6.5946,-76.2375
64631,incendio,-6.7511,-76.605
64640,no_incendio,-5.391936920318269,-75.74765732530163
64645,no_incendio,-6.726107042288016,-76.4764656532763
64648,incendio,-7.0342,-76.7808
64664,incendio,-6.9478,-76.4954
64665,no_incendio,-5.761894026687926,-76.71626651276603
64666,incendio,-6.9274,-76.8808
64669,incendio,-6.6623,-76.5709
64670,no_incendio,-7.58397179719786,-76.78899858637695
64671,incendio,-6.941,-76.7054
64677,incendio,-6.8765,-76.1659
64693,incendio,-8.4664,-76.2953
64694,incendio,-5.7262,-75.8369
64695,no_incendio,-6.062840602584927,-76.70237486789418
64698,no_incendio,-6.161493803649726,-77.185392683239
64706,incendio,-8.5253,-76.3737
64710,incendio,-8.7195,-76.1131
64714,no_incendio,-7.3820884546139,-76.13227467193721
64715,no_incendio,-7.259025792408945,-76.1069982504593
64724,no_incendio,-5.977893876843185,-76.20383698117358
64730,incendio,-6.7232,-76.8298
64734,incendio,-6.7332,-76.3173
64741,incendio,-8.1618,-76.9554
64755,incendio,-6.4824,-75.7553
64770,no_incendio,-5.715242133239665,-75.6692049037983
64775,incendio,-7.2139,-76.8495
64782,incendio,-6.1072,-76.3984
64783,no_incendio,-7.423279850513975,-76.1929127649397
64786,no_incendio,-5.885065132570478,-75.64334405460914
64787,incendio,-7.0047,-76.5704
64788,incendio,-7.4974,-76.4518
64789,incendio,-8.0906,-77.6246
64793,no_incendio,-5.746784627492212,-75.78617751665539
64804,no_incendio,-6.2816422432891255,-75.61454508391762
64805,no_incendio,-6.00373135270891,-76.34110147279476
64810,no_incendio,-7.126628531945264,-77.1694503862003
64812,no_incendio,-6.594359651694001,-75.81359177197494
64813,no_incendio,-5.807568980791382,-75.59957931060934
64818,no_incendio,-6.6966130629090745,-76.20140385770695
64823,no_incendio,-6.568678711242536,-76.46161690496696
64826,no_incendio,-6.38076556073537,-76.97858606969272
64830,no_incendio,-6.424415078222516,-76.56153900049968
64832,incendio,-7.1972,-76.8834
64833,no_incendio,-6.2016988445038095,-75.99411742841416
64835,incendio,-6.3507,-76.1299
64844,no_incendio,-6.073266163575411,-75.6671313489238
64847,incendio,-8.5763,-76.126
64852,no_incendio,-6.619578652288662,-76.97686198868091
64854,no_incendio,-7.426285004692227,-76.55235970604326
64858,no_incendio,-5.767157423041838,-75.60792843558447
64865,no_incendio,-5.531434005442488,-77.13875106909684
64867,incendio,-6.8027,-76.6011
64869,incendio,-6.4916,-76.3631
64870,no_incendio,-7.448759349626241,-75.73146487239217
64881,no_incendio,-7.292676783205119,-75.82456526450503
64889,incendio,-7.7158,-76.7764
64898,incendio,-7.6612,-76.8035
64899,incendio,-7.3965,-76.6855
64901,no_incendio,-5.886501214348173,-76.17373588365827
64906,incendio,-8.5496,-76.525
64908,no_incendio,-5.65117658577255,-75.62263099163508
64917,no_incendio,-6.536547874138972,-77.31298293788737
64918,no_incendio,-5.944935096517128,-76.18780832521988
64919,no_incendio,-7.566170057674632,-77.33420456007225
64920,no_incendio,-6.045557480896305,-76.73042918045354
64922,incendio,-7.7272,-76.7233
64932,no_incendio,-7.230008103453095,-76.43726823574747
64937,no_incendio,-7.377051275028038,-75.93975534182488
64940,incendio,-7.1351,-77.0878
64950,no_incendio,-6.871712261045699,-76.6810612935972
64951,incendio,-6.9726,-76.5659
64953,no_incendio,-5.402348170521421,-77.02463779239379
64958,incendio,-6.9895,-76.7138
64960,incendio,-5.9021,-76.111
64962,no_incendio,-6.141100932072808,-75.82733820285651
64970,incendio,-6.6263,-76.7414
64971,no_incendio,-5.906320557671209,-76.16456069117528
64973,incendio,-7.8958,-76.6844
64975,no_incendio,-6.567404760010091,-75.93678531261668
64992,no_incendio,-7.218925664720446,-76.08201561394016
65012,no_incendio,-6.1628423736617925,-77.33214012724629
65013,incendio,-6.0599,-77.1683
65019,incendio,-7.5616,-76.6924
65027,no_incendio,-5.658384235826694,-76.44208065955317
65028,incendio,-6.5107,-75.7391
65041,incendio,-5.7188,-75.8975
65043,no_incendio,-7.5348116135080625,-76.04270078901092
65046,no_incendio,-6.768773690834417,-77.41433372649782
65064,incendio,-6.4971,-76.3773
65070,no_incendio,-5.655403371061297,-77.22066038141541
65074,incendio,-8.3105,-76.6848
65079,incendio,-7.218,-76.7978
65082,no_incendio,-7.15250800382105,-75.6698884726493
65088,no_incendio,-6.446999968584335,-76.20534088443561
65098,incendio,-6.753,-76.847
65105,incendio,-7.4131,-76.7025
65111,no_incendio,-7.3828581911388165,-75.8721549637632
65114,no_incendio,-7.489751819531982,-75.96573533227652
65121,incendio,-5.5398,-76.7389
65122,no_incendio,-5.85348487678678,-75.67716092139695
65124,incendio,-6.4827,-75.7675
65126,incendio,-8.3618,-76.3468
65128,incendio,-7.5995,-76.4755
65132,no_incendio,-6.320061417206358,-76.82643295462363
65142,incendio,-7.4989,-76.4838
65152,no_incendio,-7.142295863783367,-76.24884468058782
65159,no_incendio,-6.509338593690795,-76.81131065559471
65166,incendio,-8.2917,-76.4328
65167,incendio,-7.2082,-77.0537
65169,incendio,-6.8785,-76.9538
65170,no_incendio,-5.585507984340333,-75.53590045517545
65171,incendio,-6.6789,-76.7393
65181,incendio,-5.7973,-76.3448
65182,no_incendio,-7.205543641449294,-77.21195261449198
65183,incendio,-5.9483,-76.9034
65184,incendio,-6.7583,-76.6489
65185,no_incendio,-5.65611924902812,-76.450948774078
65188,incendio,-6.7859,-76.4336
65191,incendio,-7.3831,-77.6738
65193,no_incendio,-6.84710555088138,-75.520478621097
65194,incendio,-6.3303,-76.1254
65207,no_incendio,-6.141100932072808,-75.82733820285651
65211,incendio,-7.5776,-76.3643
65214,no_incendio,-6.662875308176205,-76.42972525647028
65215,no_incendio,-6.979813600777688,-77.48470455898823
65221,no_incendio,-7.538851524680003,-76.89606525439852
65222,incendio,-7.1395,-76.5472
65224,no_incendio,-5.665031141499033,-76.55743995217303
65233,no_incendio,-6.671397085491674,-75.72724206195927
65234,incendio,-7.2053,-76.6534
65235,incendio,-7.3154,-75.6068
65241,incendio,-7.5889,-76.7475
65243,incendio,-7.7234,-76.4909
65245,no_incendio,-5.413750833598563,-75.87946450439262
65250,incendio,-6.9917,-76.8019
65263,no_incendio,-7.036314510603764,-76.32413479957033
65266,no_incendio,-6.590197592397879,-75.98025100323518
65268,incendio,-6.7924,-76.7926
65275,no_incendio,-7.4654999073290265,-76.71461513627762
65282,incendio,-5.9212,-76.9647
65290,no_incendio,-7.371926664770868,-77.38249391708561
65291,no_incendio,-5.61928379725062,-76.7464492739021
65294,incendio,-6.2952,-76.0952
65296,incendio,-6.6036,-75.5068
65297,no_incendio,-7.038387701485983,-77.46608635694433
65312,no_incendio,-5.397648721010737,-76.34314573163867
65314,incendio,-6.3652,-76.6442
65318,no_incendio,-6.73154658128307,-77.37224800507184
65319,incendio,-6.5345,-76.4314
65322,incendio,-7.366,-76.8206
65323,no_incendio,-6.36044395346056,-75.72277954497737
65331,incendio,-7.1652,-76.5187
65333,incendio,-6.1451,-77.1546
65339,no_incendio,-5.98497682810957,-77.24575452252367
65347,no_incendio,-5.576377400601263,-76.00886183713747
65366,incendio,-7.1476,-76.3041
65368,no_incendio,-6.6832264067033,-77.40030797685029
65371,incendio,-6.2928,-75.8429
65375,no_incendio,-5.503666402060762,-76.62944463990817
65379,incendio,-6.8888,-76.3562
65390,incendio,-8.4093,-77.2319
65393,incendio,-6.721,-76.8332
65394,no_incendio,-6.551429222354349,-76.91211574837874
65395,no_incendio,-6.594872736761388,-76.81244710228094
65412,incendio,-6.2207,-76.192
65414,no_incendio,-6.0746976290586785,-75.57122315970695
65417,no_incendio,-6.254046612679011,-76.94445690037632
65419,no_incendio,-6.949275367929126,-77.03979042014342
65429,incendio,-5.9415,-75.9368
65431,no_incendio,-5.409587022918446,-76.44819351401671
65432,no_incendio,-6.459421110313875,-76.2975020951517
65436,no_incendio,-5.8091800479019735,-77.2012977286717
65440,no_incendio,-5.356858559279738,-76.9184573866197
65442,no_incendio,-5.577290052521281,-76.32966434490925
65453,no_incendio,-7.183923927473843,-76.41258057222892
65454,no_incendio,-7.491547550658209,-77.41447872545433
65460,incendio,-7.3167,-76.5544
65463,incendio,-5.3385,-76.6345
65468,no_incendio,-7.232373566693578,-77.33989801092913
65486,incendio,-5.7972,-76.6191
65497,no_incendio,-5.62998043999866,-76.34952477053923
65503,no_incendio,-6.812990607089626,-75.70820307560577
65507,incendio,-6.9327,-76.2106
65509,no_incendio,-6.541834413903653,-76.37649272286701
65531,incendio,-6.2837,-76.211
65533,no_incendio,-6.591526889483433,-77.26946848843974
65541,incendio,-7.7878,-76.7349
65542,incendio,-6.0652,-76.4566
65544,no_incendio,-6.113994500362599,-76.09851389136325
65550,incendio,-7.0117,-76.9008
65557,incendio,-6.79,-76.4565
65558,incendio,-6.5306,-76.5192
65560,incendio,-6.3539,-75.5863
65562,incendio,-8.1597,-76.5004
65568,incendio,-6.8558,-76.5456
65578,incendio,-7.325,-76.3697
65579,incendio,-5.632,-76.6165
65588,incendio,-5.8261,-76.0197
65593,incendio,-6.9293,-76.7288
65595,no_incendio,-5.900355019577343,-76.50972621036057
65600,incendio,-7.6456,-76.6999
65612,no_incendio,-7.4291899383099445,-76.99344952239323
65617,incendio,-7.3209,-76.4047
65621,incendio,-8.6482,-76.1192
65625,incendio,-7.9067,-76.8656
65634,incendio,-7.1289,-76.3628
65642,no_incendio,-5.940833223348477,-76.76215332326328
65644,no_incendio,-5.873429262130088,-76.29994874270383
65645,no_incendio,-5.503666402060762,-76.62944463990817
65650,incendio,-8.6819,-76.2686
65651,incendio,-6.5583,-75.6741
65655,no_incendio,-7.241496994972613,-76.72736472676876
65662,no_incendio,-6.3427644504242675,-77.35180398852548
65675,no_incendio,-7.347666513055251,-77.19530347019538
65680,no_incendio,-5.876670821018357,-77.35096983439296
65685,no_incendio,-5.936332555331325,-76.83179580754164
65689,incendio,-7.1086,-76.8232
65693,incendio,-6.4964,-76.3666
65698,incendio,-5.3131,-75.7651
65699,incendio,-6.394,-75.8886
65704,incendio,-5.8434,-77.3316
65706,no_incendio,-7.587620813063947,-76.03285942876866
65716,no_incendio,-7.1439208952470965,-77.38092521559295
65717,no_incendio,-6.893380079192219,-76.030920773184
65725,incendio,-8.5855,-75.6055
65730,no_incendio,-6.7911860867707,-76.3184609362465
65739,no_incendio,-5.525519480392893,-76.3183975995799
65747,no_incendio,-7.201796098982287,-75.59066106327278
65752,incendio,-7.7284,-76.5024
65753,no_incendio,-6.905014878753814,-76.49698867319515
65755,no_incendio,-5.3928610006268665,-76.95098681919762
65761,no_incendio,-7.204320146605171,-76.588496910205
65768,no_incendio,-7.263705379465793,-77.32787830995856
65773,incendio,-8.536,-76.1836
65774,no_incendio,-6.71467279372098,-77.07743264874856
65789,incendio,-6.5482,-76.3104
65792,no_incendio,-6.730215654444688,-76.84821672271427
65798,incendio,-6.8404,-76.9832
65804,incendio,-6.169,-76.899
65809,incendio,-8.0202,-76.6819
65812,no_incendio,-5.5259385585543805,-76.78474947687066
65815,incendio,-6.9915,-76.6197
65817,incendio,-7.049,-76.3323
65823,incendio,-6.6911,-76.4286
65824,no_incendio,-7.546681661706002,-77.09086718024028
65830,incendio,-7.5974,-76.4859
65831,incendio,-7.495,-76.7884
65833,incendio,-7.3984,-76.841
65834,incendio,-8.7035,-76.3539
65847,no_incendio,-6.0636997194620585,-76.98817967024722
65848,incendio,-6.5457,-76.7286
65856,no_incendio,-5.66978916869293,-75.78583352536694
65861,no_incendio,-6.677775402102643,-76.83019542388436
65864,no_incendio,-5.798251230559933,-76.03303003317315
65876,no_incendio,-7.036314510603764,-76.32413479957033
65880,incendio,-6.5035,-75.7113
65883,no_incendio,-6.402507911708669,-75.63264270737905
65891,incendio,-6.5899,-75.5994
65896,incendio,-5.8605,-76.1428
65909,incendio,-6.1322,-75.7197
65920,incendio,-6.4881,-76.3613
65927,no_incendio,-7.1210506239975135,-76.31863607475617
65929,incendio,-5.3749,-76.5333
65932,no_incendio,-5.826799302537919,-75.73782519899997
65936,no_incendio,-7.340268369426515,-77.43400024997341
65937,no_incendio,-6.733687512476174,-75.74855689788478
65950,incendio,-7.3628,-76.8345
65956,incendio,-6.4585,-75.7624
65964,incendio,-5.9937,-76.302
65965,no_incendio,-5.533837838145786,-75.72558753064112
65966,incendio,-5.582,-75.8269
65972,no_incendio,-6.135227462144194,-76.4855793054628
65979,incendio,-5.868,-75.9239
65980,no_incendio,-7.554963436234575,-75.69130210162552
65982,no_incendio,-7.36388011313037,-77.4640263849402
65987,incendio,-5.7685,-76.3903
65990,incendio,-5.7283,-76.2889
65991,incendio,-6.779,-76.5169
65992,no_incendio,-6.023168032179068,-77.26981479042486
65994,incendio,-6.9011,-76.6608
66004,no_incendio,-5.877091540669871,-76.18474625697182
66009,no_incendio,-5.682009801127555,-77.32557014599907
66019,incendio,-6.9826,-76.2476
66020,incendio,-7.4351,-76.55
66029,incendio,-6.4133,-75.8875
66031,incendio,-8.2134,-76.978
66044,incendio,-6.0642,-77.1711
66046,no_incendio,-5.541112522183527,-75.99676308138659
66058,incendio,-7.1363,-76.0885
66065,no_incendio,-5.612907306182736,-76.9815155721773
66067,no_incendio,-7.081431158638572,-76.84157131930168
66072,no_incendio,-5.921387481016298,-75.640821414452
66075,incendio,-6.1986,-75.9281
66082,incendio,-6.7312,-77.5074
66084,incendio,-7.1286,-76.4289
66088,no_incendio,-5.715611122341353,-76.65563746255786
66094,no_incendio,-6.326986282349614,-75.6142180056652
66100,incendio,-5.9112,-76.0049
66103,no_incendio,-7.303191371239219,-76.86950299016307
66108,no_incendio,-6.518152554514016,-75.5195810155841
66127,incendio,-7.3094,-76.9632
66135,incendio,-5.7775,-76.4299
66146,no_incendio,-6.217977569363936,-76.69976022852224
66150,no_incendio,-7.000863457307533,-75.58957693762711
66175,no_incendio,-6.09585600344774,-76.33181330264762
66179,incendio,-5.8757,-77.1885
66184,incendio,-8.5442,-76.3974
66201,no_incendio,-5.7826453397308155,-77.3905226367299
66203,incendio,-6.4872,-76.3674
66208,no_incendio,-7.367557628064232,-76.4395241338938
66214,no_incendio,-7.307422219905113,-77.49030389420659
66233,no_incendio,-6.876747971648932,-77.24294547673294
66247,no_incendio,-6.3737423006602185,-77.16577350376646
66252,incendio,-6.5355,-75.7038
66258,incendio,-7.1617,-76.3089
66259,no_incendio,-6.807279841790784,-75.78242302305196
66264,incendio,-7.3293,-76.3761
66270,no_incendio,-6.181570378698443,-77.2403974842685
66271,incendio,-6.2032,-76.2679
66272,no_incendio,-6.5791773780212175,-75.5208242841422
66275,incendio,-7.2696,-76.259
66277,no_incendio,-6.599702785570768,-77.42370077864948
66278,no_incendio,-5.592843733729189,-75.8469852314677
66285,no_incendio,-6.041174269159521,-76.02071621272385
66292,no_incendio,-7.191225918716162,-75.54734215721196
66293,incendio,-6.2344,-76.2385
66295,no_incendio,-6.227801736418022,-76.3562846673644
66297,no_incendio,-7.468966943240149,-76.0987072289364
66300,incendio,-6.7541,-76.471
66304,incendio,-7.0567,-76.7199
66306,incendio,-8.6149,-76.7037
66309,incendio,-6.5858,-76.2324
66314,no_incendio,-6.741564716218832,-76.27215624555981
66328,no_incendio,-6.152311336764004,-75.83217280220295
66332,incendio,-5.737,-76.2203
66338,incendio,-6.0799,-77.063
66347,no_incendio,-7.320681720418793,-75.65489361084256
66353,no_incendio,-6.058777263222519,-76.29718752856778
66354,incendio,-7.2126,-77.0647
66357,no_incendio,-7.579867389663157,-75.5999817001758
66371,no_incendio,-5.9272520922930445,-77.17976360795232
66373,incendio,-7.4093,-76.2449
66380,no_incendio,-6.199800156726071,-75.87903812084684
66393,incendio,-5.9629,-75.8717
66398,no_incendio,-7.487565239153625,-77.31329030244564
66403,incendio,-7.0113,-76.6032
66404,no_incendio,-5.906233795105334,-77.12857966060585
66412,no_incendio,-6.263351561254887,-76.64078067531564
66413,incendio,-7.3184,-76.6058
66418,incendio,-5.5437,-76.705
66429,no_incendio,-6.20119371633988,-76.87236267556213
66440,incendio,-5.9406,-76.2934
66441,no_incendio,-6.418496907062319,-75.56505083254436
66444,incendio,-8.6437,-76.3197
66456,no_incendio,-5.993099838060813,-76.1739103851831
66457,incendio,-6.3469,-75.7553
66461,no_incendio,-5.573600216354325,-77.29583969487783
66463,incendio,-6.7475,-76.5277
66475,incendio,-5.8013,-75.9991
66476,incendio,-7.4481,-76.6055
66481,incendio,-6.2097,-75.9739
66485,incendio,-8.5389,-75.6078
66487,incendio,-7.3955,-77.6783
66490,no_incendio,-5.362923654155092,-76.9119868960568
66505,no_incendio,-6.9177745399597805,-77.27712831962272
66513,incendio,-5.3408,-76.7543
66517,no_incendio,-5.913444133925558,-76.54061399484421
66520,no_incendio,-5.592798700137297,-76.77202119029057
66521,no_incendio,-5.998881730764309,-77.1385121318961
66523,no_incendio,-5.670265351646696,-76.15936780244608
66533,no_incendio,-5.930404217360228,-76.53983487852608
66540,no_incendio,-6.731898455104795,-77.28317456533246
66541,no_incendio,-6.696116083768962,-76.75572773731696
66544,incendio,-5.9634,-75.9767
66551,incendio,-6.5518,-76.2636
66552,no_incendio,-7.485621627002571,-76.9594043618508
66558,no_incendio,-6.189738223688629,-76.63044449970681
66560,no_incendio,-5.889428519671102,-75.83985217439051
66567,incendio,-6.1698,-76.3759
66568,no_incendio,-6.47129538831012,-76.10848069167751
66570,no_incendio,-6.842130861811311,-76.61529209965812
66580,no_incendio,-6.31265571754434,-77.00564888561091
66584,incendio,-8.4938,-76.4023
66592,no_incendio,-7.251215765230244,-76.69670530916802
66605,incendio,-8.6374,-76.3237
66608,no_incendio,-7.23268535501901,-75.71791421763211
66621,no_incendio,-6.8241555048520945,-76.01927599626522
66634,no_incendio,-6.1174086914739405,-75.65121133854548
66638,incendio,-7.3434,-76.7623
66642,no_incendio,-6.190431376100011,-77.10696325685771
66646,no_incendio,-7.582363301360768,-76.43607509989434
66648,incendio,-6.2028,-76.2371
66652,no_incendio,-5.646223843039662,-77.22265388647651
66659,incendio,-5.3027,-76.4524
66664,no_incendio,-6.096039133600909,-76.29380539264065
66665,no_incendio,-5.382544750033527,-75.77853597502654
66668,incendio,-7.0206,-76.9033
66670,no_incendio,-5.869842375317225,-75.95286206170579
66676,no_incendio,-6.326986282349614,-75.6142180056652
66684,no_incendio,-6.733687512476174,-75.74855689788478
66692,no_incendio,-6.722985174451003,-76.39617504365586
66694,no_incendio,-5.366911069115064,-77.28733600522496
66695,no_incendio,-6.156050459707027,-75.66218917207854
66697,incendio,-7.1159,-76.5034
66708,incendio,-5.6733,-76.4955
66710,incendio,-7.5151,-76.7733
66715,no_incendio,-5.315273849835721,-75.96752969040406
66725,no_incendio,-5.733319617679441,-76.17295841826885
66728,no_incendio,-6.53325154649785,-76.75115030969212
66736,incendio,-6.3304,-76.0577
66747,incendio,-7.2388,-76.6545
66756,incendio,-6.4744,-75.7306
66767,incendio,-5.8146,-76.1552
66769,incendio,-8.6804,-76.8491
66773,no_incendio,-7.453299052251447,-77.18508562471676
66779,incendio,-5.7142,-76.24
66781,no_incendio,-5.592210809875936,-75.85957552026237
66784,no_incendio,-6.726381012789614,-77.29263321460805
66785,no_incendio,-5.3170098474698,-75.90718083995199
66792,no_incendio,-6.233353095567226,-75.91710577734175
66797,incendio,-5.6884,-76.6399
66798,incendio,-6.7877,-76.633
66803,incendio,-5.9926,-76.9887
66812,no_incendio,-6.452984723571151,-76.97534564539009
66814,incendio,-7.5918,-76.75
66815,no_incendio,-7.443277568920015,-75.95948688269024
66823,incendio,-6.9999,-76.8491
66824,incendio,-6.3855,-75.7265
66825,no_incendio,-5.532392079747417,-76.92136640270547
66830,incendio,-6.7543,-76.584
66834,incendio,-5.8008,-76.204
66835,incendio,-6.9746,-76.6781
66841,no_incendio,-5.985543510791079,-75.55610035209125
66843,incendio,-6.7379,-76.6961
66853,incendio,-6.3671,-76.4714
66857,incendio,-6.8084,-76.5107
66859,no_incendio,-7.153254312142147,-75.61931012295983
66860,no_incendio,-6.535140869924569,-76.94972010352429
66863,incendio,-8.7904,-76.202
66865,incendio,-6.756,-76.6854
66872,no_incendio,-5.992720265748597,-76.93502157829727
66876,incendio,-7.357,-76.1959
66877,incendio,-5.8956,-76.1141
66878,incendio,-8.0135,-75.589
66879,no_incendio,-5.979395848987274,-75.81605060669331
66885,incendio,-7.064,-76.7881
66889,no_incendio,-7.0802266587833635,-75.87902422488
66890,no_incendio,-5.70993701267222,-76.39276259470975
66900,incendio,-7.0484,-76.9431
66904,no_incendio,-6.737059261843657,-77.50234796745673
66913,no_incendio,-7.194942571615302,-76.85474676634065
66917,no_incendio,-7.459387198765487,-76.32587223443953
66920,no_incendio,-6.043030962073811,-76.47604236953148
66928,incendio,-6.6134,-76.3711
66934,no_incendio,-5.945782975612446,-75.78933619991895
66941,incendio,-7.3845,-76.8089
66944,incendio,-8.0113,-76.6938
66945,no_incendio,-5.4560539889311706,-76.17543571338655
66964,incendio,-5.5804,-76.5563
66966,incendio,-8.3724,-76.4098
66968,no_incendio,-6.696114207645428,-77.01139322381492
66973,no_incendio,-7.381225768944467,-76.16930082038664
66978,incendio,-7.6602,-76.6011
66986,no_incendio,-5.800895908311601,-76.62831443275236
66998,no_incendio,-6.722985174451003,-76.39617504365586
67001,no_incendio,-6.606179550023269,-77.17612767759138
67004,no_incendio,-7.237158680749911,-76.11796356076336
67008,no_incendio,-5.772447993979731,-76.76825761036689
67013,no_incendio,-5.326609511462546,-75.7438155508771
67014,incendio,-8.2036,-77.5576
67016,incendio,-6.6268,-76.6717
67020,no_incendio,-6.833720284532176,-77.09053083344739
67021,incendio,-7.2159,-76.3059
67024,incendio,-6.4672,-76.6068
67028,no_incendio,-6.6084019823282665,-76.06077967767854
67029,no_incendio,-5.787648723882205,-76.3637582070336
67032,incendio,-6.6232,-75.5768
67035,incendio,-5.8881,-76.9062
67042,no_incendio,-6.398926454720778,-76.50536924785067
67046,no_incendio,-6.124908546496211,-75.75141276131208
67047,no_incendio,-6.93526933500558,-76.94440022861454
67049,no_incendio,-7.188428352306568,-77.29319926370498
67051,incendio,-5.5668,-76.7095
67055,no_incendio,-6.467420438436691,-76.19360941434292
67059,incendio,-6.6939,-77.6001
67066,no_incendio,-7.396293728832261,-76.90325278525978
67072,no_incendio,-7.357911846364595,-77.10667831143273
67075,incendio,-7.3363,-76.5771
67079,incendio,-5.7236,-76.0145
67080,no_incendio,-7.1632098636724635,-76.89550285392816
67082,incendio,-5.3333,-76.6009
67088,incendio,-6.098,-75.7545
67096,no_incendio,-6.461789384490803,-77.24534969872819
67099,incendio,-6.1793,-76.1567
67108,incendio,-7.1088,-76.809
67109,incendio,-8.5788,-75.5705
67110,no_incendio,-6.421249722496318,-77.04956463628945
67111,no_incendio,-5.382544750033527,-75.77853597502654
67114,no_incendio,-6.729488491648472,-77.03653906594069
67126,no_incendio,-5.423715260330031,-75.80260147002005
67130,no_incendio,-7.433029202252227,-75.6952599290436
67132,no_incendio,-5.555763303802058,-77.3394188883658
67148,incendio,-8.5679,-75.5175
67150,no_incendio,-5.716829315463946,-76.6884283959595
67155,no_incendio,-6.006937780860308,-77.45432250461575
67162,no_incendio,-6.934543735011002,-76.3579106281597
67163,incendio,-6.8779,-76.5851
67167,no_incendio,-5.721753234372427,-77.04300744557013
67172,no_incendio,-5.691367325953232,-76.91174291210852
67177,no_incendio,-6.4535066542887805,-75.68187662159364
67184,incendio,-6.4871,-75.9277
67189,no_incendio,-6.698529470828457,-76.28501109879417
67190,no_incendio,-7.6003471250061425,-76.18857699535684
67191,incendio,-5.6281,-76.6303
67194,incendio,-7.601,-76.4754
67200,incendio,-7.2702,-76.7873
67202,incendio,-8.0465,-77.5704
67213,incendio,-6.6756,-77.4278
67216,incendio,-7.1584,-76.4238
67224,no_incendio,-6.08674868659818,-77.38664384875209
67234,no_incendio,-7.173287597971678,-76.70987433367677
67245,incendio,-7.5086,-76.4668
67255,no_incendio,-5.450455855055424,-76.00497644122908
67258,incendio,-7.1046,-76.5264
67262,no_incendio,-6.4891729979787565,-76.11291535541001
67264,incendio,-6.2353,-75.9334
67269,incendio,-6.9118,-76.4056
67270,no_incendio,-7.083533851815549,-75.86202426996425
67275,no_incendio,-7.480945740497024,-75.88131487548965
67277,incendio,-7.4443,-76.6032
67284,incendio,-7.1405,-76.8274
67291,incendio,-5.6232,-76.6422
67297,no_incendio,-7.079367268286084,-75.74962590729507
67302,no_incendio,-7.267527749331178,-76.00258934511766
67314,incendio,-6.0274,-76.3596
67319,no_incendio,-6.122720954624869,-76.9879603704079
67331,no_incendio,-7.040747836565641,-76.40061304391803
67348,incendio,-8.6602,-76.3318
67351,incendio,-6.9116,-76.6032
67358,incendio,-8.0568,-76.6638
67365,no_incendio,-6.950538468924696,-76.07104877103448
67366,incendio,-6.7807,-76.191
67370,no_incendio,-5.411652077381302,-77.27749728778487
67375,no_incendio,-7.464502353788052,-77.51392837949253
67391,incendio,-6.3706,-75.9616
67399,incendio,-7.4215,-76.6194
67400,incendio,-7.4868,-76.6737
67405,no_incendio,-6.564347270784287,-75.8738633840426
67417,incendio,-8.7609,-76.3135
67418,incendio,-7.0745,-76.2218
67422,incendio,-6.1325,-77.6632
67439,incendio,-5.6887,-76.6315
67442,incendio,-6.3221,-75.9382
67447,no_incendio,-5.95558763459201,-75.58088985962372
67450,no_incendio,-5.863508615293079,-77.5457929030888
67451,incendio,-8.2389,-76.4167
67455,no_incendio,-5.971167138004345,-76.3740699604034
67456,no_incendio,-5.485555576815183,-76.48568380205462
67457,no_incendio,-6.3805177741503645,-77.07356874423562
67466,no_incendio,-6.845471207648621,-76.36886322454563
67467,no_incendio,-5.782302498103818,-75.6928374050029
67485,incendio,-5.7937,-76.3606
67495,incendio,-5.7577,-76.2129
67503,incendio,-5.8964,-76.9322
67510,incendio,-7.1489,-76.2385
67519,no_incendio,-6.887626631829371,-77.285374555124
67521,no_incendio,-6.6817259124413635,-75.77879648666988
67522,incendio,-7.9408,-76.6924
67526,no_incendio,-6.271617281791801,-76.2353167311132
67531,no_incendio,-7.014371526342947,-75.6304094962068
67535,incendio,-7.1816,-76.8878
67536,incendio,-8.5132,-75.56
67537,incendio,-5.741,-76.3819
67552,no_incendio,-7.2822391020909345,-76.80145523505668
67571,incendio,-6.8068,-76.6497
67578,no_incendio,-7.448422790645704,-75.84545299813023
67579,incendio,-6.8128,-76.6784
67584,no_incendio,-7.450227101420001,-77.22165209135423
67585,incendio,-7.3219,-76.6258
67587,no_incendio,-5.925744830854394,-76.62635370808266
67588,no_incendio,-7.352637322565051,-76.5869966012663
67590,no_incendio,-5.494377757817533,-77.22053363364685
67596,incendio,-8.5435,-76.5297
67601,incendio,-8.1002,-75.6166
67604,no_incendio,-6.509338593690795,-76.81131065559471
67616,incendio,-7.338,-76.0523
67618,incendio,-6.4945,-76.3733
67619,no_incendio,-6.947446276433678,-76.55641004463064
67627,no_incendio,-7.552000736404346,-77.05977682552361
67629,incendio,-7.6546,-76.5358
67637,no_incendio,-6.187799355462546,-77.0520465624197
67638,incendio,-8.5686,-76.4129
67640,no_incendio,-7.404587411347148,-77.48236039818194
67641,incendio,-6.8734,-76.1755
67643,incendio,-7.4225,-76.5832
67645,no_incendio,-5.918920403880599,-75.94938972977876
67655,incendio,-7.2552,-76.2255
67662,no_incendio,-6.44311246702837,-76.64720397145403
67664,no_incendio,-5.501399945972402,-76.12442406721492
67673,no_incendio,-7.080940596432744,-77.316377811303
67676,no_incendio,-6.930372562741588,-76.24468121546766
67678,incendio,-8.6243,-76.6198
67684,incendio,-6.9333,-76.2155
67691,incendio,-6.3593,-75.5855
67696,no_incendio,-7.126729071613174,-77.02628949920283
67703,no_incendio,-6.089075896633828,-77.11331132604498
67705,no_incendio,-6.053663067143272,-77.25400416625581
67709,no_incendio,-5.66978916869293,-75.78583352536694
67719,no_incendio,-7.161262686753078,-75.93223007605604
67723,incendio,-7.4002,-76.8696
67724,incendio,-5.8038,-76.2038
67730,no_incendio,-6.424628672692531,-76.43252138876545
67733,no_incendio,-5.622162432874228,-76.70501966558531
67738,incendio,-6.1379,-77.0983
67742,incendio,-5.5231,-76.5447
67758,no_incendio,-7.340268369426515,-77.43400024997341
67761,incendio,-8.3428,-77.0261
67763,incendio,-7.0979,-76.5563
67764,incendio,-8.65,-76.459
67765,incendio,-7.5378,-76.4457
67766,no_incendio,-6.5096234782459765,-76.05722709745423
67769,incendio,-7.2424,-76.7605
67780,incendio,-6.1767,-76.0265
67781,no_incendio,-7.237158680749911,-76.11796356076336
67784,no_incendio,-5.5463833686959125,-76.92476001499328
67792,no_incendio,-6.640978763936889,-76.01901055862061
67797,incendio,-6.6627,-77.0009
67798,incendio,-6.5571,-76.4838
67799,no_incendio,-5.3902001479588,-77.1291902290787
67803,no_incendio,-6.1574013412773905,-75.50582251676065
67806,no_incendio,-6.385759143148429,-76.5709354755892
67817,no_incendio,-6.796720182530489,-75.69073110670904
67828,no_incendio,-6.1464831206689965,-77.21946152659409
67830,incendio,-8.607,-75.5255
67834,incendio,-8.6575,-76.8154
67839,no_incendio,-5.413750833598563,-75.87946450439262
67840,no_incendio,-6.386426402369189,-77.04162489751405
67843,no_incendio,-6.761574880071224,-76.52109859066432
67849,incendio,-7.096,-76.5656
67851,no_incendio,-6.509338593690795,-76.81131065559471
67857,no_incendio,-6.56383921503927,-77.29970461755646
67872,no_incendio,-5.89446781447664,-77.22849214912743
67880,incendio,-8.3916,-76.3845
67881,incendio,-7.4883,-76.6737
67891,no_incendio,-5.880891988248802,-77.50381327072611
67897,no_incendio,-6.237716755759431,-77.39156311979332
67898,incendio,-5.9111,-76.4318
67911,no_incendio,-7.035328568865795,-77.4057239232557
67919,incendio,-7.3772,-76.6059
67921,incendio,-8.5036,-76.3773
67929,no_incendio,-7.288794185700048,-76.06129578328853
67931,no_incendio,-6.25350724604799,-77.4340170352428
67933,no_incendio,-6.344517536741018,-75.98404289972582
67941,no_incendio,-7.3383676381877665,-77.39694154174633
67946,incendio,-6.5363,-75.7164
67969,incendio,-7.8166,-76.7264
67970,incendio,-6.286,-75.7866
67974,incendio,-7.3447,-76.6186
67979,no_incendio,-7.230653311251528,-76.66188363656903
67990,no_incendio,-6.227801736418022,-76.3562846673644
67998,incendio,-8.2454,-76.3858
67999,no_incendio,-6.654449786981951,-77.1406120148932
68012,no_incendio,-6.073266163575411,-75.6671313489238
68024,no_incendio,-6.94200325407077,-76.26001952788216
68025,incendio,-6.7273,-77.5074
68027,no_incendio,-5.369370124540203,-77.53041632467286
68040,incendio,-6.2166,-75.9595
68047,incendio,-7.3413,-76.8938
68058,incendio,-8.4474,-76.4994
68059,incendio,-6.5601,-75.6036
68061,incendio,-6.7661,-76.8542
68078,no_incendio,-5.3860874889168056,-76.83704410013208
68090,incendio,-5.9894,-77.2753
68092,incendio,-7.2465,-76.5
68094,incendio,-6.8869,-76.5326
68102,no_incendio,-6.9398975097013755,-76.27516039033146
68108,no_incendio,-7.124526948992974,-75.69099174784184
68110,incendio,-8.1288,-77.1267
68116,no_incendio,-6.154726709997222,-75.55076367684507
68120,incendio,-7.8861,-76.7765
68121,incendio,-8.4632,-76.2933
68124,incendio,-7.1208,-76.9192
68127,incendio,-7.5761,-76.4165
68134,incendio,-5.7439,-77.4305
68136,no_incendio,-6.444450177038954,-75.66847301432819
68143,no_incendio,-5.607896245919547,-76.37910922472966
68144,incendio,-8.1647,-76.5347
68165,no_incendio,-6.707120382693278,-76.63620710614674
68166,incendio,-6.395,-75.7129
68173,no_incendio,-5.83234820585484,-77.1167119832574
68179,no_incendio,-6.1400329007098495,-75.77782950002863
68186,no_incendio,-5.720724874930588,-76.09066535924033
68190,incendio,-7.157,-76.5132
68208,no_incendio,-6.463587748086062,-76.47146037727083
68211,incendio,-8.686,-76.2856
68213,no_incendio,-6.396864121936975,-76.4851873457876
68217,no_incendio,-5.83234820585484,-77.1167119832574
68219,incendio,-7.0332,-76.595
68222,no_incendio,-6.1245241179034995,-75.6853524981565
68223,incendio,-6.5333,-75.6638
68224,no_incendio,-7.181016545835497,-77.14662187463146
68228,no_incendio,-7.401018606692293,-76.00185651713339
68236,no_incendio,-6.653744086369802,-76.88423091911557
68238,incendio,-8.2623,-76.4846
68244,incendio,-6.687,-76.5259
68258,incendio,-8.7912,-76.6645
68260,no_incendio,-7.427821513315094,-77.09535827635182
68271,no_incendio,-6.589390257699646,-75.6408986952127
68278,incendio,-7.2398,-76.3138
68287,incendio,-8.7001,-76.7934
68295,incendio,-8.5527,-76.4155
68296,no_incendio,-5.868777989192487,-75.61031419176939
68298,incendio,-7.2591,-76.6559
68299,incendio,-8.0675,-76.5749
68310,no_incendio,-6.808642932215501,-75.79916533133496
68314,no_incendio,-6.046941056590012,-76.4497684025493
68317,no_incendio,-7.517938460168555,-75.88430182253087
68321,incendio,-7.6494,-76.4926
68324,incendio,-8.0392,-76.7029
68325,no_incendio,-5.868777989192487,-75.61031419176939
68329,incendio,-7.4552,-76.5846
68331,incendio,-7.0902,-76.6618
68340,no_incendio,-5.65611924902812,-76.450948774078
68342,incendio,-6.6992,-77.3107
68354,no_incendio,-6.904145543477711,-77.38998183817624
68366,no_incendio,-7.547362899320046,-75.73565468655677
68368,incendio,-5.784,-76.0039
68374,no_incendio,-7.307422219905113,-77.49030389420659
68376,incendio,-6.9205,-76.2367
68379,no_incendio,-6.994951885754811,-75.90892162040349
68381,no_incendio,-7.146199438472306,-75.63802434726938
68385,no_incendio,-5.304618892030704,-75.54825226766168
68388,no_incendio,-6.052146999790762,-76.66693051861807
68390,incendio,-7.551,-76.7838
68402,no_incendio,-7.37285257220338,-75.85397128431137
68403,no_incendio,-6.6015678247259215,-76.27888093028594
68405,incendio,-5.8528,-76.2738
68408,no_incendio,-7.132724984642544,-76.76764396887705
68411,no_incendio,-6.312891094128834,-75.840822427949
68416,no_incendio,-5.590954776196541,-75.61262101600937
68419,incendio,-6.5239,-76.313
68421,no_incendio,-7.486384119244431,-77.33522717320785
68423,incendio,-5.8339,-76.2913
68429,incendio,-5.3194,-76.4325
68437,no_incendio,-5.7630676382897414,-75.77232686505347
68439,no_incendio,-7.453299052251447,-77.18508562471676
68442,no_incendio,-5.919068188390441,-77.36605426382134
68448,incendio,-6.7529,-76.333
68450,incendio,-5.9914,-77.0596
68452,no_incendio,-6.733687512476174,-75.74855689788478
68457,no_incendio,-6.416369783766856,-77.46099434503463
68459,incendio,-5.8972,-77.2113
68463,no_incendio,-5.590950998396602,-75.50740685150045
68471,incendio,-8.7971,-77.7711
68475,incendio,-6.1771,-76.0288
68477,no_incendio,-7.1362153859124,-76.23261669430515
68481,incendio,-8.2944,-76.3925
68482,incendio,-7.3804,-76.4269
68488,incendio,-6.863,-76.6435
68497,no_incendio,-7.454820191858604,-77.06390769959336
68511,incendio,-7.1456,-76.9846
68512,no_incendio,-5.978876914297251,-77.26050814725458
68516,incendio,-7.5678,-76.4958
68520,no_incendio,-7.216614993286788,-77.03461698814449
68525,incendio,-6.3776,-76.0944
68528,no_incendio,-5.322335273054225,-75.66988823532402
68530,incendio,-6.8748,-76.5548
68534,no_incendio,-5.992720265748597,-76.93502157829727
68536,no_incendio,-6.4985912391976255,-76.97886285295857
68539,no_incendio,-6.074232738963784,-75.5615873787058
68540,incendio,-7.022,-76.1705
68541,no_incendio,-6.940699761996049,-76.26181884160466
68548,no_incendio,-5.304618892030704,-75.54825226766168
68551,no_incendio,-7.530943089944216,-75.61039209936172
68555,incendio,-7.5023,-76.4237
68560,incendio,-7.396,-76.577
68562,no_incendio,-6.606179550023269,-77.17612767759138
68563,incendio,-6.6214,-76.7711
68577,incendio,-7.3388,-76.1693
68584,no_incendio,-6.6046403916429695,-76.28478273774354
68588,incendio,-8.0889,-75.5931
68597,no_incendio,-6.687814799910479,-75.56700420232013
68603,incendio,-6.722,-76.8386
68607,no_incendio,-5.83234820585484,-77.1167119832574
68608,no_incendio,-6.490435100183895,-76.04212659409674
68609,incendio,-7.5459,-76.4081
68611,incendio,-6.7126,-76.4233
68621,no_incendio,-5.393926083579098,-77.3710588373999
68626,incendio,-8.3089,-76.6252
68633,incendio,-7.1986,-76.3494
68635,incendio,-8.0428,-75.5844
68637,no_incendio,-5.599508739006035,-77.02715299547113
68639,no_incendio,-7.314921869709458,-75.6262107073791
68642,no_incendio,-6.802375216185101,-76.58944416230916
68651,incendio,-6.4954,-76.3643
68667,incendio,-6.0369,-76.9699
68671,no_incendio,-5.6698457830937325,-76.36289670664165
68674,incendio,-5.3909,-76.8502
68679,no_incendio,-7.4055258629962415,-75.72836594706017
68687,incendio,-7.5309,-76.4352
68690,incendio,-6.7263,-76.9324
68692,no_incendio,-6.385759143148429,-76.5709354755892
68699,incendio,-8.5065,-76.3313
68716,no_incendio,-6.949275367929126,-77.03979042014342
68717,no_incendio,-7.170373075763204,-77.40179462648253
68719,incendio,-5.8148,-77.2549
68746,no_incendio,-7.0294194294183265,-77.09735006276883
68756,no_incendio,-6.216596629515713,-76.33055988016247
68763,no_incendio,-5.371121123003669,-76.78705780536207
68765,no_incendio,-6.462614163555006,-75.61289892495
68773,no_incendio,-6.960339111557958,-75.64609550577184
68789,no_incendio,-7.1816270512499,-75.96620433389496
68797,incendio,-6.0416,-76.1952
68799,no_incendio,-5.394785578322833,-77.00358788486766
68820,incendio,-7.6156,-76.4883
68825,no_incendio,-5.518901360296995,-75.83606862844933
68828,incendio,-6.0776,-75.7929
68829,no_incendio,-5.304216028521146,-77.22955638933952
68835,incendio,-5.8746,-76.5611
68846,incendio,-5.7205,-76.4336
68863,no_incendio,-6.9422117979050695,-77.32253174388707
68865,no_incendio,-7.447641034854349,-75.90762090121981
68878,no_incendio,-6.1849308797193405,-77.44943428599332
68880,no_incendio,-6.162915042417179,-77.15261169414305
68885,incendio,-7.1794,-76.7321
68906,no_incendio,-6.304617864281926,-76.60193669802109
68907,no_incendio,-5.370065008448104,-77.20634043748042
68908,no_incendio,-7.414688922024766,-76.2476866383002
68911,incendio,-5.8682,-75.8996
68922,incendio,-6.1731,-76.7625
68927,incendio,-8.5575,-76.1212
68930,no_incendio,-6.949415512269831,-76.30894649629607
68937,no_incendio,-5.472748128836409,-77.20935781294484
68941,no_incendio,-6.859834032339221,-77.17846783969736
68948,no_incendio,-6.623625617650361,-76.4412657181978
68952,no_incendio,-5.855088798772725,-76.8781669555971
68962,incendio,-6.0354,-76.8673
68965,no_incendio,-6.042344688075439,-75.58423135699039
68968,no_incendio,-6.260923080518788,-75.61074627640608
68975,incendio,-6.5914,-76.7735
68978,incendio,-7.1726,-76.8954
68979,no_incendio,-5.343847653580683,-76.19643132056173
68980,incendio,-8.4417,-76.2003
68981,no_incendio,-6.246302114010693,-75.65691913180889
68982,no_incendio,-7.087560477783244,-76.48701616296685
68991,incendio,-6.5725,-76.6903
68998,incendio,-6.2893,-76.0693
69000,no_incendio,-6.640978763936889,-76.01901055862061
69003,no_incendio,-5.572804894965716,-76.96734256320798
69008,incendio,-7.476,-76.7252
69013,incendio,-7.5487,-76.4351
69015,incendio,-8.6857,-76.1041
69019,no_incendio,-5.618133364002661,-76.2191295091602
69040,no_incendio,-6.331956733542304,-77.5021084607029
69044,incendio,-6.6854,-76.8608
69055,incendio,-7.143,-76.4739
69056,incendio,-6.9726,-76.5789
69059,incendio,-8.6652,-76.4199
69061,incendio,-7.4309,-76.6115
69065,incendio,-7.8147,-76.7428
69070,no_incendio,-6.797128032172363,-76.15133853102378
69074,no_incendio,-6.43490273431634,-75.69794209792583
69079,no_incendio,-6.522871972647179,-77.1088712424184
69082,no_incendio,-5.562529025700048,-76.57485709284715
69090,no_incendio,-5.585507984340333,-75.53590045517545
69096,incendio,-6.1601,-76.1443
69098,incendio,-8.3563,-76.5217
69103,incendio,-7.5624,-76.5293
69109,incendio,-5.7314,-76.0039
69116,no_incendio,-6.905350281771543,-75.85773993313076
69121,incendio,-7.5719,-76.862
69124,no_incendio,-7.279073350966451,-75.53370306812118
69128,incendio,-6.7278,-77.475
69132,no_incendio,-5.8084744858353705,-77.25537544416976
69139,incendio,-6.4896,-76.3699
69142,no_incendio,-6.1156293221158835,-76.01949781132349
69149,incendio,-5.9154,-76.2789
69157,incendio,-8.1645,-76.7097
69171,incendio,-7.3986,-76.5414
69174,incendio,-7.5045,-76.5406
69180,no_incendio,-6.3823444451531675,-76.72222524088096
69186,no_incendio,-6.726381012789614,-77.29263321460805
69189,incendio,-5.9042,-76.2901
69190,no_incendio,-5.65675190083822,-76.2124000269003
69195,no_incendio,-6.456445234793438,-77.37382860861014
69199,no_incendio,-5.778538304462726,-77.27874829265495
69202,no_incendio,-5.778538304462726,-77.27874829265495
69203,no_incendio,-6.396864121936975,-76.4851873457876
69211,incendio,-7.7141,-76.4985
69216,incendio,-5.6856,-76.3977
69219,incendio,-6.2369,-75.9229
69221,no_incendio,-5.316751485798925,-76.19649120217885
69225,no_incendio,-6.699363471042822,-76.86169598666291
69231,no_incendio,-6.0258388422724725,-75.8823418796658
69232,no_incendio,-5.5280435147957645,-75.64292390382334
69238,incendio,-7.352,-76.9023
69247,incendio,-8.6298,-76.7247
69250,no_incendio,-6.032637337308331,-77.27677952675285
69253,incendio,-7.4942,-76.2279
69258,no_incendio,-6.052146999790762,-76.66693051861807
69261,no_incendio,-5.866539639068574,-77.22687497991105
69263,no_incendio,-7.117688925300616,-76.79094679252412
69276,incendio,-6.8756,-76.5343
69278,no_incendio,-5.546857195256127,-75.81190178678054
69286,incendio,-6.6181,-76.9138
69288,no_incendio,-6.730215654444688,-76.84821672271427
69294,incendio,-7.2325,-76.3008
69309,no_incendio,-6.825057480379352,-77.49883680928833
69318,incendio,-6.8304,-76.1815
69326,no_incendio,-5.4560539889311706,-76.17543571338655
69334,incendio,-8.7154,-76.893
69337,incendio,-7.479,-76.5432
69346,no_incendio,-6.8038809431040965,-76.81652393345753
69364,no_incendio,-6.5875457295775695,-76.60562453766775
69377,incendio,-6.7243,-76.6551
69378,incendio,-5.5408,-76.6845
69381,no_incendio,-6.371807438398121,-75.97041325819922
69384,incendio,-8.5647,-76.3571
69388,no_incendio,-5.4560539889311706,-76.17543571338655
69392,no_incendio,-5.706911774664528,-77.15797296628834
69393,no_incendio,-6.000321843594466,-77.16959710695784
69397,no_incendio,-6.402069451962711,-76.21591146142134
69405,incendio,-5.6665,-76.556
69408,no_incendio,-5.315273849835721,-75.96752969040406
69418,incendio,-5.7528,-76.4199
69420,incendio,-6.3269,-75.8875
69430,no_incendio,-7.157163278516986,-76.9354632282693
69431,incendio,-5.7723,-76.3429
69435,incendio,-5.785,-77.0633
69438,no_incendio,-5.46295343513328,-75.95414593487065
69441,incendio,-7.1393,-76.3855
69444,incendio,-6.6263,-76.7054
69447,no_incendio,-5.902847721330155,-77.17634156149673
69450,no_incendio,-7.3138551861663785,-76.44974049103283
69453,no_incendio,-6.536633754882988,-75.61074686603133
69458,incendio,-6.2657,-76.163
69460,no_incendio,-6.937667134670242,-75.79567614590403
69463,no_incendio,-5.6874479423727555,-75.79801976537915
69470,incendio,-6.0661,-77.1737
69474,incendio,-7.4388,-76.627
69475,no_incendio,-6.061127541678445,-77.3300358732125
69484,no_incendio,-5.6897437871119,-77.10615819747757
69486,incendio,-8.7173,-76.9549
69488,incendio,-6.015,-77.1077
69489,incendio,-6.9333,-76.9228
69491,no_incendio,-6.284005972985306,-75.8733537299608
69493,incendio,-7.1815,-76.3776
69498,no_incendio,-6.119596318397669,-75.7668351630271
69502,incendio,-7.0002,-76.3078
69504,no_incendio,-6.173497385338977,-77.08001241103895
69505,incendio,-6.935,-76.6245
69506,no_incendio,-5.360774716680023,-76.65130740948035
69508,incendio,-7.4761,-76.5973
69511,no_incendio,-6.3065520769299415,-76.52048775212563
69512,incendio,-7.1653,-76.8878
69515,no_incendio,-5.800895908311601,-76.62831443275236
69517,incendio,-7.4063,-76.6543
69521,no_incendio,-5.942412033073392,-76.99723759620795
69522,no_incendio,-7.132478183195441,-76.65634588857769
69523,incendio,-8.5873,-75.6463
69524,incendio,-8.5476,-76.391
69531,incendio,-7.5735,-76.3282
69537,incendio,-6.1318,-76.4292
69546,no_incendio,-7.126628531945264,-77.1694503862003
69550,no_incendio,-6.564880133008887,-76.55893266226474
69552,no_incendio,-5.69836641593065,-75.72287872908569
69553,incendio,-7.6797,-76.4705
69558,incendio,-6.6161,-76.4951
69560,no_incendio,-5.942412033073392,-76.99723759620795
69562,no_incendio,-5.532392079747417,-76.92136640270547
69567,incendio,-8.5321,-76.377
69571,incendio,-6.2548,-75.8209
69577,incendio,-5.8574,-77.1022
69578,no_incendio,-6.2816422432891255,-75.61454508391762
69607,incendio,-8.3844,-76.4152
69609,no_incendio,-5.329337229365641,-77.4752371215785
69616,no_incendio,-7.279073350966451,-75.53370306812118
69622,no_incendio,-5.6011690570737915,-76.70090683859456
69623,no_incendio,-6.557560588378224,-76.50430262965486
69624,no_incendio,-7.333242178068196,-76.42984929938181
69629,no_incendio,-5.423715260330031,-75.80260147002005
69641,no_incendio,-5.987623594847527,-77.50895445827787
69647,no_incendio,-6.971818693744163,-76.01229344920435
69659,no_incendio,-7.442941681589652,-76.91434045843735
69664,incendio,-6.3265,-75.955
69682,no_incendio,-6.980328156805363,-75.58165966551039
69695,no_incendio,-5.811469366759115,-76.0719190251322
69700,incendio,-7.3571,-76.0417
69703,no_incendio,-7.288317129023355,-76.62295810073671
69704,no_incendio,-6.4535066542887805,-75.68187662159364
69705,no_incendio,-5.739545483497391,-76.77757497448552
69713,no_incendio,-5.306306841629591,-77.15046908916776
69716,incendio,-7.5561,-76.8451
69723,incendio,-7.1028,-76.2419
69728,incendio,-6.7578,-77.4942
69729,incendio,-5.936,-76.2594
69732,no_incendio,-5.841456819782133,-77.02191077906832
69737,no_incendio,-6.797128032172363,-76.15133853102378
69743,no_incendio,-5.306306841629591,-77.15046908916776
69745,incendio,-6.6761,-76.2944
69747,no_incendio,-6.7449829270010735,-76.32449330393015
69755,incendio,-8.6612,-76.4233
69773,incendio,-8.1492,-76.6317
69782,no_incendio,-6.602549423318465,-77.00681560184587
69785,no_incendio,-6.386426402369189,-77.04162489751405
69793,no_incendio,-5.607428760846163,-75.61638280541105
69794,no_incendio,-6.258662070362653,-76.50630572261905
69800,no_incendio,-5.83983548332399,-77.3596154335897
69809,no_incendio,-5.839270188717535,-77.49668062311541
69813,no_incendio,-6.948889791528075,-76.04658173737485
69816,incendio,-7.44,-76.8207
69819,incendio,-7.5793,-76.5394
69820,incendio,-6.1932,-76.0457
69825,incendio,-7.0219,-76.891
69829,incendio,-5.3098,-76.4793
69835,no_incendio,-6.890502660955485,-77.28521359628384
69839,incendio,-7.2977,-76.6022
69844,no_incendio,-5.590954776196541,-75.61262101600937
69854,incendio,-7.1789,-76.9997
69859,no_incendio,-6.20119371633988,-76.87236267556213
69862,no_incendio,-6.542252546530441,-76.69178298792589
69871,incendio,-7.3209,-76.9282
69879,incendio,-7.3166,-76.9653
69887,incendio,-7.3084,-76.0463
69888,no_incendio,-6.787051317211901,-77.10628604223226
69909,no_incendio,-5.659847709526774,-75.83935663792408
69910,no_incendio,-5.856151465825925,-75.61952647714237
69912,incendio,-7.5496,-76.4958
69916,no_incendio,-5.304618892030704,-75.54825226766168
69917,no_incendio,-6.695225096779551,-76.23948893389061
69918,incendio,-6.324,-75.8949
69925,incendio,-6.1907,-75.939
69926,no_incendio,-7.589730303914846,-76.05435857716274
69929,no_incendio,-6.726779286673033,-77.03336380719702
69934,incendio,-8.4672,-76.35
69939,no_incendio,-5.348479960720765,-76.73008143184053
69941,no_incendio,-6.763422719650261,-75.74420107703415
69944,no_incendio,-6.4551795764442375,-76.19574642473289
69947,no_incendio,-7.487103293775268,-76.06526148025002
69948,no_incendio,-5.541112522183527,-75.99676308138659
69949,incendio,-6.966,-76.5457
69954,no_incendio,-6.215385324683509,-77.39247138767627
69959,no_incendio,-5.339988911138568,-75.94604419335825
69963,incendio,-7.5023,-76.5901
69965,no_incendio,-5.493534251624167,-76.05824936892388
69966,no_incendio,-7.384620420011121,-76.77592855304549
69970,no_incendio,-6.187799355462546,-77.0520465624197
69974,no_incendio,-6.003436470117687,-77.4174804711691
69980,no_incendio,-6.339520872179224,-76.81899067100204
69984,incendio,-7.7151,-76.75
69991,incendio,-5.6762,-75.9997
69997,no_incendio,-7.010242517235748,-76.48324440357516
70007,no_incendio,-6.653744086369802,-76.88423091911557
70009,incendio,-6.2053,-76.7389
70010,incendio,-7.4397,-76.405
70011,no_incendio,-6.24237475480212,-75.58560175040829
70019,incendio,-7.2212,-76.2626
70023,no_incendio,-5.812760524192122,-77.54920790478845
70024,no_incendio,-6.339520872179224,-76.81899067100204
70043,no_incendio,-6.950538468924696,-76.07104877103448
70046,no_incendio,-6.096039133600909,-76.29380539264065
70048,incendio,-7.3272,-76.9204
70051,incendio,-7.3341,-76.8172
70053,no_incendio,-7.5702550538704605,-75.67821320807053
70054,no_incendio,-7.005255736259935,-76.42804994495515
70056,no_incendio,-7.2830034027883865,-76.35190261363664
70057,incendio,-7.738,-76.5161
70062,incendio,-7.409,-76.7109
70070,incendio,-8.1674,-77.0717
70072,no_incendio,-5.388800568828812,-75.76427198080877
70073,no_incendio,-6.946999930209273,-76.16347768392615
70079,no_incendio,-7.126729071613174,-77.02628949920283
70085,no_incendio,-6.40519633681147,-77.40140623826653
70087,incendio,-7.4334,-76.5953
70092,no_incendio,-5.985543510791079,-75.55610035209125
70093,no_incendio,-5.518725698266722,-76.04231826723102
70098,no_incendio,-6.210262345134658,-77.11424996637882
70100,no_incendio,-5.61928379725062,-76.7464492739021
70101,no_incendio,-6.5305605417841495,-76.81567387832536
70104,incendio,-5.6021,-76.2003
70110,no_incendio,-6.709534503439617,-76.66045732733674
70112,incendio,-7.3003,-76.9795
70113,no_incendio,-5.393926083579098,-77.3710588373999
70119,no_incendio,-7.588515859914238,-76.24969046906399
70120,incendio,-8.7688,-76.3064
70122,no_incendio,-6.319184567250436,-76.7615595241715
70123,incendio,-7.5689,-76.4732
70130,no_incendio,-5.716829315463946,-76.6884283959595
70135,no_incendio,-6.8267458836303225,-76.04005920267028
70137,incendio,-5.7656,-76.0538
70138,no_incendio,-6.428027041919373,-76.62475957936073
70139,no_incendio,-6.929766621277843,-76.9486595645204
70144,no_incendio,-5.855822399079694,-75.69747959221154
70148,no_incendio,-5.7158112857010535,-77.38243423840477
70156,incendio,-8.2575,-76.5339
70158,incendio,-7.527,-76.7734
70159,no_incendio,-7.080940596432744,-77.316377811303
70166,no_incendio,-5.888892522225688,-76.77144344906966
70169,incendio,-5.7528,-77.4855
70170,no_incendio,-5.809070578757959,-75.92077418660742
70183,no_incendio,-5.617689246248104,-77.03996515250137
70190,incendio,-6.0333,-76.9734
70194,no_incendio,-5.815206419164588,-75.9840705047973
70195,incendio,-8.6529,-76.8268
70196,no_incendio,-5.453647317604843,-76.59202254288773
70199,no_incendio,-6.84710555088138,-75.520478621097
70200,no_incendio,-6.715205623153173,-76.11809578650696
70204,incendio,-6.7164,-76.6395
70220,no_incendio,-6.223322439610729,-75.97460472272981
70227,no_incendio,-7.137713754276464,-76.43208640903742
70240,no_incendio,-5.329337229365641,-77.4752371215785
70241,incendio,-7.6476,-76.4497
70247,incendio,-7.0542,-76.6105
70251,incendio,-7.3018,-76.5909
70255,no_incendio,-6.165139577023006,-77.17733248367045
70257,no_incendio,-5.364892363396528,-76.8599043565554
70271,no_incendio,-5.882916892819359,-76.86515934904114
70277,incendio,-8.1599,-76.6779
70278,incendio,-6.7836,-76.6695
70279,no_incendio,-6.1174086914739405,-75.65121133854548
70285,no_incendio,-7.006429626529349,-76.40821160101947
70299,no_incendio,-6.777339583024972,-77.16983093641421
70303,no_incendio,-6.922488599265936,-77.20347324801959
70306,incendio,-7.6085,-76.8099
70308,no_incendio,-6.876747971648932,-77.24294547673294
70315,no_incendio,-5.532971684555294,-77.02280558006699
70321,no_incendio,-5.991944937539925,-75.60778625331145
70329,incendio,-5.9236,-75.8736
70331,no_incendio,-7.506544236901732,-77.50246102993648
70339,incendio,-7.4001,-76.5543
70346,no_incendio,-5.688886934346843,-77.36422749238871
70348,incendio,-8.1327,-76.7038
70365,incendio,-6.0787,-76.0121
70366,no_incendio,-6.2585048621667685,-76.21326265306386
70385,incendio,-7.3133,-76.6129
70393,no_incendio,-7.193491617772813,-76.90637497057176
70401,incendio,-6.6898,-76.6559
70405,incendio,-7.4774,-76.5075
70406,no_incendio,-6.468598557394471,-76.29833017428093
70408,no_incendio,-6.45014471724059,-77.23785683491617
70412,incendio,-7.5194,-76.797
70414,incendio,-5.722,-75.7375
70416,no_incendio,-7.349457434232458,-77.2287510721594
70424,no_incendio,-6.295102509635013,-77.52506617532497
70438,no_incendio,-7.267527749331178,-76.00258934511766
70442,incendio,-7.7859,-76.7685
70450,no_incendio,-7.547004527368286,-77.14424900414204
70462,no_incendio,-6.0854129819425,-76.79698741171129
70465,no_incendio,-6.547946119465311,-76.58716239935082
70469,no_incendio,-7.237158680749911,-76.11796356076336
70472,no_incendio,-6.79327379780416,-76.83578661930616
70474,no_incendio,-7.401018606692293,-76.00185651713339
70476,no_incendio,-6.709534503439617,-76.66045732733674
70482,no_incendio,-6.86277091910318,-76.45893260017807
70492,incendio,-6.0423,-75.9173
70493,incendio,-7.2004,-76.2415
70497,incendio,-5.7144,-76.4385
70498,no_incendio,-6.535140869924569,-76.94972010352429
70504,incendio,-6.6826,-76.6657
70521,incendio,-6.97,-76.795
70526,incendio,-7.706,-76.5052
70532,incendio,-7.3415,-76.8683
70544,no_incendio,-5.701243653353404,-77.51137584362479
70546,incendio,-8.0515,-76.705
70551,incendio,-6.5557,-76.5898
70555,no_incendio,-6.224885960981276,-76.91366721974305
70573,no_incendio,-6.589846765006126,-76.67564163824959
70587,no_incendio,-5.41267692948794,-75.94332607139869
70606,no_incendio,-5.747916301571042,-76.94248947046277
70612,no_incendio,-7.190259524857835,-76.68608585816432
70617,incendio,-7.5553,-76.3842
70631,no_incendio,-7.3912095148136645,-77.03017853882585
70645,incendio,-7.4058,-76.6109
70650,incendio,-7.0331,-76.7936
70663,no_incendio,-6.260865842963683,-76.65344397081381
70668,incendio,-8.1694,-76.6115
70671,no_incendio,-6.737802446576857,-76.76156798779444
70673,incendio,-7.0699,-76.1761
70674,incendio,-5.6685,-75.9465
70685,no_incendio,-7.191225918716162,-75.54734215721196
70686,incendio,-6.9435,-76.6935
70689,incendio,-7.4747,-76.3872
70697,no_incendio,-5.588125457302943,-77.46080617284144
70699,no_incendio,-6.119596318397669,-75.7668351630271
70700,incendio,-7.1104,-76.7382
70723,no_incendio,-6.246302114010693,-75.65691913180889
70735,incendio,-7.2036,-77.0505
70736,incendio,-7.2598,-76.7845
70742,incendio,-6.4502,-75.7234
70744,no_incendio,-5.767157423041838,-75.60792843558447
70753,incendio,-7.0083,-76.1885
70769,no_incendio,-6.536633754882988,-75.61074686603133
70771,no_incendio,-5.89795943446839,-76.15835756218627
70782,incendio,-7.8452,-76.7435
70796,incendio,-7.1501,-76.0452
70799,no_incendio,-5.853989818371729,-76.78866763757419
70807,incendio,-7.2785,-76.3804
70812,no_incendio,-6.0746976290586785,-75.57122315970695
70814,no_incendio,-5.323979357908248,-75.76496426046252
70829,no_incendio,-5.3088507793034125,-76.33692970134372
70831,incendio,-8.3233,-76.5803
70837,incendio,-6.5668,-75.6211
70839,no_incendio,-6.606790602498376,-76.50679708602655
70842,incendio,-7.1113,-76.1115
70844,no_incendio,-5.763287542306629,-76.16197141222403
70850,no_incendio,-5.782302498103818,-75.6928374050029
70857,no_incendio,-7.3045123106112335,-75.99723406684437
70858,incendio,-5.9085,-75.9719
70861,incendio,-6.0026,-76.146
70864,no_incendio,-5.304216028521146,-77.22955638933952
70866,incendio,-7.3545,-76.5672
70879,no_incendio,-7.070198196068285,-76.36379595586068
70883,incendio,-5.8599,-76.1655
70889,incendio,-6.2919,-76.1413
70897,incendio,-5.7578,-75.9558
70899,incendio,-6.1297,-77.1078
70907,no_incendio,-6.9560251993392335,-75.65244127896328
70911,no_incendio,-7.180514878638644,-76.37224014179314
70920,incendio,-6.0813,-76.0094
70921,no_incendio,-6.370500555903968,-77.21187079190732
70929,no_incendio,-6.542256231887758,-76.22236926601508
70932,no_incendio,-6.140503448389999,-75.89152757203433
70933,no_incendio,-7.464502353788052,-77.51392837949253
70939,incendio,-7.4813,-76.5259
70942,incendio,-5.7476,-76.4528
70951,incendio,-6.145,-75.9643
70959,incendio,-7.3873,-77.6494
70962,incendio,-6.2564,-75.8191
70966,no_incendio,-7.516228282019169,-75.89484036620722
70979,no_incendio,-5.592210809875936,-75.85957552026237
70984,no_incendio,-6.4643629782720495,-76.22804730377794
70987,no_incendio,-6.201637039608355,-76.63859765076462
70994,no_incendio,-6.046941056590012,-76.4497684025493
71000,incendio,-7.3285,-77.7058
71004,no_incendio,-6.2234750512942,-76.15839430304165
71007,no_incendio,-7.010865933982342,-76.63167881965191
71029,incendio,-7.2815,-76.1029
71030,incendio,-8.6499,-76.1503
71033,incendio,-8.6627,-76.2886
71035,no_incendio,-6.845471207648621,-76.36886322454563
71049,no_incendio,-5.95558763459201,-75.58088985962372
71050,incendio,-8.2405,-76.4367
71053,no_incendio,-5.607428760846163,-75.61638280541105
71065,no_incendio,-6.682338881301072,-76.58990578057626
71066,incendio,-6.6952,-76.4918
71076,no_incendio,-5.533837838145786,-75.72558753064112
71085,incendio,-7.154,-76.6493
71086,incendio,-5.7627,-76.2753
71088,no_incendio,-6.825822993237503,-77.04144362527458
71093,no_incendio,-6.717293792016525,-75.64014245587184
71098,no_incendio,-6.208571378644004,-77.08847372883292
71107,no_incendio,-6.113161344070998,-75.7616050051639
71113,incendio,-7.2213,-76.8552
71115,no_incendio,-6.238571072533694,-75.50795501172155
71122,incendio,-6.211,-75.6615
71123,incendio,-6.024,-76.1318
71124,incendio,-7.1204,-76.6156
71132,no_incendio,-7.245236344594437,-75.87140818649081
71139,incendio,-8.2388,-76.4919
71148,no_incendio,-5.661805796480656,-77.53514186743837
71151,no_incendio,-5.585507984340333,-75.53590045517545
71158,no_incendio,-7.063019746501072,-77.52481749302208
71171,no_incendio,-6.617504610391747,-77.25647472773994
71192,incendio,-8.1062,-76.4665
71193,no_incendio,-7.006429626529349,-76.40821160101947
71194,incendio,-8.6646,-76.1693
71200,no_incendio,-5.784820775425025,-76.88322925526231
71201,no_incendio,-6.446999968584335,-76.20534088443561
71204,incendio,-6.9507,-77.5078
71210,no_incendio,-6.883760214306626,-75.62202390814382
71232,incendio,-7.2499,-76.2533
71233,no_incendio,-7.452255229585659,-76.60231274161556
71243,incendio,-6.7479,-76.4114
71252,incendio,-7.3121,-76.8308
71259,incendio,-7.3351,-76.5505
71260,incendio,-7.1677,-76.9152
71266,incendio,-7.299,-76.443
71269,no_incendio,-5.433480478841975,-76.00940335234054
71271,no_incendio,-6.142530239499738,-77.15463621788837
71279,no_incendio,-6.395505819847665,-76.99761432969862
71285,no_incendio,-6.378904304384582,-76.46012370931685
71301,incendio,-7.3813,-77.6569
71307,incendio,-6.2829,-75.7855
71313,no_incendio,-7.0026426990635535,-77.36552672269332
71327,incendio,-6.0488,-76.7822
71328,incendio,-6.5605,-76.4659
71338,no_incendio,-5.655403371061297,-77.22066038141541
71344,incendio,-6.7861,-76.6574
71345,no_incendio,-7.20916394163281,-76.74882653338932
71347,incendio,-7.324,-76.8181
71359,no_incendio,-5.62776239327014,-77.48408133634722
71361,no_incendio,-6.248141133810431,-75.50987121265236
71362,incendio,-6.0632,-76.1366
71366,incendio,-6.4875,-75.7434
71368,incendio,-7.138,-77.7821
71372,incendio,-7.0182,-76.8528
71376,incendio,-6.2196,-75.971
71379,no_incendio,-5.559447141003816,-77.53240429845073
71380,incendio,-7.0021,-76.8419
71381,no_incendio,-6.4548358961700885,-76.10226827896288
71383,no_incendio,-7.192625795202753,-75.79931940133156
71392,no_incendio,-7.098978961723795,-76.16251434543014
71398,no_incendio,-5.876670821018357,-77.35096983439296
71401,incendio,-6.3702,-75.9725
71410,incendio,-6.7582,-76.132
71414,incendio,-6.945,-76.1222
71431,incendio,-6.4751,-76.5786
71436,no_incendio,-7.468966943240149,-76.0987072289364
71443,incendio,-8.5951,-75.6434
71444,incendio,-7.168,-77.7856
71456,no_incendio,-7.502845115494379,-76.45758833661111
71457,incendio,-7.619,-76.541
71461,no_incendio,-6.162915042417179,-77.15261169414305
71467,incendio,-6.0914,-75.7972
71469,no_incendio,-6.559185707653601,-77.1814362546677
71470,no_incendio,-7.325700741079294,-77.06360146385256
71475,incendio,-8.0367,-76.6705
71476,incendio,-5.9775,-75.7957
71477,no_incendio,-6.376048501437837,-77.12747027240657
71485,no_incendio,-7.205543641449294,-77.21195261449198
71488,incendio,-7.2392,-76.2859
71493,incendio,-5.6608,-77.388
71496,incendio,-6.1411,-76.808
71499,no_incendio,-5.609318574866824,-76.18227826181767
71507,no_incendio,-5.304618892030704,-75.54825226766168
71509,incendio,-7.5538,-76.4138
71510,incendio,-5.8021,-75.9757
71514,incendio,-5.8625,-76.4414
71516,no_incendio,-6.003436470117687,-77.4174804711691
71523,incendio,-7.1209,-76.6408
71526,incendio,-7.0293,-76.5774
71532,no_incendio,-6.30791982416226,-77.35125522509678
71534,no_incendio,-5.360774716680023,-76.65130740948035
71535,no_incendio,-5.364892363396528,-76.8599043565554
71538,incendio,-7.4152,-76.4069
71541,incendio,-6.1063,-77.0705
71544,no_incendio,-5.531494331119256,-75.68693972870032
71548,incendio,-8.766,-76.2493
71549,no_incendio,-7.487565239153625,-77.31329030244564
71554,incendio,-6.652,-76.2574
71559,no_incendio,-5.632530971200962,-77.47788862342078
71560,incendio,-7.6004,-76.8006
71564,no_incendio,-7.217722844984081,-77.2235426849214
71570,incendio,-6.7806,-76.5052
71574,incendio,-7.5673,-76.6194
71585,incendio,-7.358,-76.2486
71588,incendio,-8.0337,-76.7287
71596,incendio,-5.6896,-76.6489
71599,incendio,-7.1135,-76.8503
71606,no_incendio,-6.1574013412773905,-75.50582251676065
71611,no_incendio,-6.653744086369802,-76.88423091911557
71618,incendio,-6.699,-76.5975
71624,no_incendio,-5.487830888913878,-75.70248261618342
71628,incendio,-6.6961,-76.8655
71630,incendio,-7.4188,-76.8872
71631,no_incendio,-6.8808047229850295,-76.28180482094469
71633,incendio,-6.9305,-76.9115
71635,incendio,-8.6797,-76.1313
71642,incendio,-6.683,-76.2234
71644,no_incendio,-6.86277091910318,-76.45893260017807
71661,no_incendio,-5.4433732153340495,-76.71634375535739
71662,no_incendio,-6.4551795764442375,-76.19574642473289
71663,incendio,-5.3298,-76.5963
71664,incendio,-8.1653,-77.0546
71667,incendio,-6.6864,-76.0584
71669,incendio,-8.0084,-76.7054
71680,no_incendio,-5.5683966845979995,-76.81768428751661
71681,no_incendio,-6.812990607089626,-75.70820307560577
71686,incendio,-6.2917,-75.9392
71692,incendio,-7.5725,-76.4023
71695,incendio,-6.9351,-76.534
71707,incendio,-6.6967,-76.6408
71714,incendio,-7.1235,-76.52
71718,incendio,-6.4861,-75.733
71725,no_incendio,-6.482310901757052,-76.90146059819452
71726,incendio,-7.1059,-76.2211
71727,no_incendio,-5.942412033073392,-76.99723759620795
71735,no_incendio,-6.886318678721428,-75.69795842959347
71746,no_incendio,-7.017817860779479,-76.95461934375838
71765,no_incendio,-7.342552043846658,-77.45073212658029
71773,no_incendio,-6.960339111557958,-75.64609550577184
71777,incendio,-8.6627,-76.8115
71778,incendio,-7.3636,-77.6605
71781,incendio,-7.0309,-76.9068
71785,no_incendio,-6.834300186862358,-76.1605435782697
71795,no_incendio,-7.161262686753078,-75.93223007605604
71799,no_incendio,-7.401018606692293,-76.00185651713339
71802,no_incendio,-7.454820191858604,-77.06390769959336
71807,incendio,-6.0313,-76.3574
71808,no_incendio,-5.4986752575716835,-76.99704879250469
71810,incendio,-6.4869,-76.377
71813,no_incendio,-6.462614163555006,-75.61289892495
71822,incendio,-6.9891,-76.6993
71825,incendio,-6.6899,-76.6249
71831,no_incendio,-7.359360612224768,-76.78029054350944
71832,incendio,-6.9525,-76.355
71834,incendio,-7.2508,-76.2662
71837,incendio,-7.869,-75.5153
71849,incendio,-6.6313,-76.3999
71855,no_incendio,-5.59950907688548,-76.65469517623596
71858,no_incendio,-7.160701404821328,-77.50258610161559
71869,no_incendio,-5.833991570039085,-76.02950285469245
71870,no_incendio,-6.93526933500558,-76.94440022861454
71874,no_incendio,-6.156444886914189,-76.11831601972577
71877,incendio,-7.1992,-76.2302
71899,no_incendio,-5.959481938609148,-77.35681272469573
71902,no_incendio,-6.787959079277664,-75.64572689392233
71903,no_incendio,-6.434453669791493,-76.35359643649942
71918,no_incendio,-6.076651418507213,-75.99938351654062
71924,no_incendio,-5.928733149107297,-75.62813587078854
71927,incendio,-5.9533,-76.1806
71928,no_incendio,-6.475196466130733,-76.70818383406251
71937,incendio,-7.47,-76.3802
71945,incendio,-6.7391,-76.4865
71947,no_incendio,-5.871711432876104,-76.01772742487569
71950,no_incendio,-6.509338593690795,-76.81131065559471
71951,no_incendio,-6.193641518737963,-75.9541835583981
71962,incendio,-6.4934,-76.3674
71968,no_incendio,-5.509842715479968,-77.22974622552158
71977,no_incendio,-5.87938832915223,-76.90538612384941
71982,incendio,-5.691,-76.4511
71983,no_incendio,-7.459387198765487,-76.32587223443953
71985,no_incendio,-5.41267692948794,-75.94332607139869
71988,no_incendio,-6.501773263941807,-76.20873227680231
71995,incendio,-8.2722,-76.4415
71996,incendio,-6.9836,-76.1958
72001,incendio,-7.0231,-76.6069
72005,incendio,-7.4038,-77.6907
72007,incendio,-7.6719,-76.6529
72009,no_incendio,-6.811703020411863,-76.53234904826876
72013,incendio,-6.9615,-76.5504
72015,incendio,-5.8148,-76.0705
72019,no_incendio,-7.496239899438951,-76.29662903245722
72029,no_incendio,-5.791181789509089,-77.46024775242152
72032,no_incendio,-5.444716599482646,-75.83682474093726
72035,incendio,-8.5828,-76.4186
72040,incendio,-7.0733,-76.7987
72041,incendio,-7.4372,-76.6758
72046,incendio,-7.0773,-76.4387
72047,no_incendio,-6.590453070259288,-76.04913179233263
72050,incendio,-5.6233,-76.6477
72055,incendio,-7.6346,-76.4961
72063,no_incendio,-6.416369783766856,-77.46099434503463
72066,no_incendio,-6.296125170251722,-76.27573079441521
72074,incendio,-6.6393,-77.3137
72079,no_incendio,-6.567404760010091,-75.93678531261668
72080,incendio,-7.2985,-76.4402
72081,incendio,-7.0155,-76.123
72090,incendio,-7.7345,-76.7231
72091,no_incendio,-7.0805818707385395,-75.71658427890108
72092,no_incendio,-5.859392269860992,-77.07597134063963
72107,no_incendio,-6.653744086369802,-76.88423091911557
72112,no_incendio,-6.6675087326032685,-77.42602403570756
72120,no_incendio,-6.987442347939161,-77.51096806537585
72132,incendio,-6.1106,-75.7602
72136,no_incendio,-5.976473792691887,-77.521298056028
72140,no_incendio,-7.237010441563305,-76.53847008307255
72144,incendio,-8.6084,-76.297
72152,incendio,-6.8845,-76.8158
72163,no_incendio,-5.913375544586391,-77.02153912778006
72166,no_incendio,-7.536324441611577,-75.98652093293225
72168,incendio,-7.2359,-76.7651
72177,no_incendio,-7.391395621025486,-76.825979662233
72186,incendio,-8.0698,-76.6899
72188,no_incendio,-7.261878534754229,-75.78596746234152
72191,incendio,-6.2928,-75.7762
72200,incendio,-5.5902,-76.5406
72206,no_incendio,-5.6819042694428346,-76.21370978152449
72209,no_incendio,-7.589730303914846,-76.05435857716274
72216,incendio,-7.0287,-76.2867
72218,incendio,-6.9098,-76.7071
72221,incendio,-7.2518,-77.0534
72225,incendio,-8.643,-76.1343
72228,incendio,-6.9728,-76.5392
72245,no_incendio,-6.3280159994888185,-76.39673641063581
72248,incendio,-5.997,-76.2979
72252,no_incendio,-6.011348651194169,-77.43448041427209
72257,incendio,-8.6539,-76.1607
72258,no_incendio,-5.901183537582431,-77.01906915606199
72260,no_incendio,-6.479517291884607,-77.31045667927476
72265,incendio,-7.7265,-76.7343
72267,no_incendio,-5.346519894910452,-77.42054950645856
72277,no_incendio,-7.428960143280297,-76.20768184148152
72281,no_incendio,-6.534406684076978,-76.00352237296187
72285,incendio,-7.0612,-76.8493
72287,no_incendio,-6.514967490351236,-76.99375522896699
72290,incendio,-6.1757,-76.2754
72302,no_incendio,-5.632530971200962,-77.47788862342078
72310,incendio,-8.6308,-76.3189
72313,incendio,-7.1952,-77.0157
72315,incendio,-6.4861,-76.5935
72319,incendio,-7.5899,-76.503
72321,incendio,-5.8606,-76.5719
72323,no_incendio,-5.921016028711128,-75.70718586514504
72335,no_incendio,-5.815206419164588,-75.9840705047973
72341,no_incendio,-6.23478792603882,-76.18381610836184
72355,incendio,-6.4491,-75.7858
72369,no_incendio,-7.412957121399091,-77.21617404571616
72374,incendio,-5.7533,-76.2668
72382,no_incendio,-6.799158296280013,-76.12149634545402
72384,no_incendio,-5.531709345051456,-76.12800515028563
72389,no_incendio,-6.845471207648621,-76.36886322454563
72392,incendio,-5.9983,-76.2966
72395,incendio,-7.5293,-76.3611
72398,incendio,-7.3366,-76.1807
72399,incendio,-7.5734,-76.4418
72403,incendio,-6.3869,-75.804
72404,no_incendio,-6.882432262080377,-75.90126287963834
72407,no_incendio,-6.420478782048784,-76.46157866406858
72411,incendio,-5.7087,-77.44
72415,no_incendio,-6.775573791793621,-76.68783581514383
72417,incendio,-6.6482,-76.6743
72422,no_incendio,-7.269040165613338,-76.9103123983766
72438,no_incendio,-5.8624058726324275,-77.54256899267752
72440,incendio,-6.8121,-76.5319
72443,incendio,-6.158,-75.975
72445,incendio,-7.2579,-76.627
72450,no_incendio,-6.673178207902485,-77.4048318758823
72462,incendio,-8.7332,-76.2601
72478,incendio,-8.7048,-76.3092
72482,no_incendio,-5.518725698266722,-76.04231826723102
72483,no_incendio,-7.346936014424016,-77.24612328998047
72488,no_incendio,-5.7595902055188795,-75.77924853201874
72492,no_incendio,-6.486581240227174,-76.15835402098138
72495,incendio,-6.995,-76.9169
72502,incendio,-6.7022,-76.144
72503,no_incendio,-7.423279850513975,-76.1929127649397
72504,no_incendio,-6.032637337308331,-77.27677952675285
72506,no_incendio,-6.619578652288662,-76.97686198868091
72518,incendio,-8.5872,-75.5623
72525,incendio,-5.7428,-77.4249
72530,no_incendio,-5.555763303802058,-77.3394188883658
72533,incendio,-7.5726,-76.6948
72534,no_incendio,-6.859218995881019,-77.3454749772902
72541,no_incendio,-6.742797209348308,-75.63057425829132
72556,incendio,-8.076,-76.7979
72562,no_incendio,-6.685185816424632,-76.91349326123884
72567,no_incendio,-7.212746042883999,-76.23580517242253
72570,no_incendio,-5.921387481016298,-75.640821414452
72575,incendio,-8.4567,-76.3694
72577,incendio,-8.4876,-76.4283
72583,incendio,-5.8776,-77.7826
72598,incendio,-7.4061,-76.6495
72601,incendio,-5.9789,-76.1576
72603,incendio,-6.9911,-77.7689
72607,no_incendio,-7.5348116135080625,-76.04270078901092
72610,no_incendio,-6.543469703142076,-77.05698988429933
72612,incendio,-7.2434,-77.0526
72613,no_incendio,-6.25350724604799,-77.4340170352428
72624,no_incendio,-5.630317607867646,-76.28664530211917
72626,incendio,-6.9364,-76.5426
72627,no_incendio,-7.369405359299169,-75.53775524923043
72649,incendio,-6.4629,-77.5669
72653,incendio,-7.4059,-76.6791
72659,incendio,-7.1291,-76.804
72661,no_incendio,-6.463587748086062,-76.47146037727083
72672,no_incendio,-6.109182329794082,-77.41759375115069
72675,no_incendio,-7.245236344594437,-75.87140818649081
72680,incendio,-6.7975,-76.635
72681,incendio,-7.4306,-76.6421
72691,no_incendio,-5.859392269860992,-77.07597134063963
72697,no_incendio,-6.692392129901898,-76.24064751909104
72701,incendio,-6.2289,-76.156
72702,incendio,-8.17,-76.588
72709,incendio,-7.0174,-76.3674
72714,no_incendio,-5.508118125742636,-76.08158705053927
72716,no_incendio,-7.3912095148136645,-77.03017853882585
72717,incendio,-7.1949,-76.7081
72722,no_incendio,-7.5389429366733145,-76.3612819242991
72729,incendio,-6.5259,-75.7359
72734,incendio,-6.5359,-75.7556
72736,no_incendio,-5.682009801127555,-77.32557014599907
72747,incendio,-6.2709,-75.888
72749,incendio,-6.7925,-76.646
72751,incendio,-8.5689,-76.3418
72758,no_incendio,-7.597875070160168,-76.24368895263702
72765,incendio,-6.1242,-76.9017
72771,no_incendio,-6.566852763907717,-76.67622294647774
72776,incendio,-6.3946,-75.7702
72779,no_incendio,-5.628009588205993,-76.65354056984353
72785,no_incendio,-6.040687375273645,-76.93582583750656
72787,incendio,-5.7774,-77.4727
72800,incendio,-6.9732,-76.3297
72802,no_incendio,-6.590453070259288,-76.04913179233263
72815,no_incendio,-5.747289104744423,-76.88274608576704
72828,no_incendio,-5.882379700992915,-75.5521215473338
72836,incendio,-7.0999,-76.272
72838,no_incendio,-6.068535480190217,-76.55604968607116
72847,no_incendio,-6.631390870435434,-77.17543848057095
72853,no_incendio,-7.322815935895123,-76.7836025186051
72858,incendio,-8.5523,-76.162
72867,incendio,-5.6334,-76.6006
72868,incendio,-8.2501,-76.4902
72874,no_incendio,-6.617504610391747,-77.25647472773994
72878,incendio,-5.9859,-77.11
72884,incendio,-7.57,-76.4445
72885,incendio,-5.8057,-76.4642
72886,incendio,-8.5877,-76.296
72891,no_incendio,-5.702153316153597,-75.54463550563808
72901,incendio,-5.9766,-76.4678
72906,incendio,-8.6726,-76.8388
72907,incendio,-7.4295,-76.742
72908,incendio,-6.1511,-76.8298
72910,no_incendio,-5.31562173519542,-75.64368786803017
72912,incendio,-5.8924,-75.9456
72919,no_incendio,-6.7528370184185675,-75.79463738047077
72930,incendio,-7.0338,-76.9314
72933,incendio,-8.18,-77.5472
72937,incendio,-7.5668,-76.8215
72946,no_incendio,-5.423715260330031,-75.80260147002005
72947,incendio,-5.9712,-75.7018
72950,no_incendio,-5.525266717128592,-75.70624108601852
72959,no_incendio,-6.871712261045699,-76.6810612935972
72966,incendio,-6.1284,-77.1586
72974,no_incendio,-6.271888529403575,-75.79765684657775
72986,no_incendio,-7.216614993286788,-77.03461698814449
72988,incendio,-8.2803,-76.6611
72989,no_incendio,-6.135227462144194,-76.4855793054628
72990,incendio,-6.871,-76.7821
72996,incendio,-7.935,-76.6875
72999,incendio,-7.033,-76.1904
73001,incendio,-8.7268,-76.757
73005,incendio,-7.4397,-76.7135
73007,no_incendio,-6.470561948843736,-76.94393330664495
73015,incendio,-7.2586,-76.6795
73019,incendio,-7.431,-76.6077
73026,incendio,-7.3913,-77.6732
73034,no_incendio,-6.845497704977086,-76.65360984481556
73044,no_incendio,-5.582283481453623,-75.95562633397932
73052,incendio,-6.1072,-75.7759
73058,incendio,-6.6886,-76.1089
73072,no_incendio,-6.260382263964365,-75.66215989353373
73082,incendio,-7.5486,-76.6181
73084,incendio,-6.5574,-75.7
73089,incendio,-8.5516,-76.4689
73094,no_incendio,-5.99701125020352,-76.97976479165838
73108,incendio,-6.3962,-75.7319
73110,no_incendio,-5.39776817495506,-77.21180440723553
73114,incendio,-5.7772,-76.3269
73115,no_incendio,-5.862678119407266,-76.8979972886448
73125,no_incendio,-5.734596234605278,-76.54404736792905
73130,incendio,-8.7281,-77.755
73138,no_incendio,-6.114431837075887,-77.3791914454974
73139,incendio,-6.8282,-76.6798
73143,no_incendio,-7.306661299403648,-77.35299757529853
73155,incendio,-6.9894,-76.6243
73158,incendio,-8.7691,-75.5216
73159,no_incendio,-7.391380566669081,-77.4628689446306
73160,no_incendio,-6.945484440166689,-76.77951589048426
73161,incendio,-5.7899,-76.3248
73165,no_incendio,-6.925307344468632,-76.89098262738764
73182,no_incendio,-7.128591277381194,-76.12302141097119
73184,incendio,-6.8265,-76.4985
73186,no_incendio,-5.945782975612446,-75.78933619991895
73190,incendio,-8.5259,-76.4033
73199,incendio,-7.0013,-76.4823
73204,incendio,-6.15,-76.3352
73207,incendio,-7.303,-76.2474
73209,no_incendio,-7.06430285125658,-76.42921371383994
73218,no_incendio,-7.474717173105087,-76.9435614717976
73226,no_incendio,-6.165729925483304,-75.50698017130118
73235,no_incendio,-7.345060499544703,-77.11825976617006
73247,incendio,-7.0752,-76.495
73257,incendio,-5.7777,-76.1474
73260,no_incendio,-5.712986091901971,-76.69466982249243
73265,no_incendio,-6.581835148874593,-77.10480197876178
73272,no_incendio,-5.3750389583532385,-76.27737605989306
73280,no_incendio,-5.4181719579024135,-75.50050796250098
73285,no_incendio,-5.695046426207607,-76.82428560854454
73289,incendio,-7.0018,-76.7247
73293,no_incendio,-5.5904160018413185,-75.95967696851481
73294,incendio,-5.7329,-76.1638
73295,no_incendio,-6.564880133008887,-76.55893266226474
73301,no_incendio,-7.149817793244048,-76.68995380242758
73302,no_incendio,-7.0805818707385395,-75.71658427890108
73313,no_incendio,-6.061671698446887,-76.35844064270319
73315,no_incendio,-5.901183537582431,-77.01906915606199
73321,no_incendio,-7.433029202252227,-75.6952599290436
73328,incendio,-5.9403,-77.3079
73331,incendio,-6.1445,-76.3072
73332,no_incendio,-5.585507984340333,-75.53590045517545
73345,no_incendio,-6.4891729979787565,-76.11291535541001
73349,incendio,-6.082,-76.0163
73350,no_incendio,-6.9821795229188215,-77.4814837765738
73351,no_incendio,-5.532853929708149,-75.98229483983717
73354,incendio,-6.7506,-77.3131
73358,no_incendio,-7.52002816732032,-76.85728021112728
73362,no_incendio,-5.618910457397299,-76.39046295133087
73371,incendio,-6.8186,-76.5238
73376,incendio,-7.5186,-76.4618
73379,no_incendio,-6.823512194602855,-76.05631689166178
73382,no_incendio,-5.798404361194972,-75.81527300196596
73383,incendio,-7.2862,-76.7893
73399,no_incendio,-6.152183459458481,-75.52419970077695
73406,no_incendio,-5.802494877336548,-76.35132685190827
73407,no_incendio,-6.586264053943194,-75.6879198104013
73408,no_incendio,-5.569659951211905,-77.11401128748476
73412,no_incendio,-7.584063938890335,-77.08532363724217
73414,incendio,-7.5015,-76.4302
73415,no_incendio,-5.901388111394365,-75.87645660870008
73418,no_incendio,-5.9287884158970305,-76.31836219337158
73431,no_incendio,-7.464233169627815,-76.3089508607516
73433,incendio,-5.8348,-77.2455
73439,no_incendio,-5.329337229365641,-77.4752371215785
73440,no_incendio,-7.189575486518889,-75.71595612356288
73447,incendio,-8.5369,-76.5116
73449,incendio,-5.722,-76.0046
73452,no_incendio,-6.569933219427762,-75.5278161670118
73456,no_incendio,-7.017817860779479,-76.95461934375838
73457,incendio,-6.2766,-75.7971
73458,no_incendio,-6.3737423006602185,-77.16577350376646
73459,no_incendio,-6.508124167264835,-76.61340355687425
73460,incendio,-7.5086,-76.4603
73462,no_incendio,-5.576377400601263,-76.00886183713747
73466,no_incendio,-6.684588652346477,-77.1953837139415
73469,no_incendio,-7.5702550538704605,-75.67821320807053
73492,incendio,-7.0232,-76.6138
73503,no_incendio,-5.389176452484517,-75.81151917065094
73513,incendio,-7.7329,-76.7242
73521,no_incendio,-5.563302307050842,-76.50751783358145
73522,no_incendio,-5.916451876326068,-76.42141770409339
73524,no_incendio,-6.893924031218003,-76.04905921446095
73538,incendio,-6.06,-76.3228
73541,incendio,-6.4879,-76.4087
73544,no_incendio,-7.221811632536515,-77.44262630315019
73546,no_incendio,-6.9422117979050695,-77.32253174388707
73547,incendio,-5.7489,-76.5062
73551,incendio,-8.6797,-76.8184
73553,incendio,-5.434,-76.7921
73557,incendio,-6.2706,-76.6495
73562,incendio,-7.0399,-76.8932
73568,incendio,-7.4833,-76.5437
73571,no_incendio,-7.227645324559791,-75.66978466195862
73579,incendio,-6.269,-75.8329
73590,incendio,-7.6598,-76.7618
73600,no_incendio,-5.946515429749496,-77.17416988943258
73601,incendio,-6.7998,-76.2658
73602,incendio,-8.6787,-76.8078
73605,no_incendio,-6.514967490351236,-76.99375522896699
73608,no_incendio,-5.362923654155092,-76.9119868960568
73611,incendio,-6.5025,-76.3785
73617,incendio,-7.4315,-76.7573
73627,no_incendio,-5.399995483023551,-76.68244565675566
73628,no_incendio,-6.519206979509828,-76.45089641887259
73630,incendio,-6.2526,-76.2041
73643,incendio,-6.0579,-75.966
73650,incendio,-8.3651,-76.3866
73654,incendio,-8.5626,-76.3644
73660,no_incendio,-7.415686202537784,-75.85189468645096
73661,incendio,-6.7686,-76.4789
73673,incendio,-7.2367,-76.0761
73676,incendio,-6.3816,-76.0627
73693,no_incendio,-5.5463833686959125,-76.92476001499328
73700,incendio,-8.7132,-76.3329
73703,no_incendio,-6.2234750512942,-76.15839430304165
73710,no_incendio,-5.921387481016298,-75.640821414452
73711,incendio,-5.6342,-76.2795
73713,incendio,-8.6883,-76.3549
73716,no_incendio,-6.693645231607011,-77.00083886723358
73720,incendio,-6.4752,-76.5266
73746,no_incendio,-6.284005972985306,-75.8733537299608
73751,incendio,-7.3276,-76.6173
73752,incendio,-6.4736,-75.732
73753,incendio,-7.3003,-75.5955
73763,incendio,-7.0865,-76.2289
73768,incendio,-8.264,-77.3192
73779,incendio,-7.0609,-76.2044
73783,incendio,-6.5101,-76.7763
73788,incendio,-6.7086,-76.5109
73798,no_incendio,-7.241586175081285,-75.60658029783822
73816,incendio,-5.4915,-76.7635
73833,incendio,-6.4866,-76.3626
73835,incendio,-6.4957,-76.4528
73836,incendio,-8.6226,-76.4396
73838,incendio,-8.1816,-77.0095
73839,no_incendio,-6.325765977825784,-76.5205147871752
73842,incendio,-5.8226,-75.9429
73852,incendio,-6.0068,-76.8933
73868,no_incendio,-5.798404361194972,-75.81527300196596
73870,incendio,-7.5195,-76.5111
73878,incendio,-7.3832,-76.5939
73879,no_incendio,-7.544493851248457,-76.73397529490327
73892,no_incendio,-7.178109146033509,-76.55931189942505
73894,no_incendio,-5.374689655955711,-76.01901794140703
73895,no_incendio,-7.20916394163281,-76.74882653338932
73896,incendio,-8.2856,-76.4381
73901,no_incendio,-7.381229378022176,-76.50096695875145
73912,no_incendio,-6.4156514594615395,-77.50323228806793
73918,incendio,-8.5399,-76.4296
73930,no_incendio,-6.9303848627730344,-77.0665622069992
73938,incendio,-7.0773,-76.2953
73945,incendio,-6.759,-77.401
73948,no_incendio,-6.709233322192638,-77.51049806027564
73951,no_incendio,-6.139224623753688,-76.40308726211332
73953,incendio,-7.4495,-76.6099
73960,incendio,-6.9845,-76.3445
73963,no_incendio,-6.53325154649785,-76.75115030969212
73964,incendio,-7.3387,-76.9798
73966,no_incendio,-5.5084858154243905,-75.90684850496002
73971,incendio,-8.6375,-75.5026
73974,incendio,-7.0739,-76.8138
73986,no_incendio,-6.638936461882343,-76.98044793632914
73988,no_incendio,-6.880264689541971,-77.33984954598883
73989,no_incendio,-6.534406684076978,-76.00352237296187
73990,incendio,-7.1939,-76.2728
73992,no_incendio,-7.552000736404346,-77.05977682552361
73998,incendio,-7.5111,-76.7435
74003,no_incendio,-7.010465391222765,-75.64374453725225
74004,no_incendio,-5.870407571755855,-76.43899593158982
74006,incendio,-8.5739,-76.2138
74009,incendio,-7.8743,-76.7117
74027,no_incendio,-6.823512194602855,-76.05631689166178
74035,incendio,-7.1672,-77.012
74036,incendio,-7.3521,-76.6086
74039,incendio,-5.9708,-75.9334
74040,incendio,-5.935,-76.3657
74042,no_incendio,-7.488895468406661,-77.22046866095448
74044,no_incendio,-5.808189893519151,-75.58463969579134
74045,incendio,-5.7883,-77.4417
74052,no_incendio,-6.150817748541318,-77.2743773218178
74057,no_incendio,-5.885065132570478,-75.64334405460914
74061,no_incendio,-6.622512429028128,-75.69288323438259
74063,no_incendio,-7.532917537712722,-76.04821551837472
74066,incendio,-7.2826,-76.3864
74067,no_incendio,-6.811703020411863,-76.53234904826876
74069,no_incendio,-7.30848813253614,-75.71138002186875
74096,no_incendio,-6.228351070264562,-77.26637950725386
74097,no_incendio,-6.742797209348308,-75.63057425829132
74098,incendio,-5.7564,-76.5366
74102,no_incendio,-6.1476999130544865,-77.34007485362595
74107,incendio,-7.6057,-76.3992
74109,no_incendio,-7.146199438472306,-75.63802434726938
74117,no_incendio,-7.119124402863609,-77.37715689078294
74118,incendio,-7.5751,-76.6386
74119,no_incendio,-5.720724874930588,-76.09066535924033
74120,no_incendio,-6.08565697953034,-76.3565072601085
74121,no_incendio,-7.1291364623253095,-77.04904307212506
74124,incendio,-6.2213,-75.9336
74125,incendio,-5.3307,-76.6028
74126,incendio,-7.578,-76.8179
74130,no_incendio,-6.167876331105529,-76.10362029847187
74136,incendio,-5.8026,-76.3553
74138,no_incendio,-6.5603093207023875,-76.81459925787705
74140,no_incendio,-7.14999258790223,-77.27323492320696
74143,no_incendio,-7.4685281169836575,-76.45982142340358
74144,incendio,-7.1004,-77.0135
74145,no_incendio,-6.545046135469808,-77.4695217022142
74149,no_incendio,-7.304318403936466,-76.8341795441283
74154,no_incendio,-5.866539639068574,-77.22687497991105
74156,incendio,-7.2112,-77.0545
74159,incendio,-7.1193,-76.1856
74165,incendio,-6.5203,-76.5035
74166,no_incendio,-7.408503653357758,-76.24578800464187
74169,no_incendio,-7.035328568865795,-77.4057239232557
74170,incendio,-8.6481,-76.1701
74182,no_incendio,-6.143493830692505,-76.5408916216836
74189,incendio,-7.0585,-76.6265
74192,no_incendio,-7.303191371239219,-76.86950299016307
74197,no_incendio,-7.442180034070876,-75.92683774273232
74216,incendio,-7.6164,-76.6955
74239,no_incendio,-7.5702550538704605,-75.67821320807053
74245,no_incendio,-7.318729401485612,-76.81445384525996
74256,no_incendio,-5.6909060907931215,-77.03642215530066
74258,incendio,-7.3857,-77.6559
74260,no_incendio,-6.24016797795497,-75.64844512243143
74269,incendio,-6.6991,-76.7491
74273,no_incendio,-6.508124167264835,-76.61340355687425
74278,no_incendio,-5.834688696045425,-76.52690718058605
74281,no_incendio,-6.08565697953034,-76.3565072601085
74282,incendio,-8.6208,-76.5994
74287,no_incendio,-7.573586798987392,-75.72729255411187
74293,no_incendio,-6.300702389014246,-76.09062532956851
74305,no_incendio,-5.487710562433828,-76.3714568595569
74307,no_incendio,-7.327451375962066,-77.03090576588977
74311,incendio,-7.1624,-76.3374
74313,incendio,-7.3322,-76.666
74323,no_incendio,-7.0241667667070145,-76.27510051559456
74329,incendio,-8.738,-76.3951
74335,incendio,-7.4012,-76.5837
74341,no_incendio,-6.090705105654209,-75.76196358722034
74345,no_incendio,-5.69836641593065,-75.72287872908569
74346,no_incendio,-6.3427644504242675,-77.35180398852548
74347,incendio,-7.727,-76.4924
74352,incendio,-6.6911,-76.6572
74356,no_incendio,-6.812854444766214,-76.31590409569822
74369,no_incendio,-7.234182176376593,-76.40213823666475
74381,incendio,-7.208,-76.6
74387,no_incendio,-5.965105049339228,-76.99859959497034
74388,incendio,-7.1795,-76.7333
74394,incendio,-6.726,-76.7499
74397,no_incendio,-7.388452210624765,-77.20638603731945
74413,incendio,-5.5874,-76.6374
74423,incendio,-5.8154,-76.2304
74430,no_incendio,-7.188266062247751,-75.80338733044515
74434,incendio,-8.4955,-76.3211
74441,incendio,-6.8521,-76.5701
74448,no_incendio,-6.737059261843657,-77.50234796745673
74452,incendio,-6.8421,-76.8554
74457,incendio,-7.4713,-76.3895
74463,no_incendio,-6.459421110313875,-76.2975020951517
74468,incendio,-7.0715,-76.5131
74470,no_incendio,-7.299495014578471,-76.02669026239053
74474,incendio,-6.8147,-76.785
74478,incendio,-8.5494,-75.6159
74479,no_incendio,-5.646223843039662,-77.22265388647651
74480,incendio,-6.3351,-75.8828
74483,incendio,-7.4071,-76.6412
74488,incendio,-8.5597,-77.3331
74492,incendio,-8.0739,-76.6591
74494,no_incendio,-7.278446400857449,-77.33703515392486
74495,no_incendio,-6.324852338083002,-77.32158487709337
74499,incendio,-6.1672,-75.9734
74517,incendio,-8.6089,-76.6549
74522,no_incendio,-6.5878777950259835,-76.78969667476908
74523,incendio,-6.3924,-75.9919
74526,incendio,-6.8081,-76.7906
74528,no_incendio,-7.312843125933768,-75.51939324111113
74529,no_incendio,-5.594721982840302,-76.73250330554579
74532,incendio,-6.6341,-76.6775
74540,incendio,-6.1605,-76.3772
74547,incendio,-7.6042,-76.5082
74550,incendio,-7.2407,-76.749
74559,incendio,-7.2195,-76.8421
74565,no_incendio,-5.712986091901971,-76.69466982249243
74567,incendio,-6.3457,-75.9462
74568,incendio,-6.7806,-76.6771
74574,no_incendio,-5.858435510959442,-77.08234731471167
74577,no_incendio,-7.371926664770868,-77.38249391708561
74583,incendio,-6.8958,-76.5298
74585,incendio,-6.0495,-76.1771
74597,incendio,-7.3257,-76.0965
74598,no_incendio,-7.510954821403472,-75.50873794050783
74599,no_incendio,-7.579867389663157,-75.5999817001758
74612,incendio,-7.4674,-76.5201
74613,no_incendio,-6.007112604816549,-77.29204800487722
74618,no_incendio,-6.777339583024972,-77.16983093641421
74624,incendio,-8.7201,-76.165
74627,no_incendio,-5.323979357908248,-75.76496426046252
74635,incendio,-6.0053,-77.06
74645,incendio,-7.8785,-75.5304
74649,no_incendio,-6.017393971898976,-75.85609561110088
74656,no_incendio,-6.922488599265936,-77.20347324801959
74658,incendio,-6.6988,-77.431
74660,no_incendio,-6.971818693744163,-76.01229344920435
74661,incendio,-5.9398,-75.7788
74667,no_incendio,-5.418336191471334,-77.27363994749886
74674,no_incendio,-5.701243653353404,-77.51137584362479
74679,incendio,-6.2051,-76.0328
74682,incendio,-6.4085,-75.8745
74684,no_incendio,-6.846679592265051,-75.78055281220841
74688,no_incendio,-6.923574495814878,-76.96137100911855
74699,no_incendio,-6.6832264067033,-77.40030797685029
74705,no_incendio,-7.453299052251447,-77.18508562471676
74706,no_incendio,-5.7630676382897414,-75.77232686505347
74720,no_incendio,-5.5280435147957645,-75.64292390382334
74725,incendio,-6.1482,-77.0471
74728,no_incendio,-6.249559347527708,-77.38514191347497
74743,incendio,-5.7354,-77.3948
74749,no_incendio,-7.353333723942861,-76.86451079953567
74752,incendio,-8.3407,-76.4118
74757,incendio,-7.208,-76.3644
74758,no_incendio,-6.808298154641365,-77.1261442416624
74766,incendio,-5.799,-77.4247
74775,incendio,-8.614,-76.6143
74787,incendio,-7.2894,-76.1984
74794,incendio,-8.451,-76.2407
74804,incendio,-7.1833,-76.4767
74809,no_incendio,-7.174304209114396,-76.54277799438324
74812,no_incendio,-7.346936014424016,-77.24612328998047
74815,no_incendio,-5.990542250974831,-75.6694532466171
74816,incendio,-7.6399,-76.4651
74824,no_incendio,-7.24803934210104,-76.82472284533478
74827,no_incendio,-6.1305152501535805,-77.20692971202396
74832,no_incendio,-6.812990607089626,-75.70820307560577
74838,incendio,-7.4212,-76.3714
74840,no_incendio,-5.899739172279481,-75.62561076754551
74844,no_incendio,-6.342272331916268,-77.0355540401251
74845,incendio,-8.5081,-76.1871
74846,no_incendio,-6.166609034042587,-76.23843722431326
74851,incendio,-7.1124,-76.2608
74864,no_incendio,-6.007112604816549,-77.29204800487722
74869,no_incendio,-5.472748128836409,-77.20935781294484
74872,no_incendio,-5.859392269860992,-77.07597134063963
74876,no_incendio,-6.001439366513391,-76.98820534580602
74882,incendio,-5.6953,-76.6109
74886,no_incendio,-5.906233795105334,-77.12857966060585
74887,incendio,-8.7209,-76.1229
74901,no_incendio,-7.347666513055251,-77.19530347019538
74910,no_incendio,-6.1156293221158835,-76.01949781132349
74916,incendio,-7.2196,-76.3168
74918,incendio,-7.7033,-76.4907
74919,no_incendio,-7.496239899438951,-76.29662903245722
74925,incendio,-8.4768,-76.3381
74927,no_incendio,-6.980328156805363,-75.58165966551039
74929,incendio,-8.6681,-76.3342
74934,no_incendio,-7.082226882888392,-75.74798202243628
74940,no_incendio,-5.5750859368578904,-77.18888026677212
74948,no_incendio,-6.696114207645428,-77.01139322381492
74957,no_incendio,-5.780675568523146,-77.4440499191556
74971,incendio,-5.8554,-75.9081
74974,incendio,-6.4923,-76.3605
74983,no_incendio,-7.238892730733428,-76.47459847040415
74986,no_incendio,-6.539751025490163,-75.79612657062603
74990,incendio,-8.6806,-76.2634
74996,no_incendio,-6.1305152501535805,-77.20692971202396
75002,incendio,-7.2538,-76.4457
75005,incendio,-5.9547,-76.3365
75006,incendio,-8.1896,-76.5177
75024,incendio,-5.9114,-76.3079
75026,no_incendio,-6.640978763936889,-76.01901055862061
75035,no_incendio,-6.331589003630742,-76.77579913568411
75051,incendio,-6.0999,-75.7615
75053,no_incendio,-5.485150772179796,-77.0821813016382
75060,incendio,-7.2919,-76.3203
75061,no_incendio,-5.605657953237715,-77.33944421680316
75068,no_incendio,-7.428960143280297,-76.20768184148152
75075,incendio,-6.4832,-76.7825
75077,no_incendio,-6.439732844593629,-76.57320223136172
75081,no_incendio,-5.453647317604843,-76.59202254288773
75083,incendio,-8.4726,-76.2339
75090,no_incendio,-6.729488491648472,-77.03653906594069
75097,no_incendio,-5.695046426207607,-76.82428560854454
75099,incendio,-5.8206,-76.3952
75101,no_incendio,-6.1290157028955905,-75.56386178427238
75107,incendio,-8.3637,-76.2962
75109,no_incendio,-5.531709345051456,-76.12800515028563
75112,incendio,-6.1993,-76.1565
75115,no_incendio,-6.224278076163242,-75.68574152044755
75116,incendio,-6.216,-76.777
75117,no_incendio,-7.598815481458372,-76.55352785980209
75141,no_incendio,-7.585660689069584,-77.39009094478008
75144,incendio,-7.4925,-76.371
75149,incendio,-6.9843,-76.4917
75151,incendio,-6.884,-76.3645
75157,incendio,-5.9486,-76.485
75163,no_incendio,-5.881820929193948,-76.58450370780717
75165,no_incendio,-5.3928610006268665,-76.95098681919762
75172,incendio,-7.1058,-76.3065
75188,incendio,-5.8421,-77.3821
75189,incendio,-6.8052,-76.6559
75196,no_incendio,-6.646019680443848,-77.50514894077688
75198,incendio,-6.6942,-76.5235
75206,no_incendio,-5.329749843854847,-75.71078811690217
75208,no_incendio,-5.833991570039085,-76.02950285469245
75209,no_incendio,-6.180704652480343,-76.89113580194854
75213,no_incendio,-6.766715492175258,-75.83761083407144
75214,no_incendio,-7.251053016973333,-77.43482372064443
75217,incendio,-6.4173,-76.5914
75218,incendio,-5.8909,-75.9567
75224,no_incendio,-5.631534863423365,-75.5444078955286
75226,no_incendio,-7.263705379465793,-77.32787830995856
75228,incendio,-5.9058,-76.1146
75229,incendio,-6.8915,-76.9567
75236,incendio,-8.312,-76.6952
75247,no_incendio,-5.6492373233613264,-76.13173612706044
75259,incendio,-8.0601,-76.7041
75263,no_incendio,-6.376726836973272,-77.35752912688064
75266,incendio,-7.361,-76.7337
75270,no_incendio,-5.489245275525123,-76.82667902790362
75271,no_incendio,-5.636606643396935,-75.65023157423232
75280,no_incendio,-6.452984723571151,-76.97534564539009
75281,incendio,-7.4408,-76.588
75283,no_incendio,-5.494377757817533,-77.22053363364685
75285,incendio,-8.4847,-77.0421
75291,incendio,-5.665,-75.8116
75292,no_incendio,-6.146925317432729,-76.25875565214055
75294,no_incendio,-6.535104750481092,-76.08251249993276
75302,no_incendio,-6.606790602498376,-76.50679708602655
75326,incendio,-8.6992,-77.6669
75343,no_incendio,-6.599957493403006,-76.05770861085986
75344,no_incendio,-7.3828581911388165,-75.8721549637632
75347,no_incendio,-7.279073350966451,-75.53370306812118
75349,incendio,-6.5595,-75.9473
75355,incendio,-6.1584,-76.1243
75365,incendio,-7.2089,-76.8689
75367,incendio,-7.4094,-76.2299
75369,no_incendio,-6.6084019823282665,-76.06077967767854
75378,incendio,-8.6061,-76.435
75379,no_incendio,-6.851922134143454,-76.90818662457491
75385,no_incendio,-6.081693229189671,-76.04554760839422
75389,no_incendio,-5.763649060823176,-76.26292282199367
75390,incendio,-6.6412,-76.4619
75391,incendio,-6.9824,-76.9096
75402,no_incendio,-6.367884072608207,-76.17501426406548
75403,no_incendio,-6.808753435004469,-75.58127871175964
75405,no_incendio,-7.122938851987355,-76.92917682268381
75411,incendio,-5.8051,-76.206
75423,no_incendio,-6.212102855046136,-76.68622274401635
75429,no_incendio,-7.493540878148328,-76.20838654108637
75437,no_incendio,-7.021631546381363,-76.8111659595044
75442,no_incendio,-6.271888529403575,-75.79765684657775
75444,incendio,-7.2824,-76.3672
75450,no_incendio,-5.450166959625918,-77.00835031536832
75469,no_incendio,-5.356529850556848,-75.70252244587886
75477,incendio,-5.8992,-76.1153
75479,no_incendio,-6.000913642665956,-77.14500157376662
75484,no_incendio,-7.010865933982342,-76.63167881965191
75488,no_incendio,-6.931054749326789,-77.2760800084336
75490,incendio,-7.6993,-76.5391
75497,incendio,-6.2167,-76.2582
75499,no_incendio,-5.8166617894952815,-76.28161854109814
75501,no_incendio,-7.087560477783244,-76.48701616296685
75506,incendio,-6.7895,-76.3063
75507,incendio,-5.3421,-76.5986
75513,incendio,-6.5979,-76.4209
75514,incendio,-5.9778,-76.3128
75518,no_incendio,-5.971167138004345,-76.3740699604034
75522,incendio,-8.7008,-76.7002
75525,no_incendio,-6.819960436835468,-75.76204305997081
75529,incendio,-7.669,-76.4826
75536,incendio,-5.5902,-76.6713
75540,incendio,-6.7598,-76.8265
75543,incendio,-5.8386,-77.0386
75554,incendio,-6.5437,-75.6705
75555,no_incendio,-6.709679366409026,-76.89232327371961
75569,incendio,-7.2632,-76.4668
75571,no_incendio,-6.9256501234330665,-77.07157879837493
75578,no_incendio,-6.967630832661904,-76.66075655259817
75591,incendio,-7.2367,-76.2402
75611,incendio,-6.4241,-75.9692
75612,no_incendio,-7.19668087361042,-76.2603633805298
75615,incendio,-6.5741,-75.6113
75617,incendio,-8.3142,-76.4117
75636,incendio,-6.2135,-75.8531
75638,no_incendio,-6.4156514594615395,-77.50323228806793
75639,no_incendio,-6.738442276906446,-76.26128977675305
75643,incendio,-5.872,-75.8476
75654,no_incendio,-7.511017054186108,-77.44217334143556
75667,incendio,-5.7968,-76.4823
75668,no_incendio,-6.208571378644004,-77.08847372883292
75669,incendio,-6.7379,-76.7554
75671,no_incendio,-5.801578937835275,-76.51381524721576
75680,no_incendio,-6.252480366224789,-76.488140203218
75682,incendio,-7.2253,-76.6644
75684,incendio,-6.8352,-76.4364
75688,no_incendio,-5.37157572156011,-76.66234225426679
75695,no_incendio,-5.592384500349762,-76.12339689137886
75700,incendio,-7.566,-76.3597
75702,no_incendio,-5.800895908311601,-76.62831443275236
75703,incendio,-7.2921,-77.5692
75708,incendio,-6.7764,-76.2372
75717,no_incendio,-6.146925317432729,-76.25875565214055
75731,no_incendio,-5.6492373233613264,-76.13173612706044
75732,no_incendio,-5.457985826162461,-76.51538649315398
75733,incendio,-8.4272,-76.2767
75739,no_incendio,-6.682240904919321,-76.14970898536502
75740,incendio,-8.5635,-76.9409
75743,incendio,-6.3311,-75.9089
75744,incendio,-7.5384,-76.5644
75746,incendio,-7.2197,-76.3138
75752,incendio,-5.9352,-75.9699
75755,no_incendio,-6.042014186508827,-75.97046946062136
75761,no_incendio,-7.459517004149713,-75.65348895495933
75774,incendio,-6.288,-75.8601
75781,no_incendio,-7.377051275028038,-75.93975534182488
75784,no_incendio,-7.527307126647749,-77.12744201881532
75787,no_incendio,-7.409421605310309,-75.83681236527086
75789,incendio,-5.8662,-77.21
75792,incendio,-6.5031,-77.6392
75796,incendio,-7.1218,-76.1636
75797,no_incendio,-6.23478792603882,-76.18381610836184
75807,no_incendio,-6.420856851462068,-76.77933512635609
75808,no_incendio,-6.979782618165886,-76.34280103633438
75818,no_incendio,-5.719203795161454,-76.0632701523621
75819,incendio,-6.0736,-76.0303
75822,no_incendio,-5.3579190970036175,-75.71127050256207
75826,incendio,-6.2535,-77.6413
75828,incendio,-8.6477,-76.3631
75831,no_incendio,-5.7532005563442,-76.81683301115936
75838,no_incendio,-7.080940596432744,-77.316377811303
75840,no_incendio,-6.650069273774372,-77.45753589439983
75841,no_incendio,-5.704328166594409,-76.92480673286192
75848,incendio,-6.5101,-75.6751
75850,no_incendio,-7.180514878638644,-76.37224014179314
75851,incendio,-8.4734,-76.334
75856,incendio,-7.303,-76.5747
75871,no_incendio,-6.146020638711784,-75.61071933850509
75876,incendio,-7.1288,-76.869
75881,incendio,-5.7429,-76.2557
75884,no_incendio,-7.250518418431454,-77.39731384590523
75890,incendio,-5.723,-76.4251
75909,no_incendio,-6.742426821485937,-75.840077033376
75913,incendio,-7.2186,-76.8584
75914,no_incendio,-5.636606643396935,-75.65023157423232
75918,no_incendio,-6.671397085491674,-75.72724206195927
75928,no_incendio,-5.743346331540995,-77.34641722204898
75942,incendio,-7.1758,-76.893
75948,incendio,-7.0562,-76.9194
75953,incendio,-7.6404,-76.6557
75954,no_incendio,-6.324514222860181,-76.89947276475436
75974,incendio,-7.1419,-76.4193
75982,no_incendio,-5.316751485798925,-76.19649120217885
75985,no_incendio,-7.454920494649443,-76.8925561147692
75992,no_incendio,-5.845552774346191,-76.31135197083327
75995,no_incendio,-6.331956733542304,-77.5021084607029
76008,incendio,-8.649,-76.4429
76018,incendio,-8.03,-76.6776
76022,no_incendio,-7.349457434232458,-77.2287510721594
76025,no_incendio,-7.324938939394847,-75.95193264911674
76036,no_incendio,-6.329066895240967,-77.1289458150613
76038,incendio,-7.1372,-76.922
76040,no_incendio,-6.0017769805371435,-76.54978075200272
76044,no_incendio,-7.2889510765606325,-76.46654281298771
76045,no_incendio,-6.350208583490028,-76.38539627900366
76046,no_incendio,-6.191430391246121,-75.84894878803162
76054,no_incendio,-7.327752780112304,-76.88582488471454
76060,incendio,-7.2086,-76.952
76068,incendio,-6.9787,-76.1136
76071,incendio,-7.8718,-75.5244
76076,no_incendio,-5.569129164967829,-76.89146867970102
76085,incendio,-7.2033,-76.6402
76087,no_incendio,-6.564347270784287,-75.8738633840426
76089,incendio,-5.9697,-75.8776
76090,incendio,-7.5614,-76.6254
76093,incendio,-8.4606,-76.3998
76094,incendio,-6.2112,-75.6561
76095,no_incendio,-6.188812026219859,-77.47999723724293
76109,no_incendio,-5.9343288832648255,-75.71284400291329
76112,incendio,-6.0344,-76.099
76121,incendio,-7.4845,-76.6894
76128,no_incendio,-5.632530971200962,-77.47788862342078
76136,incendio,-8.5509,-75.6199
76144,no_incendio,-7.391919899350189,-76.53710558307176
76145,no_incendio,-5.493534251624167,-76.05824936892388
76155,incendio,-6.5658,-76.078
76156,incendio,-6.3415,-76.0198
76160,incendio,-6.4564,-75.7984
76162,incendio,-7.4135,-77.5548
76163,no_incendio,-6.671769405587168,-77.2003294261131
76173,no_incendio,-5.472585153492127,-77.10655294749147
76175,incendio,-7.2564,-76.2228
76176,no_incendio,-6.698529470828457,-76.28501109879417
76179,incendio,-6.9278,-76.2347
76185,no_incendio,-6.188812026219859,-77.47999723724293
76186,incendio,-7.7798,-77.7421
76188,no_incendio,-7.257184386198285,-77.16794482130089
76194,no_incendio,-6.514967490351236,-76.99375522896699
76195,incendio,-6.8703,-76.9801
76201,no_incendio,-6.572656774954891,-77.3264854349528
76213,no_incendio,-5.919068188390441,-77.36605426382134
76215,no_incendio,-5.8012341650518415,-77.26448001518449
76217,no_incendio,-6.0254636524537775,-76.26070791675792
76218,incendio,-7.3548,-76.7305
76220,no_incendio,-7.309838483592369,-76.99515991704935
76221,no_incendio,-7.329270682828255,-76.84451015929197
76225,no_incendio,-5.621781873154133,-75.59201486751932
76228,no_incendio,-6.248141133810431,-75.50987121265236
76244,no_incendio,-6.20119371633988,-76.87236267556213
76246,no_incendio,-7.357911846364595,-77.10667831143273
76248,no_incendio,-7.014702412265873,-76.4405488433982
76249,incendio,-7.194,-76.1878
76256,no_incendio,-7.152157832421082,-77.44831592237493
76257,no_incendio,-6.482952600752266,-75.66603340235945
76261,incendio,-8.5605,-75.6165
76266,no_incendio,-6.072304927752775,-76.77556503555117
76267,no_incendio,-6.400301881628301,-77.5201604762096
76276,no_incendio,-6.0636997194620585,-76.98817967024722
76280,no_incendio,-7.132724984642544,-76.76764396887705
76286,no_incendio,-5.371545466461964,-76.40334353874748
76287,no_incendio,-5.577290052521281,-76.32966434490925
76289,incendio,-7.1616,-76.3995
76291,incendio,-8.6668,-76.8475
76297,incendio,-7.5474,-76.544
76311,no_incendio,-5.6976044499375105,-76.64278583121316
76315,incendio,-7.1999,-77.0423
76317,no_incendio,-5.394785578322833,-77.00358788486766
76322,incendio,-6.9441,-76.7207
76327,no_incendio,-6.777084363074236,-76.9625637860872
76328,no_incendio,-6.939438225282601,-76.80786345912996
76340,no_incendio,-6.1156293221158835,-76.01949781132349
76359,incendio,-8.7595,-76.4146
76363,no_incendio,-5.991245342520768,-75.64023187612118
76369,incendio,-8.154,-76.9316
76377,incendio,-8.5241,-75.5875
76397,incendio,-6.793,-76.4856
76401,no_incendio,-5.463870053471811,-75.65012298252523
76403,incendio,-6.2124,-75.9027
76404,no_incendio,-7.316542689651407,-77.09719219444501
76411,incendio,-6.4867,-76.3727
76429,no_incendio,-6.857236383262051,-76.76658169794014
76430,incendio,-7.3862,-76.3883
76434,no_incendio,-5.715611122341353,-76.65563746255786
76440,no_incendio,-7.233124705417647,-77.12066793132318
76441,no_incendio,-5.546857195256127,-75.81190178678054
76444,no_incendio,-5.714958817536613,-75.57831712461974
76445,incendio,-6.862,-76.2389
76447,incendio,-6.1998,-77.1292
76448,incendio,-7.3606,-76.5871
76453,no_incendio,-5.815972204611399,-75.5996631905604
76468,no_incendio,-6.842130861811311,-76.61529209965812
76469,incendio,-6.1523,-76.8512
76470,no_incendio,-5.397648721010737,-76.34314573163867
76484,incendio,-7.5886,-76.6483
76491,no_incendio,-5.533837838145786,-75.72558753064112
76500,incendio,-7.0163,-76.8992
76505,incendio,-6.2405,-76.3237
76513,no_incendio,-6.994018548876931,-77.44340810717631
76515,incendio,-7.7166,-76.5059
76519,incendio,-7.3009,-75.6011
76521,incendio,-6.9797,-76.9437
76537,no_incendio,-7.081124602285028,-76.06087878832324
76543,no_incendio,-6.378539891531966,-75.71550711436312
76548,no_incendio,-6.638936461882343,-76.98044793632914
76550,incendio,-7.508,-76.3685
76551,incendio,-7.2777,-76.299
76553,no_incendio,-7.587620813063947,-76.03285942876866
76556,no_incendio,-5.648091386764367,-76.0845405608189
76558,no_incendio,-5.692068833993068,-76.92243000249631
76562,no_incendio,-6.183798772159494,-75.95166434619192
76581,incendio,-6.6961,-76.7392
76587,no_incendio,-6.871712261045699,-76.6810612935972
76594,no_incendio,-6.212102855046136,-76.68622274401635
76596,incendio,-8.5732,-77.4183
76597,incendio,-7.4839,-76.4482
76602,no_incendio,-7.584063938890335,-77.08532363724217
76611,no_incendio,-6.5875457295775695,-76.60562453766775
76614,no_incendio,-6.645743757749571,-77.31611856562348
76617,no_incendio,-7.157163278516986,-76.9354632282693
76626,incendio,-6.838,-76.5567
76627,no_incendio,-5.932677032359028,-76.67039982026421
76632,incendio,-7.0154,-76.2027
76633,incendio,-7.1149,-76.9132
76634,no_incendio,-7.24803934210104,-76.82472284533478
76639,incendio,-6.6279,-75.6604
76655,incendio,-6.234,-76.134
76663,incendio,-5.9979,-75.8284
76673,incendio,-7.5114,-76.4527
76674,no_incendio,-6.129131664861193,-76.45649977733511
76677,incendio,-8.6496,-76.1194
76679,incendio,-6.6003,-76.7557
76680,no_incendio,-5.871823711573395,-77.09814467361281
76682,no_incendio,-5.928392145710498,-76.5403998802667
76685,no_incendio,-5.719203795161454,-76.0632701523621
76686,incendio,-6.3769,-75.7949
76696,no_incendio,-5.937825755560712,-77.54131014900841
76708,no_incendio,-7.4291899383099445,-76.99344952239323
76717,incendio,-5.8283,-75.8757
76720,incendio,-5.7707,-77.4096
76727,no_incendio,-5.67746740794027,-76.11677597680215
76736,no_incendio,-7.257184386198285,-77.16794482130089
76737,no_incendio,-7.147843120370421,-77.31448550971452
76747,incendio,-6.172,-75.9176
76753,incendio,-6.1291,-76.7676
76760,incendio,-6.2752,-77.7751
76765,incendio,-8.421,-76.4863
76769,incendio,-8.2956,-76.5465
76775,incendio,-6.6321,-76.7792
76781,incendio,-6.8479,-76.5492
76784,incendio,-7.5753,-76.6169
76812,no_incendio,-6.856923978483267,-76.96918980938075
76819,no_incendio,-6.965586863586331,-77.4440785223658
76822,no_incendio,-6.304617864281926,-76.60193669802109
76823,no_incendio,-7.238892730733428,-76.47459847040415
76838,no_incendio,-7.146199438472306,-75.63802434726938
76851,no_incendio,-5.846363398738161,-76.40526766705626
76853,incendio,-7.2893,-76.6003
76854,no_incendio,-5.873429262130088,-76.29994874270383
76867,no_incendio,-5.6819042694428346,-76.21370978152449
76877,incendio,-7.2758,-76.9394
76883,no_incendio,-6.580708866740203,-77.30463518466154
76885,no_incendio,-5.855822399079694,-75.69747959221154
76887,no_incendio,-6.319184567250436,-76.7615595241715
76888,incendio,-7.2578,-76.7208
76893,no_incendio,-6.727604587458214,-76.26589680418019
76898,no_incendio,-6.306399139576039,-77.35464424704278
76900,no_incendio,-5.67746740794027,-76.11677597680215
76904,incendio,-6.6951,-76.7507
76912,no_incendio,-7.1211989995442275,-77.24932556813594
76924,no_incendio,-5.826125398643272,-77.25978841596924
76931,no_incendio,-6.40519633681147,-77.40140623826653
76932,incendio,-6.8907,-76.3433
76934,incendio,-7.2242,-77.0634
76937,incendio,-6.6254,-76.6812
76942,no_incendio,-5.996065973339257,-76.13966106255965
76947,incendio,-7.1048,-76.0815
76948,incendio,-8.1251,-77.4759
76951,no_incendio,-5.531494331119256,-75.68693972870032
76953,no_incendio,-7.082226882888392,-75.74798202243628
76954,no_incendio,-7.327752780112304,-76.88582488471454
76956,no_incendio,-5.3088507793034125,-76.33692970134372
76957,incendio,-8.1749,-76.5891
76960,no_incendio,-5.3902001479588,-77.1291902290787
76961,incendio,-8.0604,-76.7144
76963,no_incendio,-5.99701125020352,-76.97976479165838
76970,no_incendio,-5.882916892819359,-76.86515934904114
76972,no_incendio,-5.394785578322833,-77.00358788486766
76984,incendio,-8.6483,-76.1095
76986,no_incendio,-6.319184567250436,-76.7615595241715
77003,no_incendio,-7.408503653357758,-76.24578800464187
77005,incendio,-7.9063,-76.711
77011,incendio,-8.6175,-77.5541
77013,no_incendio,-5.875159377973664,-77.1185525314163
77029,no_incendio,-6.22948269148436,-77.46060172999928
77030,no_incendio,-6.738442276906446,-76.26128977675305
77032,no_incendio,-6.618506694977619,-76.00213992327006
77036,no_incendio,-6.66812028796298,-76.15230026038583
77038,no_incendio,-5.559553740329016,-76.98206356543957
77044,no_incendio,-5.847773952672416,-76.45786537475786
77051,incendio,-7.2037,-76.3613
77054,no_incendio,-7.433764184828395,-76.19895087453514
77063,no_incendio,-7.454820191858604,-77.06390769959336
77064,no_incendio,-5.418336191471334,-77.27363994749886
77068,no_incendio,-5.450166959625918,-77.00835031536832
77069,no_incendio,-6.741440234624422,-77.09605125719467
77070,no_incendio,-7.474717173105087,-76.9435614717976
77077,no_incendio,-7.366259215797565,-77.34248619041158
77090,no_incendio,-7.351997452668049,-75.86863921087647
77102,no_incendio,-6.86128898258832,-76.74328169561169
77103,incendio,-5.3367,-76.7252
77106,no_incendio,-6.467420438436691,-76.19360941434292
77110,no_incendio,-6.960986438297525,-76.973990270216
77114,no_incendio,-6.899424280300874,-76.07403591805503
77132,no_incendio,-5.89795943446839,-76.15835756218627
77133,no_incendio,-6.756685989962618,-75.83002754028344
77136,no_incendio,-6.368662376296837,-77.03036089290791
77159,no_incendio,-7.278588939327885,-76.4943759510431
77161,no_incendio,-7.179164728014299,-77.26673458504925
77167,no_incendio,-5.817722164420606,-76.05024701906109
77169,no_incendio,-6.425556209293201,-75.70279330371295
77170,no_incendio,-7.149862558736682,-77.09989679523933
77192,incendio,-6.7402,-77.4208
77195,no_incendio,-7.083533851815549,-75.86202426996425
77198,no_incendio,-7.436110407887001,-75.68288184576566
77206,incendio,-7.5942,-76.6411
77216,incendio,-7.2239,-76.5182
77221,incendio,-5.9296,-76.3278
77222,incendio,-5.8148,-77.4293
77224,no_incendio,-5.4986752575716835,-76.99704879250469
77227,incendio,-7.5659,-76.7164
77228,incendio,-7.7116,-76.499
77232,incendio,-7.1669,-77.7896
77233,no_incendio,-7.217469611041255,-75.6059674027119
77234,incendio,-8.2915,-77.6497
77236,no_incendio,-6.466287697296756,-75.7075752786908
77246,no_incendio,-6.9422117979050695,-77.32253174388707
77256,incendio,-6.2281,-75.9696
77264,no_incendio,-5.911980434774437,-76.07407858450021
77271,no_incendio,-6.726508547372632,-75.8805912365982
77275,no_incendio,-5.469135651128677,-76.66584024328755
77280,incendio,-8.6984,-76.1315
77283,incendio,-6.0923,-75.7032
77292,incendio,-6.2463,-76.2909
77297,incendio,-7.0119,-76.394
77298,no_incendio,-7.3828581911388165,-75.8721549637632
77301,incendio,-6.7348,-76.6271
77304,incendio,-7.1699,-76.7335
77306,incendio,-7.1577,-77.0039
77321,incendio,-5.7388,-76.1178
77322,no_incendio,-6.599957493403006,-76.05770861085986
77325,incendio,-7.1081,-77.0399
77326,no_incendio,-5.525166300103762,-76.64412404917219
77329,no_incendio,-6.258662070362653,-76.50630572261905
77330,no_incendio,-6.092332930769818,-77.53250095731846
77336,incendio,-6.2465,-76.7835
77340,no_incendio,-6.311293975828189,-76.65790550589152
77350,no_incendio,-7.391395621025486,-76.825979662233
77351,no_incendio,-6.518152554514016,-75.5195810155841
77357,no_incendio,-6.94200325407077,-76.26001952788216
77362,no_incendio,-5.544342707790426,-75.8055721541421
77370,incendio,-5.903,-76.1181
77372,no_incendio,-6.606790602498376,-76.50679708602655
77375,no_incendio,-5.501045309864604,-77.33293151035834
77376,no_incendio,-5.41517785771272,-76.05115692097354
77377,incendio,-6.4938,-76.3567
77380,no_incendio,-7.195118276412429,-75.87773973651454
77384,no_incendio,-6.84710555088138,-75.520478621097
77386,incendio,-8.5374,-76.1937
77390,incendio,-8.5448,-75.6098
77394,no_incendio,-6.7738595150234,-76.75356063625604
77395,no_incendio,-6.190864426146802,-76.12967606406326
77400,no_incendio,-6.250766771982882,-76.67346707047133
77401,no_incendio,-5.926705485124891,-75.77709994653331
77402,no_incendio,-6.672836316039594,-77.21035813191263
77403,no_incendio,-5.863508615293079,-77.5457929030888
77407,no_incendio,-5.525519480392893,-76.3183975995799
77412,incendio,-7.2786,-76.4314
77414,no_incendio,-6.768246356022148,-77.34898684785115
77416,no_incendio,-5.933819847140226,-76.39063203845332
77418,no_incendio,-7.180456049019163,-77.4128118764767
77420,no_incendio,-5.369370124540203,-77.53041632467286
77424,incendio,-6.1886,-76.0476
77428,incendio,-7.8525,-76.6916
77434,incendio,-8.0969,-76.6526
77438,incendio,-7.5262,-76.429
77440,incendio,-6.4277,-76.5441
77443,no_incendio,-5.673007856969957,-76.8124122789181
77445,incendio,-6.2482,-75.9544
77455,incendio,-7.5333,-76.7913
77460,incendio,-8.0478,-76.6555
77462,no_incendio,-6.812854444766214,-76.31590409569822
77472,no_incendio,-6.535104750481092,-76.08251249993276
77473,incendio,-5.9432,-76.1509
77474,no_incendio,-6.463587748086062,-76.47146037727083
77492,no_incendio,-5.845552774346191,-76.31135197083327
77496,no_incendio,-6.0854129819425,-76.79698741171129
77512,incendio,-5.9374,-76.2582
77517,no_incendio,-5.572804894965716,-76.96734256320798
77518,incendio,-6.7017,-76.8247
77529,incendio,-6.1945,-76.0329
77531,no_incendio,-7.459387198765487,-76.32587223443953
77532,incendio,-8.1486,-76.4989
77533,no_incendio,-6.705665824489784,-75.86880266225904
77535,no_incendio,-5.733319617679441,-76.17295841826885
77541,no_incendio,-7.2237762907302,-75.57516855360699
77542,incendio,-8.6776,-76.8661
77549,no_incendio,-7.227645324559791,-75.66978466195862
77554,no_incendio,-7.200090625449649,-75.973583692229
77563,no_incendio,-6.730142477692188,-76.45478701398325
77568,incendio,-6.9112,-76.8659
77572,incendio,-5.8786,-76.3545
77583,incendio,-5.3593,-76.5546
77589,no_incendio,-5.472748128836409,-77.20935781294484
77607,no_incendio,-6.929766621277843,-76.9486595645204
77609,incendio,-6.3943,-75.9751
77614,incendio,-5.411,-76.8108
77620,no_incendio,-5.518901360296995,-75.83606862844933
77622,no_incendio,-6.8808047229850295,-76.28180482094469
77625,incendio,-8.3191,-76.4128
77627,no_incendio,-7.059198382146936,-75.77593999522976
77630,incendio,-6.9608,-76.932
77631,no_incendio,-6.58181358126526,-75.97994293561052
77632,incendio,-6.2442,-75.8007
77636,no_incendio,-6.555810705714814,-75.58765246403257
77640,incendio,-7.1004,-76.0477
77643,incendio,-8.6281,-76.3296
77644,incendio,-7.242,-77.0426
77651,no_incendio,-5.862678119407266,-76.8979972886448
77652,no_incendio,-6.4080436516823225,-77.02161843514952
77654,incendio,-7.2081,-76.2891
77670,incendio,-7.2301,-76.314
77682,no_incendio,-5.431391280919102,-75.58519659503115
77683,incendio,-6.965,-76.1393
77694,no_incendio,-5.807568980791382,-75.59957931060934
77703,no_incendio,-7.459387198765487,-76.32587223443953
77704,no_incendio,-6.09087742872903,-76.39432793529913
77712,no_incendio,-7.333242178068196,-76.42984929938181
77718,incendio,-6.744,-76.1566
77729,incendio,-6.1274,-75.9892
77732,incendio,-8.2813,-76.5693
77734,no_incendio,-5.802494877336548,-76.35132685190827
77735,no_incendio,-6.876747971648932,-77.24294547673294
77740,no_incendio,-7.06430285125658,-76.42921371383994
77743,incendio,-7.504,-76.3559
77745,no_incendio,-6.993239612195546,-76.80617132397158
77749,no_incendio,-6.6588540055381635,-76.3643446123623
77763,no_incendio,-7.377051275028038,-75.93975534182488
77768,incendio,-8.0658,-76.6625
77772,incendio,-6.5393,-76.4126
77774,no_incendio,-5.715242133239665,-75.6692049037983
77775,incendio,-7.1433,-76.8625
77786,incendio,-6.9266,-76.267
77790,incendio,-7.1807,-76.8673
77793,no_incendio,-5.628009588205993,-76.65354056984353
77805,incendio,-8.683,-76.3448
77811,incendio,-7.5347,-76.5888
77812,incendio,-5.9688,-76.3035
77824,incendio,-8.4327,-77.709
77827,no_incendio,-7.18387555277713,-76.55534207208011
77829,incendio,-7.0248,-76.7989
77853,no_incendio,-7.500619459820059,-77.36318050509186
77855,no_incendio,-7.098978961723795,-76.16251434543014
77862,incendio,-6.5064,-76.7915
77872,no_incendio,-7.4291899383099445,-76.99344952239323
77882,incendio,-6.9861,-76.2414
77883,no_incendio,-6.965586863586331,-77.4440785223658
77889,no_incendio,-5.721753234372427,-77.04300744557013
77892,no_incendio,-6.257364517477317,-77.24088667621311
77918,incendio,-7.3156,-76.5393
77920,incendio,-6.7952,-76.4304
77924,incendio,-8.0569,-77.7023
77926,no_incendio,-5.525473635438348,-76.97243620940135
77927,no_incendio,-5.829668681149241,-76.34423254304822
77929,no_incendio,-5.403821247036303,-76.32388095777216
77933,no_incendio,-5.424572995842199,-76.6735765187215
77936,no_incendio,-7.010242517235748,-76.48324440357516
77945,incendio,-7.9612,-76.7146
77949,incendio,-7.2313,-76.3058
77950,incendio,-5.3568,-76.7777
77953,no_incendio,-5.55191314269425,-76.59129090689653
77955,no_incendio,-7.412957121399091,-77.21617404571616
77957,no_incendio,-5.370065008448104,-77.20634043748042
77962,no_incendio,-6.425556209293201,-75.70279330371295
77967,incendio,-6.2455,-77.7991
77975,no_incendio,-7.306661299403648,-77.35299757529853
77983,no_incendio,-6.6046403916429695,-76.28478273774354
78014,incendio,-5.79,-76.4804
78017,incendio,-7.7704,-77.7423
78025,incendio,-7.4063,-76.7191
78031,no_incendio,-7.082226882888392,-75.74798202243628
78048,no_incendio,-7.415686202537784,-75.85189468645096
78052,no_incendio,-6.482952600752266,-75.66603340235945
78054,incendio,-6.9769,-76.1433
78056,incendio,-7.0609,-76.7948
78063,no_incendio,-7.391395621025486,-76.825979662233
78070,incendio,-7.2638,-76.4371
78074,no_incendio,-7.392389482278091,-76.3604718116053
78076,incendio,-6.0851,-75.7962
78077,no_incendio,-5.382544750033527,-75.77853597502654
78079,incendio,-8.6227,-76.6141
78091,incendio,-6.1897,-76.047
78094,no_incendio,-6.394447416910339,-77.43791713673666
78107,no_incendio,-6.7183540623229865,-77.22771131243218
78113,incendio,-8.4266,-77.7921
78115,no_incendio,-5.49005851410074,-77.39191865885853
78118,incendio,-8.6756,-76.8591
78131,incendio,-7.5051,-76.3591
78141,incendio,-6.129,-75.6995
78143,no_incendio,-5.693256209324268,-76.57722873694159
78144,no_incendio,-7.124827279927048,-76.79852328354966
78145,no_incendio,-6.726577938090313,-76.92865414529734
78170,no_incendio,-6.928184042805378,-76.77151382737259
78174,no_incendio,-6.575273134907994,-75.71241319767115
78184,incendio,-7.1773,-76.8121
78196,no_incendio,-6.113994500362599,-76.09851389136325
78208,incendio,-7.4943,-76.5269
78228,incendio,-6.9536,-76.5171
78235,no_incendio,-5.519172911219698,-76.89133916809088
78237,no_incendio,-7.126729071613174,-77.02628949920283
78249,incendio,-8.2904,-76.4235
78258,incendio,-8.6745,-76.9374
78261,incendio,-8.5276,-77.6869
78267,incendio,-7.2538,-76.7164
78272,incendio,-7.2452,-76.2513
78273,no_incendio,-5.337639267388661,-76.79635411817596
78278,no_incendio,-7.181016545835497,-77.14662187463146
78279,incendio,-5.7435,-75.968
78282,no_incendio,-6.86128898258832,-76.74328169561169
78286,no_incendio,-5.364004538303699,-76.51587462337326
78291,no_incendio,-7.000863457307533,-75.58957693762711
78309,incendio,-7.0236,-76.6044
78333,incendio,-5.9599,-76.3484
78339,incendio,-7.295,-76.3437
78340,incendio,-6.0206,-75.6992
78352,no_incendio,-5.668562711065817,-75.61105576661728
78353,incendio,-5.9999,-75.8243
78358,incendio,-6.1388,-77.064
78379,no_incendio,-5.869842375317225,-75.95286206170579
78385,no_incendio,-6.043030962073811,-76.47604236953148
78387,no_incendio,-6.741427767846081,-75.52300413513564
78388,no_incendio,-5.977893876843185,-76.20383698117358
78392,no_incendio,-7.199216978961617,-75.9477990392911
78397,no_incendio,-7.192676000546934,-77.13476748134192
78399,no_incendio,-6.7528370184185675,-75.79463738047077
78408,no_incendio,-6.250766771982882,-76.67346707047133
78415,no_incendio,-5.451709663906019,-76.0834165906866
78421,no_incendio,-7.464502353788052,-77.51392837949253
78427,incendio,-5.8968,-76.1235
78430,incendio,-8.4436,-77.2217
78442,incendio,-5.9232,-76.4207
78443,incendio,-7.5567,-77.5312
78446,incendio,-6.2619,-76.8093
78447,incendio,-6.9302,-76.7119
78456,incendio,-7.1564,-76.935
78457,incendio,-5.8507,-77.2107
78459,incendio,-6.8303,-76.687
78477,incendio,-7.0779,-76.5079
78480,incendio,-8.4721,-76.3424
78485,incendio,-6.5041,-76.8223
78487,incendio,-6.7282,-76.7295
78488,no_incendio,-6.973841653653549,-76.58656432123784
78494,no_incendio,-5.6492373233613264,-76.13173612706044
78510,incendio,-6.4713,-75.7763
78511,incendio,-7.0913,-76.8748
78515,no_incendio,-6.645538690996345,-76.24231505313135
78517,no_incendio,-7.158262650594558,-76.17139715257736
78519,no_incendio,-5.335389403596253,-76.01475499828726
78523,incendio,-6.1529,-76.1481
78530,incendio,-7.346,-76.7603
78532,no_incendio,-6.991300272279587,-76.75580323161067
78535,no_incendio,-6.884683844966387,-77.48590774056447
78541,incendio,-6.5019,-76.4552
78544,incendio,-5.7805,-77.0465
78546,no_incendio,-6.41045269770062,-76.39156709032302
78548,no_incendio,-7.381225768944467,-76.16930082038664
78578,incendio,-7.7241,-76.7525
78579,incendio,-6.5705,-75.635
78598,no_incendio,-5.940833223348477,-76.76215332326328
78604,no_incendio,-6.3805177741503645,-77.07356874423562
78605,no_incendio,-6.193641518737963,-75.9541835583981
78616,no_incendio,-5.7158112857010535,-77.38243423840477
78625,no_incendio,-6.691674214621824,-77.20756079690301
78626,no_incendio,-5.881820929193948,-76.58450370780717
78629,incendio,-7.6032,-76.3985
78652,incendio,-7.607,-76.4999
78654,incendio,-7.6313,-76.688
78661,incendio,-7.2809,-76.8283
78662,incendio,-6.8285,-76.4847
78663,incendio,-7.3195,-77.7071
78665,incendio,-8.1423,-76.6638
78667,incendio,-7.1044,-77.7447
78672,no_incendio,-6.370500555903968,-77.21187079190732
78673,incendio,-6.924,-76.6228
78684,no_incendio,-6.114431837075887,-77.3791914454974
78685,incendio,-7.9251,-76.8313
78690,incendio,-8.2888,-76.5822
78696,no_incendio,-6.352348321356028,-75.59610164326816
78698,no_incendio,-6.107287203943645,-77.4216594793923
78700,no_incendio,-6.328050055589178,-77.0850887708193
78701,incendio,-5.3324,-76.4518
78703,incendio,-6.2089,-76.0989
78707,incendio,-7.109,-76.7928
78716,no_incendio,-6.061127541678445,-77.3300358732125
78731,incendio,-6.6036,-76.1269
78736,incendio,-7.4788,-76.3935
78738,no_incendio,-7.562840840503951,-75.66286053205432
78741,no_incendio,-6.157983789056771,-76.91942166932327
78747,incendio,-6.4919,-75.7445
78750,incendio,-6.6731,-77.3219
78752,no_incendio,-5.83397648887431,-77.22981106334638
78754,incendio,-6.9526,-76.5611
78755,incendio,-6.6867,-76.886
78759,incendio,-6.8609,-76.4054
78764,no_incendio,-6.4156514594615395,-77.50323228806793
78771,incendio,-6.8737,-76.3468
78778,no_incendio,-7.414688922024766,-76.2476866383002
78782,incendio,-6.2353,-76.1364
78784,no_incendio,-7.43096053916798,-75.91112977240851
78798,incendio,-7.0161,-76.8389
78803,no_incendio,-7.292464300747621,-76.5588244421564
78808,no_incendio,-5.936332555331325,-76.83179580754164
78816,incendio,-6.7013,-76.3158
78817,no_incendio,-5.559447141003816,-77.53240429845073
78824,incendio,-6.7245,-76.8388
78831,no_incendio,-6.003436470117687,-77.4174804711691
78843,incendio,-5.9434,-77.1503
78845,incendio,-7.231,-76.8362
78852,incendio,-5.7461,-76.3952
78854,no_incendio,-5.851710851525425,-77.43871611391367
78858,no_incendio,-7.225892265359727,-76.0093087691897
78875,incendio,-7.2411,-77.0604
78877,incendio,-7.4584,-76.6704
78882,incendio,-7.5749,-76.8149
78893,no_incendio,-6.4985912391976255,-76.97886285295857
78902,no_incendio,-6.061671698446887,-76.35844064270319
78903,no_incendio,-7.518549043794622,-77.46918278069812
78911,no_incendio,-7.598815481458372,-76.55352785980209
78913,no_incendio,-5.39776817495506,-77.21180440723553
78915,no_incendio,-6.880264689541971,-77.33984954598883
78917,incendio,-6.0557,-76.326
78921,incendio,-6.1162,-77.0351
78922,no_incendio,-6.4548358961700885,-76.10226827896288
78939,no_incendio,-6.338883523616399,-76.67237416346605
78940,no_incendio,-7.517938460168555,-75.88430182253087
78942,no_incendio,-7.560257578514154,-75.8825568546828
78947,no_incendio,-6.006937780860308,-77.45432250461575
78954,no_incendio,-5.592210809875936,-75.85957552026237
78959,no_incendio,-6.976092489979531,-77.35059361204593
78964,incendio,-6.4827,-75.7626
78974,no_incendio,-6.819960436835468,-75.76204305997081
78975,incendio,-6.107,-76.7645
78980,no_incendio,-6.890502660955485,-77.28521359628384
78986,incendio,-8.7085,-76.3965
78990,no_incendio,-6.322518329995495,-75.91309952295535
79006,no_incendio,-6.400301881628301,-77.5201604762096
79007,incendio,-5.8331,-76.0679
79012,no_incendio,-5.888892522225688,-76.77144344906966
79014,incendio,-5.8854,-77.2102
79020,incendio,-6.3922,-76.6467
79021,no_incendio,-5.798251230559933,-76.03303003317315
79022,no_incendio,-6.367884072608207,-76.17501426406548
79025,no_incendio,-6.219703521684984,-76.92758051251145
79027,no_incendio,-6.068535480190217,-76.55604968607116
79029,incendio,-8.2242,-76.4349
79038,incendio,-6.037,-75.9507
79041,no_incendio,-6.3028561898427915,-76.27802291650278
79046,no_incendio,-7.036643028375762,-75.60012732289076
79047,no_incendio,-6.2701925367746005,-76.81498053088146
79065,no_incendio,-5.875159377973664,-77.1185525314163
79067,no_incendio,-6.163392021425101,-76.6587242460342
79068,incendio,-6.7376,-76.3943
79084,incendio,-5.7115,-76.3147
79085,no_incendio,-6.003436470117687,-77.4174804711691
79091,incendio,-8.1907,-76.5145
79092,no_incendio,-5.704328166594409,-76.92480673286192
79093,incendio,-5.996,-77.2026
79095,no_incendio,-6.24016797795497,-75.64844512243143
79098,no_incendio,-5.525473635438348,-76.97243620940135
79106,incendio,-5.8386,-76.2146
79111,no_incendio,-7.180456049019163,-77.4128118764767
79121,incendio,-7.1429,-77.0799
79123,incendio,-6.3404,-75.705
79125,incendio,-5.6919,-76.168
79128,no_incendio,-6.026656147123168,-76.76469510540855
79132,incendio,-6.0236,-76.8547
79137,no_incendio,-6.397916753583541,-76.88339705526924
79138,no_incendio,-5.952502510545931,-77.35100051203952
79141,incendio,-6.3256,-75.8782
79144,incendio,-6.1981,-75.8994
79145,incendio,-5.8236,-76.2051
79148,no_incendio,-5.765833579415168,-76.48980976364362
79153,incendio,-5.7796,-76.1857
79161,no_incendio,-6.718454996800395,-75.59317309755335
79164,incendio,-8.6939,-76.365
79167,no_incendio,-5.885065132570478,-75.64334405460914
79175,incendio,-8.0892,-76.8091
79185,no_incendio,-6.693645231607011,-77.00083886723358
79191,incendio,-7.3746,-76.4325
79192,no_incendio,-6.124908546496211,-75.75141276131208
79193,no_incendio,-6.1029066882194485,-77.35334666324442
79195,incendio,-6.8685,-76.9261
79201,incendio,-8.2121,-76.9693
79209,no_incendio,-7.083533851815549,-75.86202426996425
79212,no_incendio,-6.269160672028454,-77.26185240867942
79216,incendio,-5.3111,-75.7489
79217,no_incendio,-5.388800568828812,-75.76427198080877
79219,incendio,-7.2719,-76.0949
79222,incendio,-7.4521,-76.5452
79224,incendio,-7.4143,-76.708
79229,incendio,-7.7321,-76.5042
79233,incendio,-6.4895,-76.3737
79234,incendio,-7.5951,-76.5273
79240,incendio,-6.2372,-77.7584
79247,no_incendio,-5.913444133925558,-76.54061399484421
79251,no_incendio,-7.5699592193140015,-75.58526155924636
79259,incendio,-8.0607,-76.7002
79277,incendio,-7.3601,-76.4995
79282,incendio,-8.7044,-76.3371
79284,incendio,-8.5405,-76.3904
79294,no_incendio,-6.1290157028955905,-75.56386178427238
79295,incendio,-7.1052,-76.221
79299,no_incendio,-6.391692174987462,-77.10791126635735
79303,incendio,-6.3052,-75.8338
79306,no_incendio,-6.23470396402255,-76.94332145347941
79308,no_incendio,-7.3680402233360685,-75.9380390323052
79314,no_incendio,-7.117688925300616,-76.79094679252412
79319,no_incendio,-7.3664786483523805,-76.23130655990323
79325,incendio,-5.7715,-76.5277
79333,no_incendio,-7.432415046086705,-75.62170917666255
79342,incendio,-6.606,-76.7121
79345,incendio,-5.849,-77.0789
79347,incendio,-5.9908,-75.7956
79355,incendio,-8.2277,-76.59
79357,no_incendio,-5.31179064282697,-75.78618195501585
79359,incendio,-6.4944,-76.3665
79365,no_incendio,-6.9303848627730344,-77.0665622069992
79366,no_incendio,-7.146199438472306,-75.63802434726938
79369,no_incendio,-7.241586175081285,-75.60658029783822
79370,no_incendio,-6.5096234782459765,-76.05722709745423
79381,no_incendio,-7.143300333347583,-76.01076815200116
79383,incendio,-7.3223,-76.3291
79389,no_incendio,-6.594872736761388,-76.81244710228094
79391,incendio,-7.2585,-77.5785
79395,incendio,-6.7463,-76.6087
79396,no_incendio,-5.326609511462546,-75.7438155508771
79406,no_incendio,-5.636338028013915,-75.57133657890496
79408,incendio,-5.5086,-76.6174
79412,no_incendio,-6.6308882191110055,-76.3915553322726
79421,incendio,-7.3658,-76.732
79431,incendio,-6.8241,-76.8931
79432,incendio,-8.472,-76.3504
79433,incendio,-7.2181,-76.3103
79440,incendio,-5.6712,-76.2018
79444,no_incendio,-6.806897768294474,-76.17637549858149
79445,incendio,-6.6884,-76.6949
79447,no_incendio,-5.6897437871119,-77.10615819747757
79448,incendio,-8.3374,-76.7511
79450,no_incendio,-6.000913642665956,-77.14500157376662
79456,incendio,-6.4021,-75.8288
79457,incendio,-7.973,-76.6491
79460,incendio,-7.3949,-76.5785
79463,incendio,-6.1714,-76.2012
79464,no_incendio,-6.190431376100011,-77.10696325685771
79468,no_incendio,-6.599702785570768,-77.42370077864948
79469,no_incendio,-6.763422719650261,-75.74420107703415
79470,no_incendio,-7.449590892373755,-76.60010791486725
79480,incendio,-6.4593,-76.6602
79483,incendio,-7.4812,-76.3832
79487,incendio,-7.5767,-76.4623
79488,incendio,-5.8479,-76.3083
79490,no_incendio,-7.322683908671553,-75.62004317838583
79492,incendio,-7.1268,-76.3342
79497,incendio,-8.673,-76.6873
79506,incendio,-7.1275,-77.0623
79510,incendio,-5.8928,-76.3333
79512,no_incendio,-5.818727365285151,-76.86751655981939
79516,no_incendio,-5.631534863423365,-75.5444078955286
79519,incendio,-7.0364,-76.8649
79520,no_incendio,-6.702659611656615,-77.00358407805038
79530,no_incendio,-5.618910457397299,-76.39046295133087
79535,no_incendio,-6.976092489979531,-77.35059361204593
79536,incendio,-6.0314,-75.9479
79540,incendio,-6.2894,-75.8009
79543,incendio,-6.4912,-76.3705
79551,incendio,-7.3335,-76.7945
79553,incendio,-7.4752,-76.5821
79555,no_incendio,-5.849268078249962,-76.0787263818459
79559,no_incendio,-5.3860874889168056,-76.83704410013208
79561,incendio,-7.3242,-76.961
79565,incendio,-8.5864,-76.3986
79568,incendio,-7.1756,-76.2047
79571,no_incendio,-7.2086548700460105,-76.60794035176814
79573,incendio,-6.2053,-75.6621
79575,no_incendio,-7.371926664770868,-77.38249391708561
79587,incendio,-6.7269,-76.7982
79588,incendio,-5.8519,-75.9242
79615,no_incendio,-5.5084858154243905,-75.90684850496002
79616,no_incendio,-5.882379700992915,-75.5521215473338
79623,no_incendio,-5.763649060823176,-76.26292282199367
79624,no_incendio,-6.107287203943645,-77.4216594793923
79629,no_incendio,-5.618133364002661,-76.2191295091602
79631,incendio,-8.4323,-76.3672
79634,no_incendio,-5.437451651862052,-75.53119555354411
79640,incendio,-8.1645,-77.0716
79643,incendio,-5.813,-76.0032
79644,no_incendio,-7.291269329879484,-76.54650698845496
79656,no_incendio,-5.952502510545931,-77.35100051203952
79658,no_incendio,-6.536547874138972,-77.31298293788737
79665,incendio,-7.0457,-76.5999
79668,incendio,-6.2584,-75.8315
79670,no_incendio,-6.762864710659274,-76.8037089986203
79672,no_incendio,-5.719448744498719,-77.23298516632254
79678,no_incendio,-6.080706501829642,-77.17715903994046
79684,incendio,-8.5795,-76.0999
79695,incendio,-8.4505,-76.3018
79696,incendio,-8.4154,-76.2614
79698,incendio,-7.0742,-76.285
79703,no_incendio,-6.331589003630742,-76.77579913568411
79708,no_incendio,-6.258662070362653,-76.50630572261905
79709,no_incendio,-7.597875070160168,-76.24368895263702
79711,incendio,-8.7773,-76.3133
79718,incendio,-7.4383,-76.5936
79720,no_incendio,-5.576401103022335,-75.65589793985158
79730,no_incendio,-5.783942671800878,-75.80670959767819
79733,no_incendio,-6.923574495814878,-76.96137100911855
79736,incendio,-6.5337,-77.4214
79739,no_incendio,-7.139277657699614,-76.6688585627755
79742,no_incendio,-6.5564240987934905,-76.79797957202473
79744,no_incendio,-6.097161064451766,-76.22638691915272
79753,incendio,-6.7932,-76.4876
79760,incendio,-7.4343,-76.5676
79761,incendio,-8.5072,-75.5808
79764,incendio,-6.0464,-76.3187
79786,no_incendio,-7.201796098982287,-75.59066106327278
79797,no_incendio,-6.847838156918014,-76.65972952352969
79803,no_incendio,-6.8812608532922095,-77.14870823308875
79806,no_incendio,-5.6011690570737915,-76.70090683859456
79815,no_incendio,-7.413823551899182,-76.79124540072256
79817,no_incendio,-6.851922134143454,-76.90818662457491
79818,no_incendio,-7.279073350966451,-75.53370306812118
79819,no_incendio,-7.190259524857835,-76.68608585816432
79820,no_incendio,-5.339033958369073,-76.08006911213882
79821,incendio,-6.3318,-76.6724
79825,no_incendio,-7.308376267427788,-75.72020744008876
79828,no_incendio,-6.525390337428589,-76.47559277816393
79834,no_incendio,-7.465611055003252,-76.84521972476566
79842,incendio,-7.2328,-76.7526
79845,no_incendio,-5.6727531578346015,-77.41986068936593
79850,incendio,-8.5079,-76.1877
79851,incendio,-5.7578,-76.4129
79857,incendio,-7.1525,-76.9841
79859,incendio,-6.6149,-76.7334
79863,no_incendio,-5.906180880379202,-75.93802228835084
79865,no_incendio,-6.140503448389999,-75.89152757203433
79879,incendio,-7.1633,-76.4128
79886,incendio,-5.9286,-76.4478
79887,no_incendio,-7.597875070160168,-76.24368895263702
79905,incendio,-8.191,-76.5205
79911,no_incendio,-6.931342706605391,-77.24005682830844
79916,incendio,-7.008,-76.4829
79920,incendio,-8.5838,-76.3904
79923,no_incendio,-6.758060268510353,-77.51884776551792
79927,incendio,-8.3265,-76.5599
79932,no_incendio,-6.75147932991093,-77.49824320852836
79934,incendio,-6.2319,-76.254
79940,incendio,-8.6752,-76.0982
79947,incendio,-6.1481,-77.0228
79952,no_incendio,-5.7103480025675015,-77.41410373684516
79955,incendio,-5.766,-76.5349
79956,no_incendio,-7.418524326808485,-76.32670813744515
79963,incendio,-5.8595,-76.3426
79967,incendio,-6.0957,-76.2363
79977,no_incendio,-6.929511458644296,-75.83962565372784
79978,incendio,-7.4831,-76.5139
79979,no_incendio,-6.2701925367746005,-76.81498053088146
79984,incendio,-8.4345,-77.3029
79986,no_incendio,-7.510787208532104,-75.93881161563174
79994,no_incendio,-6.4643629782720495,-76.22804730377794
79998,incendio,-6.3864,-76.5572
80011,incendio,-6.5546,-75.7596
80015,incendio,-6.4875,-76.7917
80023,incendio,-6.7401,-77.3345
80024,no_incendio,-7.2086548700460105,-76.60794035176814
80046,no_incendio,-5.5941151159540015,-75.60783919102062
80051,no_incendio,-7.108956430874631,-75.5028524515191
80061,incendio,-5.74,-75.9692
80063,incendio,-5.8874,-76.1195
80071,incendio,-6.9821,-76.0919
80074,incendio,-5.7631,-76.629
80076,incendio,-6.9838,-76.567
80080,incendio,-7.265,-76.8352
80086,no_incendio,-5.87076697965016,-76.32402567938676
80087,incendio,-7.4174,-77.6911
80088,incendio,-6.4411,-76.5178
80090,incendio,-7.4425,-76.4639
80093,incendio,-5.9,-75.9815
80094,no_incendio,-5.918920403880599,-75.94938972977876
80100,incendio,-6.5487,-76.7672
80112,incendio,-5.7542,-76.2067
80113,no_incendio,-6.3431574963922905,-76.8897013975212
80121,no_incendio,-5.984669195028871,-76.49551058575585
80124,incendio,-6.9266,-76.9134
80130,no_incendio,-7.132478183195441,-76.65634588857769
80131,incendio,-6.8239,-76.8013
80136,no_incendio,-5.9638581047952375,-75.97775046224217
80141,incendio,-6.8766,-76.9434
80157,incendio,-7.0837,-76.6977
80164,incendio,-5.7106,-76.4581
80166,incendio,-6.9595,-76.6915
80177,no_incendio,-5.941437702339227,-76.71661667859928
80181,incendio,-6.594,-76.7087
80194,no_incendio,-7.496239899438951,-76.29662903245722
80198,incendio,-7.4255,-77.5845
80208,incendio,-7.4369,-76.6286
80210,incendio,-5.7301,-75.6991
80213,no_incendio,-7.5993037570991975,-77.49364640835546
80219,no_incendio,-6.822682837524565,-76.01658832939721
80220,no_incendio,-7.250518418431454,-77.39731384590523
80226,incendio,-7.0749,-77.0656
80230,incendio,-5.9245,-75.7429
80232,incendio,-7.4033,-77.6654
80234,incendio,-7.1018,-76.0654
80236,no_incendio,-5.867914432983562,-76.93835853406706
80240,incendio,-8.5788,-76.3912
80246,incendio,-8.4461,-76.2026
80256,no_incendio,-7.233369543625463,-75.83176043083628
80257,incendio,-8.4839,-76.2135
80274,incendio,-8.5121,-76.414
80280,no_incendio,-6.521871195981789,-77.46615975017302
80283,no_incendio,-7.342552043846658,-77.45073212658029
80284,incendio,-6.7885,-76.8061
80289,no_incendio,-6.9398975097013755,-76.27516039033146
80290,no_incendio,-5.369357026240305,-77.2031702822179
80299,no_incendio,-5.659847709526774,-75.83935663792408
80310,no_incendio,-5.592011294671137,-75.99975689195666
80313,incendio,-7.1393,-77.1031
80321,incendio,-7.4639,-76.5614
80328,incendio,-8.289,-76.4357
80332,incendio,-6.7352,-76.675
80344,incendio,-8.6214,-76.6237
80350,no_incendio,-7.448422790645704,-75.84545299813023
80358,incendio,-7.5603,-76.6223
80364,incendio,-6.0734,-75.8242
80367,incendio,-6.5895,-75.6496
80369,incendio,-7.1649,-76.283
80376,incendio,-6.8008,-76.6779
80389,no_incendio,-6.890502660955485,-77.28521359628384
80392,incendio,-8.7687,-75.5415
80393,no_incendio,-7.306661299403648,-77.35299757529853
80394,no_incendio,-6.461789384490803,-77.24534969872819
80400,incendio,-6.8135,-76.5417
80401,no_incendio,-6.1419091354730675,-76.8668930112328
80402,no_incendio,-6.8053340000464315,-76.39338208242373
80403,no_incendio,-6.470561948843736,-76.94393330664495
80405,incendio,-6.6437,-76.4521
80417,incendio,-6.2883,-76.6781
80423,no_incendio,-5.493534251624167,-76.05824936892388
80438,no_incendio,-7.2386843016197115,-75.95361045134824
80439,no_incendio,-6.7183540623229865,-77.22771131243218
80442,no_incendio,-7.292676783205119,-75.82456526450503
80451,incendio,-5.9415,-77.3064
80459,incendio,-7.1027,-76.3016
80464,incendio,-7.8036,-76.7352
80474,no_incendio,-5.733857068651538,-76.80904901377532
80475,incendio,-7.1682,-76.3125
80479,incendio,-8.5736,-76.59
80488,no_incendio,-5.966007765722613,-76.02339603474364
80503,no_incendio,-5.364143829036743,-76.95415482559467
80507,no_incendio,-7.298951884711561,-75.8714337322258
80511,no_incendio,-5.343847653580683,-76.19643132056173
80512,incendio,-8.7318,-76.7597
80518,incendio,-5.6317,-76.6799
80522,no_incendio,-6.426707190480592,-75.93955631582219
80529,incendio,-7.1234,-76.1534
80538,no_incendio,-6.543469703142076,-77.05698988429933
80540,no_incendio,-7.377051275028038,-75.93975534182488
80543,no_incendio,-6.599702785570768,-77.42370077864948
80544,no_incendio,-6.58181358126526,-75.97994293561052
80547,no_incendio,-5.62794321017974,-76.97851232659868
80552,incendio,-6.9574,-76.5541
80559,no_incendio,-6.360714337530349,-76.51313445356357
80560,incendio,-5.9092,-76.4242
80578,incendio,-7.2597,-76.7717
80581,incendio,-6.7349,-76.8185
80583,incendio,-6.1728,-76.1703
80588,incendio,-6.1936,-76.216
80595,incendio,-6.7917,-76.4097
80605,incendio,-7.5817,-76.516
80611,no_incendio,-6.905014878753814,-76.49698867319515
80613,no_incendio,-5.418336191471334,-77.27363994749886
80614,no_incendio,-6.797266617151564,-77.33130374727055
80622,no_incendio,-7.340268369426515,-77.43400024997341
80628,incendio,-7.0209,-76.1107
80630,incendio,-8.3209,-76.4011
80636,incendio,-6.5065,-76.4362
80641,incendio,-7.6236,-76.5467
80643,incendio,-8.1502,-77.5958
80647,incendio,-6.6658,-77.4751
80649,no_incendio,-6.607438503581988,-77.25629846979227
80650,incendio,-6.6753,-76.5233
80656,no_incendio,-5.67746740794027,-76.11677597680215
80666,no_incendio,-5.767577808825913,-75.75625284767814
80668,incendio,-7.0624,-76.8276
80670,incendio,-6.8056,-76.6148
80671,no_incendio,-6.331589003630742,-76.77579913568411
80678,incendio,-7.1745,-76.8935
80681,incendio,-8.7893,-76.9999
80714,no_incendio,-7.388452210624765,-77.20638603731945
80715,no_incendio,-6.046941056590012,-76.4497684025493
80722,no_incendio,-7.500619459820059,-77.36318050509186
80731,incendio,-5.6613,-76.2032
80736,incendio,-7.155,-76.8538
80737,no_incendio,-6.122720954624869,-76.9879603704079
80740,incendio,-7.2803,-77.7519
80741,no_incendio,-6.875442125514737,-76.55018813227439
80748,incendio,-6.6054,-75.642
80762,incendio,-6.827,-76.4994
80770,no_incendio,-7.142345675518539,-77.26966785367183
80772,incendio,-6.0696,-76.0143
80774,no_incendio,-7.038481344593258,-77.380855509791
80788,no_incendio,-6.0889717541826,-76.72492959412638
80799,no_incendio,-5.809070578757959,-75.92077418660742
80802,no_incendio,-6.2888093914419265,-77.49498781950011
80809,incendio,-6.5249,-76.5537
80822,no_incendio,-6.0457356441581505,-76.76564488218803
80824,no_incendio,-6.801666192426729,-76.32704638741743
80829,incendio,-7.822,-76.747
80831,no_incendio,-6.684698936601428,-75.64362761188839
80840,incendio,-6.0465,-76.1436
80843,incendio,-8.5904,-76.1433
80849,incendio,-5.9533,-76.3989
80850,no_incendio,-6.982455617549805,-76.38860618436227
80851,no_incendio,-5.366911069115064,-77.28733600522496
80853,no_incendio,-6.1628423736617925,-77.33214012724629
80855,no_incendio,-6.061679877354346,-76.10414263000189
80856,no_incendio,-7.241496994972613,-76.72736472676876
80858,no_incendio,-7.269040165613338,-76.9103123983766
80866,no_incendio,-6.156050459707027,-75.66218917207854
80875,no_incendio,-6.227801736418022,-76.3562846673644
80881,no_incendio,-5.380924923914102,-76.12851157268119
80884,incendio,-5.8557,-76.0037
80886,incendio,-6.8082,-76.4239
80901,no_incendio,-7.5348116135080625,-76.04270078901092
80903,incendio,-7.3983,-76.8323
80910,incendio,-8.3796,-76.2533
80911,incendio,-7.5701,-76.4153
80914,incendio,-6.9161,-76.3504
80915,incendio,-8.5365,-76.7713
80919,incendio,-7.1407,-76.221
80935,incendio,-5.8387,-75.8716
80938,no_incendio,-7.480945740497024,-75.88131487548965
80940,incendio,-7.1697,-76.0368
80941,no_incendio,-7.459517004149713,-75.65348895495933
80958,no_incendio,-5.636338028013915,-75.57133657890496
80963,no_incendio,-5.393926083579098,-77.3710588373999
80968,no_incendio,-6.607438503581988,-77.25629846979227
80973,incendio,-8.2981,-76.5801
80978,incendio,-7.414,-77.6703
80981,incendio,-6.5504,-75.688
80982,no_incendio,-5.797671068529707,-76.36918688461087
80990,no_incendio,-7.099688871826168,-75.91020418997267
81006,incendio,-6.3455,-76.0011
81018,incendio,-7.3424,-76.9128
81019,no_incendio,-6.9338065388714725,-77.51645275784907
81023,no_incendio,-6.701934945529236,-77.46493186657752
81030,incendio,-7.3276,-76.7055
81032,no_incendio,-5.826125398643272,-77.25978841596924
81037,no_incendio,-5.504024274503536,-76.47223087280436
81038,incendio,-7.3751,-76.8643
81041,no_incendio,-6.042014186508827,-75.97046946062136
81047,no_incendio,-6.48340164417584,-76.67965578486029
81051,incendio,-7.4161,-76.8563
81061,no_incendio,-6.309912628737243,-75.57235857764702
81063,no_incendio,-6.097161064451766,-76.22638691915272
81065,incendio,-7.6854,-76.4693
81068,incendio,-6.6984,-77.2856
81072,no_incendio,-7.588515859914238,-76.24969046906399
81075,incendio,-6.5018,-77.4593
81077,incendio,-7.5942,-76.4079
81082,incendio,-7.0486,-76.84
81083,incendio,-8.0176,-76.7157
81098,no_incendio,-6.224512205373936,-77.14720066928672
81100,incendio,-7.3142,-76.5459
81103,no_incendio,-6.5631659761878876,-77.17426169429598
81109,incendio,-7.3129,-75.5331
81114,no_incendio,-6.040209440060914,-75.6194334979568
81116,no_incendio,-6.660380391800162,-76.4974881056194
81124,no_incendio,-6.788644402631232,-76.08655221338569
81132,no_incendio,-7.462272976116109,-77.0484423984109
81145,incendio,-8.4923,-76.462
81148,incendio,-7.6862,-76.6746
81150,incendio,-7.6087,-76.6473
81152,incendio,-5.7589,-76.1998
81156,incendio,-8.3858,-76.2629
81158,incendio,-7.4454,-76.6185
81168,no_incendio,-7.183923927473843,-76.41258057222892
81172,incendio,-6.2623,-76.0328
81174,no_incendio,-6.9560251993392335,-75.65244127896328
81179,incendio,-6.3968,-76.0159
81181,incendio,-8.5507,-75.6253
81186,incendio,-8.4385,-76.3817
81188,incendio,-7.0726,-76.2075
81190,incendio,-8.6611,-76.8865
81199,incendio,-7.7128,-76.6647
81200,no_incendio,-6.871083272493799,-75.76930140332634
81210,incendio,-7.3747,-76.4366
81211,no_incendio,-7.562840840503951,-75.66286053205432
81213,no_incendio,-6.60024344042182,-76.28088372901857
81219,no_incendio,-5.4181719579024135,-75.50050796250098
81221,incendio,-5.9047,-76.9921
81226,no_incendio,-6.011348651194169,-77.43448041427209
81232,no_incendio,-5.621781873154133,-75.59201486751932
81242,incendio,-8.7869,-76.0777
81244,incendio,-7.5371,-76.7655
81246,incendio,-7.2738,-76.3746
81247,no_incendio,-6.85257481056394,-76.48694884372748
81251,no_incendio,-6.1922155906112035,-75.54995561422898
81254,incendio,-7.0416,-76.7396
81255,no_incendio,-7.063019746501072,-77.52481749302208
81256,incendio,-6.6157,-76.6267
81259,no_incendio,-7.38891296125344,-75.60819465870141
81262,no_incendio,-6.848581850084046,-76.26989214867015
81264,incendio,-7.5392,-76.3615
81277,no_incendio,-6.625422961334142,-76.70627380489785
81283,no_incendio,-5.518725698266722,-76.04231826723102
81285,no_incendio,-6.024896527341603,-76.2922888028806
81287,incendio,-5.8401,-76.5428
81298,no_incendio,-6.859218995881019,-77.3454749772902
81300,no_incendio,-7.238892730733428,-76.47459847040415
81306,incendio,-6.8345,-76.5227
81320,incendio,-6.577,-76.3332
81321,no_incendio,-6.7183540623229865,-77.22771131243218
81327,incendio,-6.6709,-76.6311
81335,no_incendio,-6.7392978420431415,-76.19966664513106
81356,incendio,-6.7745,-76.4219
81364,no_incendio,-6.1029066882194485,-77.35334666324442
81365,incendio,-6.0612,-76.2808
81371,no_incendio,-7.106983766497296,-76.41530269638099
81378,no_incendio,-5.6727531578346015,-77.41986068936593
81397,incendio,-6.5055,-77.6064
81400,no_incendio,-5.576401103022335,-75.65589793985158
81404,incendio,-8.6627,-76.3906
81406,no_incendio,-6.377843437674785,-75.69894560383477
81407,no_incendio,-7.396293728832261,-76.90325278525978
81416,incendio,-7.5826,-76.7062
81419,no_incendio,-6.568678711242536,-76.46161690496696
81423,incendio,-6.1596,-76.0088
81426,no_incendio,-7.308376267427788,-75.72020744008876
81427,incendio,-6.2288,-76.1432
81429,no_incendio,-6.950453264096688,-75.59880859567114
81441,no_incendio,-7.567624123602405,-76.60964562111504
81448,incendio,-6.6032,-76.1076
81458,no_incendio,-6.09276868271348,-76.00881721213455
81459,incendio,-6.6664,-77.4527
81461,no_incendio,-7.436110407887001,-75.68288184576566
81470,incendio,-7.0324,-76.5807
81471,no_incendio,-6.2190640726250495,-76.93105958473025
81473,incendio,-8.6775,-76.1149
81474,no_incendio,-6.730215654444688,-76.84821672271427
81482,no_incendio,-5.485150772179796,-77.0821813016382
81495,incendio,-6.7537,-76.188
81497,no_incendio,-6.9256501234330665,-77.07157879837493
81502,incendio,-7.1743,-76.7571
81504,no_incendio,-5.915658751464713,-77.38575524652865
81509,no_incendio,-5.776890989468168,-77.17544694472763
81510,incendio,-7.9805,-76.659
81512,incendio,-8.6049,-76.2947
81526,incendio,-7.9234,-76.8203
81538,incendio,-6.9973,-76.1988
81548,incendio,-6.4628,-75.8122
81553,no_incendio,-6.576004984769571,-77.51523302793387
81558,incendio,-5.8335,-75.9126
81565,no_incendio,-6.8267458836303225,-76.04005920267028
81566,no_incendio,-7.241827770839374,-75.55383362888189
81573,incendio,-7.4542,-76.6172
81580,incendio,-7.3407,-76.83
81589,no_incendio,-7.2386843016197115,-75.95361045134824
81595,incendio,-6.6219,-77.7485
81596,incendio,-6.2408,-76.2669
81598,incendio,-7.9005,-75.5714
81602,no_incendio,-6.010451782777754,-76.65548557621318
81603,incendio,-5.7412,-76.2535
81605,no_incendio,-5.65117658577255,-75.62263099163508
81606,no_incendio,-5.906320557671209,-76.16456069117528
81608,incendio,-8.0577,-76.6558
81614,incendio,-6.7184,-76.4746
81618,no_incendio,-6.442705023956996,-76.30481606512446
81620,incendio,-7.1388,-76.3282
81632,no_incendio,-6.139224623753688,-76.40308726211332
81638,no_incendio,-5.801578937835275,-76.51381524721576
81642,incendio,-6.4939,-76.3571
81644,no_incendio,-6.886318678721428,-75.69795842959347
81653,no_incendio,-5.702364736345534,-76.72144500150783
81660,no_incendio,-6.695277689736439,-77.08154414600035
81676,no_incendio,-6.856229226903604,-75.880120110949
81697,no_incendio,-5.657826113607748,-77.0484188289704
81698,incendio,-6.4641,-77.5115
81701,no_incendio,-7.4811756669415,-76.01564428333117
81716,no_incendio,-7.377346584054845,-77.21066750842841
81718,no_incendio,-7.536324441611577,-75.98652093293225
81719,incendio,-6.1005,-75.9123
81722,incendio,-6.5492,-75.6646
81727,no_incendio,-6.9260270516583,-76.1608919912471
81734,no_incendio,-5.782302498103818,-75.6928374050029
81736,incendio,-5.9148,-76.2467
81737,incendio,-8.4143,-76.2476
81739,incendio,-6.5779,-75.5342
81742,no_incendio,-6.736884280770205,-76.9775738185435
81757,incendio,-5.9026,-76.1136
81759,incendio,-6.3179,-75.8468
81760,incendio,-7.3315,-76.5989
81767,no_incendio,-6.2554801571250565,-76.43574997258422
81770,no_incendio,-7.298931793323789,-76.42163494937755
81771,no_incendio,-6.9734000570740395,-77.15029703123086
81773,no_incendio,-5.847351714277372,-76.19994787889544
81775,no_incendio,-5.8166617894952815,-76.28161854109814
81777,no_incendio,-5.733303330887296,-76.64353813041618
81782,incendio,-6.4903,-76.3682
81786,no_incendio,-7.52002816732032,-76.85728021112728
81791,no_incendio,-6.735984440425587,-77.00622820601815
81798,no_incendio,-5.441244045280792,-76.19936571316805
81806,no_incendio,-6.5875457295775695,-76.60562453766775
81810,no_incendio,-6.668348976590427,-75.85167744687278
81816,no_incendio,-5.979395848987274,-75.81605060669331
81826,no_incendio,-5.508214763979514,-75.68261084884283
81827,no_incendio,-6.419675876236263,-76.64489280604421
81829,no_incendio,-6.807279841790784,-75.78242302305196
81832,incendio,-6.6939,-76.2369
81833,no_incendio,-6.032904107983954,-75.67491532543472
81834,no_incendio,-5.461372149282843,-77.4223608733987
81837,incendio,-6.0641,-77.1661
81856,incendio,-5.9524,-76.3399
81858,incendio,-6.8708,-76.6934
81860,incendio,-8.3966,-76.4294
81861,no_incendio,-7.284463966351714,-76.84480226943248
81863,incendio,-7.6592,-76.4927
81874,no_incendio,-5.5369399299131885,-77.31171501653961
81876,no_incendio,-5.454661580886559,-77.46777785872058
81878,incendio,-7.8722,-77.4924
81880,incendio,-7.254,-76.2245
81882,incendio,-6.7659,-76.7114
81899,no_incendio,-7.523779550040388,-76.57430086125386
81900,incendio,-7.0013,-76.8461
81901,incendio,-6.265,-75.8156
81903,no_incendio,-6.717293792016525,-75.64014245587184
81909,incendio,-6.336,-76.0525
81916,no_incendio,-6.603103679284163,-76.5352543472929
81925,incendio,-7.4909,-76.522
81930,no_incendio,-6.191285072180344,-75.97348634249272
81933,incendio,-7.6112,-76.6634
81936,no_incendio,-7.475413502587504,-75.52501286015236
81938,no_incendio,-5.399995483023551,-76.68244565675566
81945,no_incendio,-5.813466395394225,-76.54314458566375
81947,no_incendio,-7.228019173352536,-75.83265543127759
81955,incendio,-8.5595,-76.4192
81964,no_incendio,-6.980328156805363,-75.58165966551039
81971,no_incendio,-7.250518418431454,-77.39731384590523
81972,incendio,-7.5285,-76.7811
81981,incendio,-7.4583,-76.6952
81994,incendio,-7.2636,-76.8404
81996,no_incendio,-7.124526948992974,-75.69099174784184
81999,no_incendio,-7.047404652384161,-75.9921217029406
82009,no_incendio,-6.9560251993392335,-75.65244127896328
82012,no_incendio,-5.432202072011853,-76.59374002276904
82020,no_incendio,-7.089719383654557,-75.94940066492136
82021,incendio,-7.1554,-76.6507
82028,no_incendio,-7.506850337937736,-76.33686457857513
82040,no_incendio,-7.309838483592369,-76.99515991704935
82047,incendio,-6.7287,-76.8113
82051,no_incendio,-7.213623333493973,-77.17840648744146
82052,no_incendio,-6.081920488696037,-77.43393189597795
82057,no_incendio,-7.276587033646778,-76.71291357389988
82060,no_incendio,-6.152311336764004,-75.83217280220295
82065,no_incendio,-6.444054607789215,-75.60852282337595
82070,no_incendio,-6.727604587458214,-76.26589680418019
82073,no_incendio,-5.646223843039662,-77.22265388647651
82075,incendio,-5.8312,-76.4034
82076,incendio,-6.6928,-76.4231
82081,no_incendio,-6.871083272493799,-75.76930140332634
82086,incendio,-8.6604,-76.3634
82088,no_incendio,-7.261909044974304,-76.6515755533258
82090,no_incendio,-6.352348321356028,-75.59610164326816
82091,no_incendio,-6.191430391246121,-75.84894878803162
82099,no_incendio,-7.06430285125658,-76.42921371383994
82100,incendio,-7.5705,-76.6821
82110,incendio,-7.0418,-76.9011
82112,no_incendio,-7.493540878148328,-76.20838654108637
82113,no_incendio,-6.298521477567302,-76.20182358446478
82117,no_incendio,-6.942876340672963,-76.33358150381483
82119,no_incendio,-6.475196466130733,-76.70818383406251
82124,incendio,-7.1019,-76.547
82134,incendio,-7.2232,-77.0603
82144,incendio,-6.9691,-76.6291
82147,no_incendio,-6.979813600777688,-77.48470455898823
82151,incendio,-7.7837,-76.7591
82159,no_incendio,-7.464502353788052,-77.51392837949253
82161,incendio,-5.7432,-76.0832
82162,no_incendio,-6.599702785570768,-77.42370077864948
82163,incendio,-8.1139,-76.6817
82164,no_incendio,-5.880891988248802,-77.50381327072611
82166,no_incendio,-5.404889796153065,-75.52356189843724
82178,no_incendio,-6.140503448389999,-75.89152757203433
82190,incendio,-6.1735,-75.9281
82196,no_incendio,-6.107814853885202,-77.33817072189056
82199,no_incendio,-5.563302307050842,-76.50751783358145
82222,incendio,-6.1685,-77.0583
82223,no_incendio,-5.89446781447664,-77.22849214912743
82227,incendio,-6.4722,-75.7397
82231,no_incendio,-7.005255736259935,-76.42804994495515
82239,incendio,-7.1164,-76.5169
82242,no_incendio,-5.3992279096164255,-77.51525342091976
82250,incendio,-8.5365,-76.3628
82251,no_incendio,-7.142295863783367,-76.24884468058782
82256,incendio,-7.3511,-76.4347
82259,no_incendio,-5.921387481016298,-75.640821414452
82262,incendio,-6.0404,-76.3586
82263,no_incendio,-6.535140869924569,-76.94972010352429
82277,no_incendio,-6.505676796415307,-75.74448285313693
82280,no_incendio,-6.253426709313807,-77.08659131097349
82290,no_incendio,-7.500619459820059,-77.36318050509186
82300,incendio,-7.2832,-76.2409
82302,no_incendio,-5.856151465825925,-75.61952647714237
82305,incendio,-6.5275,-76.5392
82306,incendio,-7.1557,-76.2768
82312,incendio,-7.0513,-76.6154
82314,no_incendio,-5.5797385570843945,-76.68051881795166
82318,incendio,-7.2927,-77.6077
82332,no_incendio,-7.465611055003252,-76.84521972476566
82335,incendio,-7.2069,-76.2481
82340,incendio,-7.7044,-76.4699
82344,incendio,-6.1943,-75.7456
82348,no_incendio,-6.9821795229188215,-77.4814837765738
82349,incendio,-7.08,-76.4834
82350,incendio,-8.3498,-76.7227
82352,no_incendio,-6.572656774954891,-77.3264854349528
82354,incendio,-5.7004,-76.6069
82358,incendio,-7.0476,-76.7771
82359,no_incendio,-5.815055199872086,-76.00054370091742
82366,no_incendio,-7.591157646889957,-76.48064707935481
82369,incendio,-7.0085,-76.1244
82370,incendio,-7.7153,-76.5
82371,incendio,-6.703,-76.7627
82373,no_incendio,-7.5389429366733145,-76.3612819242991
82381,no_incendio,-6.344517536741018,-75.98404289972582
82385,no_incendio,-6.360714337530349,-76.51313445356357
82392,incendio,-6.2465,-75.8689
82398,no_incendio,-5.543275857949961,-76.36401463997392
82399,incendio,-6.4194,-75.7306
82400,incendio,-6.8124,-76.8987
82401,incendio,-5.988,-76.8663
82403,no_incendio,-5.356529850556848,-75.70252244587886
82404,no_incendio,-6.508124167264835,-76.61340355687425
82406,incendio,-6.5754,-75.5416
82407,no_incendio,-6.046941056590012,-76.4497684025493
82409,no_incendio,-6.520841370621428,-77.36086106907894
82414,no_incendio,-7.269040165613338,-76.9103123983766
82418,incendio,-6.9211,-76.6199
82421,no_incendio,-5.704328166594409,-76.92480673286192
82425,incendio,-6.7539,-76.5627
82426,no_incendio,-5.3928610006268665,-76.95098681919762
82432,no_incendio,-5.862678119407266,-76.8979972886448
82434,no_incendio,-6.1464831206689965,-77.21946152659409
82435,no_incendio,-6.994951885754811,-75.90892162040349
82437,no_incendio,-7.369405359299169,-75.53775524923043
82438,incendio,-6.8248,-76.4996
82444,no_incendio,-7.413823551899182,-76.79124540072256
82454,incendio,-6.0396,-75.9982
82470,no_incendio,-5.676274225134516,-77.28318396900629
82478,no_incendio,-7.040747836565641,-76.40061304391803
82485,incendio,-7.5961,-76.4513
82489,no_incendio,-7.180456049019163,-77.4128118764767
82492,incendio,-6.2921,-76.2822
82493,incendio,-8.1734,-76.5493
82496,no_incendio,-7.081431158638572,-76.84157131930168
82503,no_incendio,-5.592384500349762,-76.12339689137886
82506,no_incendio,-6.890142536767722,-76.21093731168023
82519,incendio,-7.3754,-76.8077
82523,no_incendio,-6.73154658128307,-77.37224800507184
82528,incendio,-7.1421,-76.8585
82529,incendio,-5.7565,-75.9466
82531,no_incendio,-5.3088507793034125,-76.33692970134372
82532,no_incendio,-6.856923978483267,-76.96918980938075
82545,no_incendio,-6.395505819847665,-76.99761432969862
82549,no_incendio,-5.791181789509089,-77.46024775242152
82551,no_incendio,-6.273383567178642,-76.44114691338451
82553,no_incendio,-5.349324419297768,-77.32630960187535
82562,no_incendio,-6.490391135640375,-76.20592887580928
82571,incendio,-6.7414,-76.8387
82579,incendio,-6.9749,-76.7209
82588,incendio,-6.6314,-76.7518
82593,no_incendio,-6.777339583024972,-77.16983093641421
82595,incendio,-5.6595,-76.5464
82609,incendio,-5.9443,-77.3037
82612,incendio,-6.3694,-75.8875
82613,no_incendio,-6.6015678247259215,-76.27888093028594
82615,no_incendio,-7.154379449162653,-76.23880537117174
82626,no_incendio,-6.581475655282046,-76.92813918096854
82627,incendio,-6.4902,-76.3684
82635,no_incendio,-5.913375544586391,-77.02153912778006
82645,no_incendio,-6.642584248060827,-75.75075985956546
82661,no_incendio,-6.396864121936975,-76.4851873457876
82687,incendio,-7.2116,-76.3348
82688,no_incendio,-7.5993037570991975,-77.49364640835546
82692,no_incendio,-6.9734000570740395,-77.15029703123086
82693,no_incendio,-6.119596318397669,-75.7668351630271
82707,incendio,-6.7127,-76.6348
82717,no_incendio,-7.108875568796339,-76.54317690372051
82720,incendio,-6.0517,-76.3114
82731,no_incendio,-5.39776817495506,-77.21180440723553
82746,no_incendio,-7.000863457307533,-75.58957693762711
82747,incendio,-8.6338,-76.6446
82749,no_incendio,-7.099688871826168,-75.91020418997267
82751,no_incendio,-6.0457356441581505,-76.76564488218803
82760,incendio,-6.3087,-75.9285
82764,no_incendio,-6.281173626920689,-76.33798845589783
82765,no_incendio,-7.128591277381194,-76.12302141097119
82774,no_incendio,-7.1362153859124,-76.23261669430515
82776,incendio,-7.2941,-76.3889
82777,no_incendio,-6.072304927752775,-76.77556503555117
82781,no_incendio,-6.7528370184185675,-75.79463738047077
82784,no_incendio,-6.60024344042182,-76.28088372901857
82785,incendio,-7.0311,-76.2993
82789,no_incendio,-7.5842496329608995,-75.57404179177915
82790,no_incendio,-7.0852919010703905,-76.44513634305123
82799,incendio,-6.2036,-76.1488
82800,incendio,-6.054,-76.3292
82801,no_incendio,-6.519206979509828,-76.45089641887259
82802,incendio,-6.4034,-75.8381
82808,incendio,-6.0378,-76.9739
82810,incendio,-7.834,-76.6916
82813,incendio,-7.1103,-76.9799
82822,no_incendio,-5.68462514388274,-76.77383589546262
82825,no_incendio,-5.334479044366705,-77.48777820988575
82828,incendio,-5.9277,-75.8838
82831,no_incendio,-6.442429492492132,-75.8210206317141
82834,no_incendio,-7.014371526342947,-75.6304094962068
82839,no_incendio,-7.27421571842906,-77.20818796800718
82840,incendio,-5.4511,-76.8028
82849,incendio,-5.7465,-76.6141
82863,incendio,-8.1641,-76.6242
82870,incendio,-8.575,-75.5636
82871,no_incendio,-6.246302114010693,-75.65691913180889
82877,no_incendio,-6.45014471724059,-77.23785683491617
82880,incendio,-8.0098,-75.5673
82886,no_incendio,-6.961563570088446,-77.02222304631809
82887,incendio,-7.2474,-76.806
82904,no_incendio,-5.826799302537919,-75.73782519899997
82905,no_incendio,-6.42510939654662,-76.21314660329666
82912,incendio,-6.6771,-76.8946
82922,incendio,-6.3338,-75.8736
82925,no_incendio,-5.317490731831781,-77.05291423448321
82927,no_incendio,-6.846227548420243,-77.09414313428448
82931,no_incendio,-5.728686151403572,-77.23987774970512
82938,no_incendio,-6.602549423318465,-77.00681560184587
82941,incendio,-6.1226,-75.7017
82949,no_incendio,-7.394254404476224,-75.68500027222532
82955,no_incendio,-7.234182176376593,-76.40213823666475
82967,no_incendio,-6.04175420458928,-75.6154818462728
82970,incendio,-7.2071,-76.2807
82972,no_incendio,-5.886501214348173,-76.17373588365827
82973,incendio,-6.1567,-76.9283
82975,incendio,-8.0585,-76.5842
82983,no_incendio,-6.167876331105529,-76.10362029847187
82985,no_incendio,-6.18702118811894,-77.34328610788602
82993,incendio,-6.2755,-75.9157
82998,no_incendio,-6.845497704977086,-76.65360984481556
83008,incendio,-6.6872,-76.1179
83016,no_incendio,-5.522972759309926,-75.80819311512354
83022,incendio,-7.5795,-76.5819
83023,incendio,-7.1625,-76.276
83032,incendio,-7.299,-76.1147
83036,incendio,-6.654,-76.2318
83049,no_incendio,-6.040209440060914,-75.6194334979568
83052,incendio,-8.1313,-76.7129
83055,incendio,-6.5868,-76.7399
83064,incendio,-5.7516,-77.4519
83068,incendio,-6.6877,-76.6105
83070,no_incendio,-6.152311336764004,-75.83217280220295
83074,no_incendio,-6.673178207902485,-77.4048318758823
83078,no_incendio,-5.926705485124891,-75.77709994653331
83088,incendio,-7.57,-76.3991
83097,incendio,-7.4619,-76.7294
83104,incendio,-7.5295,-76.6119
83105,no_incendio,-6.095756407316532,-77.30841425266888
83107,incendio,-7.2001,-76.8629
83113,no_incendio,-6.931488241799888,-76.75916732730077
83117,incendio,-6.1508,-77.0654
83119,incendio,-7.0418,-76.1477
83120,no_incendio,-7.579867389663157,-75.5999817001758
83122,incendio,-5.8782,-75.9205
83126,incendio,-5.4679,-76.7523
83136,no_incendio,-7.196044028055804,-76.77405078763431
83144,no_incendio,-6.461789384490803,-77.24534969872819
83146,no_incendio,-5.695046426207607,-76.82428560854454
83147,incendio,-6.2156,-76.2266
83149,no_incendio,-6.324884637478815,-77.29362980195512
83152,incendio,-6.6967,-76.9229
83162,no_incendio,-7.381225768944467,-76.16930082038664
83163,no_incendio,-6.026471909112164,-76.38280873739679
83165,no_incendio,-7.417769459056535,-76.0278387197161
83167,no_incendio,-7.517938460168555,-75.88430182253087
83173,incendio,-6.6533,-76.6152
83175,no_incendio,-5.841456819782133,-77.02191077906832
83178,incendio,-7.9199,-76.8344
83181,incendio,-6.1135,-76.3909
83184,no_incendio,-7.010465391222765,-75.64374453725225
83188,no_incendio,-6.076651418507213,-75.99938351654062
83194,incendio,-7.205,-77.0596
83203,incendio,-7.4741,-76.4352
83205,no_incendio,-5.489245275525123,-76.82667902790362
83212,no_incendio,-5.73653806083423,-77.04027076606343
83217,no_incendio,-7.532869703153675,-75.62377754135032
83225,no_incendio,-7.098978961723795,-76.16251434543014
83230,no_incendio,-5.300946297144839,-75.60535100286195
83232,incendio,-8.4648,-76.2628
83237,incendio,-5.7464,-76.1738
83238,incendio,-6.255,-76.2241
83239,no_incendio,-6.09276868271348,-76.00881721213455
83240,incendio,-8.2712,-76.5657
83241,incendio,-8.4086,-76.2441
83247,incendio,-6.7106,-76.4057
83249,no_incendio,-7.188505073730313,-76.90328431055737
83258,incendio,-5.6243,-76.5536
83270,no_incendio,-6.660380391800162,-76.4974881056194
83272,no_incendio,-6.567404760010091,-75.93678531261668
83276,incendio,-7.2484,-76.3548
83278,incendio,-7.3005,-76.92
83282,incendio,-7.5819,-76.6225
83286,no_incendio,-6.1579628470379655,-75.78726893747826
83291,no_incendio,-5.382698663545955,-75.70884428974506
83292,no_incendio,-6.564347270784287,-75.8738633840426
83299,no_incendio,-5.764033944085201,-76.45830778573153
83305,incendio,-7.1791,-76.5004
83308,incendio,-7.0828,-76.7149
83315,no_incendio,-5.894898869067559,-77.35176843132272
83318,incendio,-5.3599,-76.5304
83324,no_incendio,-7.324122621539671,-77.54410654355205
83325,no_incendio,-5.702153316153597,-75.54463550563808
83329,no_incendio,-6.441502518699965,-76.95262753749782
83333,no_incendio,-6.467420438436691,-76.19360941434292
83335,no_incendio,-6.736094048254664,-75.79047035285556
83341,no_incendio,-7.201796098982287,-75.59066106327278
83342,incendio,-7.4733,-76.4403
83358,incendio,-8.5588,-75.5145
83370,incendio,-8.0227,-76.6602
83373,incendio,-6.2708,-75.8117
83395,incendio,-6.155,-76.8753
83398,no_incendio,-6.2585048621667685,-76.21326265306386
83402,incendio,-8.5326,-76.5174
83407,no_incendio,-7.493235179350296,-76.56434016404388
83411,incendio,-8.2506,-76.4843
83416,incendio,-7.6203,-76.5054
83424,incendio,-6.65,-76.7309
83440,no_incendio,-6.887626631829371,-77.285374555124
83444,no_incendio,-6.923574495814878,-76.96137100911855
83445,incendio,-6.7004,-76.7438
83449,incendio,-7.1419,-76.6742
83452,no_incendio,-5.525266717128592,-75.70624108601852
83453,incendio,-6.8701,-76.404
83461,no_incendio,-6.918732727057085,-75.61509017346891
83471,no_incendio,-5.307511492937007,-75.87055498280709
83473,no_incendio,-6.931023435575018,-75.82624629253455
83487,no_incendio,-6.327343874329971,-76.29354784738233
83489,incendio,-8.0522,-77.2817
83494,incendio,-6.9814,-76.6118
83497,no_incendio,-5.346519894910452,-77.42054950645856
83507,incendio,-6.1543,-76.0315
83542,incendio,-5.7698,-76.1816
83543,no_incendio,-5.955706826060275,-77.52353123807491
83552,no_incendio,-6.2554801571250565,-76.43574997258422
83559,incendio,-6.2247,-75.8122
83566,no_incendio,-5.872543626896172,-76.44213080221468
83568,no_incendio,-7.354001962679465,-76.87586506840084
83570,incendio,-5.8428,-77.3256
83575,incendio,-8.6203,-76.1329
83577,incendio,-6.2441,-76.1107
83579,incendio,-7.2967,-76.1188
83584,incendio,-6.2654,-76.0357
83585,incendio,-6.8059,-76.2118
83592,no_incendio,-5.382192721085108,-75.80513455395052
83593,incendio,-6.814,-76.6919
83597,incendio,-5.5483,-76.7093
83600,no_incendio,-7.391380566669081,-77.4628689446306
83605,incendio,-6.7283,-76.6033
83608,incendio,-7.477,-76.5407
83609,incendio,-6.4383,-75.8021
83611,no_incendio,-6.281173626920689,-76.33798845589783
83616,incendio,-8.6821,-76.1451
83619,no_incendio,-6.677775402102643,-76.83019542388436
83620,no_incendio,-6.441502518699965,-76.95262753749782
83625,incendio,-7.6723,-76.4615
83627,no_incendio,-5.326540128955467,-75.8192880237214
83631,no_incendio,-7.119124402863609,-77.37715689078294
83639,no_incendio,-6.041174269159521,-76.02071621272385
83650,incendio,-7.3327,-76.3643
83651,no_incendio,-6.129131664861193,-76.45649977733511
83654,no_incendio,-6.348815001844065,-75.62878823200789
83655,no_incendio,-6.832250558370159,-76.20474853380588
83657,no_incendio,-6.525390337428589,-76.47559277816393
83659,no_incendio,-7.309838483592369,-76.99515991704935
83663,no_incendio,-5.812760524192122,-77.54920790478845
83672,incendio,-7.168,-76.4893
83673,no_incendio,-6.931054749326789,-77.2760800084336
83676,no_incendio,-5.451597714525489,-77.32234997673201
83677,no_incendio,-5.940833223348477,-76.76215332326328
83679,no_incendio,-5.815972204611399,-75.5996631905604
83683,incendio,-7.5262,-76.2633
83685,no_incendio,-5.846023239980903,-75.59058432825728
83695,incendio,-6.3592,-75.8873
83696,incendio,-7.7337,-76.734
83697,no_incendio,-6.089075896633828,-77.11331132604498
83706,no_incendio,-7.175345171516485,-76.32071616128651
83715,incendio,-6.0231,-76.9786
83718,no_incendio,-6.088150630105884,-77.05183868742043
83720,incendio,-7.4077,-76.6249
83723,incendio,-8.4656,-76.3103
83725,incendio,-6.7573,-76.6433
83738,incendio,-7.3292,-76.7542
83769,incendio,-6.69,-76.7068
83775,incendio,-7.6339,-76.484
83786,incendio,-7.6113,-76.4698
83788,no_incendio,-5.374689655955711,-76.01901794140703
83793,no_incendio,-6.253426709313807,-77.08659131097349
83794,incendio,-5.3427,-76.7975
83795,no_incendio,-6.594359651694001,-75.81359177197494
83799,no_incendio,-7.44968802750322,-77.23116283334409
83806,no_incendio,-5.5683966845979995,-76.81768428751661
83811,incendio,-6.8803,-76.8641
83812,no_incendio,-6.721818890646596,-76.25717682869612
83826,incendio,-5.8639,-75.9869
83828,incendio,-7.4585,-76.6936
83835,no_incendio,-6.71467279372098,-77.07743264874856
83850,no_incendio,-6.072007171578419,-77.37389388906047
83853,no_incendio,-6.698529470828457,-76.28501109879417
83854,no_incendio,-7.316542689651407,-77.09719219444501
83863,incendio,-7.0772,-76.1064
83865,incendio,-6.2367,-76.1486
83868,no_incendio,-6.091674894114575,-77.31779067927825
83874,incendio,-7.1814,-77.0253
83886,incendio,-6.3786,-77.7256
83891,no_incendio,-5.693256209324268,-76.57722873694159
83894,incendio,-6.9462,-76.8581
83895,no_incendio,-7.347824110154567,-75.82503332128289
83896,no_incendio,-5.808189893519151,-75.58463969579134
83900,incendio,-6.8632,-76.6454
83902,incendio,-8.6356,-75.5094
83910,incendio,-6.5326,-76.426
83914,incendio,-7.3163,-76.553
83916,no_incendio,-6.559793328628168,-75.94281873717337
83925,no_incendio,-7.593724484851976,-77.34754973911781
83927,incendio,-8.1302,-77.1377
83932,no_incendio,-6.143493830692505,-76.5408916216836
83936,no_incendio,-7.390169812745361,-75.85173982819381
83942,incendio,-6.2948,-76.6954
83947,no_incendio,-6.595830198454336,-76.87085544617783
83953,no_incendio,-7.318729401485612,-76.81445384525996
83957,incendio,-5.668,-76.6546
83958,no_incendio,-6.535104750481092,-76.08251249993276
83960,incendio,-6.4923,-75.7197
83962,no_incendio,-7.180456049019163,-77.4128118764767
83967,no_incendio,-6.441902560534528,-76.15943969390888
83995,no_incendio,-5.748428283636171,-75.60096771532396
84001,incendio,-7.1764,-76.3742
84006,incendio,-7.0927,-76.7021
84008,no_incendio,-6.061127541678445,-77.3300358732125
84039,no_incendio,-5.374689655955711,-76.01901794140703
84040,incendio,-7.9231,-76.796
84044,no_incendio,-5.866539639068574,-77.22687497991105
84046,incendio,-5.4915,-76.5351
84047,no_incendio,-7.2339632492782835,-76.73433396854956
84051,no_incendio,-5.531434005442488,-77.13875106909684
84054,incendio,-5.9902,-77.2804
84055,no_incendio,-7.221811632536515,-77.44262630315019
84058,incendio,-5.6274,-76.2617
84059,no_incendio,-6.446999968584335,-76.20534088443561
84061,no_incendio,-6.922488599265936,-77.20347324801959
84066,no_incendio,-5.69836641593065,-75.72287872908569
84067,no_incendio,-7.510954821403472,-75.50873794050783
84071,no_incendio,-6.934543735011002,-76.3579106281597
84073,no_incendio,-6.360714337530349,-76.51313445356357
84074,no_incendio,-7.111569656244363,-77.04269521527607
84075,incendio,-7.0843,-76.4309
84080,incendio,-6.1018,-75.7746
84087,no_incendio,-6.796720182530489,-75.69073110670904
84098,incendio,-6.7542,-76.342
84099,no_incendio,-7.427821513315094,-77.09535827635182
84106,incendio,-6.7211,-76.4373
84113,incendio,-5.7645,-76.6312
84117,no_incendio,-5.360774716680023,-76.65130740948035
84120,no_incendio,-7.200090625449649,-75.973583692229
84122,no_incendio,-5.717584209483326,-76.19353141249358
84124,no_incendio,-7.051099362667298,-76.62925053957763
84130,no_incendio,-7.329270682828255,-76.84451015929197
84131,incendio,-5.719,-77.3802
84133,incendio,-5.8365,-76.2175
84139,incendio,-6.4742,-75.6881
84157,no_incendio,-6.616039268330141,-77.35690054867337
84159,incendio,-6.8356,-76.7164
84160,no_incendio,-5.434734993358147,-76.94653262890384
84165,incendio,-6.9591,-77.7236
84168,no_incendio,-6.543996709664201,-75.77625931317041
84175,no_incendio,-5.888892522225688,-76.77144344906966
84176,incendio,-8.7384,-75.5189
84177,incendio,-6.6942,-76.6613
84183,incendio,-5.9546,-76.5053
84187,no_incendio,-7.495613592310532,-75.66310159178755
84199,no_incendio,-6.024896527341603,-76.2922888028806
84201,incendio,-6.0802,-76.221
84203,incendio,-6.1743,-76.02
84233,no_incendio,-7.449590892373755,-76.60010791486725
84236,no_incendio,-6.4156514594615395,-77.50323228806793
84241,incendio,-7.5037,-76.4329
84245,incendio,-7.3571,-76.7606
84248,incendio,-7.5147,-76.6289
84249,no_incendio,-7.174304209114396,-76.54277799438324
84250,no_incendio,-6.15602894819134,-76.33768833426039
84253,incendio,-7.5843,-76.4681
84264,no_incendio,-6.1574013412773905,-75.50582251676065
84265,no_incendio,-6.0854129819425,-76.79698741171129
84288,incendio,-5.8988,-76.1105
84289,incendio,-7.0719,-76.8156
84291,incendio,-6.5085,-76.8502
84300,no_incendio,-6.664505823088651,-77.4814157749719
84306,incendio,-6.1418,-75.6968
84315,incendio,-7.0827,-76.292
84324,no_incendio,-5.789563027304849,-76.53201355790475
84330,no_incendio,-6.380793727295641,-76.36283674136891
84332,incendio,-5.3005,-76.3096
84337,incendio,-8.6722,-76.4034
84338,incendio,-7.1664,-76.3815
84341,incendio,-7.4355,-76.6106
84352,incendio,-7.3774,-76.9146
84360,incendio,-5.3547,-76.5739
84371,no_incendio,-7.324938939394847,-75.95193264911674
84372,incendio,-7.2496,-76.0644
84377,no_incendio,-7.179164728014299,-77.26673458504925
84381,incendio,-5.92,-76.506
84382,incendio,-8.5442,-76.3381
84388,no_incendio,-7.510954821403472,-75.50873794050783
84393,incendio,-7.5769,-76.3245
84405,no_incendio,-6.18702118811894,-77.34328610788602
84413,no_incendio,-6.156942123129494,-76.92567844755888
84417,incendio,-5.9797,-76.1084
84419,incendio,-7.9212,-76.8214
84420,no_incendio,-6.5080063012359775,-75.67913673399867
84421,incendio,-8.3724,-76.5068
84423,incendio,-7.0803,-76.2206
84437,incendio,-7.2886,-76.9706
84444,no_incendio,-6.53438876670278,-77.3151143596093
84446,incendio,-6.2037,-76.1601
84453,no_incendio,-7.496239899438951,-76.29662903245722
84455,incendio,-7.2811,-76.7319
84457,no_incendio,-7.261878534754229,-75.78596746234152
84461,no_incendio,-7.019065477801208,-77.45420422372614
84470,incendio,-8.0511,-76.7082
84485,no_incendio,-5.370065008448104,-77.20634043748042
84488,no_incendio,-7.442180034070876,-75.92683774273232
84492,no_incendio,-6.581475655282046,-76.92813918096854
84493,no_incendio,-6.522871972647179,-77.1088712424184
84495,no_incendio,-5.576401103022335,-75.65589793985158
84497,incendio,-8.0194,-76.6898
84502,no_incendio,-7.199216978961617,-75.9477990392911
84503,no_incendio,-6.693645231607011,-77.00083886723358
84504,incendio,-7.9814,-76.7372
84505,no_incendio,-6.25350724604799,-77.4340170352428
84506,incendio,-6.3576,-75.878
84507,no_incendio,-6.468598557394471,-76.29833017428093
84517,incendio,-7.531,-76.4774
84523,no_incendio,-6.514967490351236,-76.99375522896699
84525,no_incendio,-6.3737423006602185,-77.16577350376646
84526,no_incendio,-6.196820810614756,-77.18695898534692
84527,no_incendio,-7.331602369683786,-75.50190770424915
84532,no_incendio,-7.079367268286084,-75.74962590729507
84534,no_incendio,-7.36388011313037,-77.4640263849402
84539,incendio,-7.343,-76.6099
84548,no_incendio,-6.699009805364948,-77.20530585140459
84550,no_incendio,-6.1773004933773406,-76.41533827057219
84551,incendio,-7.87,-75.5233
84561,no_incendio,-6.400727870765625,-77.48420741846027
84562,no_incendio,-5.588125457302943,-77.46080617284144
84566,no_incendio,-6.48340164417584,-76.67965578486029
84567,incendio,-8.5319,-77.5798
84591,no_incendio,-5.622162432874228,-76.70501966558531
84598,incendio,-7.8979,-75.5836
84603,incendio,-7.5611,-76.4465
84608,no_incendio,-7.508226717447944,-76.74892470083597
84613,no_incendio,-5.636606643396935,-75.65023157423232
84619,incendio,-8.0586,-75.5861
84622,no_incendio,-5.487710562433828,-76.3714568595569
84625,no_incendio,-6.756685989962618,-75.83002754028344
84628,no_incendio,-5.49325291733823,-76.90069379643876
84639,incendio,-6.2627,-76.2286
84640,incendio,-5.831,-76.511
84646,no_incendio,-5.6819042694428346,-76.21370978152449
84664,no_incendio,-7.3045123106112335,-75.99723406684437
84675,no_incendio,-5.685078590845662,-76.61726952612376
84679,incendio,-6.3025,-76.0065
84684,incendio,-8.6401,-76.3778
84688,incendio,-6.5641,-75.7169
84692,no_incendio,-5.829668681149241,-76.34423254304822
84696,incendio,-8.4314,-76.5178
84700,incendio,-5.4983,-75.8166
84705,no_incendio,-6.446999968584335,-76.20534088443561
84722,no_incendio,-6.576004984769571,-77.51523302793387
84725,no_incendio,-5.712970448713469,-77.45936672905775
84727,no_incendio,-7.299495014578471,-76.02669026239053
84744,no_incendio,-7.241586175081285,-75.60658029783822
84746,incendio,-6.004,-76.477
84747,incendio,-5.8995,-76.1176
84753,no_incendio,-6.040687375273645,-76.93582583750656
84756,incendio,-6.3289,-75.9892
84760,incendio,-7.1158,-76.827
84762,no_incendio,-6.9338065388714725,-77.51645275784907
84767,no_incendio,-6.476078930269108,-76.12579467837428
84769,incendio,-8.457,-77.4894
84770,no_incendio,-6.08565697953034,-76.3565072601085
84784,no_incendio,-6.371807438398121,-75.97041325819922
84793,no_incendio,-7.397102442990121,-76.86665660281676
84794,incendio,-7.4862,-76.737
84799,no_incendio,-7.0287390386317705,-77.03724597379518
84801,no_incendio,-5.767577808825913,-75.75625284767814
84814,no_incendio,-5.965105049339228,-76.99859959497034
84818,no_incendio,-6.6966130629090745,-76.20140385770695
84823,no_incendio,-7.506544236901732,-77.50246102993648
84825,no_incendio,-6.742797209348308,-75.63057425829132
84826,incendio,-6.0568,-76.1579
84827,incendio,-7.1336,-76.8664
84831,no_incendio,-5.609318574866824,-76.18227826181767
84835,incendio,-7.0618,-76.21
84838,no_incendio,-6.987442347939161,-77.51096806537585
84841,no_incendio,-6.253873442293271,-77.4856518253099
84859,no_incendio,-5.926005528348797,-76.66451761423114
84861,incendio,-7.6898,-76.5309
84865,incendio,-6.4637,-76.5695
84866,no_incendio,-5.465881437617145,-76.83346258647516
84870,incendio,-7.0316,-76.1716
84875,incendio,-8.5274,-76.3623
84877,no_incendio,-5.867914432983562,-76.93835853406706
84880,incendio,-6.4616,-75.8029
84884,no_incendio,-6.834300186862358,-76.1605435782697
84891,no_incendio,-6.309912628737243,-75.57235857764702
84892,incendio,-6.757,-76.4392
84895,incendio,-6.848,-76.879
84903,incendio,-6.7315,-76.8306
84905,no_incendio,-6.641540416375139,-77.47486256481713
84906,incendio,-5.748,-77.3845
84911,no_incendio,-5.346519894910452,-77.42054950645856
84913,incendio,-7.3385,-76.2336
84926,no_incendio,-5.557069716448366,-75.65393079947539
84931,incendio,-5.9248,-75.8611
84944,incendio,-6.6355,-76.7675
84951,incendio,-6.5057,-77.5846
84953,incendio,-7.1547,-76.6152
84954,incendio,-8.6463,-76.2886
84955,incendio,-5.3058,-76.7862
84966,incendio,-8.4175,-77.791
84967,no_incendio,-5.60683404112794,-77.27867668965091
84971,incendio,-7.4034,-76.584
84973,incendio,-6.0318,-75.7727
84979,no_incendio,-7.4500171761306255,-77.030145813453
84992,no_incendio,-7.510787208532104,-75.93881161563174
84994,no_incendio,-5.8418090063734045,-77.13859458576027
84998,incendio,-6.8632,-76.9501
84999,incendio,-6.8817,-76.1839
85004,no_incendio,-6.775595026700855,-77.38152365692504
85010,incendio,-8.5566,-76.3572
85012,incendio,-7.7461,-76.7495
85024,no_incendio,-5.83234820585484,-77.1167119832574
85034,no_incendio,-6.788644402631232,-76.08655221338569
85035,no_incendio,-5.630317607867646,-76.28664530211917
85038,incendio,-6.6708,-76.6546
85045,no_incendio,-7.228019173352536,-75.83265543127759
85056,no_incendio,-5.315273849835721,-75.96752969040406
85062,no_incendio,-6.763948396418463,-75.5008846760666
85063,no_incendio,-6.058777263222519,-76.29718752856778
85066,no_incendio,-6.257364517477317,-77.24088667621311
85075,no_incendio,-7.359360612224768,-76.78029054350944
85089,no_incendio,-6.460809424904893,-76.67264708557983
85095,no_incendio,-7.392389482278091,-76.3604718116053
85096,no_incendio,-5.437451651862052,-75.53119555354411
85101,incendio,-7.3883,-76.6273
85106,no_incendio,-5.959932705913599,-76.9795248154579
85110,incendio,-7.0988,-76.8873
85111,incendio,-7.5712,-76.4481
85114,incendio,-8.6512,-76.3811
85128,no_incendio,-5.847773952672416,-76.45786537475786
85129,incendio,-7.5805,-76.4466
85131,no_incendio,-7.5348116135080625,-76.04270078901092
85137,incendio,-7.1835,-76.4316
85151,no_incendio,-5.880337682080549,-76.27434878275604
85156,no_incendio,-7.44968802750322,-77.23116283334409
85161,incendio,-7.6434,-76.6405
85162,no_incendio,-5.609318574866824,-76.18227826181767
85164,incendio,-7.277,-76.6067
85170,incendio,-8.5123,-76.4037
85171,no_incendio,-5.826799302537919,-75.73782519899997
85172,incendio,-6.2232,-76.3184
85173,incendio,-6.4992,-76.3589
85175,incendio,-5.6802,-76.5923
85177,no_incendio,-7.4333859418143975,-75.94488928476447
85186,no_incendio,-5.846363398738161,-76.40526766705626
85191,no_incendio,-6.090705105654209,-75.76196358722034
85199,no_incendio,-6.942054443870175,-75.88451122317879
85207,no_incendio,-5.882545131668422,-77.4252687375934
85210,no_incendio,-6.45014471724059,-77.23785683491617
85220,incendio,-7.872,-76.7178
85223,incendio,-8.5245,-75.5044
85227,incendio,-6.1775,-76.7121
85229,no_incendio,-5.5259385585543805,-76.78474947687066
85238,incendio,-6.0262,-76.3587
85244,no_incendio,-5.871823711573395,-77.09814467361281
85246,incendio,-6.8326,-76.5393
85248,no_incendio,-6.180704652480343,-76.89113580194854
85250,incendio,-6.1896,-76.3484
85253,no_incendio,-7.579867389663157,-75.5999817001758
85255,incendio,-7.1703,-76.8656
85258,incendio,-8.5022,-76.3859
85270,incendio,-6.2946,-76.2753
85272,incendio,-7.3251,-76.3746
85274,incendio,-7.5831,-76.3916
85283,no_incendio,-6.702659611656615,-77.00358407805038
85288,no_incendio,-5.658384235826694,-76.44208065955317
85289,incendio,-7.2846,-77.712
85297,incendio,-7.3675,-76.6194
85300,no_incendio,-5.747916301571042,-76.94248947046277
85303,incendio,-6.6798,-76.0693
85305,incendio,-6.3058,-76.1801
85311,incendio,-5.805,-76.473
85313,no_incendio,-5.7006314608305315,-76.5774762709844
85319,incendio,-7.3573,-76.6452
85320,incendio,-5.3681,-76.7946
85322,no_incendio,-7.006429626529349,-76.40821160101947
85337,incendio,-7.0574,-76.0952
85338,no_incendio,-6.460809424904893,-76.67264708557983
85341,incendio,-7.0962,-76.8336
85342,no_incendio,-6.73154658128307,-77.37224800507184
85343,no_incendio,-5.676274225134516,-77.28318396900629
85354,no_incendio,-6.787051317211901,-77.10628604223226
85357,incendio,-6.534,-76.7266
85361,incendio,-6.9629,-76.4826
85365,incendio,-6.7837,-76.5682
85385,incendio,-6.4988,-76.3707
85387,no_incendio,-5.752288568187965,-75.61867904444058
85390,incendio,-5.7441,-76.4895
85409,no_incendio,-7.343476837968453,-76.86299220846689
85413,incendio,-5.937,-76.1768
85416,no_incendio,-5.428382683589806,-76.59712896608411
85418,incendio,-6.7677,-76.5603
85419,no_incendio,-7.583028139538337,-75.69881965938345
85420,incendio,-8.1017,-76.4317
85422,incendio,-6.8751,-76.5672
85428,no_incendio,-5.4181719579024135,-75.50050796250098
85429,no_incendio,-7.43096053916798,-75.91112977240851
85430,incendio,-6.3753,-75.9738
85431,incendio,-7.6343,-76.4742
85440,incendio,-8.4226,-76.3747
85450,no_incendio,-6.199800156726071,-75.87903812084684
85455,no_incendio,-5.811190643666691,-76.41076755798852
85458,incendio,-5.6556,-76.6231
85461,no_incendio,-6.3480305531769075,-76.22097710185248
85462,no_incendio,-6.323745703888591,-76.07826663303581
85467,no_incendio,-5.914538807022697,-77.31789261845223
85483,no_incendio,-5.658384235826694,-76.44208065955317
85485,incendio,-7.103,-76.236
85487,incendio,-7.5003,-76.4348
85499,incendio,-6.3518,-76.1258
85501,no_incendio,-5.404889796153065,-75.52356189843724
85507,no_incendio,-5.3699868320408415,-75.54453001162278
85509,no_incendio,-5.632530971200962,-77.47788862342078
85514,incendio,-6.5727,-75.6862
85516,no_incendio,-7.308376267427788,-75.72020744008876
85528,incendio,-7.3598,-76.8279
85534,no_incendio,-5.576377400601263,-76.00886183713747
85536,incendio,-7.327,-76.6026
85537,no_incendio,-6.914205717609276,-76.21644962030662
85538,no_incendio,-6.190431376100011,-77.10696325685771
85540,incendio,-5.6673,-75.9268
85548,incendio,-6.2058,-77.0749
85549,no_incendio,-7.107720073878569,-76.6999842966137
85551,no_incendio,-7.418524326808485,-76.32670813744515
85560,no_incendio,-5.518901360296995,-75.83606862844933
85583,no_incendio,-6.696114207645428,-77.01139322381492
85588,incendio,-6.9963,-76.1326
85593,no_incendio,-5.87094442046127,-77.0385590368228
85596,incendio,-5.9787,-75.7494
85598,incendio,-6.8329,-76.6613
85603,incendio,-7.3186,-76.151
85604,incendio,-7.2249,-76.3442
85611,no_incendio,-6.602549423318465,-77.00681560184587
85612,no_incendio,-5.423715260330031,-75.80260147002005
85613,incendio,-6.3308,-76.5721
85626,no_incendio,-6.691674214621824,-77.20756079690301
85637,incendio,-6.547,-75.7547
85640,incendio,-7.345,-76.685
85643,incendio,-7.2797,-76.6835
85647,no_incendio,-7.425544369473066,-76.60957296073711
85656,no_incendio,-5.569129164967829,-76.89146867970102
85681,incendio,-6.7939,-76.8245
85700,incendio,-6.3876,-76.6184
85706,incendio,-6.5368,-76.0957
85710,no_incendio,-7.585660689069584,-77.39009094478008
85722,no_incendio,-7.083533851815549,-75.86202426996425
85732,no_incendio,-6.163392021425101,-76.6587242460342
85742,no_incendio,-7.52893790740652,-77.07253517227397
85747,no_incendio,-6.442429492492132,-75.8210206317141
85752,no_incendio,-5.356529850556848,-75.70252244587886
85768,incendio,-6.8395,-77.7902
85773,no_incendio,-6.026471909112164,-76.38280873739679
85778,incendio,-6.5943,-76.3743
85784,incendio,-6.1956,-75.9022
85785,no_incendio,-6.439732844593629,-76.57320223136172
85791,incendio,-6.8488,-76.9378
85795,incendio,-6.8036,-76.499
85796,no_incendio,-6.032637337308331,-77.27677952675285
85798,no_incendio,-6.946999930209273,-76.16347768392615
85800,no_incendio,-6.56383921503927,-77.29970461755646
85803,incendio,-7.4165,-76.6914
85804,incendio,-7.1335,-76.4222
85813,incendio,-6.2356,-76.0676
85818,no_incendio,-6.695277689736439,-77.08154414600035
85828,incendio,-6.3293,-75.8954
85831,no_incendio,-7.014702412265873,-76.4405488433982
85832,incendio,-8.6659,-76.1647
85837,no_incendio,-6.9335165366157545,-76.90717664275962
85838,no_incendio,-7.257184386198285,-77.16794482130089
85840,incendio,-6.5148,-76.4585
85843,no_incendio,-5.990542250974831,-75.6694532466171
85848,incendio,-7.1908,-76.8153
85851,no_incendio,-6.682338881301072,-76.58990578057626
85866,no_incendio,-6.113994500362599,-76.09851389136325
85867,incendio,-7.4522,-76.8377
85871,no_incendio,-7.15250800382105,-75.6698884726493
85872,incendio,-6.3184,-76.6312
85881,no_incendio,-5.817722164420606,-76.05024701906109
85887,no_incendio,-7.486384119244431,-77.33522717320785
85895,no_incendio,-6.068535480190217,-76.55604968607116
85898,incendio,-7.5189,-76.4668
85903,no_incendio,-5.661805796480656,-77.53514186743837
85906,no_incendio,-6.0746976290586785,-75.57122315970695
85908,no_incendio,-5.959932705913599,-76.9795248154579
85914,incendio,-7.3098,-76.101
85916,no_incendio,-7.342552043846658,-77.45073212658029
85917,incendio,-6.1885,-76.1643
85931,incendio,-7.5761,-77.4948
85940,incendio,-6.3748,-75.9202
85941,incendio,-6.8637,-76.5144
85942,incendio,-5.9722,-76.4548
85946,no_incendio,-7.149817793244048,-76.68995380242758
85953,incendio,-7.971,-76.6978
85954,incendio,-7.3352,-76.906
85956,incendio,-6.0308,-76.97
85958,incendio,-5.9148,-76.2247
85961,no_incendio,-6.581835148874593,-77.10480197876178
85965,incendio,-7.0894,-76.3618
85969,no_incendio,-5.519172911219698,-76.89133916809088
85977,incendio,-6.8935,-76.9567
85992,incendio,-8.6091,-76.6552
86001,incendio,-7.0147,-76.4682
86021,incendio,-6.2355,-76.2159
86028,no_incendio,-5.7103480025675015,-77.41410373684516
86034,no_incendio,-5.702153316153597,-75.54463550563808
86037,no_incendio,-6.396864121936975,-76.4851873457876
86038,incendio,-6.8033,-76.7894
86041,no_incendio,-6.324514222860181,-76.89947276475436
86045,incendio,-8.6363,-76.4533
86051,no_incendio,-5.8568748352763045,-75.92620225226696
86061,no_incendio,-6.763948396418463,-75.5008846760666
86076,incendio,-6.6342,-76.7585
86079,no_incendio,-5.783942671800878,-75.80670959767819
86085,no_incendio,-6.5273014114668,-77.07055670023018
86088,incendio,-6.7869,-76.6285
86097,incendio,-6.1438,-76.0122
86109,incendio,-8.6669,-76.1849
86110,no_incendio,-5.588125457302943,-77.46080617284144
86114,incendio,-7.0468,-76.3314
86119,incendio,-6.7993,-76.6296
86132,incendio,-7.0962,-76.5713
86136,incendio,-8.7134,-77.7757
86137,no_incendio,-5.908177822401652,-76.8838396640829
86139,no_incendio,-6.074232738963784,-75.5615873787058
86140,no_incendio,-5.473631906137981,-76.93641473945902
86143,incendio,-7.573,-76.4599
86144,incendio,-6.6979,-76.7282
86152,no_incendio,-5.5629279584591815,-75.58676722265717
86155,incendio,-7.8479,-77.7697
86156,incendio,-6.6895,-76.8678
86159,incendio,-7.1207,-77.0707
86165,no_incendio,-6.599957493403006,-76.05770861085986
86169,no_incendio,-6.219703521684984,-76.92758051251145
86172,no_incendio,-6.375064281525175,-76.76531716856294
86177,incendio,-6.9815,-76.9249
86179,incendio,-7.402,-76.6513
86183,no_incendio,-7.448422790645704,-75.84545299813023
86187,incendio,-5.3129,-76.6504
86191,incendio,-7.5246,-76.4725
86198,no_incendio,-7.450227101420001,-77.22165209135423
86200,incendio,-7.5143,-76.542
86207,no_incendio,-6.895407353104692,-76.79676810992372
86213,incendio,-7.3338,-76.9404
86224,incendio,-7.3478,-76.0815
86230,no_incendio,-5.7927379696305294,-76.1467304713267
86231,no_incendio,-5.4560539889311706,-76.17543571338655
86233,incendio,-7.4491,-76.5364
86240,no_incendio,-6.808298154641365,-77.1261442416624
86244,incendio,-7.3858,-76.2843
86254,no_incendio,-5.703527630485487,-76.04599898833253
86265,no_incendio,-6.950453264096688,-75.59880859567114
86267,incendio,-8.6753,-76.8161
86268,no_incendio,-6.882432262080377,-75.90126287963834
86270,no_incendio,-6.026656147123168,-76.76469510540855
86294,no_incendio,-7.1439208952470965,-77.38092521559295
86307,incendio,-6.8921,-76.896
86318,incendio,-6.776,-76.5149
86330,no_incendio,-5.87076697965016,-76.32402567938676
86340,incendio,-6.312,-76.0232
86341,incendio,-6.9993,-76.5774
86348,no_incendio,-7.544493851248457,-76.73397529490327
86359,incendio,-5.7478,-77.4763
86361,incendio,-6.9403,-76.2311
86363,no_incendio,-5.631534863423365,-75.5444078955286
86372,no_incendio,-7.140032609231243,-75.65901239539657
86376,incendio,-8.2985,-75.5303
86377,no_incendio,-5.316751485798925,-76.19649120217885
86381,incendio,-6.5827,-76.2622
86383,no_incendio,-6.189900798297541,-77.11922448268243
86387,incendio,-7.4175,-76.6344
86390,incendio,-6.6709,-76.2286
86394,no_incendio,-6.929539925837722,-76.05337955826667
86395,incendio,-5.3381,-76.7349
86398,no_incendio,-7.217736549985553,-75.80888423805258
86399,no_incendio,-6.367884072608207,-76.17501426406548
86401,incendio,-5.9925,-77.1793
86413,incendio,-7.7037,-76.4682
86414,incendio,-7.9868,-77.5331
86422,no_incendio,-6.729806246426535,-76.87013039720924
86440,incendio,-5.8435,-77.3543
86441,incendio,-7.3671,-76.6193
86444,incendio,-5.8644,-77.1381
86455,no_incendio,-5.772447993979731,-76.76825761036689
86456,incendio,-7.6988,-76.6732
86462,no_incendio,-5.942412033073392,-76.99723759620795
86467,incendio,-7.7797,-77.7747
86468,no_incendio,-7.5990878129892385,-76.01433706050479
86469,no_incendio,-6.308143679517888,-75.54381617905881
86470,no_incendio,-6.252480366224789,-76.488140203218
86473,incendio,-7.0095,-76.7129
86478,incendio,-6.8948,-76.6926
86486,no_incendio,-6.931842163036034,-76.53424888448937
86487,no_incendio,-6.960339111557958,-75.64609550577184
86488,incendio,-7.0631,-76.8215
86498,no_incendio,-6.823512194602855,-76.05631689166178
86501,no_incendio,-6.308716369141198,-75.7579038479895
86509,no_incendio,-5.926005528348797,-76.66451761423114
86514,no_incendio,-6.644983818759033,-76.97235660144274
86520,no_incendio,-5.902847721330155,-77.17634156149673
86528,incendio,-5.7704,-76.4046
86543,no_incendio,-6.190864426146802,-76.12967606406326
86545,incendio,-7.4637,-76.3962
86546,no_incendio,-6.501541232968051,-77.42157786801864
86565,incendio,-7.063,-76.9036
86566,incendio,-6.6847,-76.5996
86571,incendio,-8.6846,-76.6914
86574,incendio,-5.616,-76.4439
86575,no_incendio,-5.815055199872086,-76.00054370091742
86580,no_incendio,-5.693308964023421,-77.38488694411686
86586,no_incendio,-6.248141133810431,-75.50987121265236
86589,incendio,-8.5235,-75.536
86597,no_incendio,-7.230008103453095,-76.43726823574747
86598,no_incendio,-6.699363471042822,-76.86169598666291
86599,incendio,-7.5438,-76.4396
86600,no_incendio,-7.062719614900722,-75.90547044520231
86606,incendio,-7.3641,-76.6013
86610,no_incendio,-7.139277657699614,-76.6688585627755
86611,no_incendio,-5.623597121632923,-75.81781716667395
86617,no_incendio,-5.662370106905432,-77.07535731755083
86631,incendio,-7.024,-76.2822
86636,no_incendio,-7.327169653945901,-75.96963671647885
86651,no_incendio,-5.411652077381302,-77.27749728778487
86654,incendio,-7.4905,-77.5219
86657,no_incendio,-6.473718077481412,-77.49661278682977
86661,no_incendio,-6.469524270312644,-76.04017356223993
86665,incendio,-6.8303,-76.7981
86666,no_incendio,-5.881820929193948,-76.58450370780717
86672,incendio,-6.3997,-76.4732
86675,no_incendio,-5.69836641593065,-75.72287872908569
86680,no_incendio,-7.127093555738052,-76.84105088577114
86685,no_incendio,-5.804055235179965,-77.4451366120588
86687,no_incendio,-6.929511458644296,-75.83962565372784
86694,no_incendio,-5.371545466461964,-76.40334353874748
86699,no_incendio,-5.364143829036743,-76.95415482559467
86705,no_incendio,-6.190431376100011,-77.10696325685771
86709,no_incendio,-5.503666402060762,-76.62944463990817
86710,no_incendio,-6.1628423736617925,-77.33214012724629
86711,incendio,-7.3393,-76.7373
86712,no_incendio,-6.2016988445038095,-75.99411742841416
86726,no_incendio,-5.734144568873576,-75.90585662556418
86728,no_incendio,-5.544342707790426,-75.8055721541421
86743,incendio,-8.4642,-76.4515
86748,incendio,-7.9473,-76.7294
86755,no_incendio,-5.5629279584591815,-75.58676722265717
86757,no_incendio,-5.978876914297251,-77.26050814725458
86759,no_incendio,-5.802372431085104,-75.57878108958735
86769,incendio,-7.3511,-76.757
86774,no_incendio,-5.329337229365641,-77.4752371215785
86776,no_incendio,-7.265385570436415,-76.15256195898944
86779,no_incendio,-6.905350281771543,-75.85773993313076
86790,incendio,-5.7214,-77.466
86791,incendio,-8.0046,-75.5898
86792,incendio,-5.9469,-76.1402
86810,incendio,-7.2824,-77.7672
86815,no_incendio,-6.886318678721428,-75.69795842959347
86820,incendio,-7.0498,-76.1505
86823,no_incendio,-7.4438050568529475,-75.8809717620132
86838,incendio,-7.3165,-76.6262
86843,no_incendio,-6.24016797795497,-75.64844512243143
86850,incendio,-8.789,-76.9852
86853,no_incendio,-7.419812910820906,-75.99406148062167
86858,no_incendio,-6.180704652480343,-76.89113580194854
86861,no_incendio,-5.976273966695589,-76.89556075922386
86872,no_incendio,-6.709679366409026,-76.89232327371961
86874,no_incendio,-6.23470396402255,-76.94332145347941
