id,category,latitude,longitude
1,no_incendio,-7.301995634610949,-77.3052348248029
3,incendio,-6.1088,-76.1611
6,incendio,-7.3847,-76.5837
11,no_incendio,-7.217469611041255,-75.6059674027119
15,incendio,-6.7501,-76.131
17,incendio,-7.3286,-76.7197
18,no_incendio,-5.46295343513328,-75.95414593487065
19,incendio,-6.2234,-76.1563
20,no_incendio,-6.602549423318465,-77.00681560184587
29,incendio,-6.7509,-76.2391
37,incendio,-8.7012,-76.3377
44,no_incendio,-6.4776266103105895,-77.14737002070362
46,incendio,-6.6429,-76.5004
48,no_incendio,-7.2373332017811665,-76.09425476964923
49,incendio,-6.4939,-76.3643
50,no_incendio,-5.404889796153065,-75.52356189843724
53,incendio,-6.728,-76.1252
57,no_incendio,-7.5964500853796,-76.68614160369373
63,incendio,-5.4882,-76.7853
71,incendio,-8.0332,-77.252
79,incendio,-6.2327,-76.0947
83,incendio,-7.2231,-77.007
92,incendio,-7.4639,-76.5131
93,incendio,-8.2755,-76.5947
94,incendio,-6.6036,-76.7867
95,incendio,-6.7794,-76.5126
107,no_incendio,-6.468598557394471,-76.29833017428093
112,no_incendio,-6.388532043555506,-76.84726928607184
118,no_incendio,-5.811469366759115,-76.0719190251322
120,incendio,-6.5728,-76.728
126,incendio,-6.9554,-76.2718
132,incendio,-6.2104,-77.246
137,incendio,-6.5685,-76.536
138,incendio,-6.9684,-76.807
139,incendio,-6.7023,-76.759
140,incendio,-7.4074,-76.7001
144,incendio,-7.0959,-76.2926
145,no_incendio,-6.741440234624422,-77.09605125719467
146,no_incendio,-5.787648723882205,-76.3637582070336
149,no_incendio,-5.846023239980903,-75.59058432825728
154,no_incendio,-5.441048358116876,-77.52077786090675
155,no_incendio,-6.7528370184185675,-75.79463738047077
161,incendio,-6.7985,-76.9152
169,no_incendio,-7.324122621539671,-77.54410654355205
172,no_incendio,-6.184018518963494,-76.64827203950954
174,incendio,-8.5775,-76.3486
181,incendio,-8.69,-76.312
188,incendio,-7.0926,-76.7799
192,incendio,-7.5517,-76.5185
201,no_incendio,-5.586947404667705,-76.96796502244129
209,no_incendio,-6.467906945467672,-76.60396630033286
215,incendio,-7.4553,-76.5696
227,no_incendio,-7.527307126647749,-77.12744201881532
240,incendio,-5.81,-76.2916
241,no_incendio,-7.017817860779479,-76.95461934375838
249,incendio,-8.1752,-77.0513
250,no_incendio,-7.584063938890335,-77.08532363724217
251,incendio,-6.9436,-76.1727
255,no_incendio,-6.061671698446887,-76.35844064270319
256,no_incendio,-7.234182176376593,-76.40213823666475
258,no_incendio,-6.188812026219859,-77.47999723724293
261,incendio,-7.48,-76.7416
264,no_incendio,-5.955706826060275,-77.52353123807491
267,no_incendio,-7.3045123106112335,-75.99723406684437
274,incendio,-7.4584,-76.5448
276,no_incendio,-5.668562711065817,-75.61105576661728
281,incendio,-7.2865,-76.2983
282,incendio,-7.2507,-76.632
295,no_incendio,-5.306306841629591,-77.15046908916776
297,incendio,-7.6086,-76.7087
303,no_incendio,-7.459517004149713,-75.65348895495933
306,no_incendio,-5.658384235826694,-76.44208065955317
321,incendio,-7.073,-76.8755
322,no_incendio,-6.187799355462546,-77.0520465624197
334,no_incendio,-7.188428352306568,-77.29319926370498
338,incendio,-7.0598,-76.855
345,no_incendio,-7.418524326808485,-76.32670813744515
358,no_incendio,-7.082610644878744,-76.41583738866235
366,incendio,-5.9258,-76.287
369,incendio,-5.4885,-76.5351
383,no_incendio,-6.089075896633828,-77.11331132604498
388,no_incendio,-6.599957493403006,-76.05770861085986
399,incendio,-6.2201,-75.788
401,no_incendio,-5.712986091901971,-76.69466982249243
407,incendio,-8.667,-76.1741
409,incendio,-7.1561,-76.8211
410,incendio,-7.3034,-75.513
414,no_incendio,-6.501541232968051,-77.42157786801864
415,incendio,-8.7902,-76.1628
418,no_incendio,-6.339520872179224,-76.81899067100204
422,incendio,-5.7593,-76.3786
423,no_incendio,-5.867404604520736,-75.92995443578674
426,no_incendio,-6.923846443514746,-77.29283624638697
428,no_incendio,-6.808753435004469,-75.58127871175964
432,no_incendio,-6.109182329794082,-77.41759375115069
440,no_incendio,-6.421249722496318,-77.04956463628945
444,incendio,-6.0306,-76.2416
448,incendio,-6.5944,-75.6229
449,no_incendio,-7.391354511869424,-77.17370886410413
455,no_incendio,-5.472748128836409,-77.20935781294484
457,incendio,-5.919,-75.9505
463,incendio,-7.3771,-76.7875
464,no_incendio,-6.559793328628168,-75.94281873717337
476,incendio,-6.854,-76.5611
479,incendio,-7.3108,-76.4926
480,incendio,-7.237,-76.038
487,incendio,-6.4374,-75.7747
488,no_incendio,-5.858435510959442,-77.08234731471167
492,no_incendio,-5.661805796480656,-77.53514186743837
494,incendio,-6.9075,-76.5496
498,incendio,-6.969,-76.3095
504,no_incendio,-6.011348651194169,-77.43448041427209
509,incendio,-7.5359,-76.5501
514,no_incendio,-5.626490573988114,-76.90197669049898
517,no_incendio,-6.641540416375139,-77.47486256481713
518,no_incendio,-7.322815935895123,-76.7836025186051
522,incendio,-5.9977,-76.4764
524,incendio,-5.6691,-76.5615
527,incendio,-5.983,-76.0343
530,incendio,-6.8539,-76.5603
531,no_incendio,-7.134812798520641,-75.55898183219816
535,incendio,-6.8206,-76.8557
542,incendio,-7.3433,-76.209
545,no_incendio,-6.053663067143272,-77.25400416625581
548,incendio,-5.8835,-75.8866
564,no_incendio,-5.637143675477756,-76.46390106880192
570,no_incendio,-7.192676000546934,-77.13476748134192
576,incendio,-6.2733,-76.0269
584,no_incendio,-5.309022549050947,-77.11989827113337
585,incendio,-6.5381,-75.6781
587,no_incendio,-7.241827770839374,-75.55383362888189
589,incendio,-6.1497,-76.2001
591,no_incendio,-6.351517341637376,-77.31017116176967
593,incendio,-8.4041,-77.7279
594,no_incendio,-7.502611835705684,-75.74342232378346
595,no_incendio,-7.588515859914238,-76.24969046906399
599,no_incendio,-6.88204939673875,-76.47181029595973
603,incendio,-7.2296,-76.8735
608,incendio,-7.1511,-76.3307
611,incendio,-6.1278,-76.4156
612,incendio,-6.1234,-77.1678
616,incendio,-6.9508,-76.7996
621,incendio,-7.1263,-76.6082
633,no_incendio,-7.532869703153675,-75.62377754135032
640,no_incendio,-5.8570726019942425,-76.40667258173919
642,incendio,-7.162,-76.8898
650,no_incendio,-5.894898869067559,-77.35176843132272
664,no_incendio,-6.811703020411863,-76.53234904826876
667,incendio,-7.1106,-76.2204
672,no_incendio,-6.180704652480343,-76.89113580194854
675,no_incendio,-6.2585048621667685,-76.21326265306386
681,no_incendio,-5.974627825335505,-76.8393257597771
686,no_incendio,-6.074232738963784,-75.5615873787058
691,incendio,-7.3031,-76.5571
693,incendio,-6.0227,-75.9328
704,no_incendio,-6.493728884519305,-75.95080124431671
710,no_incendio,-5.701666858501454,-75.71059369687181
720,no_incendio,-7.450227101420001,-77.22165209135423
721,incendio,-5.9678,-77.0222
722,incendio,-8.4273,-77.7383
727,incendio,-8.4574,-77.0286
734,incendio,-8.6853,-76.3543
738,no_incendio,-6.84710555088138,-75.520478621097
741,no_incendio,-7.414688922024766,-76.2476866383002
743,incendio,-5.7677,-75.9798
750,no_incendio,-6.081693229189671,-76.04554760839422
751,no_incendio,-6.721818890646596,-76.25717682869612
758,no_incendio,-7.415686202537784,-75.85189468645096
759,no_incendio,-6.595830198454336,-76.87085544617783
767,incendio,-7.1252,-76.2798
768,no_incendio,-6.395505819847665,-76.99761432969862
773,incendio,-6.0446,-76.2163
779,no_incendio,-6.324884637478815,-77.29362980195512
788,incendio,-6.9151,-76.5328
792,no_incendio,-5.334479044366705,-77.48777820988575
793,incendio,-5.7365,-76.2274
794,incendio,-5.7628,-77.4108
809,incendio,-6.2338,-75.8575
812,incendio,-6.1156,-77.0517
814,no_incendio,-6.040687375273645,-76.93582583750656
820,incendio,-6.1948,-76.1844
823,incendio,-8.3089,-76.3701
832,no_incendio,-5.648091386764367,-76.0845405608189
834,incendio,-5.904,-75.995
835,no_incendio,-5.418336191471334,-77.27363994749886
836,incendio,-6.7997,-76.4811
839,incendio,-6.7066,-76.2886
843,incendio,-7.1481,-76.5521
845,incendio,-6.2769,-76.8306
851,no_incendio,-6.113994500362599,-76.09851389136325
855,no_incendio,-5.411652077381302,-77.27749728778487
858,no_incendio,-7.462272976116109,-77.0484423984109
860,incendio,-8.3996,-76.2732
863,incendio,-6.0793,-75.9402
864,incendio,-7.9211,-77.7541
870,incendio,-7.4681,-76.4855
878,incendio,-6.2425,-75.8137
880,incendio,-6.2127,-75.8857
881,incendio,-8.2759,-76.515
887,no_incendio,-6.0746976290586785,-75.57122315970695
891,no_incendio,-7.308376267427788,-75.72020744008876
897,incendio,-7.3695,-76.8996
900,incendio,-6.6683,-76.6445
901,incendio,-7.2636,-76.0992
903,no_incendio,-5.315273849835721,-75.96752969040406
906,no_incendio,-5.70993701267222,-76.39276259470975
914,no_incendio,-5.3149529866292395,-75.54616509202799
921,no_incendio,-7.324122621539671,-77.54410654355205
925,no_incendio,-5.593725246250177,-76.70151478021911
934,incendio,-7.0512,-76.2403
939,incendio,-6.4859,-76.3611
942,incendio,-8.5985,-77.0073
945,incendio,-5.8935,-76.3876
948,incendio,-7.3325,-76.8808
952,incendio,-5.927,-76.2568
954,incendio,-7.4527,-76.7386
959,no_incendio,-7.347666513055251,-77.19530347019538
963,incendio,-7.5354,-76.4341
968,no_incendio,-6.236752944768423,-75.59185038594902
983,incendio,-8.5582,-76.3225
991,no_incendio,-6.053663067143272,-77.25400416625581
995,no_incendio,-7.263705379465793,-77.32787830995856
1019,no_incendio,-6.38076556073537,-76.97858606969272
1026,incendio,-7.3154,-76.7077
1027,no_incendio,-6.095756407316532,-77.30841425266888
1038,incendio,-6.0584,-76.3278
1045,no_incendio,-6.535140869924569,-76.94972010352429
1051,no_incendio,-6.00373135270891,-76.34110147279476
1056,no_incendio,-7.4500171761306255,-77.030145813453
1071,no_incendio,-6.088150630105884,-77.05183868742043
1073,no_incendio,-6.979782618165886,-76.34280103633438
1075,incendio,-6.2757,-76.7884
1086,incendio,-7.1752,-76.4113
1090,incendio,-8.2024,-77.3664
1097,no_incendio,-7.0294194294183265,-77.09735006276883
1101,no_incendio,-5.482360092898033,-75.75875593827813
1102,incendio,-6.7736,-76.6415
1104,incendio,-7.1699,-77.5477
1106,no_incendio,-6.535104750481092,-76.08251249993276
1108,no_incendio,-6.679897679386204,-77.34823338283437
1110,no_incendio,-7.447641034854349,-75.90762090121981
1111,incendio,-7.0923,-76.4044
1112,no_incendio,-5.546857195256127,-75.81190178678054
1113,no_incendio,-7.189575486518889,-75.71595612356288
1122,incendio,-7.1431,-76.3329
1125,incendio,-6.3614,-75.8752
1126,incendio,-5.8401,-76.2802
1129,no_incendio,-5.728686151403572,-77.23987774970512
1132,incendio,-6.9652,-76.5558
1135,no_incendio,-5.928392145710498,-76.5403998802667
1136,incendio,-7.018,-76.5834
1137,no_incendio,-7.084883582406477,-76.16691642079259
1142,no_incendio,-5.858435510959442,-77.08234731471167
1145,incendio,-7.2525,-76.8262
1148,incendio,-8.6463,-76.3309
1154,incendio,-6.9772,-76.6097
1157,incendio,-5.6937,-75.9031
1159,no_incendio,-6.5631659761878876,-77.17426169429598
1162,incendio,-7.432,-76.5406
1186,incendio,-6.5905,-76.0484
1188,incendio,-7.5099,-76.472
1195,no_incendio,-6.3280159994888185,-76.39673641063581
1197,no_incendio,-6.993239612195546,-76.80617132397158
1200,no_incendio,-5.316751485798925,-76.19649120217885
1208,incendio,-6.1412,-76.1865
1210,incendio,-6.5652,-76.809
1212,no_incendio,-5.706911774664528,-77.15797296628834
1222,incendio,-5.6825,-77.3974
1223,incendio,-7.0389,-76.1924
1225,incendio,-7.7143,-76.5091
1234,no_incendio,-6.6046403916429695,-76.28478273774354
1236,no_incendio,-6.930372562741588,-76.24468121546766
1239,no_incendio,-6.4080436516823225,-77.02161843514952
1246,incendio,-6.964,-76.3293
1248,no_incendio,-6.215385324683509,-77.39247138767627
1252,no_incendio,-6.911906202214161,-76.30385492841812
1258,no_incendio,-5.5750859368578904,-77.18888026677212
1269,incendio,-6.8353,-76.9061
1275,no_incendio,-6.416369783766856,-77.46099434503463
1299,incendio,-8.6026,-76.5769
1303,incendio,-7.1524,-76.0362
1309,incendio,-6.6055,-75.653
1319,incendio,-6.4422,-76.3901
1321,no_incendio,-5.348479960720765,-76.73008143184053
1329,incendio,-8.0267,-77.6159
1331,incendio,-6.0682,-75.9651
1335,incendio,-8.4198,-76.2931
1342,incendio,-5.7415,-76.2439
1344,incendio,-8.3611,-76.5316
1351,no_incendio,-5.743346331540995,-77.34641722204898
1356,no_incendio,-6.348815001844065,-75.62878823200789
1357,no_incendio,-6.042344688075439,-75.58423135699039
1360,incendio,-6.9798,-76.5627
1363,no_incendio,-5.369357026240305,-77.2031702822179
1368,incendio,-5.8105,-76.5004
1369,incendio,-5.7242,-77.4082
1372,no_incendio,-5.374155680654134,-76.14052405499798
1373,no_incendio,-5.8115954954872135,-76.36754698151917
1374,no_incendio,-6.141100932072808,-75.82733820285651
1376,no_incendio,-7.188266062247751,-75.80338733044515
1378,incendio,-6.8523,-76.6028
1379,incendio,-8.3739,-76.2352
1384,incendio,-7.5459,-76.7625
1385,no_incendio,-6.947446276433678,-76.55641004463064
1388,no_incendio,-7.228019173352536,-75.83265543127759
1389,incendio,-6.4761,-76.5176
1390,incendio,-7.1164,-76.5152
1392,incendio,-7.0705,-76.1654
1404,incendio,-5.6208,-76.5524
1406,incendio,-5.8626,-77.153
1408,incendio,-6.149,-77.7743
1412,incendio,-8.4702,-76.4841
1416,no_incendio,-5.756771146595229,-77.41858176231523
1418,no_incendio,-6.9256501234330665,-77.07157879837493
1420,incendio,-7.1323,-76.4935
1422,incendio,-7.4175,-76.8628
1424,incendio,-7.3888,-76.9021
1427,incendio,-5.5301,-75.8841
1434,no_incendio,-7.592937213039827,-76.3910934505804
1443,incendio,-6.6676,-76.6258
1444,incendio,-6.4199,-76.657
1454,incendio,-5.7535,-76.1474
1467,incendio,-7.3146,-76.5796
1471,no_incendio,-5.9787702159042375,-76.39270327711898
1473,no_incendio,-5.734144568873576,-75.90585662556418
1475,no_incendio,-5.391936920318269,-75.74765732530163
1479,no_incendio,-6.395505819847665,-76.99761432969862
1486,incendio,-7.0829,-76.9124
1488,no_incendio,-5.928733149107297,-75.62813587078854
1489,incendio,-6.1534,-76.2614
1490,incendio,-7.2983,-76.5609
1493,incendio,-5.9975,-75.8335
1499,no_incendio,-5.322335273054225,-75.66988823532402
1502,incendio,-8.6539,-76.3879
1505,no_incendio,-5.811469366759115,-76.0719190251322
1507,no_incendio,-6.12520459976937,-77.49886350154438
1509,no_incendio,-7.124526948992974,-75.69099174784184
1511,incendio,-6.097,-77.199
1513,no_incendio,-5.3149529866292395,-75.54616509202799
1517,incendio,-5.7281,-76.2208
1519,no_incendio,-7.017817860779479,-76.95461934375838
1522,incendio,-6.256,-76.6547
1526,incendio,-7.2487,-76.6214
1533,no_incendio,-6.883760214306626,-75.62202390814382
1535,incendio,-7.6748,-76.4733
1540,no_incendio,-6.447996016247126,-77.41234607167007
1542,incendio,-8.7638,-77.6071
1547,no_incendio,-6.892866951927303,-75.87172300219687
1548,no_incendio,-7.585660689069584,-77.39009094478008
1552,no_incendio,-6.063333052679301,-77.2619056071794
1555,incendio,-6.9757,-76.835
1566,incendio,-8.4777,-76.4558
1567,no_incendio,-5.807017349001207,-75.61769536103809
1570,no_incendio,-6.337630898858479,-77.22298031852678
1575,no_incendio,-7.245236344594437,-75.87140818649081
1578,no_incendio,-6.546795271979165,-77.13463626494185
1580,no_incendio,-6.324852338083002,-77.32158487709337
1583,no_incendio,-7.4055258629962415,-75.72836594706017
1592,incendio,-7.4174,-76.5702
1597,no_incendio,-6.6966130629090745,-76.20140385770695
1600,no_incendio,-5.518901360296995,-75.83606862844933
1608,no_incendio,-7.275276678539276,-76.76197872211165
1611,no_incendio,-5.704328166594409,-76.92480673286192
1615,incendio,-6.991,-76.114
1620,no_incendio,-6.091674894114575,-77.31779067927825
1621,no_incendio,-7.353974209500567,-76.635407884227
1628,incendio,-6.1672,-76.8669
1631,incendio,-5.742,-75.9669
1636,no_incendio,-5.3838831063176515,-76.49104845789617
1646,no_incendio,-5.901183537582431,-77.01906915606199
1652,no_incendio,-6.367884072608207,-76.17501426406548
1654,no_incendio,-5.662370106905432,-77.07535731755083
1658,no_incendio,-5.41267692948794,-75.94332607139869
1664,incendio,-7.4696,-76.5298
1672,no_incendio,-7.257184386198285,-77.16794482130089
1685,incendio,-6.3119,-75.826
1693,incendio,-8.444,-76.416
1698,incendio,-7.1001,-76.6039
1705,no_incendio,-5.791181789509089,-77.46024775242152
1711,no_incendio,-6.166609034042587,-76.23843722431326
1716,no_incendio,-6.261893490975904,-75.72805069897333
1718,no_incendio,-5.885065132570478,-75.64334405460914
1719,incendio,-7.3709,-76.693
1728,no_incendio,-5.603013181516009,-76.25847933744605
1738,incendio,-8.6067,-76.1553
1740,incendio,-8.5776,-76.4194
1748,incendio,-6.7845,-76.4623
1752,incendio,-8.6053,-76.4188
1756,no_incendio,-5.682009801127555,-77.32557014599907
1761,no_incendio,-5.761894026687926,-76.71626651276603
1764,no_incendio,-5.802372431085104,-75.57878108958735
1771,no_incendio,-7.191225918716162,-75.54734215721196
1777,no_incendio,-7.4055258629962415,-75.72836594706017
1791,incendio,-7.1422,-76.5722
1804,no_incendio,-5.562529025700048,-76.57485709284715
1805,incendio,-8.2006,-77.718
1817,no_incendio,-5.728686151403572,-77.23987774970512
1818,no_incendio,-6.100924085847581,-75.50738744279523
1825,incendio,-6.671,-76.6186
1828,no_incendio,-7.122938851987355,-76.92917682268381
1833,incendio,-6.0949,-77.792
1835,incendio,-7.5586,-76.7574
1836,no_incendio,-7.206553379936274,-76.41990893868237
1838,no_incendio,-6.721818890646596,-76.25717682869612
1843,no_incendio,-6.032904107983954,-75.67491532543472
1847,incendio,-6.9908,-76.8617
1852,no_incendio,-7.188428352306568,-77.29319926370498
1862,incendio,-8.3859,-76.3404
1863,no_incendio,-6.007162927883913,-76.5503319635523
1868,incendio,-5.6743,-75.953
1869,incendio,-7.3734,-76.715
1871,incendio,-7.2567,-76.9961
1872,incendio,-6.6474,-76.4453
1873,no_incendio,-5.698299617649455,-76.9877048304902
1880,no_incendio,-5.911980434774437,-76.07407858450021
1882,incendio,-6.0825,-76.3431
1883,incendio,-5.7723,-77.2936
1887,incendio,-6.7213,-76.1405
1892,incendio,-5.3315,-76.5252
1896,incendio,-7.6348,-76.5185
1897,no_incendio,-6.7988040085111265,-76.15084820178622
1902,incendio,-6.6183,-76.1348
1906,no_incendio,-7.014916061647587,-75.71674408231947
1912,incendio,-7.0569,-77.7843
1931,no_incendio,-6.720013389410524,-76.18246932103828
1938,no_incendio,-5.702740983602372,-76.82721339280745
1942,incendio,-8.4657,-76.205
1943,incendio,-6.5636,-76.3692
1946,no_incendio,-5.525166300103762,-76.64412404917219
1955,incendio,-6.7382,-76.4206
1960,incendio,-5.6903,-76.2509
1967,no_incendio,-7.392389482278091,-76.3604718116053
1969,no_incendio,-5.974627825335505,-76.8393257597771
1971,incendio,-8.3045,-77.1822
1972,incendio,-5.7323,-77.3213
1975,incendio,-7.4407,-76.6569
1979,incendio,-6.4537,-76.5953
1983,incendio,-6.4561,-75.8561
1985,no_incendio,-6.8038809431040965,-76.81652393345753
1991,no_incendio,-5.8091800479019735,-77.2012977286717
1997,no_incendio,-7.322815935895123,-76.7836025186051
1998,incendio,-5.4854,-76.5201
2006,incendio,-5.8387,-77.0787
2007,incendio,-6.9584,-76.7525
2009,no_incendio,-6.188812026219859,-77.47999723724293
2011,incendio,-6.2299,-76.1546
2024,incendio,-6.668,-76.2239
2037,incendio,-6.1389,-76.311
2039,incendio,-5.8503,-76.212
2041,incendio,-8.5865,-77.7044
2042,no_incendio,-5.463870053471811,-75.65012298252523
2043,incendio,-6.136,-76.2658
2044,incendio,-6.8346,-76.7656
2047,incendio,-6.6722,-77.4519
2050,incendio,-5.7677,-77.2929
2051,no_incendio,-5.402348170521421,-77.02463779239379
2052,no_incendio,-6.23478792603882,-76.18381610836184
2055,no_incendio,-6.763422719650261,-75.74420107703415
2057,incendio,-7.2749,-76.9638
2063,no_incendio,-5.802494877336548,-76.35132685190827
2065,no_incendio,-5.702153316153597,-75.54463550563808
2068,incendio,-7.2429,-76.8459
2069,no_incendio,-5.841084064265475,-76.47146316885033
2075,no_incendio,-5.629475532551382,-77.50061748638073
2078,incendio,-6.238,-76.1365
2082,incendio,-8.0781,-76.748
2084,incendio,-5.8646,-77.1247
2086,incendio,-8.4057,-76.358
2087,no_incendio,-6.452984723571151,-76.97534564539009
2090,no_incendio,-6.136716909605955,-76.35666700182222
2092,no_incendio,-6.545046135469808,-77.4695217022142
2096,incendio,-6.1115,-76.1881
2097,no_incendio,-7.322815935895123,-76.7836025186051
2101,incendio,-6.2723,-76.1026
2106,no_incendio,-6.1464831206689965,-77.21946152659409
2109,incendio,-6.3722,-76.5068
2113,incendio,-5.8825,-76.0609
2128,incendio,-8.3953,-77.6262
2130,incendio,-5.977,-76.2638
2131,incendio,-6.5865,-76.6838
2145,no_incendio,-6.772965762366505,-76.27272500681829
2160,incendio,-7.4727,-76.5874
2161,incendio,-6.4343,-75.8396
2169,incendio,-6.7283,-76.5764
2171,no_incendio,-6.306399139576039,-77.35464424704278
2175,incendio,-7.1863,-77.7889
2177,no_incendio,-6.6084019823282665,-76.06077967767854
2178,no_incendio,-5.339033958369073,-76.08006911213882
2181,incendio,-6.7366,-76.1373
2187,no_incendio,-6.819960436835468,-75.76204305997081
2189,no_incendio,-6.949882284574706,-75.68273295602192
2192,incendio,-6.6349,-76.2815
2194,incendio,-5.8031,-77.1727
2206,incendio,-7.4775,-76.6645
2211,incendio,-6.3941,-75.7063
2224,incendio,-6.8183,-76.725
2225,no_incendio,-7.157163278516986,-76.9354632282693
2227,incendio,-6.3287,-75.765
2228,incendio,-5.7764,-77.0871
2234,no_incendio,-6.427611857268102,-77.39761535548438
2236,no_incendio,-6.442705023956996,-76.30481606512446
2241,no_incendio,-7.486384119244431,-77.33522717320785
2242,incendio,-6.9766,-76.7485
2243,incendio,-6.5366,-75.6655
2249,incendio,-6.7758,-76.6332
2251,incendio,-5.8566,-75.9485
2254,no_incendio,-5.652384048618223,-75.53477074714212
2255,incendio,-5.8356,-77.308
2259,incendio,-8.5311,-76.5281
2262,incendio,-7.6989,-76.4875
2266,no_incendio,-7.5993037570991975,-77.49364640835546
2269,no_incendio,-7.523343048173316,-75.60465669486607
2270,incendio,-5.9843,-77.1147
2275,incendio,-7.0764,-76.0834
2276,incendio,-6.5771,-75.6479
2277,incendio,-5.6696,-76.6401
2279,no_incendio,-6.444054607789215,-75.60852282337595
2285,no_incendio,-6.062840602584927,-76.70237486789418
2289,incendio,-6.4614,-75.7187
2297,no_incendio,-7.062719614900722,-75.90547044520231
2298,no_incendio,-5.531434005442488,-77.13875106909684
2300,incendio,-7.4022,-76.6114
2308,no_incendio,-5.719448744498719,-77.23298516632254
2309,incendio,-8.2641,-76.5404
2318,no_incendio,-7.509252354285814,-75.54465114823546
2320,incendio,-5.8812,-75.9437
2322,no_incendio,-6.575273134907994,-75.71241319767115
2335,incendio,-5.7488,-76.104
2346,incendio,-6.8302,-76.8058
2348,incendio,-6.7656,-76.4709
2352,incendio,-6.866,-76.7434
2353,incendio,-8.5214,-76.4174
2354,incendio,-5.7391,-76.226
2356,incendio,-5.9843,-76.9632
2361,no_incendio,-6.766715492175258,-75.83761083407144
2362,no_incendio,-5.572804894965716,-76.96734256320798
2365,no_incendio,-6.848581850084046,-76.26989214867015
2367,no_incendio,-6.91975600968376,-77.05871610020544
2370,incendio,-6.1481,-75.7028
2372,incendio,-8.7205,-76.1592
2376,no_incendio,-5.555763303802058,-77.3394188883658
2380,no_incendio,-7.200090625449649,-75.973583692229
2381,incendio,-6.3792,-76.0903
2384,incendio,-6.423,-77.3639
2386,no_incendio,-5.316751485798925,-76.19649120217885
2387,incendio,-7.1055,-76.8055
2400,no_incendio,-6.895202578534257,-77.04341617849329
2401,incendio,-6.1695,-76.3864
2406,incendio,-8.6414,-76.7881
2408,incendio,-7.5247,-76.5085
2412,incendio,-6.9587,-76.5797
2418,incendio,-5.9453,-76.4996
2422,incendio,-6.7529,-76.5829
2428,incendio,-7.2078,-76.7588
2437,no_incendio,-5.936332555331325,-76.83179580754164
2438,incendio,-5.9531,-76.2366
2444,no_incendio,-7.5990878129892385,-76.01433706050479
2450,incendio,-5.7171,-77.5661
2457,incendio,-6.7614,-77.4113
2460,incendio,-7.414,-76.7062
2466,no_incendio,-5.813466395394225,-76.54314458566375
2479,no_incendio,-6.48340164417584,-76.67965578486029
2481,no_incendio,-7.2339632492782835,-76.73433396854956
2483,no_incendio,-6.931054749326789,-77.2760800084336
2484,incendio,-5.8911,-77.0962
2487,incendio,-5.9468,-76.2008
2488,incendio,-7.4144,-76.5353
2494,incendio,-6.7276,-76.5811
2495,incendio,-6.2981,-75.8244
2496,no_incendio,-6.1922155906112035,-75.54995561422898
2501,no_incendio,-6.5273014114668,-77.07055670023018
2502,incendio,-8.4522,-77.0235
2504,no_incendio,-5.928392145710498,-76.5403998802667
2505,incendio,-7.9314,-76.717
2511,incendio,-5.9107,-76.3948
2512,no_incendio,-5.693256209324268,-76.57722873694159
2513,incendio,-8.4194,-76.5361
2514,incendio,-7.0237,-76.8363
2518,no_incendio,-7.4500171761306255,-77.030145813453
2521,incendio,-7.2857,-76.1084
2523,no_incendio,-5.692068833993068,-76.92243000249631
2524,incendio,-7.9705,-76.7003
2529,incendio,-6.1013,-76.0525
2536,no_incendio,-6.1156293221158835,-76.01949781132349
2540,no_incendio,-6.508124167264835,-76.61340355687425
2544,no_incendio,-6.174948624269397,-76.36859139619342
2547,no_incendio,-6.319184567250436,-76.7615595241715
2550,incendio,-7.312,-75.52
2553,no_incendio,-5.957368180282539,-76.7498768526133
2556,incendio,-7.1948,-76.7577
2564,no_incendio,-7.108956430874631,-75.5028524515191
2566,incendio,-6.6187,-76.5574
2574,incendio,-7.486,-76.555
2577,incendio,-5.9836,-76.2672
2578,no_incendio,-6.9734000570740395,-77.15029703123086
2586,incendio,-7.4958,-76.5311
2588,incendio,-6.4313,-75.755
2591,incendio,-6.6109,-76.1
2599,no_incendio,-6.931023435575018,-75.82624629253455
2600,no_incendio,-5.89201477503853,-77.2682101013539
2603,no_incendio,-6.576004984769571,-77.51523302793387
2604,incendio,-7.2923,-76.6803
2606,incendio,-8.7404,-77.2188
2607,no_incendio,-6.441902560534528,-76.15943969390888
2611,incendio,-6.1549,-76.3528
2614,no_incendio,-6.684698936601428,-75.64362761188839
2616,incendio,-7.0282,-76.3224
2618,no_incendio,-5.605657953237715,-77.33944421680316
2621,no_incendio,-7.188266062247751,-75.80338733044515
2624,incendio,-5.9197,-76.4337
2629,no_incendio,-5.519172911219698,-76.89133916809088
2631,no_incendio,-5.822373025705751,-75.81118308604799
2640,no_incendio,-7.546681661706002,-77.09086718024028
2646,incendio,-7.4769,-76.4677
2647,incendio,-6.1411,-76.1727
2653,no_incendio,-7.014916061647587,-75.71674408231947
2654,incendio,-7.3453,-76.7008
2655,no_incendio,-6.482310901757052,-76.90146059819452
2663,incendio,-8.1386,-77.0919
2664,incendio,-5.8795,-77.0726
2665,incendio,-5.8053,-76.5394
2677,no_incendio,-5.391936920318269,-75.74765732530163
2679,incendio,-5.8668,-77.141
2687,no_incendio,-5.500738315784995,-75.59662427893288
2692,no_incendio,-6.088150630105884,-77.05183868742043
2696,no_incendio,-6.479517291884607,-77.31045667927476
2698,no_incendio,-7.098978961723795,-76.16251434543014
2708,no_incendio,-6.113161344070998,-75.7616050051639
2714,incendio,-8.6288,-76.7196
2716,no_incendio,-5.8332062747008715,-77.144406205254
2725,no_incendio,-5.397948781588011,-77.53247141487635
2728,incendio,-6.244,-75.8403
2732,incendio,-7.3512,-76.7314
2741,incendio,-7.2565,-76.4831
2742,no_incendio,-5.733857068651538,-76.80904901377532
2746,incendio,-5.7529,-76.4617
2751,no_incendio,-7.384008271248504,-77.19420546410333
2759,no_incendio,-7.275276678539276,-76.76197872211165
2762,incendio,-6.1423,-76.2478
2765,incendio,-6.1134,-76.8483
2766,incendio,-6.6943,-76.3957
2768,incendio,-6.2308,-76.3194
2769,incendio,-8.4502,-77.1261
2770,incendio,-6.1169,-77.0607
2771,no_incendio,-6.787051317211901,-77.10628604223226
2784,no_incendio,-6.040843804619021,-75.5134205645717
2788,incendio,-7.3544,-76.5467
2803,incendio,-7.3782,-76.4062
2804,no_incendio,-5.607428760846163,-75.61638280541105
2807,incendio,-7.3286,-76.7065
2813,no_incendio,-6.378539891531966,-75.71550711436312
2820,no_incendio,-6.742426821485937,-75.840077033376
2823,no_incendio,-5.89201477503853,-77.2682101013539
2832,incendio,-6.8401,-76.5028
2843,no_incendio,-7.487565239153625,-77.31329030244564
2857,incendio,-8.4083,-77.1975
2858,no_incendio,-7.544493851248457,-76.73397529490327
2860,incendio,-7.3071,-76.7601
2861,incendio,-5.9749,-76.1291
2863,incendio,-6.0561,-76.1974
2869,no_incendio,-5.592843733729189,-75.8469852314677
2874,no_incendio,-6.266506898778969,-76.33689278886196
2878,incendio,-6.2511,-77.2532
2880,incendio,-7.3714,-76.8555
2881,incendio,-6.5533,-76.2956
2890,incendio,-7.3503,-76.5798
2898,incendio,-7.1487,-76.9467
2901,no_incendio,-6.918732727057085,-75.61509017346891
2902,no_incendio,-6.539751025490163,-75.79612657062603
2911,incendio,-6.9359,-76.4716
2912,no_incendio,-7.285979665021611,-76.94332213408417
2917,no_incendio,-6.342272331916268,-77.0355540401251
2932,no_incendio,-6.346021842815813,-77.12333044544714
2939,incendio,-7.5316,-76.6324
2943,incendio,-6.6469,-76.4486
2949,incendio,-8.2645,-76.4754
2951,no_incendio,-7.530943089944216,-75.61039209936172
2955,incendio,-7.6156,-76.4736
2956,no_incendio,-6.73154658128307,-77.37224800507184
2957,incendio,-6.1786,-76.2977
2959,incendio,-7.3908,-76.4314
2964,no_incendio,-7.374027518305184,-76.32029762844952
2968,incendio,-7.2071,-76.8816
2979,incendio,-5.6549,-75.9637
2990,incendio,-7.3605,-76.8625
3000,incendio,-8.6625,-76.3121
3007,no_incendio,-5.531434005442488,-77.13875106909684
3010,no_incendio,-7.208457886315255,-75.76495343289794
3013,incendio,-6.8671,-76.3651
3015,no_incendio,-6.188812026219859,-77.47999723724293
3018,incendio,-6.5921,-76.7498
3021,incendio,-6.1167,-76.3235
3037,no_incendio,-7.261909044974304,-76.6515755533258
3042,incendio,-7.2799,-76.5837
3051,no_incendio,-5.764033944085201,-76.45830778573153
3053,incendio,-7.3052,-76.5727
3054,incendio,-5.8402,-76.2065
3055,incendio,-6.1213,-76.2911
3056,no_incendio,-5.798404361194972,-75.81527300196596
3060,no_incendio,-7.150750883364853,-76.83628592323717
3065,incendio,-5.99,-77.1727
3066,no_incendio,-6.273383567178642,-76.44114691338451
3073,no_incendio,-6.707120382693278,-76.63620710614674
3081,incendio,-5.7124,-76.3922
3083,incendio,-6.2936,-75.8077
3087,incendio,-5.7247,-76.3993
3091,no_incendio,-6.261893490975904,-75.72805069897333
3093,no_incendio,-6.306399139576039,-77.35464424704278
3094,no_incendio,-5.8115954954872135,-76.36754698151917
3096,incendio,-6.0503,-76.2061
3097,incendio,-5.8754,-76.0002
3098,incendio,-8.2555,-77.2637
3101,incendio,-7.9579,-75.5726
3103,no_incendio,-6.508124167264835,-76.61340355687425
3104,no_incendio,-5.561988258344413,-76.88991934204635
3106,incendio,-8.3412,-76.6023
3110,no_incendio,-6.491284059337684,-76.25746904489338
3111,no_incendio,-5.772447993979731,-76.76825761036689
3112,no_incendio,-5.49005851410074,-77.39191865885853
3117,incendio,-6.4219,-77.4292
3123,no_incendio,-7.517330043663011,-76.85538614453351
3125,incendio,-6.4489,-75.7149
3128,incendio,-5.6714,-76.5995
3134,incendio,-5.9904,-76.2369
3135,no_incendio,-6.547946119465311,-76.58716239935082
3136,no_incendio,-5.798404361194972,-75.81527300196596
3137,incendio,-5.668,-76.5301
3139,incendio,-7.0865,-77.668
3141,no_incendio,-7.192625795202753,-75.79931940133156
3146,no_incendio,-6.589390257699646,-75.6408986952127
3148,no_incendio,-7.0852919010703905,-76.44513634305123
3154,incendio,-7.3502,-76.8396
3157,incendio,-7.5119,-76.5403
3162,no_incendio,-5.59950907688548,-76.65469517623596
3163,no_incendio,-6.56383921503927,-77.29970461755646
3167,no_incendio,-6.726381012789614,-77.29263321460805
3173,no_incendio,-7.396034749471958,-77.09104434205882
3174,no_incendio,-6.645538690996345,-76.24231505313135
3177,no_incendio,-7.267527749331178,-76.00258934511766
3185,no_incendio,-6.980328156805363,-75.58165966551039
3200,no_incendio,-6.3805177741503645,-77.07356874423562
3205,no_incendio,-6.979782618165886,-76.34280103633438
3216,no_incendio,-6.353424809181855,-75.63008762129351
3219,incendio,-8.4572,-76.4498
3230,no_incendio,-6.668348976590427,-75.85167744687278
3231,incendio,-7.0414,-76.7141
3234,no_incendio,-6.060981828013205,-76.61589601950963
3239,no_incendio,-7.017832061015762,-77.13978816386988
3246,no_incendio,-6.18702118811894,-77.34328610788602
3259,incendio,-7.5041,-76.6266
3263,incendio,-7.6879,-76.7907
3267,no_incendio,-7.089719383654557,-75.94940066492136
3268,no_incendio,-5.62794321017974,-76.97851232659868
3275,incendio,-7.3616,-76.4509
3288,no_incendio,-5.5259385585543805,-76.78474947687066
3292,no_incendio,-6.698529470828457,-76.28501109879417
3298,no_incendio,-6.038741337094879,-76.35768470937417
3299,incendio,-7.1503,-76.3233
3305,incendio,-6.6869,-76.6638
3310,no_incendio,-6.638936461882343,-76.98044793632914
3316,incendio,-7.1905,-76.4652
3322,incendio,-6.5803,-76.5991
3331,incendio,-7.3744,-76.2465
3333,incendio,-5.7681,-77.262
3339,incendio,-7.3318,-76.692
3342,incendio,-7.2949,-76.738
3346,incendio,-7.1184,-76.3933
3347,no_incendio,-6.252480366224789,-76.488140203218
3348,incendio,-8.073,-76.6934
3373,no_incendio,-6.441502518699965,-76.95262753749782
3375,incendio,-6.3861,-75.8871
3378,no_incendio,-7.095024308236621,-76.98915064415999
3385,no_incendio,-6.482310901757052,-76.90146059819452
3391,incendio,-8.5399,-76.2997
3394,no_incendio,-6.371807438398121,-75.97041325819922
3407,no_incendio,-7.0802266587833635,-75.87902422488
3408,incendio,-7.2059,-76.0503
3417,incendio,-6.3931,-75.7946
3418,incendio,-6.8347,-76.8952
3423,no_incendio,-5.463870053471811,-75.65012298252523
3432,no_incendio,-7.451217530868493,-77.29241876502243
3436,incendio,-8.2033,-77.2931
3437,no_incendio,-5.870407571755855,-76.43899593158982
3438,no_incendio,-6.976092489979531,-77.35059361204593
3448,no_incendio,-6.0457356441581505,-76.76564488218803
3452,incendio,-7.3701,-76.7
3454,incendio,-6.8673,-76.6053
3461,incendio,-7.4546,-76.574
3464,incendio,-6.508,-75.6795
3476,incendio,-8.4639,-77.1316
3477,incendio,-7.3256,-76.9541
3479,no_incendio,-7.3239429065406565,-75.71625724817507
3480,no_incendio,-6.0258388422724725,-75.8823418796658
3483,incendio,-5.7225,-76.3877
3486,incendio,-7.6791,-76.6696
3491,no_incendio,-5.802372431085104,-75.57878108958735
3495,no_incendio,-7.173287597971678,-76.70987433367677
3496,incendio,-7.3783,-76.4107
3500,no_incendio,-7.371926664770868,-77.38249391708561
3510,incendio,-8.2242,-76.4217
3528,no_incendio,-6.043030962073811,-76.47604236953148
3530,no_incendio,-5.346519894910452,-77.42054950645856
3536,incendio,-6.1375,-76.2695
3546,incendio,-7.269,-76.3161
3552,no_incendio,-6.591526889483433,-77.26946848843974
3553,incendio,-7.4396,-76.6993
3554,no_incendio,-5.900117559948675,-75.56284439390626
3562,incendio,-5.3721,-76.6134
3563,incendio,-7.242,-77.6791
3565,no_incendio,-6.326986282349614,-75.6142180056652
3566,incendio,-7.0326,-76.8685
3574,no_incendio,-5.646223843039662,-77.22265388647651
3576,no_incendio,-6.737802446576857,-76.76156798779444
3578,incendio,-8.4772,-76.3475
3579,no_incendio,-6.391881397317083,-77.53216465937516
3585,no_incendio,-5.976563784411299,-76.98024729252694
3586,no_incendio,-6.799158296280013,-76.12149634545402
3591,incendio,-6.0951,-75.7415
3597,incendio,-8.3757,-76.3636
3602,incendio,-7.4124,-76.7467
3607,no_incendio,-6.466287697296756,-75.7075752786908
3614,incendio,-5.7719,-77.453
3617,incendio,-7.4335,-76.4263
3620,no_incendio,-5.461372149282843,-77.4223608733987
3621,no_incendio,-6.587743088391281,-75.70665174033093
3631,incendio,-6.7812,-76.4243
3632,incendio,-8.1301,-77.64
3633,incendio,-8.7068,-76.253
3634,incendio,-7.3381,-76.8527
3636,incendio,-5.843,-76.2662
3641,no_incendio,-7.233369543625463,-75.83176043083628
3642,incendio,-8.5902,-76.575
3649,no_incendio,-5.712986091901971,-76.69466982249243
3652,incendio,-7.4515,-76.5194
3659,no_incendio,-6.939438225282601,-76.80786345912996
3662,incendio,-5.8769,-75.9091
3670,incendio,-8.2831,-76.52
3676,incendio,-6.6426,-76.2494
3682,incendio,-5.8065,-76.5126
3683,incendio,-6.1558,-76.2084
3685,no_incendio,-6.911054339106914,-76.61694946054432
3692,no_incendio,-5.469135651128677,-76.66584024328755
3695,no_incendio,-5.636338028013915,-75.57133657890496
3699,no_incendio,-7.086048466965619,-75.60482526516276
3701,incendio,-7.4418,-76.64
3702,incendio,-6.7439,-76.3659
3703,no_incendio,-5.356529850556848,-75.70252244587886
3704,no_incendio,-7.301995634610949,-77.3052348248029
3705,no_incendio,-7.103154809386207,-75.80011378156274
3709,incendio,-7.3231,-76.9684
3713,incendio,-5.8441,-77.1544
3714,incendio,-7.3695,-76.8778
3715,no_incendio,-6.165139577023006,-77.17733248367045
3719,no_incendio,-5.881820929193948,-76.58450370780717
3720,incendio,-6.868,-76.5349
3723,no_incendio,-6.770535932670912,-77.17143392593205
3725,no_incendio,-6.886318678721428,-75.69795842959347
3729,no_incendio,-6.184018518963494,-76.64827203950954
3736,no_incendio,-5.648091386764367,-76.0845405608189
3737,incendio,-7.6533,-76.7921
3739,incendio,-5.524,-76.7365
3744,incendio,-7.1427,-76.7893
3748,incendio,-6.3576,-76.6482
3758,incendio,-6.9434,-76.4287
3760,no_incendio,-6.564880133008887,-76.55893266226474
3761,incendio,-6.9977,-76.8643
3774,no_incendio,-5.748428283636171,-75.60096771532396
3775,no_incendio,-6.023168032179068,-77.26981479042486
3782,incendio,-6.5715,-75.9432
3783,no_incendio,-7.081431158638572,-76.84157131930168
3788,incendio,-8.4548,-76.4859
3790,no_incendio,-7.15542529777246,-76.2489354268892
3794,no_incendio,-6.23470396402255,-76.94332145347941
3796,incendio,-6.225,-75.9233
3798,no_incendio,-6.191430391246121,-75.84894878803162
3816,incendio,-8.5783,-76.2968
3817,incendio,-6.0079,-75.8287
3818,incendio,-5.9225,-76.8972
3821,incendio,-8.4959,-76.4185
3823,incendio,-8.5715,-76.5168
3824,incendio,-7.4158,-76.7429
3827,incendio,-6.284,-77.0693
3832,incendio,-7.1858,-76.2608
3839,incendio,-7.537,-76.5417
3842,no_incendio,-5.382698663545955,-75.70884428974506
3845,no_incendio,-6.671769405587168,-77.2003294261131
3850,no_incendio,-5.959481938609148,-77.35681272469573
3854,no_incendio,-5.621781873154133,-75.59201486751932
3855,incendio,-7.2669,-76.7917
3856,no_incendio,-5.40191525194851,-77.41832441514279
3858,incendio,-6.4499,-76.443
3873,no_incendio,-6.696116083768962,-76.75572773731696
3879,incendio,-7.1503,-76.8198
3881,incendio,-6.6146,-76.7208
3888,incendio,-7.1468,-76.5487
3891,incendio,-5.975,-76.464
3893,no_incendio,-7.448759349626241,-75.73146487239217
3897,incendio,-7.0468,-77.6424
3903,no_incendio,-6.114431837075887,-77.3791914454974
3907,incendio,-7.3568,-76.7435
3912,no_incendio,-7.146199438472306,-75.63802434726938
3921,incendio,-7.3314,-76.8449
3923,incendio,-7.0947,-76.5009
3927,no_incendio,-7.415686202537784,-75.85189468645096
3928,no_incendio,-6.737059261843657,-77.50234796745673
3933,incendio,-6.3469,-76.0474
3936,incendio,-7.6866,-76.5279
3943,incendio,-6.1447,-76.2386
3945,no_incendio,-7.396034749471958,-77.09104434205882
3947,no_incendio,-7.431414415877487,-76.13136950681124
3952,no_incendio,-7.58397179719786,-76.78899858637695
3954,incendio,-6.9921,-76.7612
3962,incendio,-7.5069,-76.4491
3963,incendio,-7.4664,-76.6171
3973,incendio,-5.8487,-77.3671
3975,incendio,-6.7057,-76.6039
3976,incendio,-6.1431,-76.2104
3985,no_incendio,-7.384620420011121,-76.77592855304549
3992,incendio,-8.5025,-76.3952
4003,incendio,-5.9396,-77.0872
4005,incendio,-6.3715,-76.4581
4018,incendio,-7.108,-76.1108
4022,no_incendio,-6.068535480190217,-76.55604968607116
4024,no_incendio,-5.913375544586391,-77.02153912778006
4030,no_incendio,-6.875442125514737,-76.55018813227439
4035,no_incendio,-6.890142536767722,-76.21093731168023
4037,no_incendio,-6.308143679517888,-75.54381617905881
4043,incendio,-5.3829,-76.5641
4044,no_incendio,-6.931023435575018,-75.82624629253455
4055,incendio,-6.5482,-75.9901
4056,incendio,-8.5679,-75.5011
4057,no_incendio,-6.929766621277843,-76.9486595645204
4060,no_incendio,-6.041174269159521,-76.02071621272385
4064,no_incendio,-5.813466395394225,-76.54314458566375
4071,incendio,-6.6683,-77.3519
4072,no_incendio,-6.57344451362061,-75.98407882587051
4077,incendio,-8.344,-76.7248
4085,incendio,-5.7997,-77.582
4087,incendio,-6.2698,-76.6674
4091,incendio,-7.3427,-76.447
4093,no_incendio,-6.0889717541826,-76.72492959412638
4098,no_incendio,-6.064542854980353,-77.18213602611725
4105,no_incendio,-6.929539925837722,-76.05337955826667
4106,no_incendio,-7.347824110154567,-75.82503332128289
4107,incendio,-6.9167,-77.7703
4111,incendio,-8.683,-76.9201
4112,incendio,-7.3794,-76.7505
4119,no_incendio,-7.062719614900722,-75.90547044520231
4121,incendio,-7.1464,-76.5415
4124,no_incendio,-6.569933219427762,-75.5278161670118
4132,incendio,-8.4111,-76.4573
4135,incendio,-6.2764,-75.8647
4136,incendio,-6.8876,-76.4981
4137,no_incendio,-6.076651418507213,-75.99938351654062
4153,incendio,-6.7074,-76.4817
4154,no_incendio,-6.439732844593629,-76.57320223136172
4155,incendio,-7.2799,-76.3271
4156,incendio,-7.0198,-76.7219
4158,no_incendio,-5.902840695958739,-77.46595018427229
4171,no_incendio,-5.504827246357519,-77.16574913944
4173,no_incendio,-6.320061417206358,-76.82643295462363
4177,no_incendio,-6.856229226903604,-75.880120110949
4178,incendio,-7.0621,-76.7213
4179,no_incendio,-5.69836641593065,-75.72287872908569
4182,no_incendio,-5.4157703002618724,-75.88771884850634
4184,incendio,-6.3617,-75.9987
4185,no_incendio,-6.696114207645428,-77.01139322381492
4187,no_incendio,-5.863508615293079,-77.5457929030888
4188,incendio,-6.578,-75.6312
4189,incendio,-6.8078,-76.6472
4190,incendio,-6.4723,-76.4818
4198,incendio,-6.6021,-76.7484
4201,incendio,-7.0801,-76.263
4209,incendio,-6.1527,-76.2835
4211,no_incendio,-5.555763303802058,-77.3394188883658
4214,incendio,-7.2016,-76.8707
4219,no_incendio,-5.450166959625918,-77.00835031536832
4221,incendio,-6.8536,-76.5794
4228,no_incendio,-6.234614825176705,-77.3723732006722
4230,no_incendio,-6.081920488696037,-77.43393189597795
4234,incendio,-6.8082,-76.5158
4237,no_incendio,-5.371545466461964,-76.40334353874748
4240,no_incendio,-5.882545131668422,-77.4252687375934
4246,incendio,-7.128,-76.2306
4252,no_incendio,-6.189900798297541,-77.11922448268243
4253,incendio,-6.1077,-76.3116
4260,incendio,-6.7143,-76.889
4265,incendio,-7.2394,-76.7207
4267,incendio,-6.0496,-76.2701
4268,no_incendio,-5.382544750033527,-75.77853597502654
4269,no_incendio,-7.234182176376593,-76.40213823666475
4277,no_incendio,-5.61928379725062,-76.7464492739021
4280,incendio,-8.366,-76.3962
4281,incendio,-7.0907,-76.9156
4287,incendio,-7.1266,-76.2237
4293,no_incendio,-6.934543735011002,-76.3579106281597
4294,incendio,-5.7531,-77.332
4295,incendio,-7.2499,-76.0614
4297,incendio,-5.8171,-76.3844
4301,no_incendio,-5.621781873154133,-75.59201486751932
4304,incendio,-5.8954,-75.9651
4310,incendio,-7.2655,-76.7825
4317,incendio,-7.5068,-76.453
4319,incendio,-5.6357,-76.6819
4320,incendio,-6.4243,-75.7036
4321,incendio,-6.5785,-76.187
4324,no_incendio,-6.589846765006126,-76.67564163824959
4329,no_incendio,-6.960986438297525,-76.973990270216
4335,no_incendio,-5.504827246357519,-77.16574913944
4339,incendio,-8.3049,-76.6255
4342,incendio,-7.3343,-76.9021
4345,incendio,-6.6296,-76.7229
4349,no_incendio,-7.178109146033509,-76.55931189942505
4353,no_incendio,-5.494377757817533,-77.22053363364685
4356,no_incendio,-7.427821513315094,-77.09535827635182
4361,no_incendio,-6.685185816424632,-76.91349326123884
4363,no_incendio,-5.364892363396528,-76.8599043565554
4372,no_incendio,-7.367557628064232,-76.4395241338938
4381,incendio,-5.7046,-76.4163
4383,no_incendio,-6.463587748086062,-76.47146037727083
4385,incendio,-6.3808,-76.0652
4403,incendio,-7.1081,-76.2376
4405,incendio,-5.5542,-76.6746
4407,incendio,-5.6059,-76.0313
4416,incendio,-5.8417,-76.3073
4425,incendio,-7.104,-76.8594
4429,incendio,-7.6362,-76.6211
4431,no_incendio,-7.20916394163281,-76.74882653338932
4454,incendio,-8.4185,-76.5332
4457,no_incendio,-6.741427767846081,-75.52300413513564
4458,incendio,-5.9796,-75.9808
4463,incendio,-5.751,-76.1687
4464,no_incendio,-5.6874479423727555,-75.79801976537915
4465,incendio,-6.5476,-76.7523
4471,incendio,-5.9945,-76.1768
4472,no_incendio,-5.546093305557506,-76.96305959318578
4474,incendio,-7.1271,-76.6317
4476,incendio,-6.5511,-76.1282
4482,no_incendio,-7.381229378022176,-76.50096695875145
4483,incendio,-5.6781,-76.4368
4484,no_incendio,-5.888892522225688,-76.77144344906966
4494,incendio,-7.2946,-76.5985
4495,no_incendio,-5.68462514388274,-76.77383589546262
4502,incendio,-6.0926,-76.9666
4514,no_incendio,-6.963743688695052,-77.15890290229473
4517,no_incendio,-6.586322213980279,-76.11222675311737
4523,incendio,-5.6336,-76.6477
4524,incendio,-6.8948,-76.5452
4527,incendio,-7.1302,-76.5083
4549,incendio,-7.5072,-77.3009
4551,no_incendio,-5.7006314608305315,-76.5774762709844
4563,no_incendio,-7.341385532228014,-75.96721546288514
4567,incendio,-6.1129,-76.1808
4568,incendio,-6.248,-75.748
4570,incendio,-8.1421,-76.4516
4572,no_incendio,-6.87454750287368,-76.95714014507665
4584,incendio,-7.5527,-76.4209
4585,no_incendio,-5.49005851410074,-77.39191865885853
4588,no_incendio,-6.350208583490028,-76.38539627900366
4592,incendio,-6.007,-76.1612
4594,incendio,-6.5046,-76.3219
4595,incendio,-6.1787,-76.2877
4606,incendio,-5.8317,-77.1193
4608,incendio,-6.1314,-76.8308
4612,incendio,-6.8675,-76.1642
4614,incendio,-7.7683,-76.6652
4617,no_incendio,-6.594359651694001,-75.81359177197494
4619,incendio,-7.3836,-76.7021
4621,incendio,-6.0807,-76.1919
4625,incendio,-5.7743,-77.1898
4627,incendio,-6.881,-76.347
4633,no_incendio,-6.178368777472011,-76.33706394423045
4634,incendio,-7.4273,-76.7281
4636,incendio,-7.22,-76.6482
4637,no_incendio,-5.811469366759115,-76.0719190251322
4639,no_incendio,-5.420009462532595,-77.54497332899014
4640,incendio,-6.0457,-76.2811
4645,incendio,-7.9684,-77.4337
4650,incendio,-7.3055,-76.0476
4651,no_incendio,-6.691674214621824,-77.20756079690301
4656,incendio,-7.2386,-76.38
4659,incendio,-5.8065,-76.0575
4677,incendio,-6.7215,-76.6898
4679,no_incendio,-5.979395848987274,-75.81605060669331
4681,incendio,-6.2305,-76.2447
4682,incendio,-7.4795,-76.5176
4683,no_incendio,-5.815972204611399,-75.5996631905604
4685,incendio,-8.4384,-76.263
4688,no_incendio,-6.736094048254664,-75.79047035285556
4693,incendio,-7.591,-76.7113
4695,no_incendio,-6.709534503439617,-76.66045732733674
4696,no_incendio,-5.952502510545931,-77.35100051203952
4705,incendio,-6.0812,-76.1765
4707,incendio,-8.3428,-76.2813
4715,no_incendio,-5.885065132570478,-75.64334405460914
4716,no_incendio,-7.132478183195441,-76.65634588857769
4719,incendio,-6.296,-76.2074
4721,incendio,-6.0773,-76.2324
4727,no_incendio,-7.189575486518889,-75.71595612356288
4736,incendio,-8.2984,-76.5354
4741,incendio,-7.7821,-76.7354
4744,no_incendio,-5.926005528348797,-76.66451761423114
4749,incendio,-7.3741,-76.5487
4758,no_incendio,-7.320681720418793,-75.65489361084256
4763,no_incendio,-6.061517131296685,-76.40854652459227
4764,no_incendio,-7.014916061647587,-75.71674408231947
4766,no_incendio,-5.991944937539925,-75.60778625331145
4772,incendio,-8.5883,-76.1138
4781,no_incendio,-7.076017752800738,-75.91978389352657
4783,incendio,-6.139,-76.0453
4784,incendio,-7.169,-76.2345
4792,no_incendio,-7.140032609231243,-75.65901239539657
4795,no_incendio,-7.53303009358015,-76.30539007678105
4799,incendio,-5.8563,-77.2524
4806,incendio,-5.673,-76.6148
4812,incendio,-6.5961,-76.4887
4821,incendio,-7.1896,-76.185
4836,no_incendio,-6.572959136388864,-76.70713570582085
4837,no_incendio,-7.486384119244431,-77.33522717320785
4844,no_incendio,-6.2816422432891255,-75.61454508391762
4845,no_incendio,-6.394447416910339,-77.43791713673666
4854,no_incendio,-5.409046088511844,-75.85044957982578
4855,no_incendio,-6.736094048254664,-75.79047035285556
4861,no_incendio,-5.901183537582431,-77.01906915606199
4865,incendio,-6.1255,-76.0001
4866,no_incendio,-7.454820191858604,-77.06390769959336
4868,incendio,-6.7538,-76.7049
4881,incendio,-6.7325,-76.4323
4885,no_incendio,-6.522871972647179,-77.1088712424184
4889,no_incendio,-5.780675568523146,-77.4440499191556
4891,incendio,-6.749,-76.4416
4892,incendio,-6.6843,-76.431
4897,incendio,-6.5658,-75.6231
4898,incendio,-7.8268,-76.7183
4908,no_incendio,-5.728382445396997,-77.12017555927592
4921,no_incendio,-6.081693229189671,-76.04554760839422
4927,no_incendio,-7.126628531945264,-77.1694503862003
4928,incendio,-5.7104,-76.2605
4935,no_incendio,-6.664383213747135,-77.16631140190985
4952,incendio,-5.8445,-77.2166
4953,no_incendio,-7.404587411347148,-77.48236039818194
4960,incendio,-6.8168,-76.6628
4964,incendio,-7.0954,-76.0835
4973,incendio,-8.722,-76.2628
4974,incendio,-6.8892,-76.1742
4979,no_incendio,-6.950453264096688,-75.59880859567114
4982,no_incendio,-6.3805177741503645,-77.07356874423562
5000,incendio,-6.5653,-75.6804
5001,no_incendio,-7.3138551861663785,-76.44974049103283
5006,incendio,-6.9344,-76.1697
5012,incendio,-7.0155,-76.0767
5021,incendio,-7.4669,-76.6705
5022,incendio,-7.3968,-76.723
5025,incendio,-6.6416,-76.3143
5028,no_incendio,-5.508214763979514,-75.68261084884283
5040,incendio,-6.0539,-76.1786
5053,no_incendio,-5.942412033073392,-76.99723759620795
5058,incendio,-6.5099,-76.8809
5062,incendio,-7.378,-76.7441
5067,incendio,-5.7282,-76.4897
5068,incendio,-7.136,-76.3019
5070,incendio,-7.2785,-76.5866
5090,incendio,-7.9408,-76.6916
5092,incendio,-7.2586,-77.6601
5093,incendio,-6.4946,-76.3701
5098,no_incendio,-6.063333052679301,-77.2619056071794
5103,no_incendio,-6.140012467892716,-77.09722529665582
5116,incendio,-5.9627,-76.1913
5126,incendio,-7.3546,-76.3972
5130,no_incendio,-6.991300272279587,-76.75580323161067
5131,incendio,-5.7437,-76.2753
5138,no_incendio,-7.381225768944467,-76.16930082038664
5143,no_incendio,-5.3928610006268665,-76.95098681919762
5144,incendio,-8.5707,-76.2669
5145,incendio,-6.8003,-76.691
5156,incendio,-6.1745,-75.9496
5160,incendio,-7.1905,-76.2881
5162,incendio,-6.8353,-76.4861
5166,incendio,-6.4757,-77.515
5167,no_incendio,-6.4156514594615395,-77.50323228806793
5169,incendio,-5.9394,-76.2551
5170,incendio,-5.9388,-76.9881
5175,incendio,-7.2336,-76.7769
5176,no_incendio,-5.8012341650518415,-77.26448001518449
5179,incendio,-5.3358,-76.6985
5180,incendio,-6.0221,-77.1817
5182,incendio,-5.8277,-76.2053
5186,incendio,-7.2939,-76.4249
5189,no_incendio,-6.959314262350769,-76.76578066872496
5197,incendio,-7.1724,-76.6682
5201,no_incendio,-6.072304927752775,-76.77556503555117
5205,no_incendio,-6.026656147123168,-76.76469510540855
5210,incendio,-6.5897,-76.7993
5220,no_incendio,-5.925744830854394,-76.62635370808266
5222,no_incendio,-7.536324441611577,-75.98652093293225
5228,incendio,-7.0086,-76.6204
5232,incendio,-5.9128,-75.9602
5235,incendio,-7.3968,-76.4035
5237,no_incendio,-7.160701404821328,-77.50258610161559
5241,incendio,-6.6955,-76.3944
5245,incendio,-5.8209,-76.5239
5247,no_incendio,-5.8570726019942425,-76.40667258173919
5266,incendio,-6.3146,-76.0529
5268,no_incendio,-6.122241228202742,-76.97601645146484
5272,incendio,-7.0953,-76.3611
5304,no_incendio,-7.475453840000244,-77.09283995143899
5309,no_incendio,-5.465266875680572,-76.24842900681286
5311,incendio,-8.6625,-76.9608
5322,no_incendio,-5.424572995842199,-76.6735765187215
5329,incendio,-5.9068,-76.2967
5338,incendio,-5.7425,-77.4593
5344,incendio,-7.5378,-76.7205
5347,no_incendio,-6.181570378698443,-77.2403974842685
5355,incendio,-7.3253,-76.9727
5358,no_incendio,-6.467350712480753,-77.13922176575424
5361,incendio,-6.1251,-76.1922
5368,incendio,-6.1133,-76.1557
5369,incendio,-7.0323,-76.2061
5374,incendio,-6.7076,-76.3308
5377,no_incendio,-6.536547874138972,-77.31298293788737
5383,incendio,-6.6933,-76.4498
5395,incendio,-6.3502,-76.0866
5397,incendio,-8.4887,-76.3945
5399,no_incendio,-7.554963436234575,-75.69130210162552
5408,incendio,-7.2332,-76.2656
5418,incendio,-6.9483,-76.2669
5419,incendio,-5.6084,-75.9296
5421,incendio,-6.3573,-75.7816
5431,incendio,-8.4632,-77.0031
5432,no_incendio,-6.775573791793621,-76.68783581514383
5434,incendio,-5.9743,-76.2636
5436,no_incendio,-7.537645825070388,-77.33447245653781
5442,no_incendio,-5.882755427823639,-77.51237097659782
5443,incendio,-5.7508,-77.2735
5447,no_incendio,-6.010451782777754,-76.65548557621318
5450,incendio,-8.0742,-76.7454
5455,no_incendio,-6.042344688075439,-75.58423135699039
5457,no_incendio,-6.385759143148429,-76.5709354755892
5458,incendio,-7.8956,-76.6635
5459,no_incendio,-6.20119371633988,-76.87236267556213
5466,incendio,-5.9453,-76.2433
5467,incendio,-7.5099,-76.4383
5470,incendio,-6.7808,-76.8093
5475,no_incendio,-6.572959136388864,-76.70713570582085
5480,no_incendio,-5.911980434774437,-76.07407858450021
5482,no_incendio,-5.450166959625918,-77.00835031536832
5489,incendio,-7.3291,-76.5795
5500,incendio,-7.3074,-76.8053
5501,incendio,-5.6665,-76.6465
5502,no_incendio,-5.49325291733823,-76.90069379643876
5504,incendio,-8.6823,-76.3489
5512,incendio,-5.6951,-75.8751
5525,no_incendio,-6.395505819847665,-76.99761432969862
5536,no_incendio,-7.589730303914846,-76.05435857716274
5537,incendio,-5.6464,-76.6057
5543,incendio,-8.1396,-76.655
5544,incendio,-6.0472,-75.9385
5548,no_incendio,-5.569129164967829,-76.89146867970102
5549,no_incendio,-5.826799302537919,-75.73782519899997
5550,incendio,-8.4725,-76.3851
5557,incendio,-7.4606,-76.5378
5569,incendio,-6.721,-76.4847
5571,no_incendio,-6.0746976290586785,-75.57122315970695
5575,no_incendio,-5.699419411757933,-76.10583548301037
5576,no_incendio,-6.130295951384975,-75.70862882951778
5579,no_incendio,-6.960986438297525,-76.973990270216
5582,incendio,-7.2396,-76.1099
5594,incendio,-8.5245,-77.0409
5606,no_incendio,-5.739591127784566,-75.99955564974134
5609,incendio,-6.74,-76.6977
5612,incendio,-7.373,-76.5795
5617,no_incendio,-6.56383921503927,-77.29970461755646
5622,no_incendio,-5.3860874889168056,-76.83704410013208
5632,no_incendio,-5.900117559948675,-75.56284439390626
5633,incendio,-7.22,-77.0019
5639,incendio,-5.9381,-75.947
5642,incendio,-6.8052,-76.4104
5645,incendio,-5.9009,-76.0052
5646,incendio,-8.4071,-76.4928
5647,incendio,-7.0233,-76.5778
5653,incendio,-6.4143,-76.0464
5655,incendio,-6.4877,-76.3638
5676,incendio,-8.5596,-76.2727
5695,no_incendio,-6.042014186508827,-75.97046946062136
5697,incendio,-7.0188,-76.4962
5698,incendio,-7.1898,-76.6025
5705,incendio,-6.793,-76.607
5713,no_incendio,-6.787051317211901,-77.10628604223226
5715,no_incendio,-7.336551353349131,-77.20883178649431
5734,no_incendio,-6.994018548876931,-77.44340810717631
5738,no_incendio,-6.602549423318465,-77.00681560184587
5756,incendio,-5.7467,-77.3173
5757,incendio,-6.5927,-76.0951
5761,no_incendio,-7.142295863783367,-76.24884468058782
5765,incendio,-5.7327,-76.4567
5769,incendio,-5.3117,-76.3175
5771,no_incendio,-7.474717173105087,-76.9435614717976
5772,incendio,-6.7908,-76.2213
5776,no_incendio,-5.65611924902812,-76.450948774078
5782,no_incendio,-6.677775402102643,-76.83019542388436
5797,no_incendio,-7.516228282019169,-75.89484036620722
5804,no_incendio,-6.618506694977619,-76.00213992327006
5806,incendio,-8.1852,-76.9642
5808,incendio,-5.7444,-76.2544
5809,incendio,-7.231,-76.8831
5812,incendio,-7.0871,-76.814
5816,no_incendio,-5.409046088511844,-75.85044957982578
5821,no_incendio,-7.527307126647749,-77.12744201881532
5827,no_incendio,-7.1816270512499,-75.96620433389496
5832,no_incendio,-6.763422719650261,-75.74420107703415
5835,incendio,-6.8854,-76.5272
5841,no_incendio,-7.523343048173316,-75.60465669486607
5846,no_incendio,-6.644983818759033,-76.97235660144274
5854,no_incendio,-5.530786000980501,-76.91418709127078
5855,no_incendio,-7.163128957992517,-77.33946379317482
5856,incendio,-8.6341,-76.7622
5866,incendio,-8.4887,-76.3373
5867,no_incendio,-6.4776266103105895,-77.14737002070362
5868,incendio,-7.064,-76.5774
5870,incendio,-6.5055,-77.6324
5872,no_incendio,-5.622162432874228,-76.70501966558531
5874,incendio,-7.4056,-76.7083
5881,no_incendio,-7.152157832421082,-77.44831592237493
5883,no_incendio,-5.5683966845979995,-76.81768428751661
5885,incendio,-7.5554,-76.536
5887,no_incendio,-6.5749903992962055,-76.89683303442592
5892,incendio,-5.7832,-76.514
5893,incendio,-6.4623,-76.6092
5894,incendio,-8.4923,-76.3544
5896,incendio,-7.4749,-76.2345
5902,no_incendio,-5.5629279584591815,-75.58676722265717
5904,no_incendio,-6.851922134143454,-76.90818662457491
5905,no_incendio,-5.3860874889168056,-76.83704410013208
5907,no_incendio,-6.801666192426729,-76.32704638741743
5908,no_incendio,-6.1464831206689965,-77.21946152659409
5909,incendio,-5.7849,-76.5418
5923,no_incendio,-7.298951884711561,-75.8714337322258
5925,no_incendio,-6.568678711242536,-76.46161690496696
5928,no_incendio,-5.919068188390441,-77.36605426382134
5934,no_incendio,-5.676274225134516,-77.28318396900629
5935,incendio,-7.142,-76.5584
5936,incendio,-7.0857,-76.6977
5941,no_incendio,-6.324884637478815,-77.29362980195512
5942,incendio,-5.7258,-76.0549
5944,no_incendio,-6.261893490975904,-75.72805069897333
5949,no_incendio,-7.217722844984081,-77.2235426849214
5954,no_incendio,-6.038741337094879,-76.35768470937417
5956,no_incendio,-6.905350281771543,-75.85773993313076
5960,no_incendio,-5.906233795105334,-77.12857966060585
5962,incendio,-6.0404,-75.8711
5964,no_incendio,-5.519172911219698,-76.89133916809088
5965,incendio,-7.492,-76.4335
5966,no_incendio,-5.661805796480656,-77.53514186743837
5968,incendio,-7.0946,-76.3487
5974,no_incendio,-6.473718077481412,-77.49661278682977
5979,no_incendio,-6.040675081738544,-76.88692151022694
5981,no_incendio,-6.1628423736617925,-77.33214012724629
5983,incendio,-6.6219,-76.7048
5989,no_incendio,-6.825057480379352,-77.49883680928833
5991,incendio,-7.0787,-76.6788
5998,incendio,-6.6477,-76.2586
6000,no_incendio,-7.062719614900722,-75.90547044520231
6002,incendio,-7.8669,-77.6283
6003,incendio,-6.2104,-76.1853
6008,no_incendio,-5.404889796153065,-75.52356189843724
6009,no_incendio,-6.812854444766214,-76.31590409569822
6011,incendio,-7.3893,-76.675
6016,no_incendio,-5.561294814825637,-75.74902836133377
6020,incendio,-7.1799,-76.2672
6026,incendio,-6.0664,-76.3005
6045,incendio,-6.3352,-75.6882
6049,incendio,-8.5178,-76.4225
6059,incendio,-5.7966,-77.2436
6065,incendio,-6.838,-76.2225
6069,incendio,-7.3334,-76.6628
6074,no_incendio,-6.441902560534528,-76.15943969390888
6078,incendio,-5.7295,-76.4435
6080,no_incendio,-7.349457434232458,-77.2287510721594
6083,no_incendio,-6.31265571754434,-77.00564888561091
6085,incendio,-7.4236,-76.4131
6104,no_incendio,-5.7103480025675015,-77.41410373684516
6105,no_incendio,-7.3828581911388165,-75.8721549637632
6106,incendio,-7.3568,-76.551
6108,incendio,-5.8396,-77.1635
6109,incendio,-6.7599,-76.4219
6111,incendio,-7.2804,-76.3064
6113,incendio,-7.4299,-76.6498
6115,incendio,-7.3632,-77.5505
6127,incendio,-6.1685,-76.7512
6133,incendio,-7.2316,-76.6445
6136,incendio,-8.6095,-76.2986
6141,incendio,-7.3926,-76.6131
6142,incendio,-6.9342,-76.8017
6147,incendio,-6.2065,-76.7156
6158,incendio,-7.4743,-76.524
6160,incendio,-6.4562,-76.4761
6163,no_incendio,-7.011514074885707,-76.73934268520709
6166,incendio,-6.1468,-76.2226
6168,no_incendio,-5.776890989468168,-77.17544694472763
6170,incendio,-7.8173,-77.419
6175,no_incendio,-5.629475532551382,-77.50061748638073
6179,incendio,-7.0638,-76.8895
6184,no_incendio,-6.520841370621428,-77.36086106907894
6199,no_incendio,-5.715242133239665,-75.6692049037983
6203,no_incendio,-5.4484392138134945,-75.95921509359859
6206,incendio,-7.5794,-76.4173
6213,no_incendio,-6.1029066882194485,-77.35334666324442
6215,no_incendio,-6.834300186862358,-76.1605435782697
6218,incendio,-7.3237,-76.3276
6221,no_incendio,-5.937825755560712,-77.54131014900841
6242,incendio,-8.4493,-76.3264
6248,no_incendio,-5.715242133239665,-75.6692049037983
6249,incendio,-8.0555,-76.6993
6259,incendio,-6.5963,-76.0729
6263,no_incendio,-5.489245275525123,-76.82667902790362
6268,no_incendio,-5.403821247036303,-76.32388095777216
6269,incendio,-7.2257,-76.9966
6280,incendio,-5.3767,-75.7591
6284,incendio,-8.4085,-76.2585
6294,no_incendio,-6.256015929782314,-76.34693713254352
6301,incendio,-7.4526,-76.5427
6303,incendio,-8.3825,-76.2687
6312,incendio,-6.9814,-76.8873
6319,no_incendio,-6.2016988445038095,-75.99411742841416
6320,incendio,-6.6376,-75.6972
6322,no_incendio,-5.880337682080549,-76.27434878275604
6324,no_incendio,-5.849268078249962,-76.0787263818459
6325,no_incendio,-6.064542854980353,-77.18213602611725
6326,no_incendio,-6.4776266103105895,-77.14737002070362
6335,no_incendio,-6.180704652480343,-76.89113580194854
6343,incendio,-6.7468,-76.4355
6356,no_incendio,-6.650069273774372,-77.45753589439983
6357,no_incendio,-7.087560477783244,-76.48701616296685
6361,incendio,-6.6773,-76.6212
6364,incendio,-7.7289,-76.5154
6365,incendio,-7.2473,-76.4881
6369,incendio,-6.2568,-76.1692
6371,incendio,-6.086,-76.344
6372,no_incendio,-6.677775402102643,-76.83019542388436
6374,no_incendio,-6.640978763936889,-76.01901055862061
6383,incendio,-6.6845,-76.1421
6384,no_incendio,-5.453647317604843,-76.59202254288773
6400,incendio,-7.1622,-76.2792
6409,incendio,-5.8788,-77.4713
6415,incendio,-7.179,-76.623
6417,incendio,-7.1079,-76.8569
6419,no_incendio,-7.381225768944467,-76.16930082038664
6421,incendio,-6.4372,-75.7571
6432,incendio,-6.294,-76.1548
6436,no_incendio,-6.246302114010693,-75.65691913180889
6438,no_incendio,-6.53438876670278,-77.3151143596093
6439,incendio,-8.7355,-76.1014
6444,incendio,-7.3703,-76.5875
6446,incendio,-7.2073,-77.0316
6448,incendio,-6.5692,-76.2969
6452,incendio,-7.4037,-76.382
6454,no_incendio,-6.684588652346477,-77.1953837139415
6459,incendio,-6.0002,-76.1778
6460,no_incendio,-6.45014471724059,-77.23785683491617
6461,no_incendio,-5.882545131668422,-77.4252687375934
6462,incendio,-7.6948,-76.7763
6470,incendio,-7.3633,-76.4045
6478,incendio,-5.9939,-76.2311
6480,no_incendio,-7.191225918716162,-75.54734215721196
6483,incendio,-5.8924,-75.8825
6488,no_incendio,-5.546093305557506,-76.96305959318578
6490,incendio,-7.3594,-76.6322
6491,incendio,-5.8225,-75.8783
6493,no_incendio,-6.9973012484497445,-77.4510550557952
6495,no_incendio,-5.364892363396528,-76.8599043565554
6499,no_incendio,-5.826125398643272,-77.25978841596924
6502,incendio,-6.0984,-75.6758
6506,incendio,-5.8878,-76.1243
6510,incendio,-7.476,-76.5636
6512,incendio,-8.6027,-76.3062
6513,incendio,-6.1301,-76.1619
6514,no_incendio,-7.095024308236621,-76.98915064415999
6521,incendio,-6.8687,-76.6235
6523,incendio,-7.1349,-76.418
6527,incendio,-6.1233,-76.1193
6529,incendio,-5.902,-75.9705
6531,no_incendio,-6.590197592397879,-75.98025100323518
6534,no_incendio,-7.506850337937736,-76.33686457857513
6542,incendio,-7.1848,-76.2842
6543,incendio,-6.9313,-76.2693
6547,incendio,-6.8454,-76.3472
6549,incendio,-6.5071,-77.7504
6550,no_incendio,-6.134775971165761,-75.80907324993491
6554,incendio,-6.5,-76.6295
6559,no_incendio,-6.733687512476174,-75.74855689788478
6565,no_incendio,-5.300946297144839,-75.60535100286195
6567,incendio,-7.3119,-76.9186
6571,no_incendio,-6.923574495814878,-76.96137100911855
6572,incendio,-7.3537,-76.7872
6574,incendio,-6.605,-76.7634
6576,incendio,-7.2879,-76.4957
6578,incendio,-6.849,-76.6919
6586,no_incendio,-7.417769459056535,-76.0278387197161
6589,incendio,-7.4128,-76.4072
6590,incendio,-6.0701,-76.3723
6597,incendio,-6.2191,-76.1763
6602,incendio,-6.754,-76.6103
6603,incendio,-7.5226,-76.4385
6614,incendio,-6.6089,-76.2496
6621,incendio,-5.7042,-75.8213
6626,no_incendio,-6.426707190480592,-75.93955631582219
6638,no_incendio,-6.7133301961826755,-75.60854075962672
6644,no_incendio,-7.079367268286084,-75.74962590729507
6645,incendio,-5.6864,-76.6056
6646,no_incendio,-6.825057480379352,-77.49883680928833
6648,incendio,-6.1127,-76.1846
6652,incendio,-6.7563,-76.5616
6657,no_incendio,-7.261878534754229,-75.78596746234152
6662,no_incendio,-6.391692174987462,-77.10791126635735
6664,incendio,-5.7349,-76.2565
6666,no_incendio,-5.704328166594409,-76.92480673286192
6668,no_incendio,-6.7663153524803406,-76.63107432313332
6669,incendio,-6.3342,-75.8269
6670,incendio,-8.4671,-76.266
6671,incendio,-7.4137,-76.8107
6672,no_incendio,-5.561920884041726,-75.5653879895247
6673,incendio,-8.7218,-76.1499
6676,incendio,-8.4759,-76.4078
6678,no_incendio,-5.39776817495506,-77.21180440723553
6680,no_incendio,-5.441048358116876,-77.52077786090675
6681,no_incendio,-5.450166959625918,-77.00835031536832
6687,incendio,-6.2048,-76.2694
6688,incendio,-6.8654,-76.6144
6695,no_incendio,-7.468820255868223,-76.21884389702247
6696,no_incendio,-5.607428760846163,-75.61638280541105
6697,incendio,-7.3705,-77.5891
6698,incendio,-6.9823,-76.9461
6700,incendio,-6.3098,-76.6771
6701,no_incendio,-6.772965762366505,-76.27272500681829
6702,incendio,-7.3128,-76.7253
6708,incendio,-7.5053,-76.6224
6713,incendio,-7.1283,-76.9478
6715,incendio,-5.7283,-77.4093
6716,no_incendio,-7.4500171761306255,-77.030145813453
6726,incendio,-5.6736,-76.4477
6731,incendio,-8.6005,-77.0775
6732,no_incendio,-6.3402826742912515,-75.67543757743714
6733,no_incendio,-7.083533851815549,-75.86202426996425
6742,incendio,-7.1012,-76.227
6748,no_incendio,-5.582283481453623,-75.95562633397932
6755,no_incendio,-7.199216978961617,-75.9477990392911
6758,incendio,-6.4731,-75.6737
6761,no_incendio,-7.346936014424016,-77.24612328998047
6762,incendio,-7.1603,-76.4641
6763,incendio,-6.9117,-76.901
6771,no_incendio,-6.15602894819134,-76.33768833426039
6772,incendio,-6.7614,-76.7102
6777,incendio,-6.486,-76.7834
6779,incendio,-7.4511,-76.6836
6781,incendio,-5.7823,-76.1416
6783,incendio,-5.7813,-76.2055
6785,no_incendio,-6.428027041919373,-76.62475957936073
6787,incendio,-6.7254,-76.3771
6789,incendio,-7.1232,-76.6601
6794,incendio,-6.4491,-75.8429
6796,incendio,-6.695,-76.4615
6799,incendio,-6.1904,-76.7155
6807,incendio,-8.6596,-76.3673
6818,incendio,-6.8702,-76.1823
6819,incendio,-5.5796,-76.6759
6822,no_incendio,-7.448422790645704,-75.84545299813023
6841,incendio,-8.1665,-76.6813
6844,no_incendio,-5.576401103022335,-75.65589793985158
6858,incendio,-7.5238,-76.5577
6861,no_incendio,-6.467420438436691,-76.19360941434292
6866,incendio,-5.303,-76.3219
6867,incendio,-6.261,-75.756
6878,no_incendio,-6.726577938090313,-76.92865414529734
6881,no_incendio,-7.188266062247751,-75.80338733044515
6885,incendio,-7.1183,-76.7714
6886,incendio,-6.8487,-76.1449
6891,no_incendio,-5.315273849835721,-75.96752969040406
6892,incendio,-8.1603,-77.0879
6901,incendio,-6.9032,-76.8583
6903,incendio,-7.0656,-76.4971
6906,no_incendio,-5.356529850556848,-75.70252244587886
6907,no_incendio,-7.43096053916798,-75.91112977240851
6909,incendio,-6.0912,-77.1518
6915,no_incendio,-7.585660689069584,-77.39009094478008
6917,incendio,-5.4419,-76.8026
6919,incendio,-6.9266,-76.7506
6921,incendio,-7.5276,-76.4449
6929,incendio,-7.4171,-76.631
6932,no_incendio,-5.867404604520736,-75.92995443578674
6933,incendio,-6.3395,-76.0802
6937,no_incendio,-5.393926083579098,-77.3710588373999
6942,incendio,-6.5522,-76.768
6944,incendio,-7.4218,-76.5921
6950,incendio,-6.5841,-76.7621
6954,incendio,-7.3464,-76.9055
6958,no_incendio,-7.5389429366733145,-76.3612819242991
6961,incendio,-5.8638,-75.9542
6974,no_incendio,-6.161493803649726,-77.185392683239
6977,no_incendio,-7.294379319518731,-75.60933586901135
6979,incendio,-6.1344,-76.2853
6980,incendio,-6.9933,-76.9063
6985,no_incendio,-7.005255736259935,-76.42804994495515
6990,no_incendio,-6.834902492352533,-77.15059777266319
6995,incendio,-7.5539,-76.6225
6997,no_incendio,-6.921582299532002,-76.91163158233097
7004,incendio,-7.0353,-76.2148
7005,no_incendio,-6.299525540013742,-76.28555400177144
7012,incendio,-6.2277,-76.8261
7013,incendio,-8.7238,-76.2579
7017,no_incendio,-7.547004527368286,-77.14424900414204
7020,no_incendio,-5.798404361194972,-75.81527300196596
7023,no_incendio,-6.922199249991655,-76.68603062105682
7024,incendio,-6.0457,-76.1724
7026,incendio,-7.4546,-76.6383
7030,no_incendio,-6.3065520769299415,-76.52048775212563
7033,no_incendio,-5.701666858501454,-75.71059369687181
7038,incendio,-6.6332,-76.2446
7039,incendio,-5.7072,-76.0314
7042,incendio,-6.6252,-76.6438
7056,incendio,-7.1649,-76.8869
7058,incendio,-7.3719,-76.7727
7059,incendio,-7.2838,-76.4733
7061,no_incendio,-5.49005851410074,-77.39191865885853
7063,no_incendio,-6.799158296280013,-76.12149634545402
7073,incendio,-6.83,-76.8352
7076,no_incendio,-6.010674240572804,-77.09796715104932
7077,no_incendio,-5.455465993485473,-76.16419328270247
7078,no_incendio,-6.698529470828457,-76.28501109879417
7079,no_incendio,-5.775752820945428,-75.77309666724678
7080,incendio,-7.0127,-76.2788
7084,no_incendio,-6.189900798297541,-77.11922448268243
7085,no_incendio,-6.325765977825784,-76.5205147871752
7095,no_incendio,-5.3130357942785436,-76.58858316456917
7097,incendio,-5.937,-76.9431
7099,incendio,-8.2872,-76.4403
7102,incendio,-6.7479,-76.5957
7106,incendio,-6.0675,-75.9563
7109,no_incendio,-7.537645825070388,-77.33447245653781
7113,incendio,-7.4387,-76.609
7115,no_incendio,-5.693256209324268,-76.57722873694159
7122,no_incendio,-6.0746976290586785,-75.57122315970695
7124,no_incendio,-5.300946297144839,-75.60535100286195
7129,incendio,-6.3997,-77.4674
7131,incendio,-6.7329,-76.7275
7135,incendio,-6.9831,-76.7953
7137,no_incendio,-5.87938832915223,-76.90538612384941
7157,incendio,-6.7219,-76.4498
7165,incendio,-6.4761,-76.8436
7167,incendio,-6.8779,-76.129
7169,incendio,-6.8733,-76.5338
7173,incendio,-8.7101,-76.8397
7175,no_incendio,-5.3860874889168056,-76.83704410013208
7177,incendio,-6.1482,-75.9191
7187,incendio,-8.3671,-76.3835
7198,no_incendio,-7.086048466965619,-75.60482526516276
7209,incendio,-7.3632,-76.629
7211,no_incendio,-7.111569656244363,-77.04269521527607
7226,no_incendio,-5.926705485124891,-75.77709994653331
7232,incendio,-6.7933,-76.4087
7248,no_incendio,-5.733303330887296,-76.64353813041618
7259,incendio,-7.0163,-76.8517
7265,no_incendio,-7.084883582406477,-76.16691642079259
7268,incendio,-7.4854,-76.4511
7273,no_incendio,-5.882379700992915,-75.5521215473338
7280,incendio,-6.8067,-76.1032
7284,incendio,-6.6509,-76.2499
7289,incendio,-7.4409,-76.4002
7296,incendio,-7.4777,-76.5106
7299,incendio,-8.3888,-76.5499
7300,no_incendio,-5.592011294671137,-75.99975689195666
7306,incendio,-7.5483,-76.6657
7307,incendio,-6.1006,-75.7909
7317,incendio,-8.31,-76.3203
7319,no_incendio,-5.590950998396602,-75.50740685150045
7320,no_incendio,-7.4811756669415,-76.01564428333117
7323,incendio,-7.6643,-76.4907
7327,incendio,-7.2426,-76.42
7332,incendio,-6.4499,-76.6514
7346,no_incendio,-6.6308882191110055,-76.3915553322726
7347,no_incendio,-6.252480366224789,-76.488140203218
7349,incendio,-6.7244,-76.1322
7351,no_incendio,-6.856229226903604,-75.880120110949
7356,no_incendio,-5.740185734953845,-76.52718705325192
7365,incendio,-7.1533,-76.4135
7367,no_incendio,-7.312843125933768,-75.51939324111113
7368,no_incendio,-6.729806246426535,-76.87013039720924
7375,incendio,-7.4742,-76.5357
7376,incendio,-7.4174,-76.6976
7390,incendio,-8.6621,-76.411
7396,incendio,-6.5599,-77.7162
7400,incendio,-7.1294,-76.3522
7403,no_incendio,-7.436110407887001,-75.68288184576566
7407,no_incendio,-7.014702412265873,-76.4405488433982
7413,no_incendio,-6.699009805364948,-77.20530585140459
7418,no_incendio,-7.086048466965619,-75.60482526516276
7419,no_incendio,-5.576377400601263,-76.00886183713747
7422,incendio,-6.7225,-76.6223
7432,no_incendio,-7.3045123106112335,-75.99723406684437
7434,no_incendio,-6.185102706019143,-75.78932803542219
7435,incendio,-8.3839,-76.2198
7440,incendio,-5.9736,-77.0461
7449,no_incendio,-5.413750833598563,-75.87946450439262
7451,incendio,-6.1066,-76.1384
7455,incendio,-7.1318,-76.2434
7459,incendio,-6.2782,-76.2049
7463,incendio,-6.3268,-75.832
7472,incendio,-7.6699,-76.5354
7477,incendio,-8.3659,-77.0619
7478,incendio,-6.1103,-76.1287
7481,incendio,-7.0539,-76.3064
7485,no_incendio,-5.9343288832648255,-75.71284400291329
7489,no_incendio,-5.728382445396997,-77.12017555927592
7499,incendio,-6.639,-76.7601
7515,no_incendio,-5.693308964023421,-77.38488694411686
7520,incendio,-6.353,-75.762
7524,incendio,-7.2087,-76.8837
7527,no_incendio,-5.4956287964108785,-77.39970137101125
7531,no_incendio,-6.352348321356028,-75.59610164326816
7539,incendio,-7.3236,-76.3186
7541,no_incendio,-7.098978961723795,-76.16251434543014
7545,no_incendio,-5.764033944085201,-76.45830778573153
7570,no_incendio,-5.720724874930588,-76.09066535924033
7576,no_incendio,-7.149817793244048,-76.68995380242758
7578,no_incendio,-6.992873718796428,-77.40735326396366
7583,no_incendio,-5.313659040472185,-75.7974059398213
7585,no_incendio,-6.011348651194169,-77.43448041427209
7596,no_incendio,-5.807017349001207,-75.61769536103809
7597,incendio,-6.1454,-76.9533
7599,incendio,-7.3032,-77.0231
7600,no_incendio,-6.007112604816549,-77.29204800487722
7618,no_incendio,-5.608145245385959,-76.22898397370268
7619,incendio,-7.2748,-76.6032
7620,no_incendio,-7.265385570436415,-76.15256195898944
7621,incendio,-6.1474,-76.1595
7623,incendio,-6.1325,-76.3266
7626,incendio,-7.5267,-76.6448
7627,no_incendio,-7.442180034070876,-75.92683774273232
7628,incendio,-5.8462,-77.1997
7633,no_incendio,-5.5683966845979995,-76.81768428751661
7634,incendio,-6.2262,-76.1013
7647,no_incendio,-6.501773263941807,-76.20873227680231
7652,incendio,-6.5925,-76.4185
7660,incendio,-6.3076,-76.3121
7661,no_incendio,-5.3689055308415,-76.62344622964636
7664,incendio,-8.1906,-76.6398
7666,incendio,-7.2822,-76.7324
7670,incendio,-7.5431,-76.6325
7672,no_incendio,-6.960339111557958,-75.64609550577184
7686,incendio,-7.3891,-76.7208
7687,incendio,-6.397,-76.0742
7689,incendio,-6.7451,-76.8476
7696,no_incendio,-5.339988911138568,-75.94604419335825
7700,incendio,-7.3818,-76.5748
7702,no_incendio,-6.705083355769138,-77.07784196502678
7706,no_incendio,-6.619578652288662,-76.97686198868091
7709,no_incendio,-6.376726836973272,-77.35752912688064
7714,incendio,-7.4831,-76.2304
7716,incendio,-6.7628,-76.5751
7717,incendio,-6.9142,-76.7915
7719,incendio,-7.0188,-76.7326
7731,incendio,-5.9444,-75.9725
7735,incendio,-7.5595,-76.6496
7738,no_incendio,-7.278446400857449,-77.33703515392486
7742,no_incendio,-6.5631659761878876,-77.17426169429598
7744,incendio,-7.0318,-76.6379
7746,no_incendio,-5.800663587251775,-77.2156236281296
7747,no_incendio,-6.311293975828189,-76.65790550589152
7755,no_incendio,-7.353333723942861,-76.86451079953567
7760,incendio,-7.1647,-76.4408
7761,incendio,-6.3628,-76.6095
7764,no_incendio,-5.62776239327014,-77.48408133634722
7769,incendio,-6.4166,-76.919
7770,no_incendio,-6.950453264096688,-75.59880859567114
7775,incendio,-7.4784,-76.5604
7781,no_incendio,-6.31265571754434,-77.00564888561091
7787,incendio,-8.4706,-76.989
7797,no_incendio,-7.511017054186108,-77.44217334143556
7814,incendio,-5.8198,-76.3075
7816,no_incendio,-7.174304209114396,-76.54277799438324
7817,no_incendio,-6.4156514594615395,-77.50323228806793
7819,no_incendio,-7.396293728832261,-76.90325278525978
7821,no_incendio,-7.0852919010703905,-76.44513634305123
7822,no_incendio,-7.282016752291952,-75.89864347181351
7825,incendio,-7.1451,-77.5345
7831,incendio,-6.2992,-76.0079
7832,incendio,-6.6797,-76.6922
7837,incendio,-7.5393,-76.5494
7838,no_incendio,-7.087560477783244,-76.48701616296685
7839,no_incendio,-6.187799355462546,-77.0520465624197
7840,no_incendio,-5.588125457302943,-77.46080617284144
7844,no_incendio,-5.323979357908248,-75.76496426046252
7847,no_incendio,-6.99869942925542,-76.8613209261512
7861,incendio,-6.7912,-76.7115
7863,incendio,-5.7386,-76.2307
7884,incendio,-6.541,-76.1301
7886,no_incendio,-6.761574880071224,-76.52109859066432
7887,no_incendio,-6.439049170355273,-77.46289627422017
7888,no_incendio,-6.735984440425587,-77.00622820601815
7889,incendio,-6.2439,-77.7811
7890,no_incendio,-6.737802446576857,-76.76156798779444
7892,no_incendio,-7.279073350966451,-75.53370306812118
7894,incendio,-7.2831,-76.739
7897,no_incendio,-6.110977096163155,-77.0520623179512
7903,no_incendio,-7.063019746501072,-77.52481749302208
7904,no_incendio,-6.581835148874593,-77.10480197876178
7910,incendio,-6.8224,-76.6127
7912,incendio,-6.7519,-76.2401
7914,incendio,-6.2529,-76.2503
7918,no_incendio,-6.254046612679011,-76.94445690037632
7924,incendio,-7.3711,-76.7342
7926,no_incendio,-5.882379700992915,-75.5521215473338
7934,no_incendio,-6.94200325407077,-76.26001952788216
7943,no_incendio,-6.837388041019548,-77.0882269714977
7945,no_incendio,-5.646223843039662,-77.22265388647651
7951,no_incendio,-5.847773952672416,-76.45786537475786
7952,incendio,-6.9607,-76.8092
7954,incendio,-6.9779,-76.4337
7959,incendio,-6.9809,-76.7327
7964,no_incendio,-7.442941681589652,-76.91434045843735
7967,incendio,-8.3369,-76.2692
7980,incendio,-7.4647,-76.5404
7983,incendio,-7.057,-76.1877
7988,incendio,-7.0666,-76.2447
8005,incendio,-8.7393,-76.7484
8012,no_incendio,-5.752288568187965,-75.61867904444058
8016,incendio,-6.9661,-76.6
8019,incendio,-7.6202,-76.4717
8021,no_incendio,-6.66782718852246,-77.11974959426693
8025,no_incendio,-7.224623096753857,-76.90340581488266
8027,no_incendio,-7.573586798987392,-75.72729255411187
8028,incendio,-7.6535,-76.488
8029,no_incendio,-5.924081807664306,-77.5419305607915
8031,incendio,-7.4915,-76.6179
8035,incendio,-6.468,-77.6663
8036,no_incendio,-5.5978889160107626,-76.86708534486174
8039,no_incendio,-5.532392079747417,-76.92136640270547
8042,incendio,-5.4878,-75.829
8052,incendio,-5.9492,-76.3401
8054,no_incendio,-5.3149529866292395,-75.54616509202799
8055,no_incendio,-6.621617501983885,-75.65329251395444
8057,incendio,-7.1832,-76.3059
8058,incendio,-7.1801,-76.4642
8060,incendio,-6.9725,-76.4807
8061,no_incendio,-5.632530971200962,-77.47788862342078
8067,incendio,-5.899,-75.97
8069,incendio,-6.1778,-76.2387
8073,no_incendio,-6.569933219427762,-75.5278161670118
8075,incendio,-8.5769,-76.3255
8083,no_incendio,-5.388346448693102,-76.72150148992378
8088,incendio,-6.6942,-76.257
8093,no_incendio,-7.391919899350189,-76.53710558307176
8094,no_incendio,-5.85348487678678,-75.67716092139695
8096,incendio,-7.2899,-76.7165
8097,incendio,-7.136,-76.4241
8101,incendio,-7.372,-76.3698
8104,no_incendio,-5.353246300739066,-75.96334736686653
8110,incendio,-8.3729,-77.71
8123,no_incendio,-5.906320557671209,-76.16456069117528
8130,incendio,-5.794,-77.3149
8131,incendio,-5.7758,-77.3934
8136,no_incendio,-6.575273134907994,-75.71241319767115
8142,no_incendio,-7.464233169627815,-76.3089508607516
8153,no_incendio,-7.089719383654557,-75.94940066492136
8157,no_incendio,-6.501773263941807,-76.20873227680231
8159,incendio,-6.8335,-76.3094
8179,no_incendio,-7.331602369683786,-75.50190770424915
8180,incendio,-7.3614,-76.7729
8181,no_incendio,-7.474717173105087,-76.9435614717976
8190,incendio,-7.6614,-76.5272
8196,no_incendio,-6.649475670478298,-75.86589242526365
8197,incendio,-6.5853,-76.4885
8198,incendio,-6.3317,-77.161
8201,incendio,-6.8846,-76.471
8204,no_incendio,-5.908177822401652,-76.8838396640829
8205,no_incendio,-5.670265351646696,-76.15936780244608
8207,incendio,-8.3735,-76.3228
8216,incendio,-7.1022,-76.2707
8223,no_incendio,-7.408503653357758,-76.24578800464187
8224,incendio,-8.259,-77.1894
8228,incendio,-8.5066,-76.4275
8231,incendio,-7.0725,-76.7802
8234,incendio,-6.7659,-76.7134
8236,no_incendio,-6.0854129819425,-76.79698741171129
8238,no_incendio,-7.538851524680003,-76.89606525439852
8239,incendio,-7.9633,-76.6805
8241,incendio,-6.2453,-76.0903
8242,no_incendio,-7.03159653116471,-76.48526719545968
8244,incendio,-6.9792,-76.5415
8251,incendio,-7.169,-77.0051
8271,incendio,-7.3511,-76.2421
8274,incendio,-7.0635,-76.6867
8278,no_incendio,-5.841084064265475,-76.47146316885033
8282,incendio,-7.2609,-77.001
8283,incendio,-6.2166,-75.9343
8289,no_incendio,-6.992873718796428,-77.40735326396366
8290,incendio,-6.3761,-75.6732
8298,incendio,-7.3743,-76.7393
8301,incendio,-6.4245,-75.7369
8307,no_incendio,-6.238571072533694,-75.50795501172155
8309,incendio,-8.4762,-77.004
8310,no_incendio,-6.617504610391747,-77.25647472773994
8312,incendio,-6.1444,-76.2985
8316,no_incendio,-5.907158352622331,-77.4442973163752
8331,no_incendio,-6.324934683730277,-76.81019781469472
8332,no_incendio,-6.367884072608207,-76.17501426406548
8339,no_incendio,-5.915658751464713,-77.38575524652865
8341,incendio,-6.8179,-76.8885
8342,no_incendio,-6.638936461882343,-76.98044793632914
8343,no_incendio,-6.5305605417841495,-76.81567387832536
8349,incendio,-6.2182,-76.7673
8355,incendio,-6.1729,-76.9219
8368,incendio,-5.9889,-76.1322
8373,incendio,-6.8611,-76.1897
8377,incendio,-7.2637,-76.6973
8383,no_incendio,-5.959481938609148,-77.35681272469573
8393,no_incendio,-5.509842715479968,-77.22974622552158
8398,no_incendio,-6.599702785570768,-77.42370077864948
8401,no_incendio,-5.49325291733823,-76.90069379643876
8404,no_incendio,-6.547946119465311,-76.58716239935082
8406,incendio,-5.7732,-76.0794
8407,no_incendio,-6.1628423736617925,-77.33214012724629
8408,incendio,-6.9005,-76.6597
8418,no_incendio,-7.500619459820059,-77.36318050509186
8419,incendio,-7.0806,-76.7616
8424,no_incendio,-7.5842496329608995,-75.57404179177915
8430,incendio,-6.5772,-76.178
8432,incendio,-7.3391,-76.7135
8440,incendio,-6.7557,-76.7797
8442,incendio,-5.8327,-77.333
8458,incendio,-6.665,-76.594
8461,incendio,-5.6526,-76.5344
8462,no_incendio,-7.573586798987392,-75.72729255411187
8464,no_incendio,-6.4985912391976255,-76.97886285295857
8470,incendio,-6.771,-76.6552
8471,incendio,-5.7271,-77.4123
8473,incendio,-5.7219,-75.7558
8474,no_incendio,-6.887017706594157,-77.30533643415299
8475,no_incendio,-6.741440234624422,-77.09605125719467
8481,incendio,-8.5236,-76.4131
8484,incendio,-6.9536,-76.8496
8486,incendio,-8.7625,-76.2567
8490,incendio,-6.7053,-76.866
8498,incendio,-5.7468,-77.3752
8501,no_incendio,-7.537264707596327,-76.77993123452514
8504,incendio,-7.6679,-76.5173
8511,no_incendio,-6.709679366409026,-76.89232327371961
8513,no_incendio,-5.374689655955711,-76.01901794140703
8515,incendio,-7.3509,-76.6004
8518,incendio,-5.9535,-75.8844
8522,incendio,-7.2254,-76.8418
8523,incendio,-6.6654,-76.7226
8528,no_incendio,-5.882545131668422,-77.4252687375934
8533,incendio,-6.8891,-76.8797
8540,incendio,-7.1999,-76.5302
8554,no_incendio,-7.308376267427788,-75.72020744008876
8556,incendio,-6.0844,-76.0289
8558,no_incendio,-5.326609511462546,-75.7438155508771
8559,incendio,-7.0751,-76.1813
8562,incendio,-6.8854,-76.8734
8563,incendio,-7.3867,-76.5772
8573,incendio,-6.5224,-77.7533
8580,incendio,-7.418,-76.7007
8605,incendio,-5.696,-77.3977
8607,incendio,-7.5005,-76.2309
8608,incendio,-6.1558,-76.8328
8612,incendio,-7.6247,-77.4815
8614,incendio,-6.4123,-75.7864
8618,incendio,-5.9578,-76.0135
8619,no_incendio,-6.851922134143454,-76.90818662457491
8621,incendio,-7.3304,-76.8853
8623,no_incendio,-6.572656774954891,-77.3264854349528
8629,incendio,-7.5155,-76.4481
8641,incendio,-7.2055,-76.8514
8642,incendio,-6.1465,-76.1929
8646,incendio,-6.3978,-76.0145
8649,incendio,-5.8213,-77.2141
8663,incendio,-6.2458,-76.2432
8687,incendio,-7.3682,-76.7644
8690,no_incendio,-5.577424926283962,-75.86385660107669
8692,no_incendio,-6.687814799910479,-75.56700420232013
8693,no_incendio,-7.213623333493973,-77.17840648744146
8697,no_incendio,-6.231532660134269,-77.43051392350198
8698,incendio,-5.6638,-77.49
8702,incendio,-7.0353,-77.0439
8706,no_incendio,-5.557069716448366,-75.65393079947539
8708,incendio,-8.6163,-76.1139
8710,no_incendio,-7.231319010056117,-76.25282835259368
8711,no_incendio,-7.174304209114396,-76.54277799438324
8720,incendio,-6.7994,-76.3879
8724,incendio,-6.5564,-76.3951
8728,no_incendio,-5.482360092898033,-75.75875593827813
8729,no_incendio,-7.52002816732032,-76.85728021112728
8732,no_incendio,-7.353333723942861,-76.86451079953567
8739,no_incendio,-6.5564240987934905,-76.79797957202473
8742,incendio,-7.284,-76.6205
8744,no_incendio,-5.431391280919102,-75.58519659503115
8753,no_incendio,-6.332355926126756,-76.57852424451565
8756,no_incendio,-6.061127541678445,-77.3300358732125
8758,incendio,-6.9125,-76.8983
8761,incendio,-6.1598,-77.7763
8764,incendio,-7.3115,-76.7597
8771,incendio,-7.2465,-76.4321
8773,no_incendio,-6.9821795229188215,-77.4814837765738
8775,no_incendio,-5.382192721085108,-75.80513455395052
8779,incendio,-6.9922,-76.1482
8780,no_incendio,-6.551429222354349,-76.91211574837874
8791,incendio,-7.1595,-76.085
8793,no_incendio,-5.3928610006268665,-76.95098681919762
8794,incendio,-6.4318,-76.5422
8798,no_incendio,-6.162915042417179,-77.15261169414305
8800,incendio,-7.2748,-76.7553
8802,incendio,-7.9829,-77.4304
8804,no_incendio,-5.655403371061297,-77.22066038141541
8806,incendio,-6.6047,-76.1375
8807,incendio,-6.0428,-76.1654
8810,incendio,-7.116,-76.9773
8825,no_incendio,-6.006937780860308,-77.45432250461575
8829,incendio,-5.8344,-77.0834
8830,incendio,-6.3004,-77.5388
8833,incendio,-7.1722,-76.2196
8838,incendio,-5.8815,-75.9551
8843,no_incendio,-6.5305605417841495,-76.81567387832536
8845,incendio,-5.6785,-76.6106
8846,incendio,-6.6791,-76.2577
8850,no_incendio,-5.977954403238399,-75.89740788010133
8857,incendio,-7.3397,-76.2182
8869,incendio,-5.7511,-77.2446
8876,no_incendio,-5.673007856969957,-76.8124122789181
8877,incendio,-6.527,-76.8786
8878,incendio,-6.4722,-75.9296
8880,incendio,-7.1964,-77.0284
8882,no_incendio,-6.74885592845062,-76.02672128613708
8888,incendio,-5.8306,-76.0156
8889,no_incendio,-7.3820884546139,-76.13227467193721
8890,incendio,-6.125,-76.2841
8893,no_incendio,-5.691703950902071,-76.93733770607169
8902,no_incendio,-6.215385324683509,-77.39247138767627
8903,incendio,-6.1117,-76.1846
8907,no_incendio,-6.9256501234330665,-77.07157879837493
8913,no_incendio,-7.394254404476224,-75.68500027222532
8914,incendio,-7.2827,-76.0784
8915,no_incendio,-5.701666858501454,-75.71059369687181
8918,incendio,-6.3171,-75.6939
8935,no_incendio,-5.882379700992915,-75.5521215473338
8937,no_incendio,-7.418524326808485,-76.32670813744515
8950,no_incendio,-5.41267692948794,-75.94332607139869
8951,incendio,-6.8443,-76.7859
8955,no_incendio,-7.52002816732032,-76.85728021112728
8956,incendio,-7.5936,-76.6311
8960,incendio,-6.6764,-76.6792
8961,incendio,-6.9835,-76.7495
8966,incendio,-7.5457,-76.7027
8969,incendio,-7.2384,-76.6338
8976,no_incendio,-5.591020062659783,-76.63960042736485
8984,no_incendio,-6.883760214306626,-75.62202390814382
9001,no_incendio,-7.2086548700460105,-76.60794035176814
9002,incendio,-6.1307,-76.1355
9013,no_incendio,-7.552000736404346,-77.05977682552361
9017,no_incendio,-6.949275367929126,-77.03979042014342
9023,incendio,-7.3797,-76.4998
9024,incendio,-7.4571,-76.5127
9029,no_incendio,-5.3689055308415,-76.62344622964636
9030,incendio,-6.9681,-76.5857
9037,incendio,-6.7991,-76.7483
9039,no_incendio,-6.500803234494254,-76.0342561681164
9040,incendio,-5.6807,-77.1342
9068,no_incendio,-6.060981828013205,-76.61589601950963
9072,no_incendio,-6.5631659761878876,-77.17426169429598
9077,incendio,-5.3231,-76.9946
9082,no_incendio,-5.4157703002618724,-75.88771884850634
9083,incendio,-8.5264,-76.3825
9087,incendio,-5.758,-76.4817
9090,incendio,-5.7815,-77.0966
9091,incendio,-7.0934,-76.2493
9092,incendio,-8.6591,-77.0256
9094,incendio,-7.3751,-76.641
9095,incendio,-6.695,-76.8621
9101,incendio,-8.6987,-76.2957
9106,no_incendio,-5.530786000980501,-76.91418709127078
9107,incendio,-5.8488,-76.3686
9109,no_incendio,-6.40519633681147,-77.40140623826653
9110,no_incendio,-7.000863457307533,-75.58957693762711
9114,incendio,-6.4962,-77.281
9119,incendio,-6.2509,-76.644
9126,no_incendio,-5.703527630485487,-76.04599898833253
9128,incendio,-7.9446,-76.684
9130,incendio,-6.8265,-76.6484
9135,no_incendio,-5.746784627492212,-75.78617751665539
9137,incendio,-6.1866,-76.351
9157,incendio,-7.0444,-76.304
9159,no_incendio,-6.303002240210201,-76.72194514117207
9180,no_incendio,-5.531434005442488,-77.13875106909684
9181,incendio,-5.7336,-76.1174
9184,incendio,-7.0532,-76.8067
9186,incendio,-6.497,-75.6526
9191,no_incendio,-5.334479044366705,-77.48777820988575
9197,incendio,-7.9746,-76.6817
9198,no_incendio,-6.705665824489784,-75.86880266225904
9201,no_incendio,-6.338883523616399,-76.67237416346605
9203,incendio,-7.0965,-77.6771
9220,incendio,-6.5432,-76.2129
9231,incendio,-7.9714,-76.6539
9232,incendio,-6.0619,-76.2973
9238,no_incendio,-6.378539891531966,-75.71550711436312
9246,incendio,-7.176,-76.802
9248,incendio,-7.5233,-76.4365
9251,no_incendio,-5.592210809875936,-75.85957552026237
9254,no_incendio,-6.976092489979531,-77.35059361204593
9256,incendio,-6.1759,-76.9207
9264,no_incendio,-5.719203795161454,-76.0632701523621
9274,incendio,-5.7984,-77.3281
9275,no_incendio,-6.196820810614756,-77.18695898534692
9278,incendio,-7.2031,-76.5737
9280,no_incendio,-6.530680448143941,-77.14936961816767
9281,no_incendio,-6.66812028796298,-76.15230026038583
9283,no_incendio,-6.339520872179224,-76.81899067100204
9285,no_incendio,-6.266506898778969,-76.33689278886196
9287,no_incendio,-5.592210809875936,-75.85957552026237
9292,incendio,-6.807,-76.6165
9294,incendio,-6.2944,-76.2258
9296,incendio,-7.3731,-76.4116
9302,no_incendio,-6.60024344042182,-76.28088372901857
9303,incendio,-7.573,-76.5281
9306,no_incendio,-6.231532660134269,-77.43051392350198
9310,no_incendio,-7.420738238712349,-77.50365613060586
9311,incendio,-6.1476,-76.25
9313,incendio,-6.8514,-76.8077
9320,incendio,-6.9537,-76.8642
9321,incendio,-8.4085,-76.3458
9322,incendio,-7.3712,-76.5958
9337,incendio,-8.7028,-76.3472
9343,incendio,-7.5248,-76.7261
9345,no_incendio,-7.27421571842906,-77.20818796800718
9349,incendio,-5.8257,-76.0647
9357,incendio,-6.7069,-76.3261
9361,no_incendio,-7.532917537712722,-76.04821551837472
9366,incendio,-8.3827,-77.1038
9373,incendio,-5.7835,-77.2521
9375,incendio,-5.7446,-76.522
9387,incendio,-7.5687,-76.5324
9389,incendio,-7.5314,-76.5464
9390,incendio,-5.7941,-77.0843
9396,incendio,-6.7667,-76.4693
9399,incendio,-7.2026,-76.6195
9400,no_incendio,-6.589846765006126,-76.67564163824959
9401,incendio,-5.8306,-75.9431
9403,no_incendio,-6.2062844027818835,-77.2816967062703
9405,incendio,-7.3357,-76.9737
9409,incendio,-7.1137,-76.9117
9410,incendio,-6.6477,-76.5895
9411,incendio,-6.1126,-75.759
9414,incendio,-6.7045,-76.7757
9416,incendio,-7.4055,-76.5581
9424,incendio,-7.4702,-76.5237
9425,incendio,-7.2949,-76.614
9428,no_incendio,-5.906180880379202,-75.93802228835084
9430,incendio,-7.4648,-76.6933
9433,incendio,-7.2001,-76.4598
9435,no_incendio,-6.8808047229850295,-76.28180482094469
9444,no_incendio,-5.877091540669871,-76.18474625697182
9446,incendio,-6.7073,-76.6475
9447,incendio,-8.6869,-77.4927
9459,incendio,-5.7433,-76.485
9465,no_incendio,-7.391354511869424,-77.17370886410413
9468,no_incendio,-6.1174086914739405,-75.65121133854548
9472,incendio,-7.1845,-76.8921
9476,no_incendio,-6.741564716218832,-76.27215624555981
9480,no_incendio,-5.91369294253363,-76.91673941934057
9482,no_incendio,-6.993239612195546,-76.80617132397158
9485,incendio,-7.035,-76.7262
9494,no_incendio,-5.623597121632923,-75.81781716667395
9495,incendio,-6.0106,-77.0238
9499,no_incendio,-5.871711432876104,-76.01772742487569
9505,no_incendio,-7.20837922312058,-75.60173964481412
9507,no_incendio,-7.147843120370421,-77.31448550971452
9508,incendio,-5.9951,-75.975
9511,no_incendio,-7.3045123106112335,-75.99723406684437
9518,no_incendio,-6.157983789056771,-76.91942166932327
9521,no_incendio,-6.441502518699965,-76.95262753749782
9538,no_incendio,-7.000863457307533,-75.58957693762711
9539,no_incendio,-7.084883582406477,-76.16691642079259
9550,incendio,-8.6802,-76.3411
9560,incendio,-6.7286,-76.4104
9566,incendio,-6.6107,-76.4793
9584,incendio,-7.3056,-76.9427
9585,incendio,-8.1963,-75.653
9590,no_incendio,-6.100924085847581,-75.50738744279523
9599,no_incendio,-7.579867389663157,-75.5999817001758
9602,incendio,-6.6242,-76.7135
9610,incendio,-7.2359,-76.6095
9618,no_incendio,-6.3028561898427915,-76.27802291650278
9619,incendio,-6.875,-76.6499
9622,no_incendio,-5.5670313248345,-75.99876018929933
9624,no_incendio,-6.466287697296756,-75.7075752786908
9627,incendio,-6.948,-76.5173
9628,incendio,-7.4591,-76.5832
9632,incendio,-6.6234,-76.7809
9636,no_incendio,-6.726779286673033,-77.03336380719702
9637,no_incendio,-5.846363398738161,-76.40526766705626
9640,no_incendio,-5.487830888913878,-75.70248261618342
9644,incendio,-7.954,-76.7138
9647,incendio,-5.7247,-77.305
9648,no_incendio,-5.508214763979514,-75.68261084884283
9650,incendio,-6.967,-76.9144
9652,incendio,-6.6696,-77.462
9656,incendio,-5.8511,-77.1998
9668,incendio,-5.9602,-76.2539
9674,incendio,-8.0728,-76.5987
9677,no_incendio,-7.579867389663157,-75.5999817001758
9682,no_incendio,-5.856151465825925,-75.61952647714237
9683,no_incendio,-5.329337229365641,-77.4752371215785
9686,incendio,-6.9587,-76.3122
9688,incendio,-6.0225,-76.8498
9691,no_incendio,-6.236752944768423,-75.59185038594902
9692,incendio,-7.7161,-76.7965
9693,no_incendio,-6.368662376296837,-77.03036089290791
9696,incendio,-6.2834,-76.1692
9697,incendio,-6.552,-75.6748
9706,incendio,-8.1492,-77.1249
9715,no_incendio,-5.457985826162461,-76.51538649315398
9718,no_incendio,-7.1695522446443345,-76.10103400972879
9719,no_incendio,-6.224885960981276,-76.91366721974305
9722,incendio,-5.9511,-76.238
9725,incendio,-5.9378,-76.0896
9734,no_incendio,-7.527307126647749,-77.12744201881532
9735,no_incendio,-5.5259385585543805,-76.78474947687066
9736,incendio,-6.7135,-77.5746
9740,no_incendio,-7.598815481458372,-76.55352785980209
9742,no_incendio,-7.218925664720446,-76.08201561394016
9750,no_incendio,-5.5797385570843945,-76.68051881795166
9753,no_incendio,-6.44311246702837,-76.64720397145403
9760,incendio,-5.7371,-76.1779
9761,incendio,-5.7226,-76.202
9763,incendio,-6.702,-76.2959
9771,no_incendio,-7.2086548700460105,-76.60794035176814
9773,no_incendio,-5.607896245919547,-76.37910922472966
9781,incendio,-6.8379,-76.2032
9783,no_incendio,-5.576377400601263,-76.00886183713747
9784,no_incendio,-7.233369543625463,-75.83176043083628
9787,no_incendio,-5.592843733729189,-75.8469852314677
9789,incendio,-6.9497,-76.0999
9790,incendio,-6.0652,-76.0383
9792,incendio,-7.004,-76.5505
9793,no_incendio,-7.247461423234719,-75.57023459371909
9800,incendio,-6.8318,-76.4706
9801,no_incendio,-5.957368180282539,-76.7498768526133
9807,incendio,-8.4538,-76.4275
9808,incendio,-5.5664,-76.6697
9813,no_incendio,-7.059198382146936,-75.77593999522976
9822,no_incendio,-6.795665285445913,-76.70031335032672
9824,incendio,-6.2525,-76.2041
9833,incendio,-7.0565,-76.3113
9834,incendio,-6.7568,-76.1508
9840,incendio,-7.0882,-77.6057
9850,incendio,-7.3768,-76.841
9856,incendio,-7.6418,-76.8106
9862,incendio,-6.3395,-76.5104
9871,incendio,-7.2717,-76.5125
9876,no_incendio,-5.936247863486473,-77.30432777805068
9882,no_incendio,-6.851346088597758,-76.87565472102605
9883,incendio,-7.0738,-76.8792
9884,no_incendio,-7.418524326808485,-76.32670813744515
9889,no_incendio,-5.756771146595229,-77.41858176231523
9897,no_incendio,-6.88204939673875,-76.47181029595973
9901,incendio,-6.1362,-76.1658
9910,incendio,-5.705,-76.3972
9912,incendio,-5.8927,-76.1134
9915,incendio,-5.3793,-75.8163
9917,no_incendio,-7.433029202252227,-75.6952599290436
9923,no_incendio,-6.589390257699646,-75.6408986952127
9928,incendio,-8.2678,-76.5165
9931,no_incendio,-7.03159653116471,-76.48526719545968
9932,incendio,-6.5794,-76.7391
9934,incendio,-6.2477,-76.3169
9936,no_incendio,-6.781601843650596,-77.34861421933648
9947,incendio,-8.3105,-76.6148
9951,no_incendio,-5.60263772570773,-75.78275132850642
9960,incendio,-6.4965,-76.5647
9964,incendio,-7.8566,-76.6847
9965,incendio,-6.9412,-76.8507
9966,no_incendio,-5.863508615293079,-77.5457929030888
9967,incendio,-6.1554,-76.3888
9972,incendio,-6.781,-76.2547
9973,incendio,-6.0387,-77.2481
9976,incendio,-7.0109,-76.821
9981,no_incendio,-5.472748128836409,-77.20935781294484
9986,no_incendio,-6.8241555048520945,-76.01927599626522
9989,no_incendio,-6.535104750481092,-76.08251249993276
9997,incendio,-5.9365,-77.1023
10002,incendio,-6.6259,-76.7577
10007,incendio,-5.748,-77.3562
10008,no_incendio,-5.921387481016298,-75.640821414452
10010,no_incendio,-6.543469703142076,-77.05698988429933
10012,incendio,-6.2505,-75.9411
10022,incendio,-7.2297,-76.9935
10023,incendio,-8.4881,-76.4337
10027,no_incendio,-6.726381012789614,-77.29263321460805
10028,incendio,-7.2589,-76.639
10037,incendio,-8.3902,-77.3022
10051,no_incendio,-6.893380079192219,-76.030920773184
10062,no_incendio,-6.54529109912659,-75.69341596269626
10063,incendio,-5.8621,-76.1117
10067,no_incendio,-6.768773690834417,-77.41433372649782
10068,no_incendio,-7.5348116135080625,-76.04270078901092
10070,incendio,-6.891,-77.7642
10072,no_incendio,-5.362697688980843,-76.37235425327088
10084,incendio,-5.9498,-76.2287
10092,no_incendio,-5.852253396123982,-76.5690433745382
10096,no_incendio,-6.893924031218003,-76.04905921446095
10108,incendio,-6.9851,-76.0619
10112,no_incendio,-6.542256231887758,-76.22236926601508
10113,incendio,-7.4056,-76.5514
10116,incendio,-5.7386,-77.378
10117,incendio,-8.3479,-76.2712
10124,no_incendio,-5.926005528348797,-76.66451761423114
10125,no_incendio,-6.324514222860181,-76.89947276475436
10130,incendio,-6.0937,-75.9752
10143,incendio,-5.8159,-76.3582
10150,no_incendio,-6.032637337308331,-77.27677952675285
10152,incendio,-7.1616,-76.3319
10153,no_incendio,-6.692392129901898,-76.24064751909104
10156,incendio,-7.0796,-76.8846
10157,no_incendio,-7.241586175081285,-75.60658029783822
10159,incendio,-7.6048,-76.7003
10162,incendio,-6.2088,-76.4033
10167,no_incendio,-5.472748128836409,-77.20935781294484
10168,incendio,-5.7389,-77.1855
10174,incendio,-7.1791,-76.6075
10180,incendio,-7.2164,-76.7365
10185,no_incendio,-6.530680448143941,-77.14936961816767
10187,incendio,-7.0676,-76.8412
10192,incendio,-6.0842,-76.1413
10197,incendio,-6.0625,-76.3119
10199,incendio,-7.0226,-76.7924
10208,incendio,-6.7145,-76.1335
10209,incendio,-6.6976,-76.8506
10210,incendio,-7.2517,-76.8223
10211,no_incendio,-6.543996709664201,-75.77625931317041
10218,incendio,-7.0359,-76.6504
10223,incendio,-7.0651,-76.8939
10234,incendio,-5.7382,-76.675
10235,no_incendio,-6.521871195981789,-77.46615975017302
10238,no_incendio,-7.196044028055804,-76.77405078763431
10239,no_incendio,-5.979395848987274,-75.81605060669331
10242,no_incendio,-6.853423603407918,-76.51175603217372
10251,no_incendio,-6.726508547372632,-75.8805912365982
10256,no_incendio,-7.298951884711561,-75.8714337322258
10257,incendio,-7.2987,-77.0424
10258,incendio,-6.8954,-76.8556
10264,incendio,-5.8967,-76.1051
10268,incendio,-6.5943,-75.9626
10293,no_incendio,-6.887017706594157,-77.30533643415299
10311,no_incendio,-5.532971684555294,-77.02280558006699
10313,incendio,-6.8513,-76.4953
10318,incendio,-6.3076,-76.2808
10320,no_incendio,-6.320061417206358,-76.82643295462363
10322,incendio,-7.5911,-76.6517
10324,incendio,-5.8291,-76.2875
10332,incendio,-6.1324,-76.0004
10334,no_incendio,-6.143493830692505,-76.5408916216836
10344,incendio,-6.6006,-76.3582
10355,incendio,-7.0095,-76.7893
10356,no_incendio,-5.9343288832648255,-75.71284400291329
10357,incendio,-7.3413,-76.4841
10364,incendio,-6.7856,-76.4744
10379,incendio,-5.6734,-76.459
10380,no_incendio,-7.446777051363318,-75.55823277277759
10381,incendio,-6.0769,-75.976
10387,incendio,-8.5928,-76.4324
10390,no_incendio,-7.206553379936274,-76.41990893868237
10393,no_incendio,-6.234937456831474,-75.55136134306397
10396,no_incendio,-5.4484392138134945,-75.95921509359859
10403,no_incendio,-5.902847721330155,-77.17634156149673
10411,no_incendio,-6.971890891507541,-75.84725150741345
10412,incendio,-8.3744,-76.361
10415,no_incendio,-5.374689655955711,-76.01901794140703
10433,incendio,-6.764,-76.5997
10434,incendio,-6.2044,-75.9233
10436,incendio,-7.0583,-76.5617
10439,no_incendio,-7.584063938890335,-77.08532363724217
10443,no_incendio,-7.0241667667070145,-76.27510051559456
10447,incendio,-5.8125,-76.5148
10461,incendio,-6.5809,-76.0772
10465,incendio,-7.3135,-76.8211
10470,no_incendio,-6.994018548876931,-77.44340810717631
10473,incendio,-6.6008,-77.5164
10482,incendio,-5.3197,-76.4384
10487,incendio,-6.0734,-75.9731
10491,incendio,-5.7627,-76.4941
10494,no_incendio,-6.845497704977086,-76.65360984481556
10497,incendio,-6.9449,-76.7624
10514,incendio,-5.8894,-77.1129
10515,no_incendio,-5.926005528348797,-76.66451761423114
10521,incendio,-6.7698,-77.2067
10525,incendio,-6.4866,-76.2532
10528,incendio,-8.3947,-76.5325
10531,incendio,-6.8003,-76.104
10545,incendio,-7.1271,-76.5338
10550,no_incendio,-5.630317607867646,-76.28664530211917
10557,incendio,-7.6051,-76.6209
10558,incendio,-6.8039,-76.4783
10564,incendio,-5.8096,-76.0304
10567,incendio,-6.6728,-76.6684
10574,incendio,-5.8649,-77.1865
10578,no_incendio,-6.726577938090313,-76.92865414529734
10582,incendio,-6.7207,-76.7345
10589,incendio,-6.3503,-75.9888
10602,incendio,-6.4568,-76.4458
10603,incendio,-6.4323,-76.5803
10606,incendio,-6.6123,-76.6922
10608,incendio,-8.7733,-76.3054
10609,incendio,-6.3293,-75.7683
10611,incendio,-7.5155,-76.5185
10620,incendio,-5.9795,-75.9474
10627,incendio,-7.3468,-76.7393
10631,incendio,-8.3961,-76.2819
10640,incendio,-7.0451,-76.2322
10646,no_incendio,-6.806373584205248,-76.84212620311408
10647,incendio,-6.0616,-75.9787
10656,incendio,-7.323,-76.5839
10665,incendio,-8.429,-76.3066
10667,incendio,-6.7319,-76.7042
10668,incendio,-7.1891,-76.6066
10675,incendio,-7.2286,-76.6404
10681,incendio,-6.2246,-76.5481
10686,incendio,-5.9716,-76.0743
10694,no_incendio,-5.976273966695589,-76.89556075922386
10696,no_incendio,-7.082226882888392,-75.74798202243628
10697,no_incendio,-6.664505823088651,-77.4814157749719
10701,incendio,-6.2381,-75.8373
10703,no_incendio,-6.575273134907994,-75.71241319767115
10708,no_incendio,-6.026471909112164,-76.38280873739679
10710,incendio,-6.5954,-76.0362
10711,no_incendio,-5.494377757817533,-77.22053363364685
10717,incendio,-5.8868,-75.9618
10718,no_incendio,-7.333298288226105,-76.42146225481947
10727,no_incendio,-6.428027041919373,-76.62475957936073
10729,incendio,-7.3885,-76.3833
10730,no_incendio,-6.418496907062319,-75.56505083254436
10731,incendio,-6.0553,-77.245
10744,incendio,-6.2585,-76.7588
10745,incendio,-7.3578,-76.8804
10758,incendio,-7.6869,-76.7939
10762,incendio,-6.9499,-76.1793
10763,no_incendio,-6.4551795764442375,-76.19574642473289
10770,incendio,-7.4346,-76.5545
10771,incendio,-5.8407,-76.235
10774,incendio,-7.3499,-76.4528
10777,incendio,-7.4191,-76.7751
10787,incendio,-8.3364,-76.4283
10788,incendio,-8.2898,-76.3652
10789,incendio,-6.2335,-76.1396
10790,no_incendio,-5.617689246248104,-77.03996515250137
10796,no_incendio,-6.6588540055381635,-76.3643446123623
10800,no_incendio,-5.996065973339257,-76.13966106255965
10804,incendio,-7.3447,-76.5891
10814,incendio,-6.9899,-76.791
10816,no_incendio,-5.3992279096164255,-77.51525342091976
10819,no_incendio,-5.784820775425025,-76.88322925526231
10821,no_incendio,-5.485555576815183,-76.48568380205462
10826,incendio,-5.9856,-76.2436
10827,incendio,-7.2929,-76.5755
10831,incendio,-6.8715,-76.4957
10835,no_incendio,-6.9734000570740395,-77.15029703123086
10836,incendio,-6.8952,-76.6071
10840,incendio,-5.9034,-77.0914
10841,incendio,-6.3516,-76.6685
10857,incendio,-6.5313,-76.4214
10859,incendio,-7.2114,-76.1728
10861,incendio,-6.8814,-76.7869
10875,incendio,-7.7216,-76.511
10880,no_incendio,-6.22948269148436,-77.46060172999928
10881,no_incendio,-6.705083355769138,-77.07784196502678
10882,incendio,-7.3189,-76.7063
10884,no_incendio,-5.715611122341353,-76.65563746255786
10889,no_incendio,-7.593724484851976,-77.34754973911781
10893,incendio,-6.5304,-75.6998
10896,no_incendio,-6.559793328628168,-75.94281873717337
10897,no_incendio,-5.592384500349762,-76.12339689137886
10898,no_incendio,-5.593725246250177,-76.70151478021911
10902,incendio,-7.439,-76.5464
10907,no_incendio,-6.142530239499738,-77.15463621788837
10908,no_incendio,-5.618910457397299,-76.39046295133087
10909,incendio,-7.226,-76.6893
10911,incendio,-6.5616,-75.6734
10912,incendio,-5.9619,-76.2499
10922,no_incendio,-5.692068833993068,-76.92243000249631
10926,incendio,-6.7781,-76.6122
10938,incendio,-7.1008,-76.8461
10942,incendio,-6.24,-75.8092
10944,incendio,-6.8996,-76.1135
10947,incendio,-7.0394,-76.8207
10948,incendio,-6.1444,-76.1451
10955,no_incendio,-6.1476999130544865,-77.34007485362595
10966,no_incendio,-7.059198382146936,-75.77593999522976
10975,incendio,-6.8036,-76.4909
10980,incendio,-8.4938,-76.3502
10988,incendio,-7.7664,-76.7683
11002,no_incendio,-5.487710562433828,-76.3714568595569
11004,no_incendio,-5.5670313248345,-75.99876018929933
11006,no_incendio,-6.353424809181855,-75.63008762129351
11010,incendio,-7.0381,-76.2497
11011,incendio,-6.1828,-75.9272
11012,no_incendio,-5.4433732153340495,-76.71634375535739
11013,incendio,-6.0641,-76.3019
11018,no_incendio,-5.875471323487407,-77.45654526806348
11019,incendio,-6.1824,-77.0696
11020,no_incendio,-6.9821795229188215,-77.4814837765738
11022,no_incendio,-6.375064281525175,-76.76531716856294
11024,no_incendio,-7.488895468406661,-77.22046866095448
11027,incendio,-6.0026,-77.0469
11028,incendio,-7.318,-75.6075
11029,no_incendio,-7.442941681589652,-76.91434045843735
11033,incendio,-6.0446,-76.3073
11034,no_incendio,-6.1592934714330285,-77.34475903708392
11039,incendio,-8.4125,-76.5061
11040,no_incendio,-6.109182329794082,-77.41759375115069
11045,incendio,-5.7415,-76.1407
11053,incendio,-7.0446,-76.7994
11059,no_incendio,-6.424415078222516,-76.56153900049968
11062,no_incendio,-5.384324497906241,-76.81955746951022
11068,incendio,-5.7385,-77.4502
11073,incendio,-7.7034,-76.5043
11074,no_incendio,-7.205543641449294,-77.21195261449198
11075,no_incendio,-6.122241228202742,-76.97601645146484
11078,incendio,-8.5096,-76.3782
11085,no_incendio,-7.4286037527901305,-75.69674631092113
11096,incendio,-7.4406,-76.6744
11097,incendio,-7.4079,-76.786
11105,incendio,-7.1974,-77.0752
11106,incendio,-5.9212,-77.0652
11113,incendio,-6.7198,-76.6144
11117,incendio,-7.1277,-76.5197
11119,incendio,-8.3949,-76.4525
11123,incendio,-6.0991,-76.8564
11126,no_incendio,-5.839270188717535,-77.49668062311541
11130,no_incendio,-7.56354574516261,-76.00460014183221
11133,incendio,-6.7568,-76.6812
11137,no_incendio,-5.409587022918446,-76.44819351401671
11139,no_incendio,-7.475413502587504,-75.52501286015236
11147,incendio,-7.4846,-76.4586
11150,incendio,-6.474,-76.8312
11153,incendio,-7.0122,-76.6172
11156,incendio,-6.8589,-76.7655
11160,no_incendio,-6.326986282349614,-75.6142180056652
11170,no_incendio,-6.459421110313875,-76.2975020951517
11171,incendio,-7.0903,-76.6123
11172,incendio,-6.1788,-77.5438
11177,no_incendio,-5.926705485124891,-75.77709994653331
11181,incendio,-5.7341,-77.2516
11183,no_incendio,-5.662370106905432,-77.07535731755083
11205,no_incendio,-5.3902001479588,-77.1291902290787
11207,incendio,-6.0535,-75.9519
11213,no_incendio,-6.394447416910339,-77.43791713673666
11215,no_incendio,-7.560257578514154,-75.8825568546828
11219,incendio,-6.7007,-76.8727
11227,incendio,-6.6859,-76.4138
11228,no_incendio,-6.843242986862935,-76.83119639273687
11241,no_incendio,-6.43490273431634,-75.69794209792583
11248,no_incendio,-6.040209440060914,-75.6194334979568
11252,incendio,-6.7869,-76.4839
11254,no_incendio,-6.23470396402255,-76.94332145347941
11256,no_incendio,-7.063019746501072,-77.52481749302208
11257,no_incendio,-6.473718077481412,-77.49661278682977
11258,no_incendio,-6.590618313605878,-75.87293609884875
11260,incendio,-6.5284,-76.7582
11264,no_incendio,-6.590618313605878,-75.87293609884875
11269,incendio,-6.1126,-75.799
11278,incendio,-7.1683,-77.5587
11279,incendio,-6.0857,-76.1378
11283,no_incendio,-5.454661580886559,-77.46777785872058
11285,no_incendio,-7.06430285125658,-76.42921371383994
11287,incendio,-7.2661,-76.6796
11290,incendio,-7.2947,-76.9568
11291,no_incendio,-6.521871195981789,-77.46615975017302
11297,no_incendio,-6.9973012484497445,-77.4510550557952
11305,no_incendio,-5.861691315967814,-75.99243493644171
11308,incendio,-5.8692,-77.0836
11309,incendio,-6.8508,-76.8
11310,no_incendio,-5.716829315463946,-76.6884283959595
11313,incendio,-5.717,-76.2669
11314,incendio,-6.9048,-76.7941
11319,incendio,-5.9673,-75.943
11320,no_incendio,-7.108956430874631,-75.5028524515191
11321,no_incendio,-6.032637337308331,-77.27677952675285
11325,no_incendio,-5.326609511462546,-75.7438155508771
11326,no_incendio,-5.563302307050842,-76.50751783358145
11328,incendio,-7.3289,-76.6748
11331,no_incendio,-5.562529025700048,-76.57485709284715
11335,incendio,-6.9971,-76.8521
11341,incendio,-5.6935,-76.4211
11343,incendio,-6.2179,-75.8629
11350,incendio,-7.5937,-76.5414
11355,incendio,-8.538,-76.4774
11359,no_incendio,-6.735984440425587,-77.00622820601815
11363,no_incendio,-7.424353792615787,-75.73269651500266
11371,no_incendio,-6.931054749326789,-77.2760800084336
11376,incendio,-6.1341,-75.9638
11380,incendio,-6.3394,-76.0159
11382,incendio,-7.534,-76.5358
11383,incendio,-6.2722,-76.02
11387,incendio,-6.1355,-76.9099
11394,no_incendio,-5.612307081535751,-76.80288819980903
11396,incendio,-6.3725,-75.709
11401,incendio,-6.2452,-75.9314
11405,incendio,-6.5066,-76.5283
11409,incendio,-7.1399,-76.0418
11411,incendio,-7.1177,-76.1159
11416,incendio,-6.9402,-76.5287
11421,no_incendio,-5.853989818371729,-76.78866763757419
11423,no_incendio,-6.158099214586715,-77.01707847694989
11442,incendio,-8.6573,-76.8512
11453,incendio,-7.2513,-76.0794
11464,incendio,-5.9887,-77.0615
11470,incendio,-7.2712,-76.3501
11473,no_incendio,-6.0457356441581505,-76.76564488218803
11475,incendio,-6.5257,-76.5348
11482,no_incendio,-5.329337229365641,-77.4752371215785
11486,incendio,-7.269,-76.1041
11489,no_incendio,-6.720013389410524,-76.18246932103828
11491,incendio,-8.3875,-76.7469
11500,no_incendio,-5.8012341650518415,-77.26448001518449
11512,no_incendio,-6.231532660134269,-77.43051392350198
11513,no_incendio,-5.6819042694428346,-76.21370978152449
11515,incendio,-8.2752,-76.5298
11517,incendio,-6.9479,-76.1904
11527,incendio,-7.0727,-76.2537
11529,incendio,-7.2852,-76.3961
11535,incendio,-5.9489,-76.142
11539,incendio,-7.2623,-76.8112
11549,no_incendio,-6.174948624269397,-76.36859139619342
11550,no_incendio,-6.660380391800162,-76.4974881056194
11553,incendio,-6.198,-75.8281
11559,no_incendio,-6.938909457059822,-76.15534082596828
11578,incendio,-7.4036,-76.6912
11579,no_incendio,-6.787051317211901,-77.10628604223226
11580,no_incendio,-5.317490731831781,-77.05291423448321
11593,incendio,-5.301,-75.645
11598,incendio,-6.7717,-76.1852
11599,no_incendio,-6.333472406743339,-75.64833382378124
11605,incendio,-7.4255,-76.6435
11608,no_incendio,-5.433480478841975,-76.00940335234054
11612,no_incendio,-6.950453264096688,-75.59880859567114
11615,incendio,-7.3688,-76.813
11620,incendio,-6.0244,-77.2525
11621,no_incendio,-5.73653806083423,-77.04027076606343
11623,incendio,-7.0008,-76.5593
11629,incendio,-5.8706,-76.3416
11638,no_incendio,-6.456445234793438,-77.37382860861014
11646,no_incendio,-7.216614993286788,-77.03461698814449
11647,no_incendio,-6.535104750481092,-76.08251249993276
11653,incendio,-6.0358,-77.6453
11667,incendio,-7.3717,-76.8772
11672,incendio,-5.3273,-76.5063
11673,incendio,-7.2663,-77.0528
11680,incendio,-7.3137,-76.5113
11683,no_incendio,-5.398135296375456,-76.71445247130518
11699,incendio,-7.1869,-76.2086
11703,incendio,-7.1892,-76.6135
11706,incendio,-6.6933,-76.2495
11720,no_incendio,-7.5842496329608995,-75.57404179177915
11723,no_incendio,-7.448422790645704,-75.84545299813023
11731,no_incendio,-7.4333859418143975,-75.94488928476447
11735,incendio,-7.3957,-76.684
11736,incendio,-7.1034,-76.2479
11741,incendio,-6.048,-76.1277
11745,no_incendio,-6.026471909112164,-76.38280873739679
11762,no_incendio,-7.307422219905113,-77.49030389420659
11767,incendio,-7.3817,-76.6394
11771,no_incendio,-6.220053203592378,-76.13217715018442
11780,incendio,-6.4833,-76.596
11789,no_incendio,-5.356529850556848,-75.70252244587886
11803,incendio,-8.4144,-77.1728
11807,incendio,-7.5311,-76.637
11810,incendio,-5.4724,-75.8204
11817,no_incendio,-7.0294194294183265,-77.09735006276883
11843,incendio,-6.8734,-76.5679
11849,no_incendio,-7.269040165613338,-76.9103123983766
11850,incendio,-8.0821,-76.6673
11855,no_incendio,-5.875471323487407,-77.45654526806348
11858,incendio,-7.6927,-76.4488
11859,no_incendio,-6.344738730281884,-77.28085925820518
11860,incendio,-5.6604,-76.5346
11864,incendio,-7.6872,-77.5688
11869,no_incendio,-5.459589434430045,-76.77318023823041
11874,no_incendio,-6.236752944768423,-75.59185038594902
11883,no_incendio,-7.429446375356516,-77.21947961761848
11884,incendio,-6.0379,-75.9383
11886,incendio,-6.8994,-76.544
11889,incendio,-7.3127,-76.0601
11892,no_incendio,-6.088150630105884,-77.05183868742043
11897,incendio,-7.9176,-75.5798
11901,incendio,-7.1299,-76.5382
11904,no_incendio,-6.10372793592555,-77.07921750093743
11905,incendio,-6.8261,-76.1554
11910,incendio,-5.686,-76.6831
11939,incendio,-6.4609,-75.6847
11941,incendio,-6.0319,-75.7719
11947,incendio,-6.7127,-76.7826
11948,incendio,-5.7636,-76.1653
11957,incendio,-5.8268,-77.3478
11964,no_incendio,-6.606179550023269,-77.17612767759138
11967,no_incendio,-6.248141133810431,-75.50987121265236
11970,incendio,-5.6761,-76.6252
11973,no_incendio,-6.447996016247126,-77.41234607167007
11978,incendio,-6.7916,-76.7041
11984,incendio,-6.2271,-77.7252
11987,incendio,-6.9796,-76.1759
11990,incendio,-7.4542,-76.5147
11996,incendio,-7.5449,-76.5242
11998,incendio,-7.5826,-76.5137
12009,incendio,-5.9978,-77.1097
12010,no_incendio,-6.060981828013205,-76.61589601950963
12020,no_incendio,-5.59950907688548,-76.65469517623596
12023,no_incendio,-6.762864710659274,-76.8037089986203
12024,no_incendio,-7.45728200774953,-76.98588787498541
12028,incendio,-5.4886,-76.7487
12033,incendio,-7.0598,-76.8587
12041,incendio,-6.2306,-76.1265
12043,incendio,-5.881,-75.9329
12044,no_incendio,-5.648091386764367,-76.0845405608189
12046,no_incendio,-5.914538807022697,-77.31789261845223
12048,no_incendio,-5.728686151403572,-77.23987774970512
12051,no_incendio,-5.976563784411299,-76.98024729252694
12052,incendio,-6.553,-76.7613
12056,incendio,-7.6159,-76.5285
12059,incendio,-8.2066,-76.642
12061,incendio,-6.2246,-76.1477
12062,no_incendio,-7.205543641449294,-77.21195261449198
12069,incendio,-5.662,-76.5529
12073,incendio,-7.1405,-76.7669
12075,incendio,-5.6893,-77.406
12077,no_incendio,-6.521871195981789,-77.46615975017302
12079,no_incendio,-5.632876376439432,-77.16339501604922
12084,incendio,-6.0362,-76.2489
12086,no_incendio,-6.718454996800395,-75.59317309755335
12088,incendio,-8.685,-76.8125
12096,no_incendio,-5.366911069115064,-77.28733600522496
12098,incendio,-6.9669,-76.5734
12106,no_incendio,-6.939438225282601,-76.80786345912996
12114,incendio,-6.0934,-75.6973
12124,incendio,-7.1373,-77.5418
12125,no_incendio,-7.010242517235748,-76.48324440357516
12127,no_incendio,-6.082418461874669,-76.27878687106944
12128,no_incendio,-6.86277091910318,-76.45893260017807
12129,incendio,-8.5248,-76.3717
12132,incendio,-6.266,-75.8735
12134,incendio,-6.8166,-76.1767
12142,incendio,-6.8518,-76.512
12143,incendio,-7.4152,-76.5477
12146,incendio,-7.1129,-76.3544
12152,incendio,-6.7667,-76.3688
12156,no_incendio,-7.448759349626241,-75.73146487239217
12162,incendio,-6.8035,-76.9214
12169,incendio,-7.0783,-76.4944
12172,incendio,-7.1162,-76.7133
12176,incendio,-6.3337,-75.7801
12178,no_incendio,-5.60683404112794,-77.27867668965091
12184,incendio,-5.7122,-77.4379
12186,incendio,-6.9608,-76.8697
12188,incendio,-7.2444,-76.8262
12194,incendio,-6.7996,-76.5085
12201,incendio,-5.9308,-76.2805
12202,no_incendio,-5.561920884041726,-75.5653879895247
12212,incendio,-6.0693,-75.9636
12213,no_incendio,-7.267527749331178,-76.00258934511766
12216,no_incendio,-6.41045269770062,-76.39156709032302
12219,incendio,-6.6803,-75.6009
12220,incendio,-6.156,-76.8687
12222,incendio,-6.848,-76.9119
12226,incendio,-6.7611,-76.5119
12233,incendio,-5.803,-77.3552
12238,incendio,-6.3461,-76.6346
12239,incendio,-8.4034,-76.7464
12253,no_incendio,-7.321172600418316,-77.03516400852085
12264,incendio,-7.3173,-76.9688
12265,no_incendio,-7.333242178068196,-76.42984929938181
12267,no_incendio,-7.511471498657587,-77.0305776349507
12270,no_incendio,-7.124827279927048,-76.79852328354966
12274,incendio,-7.4592,-76.6416
12285,no_incendio,-6.224278076163242,-75.68574152044755
12290,incendio,-7.2216,-76.3942
12291,incendio,-7.2876,-76.4525
12296,incendio,-6.3124,-75.9108
12298,incendio,-6.2685,-75.8324
12307,incendio,-6.9884,-76.3206
12313,incendio,-6.1508,-76.2759
12317,no_incendio,-6.1579628470379655,-75.78726893747826
12318,no_incendio,-5.881820929193948,-76.58450370780717
12319,no_incendio,-6.152183459458481,-75.52419970077695
12322,incendio,-6.9239,-76.8902
12330,no_incendio,-7.279073350966451,-75.53370306812118
12334,no_incendio,-6.646019680443848,-77.50514894077688
12342,incendio,-5.9434,-77.208
12344,incendio,-6.8803,-76.6622
12349,no_incendio,-7.436110407887001,-75.68288184576566
12369,incendio,-6.896,-76.5477
12371,no_incendio,-5.811190643666691,-76.41076755798852
12373,incendio,-8.4422,-76.3996
12374,no_incendio,-5.500738315784995,-75.59662427893288
12379,incendio,-8.4593,-77.5833
12392,no_incendio,-5.307511492937007,-75.87055498280709
12402,incendio,-7.1873,-76.3517
12405,incendio,-7.2783,-76.6063
12416,incendio,-7.508,-76.5427
12419,incendio,-7.6122,-76.4687
12420,no_incendio,-6.846227548420243,-77.09414313428448
12426,no_incendio,-5.55191314269425,-76.59129090689653
12435,incendio,-6.8323,-76.4831
12436,incendio,-6.5083,-76.8064
12437,no_incendio,-5.73653806083423,-77.04027076606343
12443,no_incendio,-7.083533851815549,-75.86202426996425
12447,no_incendio,-5.544342707790426,-75.8055721541421
12454,incendio,-7.2375,-76.4536
12455,incendio,-7.4529,-76.2524
12457,incendio,-6.8148,-76.6607
12461,no_incendio,-6.731898455104795,-77.28317456533246
12462,no_incendio,-5.322335273054225,-75.66988823532402
12463,no_incendio,-7.3680402233360685,-75.9380390323052
12466,incendio,-6.2334,-75.8561
12470,incendio,-6.3914,-75.7913
12475,incendio,-7.1718,-76.6181
12476,no_incendio,-5.772447993979731,-76.76825761036689
12479,no_incendio,-5.976563784411299,-76.98024729252694
12487,no_incendio,-5.868777989192487,-75.61031419176939
12502,incendio,-5.8601,-76.3313
12505,incendio,-5.6863,-76.0635
12507,no_incendio,-6.308716369141198,-75.7579038479895
12512,incendio,-6.8972,-76.5355
12528,incendio,-5.8299,-77.0854
12534,incendio,-6.5039,-76.822
12535,no_incendio,-6.4800299159294745,-75.86986955910662
12537,incendio,-6.8599,-76.6186
12541,incendio,-6.4006,-77.7992
12545,no_incendio,-7.516228282019169,-75.89484036620722
12549,no_incendio,-6.71467279372098,-77.07743264874856
12550,no_incendio,-7.15250800382105,-75.6698884726493
12553,incendio,-7.0835,-76.8717
12556,incendio,-7.2543,-76.3309
12558,incendio,-7.2888,-76.6138
12562,incendio,-7.3817,-76.8049
12588,incendio,-6.6046,-75.6577
12590,incendio,-7.3874,-76.5492
12599,no_incendio,-6.5340207470218745,-75.73082220173393
12600,incendio,-6.8274,-76.7778
12602,incendio,-7.377,-76.5575
12606,no_incendio,-7.431414415877487,-76.13136950681124
12611,incendio,-8.1631,-77.0779
12615,incendio,-6.2879,-75.9534
12616,no_incendio,-5.9069362811274955,-76.90796880037888
12618,incendio,-6.145,-76.261
12628,no_incendio,-7.381229378022176,-76.50096695875145
12632,incendio,-5.7189,-76.1761
12634,incendio,-6.7895,-76.5016
12635,incendio,-8.4577,-76.3992
12640,no_incendio,-5.901388111394365,-75.87645660870008
12651,no_incendio,-6.534953195140333,-76.18456106043952
12657,incendio,-7.1219,-76.4779
12663,incendio,-6.7584,-76.5481
12667,incendio,-6.8136,-76.1635
12670,incendio,-7.4051,-76.8731
12677,no_incendio,-6.165729925483304,-75.50698017130118
12679,incendio,-7.3791,-76.6722
12680,incendio,-6.867,-76.4058
12689,incendio,-7.3087,-77.6154
12693,incendio,-7.2851,-76.8147
12694,incendio,-5.8239,-77.2011
12695,no_incendio,-6.899424280300874,-76.07403591805503
12697,incendio,-8.7357,-76.1147
12698,no_incendio,-6.467906945467672,-76.60396630033286
12706,incendio,-6.6063,-76.3982
12709,incendio,-7.5072,-76.4881
12712,incendio,-5.8139,-76.3722
12721,incendio,-7.0464,-76.8165
12728,incendio,-6.2337,-75.8597
12736,no_incendio,-6.8812608532922095,-77.14870823308875
12738,no_incendio,-6.400727870765625,-77.48420741846027
12741,incendio,-8.5591,-75.5034
12749,no_incendio,-6.922488599265936,-77.20347324801959
12752,no_incendio,-7.462272976116109,-77.0484423984109
12753,incendio,-8.3038,-76.4344
12760,incendio,-6.8787,-76.9434
12763,incendio,-6.9172,-76.6124
12765,incendio,-6.6109,-76.2651
12771,no_incendio,-6.982455617549805,-76.38860618436227
12772,incendio,-5.825,-76.5108
12773,incendio,-5.7896,-76.5265
12776,incendio,-7.4121,-76.8538
12780,incendio,-6.8495,-76.5374
12796,no_incendio,-6.0017769805371435,-76.54978075200272
12805,no_incendio,-6.589390257699646,-75.6408986952127
12806,no_incendio,-6.682338881301072,-76.58990578057626
12807,incendio,-5.3668,-76.7909
12811,no_incendio,-7.592086939740942,-76.80103020899601
12816,incendio,-6.2646,-75.8363
12828,no_incendio,-7.111569656244363,-77.04269521527607
12829,no_incendio,-6.154726709997222,-75.55076367684507
12830,no_incendio,-5.5978889160107626,-76.86708534486174
12831,no_incendio,-6.040209440060914,-75.6194334979568
12832,no_incendio,-5.434734993358147,-76.94653262890384
12837,incendio,-6.4609,-75.7399
12842,incendio,-6.0946,-77.1938
12850,no_incendio,-6.072007171578419,-77.37389388906047
12853,incendio,-7.3326,-76.7267
12860,no_incendio,-6.370500555903968,-77.21187079190732
12861,no_incendio,-5.824960586839608,-76.59374334653756
12866,incendio,-5.9972,-76.1023
12877,incendio,-7.7325,-76.5164
12879,no_incendio,-5.882755427823639,-77.51237097659782
12888,incendio,-5.8941,-76.0206
12899,no_incendio,-7.591157646889957,-76.48064707935481
12900,incendio,-7.2794,-76.8135
12902,no_incendio,-6.660380391800162,-76.4974881056194
12903,incendio,-5.9737,-75.9074
12914,incendio,-5.8136,-77.0065
12917,no_incendio,-6.880264689541971,-77.33984954598883
12918,no_incendio,-6.882432262080377,-75.90126287963834
12932,incendio,-7.0302,-76.7358
12934,incendio,-6.8074,-76.6492
12940,incendio,-6.6636,-76.3162
12945,no_incendio,-5.316700367183811,-76.26596491615018
12946,incendio,-6.5278,-76.7747
12951,incendio,-7.052,-76.2918
12954,incendio,-6.0109,-76.9993
12958,no_incendio,-6.00373135270891,-76.34110147279476
12964,incendio,-5.7378,-76.1401
12965,incendio,-6.8584,-76.6561
12969,incendio,-6.6536,-76.5405
12979,no_incendio,-7.371926664770868,-77.38249391708561
12986,incendio,-5.6547,-77.5093
12991,incendio,-7.4136,-76.7067
12998,incendio,-6.6035,-76.5624
13000,no_incendio,-7.153254312142147,-75.61931012295983
13001,incendio,-7.0797,-76.8871
13012,no_incendio,-5.6874479423727555,-75.79801976537915
13013,no_incendio,-6.808298154641365,-77.1261442416624
13014,no_incendio,-7.095024308236621,-76.98915064415999
13018,no_incendio,-6.059607457191615,-77.52385870382261
13029,incendio,-7.348,-76.5938
13034,incendio,-7.1435,-76.4798
13035,incendio,-7.4453,-76.7153
13038,no_incendio,-6.219703521684984,-76.92758051251145
13050,no_incendio,-7.146199438472306,-75.63802434726938
13051,no_incendio,-6.642584248060827,-75.75075985956546
13052,incendio,-7.4425,-76.4617
13060,incendio,-6.6562,-76.5248
13070,incendio,-7.0116,-76.6662
13075,no_incendio,-6.775595026700855,-77.38152365692504
13077,no_incendio,-7.366259215797565,-77.34248619041158
13080,incendio,-7.1078,-76.08
13086,no_incendio,-6.032637337308331,-77.27677952675285
13096,incendio,-7.121,-76.3614
13098,incendio,-8.6474,-76.7906
13105,no_incendio,-6.0254636524537775,-76.26070791675792
13110,incendio,-5.7983,-77.176
13113,no_incendio,-6.930372562741588,-76.24468121546766
13122,incendio,-6.6489,-76.497
13124,incendio,-7.3711,-76.6703
13131,no_incendio,-6.360714337530349,-76.51313445356357
13135,no_incendio,-6.09585600344774,-76.33181330264762
13141,no_incendio,-6.877247924736086,-76.70115338296226
13149,incendio,-6.6689,-76.3782
13153,incendio,-8.2305,-76.6185
13158,no_incendio,-6.963743688695052,-77.15890290229473
13165,incendio,-7.2653,-76.4902
13166,incendio,-6.778,-76.5314
13168,no_incendio,-7.200090625449649,-75.973583692229
13170,incendio,-7.8296,-76.7388
13176,no_incendio,-6.6015678247259215,-76.27888093028594
13179,incendio,-7.2124,-76.6317
13180,incendio,-6.31,-76.6854
13184,no_incendio,-6.24237475480212,-75.58560175040829
13186,incendio,-6.9988,-76.6305
13187,incendio,-5.7924,-76.3426
13188,incendio,-7.1065,-76.8737
13195,incendio,-6.3127,-75.8558
13201,incendio,-5.7399,-76.1577
13202,no_incendio,-6.580708866740203,-77.30463518466154
13204,incendio,-8.4793,-76.4666
13209,no_incendio,-6.890142536767722,-76.21093731168023
13215,incendio,-5.6261,-75.9312
13216,no_incendio,-5.763649060823176,-76.26292282199367
13220,incendio,-6.5373,-76.4685
13222,incendio,-8.6325,-76.2755
13225,no_incendio,-6.7738595150234,-76.75356063625604
13233,no_incendio,-6.886318678721428,-75.69795842959347
13234,incendio,-7.4353,-76.6053
13237,incendio,-6.3611,-76.6544
13238,no_incendio,-5.62140995348484,-75.55506281291692
13240,incendio,-7.357,-76.766
13242,incendio,-5.6985,-75.863
13250,incendio,-8.6665,-76.9345
13252,no_incendio,-7.491547550658209,-77.41447872545433
13253,no_incendio,-6.950538468924696,-76.07104877103448
13260,no_incendio,-7.342552043846658,-77.45073212658029
13261,no_incendio,-5.815206419164588,-75.9840705047973
13262,no_incendio,-7.245236344594437,-75.87140818649081
13274,no_incendio,-5.60683404112794,-77.27867668965091
13286,no_incendio,-5.70993701267222,-76.39276259470975
13290,no_incendio,-7.005255736259935,-76.42804994495515
13294,incendio,-5.9304,-76.2017
13295,incendio,-5.7614,-77.3285
13296,incendio,-7.5779,-76.4055
13298,no_incendio,-6.818883045664746,-77.17747642270048
13302,incendio,-6.3042,-76.2127
13308,incendio,-7.2791,-76.2816
13318,no_incendio,-5.453647317604843,-76.59202254288773
13319,incendio,-8.6839,-76.3444
13323,no_incendio,-7.53303009358015,-76.30539007678105
13324,no_incendio,-7.192625795202753,-75.79931940133156
13326,incendio,-7.5602,-76.5708
13334,incendio,-8.7599,-77.757
13344,no_incendio,-7.106983766497296,-76.41530269638099
13348,incendio,-7.3184,-76.5613
13352,no_incendio,-7.454920494649443,-76.8925561147692
13353,no_incendio,-7.506544236901732,-77.50246102993648
13356,incendio,-6.2561,-75.9903
13357,incendio,-7.2562,-76.6939
13358,no_incendio,-7.301995634610949,-77.3052348248029
13359,incendio,-6.0591,-76.372
13367,no_incendio,-7.517938460168555,-75.88430182253087
13368,no_incendio,-5.791181789509089,-77.46024775242152
13373,no_incendio,-7.37285257220338,-75.85397128431137
13390,incendio,-6.9436,-76.2291
13408,no_incendio,-6.25350724604799,-77.4340170352428
13409,incendio,-7.0897,-77.7562
13412,no_incendio,-6.23478792603882,-76.18381610836184
13415,incendio,-7.0481,-76.775
13419,no_incendio,-5.40191525194851,-77.41832441514279
13428,no_incendio,-7.3383676381877665,-77.39694154174633
13436,incendio,-5.7449,-76.4096
13438,incendio,-6.56,-75.6941
13442,incendio,-7.3634,-76.0504
13444,incendio,-8.5953,-76.9237
13453,no_incendio,-6.185102706019143,-75.78932803542219
13455,incendio,-8.0394,-76.7096
13456,incendio,-6.0846,-75.8383
13461,incendio,-5.764,-77.3813
13466,no_incendio,-5.993099838060813,-76.1739103851831
13469,no_incendio,-5.998881730764309,-77.1385121318961
13470,no_incendio,-6.893924031218003,-76.04905921446095
13478,no_incendio,-6.181570378698443,-77.2403974842685
13479,incendio,-6.5734,-76.0051
13484,no_incendio,-7.53821724475927,-77.34792258266398
13485,incendio,-5.9292,-76.1696
13486,incendio,-7.5356,-76.7645
13494,no_incendio,-6.965586863586331,-77.4440785223658
13501,no_incendio,-6.741427767846081,-75.52300413513564
13504,incendio,-5.8371,-76.2112
13506,no_incendio,-7.132478183195441,-76.65634588857769
13507,no_incendio,-5.709919403753175,-77.18915952963572
13510,incendio,-6.8123,-76.6244
13515,no_incendio,-7.253889999482386,-76.08590323427873
13521,incendio,-6.3137,-76.7039
13524,incendio,-6.5211,-76.7441
13531,incendio,-6.6929,-76.2479
13535,incendio,-6.4778,-75.9315
13537,incendio,-6.0988,-76.1456
13541,incendio,-6.2146,-77.1618
13554,no_incendio,-6.058777263222519,-76.29718752856778
13566,no_incendio,-5.3750389583532385,-76.27737605989306
13571,no_incendio,-6.081920488696037,-77.43393189597795
13573,no_incendio,-7.134812798520641,-75.55898183219816
13581,no_incendio,-7.225892265359727,-76.0093087691897
13582,no_incendio,-6.673178207902485,-77.4048318758823
13583,no_incendio,-6.9422117979050695,-77.32253174388707
13584,no_incendio,-7.099688871826168,-75.91020418997267
13586,incendio,-7.6067,-76.7593
13600,incendio,-7.5478,-76.4043
13604,incendio,-8.464,-76.1995
13605,incendio,-6.9627,-76.4517
13608,no_incendio,-5.39776817495506,-77.21180440723553
13621,incendio,-6.1949,-76.2559
13625,incendio,-7.5144,-76.4183
13629,incendio,-7.1727,-76.8148
13632,no_incendio,-6.09276868271348,-76.00881721213455
13633,incendio,-7.2516,-76.692
13641,incendio,-8.478,-76.3607
13645,incendio,-8.2226,-76.4584
13650,no_incendio,-7.27421571842906,-77.20818796800718
13660,incendio,-7.3154,-76.9685
13664,no_incendio,-7.098978961723795,-76.16251434543014
13675,incendio,-5.842,-76.2444
13687,incendio,-6.9252,-76.2247
13709,no_incendio,-6.042344688075439,-75.58423135699039
13713,incendio,-7.4322,-76.5886
13716,no_incendio,-5.585507984340333,-75.53590045517545
13718,incendio,-6.0143,-77.192
13723,no_incendio,-6.196820810614756,-77.18695898534692
13724,no_incendio,-5.990542250974831,-75.6694532466171
13725,no_incendio,-5.756771146595229,-77.41858176231523
13726,incendio,-7.2198,-76.4735
13727,no_incendio,-5.335389403596253,-76.01475499828726
13730,incendio,-6.6145,-77.4106
13732,no_incendio,-6.580708866740203,-77.30463518466154
13735,no_incendio,-6.040209440060914,-75.6194334979568
13747,no_incendio,-7.311635265992554,-75.85999069910886
13751,incendio,-7.2942,-76.0465
13755,no_incendio,-5.6897437871119,-77.10615819747757
13774,no_incendio,-6.705665824489784,-75.86880266225904
13775,incendio,-6.1899,-76.9624
13779,incendio,-8.3748,-76.4865
13780,incendio,-7.3637,-76.8184
13783,incendio,-7.0017,-76.5047
13785,incendio,-6.9557,-76.5018
13795,incendio,-6.1947,-75.9222
13799,no_incendio,-6.959105963658491,-76.85747096898318
13800,incendio,-7.1495,-77.0888
13801,incendio,-6.8064,-76.9156
13802,incendio,-5.7706,-77.2713
13807,incendio,-7.5245,-76.4453
13809,incendio,-6.099,-75.9819
13826,incendio,-8.6995,-76.7674
13831,incendio,-7.714,-76.4951
13834,incendio,-6.4141,-77.6031
13837,incendio,-5.7439,-77.2393
13839,incendio,-7.3682,-76.8689
13840,incendio,-6.9125,-76.8916
13846,no_incendio,-5.67746740794027,-76.11677597680215
13847,no_incendio,-5.676274225134516,-77.28318396900629
13848,no_incendio,-5.618910457397299,-76.39046295133087
13850,no_incendio,-5.941437702339227,-76.71661667859928
13852,incendio,-7.6257,-76.4826
13856,incendio,-7.3652,-76.8631
13857,no_incendio,-5.623597121632923,-75.81781716667395
13860,incendio,-6.2904,-75.9109
13861,no_incendio,-6.5340207470218745,-75.73082220173393
13876,incendio,-8.3192,-76.5675
13881,no_incendio,-5.326931537697329,-77.25175106818679
13885,incendio,-6.567,-76.5954
13887,no_incendio,-6.0017769805371435,-76.54978075200272
13889,no_incendio,-6.217977569363936,-76.69976022852224
13890,no_incendio,-5.473631906137981,-76.93641473945902
13894,incendio,-6.3101,-75.9137
13896,incendio,-7.4014,-76.4141
13897,incendio,-6.694,-76.9018
13900,incendio,-7.5169,-76.2087
13902,incendio,-8.6162,-77.0742
13904,no_incendio,-7.592937213039827,-76.3910934505804
13907,no_incendio,-6.281173626920689,-76.33798845589783
13909,incendio,-8.6261,-76.3154
13910,incendio,-6.825,-76.4784
13911,no_incendio,-5.861691315967814,-75.99243493644171
13920,incendio,-6.4995,-76.5184
13924,incendio,-7.4547,-76.721
13930,no_incendio,-6.237093114939267,-75.7117789331342
13931,incendio,-7.4445,-76.5944
13932,incendio,-7.2837,-76.7518
13940,incendio,-5.8526,-77.2102
13942,incendio,-6.7309,-76.8753
13945,incendio,-8.5222,-76.4091
13956,incendio,-5.848,-76.0096
13964,incendio,-8.6992,-76.1522
13967,incendio,-6.8241,-76.5619
13971,incendio,-6.7496,-76.4159
13974,incendio,-5.7081,-76.2648
13975,no_incendio,-6.167876331105529,-76.10362029847187
13994,incendio,-6.113,-76.1848
13995,no_incendio,-5.525473635438348,-76.97243620940135
13996,no_incendio,-6.542256231887758,-76.22236926601508
13997,no_incendio,-7.208457886315255,-75.76495343289794
13999,incendio,-6.273,-76.0526
14001,no_incendio,-6.918732727057085,-75.61509017346891
14002,incendio,-6.7922,-76.4024
14004,no_incendio,-5.4986752575716835,-76.99704879250469
14011,no_incendio,-6.342272331916268,-77.0355540401251
14014,incendio,-7.0147,-76.8915
14016,no_incendio,-6.53325154649785,-76.75115030969212
14018,incendio,-6.6718,-76.4464
14024,incendio,-5.8001,-76.3917
14025,incendio,-7.5284,-76.7461
14028,incendio,-8.1122,-76.6331
14033,no_incendio,-5.5629279584591815,-75.58676722265717
14037,no_incendio,-5.593725246250177,-76.70151478021911
14048,no_incendio,-7.587620813063947,-76.03285942876866
14054,no_incendio,-7.431414415877487,-76.13136950681124
14066,no_incendio,-6.567404760010091,-75.93678531261668
14073,incendio,-7.3382,-77.5707
14074,incendio,-5.6352,-76.6071
14081,incendio,-8.4441,-76.4455
14083,no_incendio,-5.364892363396528,-76.8599043565554
14089,no_incendio,-6.437468171319466,-76.61472481016831
14092,no_incendio,-7.510954821403472,-75.50873794050783
14093,no_incendio,-6.295102509635013,-77.52506617532497
14095,no_incendio,-7.407523974858453,-76.05767195335137
14098,incendio,-7.0697,-76.8175
14119,incendio,-6.1342,-76.1226
14122,incendio,-7.2693,-76.7796
14146,incendio,-6.6497,-76.7159
14148,no_incendio,-6.24237475480212,-75.58560175040829
14149,incendio,-7.4428,-76.2484
14151,no_incendio,-6.960339111557958,-75.64609550577184
14157,incendio,-7.467,-76.3984
14166,no_incendio,-5.631534863423365,-75.5444078955286
14169,incendio,-6.6902,-76.3618
14170,incendio,-8.1517,-77.5699
14173,incendio,-6.214,-76.268
14175,incendio,-6.0461,-76.1893
14180,incendio,-8.6575,-76.8632
14181,no_incendio,-6.74885592845062,-76.02672128613708
14182,incendio,-7.5429,-77.5148
14183,no_incendio,-6.709233322192638,-77.51049806027564
14185,incendio,-7.1268,-76.0713
14187,incendio,-6.1192,-75.7791
14192,no_incendio,-6.122720954624869,-76.9879603704079
14195,incendio,-5.5868,-76.6513
14196,incendio,-6.5461,-76.6052
14199,incendio,-6.9663,-76.3324
14207,incendio,-6.5946,-76.6936
14226,incendio,-7.5353,-76.4618
14233,incendio,-7.5239,-76.346
14235,incendio,-5.737,-76.3942
14238,incendio,-7.1042,-76.0526
14243,no_incendio,-7.325700741079294,-77.06360146385256
14244,no_incendio,-7.401018606692293,-76.00185651713339
14247,incendio,-6.6404,-76.5975
14252,incendio,-7.1179,-77.1136
14253,incendio,-7.4593,-76.704
14254,incendio,-7.5661,-76.7316
14255,incendio,-6.8276,-76.4878
14259,incendio,-7.1856,-77.049
14266,incendio,-7.376,-76.2572
14274,no_incendio,-6.480391966428419,-77.42730148887621
14275,no_incendio,-5.959932705913599,-76.9795248154579
14284,incendio,-6.229,-77.0987
14286,incendio,-8.4956,-76.4112
14293,incendio,-6.9199,-76.5247
14295,incendio,-8.3675,-76.2925
14301,no_incendio,-5.49325291733823,-76.90069379643876
14308,no_incendio,-6.140503448389999,-75.89152757203433
14309,incendio,-6.8725,-76.2337
14310,no_incendio,-7.487103293775268,-76.06526148025002
14314,incendio,-5.8166,-77.0803
14327,no_incendio,-6.10372793592555,-77.07921750093743
14335,incendio,-7.2636,-76.3391
14339,no_incendio,-5.846363398738161,-76.40526766705626
14342,no_incendio,-7.127093555738052,-76.84105088577114
14345,incendio,-7.3527,-76.7719
14350,incendio,-6.9686,-76.1258
14352,no_incendio,-7.2889510765606325,-76.46654281298771
14357,no_incendio,-6.694264893002906,-76.05015609684683
14359,incendio,-7.2617,-76.324
14362,no_incendio,-5.382698663545955,-75.70884428974506
14366,no_incendio,-5.594721982840302,-76.73250330554579
14370,incendio,-7.3243,-76.7211
14374,incendio,-6.5329,-76.6658
14379,no_incendio,-5.712986091901971,-76.69466982249243
14385,incendio,-5.7415,-76.0025
14390,no_incendio,-7.183923927473843,-76.41258057222892
14392,incendio,-5.8212,-77.3429
14394,no_incendio,-7.5699592193140015,-75.58526155924636
14404,incendio,-7.1392,-76.8079
14406,no_incendio,-7.251053016973333,-77.43482372064443
14407,no_incendio,-5.985543510791079,-75.55610035209125
14412,incendio,-6.0509,-75.9857
14414,incendio,-7.0256,-76.3016
14416,no_incendio,-5.561988258344413,-76.88991934204635
14417,incendio,-5.6765,-76.596
14419,incendio,-5.882,-77.0915
14423,no_incendio,-5.6011690570737915,-76.70090683859456
14434,no_incendio,-6.3280159994888185,-76.39673641063581
14438,incendio,-8.0194,-75.596
14439,incendio,-5.7489,-76.2555
14442,no_incendio,-6.518152554514016,-75.5195810155841
14443,no_incendio,-6.819960436835468,-75.76204305997081
14445,incendio,-8.4048,-76.3937
14449,incendio,-6.1481,-76.1371
14450,no_incendio,-7.038481344593258,-77.380855509791
14454,no_incendio,-7.000095620614563,-76.8362748925339
14455,incendio,-7.2754,-76.8231
14458,incendio,-6.6017,-76.0968
14459,incendio,-6.7554,-76.2012
14461,incendio,-6.7301,-76.17
14463,no_incendio,-7.317626251154921,-75.78361603634158
14465,incendio,-7.142,-77.0608
14469,no_incendio,-6.925307344468632,-76.89098262738764
14471,incendio,-6.8598,-76.3989
14472,no_incendio,-6.738442276906446,-76.26128977675305
14474,no_incendio,-5.809070578757959,-75.92077418660742
14480,incendio,-6.1595,-75.9318
14482,no_incendio,-5.518725698266722,-76.04231826723102
14485,incendio,-7.1105,-76.8903
14496,no_incendio,-5.703527630485487,-76.04599898833253
14500,incendio,-6.3072,-76.0936
14503,no_incendio,-5.91369294253363,-76.91673941934057
14504,incendio,-7.4231,-76.7376
14513,incendio,-7.3259,-76.9042
14515,no_incendio,-5.676274225134516,-77.28318396900629
14528,incendio,-6.458,-77.478
14538,incendio,-6.7794,-76.5413
14542,incendio,-5.8661,-77.4335
14543,incendio,-6.8892,-76.9421
14546,incendio,-7.2628,-76.3485
14549,incendio,-6.2203,-76.1281
14551,no_incendio,-7.089719383654557,-75.94940066492136
14553,incendio,-7.6268,-76.639
14561,incendio,-6.9385,-76.7042
14582,incendio,-5.7862,-77.3923
14584,no_incendio,-6.671397085491674,-75.72724206195927
14587,incendio,-6.5585,-76.7034
14594,incendio,-6.9872,-76.4443
14597,incendio,-6.3792,-76.4787
14598,incendio,-6.6058,-76.4372
14610,incendio,-6.2717,-76.7552
14619,incendio,-6.2217,-76.2689
14620,incendio,-6.9475,-76.4117
14622,incendio,-6.8256,-76.6374
14625,no_incendio,-6.3427644504242675,-77.35180398852548
14629,incendio,-6.1482,-76.3444
14633,no_incendio,-7.27421571842906,-77.20818796800718
14637,incendio,-6.5415,-76.563
14640,incendio,-5.9548,-77.06
14644,incendio,-6.8039,-76.6131
14651,no_incendio,-6.644983818759033,-76.97235660144274
14654,no_incendio,-6.370648236891197,-76.34077418345667
14655,incendio,-7.1968,-76.8618
14658,no_incendio,-5.971167138004345,-76.3740699604034
14662,no_incendio,-5.908177822401652,-76.8838396640829
14665,no_incendio,-5.60683404112794,-77.27867668965091
14672,incendio,-6.8737,-76.2697
14678,no_incendio,-7.394254404476224,-75.68500027222532
14684,no_incendio,-6.991871137907023,-76.86560292258433
14694,incendio,-5.9715,-76.2486
14698,no_incendio,-6.573895472470259,-76.90325456502508
14702,no_incendio,-7.241586175081285,-75.60658029783822
14714,no_incendio,-5.612907306182736,-76.9815155721773
14720,incendio,-6.6055,-76.5498
14721,no_incendio,-6.246302114010693,-75.65691913180889
14724,incendio,-7.5913,-76.4026
14731,no_incendio,-6.662875308176205,-76.42972525647028
14732,no_incendio,-7.575264155010306,-76.7671801072031
14739,incendio,-7.2332,-76.4864
14740,no_incendio,-7.1211989995442275,-77.24932556813594
14754,no_incendio,-6.042014186508827,-75.97046946062136
14759,no_incendio,-6.130295951384975,-75.70862882951778
14761,incendio,-7.0655,-77.5739
14770,no_incendio,-7.213623333493973,-77.17840648744146
14775,incendio,-6.5517,-75.9932
14778,no_incendio,-5.979395848987274,-75.81605060669331
14782,incendio,-5.8527,-76.1865
14783,no_incendio,-6.003436470117687,-77.4174804711691
14785,no_incendio,-6.475196466130733,-76.70818383406251
14790,no_incendio,-6.914205717609276,-76.21644962030662
14791,no_incendio,-7.506544236901732,-77.50246102993648
14795,incendio,-5.965,-75.9369
14800,incendio,-6.9514,-77.5274
14801,incendio,-8.7768,-76.2447
14804,incendio,-7.0238,-76.5705
14806,no_incendio,-6.657837978191169,-76.6528349809883
14812,incendio,-8.2123,-76.479
14815,incendio,-8.1419,-76.4803
14816,incendio,-6.8925,-76.5289
14817,incendio,-8.5406,-76.3406
14828,no_incendio,-6.012390103585068,-77.46665184846529
14834,no_incendio,-5.374689655955711,-76.01901794140703
14844,no_incendio,-6.6084019823282665,-76.06077967767854
14846,incendio,-6.8442,-76.5644
14850,incendio,-7.4027,-76.607
14852,incendio,-7.35,-76.608
14853,incendio,-7.4179,-76.7169
14854,no_incendio,-5.371121123003669,-76.78705780536207
14864,incendio,-5.96,-75.9523
14865,no_incendio,-6.542252546530441,-76.69178298792589
14869,no_incendio,-5.393627530051222,-76.7881303458327
14873,no_incendio,-6.937481703505858,-75.66626594730945
14875,incendio,-6.3898,-76.528
14882,no_incendio,-5.573600216354325,-77.29583969487783
14892,incendio,-7.712,-76.6753
14899,incendio,-5.7061,-76.3969
14914,incendio,-5.3067,-75.7134
14915,no_incendio,-5.937825755560712,-77.54131014900841
14920,incendio,-6.8537,-76.5998
14922,incendio,-8.573,-76.1232
14923,incendio,-6.7968,-76.903
14926,no_incendio,-7.311847282906321,-76.59060620233514
14928,no_incendio,-7.3664786483523805,-76.23130655990323
14930,incendio,-7.5034,-76.6046
14934,incendio,-6.1109,-76.1515
14942,incendio,-6.2119,-75.8197
14943,incendio,-8.1611,-77.1247
14951,incendio,-7.3857,-76.625
14955,incendio,-7.2711,-76.6637
14956,no_incendio,-6.702659611656615,-77.00358407805038
14962,incendio,-6.9133,-76.8098
14964,incendio,-8.7124,-76.7272
14968,no_incendio,-6.342272331916268,-77.0355540401251
14977,no_incendio,-6.505676796415307,-75.74448285313693
14983,incendio,-6.1863,-76.233
14984,incendio,-7.2762,-76.6008
14985,no_incendio,-6.8707527834716435,-77.1546220579287
14986,incendio,-6.8652,-76.3652
14988,no_incendio,-6.219703521684984,-76.92758051251145
14992,incendio,-6.1111,-76.3276
14997,no_incendio,-6.156050459707027,-75.66218917207854
14999,incendio,-8.6143,-76.6806
15004,no_incendio,-5.7630676382897414,-75.77232686505347
15010,incendio,-7.3514,-76.8945
15011,incendio,-7.0304,-76.6516
15022,no_incendio,-6.30212067741681,-77.20947071632679
15024,no_incendio,-6.295102509635013,-77.52506617532497
15028,no_incendio,-6.446499470618798,-75.63834110129498
15044,no_incendio,-6.339520872179224,-76.81899067100204
15045,incendio,-6.7936,-76.8125
15050,no_incendio,-5.634222890340759,-76.43789808900263
15057,incendio,-6.6793,-76.5385
15059,incendio,-7.2271,-76.3474
15075,no_incendio,-7.084883582406477,-76.16691642079259
15084,no_incendio,-5.382544750033527,-75.77853597502654
15093,no_incendio,-6.31265571754434,-77.00564888561091
15095,incendio,-6.8213,-76.8085
15098,incendio,-7.0119,-76.6591
15101,incendio,-6.76,-76.7298
15105,incendio,-6.5082,-75.7586
15111,incendio,-6.7315,-76.7149
15112,no_incendio,-6.346021842815813,-77.12333044544714
15123,incendio,-6.3981,-76.3849
15125,incendio,-7.3119,-76.7624
15127,incendio,-7.4854,-76.5767
15128,no_incendio,-6.836006339265761,-75.80496615427175
15137,no_incendio,-6.323745703888591,-76.07826663303581
15141,incendio,-8.7892,-76.2924
15143,no_incendio,-6.58181358126526,-75.97994293561052
15148,no_incendio,-5.720724874930588,-76.09066535924033
15150,incendio,-6.8282,-76.1932
15151,incendio,-8.6562,-76.1303
15160,no_incendio,-7.082226882888392,-75.74798202243628
15161,incendio,-7.3549,-76.8004
15162,no_incendio,-6.165061446367449,-75.9664591742673
15165,no_incendio,-6.370648236891197,-76.34077418345667
15167,no_incendio,-6.6229879670061225,-75.80299704996388
15169,incendio,-5.7404,-76.0524
15170,incendio,-6.281,-75.9233
15173,no_incendio,-5.721753234372427,-77.04300744557013
15189,no_incendio,-5.531494331119256,-75.68693972870032
15190,incendio,-6.2102,-76.1595
15191,no_incendio,-7.453299052251447,-77.18508562471676
15199,no_incendio,-6.269350897351528,-76.17554961545872
15206,incendio,-8.4083,-76.3448
15210,incendio,-5.7019,-76.2416
15215,incendio,-6.4701,-76.6445
15221,incendio,-7.7666,-76.6944
15223,no_incendio,-6.124908546496211,-75.75141276131208
15228,no_incendio,-5.450166959625918,-77.00835031536832
15239,no_incendio,-6.9213010558098045,-76.33886424086654
15241,no_incendio,-6.390597266026688,-76.66038678496503
15243,incendio,-7.0391,-76.7709
15244,incendio,-6.7178,-76.8103
15249,incendio,-8.6302,-76.2774
15253,no_incendio,-6.640978763936889,-76.01901055862061
15258,no_incendio,-5.925744830854394,-76.62635370808266
15262,no_incendio,-6.444450177038954,-75.66847301432819
15268,no_incendio,-7.247461423234719,-75.57023459371909
15270,incendio,-5.3438,-76.6001
15273,incendio,-6.8846,-76.6702
15279,incendio,-7.8467,-77.4569
15286,incendio,-7.4793,-76.6891
15290,incendio,-6.7573,-76.814
15291,no_incendio,-7.081124602285028,-76.06087878832324
15293,incendio,-5.7948,-76.9932
15295,incendio,-5.933,-76.3147
15296,incendio,-6.0825,-76.2007
15301,incendio,-7.2182,-76.2867
15303,incendio,-5.3073,-75.7074
15306,no_incendio,-6.522871972647179,-77.1088712424184
15307,incendio,-8.0525,-76.6756
15308,incendio,-7.5893,-76.3952
15314,incendio,-6.7723,-76.3789
15330,no_incendio,-5.362697688980843,-76.37235425327088
15343,no_incendio,-7.396034749471958,-77.09104434205882
15349,incendio,-6.531,-76.4639
15354,no_incendio,-6.397916753583541,-76.88339705526924
15356,incendio,-7.0856,-76.8619
15359,incendio,-6.7054,-77.2929
15360,no_incendio,-6.224512205373936,-77.14720066928672
15366,incendio,-8.1434,-76.4786
15367,no_incendio,-6.726779286673033,-77.03336380719702
15369,incendio,-7.0843,-76.9016
15372,incendio,-6.4661,-75.7468
15377,no_incendio,-5.758693276250254,-76.20523501497284
15384,incendio,-6.2017,-76.7174
15387,incendio,-5.476,-76.5323
15388,incendio,-5.799,-76.3898
15391,incendio,-5.8492,-76.1996
15392,incendio,-7.1092,-76.7236
15395,incendio,-6.9675,-76.1716
15398,no_incendio,-5.6727531578346015,-77.41986068936593
15400,no_incendio,-6.5096234782459765,-76.05722709745423
15402,incendio,-6.9524,-76.466
15410,incendio,-6.7559,-76.6796
15412,incendio,-6.5575,-76.4987
15420,incendio,-7.2125,-76.6305
15422,incendio,-5.8958,-77.2246
15426,no_incendio,-7.414688922024766,-76.2476866383002
15428,incendio,-7.4525,-76.5653
15432,no_incendio,-5.55191314269425,-76.59129090689653
15433,incendio,-6.5906,-76.1029
15434,incendio,-7.0941,-76.5293
15437,no_incendio,-5.437451651862052,-75.53119555354411
15440,incendio,-8.4426,-76.2981
15441,no_incendio,-6.559185707653601,-77.1814362546677
15443,no_incendio,-6.331956733542304,-77.5021084607029
15444,incendio,-6.0049,-76.2004
15449,no_incendio,-6.348815001844065,-75.62878823200789
15455,incendio,-5.6771,-77.4047
15456,incendio,-8.2908,-76.5816
15457,incendio,-7.3971,-76.7085
15458,incendio,-5.9033,-76.4104
15459,no_incendio,-7.208457886315255,-75.76495343289794
15463,no_incendio,-6.196820810614756,-77.18695898534692
15469,incendio,-7.5164,-76.5582
15472,incendio,-6.8893,-76.5322
15474,no_incendio,-6.007162927883913,-76.5503319635523
15475,no_incendio,-5.609318574866824,-76.18227826181767
15478,no_incendio,-7.150750883364853,-76.83628592323717
15499,incendio,-5.707,-76.6686
15500,incendio,-8.2819,-76.5243
15502,no_incendio,-6.9398975097013755,-76.27516039033146
15506,incendio,-6.4141,-76.8771
15514,no_incendio,-5.561920884041726,-75.5653879895247
15519,no_incendio,-6.501541232968051,-77.42157786801864
15527,incendio,-8.4415,-76.2307
15529,no_incendio,-6.390597266026688,-76.66038678496503
15534,no_incendio,-6.525571951158751,-77.30569775147015
15552,incendio,-6.1257,-76.186
15564,incendio,-5.3314,-76.4435
15575,no_incendio,-7.589730303914846,-76.05435857716274
15584,incendio,-7.8555,-76.7617
15585,incendio,-6.8998,-76.7917
15590,no_incendio,-6.993239612195546,-76.80617132397158
15592,no_incendio,-5.659847709526774,-75.83935663792408
15595,no_incendio,-7.407523974858453,-76.05767195335137
15604,no_incendio,-6.882432262080377,-75.90126287963834
15612,incendio,-6.0912,-76.1546
15615,incendio,-7.552,-76.4138
15618,no_incendio,-6.041174269159521,-76.02071621272385
15620,no_incendio,-5.590950998396602,-75.50740685150045
15622,incendio,-6.9918,-76.8172
15623,incendio,-7.2369,-76.6321
15624,no_incendio,-5.953019088925324,-76.23284593502969
15628,no_incendio,-6.819960436835468,-75.76204305997081
15629,no_incendio,-6.314113189001013,-76.77593472488475
15633,no_incendio,-5.3699868320408415,-75.54453001162278
15634,no_incendio,-6.9335165366157545,-76.90717664275962
15638,incendio,-8.7372,-76.166
15644,incendio,-6.1857,-76.2815
15647,no_incendio,-7.309838483592369,-76.99515991704935
15656,no_incendio,-5.921016028711128,-75.70718586514504
15657,no_incendio,-6.397916753583541,-76.88339705526924
15659,incendio,-6.0451,-75.9578
15665,no_incendio,-6.827947755317633,-77.24078320536096
15666,incendio,-5.9632,-75.9274
15667,incendio,-7.1254,-76.6339
15674,incendio,-7.5917,-76.7072
15691,incendio,-7.4269,-76.7153
15697,no_incendio,-7.4286037527901305,-75.69674631092113
15700,incendio,-7.0177,-76.9078
15702,incendio,-6.9533,-76.3019
15703,no_incendio,-5.928392145710498,-76.5403998802667
15726,incendio,-5.789,-77.1671
15732,no_incendio,-7.317626251154921,-75.78361603634158
15735,incendio,-7.014,-76.8333
15741,no_incendio,-6.224278076163242,-75.68574152044755
15752,no_incendio,-6.059607457191615,-77.52385870382261
15754,no_incendio,-6.519206979509828,-76.45089641887259
15761,no_incendio,-7.352637322565051,-76.5869966012663
15769,no_incendio,-6.4548358961700885,-76.10226827896288
15770,no_incendio,-5.46295343513328,-75.95414593487065
15771,incendio,-7.4289,-76.5619
15792,incendio,-7.6158,-76.4929
15796,incendio,-5.5282,-75.8637
15797,no_incendio,-6.851346088597758,-76.87565472102605
15799,no_incendio,-6.420478782048784,-76.46157866406858
15806,no_incendio,-7.354001962679465,-76.87586506840084
15808,incendio,-7.0601,-76.1605
15811,no_incendio,-7.378012032391012,-77.45917085361808
15823,incendio,-6.9435,-76.7008
15825,no_incendio,-5.7870347665351245,-76.83855785035811
15827,no_incendio,-5.503666402060762,-76.62944463990817
15828,incendio,-6.7026,-77.4314
15829,incendio,-5.9037,-75.9261
15830,incendio,-6.8556,-76.5579
15831,incendio,-7.0317,-76.319
15840,no_incendio,-6.491284059337684,-76.25746904489338
15848,incendio,-8.6222,-76.2911
15849,incendio,-6.7153,-76.3364
15852,no_incendio,-6.75147932991093,-77.49824320852836
15853,incendio,-6.9037,-76.7084
15861,incendio,-7.9148,-76.6869
15862,incendio,-7.2488,-76.6386
15869,incendio,-8.2966,-76.6446
15870,no_incendio,-6.057689001760209,-76.31599873271878
15871,incendio,-7.2788,-76.4474
15881,no_incendio,-6.440107687486793,-76.71961125303099
15886,incendio,-7.574,-76.508
15901,incendio,-6.3019,-76.1584
15903,incendio,-7.2674,-76.6918
15904,no_incendio,-7.58397179719786,-76.78899858637695
15909,no_incendio,-6.6015678247259215,-76.27888093028594
15911,no_incendio,-6.1419091354730675,-76.8668930112328
15914,incendio,-6.6555,-76.2359
15917,no_incendio,-6.224512205373936,-77.14720066928672
15920,incendio,-6.3947,-75.9909
15922,incendio,-6.3268,-76.5082
15923,no_incendio,-5.698299617649455,-76.9877048304902
15925,no_incendio,-5.9130091622376435,-77.42859659593488
15935,incendio,-5.798,-77.2318
15937,no_incendio,-6.518152554514016,-75.5195810155841
15940,no_incendio,-6.594872736761388,-76.81244710228094
15945,no_incendio,-5.394785578322833,-77.00358788486766
15969,no_incendio,-5.569129164967829,-76.89146867970102
15972,incendio,-5.8188,-76.0019
15973,incendio,-7.0562,-76.238
15975,incendio,-6.1665,-76.3339
15977,incendio,-5.7213,-76.284
15978,no_incendio,-5.875159377973664,-77.1185525314163
15983,incendio,-6.1277,-76.2384
15991,incendio,-5.428,-76.8218
15993,incendio,-7.4515,-76.4166
15995,no_incendio,-5.7595902055188795,-75.77924853201874
15996,incendio,-6.9137,-76.416
15997,no_incendio,-6.309912628737243,-75.57235857764702
16009,incendio,-5.3563,-76.6885
16020,incendio,-6.9205,-76.5947
16021,incendio,-7.4769,-76.3991
16033,incendio,-7.2538,-77.0599
16036,incendio,-7.8288,-76.7059
16037,no_incendio,-5.871232465142917,-76.52596915622884
16039,no_incendio,-6.163392021425101,-76.6587242460342
16045,incendio,-5.9541,-76.2433
16052,incendio,-5.8413,-76.1954
16063,incendio,-6.0296,-76.1917
16065,no_incendio,-5.3088507793034125,-76.33692970134372
16068,incendio,-7.3709,-76.7302
16070,no_incendio,-6.694264893002906,-76.05015609684683
16080,incendio,-7.3025,-76.831
16087,incendio,-7.4324,-76.5971
16089,no_incendio,-7.579948204047341,-77.15279486128607
16090,incendio,-8.7378,-77.7788
16091,incendio,-5.7029,-75.8451
16108,incendio,-5.5352,-75.8928
16109,no_incendio,-5.859392269860992,-77.07597134063963
16112,incendio,-7.1546,-76.1638
16115,no_incendio,-5.976473792691887,-77.521298056028
16121,incendio,-7.4896,-76.6054
16129,no_incendio,-7.420738238712349,-77.50365613060586
16130,incendio,-6.2148,-75.9328
16142,incendio,-7.2316,-76.8426
16147,incendio,-5.8298,-76.3999
16159,no_incendio,-7.384620420011121,-76.77592855304549
16160,no_incendio,-5.5941151159540015,-75.60783919102062
16161,no_incendio,-7.188428352306568,-77.29319926370498
16172,incendio,-6.72,-76.6109
16173,incendio,-6.5452,-76.5857
16175,incendio,-6.5454,-76.782
16176,incendio,-5.7502,-75.9779
16178,no_incendio,-5.394785578322833,-77.00358788486766
16183,no_incendio,-7.592086939740942,-76.80103020899601
16191,no_incendio,-5.936247863486473,-77.30432777805068
16195,incendio,-6.779,-76.427
16200,no_incendio,-6.741440234624422,-77.09605125719467
16205,incendio,-5.792,-76.0081
16208,incendio,-8.5187,-76.3852
16212,incendio,-7.6685,-76.4556
16213,no_incendio,-5.9343288832648255,-75.71284400291329
16216,incendio,-7.1482,-76.3873
16222,no_incendio,-6.634686692730256,-75.5796876028018
16224,incendio,-8.3898,-76.2873
16225,incendio,-6.0747,-77.0671
16229,incendio,-8.0814,-76.5671
16231,no_incendio,-7.436772555974999,-76.13512005747918
16236,incendio,-8.4185,-76.4573
16239,incendio,-7.4216,-76.4428
16248,incendio,-6.8916,-76.9067
16250,incendio,-6.6108,-76.102
16259,incendio,-6.0186,-77.2383
16265,incendio,-6.4671,-75.7604
16275,incendio,-7.1562,-76.3003
16276,incendio,-6.8184,-76.7791
16281,no_incendio,-6.5273014114668,-77.07055670023018
16287,incendio,-7.0956,-76.5346
16288,no_incendio,-5.971572498496214,-75.54699515189168
16293,no_incendio,-5.433480478841975,-76.00940335234054
16295,incendio,-7.4262,-76.8257
16301,no_incendio,-5.959481938609148,-77.35681272469573
16304,no_incendio,-5.83397648887431,-77.22981106334638
16306,incendio,-7.1664,-76.8974
16307,no_incendio,-6.5305605417841495,-76.81567387832536
16308,no_incendio,-6.037617039183259,-75.8633441160442
16327,no_incendio,-5.985543510791079,-75.55610035209125
16328,no_incendio,-5.39776817495506,-77.21180440723553
16331,no_incendio,-6.480910366032293,-76.46284954850665
16336,no_incendio,-7.384620420011121,-76.77592855304549
16342,incendio,-6.0187,-76.0056
16344,incendio,-7.0203,-76.8832
16351,no_incendio,-5.902847721330155,-77.17634156149673
16353,no_incendio,-7.036643028375762,-75.60012732289076
16355,incendio,-6.7914,-76.1732
16360,no_incendio,-6.893380079192219,-76.030920773184
16365,no_incendio,-5.532971684555294,-77.02280558006699
16367,incendio,-6.7996,-76.5292
16372,incendio,-7.3084,-76.4665
16373,incendio,-7.4227,-76.4587
16376,incendio,-8.1491,-76.6593
16384,incendio,-6.2034,-76.3942
16386,incendio,-6.1631,-76.1082
16388,no_incendio,-5.366911069115064,-77.28733600522496
16393,no_incendio,-5.968870459553349,-76.92149677654932
16396,incendio,-7.3854,-76.5679
16398,incendio,-6.0808,-76.1658
16408,no_incendio,-6.729488491648472,-77.03653906594069
16409,incendio,-7.2092,-76.2507
16413,incendio,-7.4549,-76.4584
16414,incendio,-6.8788,-77.733
16416,incendio,-5.5486,-76.7296
16419,no_incendio,-6.238722534494159,-76.96599757551694
16421,no_incendio,-5.65675190083822,-76.2124000269003
16424,no_incendio,-5.7826453397308155,-77.3905226367299
16428,incendio,-6.0129,-76.2591
16429,no_incendio,-6.6675087326032685,-77.42602403570756
16430,incendio,-6.8618,-76.5406
16433,incendio,-6.1431,-76.2896
16434,incendio,-6.2975,-76.3056
16435,no_incendio,-6.931342706605391,-77.24005682830844
16437,incendio,-7.1684,-76.7297
16439,incendio,-5.73,-76.3811
16440,no_incendio,-5.459589434430045,-76.77318023823041
16446,no_incendio,-6.987442347939161,-77.51096806537585
16448,incendio,-5.8522,-75.928
16453,no_incendio,-7.357911846364595,-77.10667831143273
16454,incendio,-5.7157,-76.2579
16456,incendio,-5.6859,-77.4751
16460,no_incendio,-7.217736549985553,-75.80888423805258
16461,incendio,-8.5025,-77.0798
16465,incendio,-6.9075,-76.853
16470,incendio,-7.4067,-76.8729
16471,incendio,-7.3207,-76.9707
16474,no_incendio,-5.3170098474698,-75.90718083995199
16477,no_incendio,-6.368662376296837,-77.03036089290791
16487,no_incendio,-7.585660689069584,-77.39009094478008
16488,incendio,-6.6394,-76.3295
16495,incendio,-7.1443,-76.2306
16496,no_incendio,-6.687814799910479,-75.56700420232013
16506,incendio,-6.8688,-76.9239
16509,no_incendio,-6.914205717609276,-76.21644962030662
16510,incendio,-5.6884,-77.5135
16511,incendio,-7.0507,-76.1567
16514,incendio,-6.6054,-76.3455
16515,no_incendio,-7.234182176376593,-76.40213823666475
16518,incendio,-6.564,-76.7473
16524,incendio,-7.0012,-76.8489
16527,incendio,-8.3034,-77.6297
16533,no_incendio,-6.400301881628301,-77.5201604762096
16534,incendio,-8.6238,-76.6103
16537,incendio,-6.8869,-76.6561
16538,no_incendio,-6.649475670478298,-75.86589242526365
16539,no_incendio,-6.322518329995495,-75.91309952295535
16541,incendio,-5.7476,-76.6094
16545,no_incendio,-6.238722534494159,-76.96599757551694
16546,incendio,-5.7333,-76.2622
16549,incendio,-7.0328,-76.7211
16550,incendio,-8.6076,-76.1313
16552,no_incendio,-6.360887636963093,-77.10755017823716
16563,incendio,-8.6569,-76.3038
16571,incendio,-7.118,-76.3115
16572,no_incendio,-7.442941681589652,-76.91434045843735
16573,no_incendio,-7.160701404821328,-77.50258610161559
16579,incendio,-6.7707,-76.8284
16580,incendio,-7.324,-76.9314
16583,incendio,-6.6722,-76.3699
16584,incendio,-8.1523,-76.5192
16587,incendio,-6.9674,-76.563
16594,no_incendio,-6.096039133600909,-76.29380539264065
16600,no_incendio,-7.390169812745361,-75.85173982819381
16601,no_incendio,-6.672836316039594,-77.21035813191263
16606,incendio,-5.9363,-75.9298
16609,no_incendio,-7.464502353788052,-77.51392837949253
16615,incendio,-7.3008,-76.7298
16616,no_incendio,-6.439732844593629,-76.57320223136172
16621,no_incendio,-6.400338002031925,-76.1292712340201
16622,incendio,-7.9322,-76.6974
16631,no_incendio,-6.807279841790784,-75.78242302305196
16632,incendio,-7.2147,-77.0192
16639,incendio,-6.8997,-76.6259
16645,incendio,-8.5757,-76.5533
16647,no_incendio,-5.523597492537125,-76.54848022376082
16650,incendio,-6.1815,-76.2383
16653,incendio,-6.8741,-76.5021
16654,no_incendio,-6.360887636963093,-77.10755017823716
16656,no_incendio,-6.25350724604799,-77.4340170352428
16657,incendio,-6.8748,-76.7414
16661,incendio,-8.4287,-76.3566
16672,incendio,-8.6408,-76.3922
16674,incendio,-5.7949,-76.1439
16676,incendio,-6.2513,-77.251
16679,incendio,-5.685,-75.9178
16681,incendio,-7.4541,-76.5239
16682,incendio,-5.983,-76.2256
16683,incendio,-6.8736,-76.7512
16685,no_incendio,-7.53821724475927,-77.34792258266398
16688,incendio,-6.1219,-76.77
16697,incendio,-6.263,-75.9701
16699,incendio,-8.1536,-77.0085
16703,no_incendio,-6.887626631829371,-77.285374555124
16704,no_incendio,-5.6909060907931215,-77.03642215530066
16711,incendio,-6.7542,-77.3742
16714,no_incendio,-6.3737423006602185,-77.16577350376646
16716,incendio,-5.6304,-76.6848
16721,no_incendio,-5.712666897985722,-76.23826320211337
16730,incendio,-7.1882,-76.4824
16731,incendio,-6.0962,-75.6897
16734,incendio,-5.6738,-76.6591
16743,incendio,-6.3725,-77.5911
16746,incendio,-7.1761,-76.3609
16752,no_incendio,-7.299495014578471,-76.02669026239053
16756,incendio,-6.1592,-75.6664
16759,incendio,-7.1796,-76.1488
16760,no_incendio,-6.971818693744163,-76.01229344920435
16761,incendio,-8.7122,-76.949
16765,incendio,-7.1898,-76.2047
16767,no_incendio,-5.5797385570843945,-76.68051881795166
16768,incendio,-7.1494,-76.2213
16770,no_incendio,-7.298931793323789,-76.42163494937755
16773,no_incendio,-7.111569656244363,-77.04269521527607
16777,no_incendio,-6.400727870765625,-77.48420741846027
16778,no_incendio,-7.391380566669081,-77.4628689446306
16784,incendio,-5.8187,-76.507
16793,incendio,-6.0486,-76.3277
16795,no_incendio,-5.504024274503536,-76.47223087280436
16796,incendio,-7.2207,-77.0796
16798,incendio,-6.9988,-76.7599
16801,incendio,-8.7523,-77.2574
16804,incendio,-6.3711,-75.6806
16806,incendio,-5.7284,-77.3902
16807,no_incendio,-5.89446781447664,-77.22849214912743
16811,no_incendio,-7.366259215797565,-77.34248619041158
16813,incendio,-5.5672,-76.6686
16814,incendio,-7.4688,-76.4772
16815,incendio,-6.3196,-76.0929
16817,no_incendio,-7.474717173105087,-76.9435614717976
16818,no_incendio,-6.006937780860308,-77.45432250461575
16821,incendio,-6.426,-76.4993
16829,no_incendio,-5.715242133239665,-75.6692049037983
16834,incendio,-6.4107,-75.7208
16836,no_incendio,-5.943086820538844,-77.20310189012812
16838,incendio,-6.4974,-76.5219
16839,incendio,-5.6628,-76.6139
16843,no_incendio,-7.12053033714668,-76.21891493903652
16850,incendio,-6.6862,-76.7683
16851,no_incendio,-5.976958562482058,-76.80488821989493
16856,incendio,-7.2746,-76.7941
16868,no_incendio,-5.420009462532595,-77.54497332899014
16872,no_incendio,-6.992873718796428,-77.40735326396366
16873,incendio,-6.7701,-76.1804
16874,incendio,-7.2464,-76.7738
16875,incendio,-6.9623,-77.7952
16876,incendio,-8.2637,-76.6024
16879,no_incendio,-5.6492373233613264,-76.13173612706044
16882,no_incendio,-7.404587411347148,-77.48236039818194
16888,incendio,-7.3395,-76.6018
16889,incendio,-6.788,-76.5587
16891,incendio,-6.6676,-77.7896
16892,incendio,-5.931,-76.2904
16901,incendio,-7.6016,-76.4067
16902,no_incendio,-6.684588652346477,-77.1953837139415
16906,incendio,-7.1514,-76.2671
16908,no_incendio,-7.427821513315094,-77.09535827635182
16912,no_incendio,-6.961563570088446,-77.02222304631809
16922,no_incendio,-7.530943089944216,-75.61039209936172
16928,incendio,-7.3131,-76.5623
16931,no_incendio,-6.653744086369802,-76.88423091911557
16935,incendio,-7.1976,-76.831
16938,incendio,-7.2148,-76.3866
16940,no_incendio,-7.495613592310532,-75.66310159178755
16941,incendio,-5.6753,-77.4894
16948,incendio,-7.3948,-76.7848
16953,incendio,-6.9862,-76.8491
16957,incendio,-6.8792,-76.7472
16962,incendio,-6.4152,-77.7353
16963,no_incendio,-5.783942671800878,-75.80670959767819
16972,no_incendio,-6.456445234793438,-77.37382860861014
16978,no_incendio,-5.985543510791079,-75.55610035209125
16987,no_incendio,-5.693308964023421,-77.38488694411686
16999,incendio,-8.4426,-76.2224
17005,no_incendio,-6.884683844966387,-77.48590774056447
17007,no_incendio,-5.901183537582431,-77.01906915606199
17011,no_incendio,-6.146020638711784,-75.61071933850509
17020,incendio,-7.21,-76.2654
17022,incendio,-8.2867,-76.5302
17023,incendio,-7.5836,-76.7017
17035,incendio,-5.4871,-75.822
17036,incendio,-6.3342,-75.9526
17045,incendio,-6.7661,-76.4873
17049,incendio,-6.0616,-75.8069
17052,incendio,-6.9549,-76.1635
17053,incendio,-8.4743,-76.4317
17054,incendio,-6.6833,-76.7638
17056,incendio,-7.0292,-76.5791
17061,incendio,-6.9172,-76.6812
17062,incendio,-7.1469,-76.2298
17070,no_incendio,-5.716829315463946,-76.6884283959595
17071,incendio,-6.3663,-76.07
17072,incendio,-5.8739,-77.1588
17100,no_incendio,-7.233369543625463,-75.83176043083628
17101,no_incendio,-6.4800299159294745,-75.86986955910662
17106,no_incendio,-5.397948781588011,-77.53247141487635
17114,incendio,-8.5431,-76.4424
17115,incendio,-6.8838,-76.5225
17116,no_incendio,-6.857236383262051,-76.76658169794014
17118,incendio,-6.9719,-76.8751
17120,no_incendio,-6.377187733554232,-75.74684740899566
17121,incendio,-7.2775,-76.2704
17129,incendio,-8.181,-76.6197
17130,no_incendio,-7.573586798987392,-75.72729255411187
17132,no_incendio,-5.393627530051222,-76.7881303458327
17135,incendio,-7.5441,-76.4377
17146,incendio,-8.6591,-76.1668
17158,incendio,-7.238,-76.7783
17164,no_incendio,-5.518725698266722,-76.04231826723102
17166,no_incendio,-6.420856851462068,-76.77933512635609
17167,incendio,-6.5823,-76.4964
17170,no_incendio,-6.6832264067033,-77.40030797685029
17177,incendio,-8.661,-76.3536
17178,incendio,-6.1298,-76.1632
17179,no_incendio,-5.3170098474698,-75.90718083995199
17183,incendio,-7.1537,-76.6318
17186,no_incendio,-6.446999968584335,-76.20534088443561
17189,incendio,-5.8635,-76.0259
17190,incendio,-6.9908,-76.3733
17191,incendio,-7.4227,-76.6913
17194,no_incendio,-7.147843120370421,-77.31448550971452
17198,incendio,-7.3254,-76.7276
17201,incendio,-6.763,-76.855
17203,incendio,-6.3304,-75.8445
17206,incendio,-6.1899,-76.2428
17212,no_incendio,-7.280960307883033,-76.7904575448365
17213,no_incendio,-6.859218995881019,-77.3454749772902
17218,no_incendio,-6.234937456831474,-75.55136134306397
17223,incendio,-7.2132,-76.6559
17228,incendio,-5.6604,-77.1551
17231,incendio,-7.7341,-76.5219
17232,incendio,-8.228,-77.5632
17233,incendio,-7.3757,-76.7781
17234,no_incendio,-7.345060499544703,-77.11825976617006
17251,no_incendio,-7.241586175081285,-75.60658029783822
17252,incendio,-6.0738,-76.3924
17256,no_incendio,-5.465881437617145,-76.83346258647516
17267,no_incendio,-5.60683404112794,-77.27867668965091
17275,incendio,-5.9281,-76.057
17276,incendio,-8.4071,-76.4674
17280,no_incendio,-7.45728200774953,-76.98588787498541
17282,no_incendio,-5.69836641593065,-75.72287872908569
17290,no_incendio,-5.346519894910452,-77.42054950645856
17302,no_incendio,-5.690666241525762,-76.5831246635922
17315,no_incendio,-7.425544369473066,-76.60957296073711
17319,incendio,-5.6413,-76.5411
17323,incendio,-8.6777,-76.1528
17324,incendio,-6.6403,-77.3966
17327,no_incendio,-7.324122621539671,-77.54410654355205
17329,incendio,-6.6286,-76.1322
17331,incendio,-6.7356,-76.1478
17336,incendio,-5.8874,-77.198
17340,no_incendio,-6.3065520769299415,-76.52048775212563
17341,incendio,-6.3244,-76.1979
17343,incendio,-5.3643,-76.79
17344,incendio,-5.8448,-76.2374
17347,incendio,-8.0837,-76.6154
17350,no_incendio,-7.562840840503951,-75.66286053205432
17351,no_incendio,-6.795665285445913,-76.70031335032672
17352,no_incendio,-7.567624123602405,-76.60964562111504
17357,no_incendio,-6.323745703888591,-76.07826663303581
17364,incendio,-5.8493,-75.9586
17365,incendio,-5.7319,-75.8299
17366,incendio,-8.4357,-76.3171
17375,incendio,-6.5959,-76.042
17379,no_incendio,-6.167876331105529,-76.10362029847187
17383,incendio,-6.8977,-76.6118
17384,incendio,-7.144,-76.7345
17385,no_incendio,-6.948889791528075,-76.04658173737485
17387,incendio,-6.0109,-76.2786
17401,no_incendio,-6.770535932670912,-77.17143392593205
17402,no_incendio,-7.173287597971678,-76.70987433367677
17404,incendio,-6.1234,-76.856
17406,incendio,-6.4923,-76.3574
17411,incendio,-7.402,-76.7033
17425,incendio,-7.4962,-76.4652
17435,no_incendio,-7.127830025342514,-77.33172299006912
17436,incendio,-5.7635,-76.5427
17441,incendio,-7.5724,-76.6975
17444,incendio,-7.1924,-76.3455
17450,incendio,-5.7867,-77.1
17454,no_incendio,-7.475413502587504,-75.52501286015236
17458,no_incendio,-6.30791982416226,-77.35125522509678
17460,incendio,-6.34,-75.9719
17466,incendio,-7.6374,-76.4819
17473,incendio,-6.4883,-76.5699
17485,no_incendio,-5.397948781588011,-77.53247141487635
17488,no_incendio,-5.608145245385959,-76.22898397370268
17489,incendio,-6.0013,-75.9858
17491,no_incendio,-7.391380566669081,-77.4628689446306
17501,no_incendio,-5.784820775425025,-76.88322925526231
17509,incendio,-6.8946,-76.5257
17513,incendio,-7.5071,-76.4617
17516,no_incendio,-5.916934623864143,-76.40108482987945
17519,no_incendio,-5.9272520922930445,-77.17976360795232
17521,incendio,-5.9156,-76.3778
17523,incendio,-6.9329,-76.364
17537,incendio,-6.9015,-76.9057
17542,no_incendio,-6.911054339106914,-76.61694946054432
17548,incendio,-7.5463,-76.4748
17560,incendio,-5.7347,-76.0638
17564,incendio,-5.8332,-76.5259
17566,no_incendio,-5.875471323487407,-77.45654526806348
17569,incendio,-7.3392,-76.5954
17572,no_incendio,-5.715242133239665,-75.6692049037983
17573,no_incendio,-7.4055258629962415,-75.72836594706017
17578,incendio,-6.4241,-75.7695
17588,no_incendio,-7.237010441563305,-76.53847008307255
17589,incendio,-6.1453,-77.5914
17590,no_incendio,-6.397916753583541,-76.88339705526924
17611,no_incendio,-6.543469703142076,-77.05698988429933
17612,no_incendio,-7.412957121399091,-77.21617404571616
17616,no_incendio,-6.677016361068433,-76.35596462138518
17620,no_incendio,-7.191225918716162,-75.54734215721196
17629,no_incendio,-6.960986438297525,-76.973990270216
17637,incendio,-7.0969,-76.2996
17639,incendio,-8.5329,-76.4822
17640,no_incendio,-7.316542689651407,-77.09719219444501
17647,incendio,-6.7257,-76.4515
17649,incendio,-6.5399,-76.7661
17652,no_incendio,-7.4438050568529475,-75.8809717620132
17655,no_incendio,-5.5941151159540015,-75.60783919102062
17656,incendio,-6.234,-75.9735
17663,incendio,-7.1833,-76.6796
17664,incendio,-6.5074,-76.5636
17666,no_incendio,-7.1695522446443345,-76.10103400972879
17669,incendio,-5.7614,-76.4074
17677,no_incendio,-7.4291899383099445,-76.99344952239323
17682,incendio,-6.4907,-76.4904
17683,incendio,-7.3476,-76.5612
17684,incendio,-8.0663,-76.7234
17686,incendio,-6.1983,-76.2271
17687,no_incendio,-6.473718077481412,-77.49661278682977
17694,incendio,-6.0782,-76.1678
17699,no_incendio,-7.457798199513177,-76.25066528876945
17705,no_incendio,-5.62140995348484,-75.55506281291692
17709,incendio,-7.1142,-76.3281
17718,incendio,-6.6318,-77.3601
17721,incendio,-7.4162,-76.7046
17731,incendio,-7.4425,-76.6331
17732,no_incendio,-5.720724874930588,-76.09066535924033
17742,incendio,-8.4223,-76.3734
17743,incendio,-7.6267,-76.6923
17747,incendio,-7.2222,-77.0059
17750,incendio,-5.5635,-76.6891
17757,incendio,-6.1115,-76.2755
17759,incendio,-7.2351,-76.068
17762,no_incendio,-6.6046403916429695,-76.28478273774354
17767,incendio,-6.6481,-77.4796
17770,incendio,-6.4937,-76.2381
17771,incendio,-6.8095,-76.5087
17773,incendio,-7.4455,-76.5498
17774,no_incendio,-5.89446781447664,-77.22849214912743
17776,no_incendio,-6.93526933500558,-76.94440022861454
17777,incendio,-6.5681,-76.4991
17778,incendio,-6.0167,-77.1335
17782,no_incendio,-6.420856851462068,-76.77933512635609
17784,incendio,-6.776,-76.4829
17795,incendio,-7.1308,-76.7737
17798,no_incendio,-5.431391280919102,-75.58519659503115
17819,incendio,-7.059,-76.1351
17820,incendio,-8.1791,-77.0415
17824,no_incendio,-5.710479011729555,-76.39175910938613
17834,no_incendio,-5.69836641593065,-75.72287872908569
17840,incendio,-8.4085,-76.2922
17847,incendio,-6.8899,-76.9345
17849,incendio,-6.1022,-77.2318
17851,incendio,-5.9125,-76.4024
17856,incendio,-6.1119,-77.0378
17858,no_incendio,-5.889428519671102,-75.83985217439051
17863,incendio,-8.3026,-77.3502
17866,no_incendio,-6.534953195140333,-76.18456106043952
17872,no_incendio,-6.187799355462546,-77.0520465624197
17873,incendio,-7.5464,-76.5355
17876,no_incendio,-5.356858559279738,-76.9184573866197
17879,no_incendio,-7.391395621025486,-76.825979662233
17882,no_incendio,-7.493235179350296,-76.56434016404388
17884,no_incendio,-6.068535480190217,-76.55604968607116
17888,incendio,-5.6586,-76.5117
17889,incendio,-7.0724,-76.7995
17895,incendio,-7.6654,-76.4921
17904,incendio,-6.3329,-76.0834
17907,incendio,-5.6953,-75.9091
17909,incendio,-7.4599,-76.5852
17918,incendio,-6.6322,-76.6537
17919,no_incendio,-6.068535480190217,-76.55604968607116
17922,incendio,-5.7003,-76.1379
17924,incendio,-7.117,-76.7922
17930,incendio,-6.0788,-77.0015
17931,incendio,-7.3334,-76.5728
17942,no_incendio,-6.707120382693278,-76.63620710614674
17943,incendio,-5.8474,-76.023
17952,incendio,-6.9424,-76.4593
17953,incendio,-7.1762,-76.4775
17954,incendio,-6.0945,-76.1335
17955,no_incendio,-5.652384048618223,-75.53477074714212
17957,incendio,-7.0584,-76.8392
17959,incendio,-5.9388,-77.074
17961,incendio,-6.8393,-76.6729
17975,incendio,-6.8782,-76.6768
17977,no_incendio,-6.9973012484497445,-77.4510550557952
17978,no_incendio,-7.284463966351714,-76.84480226943248
17983,incendio,-6.0897,-76.166
17987,no_incendio,-6.758060268510353,-77.51884776551792
17995,incendio,-5.7364,-76.1186
17998,no_incendio,-7.532869703153675,-75.62377754135032
18005,no_incendio,-7.070198196068285,-76.36379595586068
18013,no_incendio,-7.150450269408023,-77.18839409410428
18020,no_incendio,-7.371625145918922,-75.70238603258082
18041,incendio,-6.7367,-76.1468
18046,incendio,-7.503,-76.5372
18047,no_incendio,-5.734596234605278,-76.54404736792905
18052,incendio,-6.3246,-75.8299
18054,no_incendio,-7.4286037527901305,-75.69674631092113
18056,no_incendio,-5.485555576815183,-76.48568380205462
18061,no_incendio,-5.95558763459201,-75.58088985962372
18065,incendio,-5.8783,-75.9438
18086,no_incendio,-6.081920488696037,-77.43393189597795
18092,incendio,-7.339,-76.7265
18094,incendio,-7.4434,-76.559
18098,no_incendio,-5.902847721330155,-77.17634156149673
18107,incendio,-6.7437,-76.8323
18108,no_incendio,-6.068535480190217,-76.55604968607116
18110,no_incendio,-5.555763303802058,-77.3394188883658
18117,incendio,-7.0194,-76.7576
18125,incendio,-5.9412,-76.4711
18126,no_incendio,-5.541112522183527,-75.99676308138659
18128,no_incendio,-5.870407571755855,-76.43899593158982
18129,incendio,-7.0519,-76.227
18131,no_incendio,-6.298521477567302,-76.20182358446478
18132,no_incendio,-6.073266163575411,-75.6671313489238
18133,incendio,-7.3776,-76.5991
18135,incendio,-6.7455,-77.3756
18136,incendio,-6.7628,-76.4195
18137,no_incendio,-6.768773690834417,-77.41433372649782
18139,incendio,-6.3997,-76.1068
18143,incendio,-6.2607,-76.1425
18164,incendio,-8.4517,-77.2233
18195,incendio,-7.0776,-76.3657
18199,no_incendio,-6.586322213980279,-76.11222675311737
18203,no_incendio,-6.486581240227174,-76.15835402098138
18210,incendio,-6.6451,-76.3698
18211,no_incendio,-7.374027518305184,-76.32029762844952
18224,incendio,-7.6534,-76.6282
18237,no_incendio,-5.952502510545931,-77.35100051203952
18238,incendio,-6.5757,-76.3044
18241,no_incendio,-6.4643629782720495,-76.22804730377794
18251,incendio,-5.8466,-77.1886
18256,incendio,-6.2288,-75.9271
18261,incendio,-7.3111,-76.4152
18262,no_incendio,-6.420856851462068,-76.77933512635609
18264,incendio,-8.7298,-76.2852
18266,incendio,-7.094,-76.7574
18269,incendio,-6.5873,-75.6209
18281,incendio,-7.299,-76.6837
18292,incendio,-6.1979,-76.2994
18294,no_incendio,-6.189738223688629,-76.63044449970681
18300,incendio,-6.3145,-75.8691
18301,incendio,-7.2228,-76.2689
18302,no_incendio,-6.279874050199112,-75.76672987730963
18310,no_incendio,-5.612907306182736,-76.9815155721773
18313,incendio,-6.5506,-75.5917
18318,incendio,-6.1274,-76.182
18325,incendio,-7.1185,-76.6468
18338,incendio,-6.7109,-76.6399
18339,incendio,-7.6116,-76.6852
18341,incendio,-5.6848,-77.4145
18343,no_incendio,-6.479517291884607,-77.31045667927476
18346,incendio,-7.2302,-76.7754
18347,no_incendio,-7.389808722529589,-77.07301560245696
18351,no_incendio,-6.040843804619021,-75.5134205645717
18355,no_incendio,-6.434453669791493,-76.35359643649942
18356,no_incendio,-5.885065132570478,-75.64334405460914
18357,no_incendio,-6.304617864281926,-76.60193669802109
18358,no_incendio,-5.406105166280382,-76.83363539988324
18362,no_incendio,-5.4560539889311706,-76.17543571338655
18363,incendio,-6.9865,-76.4277
18367,no_incendio,-7.454820191858604,-77.06390769959336
18371,no_incendio,-5.508118125742636,-76.08158705053927
18377,incendio,-7.2347,-76.8097
18386,incendio,-8.5661,-76.1341
18387,no_incendio,-6.273383567178642,-76.44114691338451
18391,no_incendio,-6.586264053943194,-75.6879198104013
18395,incendio,-8.6468,-76.2901
18396,incendio,-7.3746,-76.3828
18398,incendio,-7.3105,-76.4072
18401,no_incendio,-6.806373584205248,-76.84212620311408
18403,no_incendio,-7.0475824644559095,-77.00777977835193
18422,incendio,-5.9851,-76.9964
18427,no_incendio,-5.40191525194851,-77.41832441514279
18428,no_incendio,-6.1245241179034995,-75.6853524981565
18431,no_incendio,-7.1291364623253095,-77.04904307212506
18436,incendio,-6.729,-76.1349
18438,incendio,-8.3619,-76.2528
18453,incendio,-5.6946,-76.6139
18456,no_incendio,-6.184018518963494,-76.64827203950954
18458,no_incendio,-6.9422117979050695,-77.32253174388707
18459,no_incendio,-5.699419411757933,-76.10583548301037
18462,no_incendio,-7.547362899320046,-75.73565468655677
18465,no_incendio,-6.246302114010693,-75.65691913180889
18470,incendio,-6.8354,-76.6102
18473,incendio,-8.532,-77.0342
18475,no_incendio,-5.869842375317225,-75.95286206170579
18483,incendio,-7.4007,-76.6315
18484,no_incendio,-6.150817748541318,-77.2743773218178
18485,incendio,-7.4248,-76.702
18488,incendio,-7.4249,-76.2552
18497,incendio,-5.6192,-76.6797
18505,no_incendio,-6.0854129819425,-76.79698741171129
18510,incendio,-6.7023,-76.6135
18513,no_incendio,-7.173287597971678,-76.70987433367677
18515,incendio,-6.1686,-76.0882
18521,incendio,-5.8128,-77.3095
18522,no_incendio,-6.645743757749571,-77.31611856562348
18527,incendio,-7.3659,-76.3924
18529,incendio,-7.3718,-76.5868
18533,incendio,-6.34,-76.9294
18534,no_incendio,-6.076651418507213,-75.99938351654062
18535,incendio,-7.5466,-76.4276
18536,incendio,-6.8849,-76.6684
18541,no_incendio,-7.527307126647749,-77.12744201881532
18546,no_incendio,-7.450227101420001,-77.22165209135423
18548,incendio,-6.0278,-76.1919
18560,incendio,-6.5724,-77.2386
18563,no_incendio,-7.127830025342514,-77.33172299006912
18564,incendio,-7.1174,-76.4006
18565,no_incendio,-5.65611924902812,-76.450948774078
18568,incendio,-6.0958,-75.7497
18569,incendio,-8.157,-77.0508
18571,incendio,-7.0189,-77.7175
18577,incendio,-7.0625,-77.777
18578,incendio,-6.7731,-76.6442
18579,incendio,-6.483,-75.9332
18582,incendio,-6.9527,-77.5368
18596,no_incendio,-6.344517536741018,-75.98404289972582
18597,incendio,-6.5405,-76.4585
18600,no_incendio,-7.527611322889828,-76.67002527157386
18602,incendio,-7.2146,-76.2666
18605,incendio,-6.9085,-76.7377
18612,incendio,-6.2398,-76.7196
18622,incendio,-5.7399,-76.4386
18623,no_incendio,-5.503666402060762,-76.62944463990817
18625,incendio,-5.8217,-77.1006
18626,no_incendio,-7.349457434232458,-77.2287510721594
18631,incendio,-7.4187,-76.5792
18633,incendio,-5.8425,-76.2135
18634,no_incendio,-6.184018518963494,-76.64827203950954
18638,incendio,-6.545,-76.4547
18640,incendio,-5.682,-77.1396
18641,no_incendio,-5.67746740794027,-76.11677597680215
18643,incendio,-6.8897,-76.7307
18649,incendio,-6.4894,-76.3637
18656,no_incendio,-7.53303009358015,-76.30539007678105
18659,incendio,-6.7027,-76.5685
18660,no_incendio,-7.137713754276464,-76.43208640903742
18671,no_incendio,-6.796720182530489,-75.69073110670904
18674,no_incendio,-5.612307081535751,-76.80288819980903
18678,incendio,-6.5498,-76.606
18679,incendio,-6.1476,-76.3536
18681,no_incendio,-6.88204939673875,-76.47181029595973
18683,incendio,-7.0069,-76.6088
18685,no_incendio,-7.019065477801208,-77.45420422372614
18688,incendio,-5.8004,-77.2484
18698,no_incendio,-5.906233795105334,-77.12857966060585
18700,incendio,-6.6895,-76.8975
18705,incendio,-5.8191,-77.1769
18707,incendio,-7.091,-76.6856
18720,incendio,-5.7988,-77.0965
18723,incendio,-6.4319,-77.7889
18724,incendio,-5.7985,-76.4082
18730,incendio,-7.166,-76.1302
18731,no_incendio,-6.152311336764004,-75.83217280220295
18732,incendio,-6.2191,-77.7842
18738,incendio,-6.1644,-75.9713
18743,no_incendio,-5.389176452484517,-75.81151917065094
18748,incendio,-5.6315,-76.5535
18754,incendio,-6.1208,-76.1423
18757,incendio,-6.0958,-76.1945
18761,incendio,-6.305,-75.8332
18763,incendio,-6.0774,-77.7972
18768,incendio,-6.7563,-76.7409
18774,no_incendio,-6.003436470117687,-77.4174804711691
18786,incendio,-7.2718,-76.168
18789,no_incendio,-7.508226717447944,-76.74892470083597
18791,incendio,-5.7611,-77.2813
18792,incendio,-6.2411,-76.1413
18793,no_incendio,-7.487565239153625,-77.31329030244564
18796,incendio,-8.0716,-76.7331
18802,no_incendio,-6.766715492175258,-75.83761083407144
18808,incendio,-8.3116,-76.39
18811,incendio,-8.6968,-76.2939
18812,incendio,-7.1452,-76.7643
18817,incendio,-6.9714,-76.1982
18818,incendio,-6.0407,-76.1489
18826,no_incendio,-7.486384119244431,-77.33522717320785
18829,no_incendio,-6.66812028796298,-76.15230026038583
18836,no_incendio,-7.0287390386317705,-77.03724597379518
18840,incendio,-7.4675,-76.409
18842,incendio,-7.3063,-76.8513
18847,no_incendio,-6.6817259124413635,-75.77879648666988
18848,no_incendio,-6.136716909605955,-76.35666700182222
18852,incendio,-6.9589,-76.5142
18853,no_incendio,-6.390597266026688,-76.66038678496503
18858,incendio,-6.8187,-76.1472
18865,no_incendio,-5.532392079747417,-76.92136640270547
18871,no_incendio,-7.4291899383099445,-76.99344952239323
18876,incendio,-6.0989,-76.1563
18878,incendio,-6.8932,-76.7008
18881,incendio,-8.1897,-77.2812
18884,incendio,-5.6354,-76.6148
18889,incendio,-8.2631,-76.585
18895,incendio,-7.6804,-76.5149
18899,no_incendio,-5.5369399299131885,-77.31171501653961
18901,no_incendio,-6.434453669791493,-76.35359643649942
18902,no_incendio,-6.189900798297541,-77.11922448268243
18908,incendio,-6.1142,-76.1661
18910,incendio,-6.3186,-76.6705
18915,incendio,-5.8196,-77.4476
18934,incendio,-8.1563,-77.1225
18937,incendio,-7.5016,-76.562
18938,no_incendio,-6.09087742872903,-76.39432793529913
18940,incendio,-6.127,-76.1771
18941,no_incendio,-6.324514222860181,-76.89947276475436
18944,no_incendio,-6.2016988445038095,-75.99411742841416
18945,incendio,-7.2307,-76.4734
18954,incendio,-7.1471,-76.2504
18963,incendio,-6.3272,-75.8579
18966,incendio,-5.8629,-75.9173
18967,no_incendio,-6.722985174451003,-76.39617504365586
18970,incendio,-8.3293,-76.5743
18972,incendio,-8.7171,-76.116
18979,no_incendio,-7.318729401485612,-76.81445384525996
18986,incendio,-7.2298,-76.5865
18990,incendio,-6.5196,-76.2849
19003,incendio,-7.3291,-76.5533
19004,incendio,-7.2512,-77.0416
19006,incendio,-7.3461,-76.5565
19008,incendio,-6.6063,-76.7904
19011,incendio,-6.7148,-76.7439
19014,incendio,-6.2105,-76.347
19021,no_incendio,-7.282016752291952,-75.89864347181351
19023,incendio,-6.2253,-76.0804
19039,no_incendio,-5.393627530051222,-76.7881303458327
19041,no_incendio,-6.377843437674785,-75.69894560383477
19048,no_incendio,-6.632429838819291,-76.85546244307059
19054,incendio,-5.8968,-76.2375
19059,incendio,-6.9632,-77.7097
19069,no_incendio,-6.267765286846349,-75.88438881089547
19071,incendio,-7.4084,-76.6088
19072,no_incendio,-6.003436470117687,-77.4174804711691
19077,incendio,-8.4299,-76.4106
19083,incendio,-5.8582,-77.0895
19085,incendio,-7.4719,-76.7527
19086,no_incendio,-7.259025792408945,-76.1069982504593
19094,incendio,-8.5207,-76.7725
19103,incendio,-7.2194,-76.3775
19117,no_incendio,-6.040675081738544,-76.88692151022694
19125,incendio,-7.2969,-76.3556
19129,incendio,-6.0614,-75.9274
19141,incendio,-6.8358,-76.5442
19143,no_incendio,-6.707120382693278,-76.63620710614674
19148,incendio,-6.9147,-76.8093
19149,incendio,-8.4246,-76.312
19154,incendio,-6.9888,-76.5419
19155,no_incendio,-6.758724816086575,-76.05879675132634
19157,no_incendio,-6.856229226903604,-75.880120110949
19162,incendio,-6.4216,-76.8979
19165,incendio,-5.9392,-76.2738
19174,incendio,-6.9861,-76.2645
19179,no_incendio,-7.532917537712722,-76.04821551837472
19181,no_incendio,-5.936332555331325,-76.83179580754164
19185,incendio,-5.7518,-75.9887
19187,incendio,-6.3996,-76.5026
19194,incendio,-5.7602,-77.4055
19198,incendio,-7.2561,-76.7846
19200,incendio,-6.7947,-76.6897
19203,no_incendio,-6.856229226903604,-75.880120110949
19209,incendio,-7.1807,-76.9214
19210,incendio,-6.9186,-76.2276
19214,no_incendio,-6.825822993237503,-77.04144362527458
19215,no_incendio,-5.932677032359028,-76.67039982026421
19222,no_incendio,-6.146020638711784,-75.61071933850509
19223,incendio,-6.0355,-77.0069
19243,incendio,-6.3297,-76.121
19259,incendio,-8.1377,-76.4757
19261,no_incendio,-6.046941056590012,-76.4497684025493
19265,no_incendio,-6.135227462144194,-76.4855793054628
19266,incendio,-6.8531,-76.8162
19275,incendio,-6.3902,-76.4867
19281,incendio,-5.8112,-76.5584
19286,incendio,-6.9103,-76.7036
19301,no_incendio,-6.594872736761388,-76.81244710228094
19306,incendio,-6.743,-76.4197
19307,no_incendio,-6.140012467892716,-77.09722529665582
19308,incendio,-6.1154,-76.2299
19313,incendio,-6.6124,-76.2474
19318,no_incendio,-6.08674868659818,-77.38664384875209
19324,incendio,-7.1038,-76.1769
19326,incendio,-8.5629,-75.5086
19327,no_incendio,-5.609318574866824,-76.18227826181767
19330,no_incendio,-5.746784627492212,-75.78617751665539
19333,no_incendio,-6.1922155906112035,-75.54995561422898
19336,incendio,-8.4613,-77.7365
19346,incendio,-5.6169,-75.911
19352,no_incendio,-6.940699761996049,-76.26181884160466
19353,no_incendio,-6.314113189001013,-76.77593472488475
19360,incendio,-6.4377,-77.394
19363,incendio,-7.3765,-76.7346
19370,incendio,-6.9934,-76.8339
19385,incendio,-8.2546,-76.4334
19387,incendio,-7.4643,-76.5756
19390,incendio,-6.8343,-76.6363
19399,no_incendio,-5.544976635100384,-76.33130727413504
19405,no_incendio,-5.880337682080549,-76.27434878275604
19419,incendio,-6.0255,-76.2627
19424,incendio,-7.4636,-76.5743
19429,no_incendio,-5.607428760846163,-75.61638280541105
19430,incendio,-7.0289,-76.2656
19440,no_incendio,-6.254046612679011,-76.94445690037632
19441,no_incendio,-6.645743757749571,-77.31611856562348
19442,no_incendio,-6.576004984769571,-77.51523302793387
19459,no_incendio,-7.269040165613338,-76.9103123983766
19464,incendio,-6.9385,-76.4831
19468,incendio,-6.4695,-76.5262
19491,incendio,-7.6034,-76.4123
19494,incendio,-8.5608,-77.0355
19496,incendio,-6.9097,-76.5994
19497,no_incendio,-7.427821513315094,-77.09535827635182
19499,incendio,-7.2395,-76.4874
19500,incendio,-6.9457,-76.1904
19501,no_incendio,-6.350208583490028,-76.38539627900366
19504,incendio,-6.6038,-76.7789
19506,incendio,-7.0231,-76.765
19511,incendio,-6.8858,-76.9176
19515,incendio,-6.5194,-75.6608
19516,incendio,-5.7035,-75.8468
19524,no_incendio,-7.511017054186108,-77.44217334143556
19529,incendio,-5.827,-77.2255
19530,no_incendio,-6.233353095567226,-75.91710577734175
19535,no_incendio,-5.523597492537125,-76.54848022376082
19540,incendio,-7.5679,-76.4705
19543,no_incendio,-5.691703950902071,-76.93733770607169
19545,incendio,-8.3505,-76.5567
19548,no_incendio,-5.55191314269425,-76.59129090689653
19553,incendio,-5.6886,-76.2515
19555,no_incendio,-7.213623333493973,-77.17840648744146
19562,incendio,-5.9443,-76.4648
19563,no_incendio,-6.461789384490803,-77.24534969872819
19564,incendio,-6.771,-76.6433
19566,no_incendio,-7.019065477801208,-77.45420422372614
19569,incendio,-6.1484,-76.2532
19581,incendio,-7.2133,-76.3439
19584,incendio,-6.082,-77.0318
19587,no_incendio,-5.99701125020352,-76.97976479165838
19589,incendio,-7.1589,-76.071
19595,incendio,-7.0123,-76.7522
19598,incendio,-6.3945,-75.7772
19624,incendio,-5.5713,-76.6944
19627,incendio,-7.1904,-77.0325
19630,incendio,-7.3731,-76.7243
19637,incendio,-7.0398,-76.7581
19638,incendio,-5.663,-77.6266
19650,incendio,-7.1882,-77.0354
19651,incendio,-8.3673,-76.5711
19652,incendio,-5.8202,-76.2244
19653,no_incendio,-6.5096234782459765,-76.05722709745423
19661,no_incendio,-7.107720073878569,-76.6999842966137
19668,incendio,-8.3167,-77.2794
19669,incendio,-7.5289,-76.5276
19671,incendio,-5.933,-75.9912
19673,incendio,-8.5352,-76.3692
19677,incendio,-5.7423,-76.4497
19686,incendio,-6.6382,-76.6358
19693,no_incendio,-7.150450269408023,-77.18839409410428
19702,incendio,-7.3245,-76.5489
19706,no_incendio,-5.9729308547052575,-77.19584889522876
19715,incendio,-6.4036,-76.8807
19718,no_incendio,-7.52893790740652,-77.07253517227397
19723,incendio,-6.6876,-77.2988
19731,incendio,-6.5299,-77.5398
19733,incendio,-6.0467,-76.1863
19734,incendio,-6.8555,-76.5848
19736,incendio,-6.7855,-76.2784
19739,incendio,-8.6754,-76.1158
19742,incendio,-6.0856,-77.1175
19743,incendio,-6.1748,-76.3104
19744,incendio,-5.3528,-76.5618
19749,no_incendio,-7.3912095148136645,-77.03017853882585
19751,incendio,-5.3552,-76.7877
19757,incendio,-6.9054,-76.7085
19760,incendio,-5.7592,-76.416
19764,incendio,-7.0669,-76.7951
19765,no_incendio,-6.080706501829642,-77.17715903994046
19770,incendio,-7.1858,-76.1807
19771,incendio,-6.6075,-76.3933
19777,no_incendio,-6.66782718852246,-77.11974959426693
19787,no_incendio,-6.040687375273645,-76.93582583750656
19808,no_incendio,-5.906180880379202,-75.93802228835084
19812,incendio,-6.3625,-76.4569
19815,no_incendio,-7.196044028055804,-76.77405078763431
19816,no_incendio,-7.552000736404346,-77.05977682552361
19819,incendio,-6.9583,-76.5647
19824,no_incendio,-6.535327617861432,-76.18785766882165
19829,no_incendio,-5.411652077381302,-77.27749728778487
19832,no_incendio,-6.304617864281926,-76.60193669802109
19846,incendio,-7.3346,-76.0612
19850,incendio,-6.6745,-76.3813
19852,incendio,-6.852,-76.4928
19853,no_incendio,-6.9734000570740395,-77.15029703123086
19855,incendio,-8.0337,-77.3962
19856,incendio,-6.57,-76.3728
19859,incendio,-6.7412,-76.7222
19862,incendio,-7.5878,-76.4113
19866,incendio,-7.5051,-76.1924
19869,incendio,-8.5796,-76.2984
19879,no_incendio,-6.980365789444828,-76.90654360978435
19882,incendio,-7.3159,-76.565
19884,no_incendio,-7.454920494649443,-76.8925561147692
19885,incendio,-5.7942,-76.3435
19888,no_incendio,-6.834902492352533,-77.15059777266319
19890,incendio,-5.718,-75.7481
19896,no_incendio,-7.340268369426515,-77.43400024997341
19898,no_incendio,-7.082610644878744,-76.41583738866235
19902,no_incendio,-6.797266617151564,-77.33130374727055
19906,no_incendio,-5.498957925752801,-76.23819839749541
19913,no_incendio,-7.261878534754229,-75.78596746234152
19919,no_incendio,-7.3912095148136645,-77.03017853882585
19930,incendio,-7.2647,-76.599
19950,incendio,-7.1247,-76.3854
19954,incendio,-7.1485,-76.2681
19957,incendio,-8.1997,-76.4857
19966,incendio,-6.0566,-77.7695
19969,no_incendio,-6.641540416375139,-77.47486256481713
19973,no_incendio,-6.476078930269108,-76.12579467837428
19977,incendio,-6.0157,-75.653
19985,incendio,-8.5718,-76.8658
19990,no_incendio,-7.527611322889828,-76.67002527157386
19992,incendio,-6.0859,-75.9591
19996,incendio,-7.1421,-76.5434
19997,no_incendio,-6.631390870435434,-77.17543848057095
20000,no_incendio,-7.369405359299169,-75.53775524923043
20002,incendio,-7.1105,-76.7167
20020,incendio,-6.857,-76.781
20027,incendio,-6.4607,-76.5342
20030,no_incendio,-6.1773004933773406,-76.41533827057219
20031,incendio,-8.1548,-76.4459
20032,incendio,-7.2591,-76.6747
20033,no_incendio,-7.195118276412429,-75.87773973651454
20035,incendio,-6.1884,-76.3638
20045,incendio,-5.721,-76.1746
20054,incendio,-8.7648,-76.2124
20075,no_incendio,-6.238571072533694,-75.50795501172155
20077,no_incendio,-7.597875070160168,-76.24368895263702
20083,incendio,-7.146,-76.2819
20085,incendio,-6.9191,-76.4053
20087,no_incendio,-7.1439208952470965,-77.38092521559295
20102,incendio,-5.9097,-76.395
20106,incendio,-7.178,-76.366
20111,no_incendio,-6.775573791793621,-76.68783581514383
20113,no_incendio,-6.519206979509828,-76.45089641887259
20116,incendio,-6.0031,-76.3038
20119,no_incendio,-7.486384119244431,-77.33522717320785
20120,no_incendio,-6.94200325407077,-76.26001952788216
20121,incendio,-7.0261,-76.8637
20123,incendio,-6.8367,-76.6052
20135,no_incendio,-5.6011690570737915,-76.70090683859456
20152,no_incendio,-7.279070011168152,-76.78517622564465
20153,no_incendio,-5.5463833686959125,-76.92476001499328
20164,no_incendio,-6.419675876236263,-76.64489280604421
20166,incendio,-6.7964,-76.2198
20168,no_incendio,-5.764033944085201,-76.45830778573153
20181,incendio,-7.2382,-76.5239
20197,no_incendio,-5.802372431085104,-75.57878108958735
20202,incendio,-7.3294,-76.7329
20204,no_incendio,-5.747916301571042,-76.94248947046277
20219,no_incendio,-7.564076009944549,-75.89157611790941
20223,incendio,-6.7574,-76.7237
20225,no_incendio,-7.14999258790223,-77.27323492320696
20230,no_incendio,-7.5842496329608995,-75.57404179177915
20234,no_incendio,-6.645538690996345,-76.24231505313135
20238,no_incendio,-5.8586832152668595,-76.15130829850591
20239,incendio,-7.4142,-76.8646
20242,incendio,-6.0656,-77.2009
20243,incendio,-6.3214,-77.6623
20245,incendio,-7.3265,-76.5456
20246,incendio,-8.3807,-76.2885
20249,no_incendio,-5.418336191471334,-77.27363994749886
20253,incendio,-6.8209,-76.1673
20256,incendio,-5.8042,-77.4415
20258,incendio,-7.2921,-76.9456
20260,incendio,-7.1332,-76.2529
20261,no_incendio,-6.640978763936889,-76.01901055862061
20268,no_incendio,-5.936332555331325,-76.83179580754164
20270,incendio,-6.1973,-75.6678
20272,incendio,-5.7985,-77.2293
20273,incendio,-5.8799,-75.9819
20288,incendio,-6.4137,-76.4512
20291,incendio,-6.8488,-76.7896
20294,no_incendio,-6.3431574963922905,-76.8897013975212
20297,no_incendio,-5.5463833686959125,-76.92476001499328
20303,incendio,-6.1946,-75.9158
20307,no_incendio,-6.823512194602855,-76.05631689166178
20314,no_incendio,-5.659847709526774,-75.83935663792408
20315,no_incendio,-6.091674894114575,-77.31779067927825
20318,incendio,-7.1297,-76.3415
20331,incendio,-6.6345,-76.6635
20336,no_incendio,-7.487103293775268,-76.06526148025002
20338,no_incendio,-6.178368777472011,-76.33706394423045
20348,incendio,-6.2738,-75.8258
20351,no_incendio,-5.798404361194972,-75.81527300196596
20354,incendio,-7.1487,-76.7559
20356,incendio,-7.1521,-76.4482
20364,incendio,-5.7814,-77.4223
20367,incendio,-7.8302,-77.4697
20371,incendio,-7.4001,-76.3961
20372,incendio,-7.2226,-76.6129
20373,incendio,-6.8517,-76.7757
20378,no_incendio,-6.1849308797193405,-77.44943428599332
20379,incendio,-6.2174,-76.0495
20381,incendio,-7.4832,-76.5981
20382,no_incendio,-5.501399945972402,-76.12442406721492
20385,incendio,-6.0818,-75.8249
20391,incendio,-6.6112,-76.2544
20392,no_incendio,-7.206553379936274,-76.41990893868237
20396,no_incendio,-7.359360612224768,-76.78029054350944
20399,incendio,-6.8274,-76.1658
20400,no_incendio,-6.960339111557958,-75.64609550577184
20401,incendio,-8.5878,-76.5485
20402,no_incendio,-6.931054749326789,-77.2760800084336
20406,incendio,-5.9209,-76.2921
20414,no_incendio,-5.402348170521421,-77.02463779239379
20421,incendio,-7.3416,-76.7275
20424,no_incendio,-7.083533851815549,-75.86202426996425
20426,incendio,-6.3271,-75.9922
20427,incendio,-7.2133,-76.8568
20443,no_incendio,-7.099688871826168,-75.91020418997267
20444,incendio,-6.765,-77.3145
20445,no_incendio,-6.040675081738544,-76.88692151022694
20451,incendio,-8.2522,-76.6417
20452,incendio,-8.5672,-76.3141
20466,no_incendio,-5.636606643396935,-75.65023157423232
20471,no_incendio,-6.061671698446887,-76.35844064270319
20474,no_incendio,-6.520841370621428,-77.36086106907894
20480,incendio,-8.2479,-76.5111
20485,incendio,-7.1898,-76.2535
20491,incendio,-6.0745,-75.8538
20498,incendio,-5.7252,-76.6516
20501,no_incendio,-7.527611322889828,-76.67002527157386
20509,no_incendio,-6.376726836973272,-77.35752912688064
20511,incendio,-7.3373,-76.6237
20512,incendio,-6.4307,-75.7597
20517,no_incendio,-6.4551795764442375,-76.19574642473289
20521,no_incendio,-7.510954821403472,-75.50873794050783
20522,no_incendio,-6.965586863586331,-77.4440785223658
20524,incendio,-6.8386,-76.6318
20529,incendio,-6.2342,-75.8425
20537,no_incendio,-7.333242178068196,-76.42984929938181
20538,incendio,-6.9672,-76.6032
20541,no_incendio,-5.871232465142917,-76.52596915622884
20549,incendio,-6.0567,-77.2554
20556,no_incendio,-5.747289104744423,-76.88274608576704
20557,no_incendio,-5.3860874889168056,-76.83704410013208
20559,no_incendio,-6.84710555088138,-75.520478621097
20560,incendio,-5.7218,-76.1963
20563,no_incendio,-6.709233322192638,-77.51049806027564
20572,incendio,-6.0385,-76.9526
20576,incendio,-7.162,-77.5223
20578,no_incendio,-6.053663067143272,-77.25400416625581
20579,incendio,-6.5903,-75.6622
20580,incendio,-8.5187,-77.1133
20584,no_incendio,-6.3427644504242675,-77.35180398852548
20589,incendio,-7.2177,-76.641
20593,no_incendio,-6.834902492352533,-77.15059777266319
20597,incendio,-7.1271,-77.069
20603,no_incendio,-6.072304927752775,-76.77556503555117
20604,incendio,-7.2692,-76.2315
20605,incendio,-5.6353,-76.6025
20609,incendio,-7.6844,-76.6553
20613,no_incendio,-6.308143679517888,-75.54381617905881
20614,no_incendio,-7.145399618003832,-77.00792044464232
20626,incendio,-6.1082,-76.1497
20633,no_incendio,-5.418336191471334,-77.27363994749886
20639,no_incendio,-5.472585153492127,-77.10655294749147
20644,incendio,-7.2811,-76.2506
20645,incendio,-7.435,-76.5886
20655,incendio,-8.4214,-76.4568
20674,no_incendio,-7.126628531945264,-77.1694503862003
20685,incendio,-6.552,-76.286
20694,incendio,-7.1994,-76.3416
20696,incendio,-7.1395,-76.539
20701,no_incendio,-6.6015678247259215,-76.27888093028594
20706,no_incendio,-6.979782618165886,-76.34280103633438
20709,incendio,-7.0701,-76.189
20714,no_incendio,-7.587620813063947,-76.03285942876866
20715,no_incendio,-6.157983789056771,-76.91942166932327
20717,incendio,-6.0394,-76.1399
20720,no_incendio,-6.859218995881019,-77.3454749772902
20739,incendio,-7.055,-76.8196
20740,no_incendio,-5.326931537697329,-77.25175106818679
20742,incendio,-6.5201,-75.7786
20744,incendio,-7.3358,-76.72
20752,no_incendio,-7.333242178068196,-76.42984929938181
20755,incendio,-7.5016,-76.5279
20759,incendio,-6.7383,-76.5634
20766,incendio,-8.3549,-76.324
20768,incendio,-8.2866,-77.6979
20772,incendio,-6.9365,-76.5343
20774,incendio,-6.34,-76.491
20777,incendio,-6.3037,-76.0837
20781,no_incendio,-6.9560251993392335,-75.65244127896328
20785,incendio,-5.933,-77.1089
20791,no_incendio,-6.1574013412773905,-75.50582251676065
20802,incendio,-6.246,-76.035
20804,no_incendio,-6.400338002031925,-76.1292712340201
20806,incendio,-7.2684,-76.4637
20807,incendio,-5.8299,-77.4331
20808,incendio,-7.1475,-76.6204
20813,incendio,-6.3673,-76.6524
20816,incendio,-7.2377,-76.4478
20819,incendio,-6.1882,-76.0306
20835,incendio,-5.8956,-76.0313
20837,no_incendio,-5.8166617894952815,-76.28161854109814
20838,no_incendio,-7.170373075763204,-77.40179462648253
20840,no_incendio,-6.525390337428589,-76.47559277816393
20842,incendio,-6.9109,-76.8976
20843,incendio,-7.4416,-76.6053
20844,incendio,-6.4448,-75.6752
20846,incendio,-5.7934,-77.1149
20848,no_incendio,-6.295102509635013,-77.52506617532497
20852,incendio,-8.5976,-76.9954
20853,incendio,-6.79,-76.1636
20855,incendio,-6.3837,-75.8726
20857,no_incendio,-5.451709663906019,-76.0834165906866
20861,no_incendio,-7.23268535501901,-75.71791421763211
20863,incendio,-7.3685,-76.5874
20865,incendio,-8.6489,-76.448
20870,incendio,-7.1018,-76.6007
20871,no_incendio,-7.464233169627815,-76.3089508607516
20872,no_incendio,-5.3902001479588,-77.1291902290787
20873,incendio,-8.6286,-76.7764
20875,incendio,-7.1045,-76.79
20877,incendio,-7.2983,-77.0494
20887,incendio,-6.3755,-76.7173
20892,incendio,-6.8348,-76.2021
20896,no_incendio,-6.272889262540646,-77.34340996973071
20901,no_incendio,-5.397648721010737,-76.34314573163867
20903,no_incendio,-5.399746644332469,-76.68187059720576
20905,no_incendio,-7.205543641449294,-77.21195261449198
20916,no_incendio,-7.511471498657587,-77.0305776349507
20927,incendio,-8.7214,-76.8294
20938,no_incendio,-7.53821724475927,-77.34792258266398
20940,no_incendio,-6.551429222354349,-76.91211574837874
20944,incendio,-5.9759,-76.4781
20945,incendio,-6.867,-76.8655
20954,no_incendio,-5.362923654155092,-76.9119868960568
20956,incendio,-7.0575,-76.2475
20957,no_incendio,-7.196044028055804,-76.77405078763431
20968,incendio,-7.4679,-76.5956
20969,incendio,-6.0767,-76.217
20972,incendio,-6.5579,-75.6768
20974,incendio,-6.0475,-76.3667
20976,no_incendio,-7.319106221775668,-76.84964608294781
20980,incendio,-7.0079,-76.8087
20983,no_incendio,-6.501541232968051,-77.42157786801864
20984,incendio,-6.6129,-76.3878
20998,incendio,-7.5208,-76.511
20999,no_incendio,-7.433764184828395,-76.19895087453514
21000,incendio,-6.6488,-76.6005
21001,incendio,-6.6745,-76.1945
21007,no_incendio,-5.97958938141772,-75.97696588702247
21009,incendio,-6.5518,-75.9944
21010,no_incendio,-6.976092489979531,-77.35059361204593
21014,no_incendio,-6.446999968584335,-76.20534088443561
21016,incendio,-7.3652,-76.5343
21024,no_incendio,-7.282016752291952,-75.89864347181351
21028,no_incendio,-5.871823711573395,-77.09814467361281
21036,incendio,-5.9179,-77.0562
21045,incendio,-7.385,-76.5578
21052,no_incendio,-7.051099362667298,-76.62925053957763
21057,incendio,-5.8849,-76.0203
21060,incendio,-8.6355,-76.1179
21061,no_incendio,-6.00373135270891,-76.34110147279476
21067,incendio,-5.7695,-77.2206
21076,incendio,-5.8506,-76.3747
21082,incendio,-6.6246,-76.0539
21093,incendio,-8.3728,-76.3198
21094,incendio,-7.4098,-76.5912
21097,incendio,-6.4861,-76.3732
21100,incendio,-6.4901,-76.7131
21107,incendio,-7.1208,-76.6399
21112,no_incendio,-7.518549043794622,-77.46918278069812
21115,incendio,-8.2557,-76.4839
21116,incendio,-7.1901,-76.0292
21120,incendio,-7.2741,-76.3975
21126,no_incendio,-5.329749843854847,-75.71078811690217
21130,incendio,-5.7135,-76.2253
21142,no_incendio,-7.179164728014299,-77.26673458504925
21150,no_incendio,-7.196513313319464,-76.34355474331385
21157,incendio,-5.9739,-76.9215
21160,incendio,-6.0941,-76.2105
21163,no_incendio,-6.599957493403006,-76.05770861085986
21165,incendio,-6.1345,-75.7008
21167,incendio,-6.2387,-76.2732
21173,incendio,-7.1685,-76.3597
21178,incendio,-7.0941,-76.2805
21187,no_incendio,-7.265246187084699,-76.5857245979165
21191,incendio,-6.2178,-75.849
21197,incendio,-5.4974,-75.8155
21201,no_incendio,-7.2086548700460105,-76.60794035176814
21202,incendio,-8.6352,-76.1171
21203,incendio,-6.5904,-76.5882
21208,incendio,-6.8253,-76.1683
21209,no_incendio,-6.923846443514746,-77.29283624638697
21212,incendio,-6.5064,-77.7589
21224,incendio,-7.2122,-76.5102
21226,incendio,-6.1423,-76.2696
21227,no_incendio,-6.899424280300874,-76.07403591805503
21232,incendio,-6.1617,-76.2685
21234,no_incendio,-5.508797884476139,-76.57706115239465
21236,no_incendio,-5.5896376031918615,-76.35252920094948
21237,no_incendio,-5.501399945972402,-76.12442406721492
21238,incendio,-6.6835,-76.0238
21243,no_incendio,-7.277740388513622,-77.219832932029
21247,incendio,-6.8813,-76.5146
21248,incendio,-6.7576,-76.3892
21253,no_incendio,-7.433177363041198,-76.83037064638081
21255,incendio,-7.2788,-76.2381
21256,incendio,-6.0586,-76.4097
21266,incendio,-7.0744,-76.8469
21267,incendio,-7.2502,-76.8605
21269,incendio,-6.5233,-76.5968
21273,no_incendio,-5.40191525194851,-77.41832441514279
21274,no_incendio,-6.1400329007098495,-75.77782950002863
21276,no_incendio,-7.149817793244048,-76.68995380242758
21279,no_incendio,-5.786742413220336,-77.47906670461887
21281,incendio,-7.2907,-76.4642
21288,no_incendio,-7.086048466965619,-75.60482526516276
21306,incendio,-7.0475,-76.8404
21308,incendio,-7.399,-76.4172
21310,no_incendio,-5.629475532551382,-77.50061748638073
21313,no_incendio,-6.7911860867707,-76.3184609362465
21316,incendio,-8.4095,-76.4501
21318,incendio,-6.141,-76.2602
21327,no_incendio,-6.402507911708669,-75.63264270737905
21329,no_incendio,-6.668348976590427,-75.85167744687278
21334,incendio,-7.5033,-76.6077
21337,incendio,-7.0995,-76.2926
21339,incendio,-6.0913,-77.7974
21340,no_incendio,-6.041174269159521,-76.02071621272385
21347,no_incendio,-5.41267692948794,-75.94332607139869
21351,incendio,-5.772,-77.2033
21353,incendio,-7.6132,-76.6503
21355,no_incendio,-5.592798700137297,-76.77202119029057
21356,no_incendio,-6.135227462144194,-76.4855793054628
21357,incendio,-8.2378,-76.6266
21358,no_incendio,-5.763287542306629,-76.16197141222403
21359,incendio,-6.778,-76.7113
21360,no_incendio,-7.139277657699614,-76.6688585627755
21361,no_incendio,-5.508118125742636,-76.08158705053927
21362,no_incendio,-6.606971151394778,-76.7033258603189
21366,incendio,-6.0263,-76.2106
21380,incendio,-7.0949,-76.8281
21383,no_incendio,-6.042014186508827,-75.97046946062136
21384,no_incendio,-6.040675081738544,-76.88692151022694
21389,no_incendio,-5.945782975612446,-75.78933619991895
21396,no_incendio,-5.849265187399489,-77.52081578278697
21400,incendio,-8.2053,-77.3886
21401,incendio,-6.8763,-76.3535
21402,incendio,-8.2549,-76.4209
21405,incendio,-7.1375,-76.2342
21409,incendio,-6.1891,-76.2285
21413,incendio,-5.8677,-75.9107
21418,incendio,-7.6637,-76.4811
21426,no_incendio,-7.193491617772813,-76.90637497057176
21428,no_incendio,-6.0258388422724725,-75.8823418796658
21438,incendio,-7.4482,-76.6444
21441,no_incendio,-7.3226422677593845,-76.0064093237638
21454,no_incendio,-6.0636997194620585,-76.98817967024722
21455,incendio,-5.552,-76.712
21458,incendio,-5.7074,-75.8605
21459,no_incendio,-6.791553468522542,-76.19850061841751
21463,no_incendio,-7.245236344594437,-75.87140818649081
21465,incendio,-5.8028,-76.3644
21471,no_incendio,-5.863095020713222,-75.7889986714283
21472,incendio,-6.8242,-76.1114
21476,incendio,-8.7424,-76.1189
21487,no_incendio,-5.576401103022335,-75.65589793985158
21490,no_incendio,-5.326609511462546,-75.7438155508771
21491,incendio,-6.2617,-75.9418
21494,incendio,-5.3632,-76.7967
21500,incendio,-7.1147,-76.9682
21505,no_incendio,-5.782302498103818,-75.6928374050029
21509,incendio,-5.8985,-76.1097
21510,incendio,-7.2192,-76.9864
21515,no_incendio,-7.538851524680003,-76.89606525439852
21518,no_incendio,-7.448422790645704,-75.84545299813023
21521,incendio,-6.2913,-76.8116
21523,no_incendio,-5.576401103022335,-75.65589793985158
21528,no_incendio,-6.248030507497377,-77.52671049342304
21531,incendio,-6.1905,-76.7924
21537,incendio,-6.159,-76.1878
21556,incendio,-6.2368,-75.8585
21558,incendio,-8.1808,-77.0482
21559,incendio,-7.3433,-76.5964
21560,no_incendio,-5.9638581047952375,-75.97775046224217
21561,incendio,-6.3212,-75.9935
21563,incendio,-6.1529,-77.1293
21565,no_incendio,-6.929511458644296,-75.83962565372784
21566,incendio,-6.8403,-76.3856
21567,incendio,-6.2901,-76.1741
21568,incendio,-6.3348,-76.7328
21571,no_incendio,-6.467350712480753,-77.13922176575424
21581,incendio,-8.0653,-76.7407
21587,no_incendio,-7.287912531535466,-77.51954103984086
21604,no_incendio,-6.125949661803806,-77.27004912325427
21605,incendio,-7.2615,-76.092
21616,no_incendio,-6.587743088391281,-75.70665174033093
21619,incendio,-7.4885,-76.5807
21623,incendio,-6.1712,-76.0923
21626,no_incendio,-7.327752780112304,-76.88582488471454
21631,incendio,-7.2441,-76.4198
21646,no_incendio,-5.783942671800878,-75.80670959767819
21648,incendio,-8.1491,-76.6537
21650,no_incendio,-7.051099362667298,-76.62925053957763
21659,no_incendio,-7.547362899320046,-75.73565468655677
21660,incendio,-6.1138,-76.319
21661,no_incendio,-6.8267458836303225,-76.04005920267028
21665,no_incendio,-6.66782718852246,-77.11974959426693
21666,no_incendio,-7.140032609231243,-75.65901239539657
21672,no_incendio,-5.852253396123982,-76.5690433745382
21676,no_incendio,-7.536324441611577,-75.98652093293225
21677,incendio,-7.3943,-76.4161
21678,no_incendio,-6.446999968584335,-76.20534088443561
21681,incendio,-8.1836,-75.6327
21689,no_incendio,-5.84380402008071,-75.92947605096468
21691,no_incendio,-5.984669195028871,-76.49551058575585
21701,no_incendio,-6.208571378644004,-77.08847372883292
21705,incendio,-7.1419,-76.1512
21709,incendio,-8.0645,-76.698
21722,no_incendio,-6.772965762366505,-76.27272500681829
21723,no_incendio,-5.8091800479019735,-77.2012977286717
21728,incendio,-6.7083,-76.6943
21730,no_incendio,-7.347824110154567,-75.82503332128289
21735,incendio,-6.6778,-77.3523
21736,no_incendio,-5.914538807022697,-77.31789261845223
21741,incendio,-8.5481,-76.5168
21743,no_incendio,-7.432415046086705,-75.62170917666255
21745,no_incendio,-6.939438225282601,-76.80786345912996
21746,incendio,-5.3369,-76.3205
21748,incendio,-7.1211,-76.3056
21749,incendio,-6.2655,-76.7031
21752,no_incendio,-6.41045269770062,-76.39156709032302
21754,incendio,-7.3953,-76.4309
21765,incendio,-5.9579,-76.1909
21771,incendio,-6.1611,-76.2373
21777,incendio,-7.3315,-76.7417
21779,incendio,-6.2809,-76.8224
21781,incendio,-6.3619,-76.4638
21782,no_incendio,-5.531494331119256,-75.68693972870032
21783,no_incendio,-7.3239429065406565,-75.71625724817507
21786,incendio,-6.1557,-76.2208
21787,incendio,-6.7098,-76.1919
21791,incendio,-5.8078,-76.1756
21798,incendio,-7.295,-76.565
21803,no_incendio,-5.618133364002661,-76.2191295091602
21809,no_incendio,-5.3928610006268665,-76.95098681919762
21811,no_incendio,-6.462614163555006,-75.61289892495
21812,incendio,-7.6624,-76.4958
21813,incendio,-8.4341,-76.777
21816,no_incendio,-6.023168032179068,-77.26981479042486
21825,no_incendio,-7.143300333347583,-76.01076815200116
21826,no_incendio,-6.684698936601428,-75.64362761188839
21832,incendio,-6.2676,-76.7859
21834,no_incendio,-5.978876914297251,-77.26050814725458
21844,no_incendio,-5.646223843039662,-77.22265388647651
21845,incendio,-7.3743,-76.3855
21855,incendio,-5.6557,-76.5017
21856,incendio,-6.8335,-76.1928
21865,incendio,-7.1975,-76.505
21866,no_incendio,-5.380924923914102,-76.12851157268119
21869,incendio,-6.1975,-75.8738
21876,no_incendio,-7.327451375962066,-77.03090576588977
21877,no_incendio,-6.684588652346477,-77.1953837139415
21878,incendio,-5.8993,-76.335
21879,no_incendio,-6.439049170355273,-77.46289627422017
21884,no_incendio,-6.526663320909917,-76.57498858502044
21889,incendio,-6.5791,-76.3267
21890,no_incendio,-5.971167138004345,-76.3740699604034
21897,no_incendio,-6.061671698446887,-76.35844064270319
21905,no_incendio,-7.250518418431454,-77.39731384590523
21909,no_incendio,-5.329337229365641,-77.4752371215785
21910,incendio,-6.9693,-76.4542
21919,incendio,-6.5847,-76.6049
21921,no_incendio,-5.39776817495506,-77.21180440723553
21922,incendio,-5.4077,-76.8267
21937,incendio,-8.6909,-76.9142
21941,incendio,-6.8096,-76.496
21944,incendio,-6.983,-76.8611
21945,incendio,-8.3961,-76.2806
21953,no_incendio,-5.946515429749496,-77.17416988943258
21963,no_incendio,-5.594721982840302,-76.73250330554579
21965,no_incendio,-6.156444886914189,-76.11831601972577
21966,incendio,-7.3802,-76.7692
21968,incendio,-8.3786,-76.5412
21976,incendio,-7.2132,-76.0496
21980,no_incendio,-6.3280159994888185,-76.39673641063581
21982,no_incendio,-6.1245241179034995,-75.6853524981565
21984,no_incendio,-7.345060499544703,-77.11825976617006
21987,incendio,-8.1511,-77.1081
21990,incendio,-7.5056,-76.5347
21997,no_incendio,-6.231532660134269,-77.43051392350198
22004,incendio,-5.9604,-76.2088
22007,incendio,-6.5574,-76.2696
22009,incendio,-6.5784,-76.314
22010,incendio,-5.6792,-75.9336
22016,incendio,-5.7501,-76.4989
22018,no_incendio,-5.523597492537125,-76.54848022376082
22019,incendio,-6.5465,-77.2538
22025,incendio,-7.1747,-76.8148
22026,incendio,-6.2557,-75.931
22031,incendio,-6.7264,-76.7115
22037,no_incendio,-6.201637039608355,-76.63859765076462
22042,no_incendio,-6.959105963658491,-76.85747096898318
22045,incendio,-8.2582,-76.4727
22053,incendio,-6.6499,-76.6654
22055,no_incendio,-5.915658751464713,-77.38575524652865
22056,no_incendio,-5.807017349001207,-75.61769536103809
22060,no_incendio,-6.444450177038954,-75.66847301432819
22062,incendio,-7.1752,-76.6674
22065,incendio,-6.3119,-76.3199
22067,no_incendio,-7.5964500853796,-76.68614160369373
22069,incendio,-7.4559,-76.3905
22071,incendio,-7.0381,-76.7141
22081,incendio,-8.6397,-76.333
22082,incendio,-7.2705,-76.5083
22086,no_incendio,-6.146020638711784,-75.61071933850509
22093,no_incendio,-6.591526889483433,-77.26946848843974
22096,no_incendio,-5.394785578322833,-77.00358788486766
22108,incendio,-7.3505,-76.6505
22116,no_incendio,-6.081931713189248,-77.21688851873837
22118,incendio,-8.5898,-76.3316
22120,incendio,-6.0446,-76.2402
22122,no_incendio,-7.496239899438951,-76.29662903245722
22123,no_incendio,-5.89795943446839,-76.15835756218627
22128,incendio,-6.0903,-76.3058
22143,no_incendio,-5.8568748352763045,-75.92620225226696
22148,incendio,-6.9806,-76.562
22150,no_incendio,-7.080940596432744,-77.316377811303
22151,no_incendio,-5.360774716680023,-76.65130740948035
22155,incendio,-7.2008,-76.2855
22156,no_incendio,-6.2554801571250565,-76.43574997258422
22165,incendio,-6.5872,-76.5378
22172,incendio,-8.436,-76.3068
22174,incendio,-6.0677,-77.2489
22177,incendio,-6.6935,-76.6283
22181,incendio,-5.8129,-76.0272
22185,incendio,-6.6545,-76.2177
22190,incendio,-8.5021,-77.6211
22203,no_incendio,-7.288794185700048,-76.06129578328853
22206,no_incendio,-5.853989818371729,-76.78866763757419
22210,no_incendio,-5.966007765722613,-76.02339603474364
22215,incendio,-7.2703,-76.6856
22219,incendio,-6.1987,-76.0146
22224,no_incendio,-6.806897768294474,-76.17637549858149
22225,incendio,-7.338,-76.7698
22226,incendio,-6.7506,-76.5941
22231,no_incendio,-7.147843120370421,-77.31448550971452
22233,incendio,-7.5602,-76.6566
22237,incendio,-5.3473,-75.7372
22240,no_incendio,-7.140032609231243,-75.65901239539657
22243,incendio,-5.9828,-76.4478
22244,incendio,-6.5565,-76.2936
22246,incendio,-5.9973,-77.212
22247,incendio,-8.1589,-77.0767
22251,incendio,-5.933,-76.2506
22252,incendio,-6.1365,-76.1622
22255,no_incendio,-5.7038552844593475,-76.24937639790886
22257,incendio,-7.6179,-75.5026
22262,incendio,-5.8828,-75.9641
22266,no_incendio,-6.501773263941807,-76.20873227680231
22273,no_incendio,-5.382192721085108,-75.80513455395052
22280,no_incendio,-7.4811756669415,-76.01564428333117
22288,incendio,-6.6191,-76.3724
22294,incendio,-6.0233,-77.1907
22297,incendio,-8.689,-76.2934
22305,incendio,-6.6369,-77.3646
22314,no_incendio,-6.032904107983954,-75.67491532543472
22321,incendio,-7.4863,-76.3949
22325,incendio,-7.2692,-76.832
22328,incendio,-6.1484,-76.8579
22338,no_incendio,-6.788644402631232,-76.08655221338569
22343,no_incendio,-7.424353792615787,-75.73269651500266
22344,incendio,-6.2492,-76.8088
22349,incendio,-5.3439,-76.3031
22358,no_incendio,-6.787959079277664,-75.64572689392233
22359,incendio,-6.8331,-76.2057
22363,no_incendio,-6.535140869924569,-76.94972010352429
22368,no_incendio,-6.139224623753688,-76.40308726211332
22369,incendio,-7.2128,-76.7049
22370,no_incendio,-6.470561948843736,-76.94393330664495
22383,incendio,-8.6161,-76.6209
22385,incendio,-7.4706,-76.5292
22388,no_incendio,-6.352348321356028,-75.59610164326816
22394,incendio,-7.1719,-76.0812
22399,no_incendio,-6.580708866740203,-77.30463518466154
22404,no_incendio,-5.701666858501454,-75.71059369687181
22409,incendio,-8.1458,-77.6149
22412,no_incendio,-6.063333052679301,-77.2619056071794
22427,incendio,-6.1741,-76.9069
22429,incendio,-6.7559,-76.5982
22433,incendio,-8.5749,-76.3345
22434,incendio,-6.8773,-76.7011
22435,incendio,-6.9676,-76.4845
22439,incendio,-6.5178,-76.5043
22442,no_incendio,-6.949275367929126,-77.03979042014342
22450,no_incendio,-6.590453070259288,-76.04913179233263
22455,no_incendio,-7.3664786483523805,-76.23130655990323
22464,incendio,-6.2028,-76.8604
22472,incendio,-5.8728,-75.9902
22474,incendio,-6.807,-76.6052
22475,no_incendio,-5.631534863423365,-75.5444078955286
22476,no_incendio,-6.119596318397669,-75.7668351630271
22479,incendio,-6.6431,-76.2398
22484,no_incendio,-5.767157423041838,-75.60792843558447
22488,incendio,-6.0624,-76.2686
22489,no_incendio,-6.677775402102643,-76.83019542388436
22491,no_incendio,-5.851710851525425,-77.43871611391367
22500,incendio,-7.9167,-76.7248
22503,incendio,-6.9515,-76.4992
22504,no_incendio,-6.479517291884607,-77.31045667927476
22507,no_incendio,-5.582283481453623,-75.95562633397932
22508,no_incendio,-6.701934945529236,-77.46493186657752
22511,incendio,-7.3165,-76.705
22516,incendio,-6.7368,-77.5611
22520,incendio,-7.3647,-76.865
22521,incendio,-6.3625,-77.5158
22523,no_incendio,-5.811190643666691,-76.41076755798852
22524,incendio,-5.9158,-76.0299
22525,no_incendio,-5.485150772179796,-77.0821813016382
22528,incendio,-7.1169,-76.5173
22534,no_incendio,-5.73653806083423,-77.04027076606343
22535,no_incendio,-7.493540878148328,-76.20838654108637
22536,no_incendio,-5.915658751464713,-77.38575524652865
22537,incendio,-6.1236,-76.1607
22539,incendio,-6.8204,-76.4365
22541,incendio,-5.824,-76.2279
22549,incendio,-5.9353,-76.2703
22551,incendio,-6.9727,-76.6381
22553,incendio,-7.4914,-77.5277
22555,no_incendio,-5.599508739006035,-77.02715299547113
22559,no_incendio,-6.961563570088446,-77.02222304631809
22563,incendio,-5.9684,-76.1461
22564,incendio,-6.9015,-76.0848
22568,incendio,-8.3713,-77.6706
22576,no_incendio,-5.921016028711128,-75.70718586514504
22584,no_incendio,-5.413750833598563,-75.87946450439262
22586,incendio,-6.0903,-76.4409
22587,incendio,-6.2955,-77.6811
22589,no_incendio,-6.543469703142076,-77.05698988429933
22596,no_incendio,-7.5699592193140015,-75.58526155924636
22601,incendio,-6.7188,-76.6231
22603,no_incendio,-5.585507984340333,-75.53590045517545
22608,incendio,-6.982,-76.7112
22610,no_incendio,-6.573895472470259,-76.90325456502508
22615,no_incendio,-6.042344688075439,-75.58423135699039
22617,incendio,-5.9121,-76.3398
22622,no_incendio,-5.509842715479968,-77.22974622552158
22625,incendio,-7.2265,-76.2461
22626,incendio,-5.898,-75.9592
22630,incendio,-7.4376,-76.6974
22632,incendio,-6.1473,-76.0516
22644,no_incendio,-7.0805818707385395,-75.71658427890108
22648,incendio,-8.7472,-76.2657
22649,incendio,-5.7262,-75.703
22650,incendio,-6.9808,-76.9272
22659,no_incendio,-5.936247863486473,-77.30432777805068
22661,no_incendio,-5.9787702159042375,-76.39270327711898
22664,no_incendio,-5.543275857949961,-76.36401463997392
22670,incendio,-8.6898,-76.9201
22677,no_incendio,-5.946515429749496,-77.17416988943258
22690,incendio,-7.1045,-76.3822
22696,incendio,-6.3129,-76.0188
22703,incendio,-6.451,-76.5128
22704,no_incendio,-7.276587033646778,-76.71291357389988
22706,no_incendio,-5.37157572156011,-76.66234225426679
22727,incendio,-7.3978,-76.8058
22729,no_incendio,-6.425556209293201,-75.70279330371295
22731,no_incendio,-5.306363621970229,-76.4042560042154
22735,incendio,-7.0797,-76.8854
22748,no_incendio,-5.441244045280792,-76.19936571316805
22751,incendio,-7.2796,-76.6218
22752,no_incendio,-6.328050055589178,-77.0850887708193
22757,incendio,-5.5026,-75.8663
22760,incendio,-8.6188,-76.6186
22761,incendio,-7.2502,-76.865
22762,incendio,-8.5352,-76.174
22772,incendio,-6.811,-76.5211
22778,incendio,-6.198,-76.0153
22785,no_incendio,-6.632429838819291,-76.85546244307059
22787,no_incendio,-6.470561948843736,-76.94393330664495
22794,incendio,-7.4027,-76.6226
22796,incendio,-6.3704,-76.0328
22798,incendio,-7.2694,-76.8178
22799,no_incendio,-5.562529025700048,-76.57485709284715
22800,no_incendio,-5.588125457302943,-77.46080617284144
22804,incendio,-6.9406,-76.4658
22813,incendio,-5.4943,-76.7687
22826,no_incendio,-7.428960143280297,-76.20768184148152
22836,no_incendio,-7.160701404821328,-77.50258610161559
22853,incendio,-7.0448,-76.9469
22860,incendio,-6.1129,-76.2851
22861,incendio,-7.2706,-76.9844
22867,incendio,-7.1646,-76.6591
22871,no_incendio,-6.42510939654662,-76.21314660329666
22874,no_incendio,-6.9338065388714725,-77.51645275784907
22884,incendio,-8.284,-76.4813
22889,incendio,-6.8637,-76.2201
22899,incendio,-6.3062,-76.2373
22900,incendio,-6.3732,-77.7132
22908,incendio,-7.2558,-76.6107
22909,incendio,-5.7144,-76.1963
22911,no_incendio,-6.664383213747135,-77.16631140190985
22914,no_incendio,-6.672836316039594,-77.21035813191263
22915,incendio,-7.1955,-76.8458
22916,incendio,-6.9643,-76.6328
22923,incendio,-6.7279,-76.8433
22926,no_incendio,-7.508397223486154,-75.66150958377543
22931,incendio,-6.2862,-76.7742
22933,no_incendio,-7.021631546381363,-76.8111659595044
22936,incendio,-6.7872,-76.5725
22944,no_incendio,-6.3402826742912515,-75.67543757743714
22947,incendio,-5.7789,-76.3408
22951,no_incendio,-5.862678119407266,-76.8979972886448
22961,no_incendio,-5.880891988248802,-77.50381327072611
22972,incendio,-7.2373,-76.8591
22977,incendio,-6.8517,-76.4232
22980,no_incendio,-5.452511328645989,-77.32229773796371
22991,no_incendio,-7.43096053916798,-75.91112977240851
22993,incendio,-5.7013,-76.4124
23001,no_incendio,-7.232373566693578,-77.33989801092913
23005,incendio,-5.8905,-76.1906
23009,no_incendio,-6.045557480896305,-76.73042918045354
23018,no_incendio,-6.189738223688629,-76.63044449970681
23019,incendio,-6.0267,-76.2163
23020,incendio,-6.9989,-76.564
23025,no_incendio,-6.246302114010693,-75.65691913180889
23026,incendio,-6.3564,-76.4916
23029,incendio,-6.0659,-76.7863
23032,incendio,-7.2366,-76.4165
23039,no_incendio,-6.766715492175258,-75.83761083407144
23043,no_incendio,-6.671397085491674,-75.72724206195927
23045,incendio,-6.0815,-77.2198
23047,incendio,-6.7059,-76.6079
23049,incendio,-7.3633,-76.7425
23052,incendio,-7.6901,-76.725
23053,incendio,-6.8198,-76.69
23055,no_incendio,-6.5273014114668,-77.07055670023018
23059,no_incendio,-6.045557480896305,-76.73042918045354
23060,incendio,-5.9914,-76.8761
23064,incendio,-6.8626,-76.5419
23069,no_incendio,-5.906320557671209,-76.16456069117528
23074,no_incendio,-5.428382683589806,-76.59712896608411
23077,incendio,-7.1158,-76.3972
23079,no_incendio,-6.467420438436691,-76.19360941434292
23085,incendio,-6.4374,-76.4333
23096,incendio,-5.701,-76.6803
23098,incendio,-6.9129,-76.5897
23101,incendio,-6.6151,-77.5004
23105,incendio,-5.7664,-75.9706
23108,incendio,-7.3544,-76.8545
23112,no_incendio,-7.0802266587833635,-75.87902422488
23114,no_incendio,-5.676274225134516,-77.28318396900629
23118,incendio,-6.1023,-76.0407
23121,no_incendio,-5.83397648887431,-77.22981106334638
23125,no_incendio,-6.477469375479229,-76.23310758199833
23129,no_incendio,-5.89297787831936,-76.40313981264967
23130,incendio,-5.8074,-76.0686
23136,incendio,-8.305,-76.6304
23139,incendio,-6.6312,-76.8115
23140,no_incendio,-6.603103679284163,-76.5352543472929
23143,no_incendio,-5.452511328645989,-77.32229773796371
23147,incendio,-5.9749,-76.1588
23151,incendio,-7.363,-76.7458
23153,incendio,-8.5451,-76.3786
23159,no_incendio,-6.699009805364948,-77.20530585140459
23164,no_incendio,-6.654532009707288,-75.5305999621871
23165,no_incendio,-6.279874050199112,-75.76672987730963
23171,no_incendio,-6.794519962222771,-76.90986347869215
23178,no_incendio,-7.3226422677593845,-76.0064093237638
23184,incendio,-7.155,-76.0324
23185,incendio,-7.4542,-76.6168
23200,incendio,-5.8258,-76.0529
23201,incendio,-7.0201,-76.8773
23203,no_incendio,-6.788644402631232,-76.08655221338569
23206,incendio,-7.3748,-76.7554
23207,no_incendio,-6.896612666946929,-75.75338049940235
23209,no_incendio,-5.317490731831781,-77.05291423448321
23211,incendio,-6.6052,-76.6662
23214,incendio,-5.5436,-75.9001
23218,no_incendio,-6.261893490975904,-75.72805069897333
23224,no_incendio,-6.072007171578419,-77.37389388906047
23225,incendio,-7.392,-76.6198
23226,incendio,-7.2127,-76.8907
23228,incendio,-5.9337,-76.2766
23237,incendio,-8.2869,-76.5571
23238,incendio,-6.9608,-76.5233
23241,incendio,-6.8229,-76.639
23243,no_incendio,-6.834902492352533,-77.15059777266319
23252,no_incendio,-7.006429626529349,-76.40821160101947
23255,incendio,-6.976,-76.5499
23257,no_incendio,-5.698299617649455,-76.9877048304902
23268,incendio,-8.7228,-76.8387
23275,no_incendio,-5.8084744858353705,-77.25537544416976
23276,incendio,-6.2946,-77.6663
23278,no_incendio,-5.880337682080549,-76.27434878275604
23282,incendio,-7.7015,-76.4807
23284,incendio,-7.4465,-76.6046
23288,incendio,-6.1325,-76.835
23289,no_incendio,-6.590197592397879,-75.98025100323518
23290,no_incendio,-7.288794185700048,-76.06129578328853
23295,incendio,-7.5531,-76.4109
23296,no_incendio,-7.347824110154567,-75.82503332128289
23303,no_incendio,-6.479517291884607,-77.31045667927476
23309,incendio,-7.0307,-76.1008
23317,incendio,-7.0368,-76.8025
23324,incendio,-5.6954,-76.2447
23327,incendio,-5.971,-77.0427
23334,incendio,-5.9423,-76.1423
23335,incendio,-6.5787,-77.366
23341,incendio,-7.9494,-76.7144
23342,no_incendio,-6.949415512269831,-76.30894649629607
23349,incendio,-5.7113,-76.1692
23350,no_incendio,-5.487710562433828,-76.3714568595569
23358,incendio,-6.9287,-76.2791
23366,incendio,-6.7068,-77.4364
23368,incendio,-6.1223,-76.1517
23374,incendio,-8.4942,-76.4012
23376,no_incendio,-6.640978763936889,-76.01901055862061
23378,incendio,-5.7976,-76.377
23379,incendio,-6.6969,-76.684
23381,incendio,-6.6712,-76.6567
23386,incendio,-6.7958,-76.4386
23389,incendio,-8.6129,-76.5681
23390,no_incendio,-7.18387555277713,-76.55534207208011
23391,no_incendio,-5.61928379725062,-76.7464492739021
23400,incendio,-6.0921,-76.043
23411,no_incendio,-6.594359651694001,-75.81359177197494
23413,no_incendio,-7.076017752800738,-75.91978389352657
23414,incendio,-6.759,-76.525
23417,incendio,-7.6554,-76.804
23441,incendio,-6.4066,-75.803
23453,no_incendio,-6.982455617549805,-76.38860618436227
23455,no_incendio,-5.380924923914102,-76.12851157268119
23456,incendio,-6.6958,-76.6622
23458,incendio,-6.2218,-76.7906
23467,incendio,-6.3555,-76.5863
23475,incendio,-6.7861,-76.1236
23476,incendio,-7.5087,-76.4376
23478,no_incendio,-6.691674214621824,-77.20756079690301
23484,incendio,-7.0228,-76.6739
23486,incendio,-5.7216,-77.5922
23487,no_incendio,-7.309838483592369,-76.99515991704935
23489,no_incendio,-6.8267458836303225,-76.04005920267028
23492,no_incendio,-6.904145543477711,-77.38998183817624
23497,incendio,-7.4376,-76.5712
23500,incendio,-8.6693,-76.9075
23503,incendio,-5.6395,-76.5567
23509,incendio,-7.3567,-76.4897
23512,no_incendio,-5.591020062659783,-76.63960042736485
23516,incendio,-6.9225,-76.2387
23517,no_incendio,-7.369405359299169,-75.53775524923043
23519,incendio,-6.1491,-76.2675
23520,incendio,-6.0859,-76.2569
23524,no_incendio,-5.916451876326068,-76.42141770409339
23526,no_incendio,-6.937481703505858,-75.66626594730945
23532,no_incendio,-7.36388011313037,-77.4640263849402
23540,incendio,-6.6181,-76.5808
23546,incendio,-8.4427,-76.3186
23550,incendio,-6.9901,-76.8051
23555,no_incendio,-6.555810705714814,-75.58765246403257
23563,no_incendio,-7.589730303914846,-76.05435857716274
23565,incendio,-6.834,-77.7921
23566,incendio,-6.1314,-76.7915
23569,incendio,-7.1371,-76.5429
23570,incendio,-6.6775,-77.3618
23571,incendio,-6.554,-76.5727
23581,incendio,-7.2821,-76.832
23582,no_incendio,-7.099688871826168,-75.91020418997267
23596,incendio,-7.147,-76.3539
23597,incendio,-6.3068,-76.0808
23605,incendio,-8.6543,-76.9092
23612,incendio,-5.7334,-76.0548
23620,no_incendio,-5.518901360296995,-75.83606862844933
23622,no_incendio,-5.369357026240305,-77.2031702822179
23629,no_incendio,-6.360714337530349,-76.51313445356357
23631,incendio,-6.5579,-76.56
23647,no_incendio,-7.038481344593258,-77.380855509791
23655,incendio,-6.5965,-76.3915
23656,incendio,-5.7233,-76.1708
23663,no_incendio,-6.850119921397431,-77.18105441991001
23667,no_incendio,-6.551429222354349,-76.91211574837874
23669,incendio,-6.8501,-76.6252
23679,incendio,-6.6367,-76.7157
23683,no_incendio,-6.5273014114668,-77.07055670023018
23696,incendio,-6.9016,-76.7896
23698,incendio,-6.0579,-77.0033
23701,incendio,-6.2191,-75.8495
23709,incendio,-8.624,-76.2894
23713,incendio,-8.4274,-77.1453
23714,no_incendio,-6.378904304384582,-76.46012370931685
23715,no_incendio,-7.412957121399091,-77.21617404571616
23716,no_incendio,-6.428027041919373,-76.62475957936073
23718,incendio,-6.2259,-75.9757
23727,no_incendio,-5.833991570039085,-76.02950285469245
23731,no_incendio,-7.117688925300616,-76.79094679252412
23733,no_incendio,-5.8570726019942425,-76.40667258173919
23734,incendio,-6.117,-76.1767
23737,incendio,-7.2044,-76.335
23741,no_incendio,-6.269160672028454,-77.26185240867942
23743,incendio,-7.4173,-76.8857
23752,incendio,-8.5214,-76.3959
23757,no_incendio,-6.558646082464617,-76.16096804971144
23762,no_incendio,-7.511471498657587,-77.0305776349507
23763,incendio,-6.4921,-76.3634
23766,no_incendio,-6.052146999790762,-76.66693051861807
23774,no_incendio,-6.705083355769138,-77.07784196502678
23780,no_incendio,-6.050469228584658,-76.73736427886188
23784,incendio,-6.3749,-76.5264
23785,incendio,-7.3261,-76.8392
23788,incendio,-8.3657,-76.2814
23794,no_incendio,-6.391881397317083,-77.53216465937516
23795,incendio,-6.7585,-76.6603
23799,incendio,-6.6932,-76.8496
23813,incendio,-7.0432,-76.8516
23816,no_incendio,-6.736884280770205,-76.9775738185435
23817,incendio,-6.2259,-77.0517
23818,no_incendio,-5.370065008448104,-77.20634043748042
23829,incendio,-8.169,-76.6582
23835,incendio,-8.3912,-76.3578
23844,incendio,-7.2702,-76.3386
23851,incendio,-6.8091,-76.6006
23853,incendio,-7.3412,-76.5812
23863,no_incendio,-6.26574363006572,-75.945416955943
23867,no_incendio,-6.188812026219859,-77.47999723724293
23868,no_incendio,-6.023168032179068,-77.26981479042486
23871,incendio,-6.196,-76.2486
23872,incendio,-6.5958,-76.5783
23881,incendio,-6.9221,-76.9175
23882,incendio,-7.0172,-76.8878
23883,no_incendio,-7.231319010056117,-76.25282835259368
23888,incendio,-7.4741,-76.444
23890,incendio,-6.7816,-76.4903
23893,no_incendio,-6.141100932072808,-75.82733820285651
23904,incendio,-7.1715,-76.3508
23907,no_incendio,-6.388532043555506,-76.84726928607184
23917,no_incendio,-5.612907306182736,-76.9815155721773
23923,incendio,-7.4379,-76.65
23932,no_incendio,-6.836006339265761,-75.80496615427175
23934,no_incendio,-6.856923978483267,-76.96918980938075
23935,no_incendio,-6.501541232968051,-77.42157786801864
23937,incendio,-6.2552,-76.093
23939,incendio,-6.4671,-76.4669
23942,no_incendio,-6.4156514594615395,-77.50323228806793
23946,incendio,-6.7879,-76.9252
23950,no_incendio,-6.500803234494254,-76.0342561681164
23952,no_incendio,-6.107287203943645,-77.4216594793923
23961,incendio,-7.2056,-76.1008
23965,incendio,-7.4571,-76.5141
23967,incendio,-8.4818,-76.3545
23970,incendio,-7.1964,-76.4938
23973,no_incendio,-6.606517162327486,-77.4629258839616
23976,no_incendio,-5.98497682810957,-77.24575452252367
23978,incendio,-8.4265,-76.4206
23981,incendio,-6.6853,-76.0558
23982,incendio,-8.4435,-76.4086
23984,incendio,-7.1125,-76.7981
23993,no_incendio,-5.992720265748597,-76.93502157829727
24008,no_incendio,-6.327343874329971,-76.29354784738233
24011,incendio,-8.663,-76.2299
24012,incendio,-6.1695,-76.2382
24014,no_incendio,-5.5750859368578904,-77.18888026677212
24028,incendio,-7.187,-76.481
24031,incendio,-7.1138,-76.161
24038,no_incendio,-5.388800568828812,-75.76427198080877
24042,no_incendio,-5.941437702339227,-76.71661667859928
24053,no_incendio,-6.420478782048784,-76.46157866406858
24054,incendio,-7.3863,-76.5858
24055,incendio,-6.8677,-76.858
24056,no_incendio,-7.333298288226105,-76.42146225481947
24057,incendio,-6.0565,-76.1432
24058,incendio,-6.974,-76.6576
24061,incendio,-5.63,-76.6703
24065,incendio,-5.9292,-76.4486
24072,no_incendio,-7.593724484851976,-77.34754973911781
24074,incendio,-6.8284,-76.8415
24076,no_incendio,-6.895407353104692,-76.79676810992372
24100,no_incendio,-5.808189893519151,-75.58463969579134
24104,incendio,-8.7832,-76.2435
24113,no_incendio,-6.567404760010091,-75.93678531261668
24122,incendio,-5.9925,-76.2525
24125,incendio,-6.2436,-76.2298
24137,incendio,-6.059,-76.2018
24144,no_incendio,-6.150817748541318,-77.2743773218178
24145,no_incendio,-7.341385532228014,-75.96721546288514
24146,incendio,-5.7922,-77.2244
24163,incendio,-7.0453,-76.8292
24164,no_incendio,-5.399995483023551,-76.68244565675566
24166,no_incendio,-7.2237762907302,-75.57516855360699
24170,incendio,-6.9835,-76.6003
24174,incendio,-6.7789,-76.1921
24175,incendio,-7.0706,-76.4822
24180,incendio,-5.7721,-76.527
24185,no_incendio,-6.360887636963093,-77.10755017823716
24186,incendio,-6.8888,-76.9075
24188,incendio,-6.5528,-76.7237
24193,incendio,-7.1262,-76.6107
24201,no_incendio,-6.3431574963922905,-76.8897013975212
24204,incendio,-6.6368,-76.7484
24207,no_incendio,-5.353246300739066,-75.96334736686653
24210,no_incendio,-5.937659253977012,-77.34942172737706
24216,incendio,-7.3511,-76.6938
24217,incendio,-6.866,-76.262
24219,incendio,-6.9591,-76.4753
24221,incendio,-7.1707,-76.2064
24224,no_incendio,-7.127093555738052,-76.84105088577114
24241,incendio,-7.0815,-76.9057
24246,incendio,-7.1783,-76.4644
24250,no_incendio,-6.963743688695052,-77.15890290229473
24256,incendio,-6.6122,-76.7039
24262,no_incendio,-7.035328568865795,-77.4057239232557
24267,no_incendio,-7.2237762907302,-75.57516855360699
24268,incendio,-7.6646,-76.455
24277,incendio,-6.7573,-76.1511
24278,incendio,-7.1615,-76.4044
24292,no_incendio,-7.518549043794622,-77.46918278069812
24296,incendio,-7.3068,-76.8327
24298,incendio,-7.3736,-77.7318
24308,incendio,-7.148,-76.2649
24309,incendio,-6.7587,-76.824
24313,incendio,-6.6706,-76.6892
24314,no_incendio,-6.152183459458481,-75.52419970077695
24316,incendio,-7.2991,-76.4294
24319,incendio,-6.7627,-76.6721
24322,incendio,-5.9298,-75.9523
24325,no_incendio,-5.349324419297768,-77.32630960187535
24327,incendio,-5.7105,-76.129
24331,incendio,-5.7391,-75.9566
24333,incendio,-5.6525,-77.3499
24335,no_incendio,-6.838209877352376,-75.74494612497837
24341,no_incendio,-6.325765977825784,-76.5205147871752
24345,no_incendio,-5.734596234605278,-76.54404736792905
24355,incendio,-6.6857,-76.4519
24359,incendio,-6.8972,-76.5439
24367,incendio,-6.5168,-76.8673
24368,incendio,-6.2862,-76.2113
24371,incendio,-6.9741,-76.8377
24377,incendio,-5.7487,-76.1266
24379,no_incendio,-6.190864426146802,-76.12967606406326
24383,incendio,-6.2803,-76.0445
24392,no_incendio,-7.4654999073290265,-76.71461513627762
24401,incendio,-7.3164,-76.9246
24404,no_incendio,-6.010451782777754,-76.65548557621318
24410,incendio,-7.559,-76.5045
24417,incendio,-7.9135,-76.6523
24422,incendio,-5.735,-77.3788
24423,no_incendio,-6.052146999790762,-76.66693051861807
24424,incendio,-6.816,-76.626
24425,incendio,-7.2212,-76.3189
24428,no_incendio,-7.011514074885707,-76.73934268520709
24430,incendio,-7.2568,-76.6262
24432,incendio,-6.9057,-76.7103
24433,no_incendio,-6.040843804619021,-75.5134205645717
24436,incendio,-7.1006,-76.26
24440,incendio,-6.9298,-76.7243
24444,no_incendio,-6.468598557394471,-76.29833017428093
24461,incendio,-7.0388,-76.7291
24465,no_incendio,-6.107287203943645,-77.4216594793923
24469,no_incendio,-6.987442347939161,-77.51096806537585
24475,incendio,-5.9088,-76.9924
24477,no_incendio,-6.721818890646596,-76.25717682869612
24484,incendio,-6.0051,-75.9609
24489,incendio,-7.3002,-77.0202
24490,no_incendio,-6.388532043555506,-76.84726928607184
24507,incendio,-8.467,-76.214
24512,incendio,-6.7271,-76.5964
24531,no_incendio,-7.588515859914238,-76.24969046906399
24537,incendio,-7.3036,-76.4375
24542,incendio,-5.696,-76.2402
24543,incendio,-7.1308,-76.0399
24550,incendio,-5.7137,-76.2775
24556,no_incendio,-7.2830034027883865,-76.35190261363664
24560,no_incendio,-6.125949661803806,-77.27004912325427
24565,incendio,-8.1744,-76.6326
24568,incendio,-6.5157,-76.5694
24570,no_incendio,-5.65675190083822,-76.2124000269003
24572,incendio,-6.7594,-76.6265
24581,no_incendio,-7.181016545835497,-77.14662187463146
24582,no_incendio,-5.646223843039662,-77.22265388647651
24597,no_incendio,-7.491547550658209,-77.41447872545433
24598,incendio,-7.1889,-76.3942
24599,incendio,-6.2435,-75.9606
24600,incendio,-7.2085,-76.1242
24604,incendio,-7.1861,-76.8851
24608,incendio,-7.0034,-76.5194
24611,incendio,-6.8814,-76.6402
24613,incendio,-7.3711,-76.577
24619,no_incendio,-7.49572574357337,-75.97213125228711
24622,no_incendio,-6.8707527834716435,-77.1546220579287
24624,no_incendio,-6.23470396402255,-76.94332145347941
24625,incendio,-6.5543,-77.5711
24626,incendio,-6.7152,-76.5956
24632,no_incendio,-6.038741337094879,-76.35768470937417
24634,no_incendio,-5.739545483497391,-76.77757497448552
24648,no_incendio,-6.859834032339221,-77.17846783969736
24650,incendio,-6.757,-76.555
24653,no_incendio,-5.457985826162461,-76.51538649315398
24655,no_incendio,-5.374155680654134,-76.14052405499798
24666,no_incendio,-6.967630832661904,-76.66075655259817
24668,no_incendio,-5.533837838145786,-75.72558753064112
24669,no_incendio,-5.371545466461964,-76.40334353874748
24684,incendio,-5.8822,-75.9991
24690,incendio,-6.0072,-76.843
24691,incendio,-7.5099,-76.5675
24697,no_incendio,-5.959932705913599,-76.9795248154579
24700,no_incendio,-6.846227548420243,-77.09414313428448
24704,incendio,-6.6222,-75.6716
24718,no_incendio,-7.183923927473843,-76.41258057222892
24730,incendio,-7.0756,-76.8878
24733,no_incendio,-5.5259385585543805,-76.78474947687066
24744,no_incendio,-6.918732727057085,-75.61509017346891
24745,incendio,-5.8498,-76.5326
24746,incendio,-6.8077,-76.8949
24749,no_incendio,-5.586947404667705,-76.96796502244129
24764,incendio,-6.1099,-76.3085
24770,incendio,-6.382,-76.7578
24771,incendio,-7.0951,-76.5221
24776,no_incendio,-6.124908546496211,-75.75141276131208
24777,no_incendio,-5.592798700137297,-76.77202119029057
24794,incendio,-7.3162,-76.7138
24799,no_incendio,-6.061679877354346,-76.10414263000189
24801,incendio,-6.8447,-76.3792
24802,incendio,-6.1842,-76.337
24804,incendio,-5.8964,-76.3719
24807,incendio,-7.0788,-76.6642
24812,no_incendio,-7.010465391222765,-75.64374453725225
24819,no_incendio,-6.671769405587168,-77.2003294261131
24824,incendio,-5.9877,-76.2455
24829,no_incendio,-7.010465391222765,-75.64374453725225
24830,no_incendio,-7.404587411347148,-77.48236039818194
24833,incendio,-5.8927,-76.0012
24834,incendio,-6.7195,-76.3486
24836,no_incendio,-5.971724397201385,-75.87816764029395
24848,incendio,-8.3791,-76.4414
24850,no_incendio,-5.500738315784995,-75.59662427893288
24853,incendio,-6.7319,-76.1634
24862,no_incendio,-5.636338028013915,-75.57133657890496
24863,incendio,-8.1889,-77.0171
24866,no_incendio,-7.212746042883999,-76.23580517242253
24868,no_incendio,-6.726381012789614,-77.29263321460805
24869,no_incendio,-6.53438876670278,-77.3151143596093
24870,incendio,-8.3698,-76.4171
24873,no_incendio,-5.592384500349762,-76.12339689137886
24875,no_incendio,-5.441244045280792,-76.19936571316805
24878,no_incendio,-6.416369783766856,-77.46099434503463
24886,no_incendio,-5.4484392138134945,-75.95921509359859
24887,incendio,-7.2867,-76.9606
24889,incendio,-7.2899,-76.4254
24890,no_incendio,-5.937659253977012,-77.34942172737706
24891,incendio,-6.7633,-76.7006
24892,no_incendio,-7.089179421889268,-75.95457712793731
24899,incendio,-7.432,-76.6193
24901,incendio,-7.1969,-76.6501
24907,incendio,-6.6977,-76.8116
24917,incendio,-7.2419,-76.503
24923,no_incendio,-7.37285257220338,-75.85397128431137
24929,incendio,-6.5314,-77.4896
24941,incendio,-7.2774,-76.6212
24945,incendio,-5.948,-75.9805
24948,incendio,-7.0612,-76.6764
24950,incendio,-6.314,-76.7057
24951,no_incendio,-5.647813944563046,-75.98631579821414
24955,no_incendio,-6.843242986862935,-76.83119639273687
24960,no_incendio,-5.7783488736056645,-77.39085635603547
24965,no_incendio,-5.472585153492127,-77.10655294749147
24970,no_incendio,-6.391692174987462,-77.10791126635735
24971,no_incendio,-6.846227548420243,-77.09414313428448
24975,incendio,-7.332,-76.553
24976,incendio,-7.6598,-76.6129
24979,incendio,-8.3231,-76.605
24981,incendio,-6.4501,-76.5203
25001,incendio,-7.3,-76.8119
25009,no_incendio,-6.007162927883913,-76.5503319635523
25011,incendio,-7.032,-76.72
25012,no_incendio,-7.588515859914238,-76.24969046906399
25013,incendio,-8.6581,-76.3813
25015,incendio,-7.0135,-76.9053
25016,no_incendio,-7.591157646889957,-76.48064707935481
25019,incendio,-6.6772,-76.9114
25023,no_incendio,-6.298521477567302,-76.20182358446478
25024,incendio,-8.6519,-76.8883
25035,incendio,-7.5805,-76.6255
25037,incendio,-7.5308,-76.6326
25038,incendio,-6.5711,-76.6096
25041,incendio,-6.7667,-76.4379
25042,incendio,-7.0639,-76.8224
25043,no_incendio,-6.191430391246121,-75.84894878803162
25044,incendio,-6.2981,-76.7345
25046,incendio,-5.3372,-76.708
25048,no_incendio,-6.237093114939267,-75.7117789331342
25051,incendio,-8.3559,-76.5409
25052,no_incendio,-6.227801736418022,-76.3562846673644
25053,no_incendio,-7.584063938890335,-77.08532363724217
25054,no_incendio,-6.477469375479229,-76.23310758199833
25060,no_incendio,-5.868777989192487,-75.61031419176939
25063,incendio,-7.3268,-76.0527
25065,incendio,-5.7445,-77.3793
25068,incendio,-8.0985,-76.7756
25072,incendio,-6.6299,-76.1481
25073,incendio,-7.1655,-76.6062
25074,no_incendio,-5.976273966695589,-76.89556075922386
25076,incendio,-6.0364,-75.9259
25080,incendio,-6.3983,-76.6452
25087,incendio,-6.4376,-77.5514
25093,no_incendio,-6.271617281791801,-76.2353167311132
25095,incendio,-5.7224,-75.8645
25106,incendio,-6.842,-76.3198
25112,incendio,-7.2112,-76.6212
25115,incendio,-6.8604,-76.6821
25124,no_incendio,-6.880264689541971,-77.33984954598883
25125,no_incendio,-7.369405359299169,-75.53775524923043
25127,incendio,-6.1401,-76.1341
25131,no_incendio,-5.4560539889311706,-76.17543571338655
25133,no_incendio,-7.394254404476224,-75.68500027222532
25137,incendio,-6.8743,-76.9311
25138,incendio,-6.2243,-76.6659
25147,incendio,-7.3036,-76.7285
25161,no_incendio,-7.0026426990635535,-77.36552672269332
25170,incendio,-5.6851,-77.4181
25171,incendio,-6.4009,-76.6057
25175,incendio,-5.9931,-75.9655
25176,incendio,-5.8997,-76.4073
25181,incendio,-7.8805,-76.7139
25184,incendio,-6.3866,-76.4592
25190,incendio,-7.4466,-76.5941
25191,no_incendio,-5.585507984340333,-75.53590045517545
25194,no_incendio,-5.802372431085104,-75.57878108958735
25204,incendio,-6.9167,-76.8559
25208,incendio,-5.7961,-76.011
25216,no_incendio,-7.369405359299169,-75.53775524923043
25219,no_incendio,-6.7911860867707,-76.3184609362465
25230,incendio,-5.7523,-76.2507
25232,incendio,-5.8434,-77.1781
25235,no_incendio,-5.339988911138568,-75.94604419335825
25236,incendio,-7.3722,-76.5879
25237,incendio,-7.1147,-76.8339
25245,no_incendio,-6.010451782777754,-76.65548557621318
25246,incendio,-6.1437,-76.2528
25252,incendio,-7.0554,-76.6511
25253,incendio,-7.3486,-76.3728
25254,incendio,-7.0565,-76.8918
25255,incendio,-8.3295,-76.3952
25256,incendio,-6.8339,-76.7505
25257,incendio,-6.2207,-75.9375
25258,incendio,-6.3085,-76.103
25269,no_incendio,-7.36388011313037,-77.4640263849402
25272,no_incendio,-7.180514878638644,-76.37224014179314
25281,incendio,-7.0145,-76.9259
25285,incendio,-6.3777,-76.4628
25287,no_incendio,-6.1476999130544865,-77.34007485362595
25288,incendio,-7.7921,-76.77
25290,no_incendio,-6.905350281771543,-75.85773993313076
25292,incendio,-6.6969,-76.7196
25299,no_incendio,-5.861691315967814,-75.99243493644171
25309,incendio,-5.6948,-76.4193
25311,no_incendio,-5.907158352622331,-77.4442973163752
25317,incendio,-7.1255,-76.082
25318,incendio,-7.344,-76.5408
25319,no_incendio,-5.775752820945428,-75.77309666724678
25322,incendio,-6.2789,-75.9271
25323,no_incendio,-7.409421605310309,-75.83681236527086
25330,no_incendio,-6.762864710659274,-76.8037089986203
25334,incendio,-6.2484,-76.1502
25338,incendio,-7.2607,-76.4724
25339,no_incendio,-6.400301881628301,-77.5201604762096
25347,incendio,-7.4583,-76.5571
25350,no_incendio,-6.535140869924569,-76.94972010352429
25354,no_incendio,-5.619318348217799,-76.76258506679603
25358,incendio,-7.2383,-77.5647
25362,incendio,-6.2547,-76.2677
25365,no_incendio,-6.04175420458928,-75.6154818462728
25366,incendio,-6.7225,-76.6387
25369,no_incendio,-6.781601843650596,-77.34861421933648
25374,incendio,-7.1924,-76.4843
25378,incendio,-6.0765,-76.182
25380,incendio,-6.6681,-76.6688
25386,no_incendio,-5.719448744498719,-77.23298516632254
25387,incendio,-5.9073,-76.3898
25392,no_incendio,-7.401018606692293,-76.00185651713339
25404,no_incendio,-6.199486560201427,-77.4221153051421
25414,no_incendio,-7.546681661706002,-77.09086718024028
25416,incendio,-6.7369,-76.2161
25417,incendio,-8.239,-76.5996
25418,no_incendio,-5.454661580886559,-77.46777785872058
25420,incendio,-7.0863,-76.4653
25423,incendio,-7.4365,-76.5507
25429,incendio,-7.4843,-76.5819
25434,no_incendio,-7.119124402863609,-77.37715689078294
25435,no_incendio,-6.99869942925542,-76.8613209261512
25437,incendio,-6.2356,-76.2023
25443,incendio,-6.038,-76.1942
25448,incendio,-7.2228,-76.5159
25449,incendio,-6.7122,-76.3165
25452,no_incendio,-6.378539891531966,-75.71550711436312
25457,no_incendio,-5.7870347665351245,-76.83855785035811
25459,no_incendio,-6.616039268330141,-77.35690054867337
25466,incendio,-5.8311,-76.2698
25469,incendio,-8.4836,-76.4622
25478,no_incendio,-7.510787208532104,-75.93881161563174
25480,incendio,-6.1023,-75.6873
25483,incendio,-6.9006,-76.789
25485,no_incendio,-6.808753435004469,-75.58127871175964
25488,no_incendio,-5.778538304462726,-77.27874829265495
25490,incendio,-6.8114,-76.7647
25493,no_incendio,-7.019065477801208,-77.45420422372614
25503,incendio,-8.1415,-77.0985
25509,no_incendio,-6.193641518737963,-75.9541835583981
25513,incendio,-7.5051,-76.6173
25517,incendio,-7.3743,-76.6244
25518,incendio,-7.0502,-76.8528
25523,no_incendio,-5.364143829036743,-76.95415482559467
25525,no_incendio,-6.618506694977619,-76.00213992327006
25528,no_incendio,-5.815206419164588,-75.9840705047973
25534,incendio,-5.7011,-77.3656
25536,incendio,-5.8772,-75.965
25544,incendio,-7.352,-76.8622
25549,incendio,-5.4992,-76.756
25553,no_incendio,-6.937667134670242,-75.79567614590403
25556,incendio,-5.9561,-76.2711
25560,incendio,-6.721,-76.6522
25569,no_incendio,-6.535104750481092,-76.08251249993276
25571,incendio,-5.993,-76.2529
25574,incendio,-5.8417,-76.2045
25586,incendio,-6.6037,-77.3596
25588,incendio,-7.2426,-76.9738
25592,incendio,-7.4652,-76.4803
25602,incendio,-6.5371,-75.6259
25605,incendio,-7.0863,-77.5675
25606,no_incendio,-5.682009801127555,-77.32557014599907
25610,incendio,-8.0115,-77.7182
25618,incendio,-7.584,-76.5234
25621,no_incendio,-6.934543735011002,-76.3579106281597
25622,incendio,-5.7165,-77.4548
25625,incendio,-7.3927,-76.4264
25627,incendio,-6.823,-76.181
25628,no_incendio,-7.447641034854349,-75.90762090121981
25639,no_incendio,-5.41267692948794,-75.94332607139869
25664,no_incendio,-5.704328166594409,-76.92480673286192
25667,incendio,-7.2341,-76.0887
25675,no_incendio,-5.5629279584591815,-75.58676722265717
25676,incendio,-7.7002,-76.4966
25678,incendio,-6.2354,-76.2278
25681,incendio,-6.2138,-76.1447
25686,no_incendio,-7.028663799217614,-75.85033836524988
25688,no_incendio,-6.622512429028128,-75.69288323438259
25692,incendio,-8.0778,-76.667
25693,incendio,-7.2257,-76.4834
25697,no_incendio,-5.592210809875936,-75.85957552026237
25704,incendio,-6.5313,-75.7038
25712,no_incendio,-7.3746554478906035,-76.75920088924597
25713,no_incendio,-7.409421605310309,-75.83681236527086
25715,incendio,-6.7949,-76.7543
25727,no_incendio,-6.462614163555006,-75.61289892495
25730,incendio,-5.8196,-76.5043
25731,incendio,-7.3943,-76.7794
25733,incendio,-6.7286,-76.4601
25735,no_incendio,-6.974678823081742,-77.45775985292939
25747,incendio,-7.0983,-76.3091
25750,no_incendio,-7.428960143280297,-76.20768184148152
25751,incendio,-5.349,-76.7796
25752,incendio,-7.1881,-77.6531
25754,incendio,-6.4574,-77.4461
25756,no_incendio,-6.061848479102238,-75.8084457666632
25761,no_incendio,-7.496239899438951,-76.29662903245722
25763,incendio,-7.004,-76.9128
25767,no_incendio,-6.808642932215501,-75.79916533133496
25772,incendio,-8.1864,-77.0514
25773,no_incendio,-6.6577808572271095,-76.08571031789008
25777,no_incendio,-7.279073350966451,-75.53370306812118
25780,no_incendio,-7.221147104950838,-76.3247834569853
25800,incendio,-6.1223,-76.1832
25802,no_incendio,-6.113994500362599,-76.09851389136325
25819,no_incendio,-6.525571951158751,-77.30569775147015
25826,no_incendio,-7.195118276412429,-75.87773973651454
25832,no_incendio,-7.237158680749911,-76.11796356076336
25834,incendio,-5.7033,-76.0903
25835,incendio,-8.6206,-76.7887
25837,incendio,-7.4079,-76.7118
25844,incendio,-6.2957,-75.8074
25846,incendio,-6.1699,-76.0972
25863,incendio,-7.0747,-76.2684
25864,incendio,-6.8268,-76.1982
25868,no_incendio,-6.281173626920689,-76.33798845589783
25870,no_incendio,-5.882916892819359,-76.86515934904114
25871,incendio,-7.3138,-76.8196
25873,no_incendio,-6.440107687486793,-76.71961125303099
25887,incendio,-6.5726,-76.0545
25895,incendio,-8.4066,-76.3328
25896,incendio,-8.2717,-76.4769
25900,incendio,-6.1964,-76.722
25903,incendio,-7.2025,-76.9123
25912,no_incendio,-6.684588652346477,-77.1953837139415
25914,no_incendio,-7.4654999073290265,-76.71461513627762
25915,no_incendio,-7.49572574357337,-75.97213125228711
25920,incendio,-6.9951,-76.842
25930,incendio,-8.4937,-76.4503
25932,no_incendio,-7.346936014424016,-77.24612328998047
25933,no_incendio,-5.906180880379202,-75.93802228835084
25936,incendio,-6.31,-75.8614
25937,no_incendio,-5.326540128955467,-75.8192880237214
25941,no_incendio,-6.893924031218003,-76.04905921446095
25944,no_incendio,-6.1574013412773905,-75.50582251676065
25950,incendio,-6.7859,-76.6372
25960,incendio,-6.6515,-75.6612
25966,incendio,-7.2757,-76.8221
25999,no_incendio,-7.547004527368286,-77.14424900414204
26004,incendio,-8.6978,-76.3221
26014,incendio,-7.3041,-76.7996
26016,incendio,-6.0036,-76.1914
26017,incendio,-7.557,-76.8055
26020,no_incendio,-5.818727365285151,-76.86751655981939
26022,incendio,-8.257,-76.4102
26023,no_incendio,-6.717293792016525,-75.64014245587184
26027,no_incendio,-6.590618313605878,-75.87293609884875
26041,no_incendio,-6.181570378698443,-77.2403974842685
26052,incendio,-6.5652,-76.2926
26062,incendio,-6.4548,-75.7873
26064,incendio,-6.2171,-76.0982
26065,incendio,-7.0927,-76.271
26069,incendio,-5.8398,-76.2934
26073,no_incendio,-6.737059261843657,-77.50234796745673
26080,no_incendio,-6.237716755759431,-77.39156311979332
26083,incendio,-6.1446,-76.3134
26087,incendio,-5.9235,-76.268
26088,incendio,-7.4158,-76.6918
26092,incendio,-6.9516,-76.7237
26103,no_incendio,-6.837388041019548,-77.0882269714977
26105,incendio,-6.9711,-76.4936
26107,incendio,-6.6169,-76.2692
26110,incendio,-6.7879,-76.6825
26114,incendio,-6.2142,-75.7946
26116,incendio,-7.3713,-76.4443
26118,incendio,-6.2439,-75.8051
26119,incendio,-7.4319,-76.3777
26127,no_incendio,-6.763948396418463,-75.5008846760666
26136,no_incendio,-6.886318678721428,-75.69795842959347
26139,no_incendio,-5.362697688980843,-76.37235425327088
26157,no_incendio,-6.134868701694113,-76.84593822630983
26158,no_incendio,-5.913444133925558,-76.54061399484421
26159,no_incendio,-6.136911310096428,-77.0902535793698
26163,incendio,-5.906,-76.2846
26169,no_incendio,-5.900355019577343,-76.50972621036057
26173,no_incendio,-5.391936920318269,-75.74765732530163
26175,incendio,-6.6799,-76.0686
26180,no_incendio,-6.539751025490163,-75.79612657062603
26189,incendio,-7.0783,-76.8371
26190,no_incendio,-6.567404760010091,-75.93678531261668
26192,no_incendio,-6.299525540013742,-76.28555400177144
26195,no_incendio,-6.110977096163155,-77.0520623179512
26197,incendio,-5.8284,-76.3515
26198,no_incendio,-5.3170098474698,-75.90718083995199
26214,incendio,-7.0628,-76.6711
26217,no_incendio,-6.424628672692531,-76.43252138876545
26222,incendio,-5.741,-77.3786
26225,no_incendio,-7.103154809386207,-75.80011378156274
26227,incendio,-6.4158,-75.7526
26230,incendio,-6.9631,-76.6018
26234,incendio,-8.5141,-76.4125
26236,incendio,-8.426,-77.7473
26240,no_incendio,-6.2701925367746005,-76.81498053088146
26241,incendio,-6.6864,-76.4738
26245,incendio,-6.2075,-77.2524
26249,no_incendio,-7.4438050568529475,-75.8809717620132
26252,incendio,-8.2601,-76.5269
26265,no_incendio,-6.061127541678445,-77.3300358732125
26276,incendio,-6.2932,-75.9496
26278,incendio,-7.5424,-76.5122
26283,incendio,-6.0145,-75.8579
26287,no_incendio,-7.178109146033509,-76.55931189942505
26295,no_incendio,-5.68462514388274,-76.77383589546262
26298,no_incendio,-6.180704652480343,-76.89113580194854
26299,no_incendio,-6.377843437674785,-75.69894560383477
26300,no_incendio,-5.360774716680023,-76.65130740948035
26303,incendio,-7.2228,-76.6517
26307,incendio,-6.1592,-76.1455
26308,incendio,-6.6452,-76.6357
26317,no_incendio,-6.725956984213016,-76.31094915112595
26320,incendio,-6.229,-76.8354
26325,incendio,-6.846,-76.8478
26332,incendio,-6.1685,-76.0202
26340,incendio,-7.2108,-76.621
26362,no_incendio,-7.081124602285028,-76.06087878832324
26369,incendio,-6.4149,-75.6995
26372,no_incendio,-5.992717705570296,-75.97108395344519
26375,no_incendio,-5.89297787831936,-76.40313981264967
26376,no_incendio,-6.729488491648472,-77.03653906594069
26387,no_incendio,-6.462614163555006,-75.61289892495
26394,incendio,-7.1443,-77.069
26395,incendio,-6.0645,-77.4976
26398,no_incendio,-5.859392269860992,-77.07597134063963
26400,incendio,-6.9861,-76.5958
26402,no_incendio,-7.241586175081285,-75.60658029783822
26406,incendio,-6.4397,-75.8944
26421,incendio,-7.282,-76.6268
26422,incendio,-5.7213,-76.2659
26427,incendio,-7.2788,-76.8025
26429,incendio,-7.187,-76.3347
26432,incendio,-6.3929,-76.6103
26442,incendio,-6.2167,-76.029
26443,incendio,-8.554,-76.8502
26454,incendio,-6.612,-76.5785
26456,incendio,-7.1491,-76.3791
26463,incendio,-6.6543,-76.4484
26467,no_incendio,-5.719203795161454,-76.0632701523621
26471,incendio,-8.2921,-76.4343
26472,incendio,-7.0705,-76.3954
26473,incendio,-6.4972,-75.7457
26474,incendio,-6.6704,-76.3325
26475,no_incendio,-7.257184386198285,-77.16794482130089
26482,incendio,-6.4322,-76.3733
26495,no_incendio,-5.921016028711128,-75.70718586514504
26503,no_incendio,-7.221811632536515,-77.44262630315019
26506,incendio,-6.62,-76.2768
26508,incendio,-7.4068,-77.6234
26511,no_incendio,-6.808642932215501,-75.79916533133496
26533,incendio,-7.0286,-76.8717
26534,incendio,-6.0899,-76.1337
26535,incendio,-5.795,-77.2419
26541,no_incendio,-5.702364736345534,-76.72144500150783
26550,incendio,-7.2782,-76.4763
26551,incendio,-5.3383,-76.7906
26556,no_incendio,-6.250766771982882,-76.67346707047133
26557,incendio,-7.3127,-76.236
26562,incendio,-6.7023,-76.8704
26563,incendio,-5.8601,-77.3613
26565,incendio,-6.5006,-75.6756
26567,incendio,-6.913,-76.2115
26575,no_incendio,-5.882755427823639,-77.51237097659782
26579,incendio,-5.8498,-76.195
26582,incendio,-6.1569,-76.2199
26584,incendio,-8.2843,-76.4583
26586,no_incendio,-6.421249722496318,-77.04956463628945
26595,no_incendio,-7.493540878148328,-76.20838654108637
26599,incendio,-5.8026,-77.5199
26600,incendio,-8.2749,-76.5648
26603,no_incendio,-5.907158352622331,-77.4442973163752
26605,incendio,-7.0432,-76.7009
26613,no_incendio,-6.331589003630742,-76.77579913568411
26620,incendio,-7.3868,-76.6945
26628,no_incendio,-5.807017349001207,-75.61769536103809
26631,no_incendio,-6.717293792016525,-75.64014245587184
26632,incendio,-7.4351,-76.39
26636,incendio,-8.4534,-76.3762
26637,no_incendio,-6.8707527834716435,-77.1546220579287
26644,incendio,-8.6932,-76.2741
26652,no_incendio,-5.626490573988114,-76.90197669049898
26655,incendio,-5.773,-77.4275
26658,incendio,-5.813,-76.3775
26659,no_incendio,-7.468966943240149,-76.0987072289364
26660,no_incendio,-6.4891729979787565,-76.11291535541001
26665,incendio,-6.8293,-76.4577
26682,no_incendio,-6.1592934714330285,-77.34475903708392
26696,incendio,-7.3436,-76.9101
26697,no_incendio,-6.377843437674785,-75.69894560383477
26709,no_incendio,-5.39776817495506,-77.21180440723553
26715,no_incendio,-6.6675087326032685,-77.42602403570756
26716,incendio,-5.9755,-77.6646
26717,incendio,-7.4128,-76.5548
26725,incendio,-7.367,-76.8713
26731,incendio,-7.3489,-76.8764
26733,no_incendio,-7.241827770839374,-75.55383362888189
26744,no_incendio,-5.629475532551382,-77.50061748638073
26746,incendio,-6.712,-76.2687
26755,incendio,-5.8419,-77.3915
26774,incendio,-6.395,-75.7329
26782,incendio,-7.25,-76.3414
26788,incendio,-7.1418,-76.4277
26789,incendio,-6.5019,-75.6736
26792,no_incendio,-6.971890891507541,-75.84725150741345
26793,no_incendio,-6.482952600752266,-75.66603340235945
26798,incendio,-6.0393,-75.9926
26799,no_incendio,-7.241586175081285,-75.60658029783822
26801,no_incendio,-6.331956733542304,-77.5021084607029
26816,incendio,-5.9851,-75.8714
26823,no_incendio,-5.423715260330031,-75.80260147002005
26828,no_incendio,-5.388346448693102,-76.72150148992378
26838,incendio,-6.2043,-76.1819
26840,incendio,-6.2052,-76.7062
26848,no_incendio,-6.851922134143454,-76.90818662457491
26853,incendio,-6.8406,-76.6383
26855,no_incendio,-7.420738238712349,-77.50365613060586
26860,no_incendio,-6.664383213747135,-77.16631140190985
26864,no_incendio,-6.998414939340265,-75.67912715079014
26871,incendio,-6.7078,-76.7366
26876,incendio,-6.1085,-76.2279
26879,no_incendio,-7.436772555974999,-76.13512005747918
26886,no_incendio,-6.139224623753688,-76.40308726211332
26889,incendio,-5.4917,-76.7736
26893,incendio,-7.6845,-76.4836
26899,incendio,-7.1002,-76.0841
26907,no_incendio,-7.097431396465031,-76.35150553329514
26911,incendio,-7.4298,-76.4041
26912,incendio,-6.2187,-75.9768
26917,incendio,-8.0548,-76.7326
26918,no_incendio,-5.782302498103818,-75.6928374050029
26941,incendio,-7.0317,-76.1111
26943,no_incendio,-7.087560477783244,-76.48701616296685
26949,no_incendio,-6.968966493455318,-76.77095416720522
26951,no_incendio,-6.546795271979165,-77.13463626494185
26954,incendio,-8.5451,-76.4419
26955,no_incendio,-5.728382445396997,-77.12017555927592
26958,incendio,-7.279,-76.6944
26959,incendio,-6.3979,-76.471
26960,no_incendio,-6.847838156918014,-76.65972952352969
26962,no_incendio,-6.586264053943194,-75.6879198104013
26967,incendio,-5.6123,-75.9009
26974,incendio,-7.3524,-76.5876
26975,incendio,-7.123,-76.8657
26978,no_incendio,-6.4891729979787565,-76.11291535541001
26981,incendio,-6.6204,-76.6787
26983,incendio,-7.0896,-76.3482
26984,incendio,-5.7462,-77.4554
26991,no_incendio,-6.000321843594466,-77.16959710695784
26996,no_incendio,-5.437451651862052,-75.53119555354411
27002,no_incendio,-5.49005851410074,-77.39191865885853
27016,incendio,-8.1288,-76.678
27017,no_incendio,-7.321172600418316,-77.03516400852085
27019,incendio,-6.0599,-76.2684
27025,incendio,-5.8959,-76.11
27031,no_incendio,-7.23268535501901,-75.71791421763211
27033,no_incendio,-6.942876340672963,-76.33358150381483
27035,incendio,-6.7355,-76.6038
27037,incendio,-6.8631,-76.7536
27039,incendio,-7.1013,-76.4959
27041,incendio,-6.0673,-77.2497
27047,incendio,-6.4437,-75.8742
27051,incendio,-6.9319,-76.2583
27059,incendio,-7.082,-76.7006
27071,incendio,-7.8113,-77.4314
27073,no_incendio,-7.427821513315094,-77.09535827635182
27074,incendio,-6.8105,-76.4915
27078,no_incendio,-6.521871195981789,-77.46615975017302
27079,no_incendio,-6.256015929782314,-76.34693713254352
27080,incendio,-5.9771,-76.1033
27089,no_incendio,-5.978876914297251,-77.26050814725458
27091,no_incendio,-5.329337229365641,-77.4752371215785
27093,no_incendio,-6.36044395346056,-75.72277954497737
27097,no_incendio,-6.046941056590012,-76.4497684025493
27099,incendio,-6.8147,-76.6719
27100,incendio,-7.0312,-76.5843
27101,incendio,-6.0106,-76.8494
27104,incendio,-7.4177,-76.4734
27107,no_incendio,-5.95558763459201,-75.58088985962372
27109,incendio,-6.7581,-76.1418
27112,incendio,-6.4689,-75.9487
27116,incendio,-6.9969,-76.7039
27119,incendio,-5.7979,-76.1944
27123,no_incendio,-6.726779286673033,-77.03336380719702
27126,no_incendio,-5.41517785771272,-76.05115692097354
27127,incendio,-7.4255,-76.5953
27129,incendio,-8.7242,-77.7571
27132,no_incendio,-7.269040165613338,-76.9103123983766
27135,no_incendio,-5.85348487678678,-75.67716092139695
27140,incendio,-8.4328,-76.2668
27145,incendio,-5.8215,-76.0467
27150,no_incendio,-5.906233795105334,-77.12857966060585
27151,incendio,-5.8802,-76.3132
27158,no_incendio,-5.863095020713222,-75.7889986714283
27166,no_incendio,-5.5670313248345,-75.99876018929933
27173,no_incendio,-5.992720265748597,-76.93502157829727
27184,incendio,-8.7002,-76.9408
27186,incendio,-6.1811,-76.996
27188,incendio,-7.1049,-76.5398
27196,no_incendio,-6.645743757749571,-77.31611856562348
27211,no_incendio,-5.83397648887431,-77.22981106334638
27217,no_incendio,-5.977893876843185,-76.20383698117358
27219,incendio,-5.9348,-75.9852
27224,no_incendio,-5.356529850556848,-75.70252244587886
27230,no_incendio,-5.572804894965716,-76.96734256320798
27235,no_incendio,-7.489751819531982,-75.96573533227652
27245,no_incendio,-7.263705379465793,-77.32787830995856
27246,no_incendio,-5.863508615293079,-77.5457929030888
27254,no_incendio,-6.886318678721428,-75.69795842959347
27255,incendio,-5.4748,-76.6374
27256,no_incendio,-5.617689246248104,-77.03996515250137
27266,incendio,-6.3108,-75.832
27267,incendio,-6.3557,-76.6903
27274,incendio,-5.857,-76.219
27275,incendio,-5.7739,-77.4044
27276,incendio,-6.1892,-76.0191
27278,incendio,-8.6064,-76.1291
27280,no_incendio,-7.343476837968453,-76.86299220846689
27285,incendio,-5.7226,-76.3972
27287,incendio,-5.762,-76.4855
27289,incendio,-6.6556,-77.359
27296,incendio,-7.5839,-76.4068
27305,incendio,-7.2553,-76.3415
27306,incendio,-7.407,-76.5487
27308,no_incendio,-5.317490731831781,-77.05291423448321
27309,incendio,-6.7148,-76.7021
27318,no_incendio,-6.263351561254887,-76.64078067531564
27323,incendio,-5.8315,-76.2291
27325,no_incendio,-6.58181358126526,-75.97994293561052
27329,no_incendio,-7.442180034070876,-75.92683774273232
27331,incendio,-6.4434,-76.4958
27334,no_incendio,-5.747289104744423,-76.88274608576704
27343,no_incendio,-6.114431837075887,-77.3791914454974
27349,incendio,-8.3817,-76.3881
27351,incendio,-7.1435,-76.162
27355,no_incendio,-6.026656147123168,-76.76469510540855
27359,incendio,-7.0597,-76.188
27360,no_incendio,-6.735984440425587,-77.00622820601815
27373,no_incendio,-6.420478782048784,-76.46157866406858
27376,no_incendio,-7.377051275028038,-75.93975534182488
27386,no_incendio,-5.577424926283962,-75.86385660107669
27395,no_incendio,-5.801578937835275,-76.51381524721576
27397,incendio,-8.4406,-76.4149
27401,incendio,-5.7216,-75.7444
27407,no_incendio,-6.752631174647365,-76.89757485609974
27409,incendio,-6.5484,-76.5542
27413,incendio,-6.8551,-76.6182
27414,incendio,-5.9888,-75.9825
27415,incendio,-8.6034,-76.9006
27416,no_incendio,-6.535104750481092,-76.08251249993276
27418,incendio,-6.6076,-76.1306
27424,incendio,-7.2695,-76.4639
27426,incendio,-7.0079,-76.7774
27435,incendio,-8.6992,-76.2704
27436,no_incendio,-5.573600216354325,-77.29583969487783
27442,incendio,-6.1119,-75.793
27444,no_incendio,-5.9729308547052575,-77.19584889522876
27445,incendio,-6.6295,-76.1396
27446,incendio,-7.2632,-76.687
27447,no_incendio,-6.641540416375139,-77.47486256481713
27448,no_incendio,-7.453299052251447,-77.18508562471676
27454,no_incendio,-6.273383567178642,-76.44114691338451
27462,incendio,-6.9857,-76.8651
27463,incendio,-6.9778,-76.5898
27464,no_incendio,-5.866539639068574,-77.22687497991105
27472,incendio,-8.3465,-76.2673
27477,incendio,-7.0874,-76.7093
27481,incendio,-6.8618,-76.7005
27487,no_incendio,-7.011514074885707,-76.73934268520709
27488,incendio,-8.5345,-75.5612
27500,incendio,-5.6866,-77.4772
27502,incendio,-7.3173,-76.2468
27507,incendio,-6.875,-76.6486
27509,no_incendio,-6.953964765279714,-77.26246463391935
27514,incendio,-7.0856,-76.8879
27515,incendio,-5.8218,-76.0494
27518,incendio,-6.0398,-75.9329
27520,no_incendio,-6.469524270312644,-76.04017356223993
27529,no_incendio,-6.543996709664201,-75.77625931317041
27539,no_incendio,-5.992717705570296,-75.97108395344519
27547,no_incendio,-7.536087990026042,-76.53899168088374
27554,no_incendio,-5.3838831063176515,-76.49104845789617
27555,no_incendio,-6.1476999130544865,-77.34007485362595
27560,incendio,-7.2979,-76.9686
27563,no_incendio,-5.802372431085104,-75.57878108958735
27565,incendio,-6.7301,-76.3232
27569,incendio,-7.3887,-76.699
27571,no_incendio,-5.706911774664528,-77.15797296628834
27572,incendio,-5.7972,-77.4242
27576,no_incendio,-6.847838156918014,-76.65972952352969
27577,incendio,-6.9788,-76.3217
27587,no_incendio,-7.1439208952470965,-77.38092521559295
27590,incendio,-7.4951,-76.4649
27599,incendio,-7.0282,-76.5834
27601,incendio,-7.464,-76.7021
27603,incendio,-6.5999,-76.6845
27620,no_incendio,-6.360887636963093,-77.10755017823716
27627,incendio,-5.7811,-76.2062
27632,incendio,-7.497,-76.6754
27636,incendio,-8.2025,-77.2634
27637,no_incendio,-6.272889262540646,-77.34340996973071
27638,no_incendio,-6.0889717541826,-76.72492959412638
27639,no_incendio,-7.143300333347583,-76.01076815200116
27641,incendio,-7.3848,-76.7363
27642,no_incendio,-5.469135651128677,-76.66584024328755
27648,no_incendio,-7.446777051363318,-75.55823277277759
27657,no_incendio,-6.84710555088138,-75.520478621097
27658,no_incendio,-7.149817793244048,-76.68995380242758
27660,incendio,-5.7891,-76.3482
27664,incendio,-6.1163,-76.1691
27669,no_incendio,-7.227645324559791,-75.66978466195862
27678,incendio,-8.1666,-76.6031
27684,no_incendio,-5.7826453397308155,-77.3905226367299
27686,incendio,-5.9925,-76.914
27687,no_incendio,-5.791181789509089,-77.46024775242152
27692,no_incendio,-6.299525540013742,-76.28555400177144
27693,incendio,-5.7975,-76.369
27696,no_incendio,-6.000913642665956,-77.14500157376662
27699,incendio,-7.2068,-76.4888
27706,incendio,-6.5854,-76.4423
27708,no_incendio,-6.646019680443848,-77.50514894077688
27709,incendio,-8.3862,-76.4721
27715,incendio,-7.4041,-76.7366
27718,incendio,-7.1138,-76.6967
27721,incendio,-6.5045,-76.7263
27724,no_incendio,-5.733329701316475,-76.97970479241751
27725,no_incendio,-5.389176452484517,-75.81151917065094
27727,incendio,-6.1456,-76.3503
27730,no_incendio,-6.224885960981276,-76.91366721974305
27751,incendio,-8.3569,-76.7222
27754,incendio,-7.8819,-76.7394
27756,incendio,-5.7155,-76.1819
27757,incendio,-7.2374,-76.4721
27762,no_incendio,-7.357911846364595,-77.10667831143273
27763,incendio,-6.8454,-76.6848
27765,incendio,-7.2697,-76.6375
27770,incendio,-6.5004,-76.6986
27773,no_incendio,-6.902373213948052,-75.80243684170989
27775,incendio,-7.5749,-76.684
27776,incendio,-6.7106,-76.8681
27778,incendio,-8.359,-76.7395
27780,incendio,-6.0631,-76.0742
27782,incendio,-6.764,-76.6669
27787,incendio,-7.432,-76.5677
27788,incendio,-5.8137,-76.4202
27791,no_incendio,-6.6966130629090745,-76.20140385770695
27795,no_incendio,-7.142295863783367,-76.24884468058782
27798,incendio,-7.036,-76.7502
27812,incendio,-8.5233,-76.7714
27813,incendio,-7.0493,-76.5351
27816,no_incendio,-6.9712876814104,-75.72933923833854
27817,incendio,-7.4151,-76.7081
27831,no_incendio,-6.752631174647365,-76.89757485609974
27833,incendio,-7.7048,-76.4907
27835,no_incendio,-6.8053340000464315,-76.39338208242373
27837,incendio,-8.0496,-76.6558
27841,no_incendio,-5.668562711065817,-75.61105576661728
27842,no_incendio,-5.501045309864604,-77.33293151035834
27843,no_incendio,-6.122720954624869,-76.9879603704079
27845,incendio,-7.1877,-76.6659
27854,incendio,-6.2582,-76.1245
27857,no_incendio,-5.531709345051456,-76.12800515028563
27865,no_incendio,-6.332355926126756,-76.57852424451565
27868,no_incendio,-5.4956287964108785,-77.39970137101125
27870,incendio,-7.0615,-76.6734
27876,incendio,-6.4426,-75.7357
27881,incendio,-7.3522,-76.6234
27883,incendio,-7.5287,-76.6643
27895,incendio,-6.2223,-76.8828
27896,incendio,-7.2432,-76.819
27897,incendio,-7.343,-76.847
27904,incendio,-7.2212,-76.496
27905,incendio,-6.7867,-76.8451
27921,no_incendio,-6.210262345134658,-77.11424996637882
27922,no_incendio,-6.726381012789614,-77.29263321460805
27923,no_incendio,-5.885065132570478,-75.64334405460914
27927,no_incendio,-6.808642932215501,-75.79916533133496
27930,incendio,-6.0915,-76.1788
27932,incendio,-6.5926,-76.4197
27938,incendio,-6.8008,-76.4961
27949,incendio,-7.0261,-76.5942
27950,incendio,-7.5945,-76.5208
27951,incendio,-7.8644,-77.4984
27954,no_incendio,-5.487830888913878,-75.70248261618342
27955,incendio,-6.8438,-76.513
27956,no_incendio,-6.86277091910318,-76.45893260017807
27972,no_incendio,-6.346021842815813,-77.12333044544714
27974,incendio,-7.2629,-76.6337
27981,no_incendio,-7.0287390386317705,-77.03724597379518
27991,no_incendio,-5.60263772570773,-75.78275132850642
27995,no_incendio,-6.550462961960492,-75.75305667586812
28000,no_incendio,-5.977250221064096,-76.70445078164089
28003,incendio,-6.2097,-75.9523
28004,no_incendio,-6.534953195140333,-76.18456106043952
28008,no_incendio,-5.592011294671137,-75.99975689195666
28009,no_incendio,-6.606971151394778,-76.7033258603189
28013,incendio,-7.3116,-76.5598
28027,no_incendio,-5.733857068651538,-76.80904901377532
28028,no_incendio,-7.5702550538704605,-75.67821320807053
28029,no_incendio,-7.518549043794622,-77.46918278069812
28032,incendio,-6.0014,-76.1648
28035,incendio,-7.0643,-76.1277
28040,no_incendio,-6.113994500362599,-76.09851389136325
28041,incendio,-7.2325,-76.7319
28044,no_incendio,-5.698299617649455,-76.9877048304902
28046,incendio,-7.2176,-76.3421
28047,incendio,-6.2644,-75.9828
28049,incendio,-7.0447,-76.8141
28050,no_incendio,-6.346021842815813,-77.12333044544714
28055,incendio,-7.0696,-76.8705
28059,incendio,-7.2695,-76.2123
28060,no_incendio,-5.7980276983387755,-76.60461534978732
28066,incendio,-7.0885,-76.4967
28071,no_incendio,-5.716829315463946,-76.6884283959595
28072,incendio,-7.5336,-76.5205
28077,no_incendio,-6.904145543477711,-77.38998183817624
28079,incendio,-7.5311,-77.5024
28080,incendio,-6.4746,-75.8464
28083,incendio,-5.8213,-76.2239
28091,incendio,-5.7587,-76.4893
28095,incendio,-6.9743,-76.8066
28105,incendio,-5.9139,-76.0013
28108,no_incendio,-5.97958938141772,-75.97696588702247
28116,no_incendio,-7.308376267427788,-75.72020744008876
28119,no_incendio,-6.525390337428589,-76.47559277816393
28124,incendio,-6.9594,-76.5135
28125,incendio,-7.3932,-76.5842
28127,incendio,-8.3349,-76.3647
28130,incendio,-5.7612,-77.348
28131,incendio,-6.136,-75.7112
28134,incendio,-7.1831,-76.3862
28136,no_incendio,-6.4776266103105895,-77.14737002070362
28159,no_incendio,-6.846679592265051,-75.78055281220841
28164,no_incendio,-6.439732844593629,-76.57320223136172
28165,no_incendio,-6.998414939340265,-75.67912715079014
28175,no_incendio,-7.205543641449294,-77.21195261449198
28177,no_incendio,-7.251053016973333,-77.43482372064443
28179,no_incendio,-7.308376267427788,-75.72020744008876
28180,incendio,-5.9831,-75.8354
28185,incendio,-7.3518,-76.7393
28188,incendio,-7.0728,-76.9149
28190,incendio,-6.2057,-76.8171
28193,no_incendio,-5.434734993358147,-76.94653262890384
28197,no_incendio,-5.83234820585484,-77.1167119832574
28198,incendio,-7.3496,-76.6216
28199,no_incendio,-5.693308964023421,-77.38488694411686
28200,no_incendio,-7.598815481458372,-76.55352785980209
28204,incendio,-5.768,-77.2104
28206,incendio,-7.2758,-76.7232
28211,no_incendio,-5.693256209324268,-76.57722873694159
28218,no_incendio,-7.371625145918922,-75.70238603258082
28219,incendio,-6.3186,-76.5681
28228,no_incendio,-6.982455617549805,-76.38860618436227
28229,no_incendio,-7.419812910820906,-75.99406148062167
28232,no_incendio,-5.544342707790426,-75.8055721541421
28235,no_incendio,-6.5875457295775695,-76.60562453766775
28237,incendio,-7.2724,-76.3818
28239,incendio,-7.0257,-76.5826
28241,incendio,-7.0407,-76.2933
28245,no_incendio,-5.398135296375456,-76.71445247130518
28254,incendio,-8.6205,-76.6122
28255,no_incendio,-5.6011690570737915,-76.70090683859456
28261,incendio,-7.5675,-76.5234
28266,no_incendio,-5.508214763979514,-75.68261084884283
28269,no_incendio,-6.727604587458214,-76.26589680418019
28270,incendio,-7.3026,-76.7615
28271,no_incendio,-6.3823444451531675,-76.72222524088096
28284,incendio,-6.137,-76.2162
28285,incendio,-6.9832,-76.7926
28289,incendio,-6.8879,-76.1653
28291,incendio,-7.1431,-76.5581
28292,no_incendio,-5.541112522183527,-75.99676308138659
28298,incendio,-5.7697,-75.9384
28304,incendio,-5.7634,-76.4747
28305,no_incendio,-7.199216978961617,-75.9477990392911
28312,incendio,-6.1062,-75.7565
28315,no_incendio,-5.393926083579098,-77.3710588373999
28321,incendio,-7.0541,-76.3066
28326,incendio,-6.3719,-77.3292
28332,incendio,-8.2526,-76.4407
28333,no_incendio,-6.568678711242536,-76.46161690496696
28335,incendio,-5.8217,-76.155
28347,no_incendio,-5.426612634680184,-75.58435399600397
28351,no_incendio,-7.241827770839374,-75.55383362888189
28353,incendio,-6.9361,-76.0704
28354,incendio,-6.656,-76.0538
28355,no_incendio,-6.717293792016525,-75.64014245587184
28357,no_incendio,-6.444450177038954,-75.66847301432819
28361,no_incendio,-6.045557480896305,-76.73042918045354
28363,no_incendio,-6.9303848627730344,-77.0665622069992
28374,incendio,-5.9579,-76.2692
28400,no_incendio,-6.010674240572804,-77.09796715104932
28401,incendio,-6.4926,-76.361
28402,incendio,-7.3466,-76.5839
28405,incendio,-7.8741,-76.6973
28407,no_incendio,-5.709919403753175,-77.18915952963572
28412,no_incendio,-6.4643629782720495,-76.22804730377794
28418,no_incendio,-5.952502510545931,-77.35100051203952
28421,incendio,-6.4194,-77.7887
28426,incendio,-7.622,-76.553
28432,no_incendio,-7.493540878148328,-76.20838654108637
28436,incendio,-6.4588,-75.7237
28437,no_incendio,-5.459589434430045,-76.77318023823041
28438,no_incendio,-5.953019088925324,-76.23284593502969
28440,no_incendio,-5.728686151403572,-77.23987774970512
28446,incendio,-6.8381,-76.4213
28448,no_incendio,-5.690666241525762,-76.5831246635922
28450,incendio,-5.7961,-76.123
28464,incendio,-6.5774,-76.4726
28466,no_incendio,-6.253873442293271,-77.4856518253099
28467,no_incendio,-7.040747836565641,-76.40061304391803
28468,incendio,-6.8245,-76.1661
28474,no_incendio,-7.381225768944467,-76.16930082038664
28475,incendio,-6.935,-76.716
28476,incendio,-5.998,-76.8992
28482,incendio,-6.6552,-76.7175
28489,incendio,-5.851,-76.1871
28490,incendio,-6.0909,-76.1109
28494,incendio,-6.0939,-77.2474
28499,incendio,-6.1014,-77.1949
28508,incendio,-5.8862,-75.9648
28515,no_incendio,-6.94200325407077,-76.26001952788216
28517,no_incendio,-6.9213010558098045,-76.33886424086654
28521,incendio,-6.9898,-76.7331
28522,incendio,-6.2839,-76.6756
28534,incendio,-8.373,-76.2946
28537,incendio,-6.2204,-75.8587
28538,no_incendio,-6.212102855046136,-76.68622274401635
28544,incendio,-7.5364,-76.4516
28550,incendio,-6.1351,-76.2024
28558,no_incendio,-6.238571072533694,-75.50795501172155
28561,no_incendio,-6.234614825176705,-77.3723732006722
28563,no_incendio,-6.638936461882343,-76.98044793632914
28564,no_incendio,-5.398135296375456,-76.71445247130518
28566,incendio,-7.3051,-77.0367
28568,no_incendio,-5.66978916869293,-75.78583352536694
28569,incendio,-6.8203,-76.1588
28574,no_incendio,-7.4811756669415,-76.01564428333117
28577,no_incendio,-7.414688922024766,-76.2476866383002
28581,no_incendio,-6.210262345134658,-77.11424996637882
28583,no_incendio,-5.721753234372427,-77.04300744557013
28585,incendio,-6.9467,-76.4671
28589,incendio,-7.467,-76.6798
28592,incendio,-7.1633,-77.5318
28596,incendio,-6.6554,-76.6172
28599,no_incendio,-6.324934683730277,-76.81019781469472
28602,no_incendio,-5.937825755560712,-77.54131014900841
28606,no_incendio,-6.94690710912819,-75.63438003182783
28621,no_incendio,-7.010465391222765,-75.64374453725225
28626,incendio,-6.6443,-76.4107
28644,no_incendio,-6.324514222860181,-76.89947276475436
28648,incendio,-6.4146,-76.0128
28661,incendio,-6.1618,-76.138
28668,incendio,-6.4878,-76.7032
28670,incendio,-5.9777,-76.2636
28673,incendio,-8.7462,-76.2996
28675,incendio,-5.677,-76.4284
28694,incendio,-6.4375,-75.7649
28697,incendio,-7.4726,-76.507
28699,incendio,-5.6756,-76.5688
28700,incendio,-7.0125,-76.9255
28705,incendio,-7.1551,-76.5569
28706,incendio,-6.8871,-76.809
28707,no_incendio,-5.418336191471334,-77.27363994749886
28721,no_incendio,-5.62140995348484,-75.55506281291692
28722,incendio,-7.6195,-76.5141
28730,no_incendio,-7.093257969486561,-77.25013940551041
28731,no_incendio,-6.736884280770205,-76.9775738185435
28732,incendio,-6.6632,-76.1952
28740,no_incendio,-5.889428519671102,-75.83985217439051
28746,incendio,-6.4749,-76.8332
28747,incendio,-7.3742,-76.6922
28750,no_incendio,-6.300702389014246,-76.09062532956851
28753,incendio,-5.8095,-76.013
28767,no_incendio,-6.248141133810431,-75.50987121265236
28770,no_incendio,-7.093257969486561,-77.25013940551041
28786,no_incendio,-7.076017752800738,-75.91978389352657
28792,incendio,-7.5367,-76.436
28794,incendio,-6.5717,-77.5476
28797,no_incendio,-6.606517162327486,-77.4629258839616
28800,incendio,-6.1823,-75.945
28804,no_incendio,-5.877091540669871,-76.18474625697182
28806,no_incendio,-5.985543510791079,-75.55610035209125
28808,incendio,-7.6895,-76.47
28809,no_incendio,-6.007112604816549,-77.29204800487722
28810,incendio,-7.5887,-76.3924
28821,no_incendio,-6.309912628737243,-75.57235857764702
28829,no_incendio,-6.460809424904893,-76.67264708557983
28837,incendio,-5.8015,-76.063
28838,incendio,-7.0243,-76.1
28840,incendio,-5.9009,-75.9608
28843,incendio,-5.965,-77.0002
28848,no_incendio,-6.249559347527708,-77.38514191347497
28850,incendio,-6.0412,-77.115
28851,incendio,-6.4163,-77.3625
28863,no_incendio,-7.464502353788052,-77.51392837949253
28876,incendio,-8.3984,-76.3266
28881,no_incendio,-6.312891094128834,-75.840822427949
28883,no_incendio,-6.796333772184817,-76.78935654696676
28889,no_incendio,-6.921582299532002,-76.91163158233097
28893,incendio,-6.6562,-75.6577
28895,incendio,-7.9594,-76.6709
28903,incendio,-6.1626,-76.9696
28907,no_incendio,-5.371545466461964,-76.40334353874748
28912,no_incendio,-7.511471498657587,-77.0305776349507
28919,no_incendio,-5.800895908311601,-76.62831443275236
28921,incendio,-7.1738,-76.2312
28925,incendio,-7.4048,-76.6315
28927,no_incendio,-5.798251230559933,-76.03303003317315
28930,incendio,-6.2299,-76.0266
28938,no_incendio,-5.974627825335505,-76.8393257597771
28941,incendio,-7.1849,-76.4719
28950,incendio,-7.3293,-76.645
28961,incendio,-6.7558,-76.3711
28963,incendio,-6.5824,-76.1066
28964,incendio,-7.4204,-76.6559
28966,no_incendio,-6.257364517477317,-77.24088667621311
28970,no_incendio,-5.356858559279738,-76.9184573866197
28971,incendio,-8.5332,-76.4997
28973,no_incendio,-7.396293728832261,-76.90325278525978
28978,incendio,-6.5358,-76.7108
28981,no_incendio,-5.636338028013915,-75.57133657890496
28992,incendio,-6.0332,-77.6393
28999,no_incendio,-6.260865842963683,-76.65344397081381
29001,no_incendio,-6.402069451962711,-76.21591146142134
29002,no_incendio,-6.53438876670278,-77.3151143596093
29007,no_incendio,-6.3427644504242675,-77.35180398852548
29010,incendio,-7.3091,-75.5893
29012,incendio,-7.5076,-76.6764
29014,incendio,-8.1225,-76.696
29027,no_incendio,-7.314921869709458,-75.6262107073791
29033,no_incendio,-7.3820884546139,-76.13227467193721
29035,no_incendio,-5.73653806083423,-77.04027076606343
29044,incendio,-7.3589,-76.7717
29049,no_incendio,-6.426707190480592,-75.93955631582219
29060,no_incendio,-7.15250800382105,-75.6698884726493
29063,no_incendio,-5.647813944563046,-75.98631579821414
29066,no_incendio,-5.908177822401652,-76.8838396640829
29072,incendio,-6.372,-76.7353
29073,no_incendio,-5.531709345051456,-76.12800515028563
29075,no_incendio,-5.8624058726324275,-77.54256899267752
29076,no_incendio,-5.834688696045425,-76.52690718058605
29077,incendio,-6.2095,-75.8942
29080,no_incendio,-5.9130091622376435,-77.42859659593488
29081,incendio,-7.1995,-76.1576
29085,incendio,-6.9682,-76.9328
29086,no_incendio,-7.320681720418793,-75.65489361084256
29088,incendio,-6.7432,-76.2423
29092,no_incendio,-5.504827246357519,-77.16574913944
29097,incendio,-6.2602,-76.1108
29104,incendio,-6.2587,-76.28
29106,incendio,-6.5296,-75.6327
29111,incendio,-5.739,-76.25
29115,incendio,-7.1348,-76.4515
29126,incendio,-6.6506,-76.5136
29131,incendio,-6.2131,-76.7315
29132,incendio,-7.3579,-76.6904
29134,no_incendio,-5.965105049339228,-76.99859959497034
29136,incendio,-7.4272,-76.5836
29147,incendio,-5.8421,-77.1355
29152,no_incendio,-7.192676000546934,-77.13476748134192
29157,incendio,-5.3685,-76.5261
29162,incendio,-5.9222,-76.301
29167,incendio,-7.3267,-76.4013
29168,incendio,-7.1707,-76.2847
29172,incendio,-5.7248,-76.416
29176,incendio,-6.5864,-76.4941
29184,incendio,-7.0719,-76.4919
29192,no_incendio,-5.901388111394365,-75.87645660870008
29199,incendio,-6.1404,-76.1894
29201,no_incendio,-5.752288568187965,-75.61867904444058
29203,incendio,-5.8281,-77.111
29209,incendio,-7.161,-76.0889
29210,no_incendio,-7.530943089944216,-75.61039209936172
29215,no_incendio,-6.368662376296837,-77.03036089290791
29216,incendio,-6.5384,-76.6351
29218,no_incendio,-6.352348321356028,-75.59610164326816
29219,incendio,-6.0907,-75.8501
29221,incendio,-7.5547,-76.4461
29224,incendio,-8.6008,-76.1134
29226,no_incendio,-6.090705105654209,-75.76196358722034
29229,incendio,-5.8182,-76.5611
29236,no_incendio,-6.535327617861432,-76.18785766882165
29252,incendio,-7.5874,-76.5297
29257,no_incendio,-7.157163278516986,-76.9354632282693
29263,no_incendio,-7.509252354285814,-75.54465114823546
29264,no_incendio,-6.727398434306363,-77.48848492382807
29266,incendio,-5.9702,-76.2396
29267,incendio,-8.1974,-77.7193
29270,incendio,-7.2677,-76.461
29286,no_incendio,-6.1773004933773406,-76.41533827057219
29289,incendio,-8.5306,-76.4803
29295,no_incendio,-5.703527630485487,-76.04599898833253
29297,incendio,-6.2348,-76.7104
29298,no_incendio,-6.654532009707288,-75.5305999621871
29303,incendio,-7.3298,-76.5893
29311,no_incendio,-6.187799355462546,-77.0520465624197
29314,incendio,-7.0468,-76.7614
29322,incendio,-7.2349,-76.7861
29326,no_incendio,-5.532853929708149,-75.98229483983717
29329,incendio,-8.3624,-76.3574
29338,no_incendio,-7.324938939394847,-75.95193264911674
29341,no_incendio,-6.752631174647365,-76.89757485609974
29345,no_incendio,-6.0258388422724725,-75.8823418796658
29346,incendio,-6.8002,-76.6243
29348,no_incendio,-7.093257969486561,-77.25013940551041
29349,incendio,-6.4648,-76.4265
29350,incendio,-5.3883,-75.815
29353,no_incendio,-6.558646082464617,-76.16096804971144
29355,incendio,-6.7943,-76.7241
29357,incendio,-6.7745,-76.9218
29358,incendio,-5.8076,-76.5109
29366,no_incendio,-6.93526933500558,-76.94440022861454
29374,no_incendio,-7.217722844984081,-77.2235426849214
29378,incendio,-7.7105,-76.4837
29381,no_incendio,-6.300702389014246,-76.09062532956851
29382,incendio,-6.2457,-75.8416
29385,incendio,-7.399,-76.6448
29390,incendio,-8.1569,-76.4894
29393,incendio,-7.1847,-76.2292
29394,incendio,-5.8206,-76.2496
29398,no_incendio,-5.815206419164588,-75.9840705047973
29399,incendio,-7.5729,-76.6279
29403,no_incendio,-5.998881730764309,-77.1385121318961
29405,incendio,-7.3293,-76.7197
29408,incendio,-6.6613,-76.7062
29411,incendio,-8.3031,-76.5249
29415,incendio,-5.8853,-76.0307
29421,no_incendio,-6.84710555088138,-75.520478621097
29424,incendio,-8.0807,-76.7034
29456,no_incendio,-7.162586032756481,-76.81020137003335
29459,no_incendio,-5.6492373233613264,-76.13173612706044
29461,no_incendio,-6.9338065388714725,-77.51645275784907
29463,no_incendio,-7.419812910820906,-75.99406148062167
29466,no_incendio,-6.493728884519305,-75.95080124431671
29469,no_incendio,-6.271888529403575,-75.79765684657775
29472,no_incendio,-5.721753234372427,-77.04300744557013
29473,incendio,-6.4519,-75.7686
29474,no_incendio,-7.516228282019169,-75.89484036620722
29478,incendio,-6.4079,-77.6127
29483,incendio,-7.1215,-76.0803
29486,incendio,-7.4728,-76.5781
29496,no_incendio,-7.516228282019169,-75.89484036620722
29498,incendio,-7.1396,-76.4357
29500,no_incendio,-6.4535066542887805,-75.68187662159364
29502,incendio,-6.1463,-76.3107
29510,incendio,-7.0883,-76.0845
29512,incendio,-6.398,-75.8034
29525,incendio,-7.0327,-76.7456
29532,incendio,-7.6097,-76.8085
29534,incendio,-5.7034,-75.8471
29539,incendio,-5.9003,-75.9351
29544,incendio,-6.6206,-76.4858
29547,incendio,-8.7219,-76.1408
29548,incendio,-6.7581,-76.4815
29551,incendio,-6.4784,-76.5493
29553,incendio,-6.6452,-76.4192
29558,incendio,-7.2053,-76.6987
29561,incendio,-7.2781,-76.8044
29568,incendio,-7.4265,-76.7586
29570,incendio,-6.8161,-76.6366
29578,incendio,-5.6628,-76.6205
29582,no_incendio,-7.30848813253614,-75.71138002186875
29591,no_incendio,-5.925744830854394,-76.62635370808266
29602,incendio,-6.6977,-76.6486
29603,incendio,-6.1677,-76.3997
29607,incendio,-7.4778,-76.6867
29615,incendio,-6.8721,-76.535
29622,no_incendio,-7.324938939394847,-75.95193264911674
29628,incendio,-7.1897,-76.3656
29630,incendio,-6.5392,-76.4495
29633,incendio,-8.4313,-76.3627
29634,no_incendio,-7.2373332017811665,-76.09425476964923
29638,incendio,-6.096,-76.8843
29640,incendio,-5.6914,-76.4674
29643,no_incendio,-5.921387481016298,-75.640821414452
29644,no_incendio,-7.299495014578471,-76.02669026239053
29652,no_incendio,-5.862678119407266,-76.8979972886448
29655,no_incendio,-5.657826113607748,-77.0484188289704
29665,incendio,-6.0118,-77.2427
29668,no_incendio,-6.569933219427762,-75.5278161670118
29672,incendio,-6.7104,-76.183
29676,incendio,-6.0675,-76.2891
29678,no_incendio,-6.905014878753814,-76.49698867319515
29680,no_incendio,-6.452984723571151,-76.97534564539009
29683,no_incendio,-6.323745703888591,-76.07826663303581
29686,no_incendio,-7.014371526342947,-75.6304094962068
29689,no_incendio,-6.807279841790784,-75.78242302305196
29690,incendio,-7.0237,-76.8738
29701,incendio,-7.3387,-76.8421
29703,incendio,-6.9993,-76.3716
29704,incendio,-7.0047,-76.5983
29709,incendio,-6.6597,-76.4183
29714,incendio,-7.3741,-76.548
29718,incendio,-6.8451,-76.1424
29735,incendio,-7.0319,-76.834
29740,no_incendio,-7.52002816732032,-76.85728021112728
29746,no_incendio,-6.945484440166689,-76.77951589048426
29752,incendio,-7.9554,-76.6867
29756,incendio,-6.6939,-76.4008
29757,incendio,-6.4642,-76.4151
29761,incendio,-5.7256,-76.1885
29762,no_incendio,-7.017817860779479,-76.95461934375838
29766,no_incendio,-6.1592934714330285,-77.34475903708392
29768,incendio,-8.2731,-76.4685
29769,no_incendio,-6.9256501234330665,-77.07157879837493
29785,no_incendio,-7.442180034070876,-75.92683774273232
29805,incendio,-5.665,-76.6284
29806,incendio,-6.975,-76.9435
29808,incendio,-6.757,-76.4
29816,incendio,-6.7027,-76.1566
29817,incendio,-7.5434,-76.5063
29823,no_incendio,-7.2822391020909345,-76.80145523505668
29831,incendio,-5.6931,-76.6299
29843,no_incendio,-6.4985912391976255,-76.97886285295857
29852,incendio,-6.2398,-75.8819
29857,incendio,-5.8706,-75.9989
29860,no_incendio,-6.1579628470379655,-75.78726893747826
29862,no_incendio,-6.482952600752266,-75.66603340235945
29863,incendio,-6.92,-76.7986
29865,incendio,-5.8816,-75.9268
29867,incendio,-6.8648,-76.1872
29871,incendio,-5.651,-77.339
29874,incendio,-6.6889,-76.3927
29876,no_incendio,-7.134812798520641,-75.55898183219816
29879,incendio,-7.2358,-76.0796
29889,incendio,-8.5824,-76.3022
29890,incendio,-7.4144,-76.6923
29891,no_incendio,-7.446777051363318,-75.55823277277759
29893,no_incendio,-6.721818890646596,-76.25717682869612
29895,no_incendio,-6.569933219427762,-75.5278161670118
29903,incendio,-8.4558,-76.4396
29908,incendio,-7.0271,-76.5817
29910,no_incendio,-5.940833223348477,-76.76215332326328
29912,incendio,-5.7359,-77.3624
29916,no_incendio,-5.815972204611399,-75.5996631905604
29917,incendio,-6.2098,-76.2973
29924,no_incendio,-6.801666192426729,-76.32704638741743
29927,incendio,-7.3951,-76.7107
29933,incendio,-5.9222,-76.1609
29939,incendio,-6.6169,-76.4695
29942,no_incendio,-6.791553468522542,-76.19850061841751
29949,no_incendio,-5.815055199872086,-76.00054370091742
29954,incendio,-7.5546,-76.7079
29956,no_incendio,-5.572804894965716,-76.96734256320798
29970,incendio,-5.8522,-77.1793
29979,incendio,-7.2307,-76.379
29989,no_incendio,-6.56442664767728,-76.08300934140289
29990,incendio,-7.3277,-76.5696
29997,incendio,-7.2636,-76.4624
30002,incendio,-6.0155,-76.1412
30011,incendio,-6.0593,-75.9614
30013,incendio,-7.5544,-76.4375
30014,incendio,-7.3158,-76.5492
30019,no_incendio,-5.493534251624167,-76.05824936892388
30022,incendio,-6.012,-76.4706
30029,incendio,-7.1094,-76.3574
30033,no_incendio,-7.487103293775268,-76.06526148025002
30037,no_incendio,-5.585507984340333,-75.53590045517545
30040,incendio,-7.6346,-77.5998
30044,incendio,-5.8429,-76.038
30045,no_incendio,-6.269160672028454,-77.26185240867942
30057,no_incendio,-6.038754568131664,-76.35371867515885
30061,no_incendio,-5.65117658577255,-75.62263099163508
30062,incendio,-5.8701,-76.3495
30066,incendio,-7.2037,-76.4969
30070,incendio,-6.8378,-76.5471
30087,no_incendio,-5.918920403880599,-75.94938972977876
30091,incendio,-6.4876,-76.3662
30095,no_incendio,-5.315273849835721,-75.96752969040406
30097,incendio,-8.7175,-76.7452
30110,no_incendio,-7.251215765230244,-76.69670530916802
30113,incendio,-8.1925,-76.5459
30119,incendio,-7.1696,-76.427
30121,incendio,-6.4956,-76.3712
30122,incendio,-5.7983,-77.1603
30128,no_incendio,-6.576004984769571,-77.51523302793387
30131,no_incendio,-6.351517341637376,-77.31017116176967
30135,no_incendio,-6.526663320909917,-76.57498858502044
30141,no_incendio,-5.875471323487407,-77.45654526806348
30145,incendio,-7.1115,-76.8588
30151,incendio,-7.4757,-76.6339
30153,incendio,-5.8353,-76.2344
30159,no_incendio,-5.9272520922930445,-77.17976360795232
30165,no_incendio,-5.767577808825913,-75.75625284767814
30168,incendio,-5.8635,-75.9933
30170,incendio,-5.6652,-76.6023
30179,no_incendio,-6.4891729979787565,-76.11291535541001
30180,no_incendio,-5.6819042694428346,-76.21370978152449
30182,no_incendio,-5.6909060907931215,-77.03642215530066
30185,incendio,-5.3717,-76.8064
30186,incendio,-6.7321,-76.4626
30202,no_incendio,-7.179164728014299,-77.26673458504925
30214,no_incendio,-6.729488491648472,-77.03653906594069
30221,incendio,-7.0013,-76.5433
30229,incendio,-6.2007,-77.7769
30235,incendio,-7.2417,-76.6469
30245,no_incendio,-6.973841653653549,-76.58656432123784
30254,incendio,-6.9387,-76.4694
30262,incendio,-6.4443,-76.6535
30263,incendio,-6.467,-76.6585
30264,no_incendio,-6.904145543477711,-77.38998183817624
30271,incendio,-6.5719,-75.6895
30273,incendio,-5.7206,-76.4614
30274,incendio,-8.3137,-77.3553
30276,incendio,-6.9452,-76.716
30279,incendio,-7.5758,-76.7227
30280,incendio,-7.0985,-76.8694
30288,incendio,-7.1564,-76.2929
30295,no_incendio,-6.09276868271348,-76.00881721213455
30301,incendio,-7.0877,-76.5178
30307,incendio,-7.6343,-76.523
30308,incendio,-7.3211,-76.5735
30310,incendio,-6.0127,-77.0847
30315,no_incendio,-7.485621627002571,-76.9594043618508
30320,no_incendio,-6.30212067741681,-77.20947071632679
30325,incendio,-6.2093,-76.0739
30335,incendio,-7.3283,-76.8701
30336,incendio,-6.1462,-76.1375
30339,incendio,-6.5531,-76.5499
30341,incendio,-6.9129,-76.8771
30343,incendio,-8.5694,-76.2578
30344,incendio,-5.3294,-76.4629
30348,incendio,-5.7018,-76.4615
30349,no_incendio,-5.3838831063176515,-76.49104845789617
30364,no_incendio,-5.382698663545955,-75.70884428974506
30366,incendio,-7.1863,-76.0828
30368,no_incendio,-6.260382263964365,-75.66215989353373
30372,no_incendio,-7.279073350966451,-75.53370306812118
30374,no_incendio,-7.0852919010703905,-76.44513634305123
30379,no_incendio,-6.368662376296837,-77.03036089290791
30381,no_incendio,-7.208517788052751,-77.27726682011853
30383,incendio,-7.4103,-76.6878
30386,no_incendio,-5.364004538303699,-76.51587462337326
30387,no_incendio,-7.5990878129892385,-76.01433706050479
30390,incendio,-6.6935,-77.3024
30391,no_incendio,-6.971818693744163,-76.01229344920435
30399,incendio,-6.6929,-76.6859
30403,no_incendio,-6.777339583024972,-77.16983093641421
30411,incendio,-8.0756,-76.7555
30415,incendio,-7.4977,-76.5428
30416,incendio,-6.9459,-76.5581
30417,incendio,-6.0241,-76.8656
30421,incendio,-5.8207,-76.1455
30426,no_incendio,-6.825822993237503,-77.04144362527458
30428,no_incendio,-6.304617864281926,-76.60193669802109
30429,incendio,-6.7244,-76.4192
30431,incendio,-5.4896,-75.8237
30437,incendio,-6.459,-76.6368
30438,incendio,-7.3825,-76.3933
30440,incendio,-6.3447,-75.9824
30460,no_incendio,-6.249559347527708,-77.38514191347497
30461,no_incendio,-7.110610391202952,-75.57270966365749
30462,no_incendio,-6.895202578534257,-77.04341617849329
30466,incendio,-6.6729,-76.2428
30478,no_incendio,-7.391395621025486,-76.825979662233
30482,incendio,-7.4741,-76.5231
30487,incendio,-6.509,-76.3012
30495,incendio,-6.2286,-75.9439
30502,no_incendio,-6.654449786981951,-77.1406120148932
30505,no_incendio,-7.142345675518539,-77.26966785367183
30507,no_incendio,-6.599702785570768,-77.42370077864948
30513,no_incendio,-5.952502510545931,-77.35100051203952
30514,incendio,-6.7354,-76.6508
30519,incendio,-8.7699,-76.2655
30527,incendio,-6.8094,-76.7154
30539,no_incendio,-5.444716599482646,-75.83682474093726
30540,no_incendio,-6.011348651194169,-77.43448041427209
30548,incendio,-6.9093,-76.8959
30550,no_incendio,-7.3664786483523805,-76.23130655990323
30556,incendio,-8.2794,-76.6335
30559,incendio,-8.1606,-76.6104
30561,incendio,-6.9148,-76.8209
30564,incendio,-6.9354,-76.8556
30567,no_incendio,-5.382192721085108,-75.80513455395052
30569,no_incendio,-5.369357026240305,-77.2031702822179
30582,no_incendio,-7.346936014424016,-77.24612328998047
30587,incendio,-5.9512,-76.1874
30599,incendio,-5.4677,-76.6576
30603,incendio,-6.7027,-76.8941
30611,no_incendio,-6.140503448389999,-75.89152757203433
30614,incendio,-6.2467,-75.9823
30621,incendio,-7.3702,-76.8228
30628,no_incendio,-7.06430285125658,-76.42921371383994
30633,incendio,-7.0675,-76.8608
30634,incendio,-7.4188,-76.6965
30635,no_incendio,-6.469524270312644,-76.04017356223993
30637,incendio,-8.4342,-76.294
30642,incendio,-6.8737,-76.2368
30648,incendio,-7.3904,-76.6202
30649,incendio,-6.0796,-76.8353
30650,incendio,-7.4082,-76.6177
30651,incendio,-6.0644,-75.9955
30655,incendio,-6.5469,-76.3826
30656,no_incendio,-7.292676783205119,-75.82456526450503
30658,incendio,-6.1328,-76.0244
30661,no_incendio,-6.1503156162969,-75.68207577523512
30663,no_incendio,-7.454820191858604,-77.06390769959336
30669,no_incendio,-6.100924085847581,-75.50738744279523
30670,incendio,-6.9167,-76.8102
30685,no_incendio,-7.195118276412429,-75.87773973651454
30687,incendio,-7.8076,-76.7428
30691,no_incendio,-5.931410128051382,-77.48442078407336
30696,incendio,-5.9616,-76.13
30699,incendio,-5.4781,-76.7573
30707,no_incendio,-5.7103480025675015,-77.41410373684516
30708,no_incendio,-6.261893490975904,-75.72805069897333
30723,no_incendio,-6.010451782777754,-76.65548557621318
30728,incendio,-7.0557,-76.2885
30729,no_incendio,-5.902847721330155,-77.17634156149673
30730,no_incendio,-7.124827279927048,-76.79852328354966
30731,no_incendio,-6.4080436516823225,-77.02161843514952
30739,incendio,-7.24,-76.3627
30742,incendio,-8.6761,-76.1079
30745,no_incendio,-6.08565697953034,-76.3565072601085
30751,no_incendio,-5.4433732153340495,-76.71634375535739
30754,incendio,-7.4805,-76.5729
30755,incendio,-6.9596,-76.4975
30758,incendio,-6.5786,-77.5487
30759,incendio,-5.7494,-76.0354
30765,incendio,-6.2222,-76.712
30771,no_incendio,-6.208571378644004,-77.08847372883292
30776,no_incendio,-5.501399945972402,-76.12442406721492
30778,no_incendio,-5.701243653353404,-77.51137584362479
30783,no_incendio,-5.849268078249962,-76.0787263818459
30784,no_incendio,-6.9177745399597805,-77.27712831962272
30787,incendio,-6.9589,-76.3108
30790,no_incendio,-6.547946119465311,-76.58716239935082
30793,incendio,-5.766,-76.5066
30796,no_incendio,-6.939758211874388,-76.17566888296336
30798,no_incendio,-7.371926664770868,-77.38249391708561
30800,no_incendio,-6.768246356022148,-77.34898684785115
30810,incendio,-5.8406,-76.3716
30812,no_incendio,-6.248141133810431,-75.50987121265236
30817,no_incendio,-6.402507911708669,-75.63264270737905
30819,no_incendio,-6.441502518699965,-76.95262753749782
30821,no_incendio,-5.6698457830937325,-76.36289670664165
30830,incendio,-6.9094,-76.8813
30831,no_incendio,-6.10372793592555,-77.07921750093743
30832,no_incendio,-5.977954403238399,-75.89740788010133
30836,incendio,-5.9641,-76.2468
30863,incendio,-5.8221,-76.2187
30871,incendio,-5.8311,-77.3297
30872,no_incendio,-5.9638581047952375,-75.97775046224217
30877,incendio,-7.532,-76.4847
30887,incendio,-6.5328,-77.6095
30891,no_incendio,-6.741440234624422,-77.09605125719467
30892,no_incendio,-7.342552043846658,-77.45073212658029
30894,no_incendio,-7.082610644878744,-76.41583738866235
30895,no_incendio,-5.576401103022335,-75.65589793985158
30905,incendio,-7.2113,-76.3715
30908,no_incendio,-6.845497704977086,-76.65360984481556
30912,incendio,-5.8526,-75.9787
30920,incendio,-7.5201,-76.436
30930,incendio,-6.5579,-76.0381
30933,no_incendio,-7.3820884546139,-76.13227467193721
30937,incendio,-5.8753,-75.9477
30938,no_incendio,-5.761894026687926,-76.71626651276603
30940,incendio,-7.3506,-76.6898
30947,incendio,-5.9496,-76.3105
30948,incendio,-8.4274,-76.3049
30961,no_incendio,-7.3664786483523805,-76.23130655990323
30962,incendio,-6.6681,-76.4823
30963,incendio,-5.7474,-76.6091
30965,incendio,-6.8661,-76.234
30966,incendio,-6.0738,-77.2841
30967,incendio,-7.241,-77.0474
30968,no_incendio,-6.979813600777688,-77.48470455898823
30971,no_incendio,-7.464233169627815,-76.3089508607516
30973,incendio,-7.1835,-76.6733
30974,no_incendio,-7.230008103453095,-76.43726823574747
30975,incendio,-6.6155,-76.7427
30976,no_incendio,-5.340154408333765,-76.74093271807992
30977,incendio,-7.6839,-77.651
30987,no_incendio,-6.215385324683509,-77.39247138767627
30989,incendio,-7.0264,-76.7616
30996,incendio,-7.5183,-76.5127
31003,no_incendio,-6.114431837075887,-77.3791914454974
31005,incendio,-6.2617,-75.9506
31013,no_incendio,-6.190431376100011,-77.10696325685771
31014,no_incendio,-6.467350712480753,-77.13922176575424
31019,incendio,-8.6976,-76.8226
31023,incendio,-6.83,-76.6221
31032,incendio,-7.4937,-76.4555
31038,incendio,-8.1072,-76.7453
31040,incendio,-6.9848,-76.5903
31042,incendio,-6.8149,-76.0754
31049,no_incendio,-6.43490273431634,-75.69794209792583
31051,no_incendio,-6.1400329007098495,-75.77782950002863
31052,incendio,-7.4436,-76.4197
31055,incendio,-5.4911,-76.5254
31061,no_incendio,-5.404889796153065,-75.52356189843724
31062,incendio,-5.9304,-76.4482
31063,incendio,-7.3008,-76.8496
31064,incendio,-6.1437,-76.2515
31068,incendio,-6.3407,-75.7048
31074,incendio,-7.1258,-76.39
31078,no_incendio,-5.855088798772725,-76.8781669555971
31079,incendio,-8.7871,-76.2369
31080,no_incendio,-6.199800156726071,-75.87903812084684
31084,no_incendio,-6.646019680443848,-77.50514894077688
31092,incendio,-7.1356,-77.049
31095,incendio,-7.1724,-76.2481
31097,incendio,-6.8342,-76.1134
31101,no_incendio,-6.825822993237503,-77.04144362527458
31103,no_incendio,-7.279070011168152,-76.78517622564465
31107,no_incendio,-6.542256231887758,-76.22236926601508
31117,incendio,-6.9486,-76.5929
31126,incendio,-6.5666,-76.7864
31132,no_incendio,-5.826125398643272,-77.25978841596924
31133,incendio,-6.7229,-77.3941
31137,no_incendio,-6.152311336764004,-75.83217280220295
31139,no_incendio,-6.922199249991655,-76.68603062105682
31144,incendio,-5.8595,-76.2741
31147,incendio,-8.7524,-76.2707
31149,no_incendio,-6.8824524173967765,-77.12203229237878
31154,incendio,-7.4044,-76.6899
31157,incendio,-6.3335,-76.6538
31161,no_incendio,-6.9973012484497445,-77.4510550557952
31168,no_incendio,-6.419675876236263,-76.64489280604421
31169,no_incendio,-7.459387198765487,-76.32587223443953
31171,no_incendio,-7.227645324559791,-75.66978466195862
31173,no_incendio,-6.833720284532176,-77.09053083344739
31178,incendio,-7.3242,-76.692
31185,incendio,-5.8097,-77.1017
31190,incendio,-6.8464,-76.3751
31197,incendio,-7.4333,-76.4125
31201,incendio,-5.7379,-76.0762
31204,incendio,-5.9177,-76.2382
31206,no_incendio,-6.0457356441581505,-76.76564488218803
31213,incendio,-7.3771,-76.8301
31223,no_incendio,-6.797128032172363,-76.15133853102378
31226,no_incendio,-6.71467279372098,-77.07743264874856
31228,no_incendio,-7.014371526342947,-75.6304094962068
31230,no_incendio,-6.774947131584925,-76.00722166007617
31231,no_incendio,-5.932677032359028,-76.67039982026421
31234,no_incendio,-5.362697688980843,-76.37235425327088
31239,incendio,-8.6933,-76.0968
31251,no_incendio,-5.487830888913878,-75.70248261618342
31252,no_incendio,-7.349457434232458,-77.2287510721594
31256,no_incendio,-6.587743088391281,-75.70665174033093
31260,incendio,-6.4724,-76.5579
31264,no_incendio,-7.190259524857835,-76.68608585816432
31266,incendio,-6.5405,-76.4903
31268,incendio,-7.2926,-76.4714
31270,no_incendio,-5.841456819782133,-77.02191077906832
31272,no_incendio,-6.258662070362653,-76.50630572261905
31274,incendio,-7.3656,-76.7463
31276,no_incendio,-6.437468171319466,-76.61472481016831
31285,incendio,-5.6455,-76.558
31287,incendio,-5.7894,-77.2522
31290,no_incendio,-6.476078930269108,-76.12579467837428
31300,no_incendio,-6.918732727057085,-75.61509017346891
31305,no_incendio,-7.217469611041255,-75.6059674027119
31311,incendio,-6.0307,-76.2107
31316,no_incendio,-6.5080063012359775,-75.67913673399867
31324,incendio,-7.2502,-76.9569
31326,no_incendio,-6.876747971648932,-77.24294547673294
31335,no_incendio,-6.0889717541826,-76.72492959412638
31341,incendio,-7.0383,-76.2057
31342,incendio,-6.6616,-76.3022
31344,no_incendio,-7.43096053916798,-75.91112977240851
31346,incendio,-6.6683,-76.7061
31357,incendio,-7.2695,-76.9513
31363,incendio,-7.0163,-76.6054
31364,incendio,-6.3208,-76.7145
31369,incendio,-5.6793,-77.1396
31375,incendio,-7.2347,-76.5212
31379,incendio,-7.3189,-77.5482
31383,incendio,-7.5308,-76.5301
31389,incendio,-6.3735,-76.0238
31401,no_incendio,-6.91975600968376,-77.05871610020544
31405,no_incendio,-7.062719614900722,-75.90547044520231
31409,no_incendio,-6.0254636524537775,-76.26070791675792
31413,incendio,-6.0534,-76.1596
31418,incendio,-7.6308,-77.5777
31420,incendio,-8.147,-76.5344
31429,incendio,-5.811,-77.0464
31433,incendio,-7.3137,-76.9832
31434,incendio,-7.003,-76.8729
31438,no_incendio,-5.936332555331325,-76.83179580754164
31440,incendio,-8.0082,-77.7029
31441,no_incendio,-5.871711432876104,-76.01772742487569
31444,incendio,-7.2816,-76.9477
31447,no_incendio,-6.1574013412773905,-75.50582251676065
31456,no_incendio,-6.522871972647179,-77.1088712424184
31463,no_incendio,-6.887017706594157,-77.30533643415299
31470,incendio,-8.3149,-76.2994
31474,no_incendio,-5.4181719579024135,-75.50050796250098
31475,incendio,-5.7912,-76.0332
31476,no_incendio,-6.281173626920689,-76.33798845589783
31477,no_incendio,-7.457798199513177,-76.25066528876945
31480,incendio,-7.1816,-76.8222
31488,no_incendio,-6.763948396418463,-75.5008846760666
31497,incendio,-5.7074,-76.4064
31500,no_incendio,-6.237634518264563,-76.93733978052377
31503,incendio,-7.2097,-76.2631
31504,no_incendio,-5.759511577701185,-76.14983081507849
31505,no_incendio,-6.328050055589178,-77.0850887708193
31508,incendio,-7.198,-77.5582
31512,incendio,-7.2073,-76.0598
31515,incendio,-5.3304,-76.7511
31528,incendio,-7.1874,-76.8518
31532,no_incendio,-5.508797884476139,-76.57706115239465
31533,incendio,-5.8205,-76.151
31539,incendio,-6.2529,-76.2345
31553,incendio,-7.4128,-76.551
31554,incendio,-6.7679,-76.1525
31564,incendio,-7.1531,-76.7661
31576,incendio,-8.3753,-76.531
31579,incendio,-5.6796,-77.3945
31580,incendio,-6.9995,-76.5743
31583,no_incendio,-6.887626631829371,-77.285374555124
31598,incendio,-6.7527,-76.9643
31607,incendio,-8.6732,-76.2814
31614,incendio,-8.2012,-77.2723
31617,incendio,-7.2077,-76.9685
31618,incendio,-7.1457,-76.8577
31620,no_incendio,-6.000913642665956,-77.14500157376662
31621,no_incendio,-6.249559347527708,-77.38514191347497
31628,incendio,-6.8587,-76.6334
31630,incendio,-6.0279,-77.0858
31632,incendio,-8.3889,-76.3021
31639,incendio,-6.0738,-75.9084
31643,incendio,-7.2228,-77.5352
31650,incendio,-6.8511,-76.48
31670,incendio,-6.9686,-76.9263
31694,incendio,-7.5227,-76.4209
31697,no_incendio,-5.712986091901971,-76.69466982249243
31707,no_incendio,-5.380924923914102,-76.12851157268119
31709,no_incendio,-5.592455159672106,-77.05696823462097
31711,no_incendio,-6.797587829172456,-76.96085855036651
31712,incendio,-5.9998,-75.973
31720,incendio,-6.7112,-76.393
31721,incendio,-8.281,-76.565
31725,incendio,-7.3914,-76.5787
31728,no_incendio,-6.442705023956996,-76.30481606512446
31731,no_incendio,-5.62998043999866,-76.34952477053923
31733,incendio,-5.4932,-76.7543
31737,incendio,-7.529,-76.5106
31742,no_incendio,-7.190259524857835,-76.68608585816432
31743,incendio,-7.599,-76.4996
31751,no_incendio,-7.089179421889268,-75.95457712793731
31756,incendio,-6.0993,-76.1588
31761,incendio,-5.8277,-77.3579
31762,no_incendio,-7.537645825070388,-77.33447245653781
31764,no_incendio,-6.4535066542887805,-75.68187662159364
31765,no_incendio,-6.71467279372098,-77.07743264874856
31766,no_incendio,-7.016303677309179,-76.9039929620138
31777,no_incendio,-5.504024274503536,-76.47223087280436
31782,incendio,-7.2197,-76.6925
31783,incendio,-7.2913,-76.3574
31785,incendio,-7.1125,-76.7958
31787,no_incendio,-6.1773004933773406,-76.41533827057219
31788,no_incendio,-5.652384048618223,-75.53477074714212
31793,incendio,-6.9003,-76.6372
31798,no_incendio,-7.6003471250061425,-76.18857699535684
31805,incendio,-6.0825,-75.7945
31814,incendio,-5.7917,-76.1645
31816,no_incendio,-5.5896376031918615,-76.35252920094948
31819,no_incendio,-5.855088798772725,-76.8781669555971
31822,incendio,-7.3859,-76.6233
31827,incendio,-6.1255,-76.1535
31828,incendio,-6.1262,-75.7709
31829,incendio,-7.0481,-76.2354
31831,no_incendio,-5.733857068651538,-76.80904901377532
31832,no_incendio,-5.530786000980501,-76.91418709127078
31833,no_incendio,-5.688886934346843,-77.36422749238871
31838,incendio,-7.304,-76.6883
31840,incendio,-7.4397,-76.3973
31848,incendio,-7.2889,-76.5093
31849,incendio,-7.2887,-76.7421
31852,incendio,-7.2779,-76.3429
31853,incendio,-8.5359,-76.4887
31859,incendio,-7.5656,-76.6546
31860,incendio,-5.3442,-76.6023
31866,no_incendio,-5.906233795105334,-77.12857966060585
31871,incendio,-6.26,-76.1325
31879,no_incendio,-6.727604587458214,-76.26589680418019
31882,no_incendio,-6.607438503581988,-77.25629846979227
31884,incendio,-7.8271,-76.6928
31885,no_incendio,-7.420738238712349,-77.50365613060586
31886,incendio,-6.8493,-76.713
31887,incendio,-5.9366,-76.0829
31895,incendio,-6.4044,-76.5532
31899,incendio,-7.229,-76.3411
31908,incendio,-7.0734,-76.3904
31915,no_incendio,-5.911980434774437,-76.07407858450021
31918,no_incendio,-6.788644402631232,-76.08655221338569
31920,no_incendio,-5.8084744858353705,-77.25537544416976
31922,incendio,-7.2472,-76.4865
31928,incendio,-5.8408,-76.0107
31931,no_incendio,-6.6966130629090745,-76.20140385770695
31936,incendio,-7.3394,-76.9164
31942,incendio,-6.7838,-76.2171
31946,incendio,-8.1824,-77.036
31948,no_incendio,-7.086474485794749,-76.34589785341001
31953,no_incendio,-6.125949661803806,-77.27004912325427
31956,no_incendio,-6.482310901757052,-76.90146059819452
31959,incendio,-5.7084,-77.3943
31961,incendio,-7.446,-76.5576
31981,no_incendio,-7.137713754276464,-76.43208640903742
31983,incendio,-7.2517,-76.8006
31991,no_incendio,-7.374027518305184,-76.32029762844952
31996,no_incendio,-5.907158352622331,-77.4442973163752
32003,no_incendio,-7.122938851987355,-76.92917682268381
32004,incendio,-6.4137,-76.5956
32006,incendio,-5.5017,-76.7587
32010,no_incendio,-6.8053340000464315,-76.39338208242373
32012,no_incendio,-6.725956984213016,-76.31094915112595
32014,incendio,-5.7676,-76.4939
32017,no_incendio,-7.391380566669081,-77.4628689446306
32019,no_incendio,-6.295102509635013,-77.52506617532497
32026,incendio,-8.5043,-76.5623
32027,incendio,-7.5771,-76.732
32034,incendio,-6.0174,-76.2508
32035,incendio,-8.6553,-76.3749
32036,incendio,-6.3512,-75.9773
32038,no_incendio,-5.733329701316475,-76.97970479241751
32039,incendio,-7.2446,-76.9803
32042,incendio,-7.3037,-76.9268
32044,incendio,-7.2247,-76.8766
32057,incendio,-7.3995,-76.6039
32058,no_incendio,-6.5749903992962055,-76.89683303442592
32062,no_incendio,-7.5842496329608995,-75.57404179177915
32063,incendio,-5.8371,-77.3284
32064,incendio,-7.2797,-76.8278
32070,no_incendio,-6.808753435004469,-75.58127871175964
32081,incendio,-6.9301,-76.5314
32086,incendio,-5.8096,-76.5077
32089,no_incendio,-7.291269329879484,-76.54650698845496
32093,no_incendio,-7.378012032391012,-77.45917085361808
32101,incendio,-7.5455,-76.85
32103,no_incendio,-7.127830025342514,-77.33172299006912
32109,incendio,-6.452,-76.5319
32112,no_incendio,-6.073266163575411,-75.6671313489238
32114,incendio,-6.8321,-76.8785
32117,incendio,-6.4414,-75.6886
32120,incendio,-7.3677,-76.4081
32126,no_incendio,-6.7133301961826755,-75.60854075962672
32127,incendio,-8.0189,-76.6207
32130,incendio,-6.402,-76.7584
32136,incendio,-6.6228,-75.5878
32139,incendio,-6.4761,-75.7289
32142,no_incendio,-5.532971684555294,-77.02280558006699
32146,incendio,-5.6957,-75.9207
32147,incendio,-7.5216,-77.5385
32151,no_incendio,-7.250518418431454,-77.39731384590523
32152,no_incendio,-5.657826113607748,-77.0484188289704
32161,incendio,-7.4412,-76.4157
32162,no_incendio,-5.98497682810957,-77.24575452252367
32167,incendio,-7.3663,-76.3983
32173,no_incendio,-6.12520459976937,-77.49886350154438
32174,no_incendio,-5.356858559279738,-76.9184573866197
32175,incendio,-7.5702,-76.6797
32178,no_incendio,-7.474717173105087,-76.9435614717976
32179,no_incendio,-6.514967490351236,-76.99375522896699
32185,no_incendio,-6.931023435575018,-75.82624629253455
32189,incendio,-6.0881,-76.7771
32192,incendio,-7.4475,-76.5623
32198,incendio,-8.626,-76.1185
32200,incendio,-6.795,-76.8335
32206,incendio,-5.7734,-77.2135
32207,incendio,-7.0712,-76.393
32209,incendio,-8.5064,-77.7635
32210,no_incendio,-6.802375216185101,-76.58944416230916
32228,no_incendio,-6.344738730281884,-77.28085925820518
32235,no_incendio,-6.125013751679443,-76.15307627183338
32251,incendio,-6.5692,-76.1842
32252,incendio,-7.2236,-76.2819
32255,incendio,-8.7582,-76.0984
32265,no_incendio,-6.838209877352376,-75.74494612497837
32266,incendio,-6.4622,-77.1294
32284,no_incendio,-7.201796098982287,-75.59066106327278
32285,incendio,-6.8171,-76.1825
32288,incendio,-7.263,-76.9866
32297,no_incendio,-5.3699868320408415,-75.54453001162278
32308,incendio,-5.7599,-77.2804
32322,no_incendio,-6.631390870435434,-77.17543848057095
32325,incendio,-6.8767,-76.5201
32326,incendio,-7.3114,-76.5501
32327,incendio,-6.1955,-76.7324
32329,no_incendio,-7.517938460168555,-75.88430182253087
32330,incendio,-6.0429,-76.1642
32347,no_incendio,-7.225892265359727,-76.0093087691897
32349,incendio,-7.2433,-76.4586
32354,no_incendio,-7.110610391202952,-75.57270966365749
32358,no_incendio,-6.702659611656615,-77.00358407805038
32365,incendio,-6.9512,-76.6382
32366,incendio,-6.808,-76.4842
32371,no_incendio,-5.732633885929664,-76.45507870434784
32373,incendio,-6.9339,-76.1597
32374,incendio,-6.1794,-76.9019
32384,incendio,-6.9652,-76.5885
32385,incendio,-7.2905,-76.8031
32389,no_incendio,-5.876670821018357,-77.35096983439296
32391,incendio,-8.5721,-76.3199
32393,no_incendio,-6.763422719650261,-75.74420107703415
32396,no_incendio,-7.374027518305184,-76.32029762844952
32410,incendio,-8.2168,-76.5799
32416,no_incendio,-6.741427767846081,-75.52300413513564
32425,no_incendio,-6.238571072533694,-75.50795501172155
32428,no_incendio,-5.412071364186887,-77.00251056339543
32429,incendio,-8.7209,-76.2984
32433,incendio,-8.4326,-76.3173
32439,no_incendio,-5.530786000980501,-76.91418709127078
32442,no_incendio,-5.99701125020352,-76.97976479165838
32443,no_incendio,-7.495613592310532,-75.66310159178755
32444,incendio,-6.0475,-75.9196
32446,incendio,-6.0616,-76.1944
32449,incendio,-8.7937,-76.6559
32450,no_incendio,-6.654532009707288,-75.5305999621871
32459,incendio,-6.1568,-76.8604
32463,incendio,-5.8218,-77.3359
32465,no_incendio,-6.1305152501535805,-77.20692971202396
32468,incendio,-6.6957,-76.3133
32469,incendio,-5.8052,-76.0166
32477,incendio,-5.8159,-76.0211
32479,incendio,-6.6687,-76.5053
32482,incendio,-6.1386,-76.184
32486,incendio,-5.8683,-76.181
32487,incendio,-6.0983,-77.2081
32490,incendio,-7.3861,-76.7463
32491,incendio,-8.2291,-76.3874
32496,no_incendio,-6.6229879670061225,-75.80299704996388
32504,incendio,-6.7255,-76.1136
32510,incendio,-8.3312,-76.4228
32513,incendio,-6.1843,-77.1533
32516,incendio,-6.7804,-76.642
32524,no_incendio,-6.884683844966387,-77.48590774056447
32528,incendio,-7.4019,-76.4093
32530,incendio,-7.3604,-76.743
32532,incendio,-5.6832,-76.6625
32539,incendio,-6.2199,-75.8482
32540,incendio,-5.734,-76.209
32549,no_incendio,-5.924081807664306,-77.5419305607915
32554,incendio,-6.4985,-75.9069
32557,incendio,-7.7153,-76.5039
32558,no_incendio,-6.1029066882194485,-77.35334666324442
32562,incendio,-7.303,-76.7136
32564,incendio,-6.5137,-77.7253
32565,no_incendio,-5.4956287964108785,-77.39970137101125
32570,incendio,-8.3503,-76.3066
32583,no_incendio,-7.4811756669415,-76.01564428333117
32589,incendio,-7.2728,-76.6755
32592,no_incendio,-6.3431574963922905,-76.8897013975212
32594,no_incendio,-5.544976635100384,-76.33130727413504
32602,incendio,-7.2236,-76.372
32603,no_incendio,-5.776890989468168,-77.17544694472763
32604,incendio,-7.1276,-76.5343
32608,incendio,-7.1839,-76.7673
32610,incendio,-7.5803,-76.4336
32614,incendio,-5.7468,-77.4444
32623,incendio,-6.4052,-76.5637
32628,incendio,-8.4572,-76.2541
32631,incendio,-6.7828,-76.5028
32634,incendio,-6.2709,-76.0039
32642,incendio,-6.127,-76.1771
32646,incendio,-7.0817,-76.2745
32647,incendio,-8.3647,-76.2533
32648,no_incendio,-6.091674894114575,-77.31779067927825
32650,incendio,-7.2075,-76.2757
32671,no_incendio,-6.91975600968376,-77.05871610020544
32674,incendio,-6.9026,-76.1806
32681,incendio,-8.4962,-76.3854
32693,no_incendio,-6.476078930269108,-76.12579467837428
32694,incendio,-6.1885,-76.2735
32695,no_incendio,-6.1245241179034995,-75.6853524981565
32699,no_incendio,-6.606790602498376,-76.50679708602655
32703,no_incendio,-6.971890891507541,-75.84725150741345
32707,incendio,-7.629,-76.5156
32710,incendio,-7.2295,-76.7854
32712,no_incendio,-6.237007995955339,-77.29653920345977
32714,incendio,-6.0232,-75.8115
32715,incendio,-6.2825,-75.8346
32716,incendio,-8.6125,-76.6781
32721,no_incendio,-7.459387198765487,-76.32587223443953
32725,incendio,-7.2744,-76.9345
32726,incendio,-7.5478,-76.4296
32731,no_incendio,-6.074232738963784,-75.5615873787058
32733,incendio,-7.3339,-76.7891
32734,no_incendio,-5.362923654155092,-76.9119868960568
32744,no_incendio,-6.775595026700855,-77.38152365692504
32752,incendio,-6.5607,-75.6712
32761,incendio,-5.9583,-76.15
32762,incendio,-6.3515,-76.0827
32766,incendio,-6.084,-76.2989
32767,incendio,-6.1255,-76.2532
32773,no_incendio,-7.532869703153675,-75.62377754135032
32775,no_incendio,-6.822682837524565,-76.01658832939721
32776,incendio,-6.0477,-77.7707
32784,incendio,-6.5782,-76.5482
32798,incendio,-6.3219,-76.1874
32802,no_incendio,-7.089179421889268,-75.95457712793731
32805,incendio,-6.8367,-76.5019
32809,no_incendio,-6.942054443870175,-75.88451122317879
32821,incendio,-7.1931,-76.752
32830,no_incendio,-5.987623594847527,-77.50895445827787
32831,no_incendio,-5.976473792691887,-77.521298056028
32836,incendio,-5.6841,-77.4622
32843,incendio,-8.7386,-77.7803
32846,incendio,-6.7061,-76.661
32847,no_incendio,-6.30212067741681,-77.20947071632679
32850,incendio,-6.701,-76.2674
32851,no_incendio,-5.87938832915223,-76.90538612384941
32864,incendio,-8.6923,-76.3363
32867,no_incendio,-7.432415046086705,-75.62170917666255
32869,incendio,-5.7007,-75.8908
32871,no_incendio,-7.4286037527901305,-75.69674631092113
32877,incendio,-6.1419,-76.2213
32884,incendio,-7.202,-77.0673
32885,no_incendio,-6.427611857268102,-77.39761535548438
32890,incendio,-6.0418,-77.2191
32893,incendio,-6.5528,-76.7333
32905,no_incendio,-6.190431376100011,-77.10696325685771
32908,no_incendio,-6.156942123129494,-76.92567844755888
32910,incendio,-8.4582,-76.267
32912,no_incendio,-6.344738730281884,-77.28085925820518
32916,incendio,-6.681,-76.6318
32918,incendio,-8.6617,-76.1075
32938,incendio,-5.716,-76.1358
32939,no_incendio,-6.741440234624422,-77.09605125719467
32951,no_incendio,-5.557069716448366,-75.65393079947539
32952,incendio,-7.0319,-76.8311
32953,no_incendio,-6.31265571754434,-77.00564888561091
32955,no_incendio,-5.339033958369073,-76.08006911213882
32956,no_incendio,-7.5993037570991975,-77.49364640835546
32960,incendio,-6.5978,-76.1085
32964,incendio,-7.3009,-76.6443
32970,no_incendio,-5.747916301571042,-76.94248947046277
32978,incendio,-8.6574,-76.1611
32981,incendio,-7.1438,-76.2609
32982,incendio,-6.4928,-75.6631
32983,no_incendio,-6.899424280300874,-76.07403591805503
32985,incendio,-7.1134,-76.2462
32988,no_incendio,-7.126729071613174,-77.02628949920283
32991,incendio,-8.4518,-76.388
32995,no_incendio,-6.525952464139444,-76.13787075319888
32997,no_incendio,-6.158099214586715,-77.01707847694989
33008,incendio,-5.7485,-76.4872
33012,no_incendio,-5.5978889160107626,-76.86708534486174
33020,no_incendio,-6.324884637478815,-77.29362980195512
33023,incendio,-8.6647,-76.343
33026,incendio,-6.4779,-75.9284
33028,no_incendio,-7.575264155010306,-76.7671801072031
33029,incendio,-6.8308,-76.4768
33040,no_incendio,-5.87938832915223,-76.90538612384941
33049,no_incendio,-5.592843733729189,-75.8469852314677
33073,no_incendio,-5.504024274503536,-76.47223087280436
33076,incendio,-6.2174,-76.0986
33077,incendio,-5.8622,-76.2517
33080,incendio,-7.2921,-76.4174
33085,incendio,-5.7127,-77.4313
33087,incendio,-7.5134,-76.4293
33091,incendio,-8.6542,-76.132
33094,incendio,-7.2245,-76.2589
33099,incendio,-6.5672,-76.2821
33104,no_incendio,-5.900117559948675,-75.56284439390626
33106,no_incendio,-6.572656774954891,-77.3264854349528
33107,incendio,-7.5932,-76.5114
33108,no_incendio,-7.231319010056117,-76.25282835259368
33110,incendio,-6.7571,-76.6714
33112,incendio,-8.6308,-76.3334
33113,no_incendio,-6.91975600968376,-77.05871610020544
33116,no_incendio,-6.638936461882343,-76.98044793632914
33123,incendio,-5.8364,-77.2064
33127,incendio,-5.9001,-76.3923
33134,no_incendio,-5.7870347665351245,-76.83855785035811
33137,no_incendio,-6.525571951158751,-77.30569775147015
33142,no_incendio,-6.306399139576039,-77.35464424704278
33158,incendio,-6.5691,-76.1631
33160,incendio,-6.8333,-76.6777
33161,no_incendio,-6.400727870765625,-77.48420741846027
33183,incendio,-6.2811,-77.0333
33189,no_incendio,-5.759511577701185,-76.14983081507849
33194,incendio,-5.335,-76.3068
33196,incendio,-7.3297,-76.5693
33202,incendio,-8.4709,-76.3841
33213,no_incendio,-5.337639267388661,-76.79635411817596
33215,no_incendio,-5.531434005442488,-77.13875106909684
33222,no_incendio,-7.44968802750322,-77.23116283334409
33223,no_incendio,-6.6577808572271095,-76.08571031789008
33225,incendio,-6.4809,-76.8546
33227,incendio,-6.3181,-75.8803
33230,no_incendio,-6.727275952714791,-77.44889142586435
33237,incendio,-6.8325,-76.5117
33239,incendio,-8.4268,-76.2126
33243,incendio,-7.502,-76.4318
33245,no_incendio,-6.774947131584925,-76.00722166007617
33263,incendio,-6.8059,-76.2297
33264,incendio,-6.1787,-75.8775
33265,incendio,-7.3208,-76.4742
33267,incendio,-8.1982,-76.3821
33279,no_incendio,-7.287912531535466,-77.51954103984086
33285,incendio,-6.237,-76.1199
33289,no_incendio,-6.300957997693996,-76.09847737144455
33291,incendio,-5.6894,-77.5162
33292,incendio,-5.7251,-75.715
33304,incendio,-6.9615,-76.9394
33311,incendio,-8.4265,-76.2786
33313,no_incendio,-5.582283481453623,-75.95562633397932
33315,no_incendio,-6.660380391800162,-76.4974881056194
33328,incendio,-6.1244,-75.9074
33333,no_incendio,-6.847838156918014,-76.65972952352969
33334,no_incendio,-5.763287542306629,-76.16197141222403
33341,incendio,-6.0419,-76.1628
33344,no_incendio,-7.1439208952470965,-77.38092521559295
33345,incendio,-6.586,-77.3208
33347,incendio,-5.6927,-75.9088
33349,incendio,-6.679,-75.5917
33351,no_incendio,-7.436110407887001,-75.68288184576566
33359,no_incendio,-6.304617864281926,-76.60193669802109
33363,incendio,-7.1631,-76.8007
33366,incendio,-6.8752,-76.6066
33370,no_incendio,-6.467906945467672,-76.60396630033286
33375,incendio,-7.0651,-76.1014
33382,incendio,-8.4452,-76.4007
33383,no_incendio,-6.2016988445038095,-75.99411742841416
33389,incendio,-7.0942,-76.2096
33396,incendio,-8.6538,-76.9024
33398,no_incendio,-5.706911774664528,-77.15797296628834
33409,no_incendio,-7.424353792615787,-75.73269651500266
33415,no_incendio,-5.559447141003816,-77.53240429845073
33423,no_incendio,-6.024896527341603,-76.2922888028806
33426,no_incendio,-6.440107687486793,-76.71961125303099
33431,incendio,-6.8905,-76.2754
33432,no_incendio,-7.329270682828255,-76.84451015929197
33444,incendio,-6.1884,-75.9442
33452,incendio,-6.8161,-76.7915
33463,incendio,-7.3716,-76.7246
33469,no_incendio,-7.58397179719786,-76.78899858637695
33471,incendio,-7.2884,-76.5917
33476,incendio,-7.2339,-76.7163
33479,incendio,-6.1815,-75.918
33483,no_incendio,-6.1174086914739405,-75.65121133854548
33486,no_incendio,-5.996065973339257,-76.13966106255965
33487,incendio,-6.2585,-76.6843
33493,no_incendio,-5.364143829036743,-76.95415482559467
33499,incendio,-8.2789,-76.3956
33511,incendio,-6.8514,-76.5227
33515,incendio,-5.9992,-77.1199
33524,incendio,-7.1508,-76.3086
33526,incendio,-7.321,-76.6057
33532,no_incendio,-5.3750389583532385,-76.27737605989306
33535,incendio,-7.2424,-77.0456
33543,incendio,-6.1091,-76.3065
33547,incendio,-7.039,-76.1681
33549,no_incendio,-5.685078590845662,-76.61726952612376
33550,no_incendio,-6.001439366513391,-76.98820534580602
33554,no_incendio,-6.895202578534257,-77.04341617849329
33559,incendio,-8.7667,-76.183
33562,incendio,-7.1691,-76.3035
33564,no_incendio,-6.899424280300874,-76.07403591805503
33567,incendio,-5.9433,-76.982
33578,no_incendio,-5.619318348217799,-76.76258506679603
33580,incendio,-6.086,-77.0217
33588,incendio,-6.165,-75.9913
33594,no_incendio,-7.139277657699614,-76.6688585627755
33596,incendio,-7.5221,-76.4265
33597,incendio,-6.0529,-75.9176
33598,incendio,-6.0569,-76.8987
33610,incendio,-5.7278,-76.6595
33611,no_incendio,-7.423279850513975,-76.1929127649397
33616,incendio,-6.7488,-76.4074
33620,incendio,-6.4795,-77.4296
33623,no_incendio,-5.364143829036743,-76.95415482559467
33625,no_incendio,-7.098978961723795,-76.16251434543014
33636,incendio,-7.2754,-76.7367
33639,no_incendio,-7.598815481458372,-76.55352785980209
33642,no_incendio,-5.423352355280385,-75.9768451523196
33651,no_incendio,-6.722977701208728,-76.08504808570892
33653,incendio,-6.4153,-76.5917
33657,incendio,-5.8245,-75.8796
33659,no_incendio,-7.475413502587504,-75.52501286015236
33661,no_incendio,-5.3130357942785436,-76.58858316456917
33662,incendio,-5.7176,-77.3854
33665,no_incendio,-6.130295951384975,-75.70862882951778
33669,incendio,-7.0714,-76.7989
33672,no_incendio,-5.369357026240305,-77.2031702822179
33675,incendio,-7.2982,-75.544
33690,incendio,-8.5954,-76.387
33699,incendio,-7.1921,-76.3701
33703,incendio,-7.3178,-75.6094
33713,incendio,-7.2501,-77.0749
33717,incendio,-6.7503,-76.5721
33730,incendio,-6.3075,-75.8927
33732,incendio,-6.6862,-76.4941
33738,incendio,-8.4269,-76.4345
33743,incendio,-6.4033,-76.0352
33750,incendio,-7.0953,-76.5361
33752,incendio,-7.1906,-77.0747
33753,no_incendio,-5.89446781447664,-77.22849214912743
33757,incendio,-7.216,-77.5656
33762,incendio,-7.0971,-76.6846
33765,no_incendio,-5.309022549050947,-77.11989827113337
33767,no_incendio,-6.9303848627730344,-77.0665622069992
33770,no_incendio,-5.889428519671102,-75.83985217439051
33776,incendio,-7.0242,-76.9104
33779,incendio,-6.0562,-76.324
33782,no_incendio,-5.728382445396997,-77.12017555927592
33787,no_incendio,-6.625422961334142,-76.70627380489785
33788,no_incendio,-7.6003471250061425,-76.18857699535684
33803,incendio,-7.027,-76.5493
33804,incendio,-8.7325,-76.1333
33809,incendio,-8.3816,-76.3757
33810,incendio,-6.2475,-75.8521
33812,no_incendio,-6.1849308797193405,-77.44943428599332
33823,no_incendio,-6.007162927883913,-76.5503319635523
33825,incendio,-7.2143,-76.0541
33831,no_incendio,-5.900355019577343,-76.50972621036057
33834,incendio,-6.7026,-76.1537
33837,no_incendio,-5.712986091901971,-76.69466982249243
33840,no_incendio,-7.205543641449294,-77.21195261449198
33843,no_incendio,-5.818727365285151,-76.86751655981939
33844,incendio,-6.304,-75.8607
33846,incendio,-5.8169,-76.2484
33848,no_incendio,-6.696114207645428,-77.01139322381492
33851,incendio,-7.2608,-76.0483
33875,incendio,-6.4517,-76.8582
33878,incendio,-6.8394,-76.6967
33880,no_incendio,-5.3992279096164255,-77.51525342091976
33885,no_incendio,-6.493728884519305,-75.95080124431671
33886,incendio,-6.2639,-76.8592
33893,incendio,-8.6543,-76.3345
33895,no_incendio,-7.204320146605171,-76.588496910205
33905,incendio,-5.973,-77.02
33909,no_incendio,-7.14999258790223,-77.27323492320696
33914,incendio,-7.0178,-76.098
33916,no_incendio,-6.684588652346477,-77.1953837139415
33928,incendio,-6.8279,-76.4129
33932,no_incendio,-6.741564716218832,-76.27215624555981
33936,incendio,-7.3417,-76.6013
33940,no_incendio,-5.800663587251775,-77.2156236281296
33945,no_incendio,-5.569659951211905,-77.11401128748476
33948,no_incendio,-6.572959136388864,-76.70713570582085
33951,no_incendio,-6.329066895240967,-77.1289458150613
33962,no_incendio,-5.590954776196541,-75.61262101600937
33977,incendio,-6.8338,-76.5281
33985,incendio,-5.9768,-76.088
33987,incendio,-8.5888,-76.312
33988,no_incendio,-6.398926454720778,-76.50536924785067
33996,no_incendio,-6.388532043555506,-76.84726928607184
33998,no_incendio,-6.514967490351236,-76.99375522896699
34004,incendio,-7.3029,-76.5332
34017,incendio,-6.7572,-76.6073
34018,incendio,-6.0945,-76.2766
34025,no_incendio,-6.050469228584658,-76.73736427886188
34027,incendio,-7.1068,-76.8825
34035,incendio,-6.8455,-76.6862
34037,incendio,-6.9137,-76.1481
34039,incendio,-6.7261,-76.5129
34044,incendio,-5.7525,-76.2098
34045,incendio,-7.0938,-76.1782
34047,incendio,-8.5867,-76.1244
34051,incendio,-5.7342,-77.4535
34056,no_incendio,-7.016303677309179,-76.9039929620138
34058,no_incendio,-5.307511492937007,-75.87055498280709
34060,incendio,-7.0885,-76.0949
34062,incendio,-5.7865,-76.0481
34067,incendio,-7.3799,-76.8114
34071,no_incendio,-6.1628423736617925,-77.33214012724629
34072,no_incendio,-5.518901360296995,-75.83606862844933
34075,no_incendio,-6.348815001844065,-75.62878823200789
34081,no_incendio,-7.276587033646778,-76.71291357389988
34084,no_incendio,-5.31179064282697,-75.78618195501585
34090,incendio,-6.9604,-76.5249
34091,no_incendio,-5.7038552844593475,-76.24937639790886
34100,incendio,-6.6228,-76.7225
34115,incendio,-7.2957,-76.6731
34120,no_incendio,-7.216614993286788,-77.03461698814449
34126,no_incendio,-6.473718077481412,-77.49661278682977
34132,no_incendio,-5.998881730764309,-77.1385121318961
34138,incendio,-7.396,-76.5733
34140,incendio,-5.7164,-75.8498
34150,incendio,-6.6247,-76.4282
34151,no_incendio,-7.332916187784927,-76.99914864296008
34158,incendio,-8.7712,-76.2433
34162,incendio,-7.2395,-77.0367
34165,no_incendio,-5.797671068529707,-76.36918688461087
34166,no_incendio,-5.822373025705751,-75.81118308604799
34172,incendio,-5.3041,-76.489
34176,no_incendio,-7.150450269408023,-77.18839409410428
34182,incendio,-6.6152,-77.3199
34184,incendio,-7.548,-76.425
34193,incendio,-7.3495,-76.0328
34208,no_incendio,-6.566852763907717,-76.67622294647774
34209,incendio,-7.5257,-76.5875
34214,no_incendio,-6.238722534494159,-76.96599757551694
34217,incendio,-5.996,-77.1557
34219,incendio,-6.8544,-76.772
34227,no_incendio,-6.386426402369189,-77.04162489751405
34232,no_incendio,-7.0802266587833635,-75.87902422488
34236,incendio,-8.7567,-76.2596
34240,no_incendio,-7.126729071613174,-77.02628949920283
34248,no_incendio,-6.797587829172456,-76.96085855036651
34249,no_incendio,-7.284463966351714,-76.84480226943248
34251,incendio,-6.0733,-76.7772
34257,incendio,-5.6521,-76.522
34260,no_incendio,-6.730215654444688,-76.84821672271427
34264,incendio,-6.4726,-76.189
34266,no_incendio,-6.181570378698443,-77.2403974842685
34268,no_incendio,-7.145399618003832,-77.00792044464232
34272,incendio,-6.1242,-76.225
34279,incendio,-6.4269,-75.9026
34282,no_incendio,-7.245236344594437,-75.87140818649081
34285,incendio,-7.2352,-77.0603
34287,incendio,-5.7447,-76.1138
34290,incendio,-6.8167,-76.8217
34293,no_incendio,-5.919068188390441,-77.36605426382134
34295,no_incendio,-5.370065008448104,-77.20634043748042
34304,no_incendio,-7.388452210624765,-77.20638603731945
34307,no_incendio,-6.505676796415307,-75.74448285313693
34321,incendio,-6.8895,-76.8866
34322,no_incendio,-6.271617281791801,-76.2353167311132
34327,incendio,-6.5068,-76.9859
34333,no_incendio,-5.62794321017974,-76.97851232659868
34337,no_incendio,-6.699363471042822,-76.86169598666291
34340,no_incendio,-5.594721982840302,-76.73250330554579
34342,no_incendio,-6.911906202214161,-76.30385492841812
34348,no_incendio,-7.532869703153675,-75.62377754135032
34349,no_incendio,-5.702153316153597,-75.54463550563808
34352,incendio,-5.6647,-76.5349
34353,no_incendio,-6.061679877354346,-76.10414263000189
34357,incendio,-6.2424,-76.8699
34369,no_incendio,-7.108956430874631,-75.5028524515191
34370,incendio,-7.5084,-76.3511
34379,incendio,-6.9008,-76.9302
34389,no_incendio,-5.399995483023551,-76.68244565675566
34401,incendio,-6.2256,-75.8385
34402,incendio,-5.8094,-76.1451
34404,no_incendio,-6.573895472470259,-76.90325456502508
34406,incendio,-5.8681,-76.58
34412,incendio,-7.3261,-76.9004
34415,no_incendio,-5.4181719579024135,-75.50050796250098
34418,incendio,-6.361,-76.6603
34431,incendio,-8.1841,-77.02
34433,no_incendio,-7.0475824644559095,-77.00777977835193
34437,no_incendio,-7.52893790740652,-77.07253517227397
34438,no_incendio,-6.846679592265051,-75.78055281220841
34445,no_incendio,-6.165139577023006,-77.17733248367045
34446,incendio,-6.4496,-75.7545
34449,incendio,-6.1246,-76.0877
34453,incendio,-7.3307,-76.8146
34459,incendio,-6.278,-77.6841
34462,incendio,-6.5746,-76.7387
34464,incendio,-6.2447,-77.2477
34469,incendio,-7.6755,-76.5211
34471,incendio,-5.637,-76.5389
34472,no_incendio,-7.491547550658209,-77.41447872545433
34474,no_incendio,-7.417769459056535,-76.0278387197161
34477,no_incendio,-5.894898869067559,-77.35176843132272
34483,no_incendio,-6.47129538831012,-76.10848069167751
34496,no_incendio,-5.783942671800878,-75.80670959767819
34498,no_incendio,-5.457985826162461,-76.51538649315398
34502,incendio,-5.7195,-76.1637
34505,incendio,-7.3058,-76.9443
34506,no_incendio,-6.642584248060827,-75.75075985956546
34510,incendio,-6.9233,-76.5409
34511,incendio,-7.1233,-76.8118
34512,incendio,-7.2282,-76.7328
34513,incendio,-6.9131,-76.7129
34517,incendio,-6.3884,-76.5855
34519,no_incendio,-6.695277689736439,-77.08154414600035
34520,no_incendio,-6.7449829270010735,-76.32449330393015
34525,no_incendio,-5.882916892819359,-76.86515934904114
34531,no_incendio,-7.127830025342514,-77.33172299006912
34539,incendio,-7.4063,-76.5575
34548,no_incendio,-6.535140869924569,-76.94972010352429
34549,incendio,-5.639,-76.6926
34561,incendio,-6.8795,-76.5349
34563,incendio,-8.2895,-76.6532
34569,incendio,-6.1902,-76.0266
34573,no_incendio,-6.758724816086575,-76.05879675132634
34577,no_incendio,-5.849265187399489,-77.52081578278697
34589,incendio,-6.759,-76.3988
34590,incendio,-6.5569,-75.6899
34596,no_incendio,-5.734596234605278,-76.54404736792905
34598,incendio,-6.0393,-75.97
34602,incendio,-6.2558,-75.981
34610,no_incendio,-5.902840695958739,-77.46595018427229
34614,no_incendio,-5.3928610006268665,-76.95098681919762
34615,no_incendio,-7.289453419528988,-76.70433724655702
34618,incendio,-6.8195,-76.5544
34619,no_incendio,-6.682240904919321,-76.14970898536502
34620,incendio,-5.7536,-77.4579
34621,incendio,-6.198,-76.7803
34623,no_incendio,-6.314113189001013,-76.77593472488475
34624,incendio,-7.1476,-76.352
34625,incendio,-6.7199,-76.239
34626,no_incendio,-5.899739172279481,-75.62561076754551
34627,no_incendio,-6.812990607089626,-75.70820307560577
34628,incendio,-7.3055,-76.621
34629,incendio,-6.8528,-76.4159
34631,no_incendio,-6.269160672028454,-77.26185240867942
34633,incendio,-6.169,-76.1878
34641,incendio,-6.8927,-76.5205
34646,incendio,-7.154,-76.2587
34654,no_incendio,-6.812990607089626,-75.70820307560577
34659,incendio,-7.2122,-77.0777
34663,no_incendio,-5.586947404667705,-76.96796502244129
34664,incendio,-7.5303,-76.5374
34666,incendio,-5.7438,-76.0723
34674,no_incendio,-6.4643629782720495,-76.22804730377794
34680,incendio,-6.2956,-76.1681
34694,no_incendio,-6.216596629515713,-76.33055988016247
34703,no_incendio,-5.454661580886559,-77.46777785872058
34706,no_incendio,-5.423715260330031,-75.80260147002005
34711,no_incendio,-7.036643028375762,-75.60012732289076
34718,no_incendio,-6.735984440425587,-77.00622820601815
34721,incendio,-7.1079,-76.138
34725,no_incendio,-6.522871972647179,-77.1088712424184
34726,incendio,-6.5711,-76.1867
34729,incendio,-6.7449,-76.4654
34735,no_incendio,-6.398926454720778,-76.50536924785067
34741,no_incendio,-6.157983789056771,-76.91942166932327
34742,no_incendio,-6.163392021425101,-76.6587242460342
34744,no_incendio,-7.465611055003252,-76.84521972476566
34751,incendio,-7.6571,-76.48
34767,no_incendio,-5.847773952672416,-76.45786537475786
34770,incendio,-6.1622,-76.1508
34772,no_incendio,-5.592455159672106,-77.05696823462097
34773,no_incendio,-5.531709345051456,-76.12800515028563
34776,incendio,-5.6724,-76.5754
34784,incendio,-7.5643,-76.5346
34793,no_incendio,-5.444716599482646,-75.83682474093726
34794,incendio,-7.1798,-76.8086
34797,incendio,-5.9667,-75.9414
34800,no_incendio,-5.974627825335505,-76.8393257597771
34801,incendio,-7.1232,-76.3708
34802,no_incendio,-6.7911860867707,-76.3184609362465
34806,no_incendio,-7.560257578514154,-75.8825568546828
34810,no_incendio,-6.950538468924696,-76.07104877103448
34815,incendio,-8.4025,-76.5539
34824,incendio,-7.6888,-76.5126
34826,no_incendio,-6.525952464139444,-76.13787075319888
34827,incendio,-6.1837,-77.0787
34835,incendio,-6.5455,-76.7804
34843,incendio,-6.9585,-76.5347
34845,no_incendio,-5.409587022918446,-76.44819351401671
34849,incendio,-6.2095,-75.8956
34853,incendio,-7.2645,-76.481
34857,no_incendio,-7.145399618003832,-77.00792044464232
34861,no_incendio,-6.3427644504242675,-77.35180398852548
34870,incendio,-7.4094,-76.8352
34872,incendio,-7.2195,-77.4958
34876,no_incendio,-6.594872736761388,-76.81244710228094
34878,incendio,-6.9398,-76.6557
34882,incendio,-8.2222,-76.5993
34896,incendio,-7.4696,-76.6949
34904,incendio,-5.7911,-76.1543
34905,incendio,-5.8894,-77.0675
34909,incendio,-6.0309,-77.0272
34910,incendio,-7.4691,-76.7412
34913,incendio,-7.2268,-77.0208
34929,no_incendio,-5.882379700992915,-75.5521215473338
34938,incendio,-7.2704,-76.5685
34939,no_incendio,-5.968149636265594,-77.51081675536001
34948,incendio,-6.1986,-76.7576
34957,incendio,-7.0741,-76.1569
34958,incendio,-6.0195,-76.2613
34964,no_incendio,-7.306661299403648,-77.35299757529853
34976,incendio,-7.191,-76.3415
34978,incendio,-7.2006,-76.5247
34992,no_incendio,-5.316700367183811,-76.26596491615018
34993,incendio,-6.936,-76.5293
34994,no_incendio,-6.702659611656615,-77.00358407805038
34995,no_incendio,-5.67746740794027,-76.11677597680215
34998,incendio,-5.9736,-77.0597
35003,no_incendio,-6.183798772159494,-75.95166434619192
35004,no_incendio,-6.477469375479229,-76.23310758199833
35005,incendio,-6.7549,-76.8123
35008,incendio,-6.0609,-75.9639
35010,no_incendio,-5.941437702339227,-76.71661667859928
35011,incendio,-7.2194,-76.4731
35027,incendio,-5.8512,-76.3427
35028,no_incendio,-5.326931537697329,-77.25175106818679
35029,no_incendio,-5.853989818371729,-76.78866763757419
35030,no_incendio,-6.314113189001013,-76.77593472488475
35032,no_incendio,-6.7738595150234,-76.75356063625604
35043,no_incendio,-5.7532005563442,-76.81683301115936
35046,no_incendio,-6.0889717541826,-76.72492959412638
35049,incendio,-5.7004,-76.0562
35054,incendio,-5.9085,-76.2047
35062,incendio,-6.2636,-76.676
35064,incendio,-5.6187,-76.6097
35068,incendio,-6.1081,-75.7506
35070,incendio,-8.1712,-76.637
35071,incendio,-6.9402,-77.7607
35075,incendio,-6.7287,-76.4504
35080,incendio,-6.9314,-76.5408
35081,no_incendio,-6.9560251993392335,-75.65244127896328
35109,incendio,-7.4193,-76.7045
35115,incendio,-5.7629,-76.1827
35118,incendio,-8.1498,-77.0992
35138,incendio,-6.7903,-76.1328
35141,incendio,-8.5121,-76.3969
35142,no_incendio,-7.538851524680003,-76.89606525439852
35143,incendio,-6.9799,-76.6219
35145,no_incendio,-5.433480478841975,-76.00940335234054
35153,incendio,-8.6125,-76.6036
35159,no_incendio,-5.782302498103818,-75.6928374050029
35165,incendio,-8.2581,-76.5649
35176,no_incendio,-6.3480305531769075,-76.22097710185248
35184,incendio,-7.0228,-76.8831
35190,incendio,-7.3214,-76.9014
35193,incendio,-7.3864,-76.5726
35194,incendio,-5.8066,-76.0455
35205,incendio,-5.9488,-75.9263
35220,no_incendio,-5.562529025700048,-76.57485709284715
35229,incendio,-6.2515,-76.2357
35232,no_incendio,-7.44968802750322,-77.23116283334409
35233,no_incendio,-5.489245275525123,-76.82667902790362
35240,incendio,-8.0557,-76.7487
35244,no_incendio,-7.331602369683786,-75.50190770424915
35246,no_incendio,-5.931410128051382,-77.48442078407336
35252,incendio,-7.3578,-76.7596
35263,incendio,-6.1031,-76.3257
35264,incendio,-6.2509,-76.1931
35272,incendio,-6.9267,-76.7376
35283,incendio,-8.0454,-76.6728
35285,incendio,-7.6074,-76.6901
35292,no_incendio,-5.867914432983562,-76.93835853406706
35293,no_incendio,-5.559447141003816,-77.53240429845073
35301,no_incendio,-5.68462514388274,-76.77383589546262
35305,incendio,-7.4565,-76.5359
35314,no_incendio,-6.950538468924696,-76.07104877103448
35315,incendio,-7.4037,-76.8629
35316,incendio,-6.8982,-76.7614
35317,no_incendio,-5.317490731831781,-77.05291423448321
35325,no_incendio,-6.696114207645428,-77.01139322381492
35328,no_incendio,-6.569933219427762,-75.5278161670118
35331,incendio,-8.3029,-76.3457
35335,no_incendio,-5.621781873154133,-75.59201486751932
35336,incendio,-6.2768,-75.8649
35339,no_incendio,-5.607896245919547,-76.37910922472966
35348,incendio,-6.6495,-76.2371
35352,no_incendio,-7.456346722108078,-76.20342873895703
35356,incendio,-7.6702,-76.5318
35361,incendio,-7.1423,-76.1565
35362,incendio,-6.8482,-76.5572
35367,no_incendio,-5.590950998396602,-75.50740685150045
35368,incendio,-8.4682,-76.3496
35374,incendio,-8.6745,-76.8263
35376,incendio,-8.6324,-76.7897
35378,incendio,-7.0687,-76.2242
35380,incendio,-7.4756,-76.5458
35383,no_incendio,-7.139277657699614,-76.6688585627755
35384,no_incendio,-5.348479960720765,-76.73008143184053
35385,incendio,-6.5624,-76.0978
35387,incendio,-5.858,-76.2239
35391,incendio,-8.0891,-76.5709
35403,incendio,-7.5369,-76.3926
35408,incendio,-7.2429,-76.508
35414,incendio,-7.4808,-76.4887
35421,incendio,-6.657,-76.4253
35436,no_incendio,-5.734144568873576,-75.90585662556418
35442,incendio,-5.7848,-77.2612
35467,no_incendio,-5.632876376439432,-77.16339501604922
35468,incendio,-7.3502,-76.6579
35470,incendio,-6.6259,-76.1207
35472,incendio,-6.9608,-76.506
35481,incendio,-5.7235,-76.6381
35491,incendio,-7.4558,-76.4087
35492,incendio,-6.3686,-76.5918
35497,incendio,-5.6611,-76.6428
35504,incendio,-7.2428,-76.0728
35511,no_incendio,-7.419812910820906,-75.99406148062167
35512,no_incendio,-6.672836316039594,-77.21035813191263
35516,incendio,-5.3116,-76.5235
35520,no_incendio,-6.86277091910318,-76.45893260017807
35532,incendio,-8.2009,-76.5875
35536,incendio,-6.8985,-76.6288
35539,incendio,-7.1182,-76.6082
35540,incendio,-6.7682,-76.6697
35541,no_incendio,-5.9787702159042375,-76.39270327711898
35542,no_incendio,-7.103154809386207,-75.80011378156274
35544,incendio,-7.0964,-76.2799
35553,incendio,-8.4129,-76.3574
35555,incendio,-7.0644,-76.1318
35558,incendio,-6.442,-75.7121
35561,no_incendio,-6.191285072180344,-75.97348634249272
35562,incendio,-6.5254,-76.8664
35564,no_incendio,-5.992720265748597,-76.93502157829727
35567,no_incendio,-5.559447141003816,-77.53240429845073
35569,no_incendio,-6.797266617151564,-77.33130374727055
35572,incendio,-8.5329,-76.3797
35577,incendio,-7.115,-76.7108
35579,no_incendio,-6.930372562741588,-76.24468121546766
35582,incendio,-7.1737,-76.1567
35588,incendio,-6.3933,-76.6461
35592,no_incendio,-6.348815001844065,-75.62878823200789
35599,no_incendio,-6.1579628470379655,-75.78726893747826
35615,no_incendio,-5.450455855055424,-76.00497644122908
35621,no_incendio,-6.440107687486793,-76.71961125303099
35632,incendio,-7.4391,-76.5264
35633,no_incendio,-6.2888093914419265,-77.49498781950011
35642,incendio,-6.2237,-76.6999
35643,no_incendio,-6.199486560201427,-77.4221153051421
35646,no_incendio,-5.918920403880599,-75.94938972977876
35647,no_incendio,-5.876670821018357,-77.35096983439296
35656,no_incendio,-6.3480305531769075,-76.22097710185248
35667,incendio,-7.0964,-76.9082
35682,no_incendio,-5.707217935164065,-76.52295370572979
35684,incendio,-6.468,-76.8501
35685,no_incendio,-5.752288568187965,-75.61867904444058
35686,incendio,-5.7407,-76.4475
35693,incendio,-5.6877,-76.6383
35696,no_incendio,-7.228019173352536,-75.83265543127759
35699,incendio,-7.1693,-76.4632
35703,incendio,-6.0225,-76.2782
35709,incendio,-6.701,-76.5991
35716,no_incendio,-5.65675190083822,-76.2124000269003
35719,no_incendio,-6.391881397317083,-77.53216465937516
35726,incendio,-7.4405,-76.6951
35731,incendio,-6.8746,-76.5435
35734,no_incendio,-5.5280435147957645,-75.64292390382334
35735,incendio,-7.2731,-76.109
35737,incendio,-6.068,-76.444
35738,no_incendio,-5.577424926283962,-75.86385660107669
35739,incendio,-7.1025,-76.5736
35745,no_incendio,-6.1245241179034995,-75.6853524981565
35748,no_incendio,-6.892866951927303,-75.87172300219687
35763,incendio,-6.0962,-76.8903
35765,no_incendio,-5.906320557671209,-76.16456069117528
35767,incendio,-5.6609,-76.4806
35769,no_incendio,-5.879613359801567,-75.64585304449614
35778,incendio,-7.6,-76.6761
35788,incendio,-8.7513,-76.1488
35791,incendio,-5.5265,-75.851
35793,no_incendio,-5.913375544586391,-77.02153912778006
35804,incendio,-5.8183,-76.0632
35815,incendio,-7.2432,-77.0525
35816,incendio,-5.8434,-76.0344
35817,incendio,-6.7703,-76.6369
35823,incendio,-8.4757,-76.4697
35833,incendio,-7.2759,-76.9964
35840,no_incendio,-7.292676783205119,-75.82456526450503
35842,incendio,-8.4436,-76.4464
35849,incendio,-5.5082,-75.8605
35850,incendio,-8.4154,-76.4058
35853,incendio,-7.2263,-77.0581
35871,incendio,-5.8003,-76.6024
35876,incendio,-5.9279,-76.2788
35882,incendio,-7.0433,-76.2513
35884,incendio,-7.2759,-76.9524
35888,incendio,-7.3824,-76.4101
35889,incendio,-7.1694,-76.4405
35903,incendio,-7.604,-76.4075
35904,incendio,-6.1197,-76.2903
35905,incendio,-6.8527,-76.6909
35914,no_incendio,-6.424415078222516,-76.56153900049968
35915,incendio,-7.2798,-76.2455
35916,incendio,-6.6597,-76.075
35917,no_incendio,-7.3680402233360685,-75.9380390323052
35918,incendio,-7.0037,-76.5345
35925,no_incendio,-7.354001962679465,-76.87586506840084
35930,no_incendio,-6.705665824489784,-75.86880266225904
35932,no_incendio,-5.508118125742636,-76.08158705053927
35933,incendio,-6.2024,-76.7419
35935,no_incendio,-5.5896376031918615,-76.35252920094948
35939,incendio,-6.1043,-76.9117
35941,no_incendio,-6.271888529403575,-75.79765684657775
35944,incendio,-6.4771,-75.6609
35945,incendio,-7.1994,-76.2554
35953,no_incendio,-5.733329701316475,-76.97970479241751
35954,no_incendio,-7.20837922312058,-75.60173964481412
35955,incendio,-7.5551,-76.5194
35956,incendio,-7.4991,-76.5182
35962,incendio,-6.1807,-76.7604
35963,incendio,-7.38,-76.6309
35964,no_incendio,-5.65117658577255,-75.62263099163508
35974,no_incendio,-7.468966943240149,-76.0987072289364
35978,incendio,-5.7422,-76.2465
35996,no_incendio,-5.695046426207607,-76.82428560854454
36007,no_incendio,-7.095024308236621,-76.98915064415999
36008,incendio,-7.5582,-76.4958
36013,no_incendio,-5.309022549050947,-77.11989827113337
36014,no_incendio,-5.3902001479588,-77.1291902290787
36017,incendio,-6.0128,-76.8655
36020,incendio,-6.0512,-76.1624
36026,incendio,-7.1407,-76.5814
36027,incendio,-8.6736,-76.1136
36029,no_incendio,-6.467906945467672,-76.60396630033286
36031,no_incendio,-5.690666241525762,-76.5831246635922
36032,no_incendio,-7.082226882888392,-75.74798202243628
36043,no_incendio,-6.234937456831474,-75.55136134306397
36044,incendio,-6.6824,-76.6413
36046,incendio,-6.9678,-76.7908
36049,incendio,-7.6012,-76.5037
36064,incendio,-5.7587,-76.0478
36067,incendio,-6.0024,-76.8855
36068,no_incendio,-6.300957997693996,-76.09847737144455
36072,incendio,-6.7694,-76.8194
36074,no_incendio,-6.880264689541971,-77.33984954598883
36080,incendio,-7.3113,-76.0698
36081,no_incendio,-6.052146999790762,-76.66693051861807
36082,incendio,-7.9891,-77.4338
36083,no_incendio,-5.329749843854847,-75.71078811690217
36086,incendio,-7.2714,-76.7331
36099,no_incendio,-5.588125457302943,-77.46080617284144
36110,incendio,-8.617,-76.6583
36126,incendio,-6.8659,-76.2518
36131,incendio,-8.1284,-76.4608
36133,no_incendio,-6.300957997693996,-76.09847737144455
36134,no_incendio,-5.853989818371729,-76.78866763757419
36137,incendio,-7.4447,-77.6556
36140,incendio,-7.4569,-76.4073
36144,incendio,-6.2886,-76.211
36146,no_incendio,-5.356529850556848,-75.70252244587886
36148,incendio,-6.6459,-76.4554
36157,no_incendio,-5.6698457830937325,-76.36289670664165
36163,no_incendio,-6.8808047229850295,-76.28180482094469
36166,no_incendio,-7.554963436234575,-75.69130210162552
36167,incendio,-7.1991,-76.8678
36174,incendio,-6.9691,-76.7492
36175,no_incendio,-6.228351070264562,-77.26637950725386
36176,incendio,-7.0989,-76.0751
36179,no_incendio,-7.357911846364595,-77.10667831143273
36181,no_incendio,-6.421249722496318,-77.04956463628945
36184,incendio,-6.825,-76.4712
36185,no_incendio,-6.466287697296756,-75.7075752786908
36194,incendio,-7.3485,-76.2693
36197,no_incendio,-5.89795943446839,-76.15835756218627
36208,incendio,-6.1995,-76.3393
36209,incendio,-6.2002,-76.9586
36219,incendio,-7.5869,-76.6261
36220,no_incendio,-6.557560588378224,-76.50430262965486
36222,no_incendio,-5.636606643396935,-75.65023157423232
36229,incendio,-7.4338,-76.5947
36230,no_incendio,-7.150750883364853,-76.83628592323717
36236,no_incendio,-6.3065520769299415,-76.52048775212563
36238,incendio,-7.5693,-76.4142
36243,incendio,-6.7805,-76.1665
36247,no_incendio,-5.632530971200962,-77.47788862342078
36255,incendio,-7.3942,-76.8444
36265,incendio,-6.776,-76.7785
36271,incendio,-6.4445,-75.929
36273,no_incendio,-7.1632098636724635,-76.89550285392816
36275,incendio,-8.2707,-76.5848
36279,no_incendio,-5.577290052521281,-76.32966434490925
36293,incendio,-6.3047,-76.0692
36308,incendio,-6.7072,-76.3612
36311,no_incendio,-6.756685989962618,-75.83002754028344
36314,incendio,-7.4557,-76.5994
36315,no_incendio,-6.1174086914739405,-75.65121133854548
36316,no_incendio,-5.62998043999866,-76.34952477053923
36317,no_incendio,-5.525166300103762,-76.64412404917219
36323,no_incendio,-6.228351070264562,-77.26637950725386
36328,incendio,-6.0555,-75.8047
36337,no_incendio,-6.518152554514016,-75.5195810155841
36340,incendio,-6.1339,-76.7874
36341,incendio,-8.7614,-77.5391
36349,no_incendio,-7.510954821403472,-75.50873794050783
36354,incendio,-6.7267,-76.4682
36358,incendio,-5.727,-76.2249
36359,no_incendio,-7.38891296125344,-75.60819465870141
36362,incendio,-6.8216,-76.3739
36363,no_incendio,-7.598815481458372,-76.55352785980209
36364,incendio,-6.435,-75.754
36380,no_incendio,-5.84380402008071,-75.92947605096468
36381,incendio,-6.7444,-76.1133
36384,incendio,-5.8272,-76.0002
36391,no_incendio,-6.939438225282601,-76.80786345912996
36392,incendio,-7.4698,-76.4194
36395,incendio,-5.9549,-76.2484
36396,incendio,-6.2913,-76.6803
36398,incendio,-6.2172,-76.151
36401,no_incendio,-6.165729925483304,-75.50698017130118
36403,no_incendio,-7.161262686753078,-75.93223007605604
36414,no_incendio,-5.924081807664306,-77.5419305607915
36420,no_incendio,-7.517330043663011,-76.85538614453351
36422,incendio,-5.7097,-77.4486
36424,no_incendio,-7.111569656244363,-77.04269521527607
36427,no_incendio,-6.45014471724059,-77.23785683491617
36434,incendio,-5.9971,-77.2113
36440,incendio,-7.2638,-76.3535
36443,incendio,-6.8595,-76.6897
36447,no_incendio,-7.357911846364595,-77.10667831143273
36448,incendio,-7.5712,-77.5471
36452,no_incendio,-6.24016797795497,-75.64844512243143
36455,incendio,-6.9537,-76.4749
36456,no_incendio,-5.901388111394365,-75.87645660870008
36462,no_incendio,-6.446499470618798,-75.63834110129498
36465,incendio,-6.5147,-76.6347
36466,incendio,-6.9038,-76.5264
36470,incendio,-8.4042,-76.4883
36477,incendio,-6.9784,-76.773
36478,no_incendio,-5.3130357942785436,-76.58858316456917
36479,no_incendio,-6.833720284532176,-77.09053083344739
36480,no_incendio,-5.856151465825925,-75.61952647714237
36490,no_incendio,-6.543469703142076,-77.05698988429933
36491,incendio,-6.2326,-76.2086
36493,no_incendio,-5.690666241525762,-76.5831246635922
36496,incendio,-7.07,-76.8885
36497,no_incendio,-6.5096234782459765,-76.05722709745423
36509,incendio,-6.9658,-76.6058
36513,incendio,-7.0768,-76.8373
36515,incendio,-7.0718,-76.6812
36516,no_incendio,-7.475413502587504,-75.52501286015236
36519,incendio,-7.1052,-76.3025
36520,no_incendio,-7.188505073730313,-76.90328431055737
36522,no_incendio,-7.292464300747621,-76.5588244421564
36524,no_incendio,-6.062840602584927,-76.70237486789418
36526,no_incendio,-6.480391966428419,-77.42730148887621
36528,incendio,-8.6916,-76.2621
36531,no_incendio,-6.47129538831012,-76.10848069167751
36533,no_incendio,-6.073266163575411,-75.6671313489238
36534,no_incendio,-7.424353792615787,-75.73269651500266
36535,no_incendio,-5.987623594847527,-77.50895445827787
36538,no_incendio,-6.974678823081742,-77.45775985292939
36541,no_incendio,-7.251053016973333,-77.43482372064443
36546,incendio,-8.5234,-76.4307
36554,incendio,-7.2691,-76.7153
36555,incendio,-7.2719,-76.8265
36556,incendio,-7.5233,-76.5719
36565,incendio,-7.4614,-76.6079
36569,no_incendio,-6.979813600777688,-77.48470455898823
36570,no_incendio,-6.9422117979050695,-77.32253174388707
36573,incendio,-8.5592,-76.3809
36576,no_incendio,-6.929766621277843,-76.9486595645204
36580,no_incendio,-6.6832264067033,-77.40030797685029
36583,no_incendio,-5.559553740329016,-76.98206356543957
36584,no_incendio,-7.579948204047341,-77.15279486128607
36593,no_incendio,-6.30791982416226,-77.35125522509678
36594,incendio,-6.2187,-76.0585
36601,incendio,-6.2595,-76.8088
36602,no_incendio,-7.20916394163281,-76.74882653338932
36607,incendio,-8.3983,-77.6302
36614,incendio,-6.7047,-76.393
36615,incendio,-7.3384,-77.5973
36616,incendio,-7.2309,-76.6384
36633,no_incendio,-6.976092489979531,-77.35059361204593
36635,no_incendio,-5.692068833993068,-76.92243000249631
36636,no_incendio,-5.968870459553349,-76.92149677654932
36640,incendio,-7.0144,-76.7878
36641,no_incendio,-5.9462000997115165,-76.43849970195068
36642,no_incendio,-6.650069273774372,-77.45753589439983
36649,no_incendio,-6.741564716218832,-76.27215624555981
36656,incendio,-6.4511,-75.7475
36660,no_incendio,-5.60263772570773,-75.78275132850642
36661,incendio,-6.7837,-76.264
36662,no_incendio,-7.035328568865795,-77.4057239232557
36664,incendio,-6.1995,-76.0549
36674,no_incendio,-7.3226422677593845,-76.0064093237638
36675,incendio,-6.7469,-76.5975
36676,no_incendio,-6.7183540623229865,-77.22771131243218
36690,incendio,-5.7329,-76.1122
36700,no_incendio,-6.420478782048784,-76.46157866406858
36709,no_incendio,-5.984669195028871,-76.49551058575585
36711,no_incendio,-6.758724816086575,-76.05879675132634
36727,incendio,-5.7597,-77.4364
36731,no_incendio,-7.532869703153675,-75.62377754135032
36742,incendio,-6.3276,-76.1414
36762,no_incendio,-5.628009588205993,-76.65354056984353
36770,incendio,-7.4935,-76.3633
36775,no_incendio,-7.261909044974304,-76.6515755533258
36779,incendio,-6.9712,-76.2495
36783,incendio,-7.67,-76.5962
36784,no_incendio,-7.5993037570991975,-77.49364640835546
36787,incendio,-6.63,-76.7784
36800,no_incendio,-5.559553740329016,-76.98206356543957
36801,incendio,-6.5678,-76.455
36812,no_incendio,-7.436110407887001,-75.68288184576566
36813,incendio,-6.788,-76.9165
36818,no_incendio,-6.110977096163155,-77.0520623179512
36819,incendio,-7.2436,-76.8594
36829,incendio,-6.3885,-76.6197
36835,incendio,-5.6599,-76.6386
36840,incendio,-6.3627,-76.0717
36842,incendio,-6.7551,-76.3421
36843,no_incendio,-6.0254636524537775,-76.26070791675792
36845,incendio,-5.8212,-76.2278
36846,no_incendio,-6.942054443870175,-75.88451122317879
36849,incendio,-7.1721,-76.6389
36857,no_incendio,-6.693645231607011,-77.00083886723358
36864,no_incendio,-5.85348487678678,-75.67716092139695
36867,no_incendio,-5.923104963527884,-76.43553159912858
36868,no_incendio,-6.230021779466632,-76.57667653530646
36873,no_incendio,-6.6308882191110055,-76.3915553322726
36876,no_incendio,-7.480945740497024,-75.88131487548965
36878,incendio,-6.1251,-76.1827
36885,incendio,-6.7582,-77.3586
36895,no_incendio,-5.612307081535751,-76.80288819980903
36900,no_incendio,-6.890502660955485,-77.28521359628384
36906,incendio,-5.755,-76.4051
36913,incendio,-6.8988,-76.6208
36916,incendio,-7.2094,-77.0435
36929,incendio,-7.3533,-76.1981
36940,incendio,-6.1931,-76.1912
36952,incendio,-7.0764,-76.1781
36953,no_incendio,-7.288794185700048,-76.06129578328853
36964,incendio,-5.8258,-76.0305
36966,incendio,-7.274,-76.5696
36969,no_incendio,-7.212746042883999,-76.23580517242253
36971,incendio,-6.3446,-76.4822
36979,no_incendio,-5.402348170521421,-77.02463779239379
36981,no_incendio,-7.0805818707385395,-75.71658427890108
36983,no_incendio,-6.308143679517888,-75.54381617905881
36988,no_incendio,-5.658384235826694,-76.44208065955317
36993,incendio,-8.5362,-77.0401
36995,incendio,-7.2402,-76.0566
37005,incendio,-6.7736,-76.4334
37007,no_incendio,-7.261878534754229,-75.78596746234152
37008,incendio,-6.2722,-75.9549
37010,incendio,-8.5377,-76.3807
37012,incendio,-7.2583,-76.2326
37015,incendio,-6.1205,-76.1823
37016,no_incendio,-6.653744086369802,-76.88423091911557
37019,incendio,-7.293,-76.3643
37022,incendio,-6.9523,-76.7071
37026,no_incendio,-5.976473792691887,-77.521298056028
37036,no_incendio,-7.327451375962066,-77.03090576588977
37044,no_incendio,-6.152183459458481,-75.52419970077695
37051,incendio,-6.6954,-76.4122
37053,incendio,-7.1107,-76.9014
37054,incendio,-5.7199,-76.1712
37062,incendio,-7.2258,-77.5185
37063,no_incendio,-5.61928379725062,-76.7464492739021
37067,no_incendio,-6.58181358126526,-75.97994293561052
37068,incendio,-6.5005,-76.5418
37070,no_incendio,-7.5348116135080625,-76.04270078901092
37071,incendio,-6.9321,-76.2235
37078,no_incendio,-5.807017349001207,-75.61769536103809
37081,no_incendio,-5.691703950902071,-76.93733770607169
37082,incendio,-8.4711,-76.3779
37083,no_incendio,-6.606179550023269,-77.17612767759138
37084,incendio,-5.9878,-75.8947
37092,no_incendio,-7.308376267427788,-75.72020744008876
37093,incendio,-6.4675,-75.9383
37094,incendio,-6.1076,-75.7605
37095,incendio,-7.3048,-76.7237
37101,incendio,-8.2475,-76.4401
37107,incendio,-6.8787,-76.3592
37108,incendio,-6.5446,-76.7833
37121,incendio,-6.007,-77.0232
37135,incendio,-6.4549,-76.7505
37144,incendio,-7.5644,-76.4216
37150,no_incendio,-6.272889262540646,-77.34340996973071
37157,incendio,-8.4951,-76.3705
37159,no_incendio,-7.347824110154567,-75.82503332128289
37162,incendio,-7.3808,-76.4015
37163,incendio,-6.1536,-75.9666
37169,incendio,-7.0385,-76.8428
37170,no_incendio,-5.465266875680572,-76.24842900681286
37174,incendio,-7.3411,-76.6579
37175,incendio,-6.8627,-76.0698
37176,no_incendio,-6.5875457295775695,-76.60562453766775
37177,incendio,-6.8674,-76.5473
37181,no_incendio,-7.036643028375762,-75.60012732289076
37183,no_incendio,-7.327451375962066,-77.03090576588977
37185,incendio,-7.5556,-76.4038
37192,incendio,-6.7219,-76.6282
37195,incendio,-6.5215,-76.7892
37205,no_incendio,-5.8624058726324275,-77.54256899267752
37208,incendio,-6.4512,-76.578
37217,no_incendio,-6.698529470828457,-76.28501109879417
37219,incendio,-7.3334,-76.324
37236,incendio,-6.5526,-76.6026
37241,incendio,-6.8245,-76.423
37261,incendio,-6.8171,-76.4753
37263,incendio,-8.6679,-76.164
37265,no_incendio,-6.04175420458928,-75.6154818462728
37267,incendio,-6.6821,-76.7305
37278,no_incendio,-5.340154408333765,-76.74093271807992
37280,no_incendio,-6.948889791528075,-76.04658173737485
37281,incendio,-6.3661,-75.7078
37283,incendio,-8.7482,-76.2716
37289,incendio,-6.839,-76.7946
37315,no_incendio,-7.0287390386317705,-77.03724597379518
37316,incendio,-5.9454,-76.1915
37321,incendio,-6.272,-75.9231
37325,incendio,-8.4719,-76.3624
37337,incendio,-7.1372,-76.1111
37339,no_incendio,-7.149862558736682,-77.09989679523933
37340,incendio,-5.7413,-77.3773
37343,no_incendio,-7.3828581911388165,-75.8721549637632
37355,incendio,-6.6081,-76.1194
37361,no_incendio,-7.523779550040388,-76.57430086125386
37363,incendio,-8.6756,-76.348
37366,no_incendio,-7.314921869709458,-75.6262107073791
37367,no_incendio,-5.451597714525489,-77.32234997673201
37369,incendio,-7.2611,-76.7732
37373,no_incendio,-6.5603093207023875,-76.81459925787705
37377,incendio,-7.3438,-76.4516
37394,no_incendio,-7.443277568920015,-75.95948688269024
37398,incendio,-6.675,-76.6303
37401,incendio,-5.5916,-76.6576
37404,no_incendio,-6.322518329995495,-75.91309952295535
37406,no_incendio,-6.4080436516823225,-77.02161843514952
37408,no_incendio,-6.0854129819425,-76.79698741171129
37413,no_incendio,-6.482310901757052,-76.90146059819452
37418,incendio,-6.2783,-75.8313
37419,incendio,-6.1516,-77.7972
37431,incendio,-6.2599,-77.1109
37432,no_incendio,-6.237716755759431,-77.39156311979332
37434,incendio,-7.4309,-76.686
37436,no_incendio,-6.9177745399597805,-77.27712831962272
37438,no_incendio,-7.487565239153625,-77.31329030244564
37441,incendio,-8.5351,-76.3702
37447,no_incendio,-6.836006339265761,-75.80496615427175
37449,incendio,-6.6777,-75.6033
37452,no_incendio,-6.090705105654209,-75.76196358722034
37455,no_incendio,-6.9398975097013755,-76.27516039033146
37459,no_incendio,-5.5670313248345,-75.99876018929933
37460,no_incendio,-6.75147932991093,-77.49824320852836
37463,incendio,-6.2179,-75.7908
37464,incendio,-7.3134,-75.5711
37470,incendio,-7.6698,-76.5081
37477,incendio,-6.8891,-76.8025
37485,incendio,-7.5311,-76.648
37488,incendio,-6.8334,-76.4782
37493,incendio,-5.3077,-76.1287
37521,incendio,-8.3547,-76.3514
37524,no_incendio,-6.979813600777688,-77.48470455898823
37525,no_incendio,-7.44968802750322,-77.23116283334409
37530,incendio,-6.172,-76.0809
37535,incendio,-5.7336,-76.5033
37545,incendio,-5.8055,-77.4325
37546,no_incendio,-5.734596234605278,-76.54404736792905
37547,incendio,-6.9727,-76.6465
37550,incendio,-7.2761,-76.9821
37552,incendio,-6.1698,-76.7611
37554,incendio,-5.734,-76.4656
37558,incendio,-5.8473,-76.3502
37559,incendio,-5.8507,-76.1182
37562,no_incendio,-5.335389403596253,-76.01475499828726
37563,no_incendio,-6.049779266057276,-75.95295045421427
37568,incendio,-6.9101,-76.6167
37587,incendio,-7.6256,-76.4515
37589,no_incendio,-7.152157832421082,-77.44831592237493
37595,no_incendio,-5.31562173519542,-75.64368786803017
37611,incendio,-8.5729,-76.2916
37615,no_incendio,-6.634686692730256,-75.5796876028018
37617,incendio,-6.1587,-75.6872
37621,incendio,-6.1852,-75.9647
37623,incendio,-7.8389,-76.7112
37624,incendio,-8.2201,-76.3887
37632,incendio,-6.7228,-76.8306
37634,incendio,-7.1952,-76.8626
37637,no_incendio,-5.544342707790426,-75.8055721541421
37639,no_incendio,-7.420738238712349,-77.50365613060586
37641,incendio,-8.4906,-76.3933
37655,no_incendio,-6.424415078222516,-76.56153900049968
37656,no_incendio,-6.668348976590427,-75.85167744687278
37657,incendio,-6.0913,-76.3315
37660,no_incendio,-6.237634518264563,-76.93733978052377
37662,no_incendio,-6.974678823081742,-77.45775985292939
37664,incendio,-6.9465,-76.2799
37667,no_incendio,-5.702153316153597,-75.54463550563808
37680,incendio,-6.7737,-76.6704
37684,incendio,-7.3793,-76.7533
37687,incendio,-8.7528,-76.9695
37689,incendio,-6.2231,-76.0636
37694,incendio,-5.7289,-76.2279
37699,incendio,-6.8665,-76.5573
37704,incendio,-6.7108,-76.776
37708,incendio,-7.3409,-76.5615
37710,no_incendio,-7.5389429366733145,-76.3612819242991
37713,incendio,-6.9294,-76.2488
37715,incendio,-8.6312,-76.7807
37721,no_incendio,-7.1205154593131565,-76.76326173892171
37726,incendio,-6.037,-75.9244
37728,incendio,-7.0287,-76.2456
37729,incendio,-6.5705,-76.2518
37743,no_incendio,-7.082226882888392,-75.74798202243628
37753,incendio,-5.9581,-76.2714
37754,no_incendio,-6.695225096779551,-76.23948893389061
37755,incendio,-5.9262,-76.2998
37759,incendio,-6.7167,-76.6079
37764,no_incendio,-6.720013389410524,-76.18246932103828
37768,no_incendio,-6.904145543477711,-77.38998183817624
37776,incendio,-7.5534,-76.4364
37794,no_incendio,-6.8824524173967765,-77.12203229237878
37800,incendio,-6.0723,-76.313
37803,incendio,-7.0863,-76.4401
37807,no_incendio,-5.364143829036743,-76.95415482559467
37811,incendio,-7.2317,-76.4874
37816,incendio,-6.2378,-76.2276
37819,incendio,-7.3454,-76.6075
37823,incendio,-6.7507,-76.7491
37825,incendio,-7.4226,-76.6789
37832,no_incendio,-6.109182329794082,-77.41759375115069
37847,incendio,-8.0689,-76.6591
37848,incendio,-8.366,-77.5783
37861,incendio,-7.3552,-76.2467
37866,incendio,-7.2255,-77.011
37871,no_incendio,-6.242683257012905,-77.09272695265327
37872,incendio,-6.753,-77.4091
37878,incendio,-7.0172,-76.7835
37884,no_incendio,-7.036643028375762,-75.60012732289076
37886,incendio,-8.2354,-76.566
37889,no_incendio,-6.693645231607011,-77.00083886723358
37894,no_incendio,-7.592086939740942,-76.80103020899601
37897,no_incendio,-7.5702550538704605,-75.67821320807053
37899,incendio,-5.7394,-77.4526
37900,no_incendio,-7.592086939740942,-76.80103020899601
37918,no_incendio,-5.809070578757959,-75.92077418660742
37921,incendio,-5.6263,-75.9006
37922,incendio,-8.71,-76.8096
37923,incendio,-8.4817,-76.4717
37925,incendio,-7.027,-76.1198
37927,incendio,-7.2095,-76.5035
37929,incendio,-6.2686,-75.8554
37956,incendio,-6.3719,-77.6641
37965,incendio,-7.1399,-76.9796
37972,no_incendio,-7.500619459820059,-77.36318050509186
37974,incendio,-7.0854,-76.5022
37975,no_incendio,-6.735984440425587,-77.00622820601815
37984,incendio,-6.3349,-75.8278
37986,no_incendio,-6.370648236891197,-76.34077418345667
37989,incendio,-5.7572,-76.6218
37991,no_incendio,-6.22948269148436,-77.46060172999928
37994,incendio,-6.2486,-76.0532
37995,incendio,-6.4127,-77.4404
37997,no_incendio,-6.657837978191169,-76.6528349809883
37998,incendio,-6.6689,-76.5162
38000,incendio,-5.9708,-76.1414
38001,incendio,-6.8608,-76.2921
38002,no_incendio,-5.617689246248104,-77.03996515250137
38004,incendio,-5.7388,-76.4332
38005,incendio,-6.3408,-75.9795
38007,incendio,-6.9532,-76.8505
38013,incendio,-6.1266,-76.1706
38019,no_incendio,-6.063333052679301,-77.2619056071794
38020,no_incendio,-6.9338065388714725,-77.51645275784907
38024,incendio,-6.6348,-76.517
38025,incendio,-7.149,-77.0407
38030,incendio,-7.0493,-76.198
38032,no_incendio,-7.322815935895123,-76.7836025186051
38039,no_incendio,-6.905014878753814,-76.49698867319515
38046,incendio,-7.0573,-76.871
38057,no_incendio,-6.273383567178642,-76.44114691338451
38079,incendio,-5.3408,-76.5979
38087,no_incendio,-7.324122621539671,-77.54410654355205
38098,incendio,-6.164,-76.2982
38099,incendio,-6.322,-76.1108
38100,no_incendio,-7.459517004149713,-75.65348895495933
38101,incendio,-6.006,-76.4813
38106,incendio,-6.8089,-76.5453
38110,incendio,-5.8969,-76.1135
38131,no_incendio,-7.161262686753078,-75.93223007605604
38133,incendio,-8.4353,-76.499
38141,incendio,-6.1113,-77.2143
38143,no_incendio,-6.599957493403006,-76.05770861085986
38149,incendio,-8.5451,-76.7768
38150,incendio,-5.8877,-76.3692
38151,no_incendio,-6.831471934568246,-75.7875932896481
38155,no_incendio,-5.4956287964108785,-77.39970137101125
38159,incendio,-6.5465,-76.2604
38172,incendio,-8.64,-77.2332
38179,no_incendio,-6.040209440060914,-75.6194334979568
38181,no_incendio,-7.443277568920015,-75.95948688269024
38185,incendio,-7.0308,-76.6833
38190,incendio,-6.5752,-76.3493
38198,incendio,-5.7794,-76.206
38200,incendio,-6.8879,-76.9248
38209,no_incendio,-6.55551893099156,-75.68092534598561
38211,incendio,-6.124,-76.3056
38215,no_incendio,-6.833720284532176,-77.09053083344739
38218,no_incendio,-6.845471207648621,-76.36886322454563
38219,no_incendio,-6.26574363006572,-75.945416955943
38227,no_incendio,-5.876670821018357,-77.35096983439296
38229,incendio,-6.177,-76.1108
38237,no_incendio,-7.307422219905113,-77.49030389420659
38248,no_incendio,-6.452984723571151,-76.97534564539009
38253,no_incendio,-7.208517788052751,-77.27726682011853
38254,no_incendio,-6.581475655282046,-76.92813918096854
38259,incendio,-6.2269,-76.0855
38262,incendio,-6.1371,-76.1995
38266,no_incendio,-6.890142536767722,-76.21093731168023
38269,incendio,-5.9658,-77.0095
38271,no_incendio,-5.7630676382897414,-75.77232686505347
38275,incendio,-7.6621,-76.471
38276,incendio,-7.2806,-76.595
38280,no_incendio,-5.4225864404931166,-77.44996456310464
38283,incendio,-7.1099,-76.6039
38287,incendio,-6.6384,-76.6176
38292,no_incendio,-7.126729071613174,-77.02628949920283
38293,no_incendio,-6.337630898858479,-77.22298031852678
38297,no_incendio,-7.388452210624765,-77.20638603731945
38298,incendio,-7.1533,-76.4998
38302,no_incendio,-6.2554801571250565,-76.43574997258422
38306,incendio,-6.1199,-76.1646
38312,incendio,-5.7526,-76.4078
38316,incendio,-7.1179,-76.0801
38321,no_incendio,-5.590745607594968,-76.01092904258273
38323,incendio,-7.5412,-76.4169
38324,incendio,-5.8367,-76.2562
38325,incendio,-7.4567,-76.5442
38327,incendio,-8.3152,-76.579
38328,incendio,-6.2852,-75.8533
38330,incendio,-6.0462,-77.2406
38337,incendio,-8.5563,-76.3428
38339,no_incendio,-5.339033958369073,-76.08006911213882
38342,no_incendio,-5.921387481016298,-75.640821414452
38346,no_incendio,-7.061403957049695,-76.62981524420255
38355,no_incendio,-7.30848813253614,-75.71138002186875
38356,incendio,-8.5141,-76.3705
38367,incendio,-7.2575,-76.7709
38370,no_incendio,-7.4811756669415,-76.01564428333117
38376,incendio,-6.211,-75.9629
38378,incendio,-5.7334,-76.445
38382,no_incendio,-7.516029592309847,-76.17814319860955
38386,no_incendio,-5.5463833686959125,-76.92476001499328
38387,incendio,-6.2696,-75.8115
38396,no_incendio,-6.646019680443848,-77.50514894077688
38399,incendio,-6.0248,-77.1919
38404,incendio,-7.2622,-76.8148
38406,incendio,-8.2191,-76.5931
38408,incendio,-5.8806,-75.9322
38413,incendio,-6.7588,-76.6711
38414,incendio,-6.4686,-77.6381
38421,incendio,-6.2148,-76.1539
38426,no_incendio,-5.942412033073392,-76.99723759620795
38432,incendio,-5.682,-76.6078
38455,incendio,-6.2487,-76.6778
38456,no_incendio,-5.561988258344413,-76.88991934204635
38458,incendio,-7.2364,-76.7296
38465,incendio,-8.3221,-76.5586
38470,no_incendio,-7.532917537712722,-76.04821551837472
38473,incendio,-5.9466,-76.2215
38476,incendio,-6.6561,-76.6091
38477,incendio,-5.5704,-76.7039
38481,incendio,-7.1482,-76.6214
38482,incendio,-7.127,-76.7684
38489,no_incendio,-7.465611055003252,-76.84521972476566
38495,incendio,-5.8096,-76.5255
38496,incendio,-6.2404,-75.8898
38508,incendio,-7.1267,-76.5397
38509,no_incendio,-6.444054607789215,-75.60852282337595
38511,incendio,-7.0274,-76.575
38512,incendio,-7.053,-76.7226
38514,incendio,-5.7088,-75.8364
38517,incendio,-8.7177,-76.2578
38529,incendio,-7.2795,-76.7396
38535,no_incendio,-5.5896376031918615,-76.35252920094948
38542,incendio,-5.7976,-77.2317
38552,incendio,-5.8597,-76.0595
38558,incendio,-6.1568,-75.9434
38561,incendio,-6.7476,-76.5248
38574,incendio,-6.395,-76.0937
38575,incendio,-6.8159,-76.5286
38579,incendio,-6.3619,-76.1024
38588,no_incendio,-6.331589003630742,-76.77579913568411
38597,incendio,-8.6179,-76.1248
38598,no_incendio,-7.153254312142147,-75.61931012295983
38603,incendio,-5.858,-75.9721
38606,incendio,-5.8318,-77.1067
38613,no_incendio,-6.475196466130733,-76.70818383406251
38620,incendio,-6.8662,-76.1548
38624,incendio,-7.07,-76.2705
38637,incendio,-5.7666,-77.2517
38640,no_incendio,-5.655403371061297,-77.22066038141541
38645,incendio,-6.9339,-76.5049
38648,no_incendio,-5.807568980791382,-75.59957931060934
38652,no_incendio,-5.409046088511844,-75.85044957982578
38654,incendio,-6.8465,-76.152
38655,incendio,-7.3455,-76.5774
38658,no_incendio,-6.545436147892791,-76.30829128869237
38661,no_incendio,-5.957368180282539,-76.7498768526133
38664,incendio,-7.3381,-76.592
38665,no_incendio,-7.475413502587504,-75.52501286015236
38669,incendio,-5.7212,-77.386
38670,incendio,-6.1872,-76.2429
38689,no_incendio,-7.178109146033509,-76.55931189942505
38699,incendio,-6.02,-77.2485
38700,incendio,-5.6669,-77.2891
38701,incendio,-6.8828,-76.351
38702,incendio,-5.7066,-75.9056
38703,incendio,-6.1987,-76.8607
38710,no_incendio,-6.541834413903653,-76.37649272286701
38712,no_incendio,-6.037617039183259,-75.8633441160442
38715,incendio,-6.934,-76.4904
38717,no_incendio,-6.224278076163242,-75.68574152044755
38718,incendio,-7.955,-75.5657
38726,incendio,-6.665,-76.7206
38729,incendio,-7.2259,-76.3355
38731,incendio,-6.8591,-76.6731
38736,incendio,-6.0463,-76.1742
38737,no_incendio,-7.175345171516485,-76.32071616128651
38739,no_incendio,-6.1773004933773406,-76.41533827057219
38747,incendio,-6.0865,-76.1939
38750,incendio,-6.714,-76.8485
38759,no_incendio,-7.0287390386317705,-77.03724597379518
38764,no_incendio,-6.7449829270010735,-76.32449330393015
38765,no_incendio,-6.9560251993392335,-75.65244127896328
38769,incendio,-7.9499,-77.5265
38776,no_incendio,-6.947446276433678,-76.55641004463064
38782,no_incendio,-6.337630898858479,-77.22298031852678
38783,no_incendio,-7.374027518305184,-76.32029762844952
38786,incendio,-6.5017,-76.5582
38788,no_incendio,-6.040687375273645,-76.93582583750656
38797,incendio,-6.482,-76.8034
38802,no_incendio,-5.632530971200962,-77.47788862342078
38805,incendio,-6.2988,-76.0112
38810,no_incendio,-5.811190643666691,-76.41076755798852
38811,no_incendio,-6.378904304384582,-76.46012370931685
38817,incendio,-6.2366,-76.1217
38821,incendio,-8.5513,-76.3965
38822,no_incendio,-6.446499470618798,-75.63834110129498
38825,no_incendio,-6.692392129901898,-76.24064751909104
38837,incendio,-6.1203,-76.1736
38849,incendio,-5.9793,-76.9199
38856,no_incendio,-6.199486560201427,-77.4221153051421
38861,no_incendio,-6.003436470117687,-77.4174804711691
38864,incendio,-5.8843,-75.9268
38874,no_incendio,-6.9398975097013755,-76.27516039033146
38875,no_incendio,-6.945484440166689,-76.77951589048426
38876,incendio,-6.7263,-77.6151
38878,no_incendio,-6.468598557394471,-76.29833017428093
38885,incendio,-6.9722,-76.7834
38886,no_incendio,-6.758724816086575,-76.05879675132634
38887,incendio,-6.1491,-76.2026
38895,incendio,-8.0053,-77.7523
38897,no_incendio,-5.5683966845979995,-76.81768428751661
38899,no_incendio,-6.3280159994888185,-76.39673641063581
38904,no_incendio,-5.802494877336548,-76.35132685190827
38907,no_incendio,-7.530943089944216,-75.61039209936172
38916,no_incendio,-6.426707190480592,-75.93955631582219
38918,incendio,-7.5443,-76.6195
38926,incendio,-7.5585,-76.699
38934,no_incendio,-6.40519633681147,-77.40140623826653
38941,incendio,-5.7635,-77.2834
38942,no_incendio,-5.605657953237715,-77.33944421680316
38944,no_incendio,-5.761894026687926,-76.71626651276603
38950,no_incendio,-5.402348170521421,-77.02463779239379
38951,no_incendio,-5.334479044366705,-77.48777820988575
38963,incendio,-6.964,-76.4772
38965,incendio,-5.8988,-76.1084
38966,incendio,-6.0578,-76.3264
38967,incendio,-6.9451,-76.6554
38970,incendio,-5.6282,-76.6934
38971,incendio,-5.8272,-76.0497
38974,incendio,-6.5617,-76.2697
38977,incendio,-7.2355,-76.8336
38978,incendio,-7.1645,-76.3514
38979,incendio,-6.5063,-76.3332
38980,incendio,-6.1682,-76.2657
38983,no_incendio,-7.485621627002571,-76.9594043618508
39000,incendio,-7.369,-76.5828
39003,incendio,-6.3012,-76.5767
39004,incendio,-6.7208,-76.7271
39010,incendio,-5.7902,-76.3453
39011,incendio,-7.4115,-76.542
39015,incendio,-6.7915,-76.2608
39016,incendio,-6.3771,-76.7414
39021,no_incendio,-6.2585048621667685,-76.21326265306386
39030,no_incendio,-6.693645231607011,-77.00083886723358
39031,incendio,-7.4595,-76.6796
39032,no_incendio,-6.7392978420431415,-76.19966664513106
39033,incendio,-8.6294,-76.7306
39034,no_incendio,-5.369370124540203,-77.53041632467286
39043,incendio,-6.2899,-75.8459
39047,incendio,-6.3485,-76.0433
39048,no_incendio,-7.493235179350296,-76.56434016404388
39053,no_incendio,-6.45014471724059,-77.23785683491617
39058,incendio,-7.4609,-76.6629
39062,incendio,-6.6967,-76.7416
39065,no_incendio,-7.279073350966451,-75.53370306812118
39067,incendio,-6.7759,-76.477
39071,incendio,-7.4751,-76.4746
39085,incendio,-6.4668,-76.4667
39087,no_incendio,-5.3750389583532385,-76.27737605989306
39088,incendio,-6.9996,-76.3112
39090,incendio,-6.8945,-76.6514
39094,no_incendio,-5.304216028521146,-77.22955638933952
39096,no_incendio,-5.880891988248802,-77.50381327072611
39097,no_incendio,-6.859834032339221,-77.17846783969736
39098,incendio,-5.6155,-76.6994
39103,incendio,-6.8199,-76.5222
39110,incendio,-6.4164,-75.7301
39116,no_incendio,-6.5791773780212175,-75.5208242841422
39117,incendio,-6.274,-75.8973
39126,no_incendio,-5.911980434774437,-76.07407858450021
39129,no_incendio,-7.1205154593131565,-76.76326173892171
39131,incendio,-5.6865,-75.925
39133,incendio,-6.175,-76.9628
39137,incendio,-8.7594,-77.6282
39151,incendio,-7.1865,-76.6851
39152,no_incendio,-6.311293975828189,-76.65790550589152
39157,incendio,-7.2512,-76.7031
39160,no_incendio,-5.7927379696305294,-76.1467304713267
39161,incendio,-7.3749,-76.8272
39164,incendio,-7.3324,-76.6092
39166,incendio,-6.2598,-76.0246
39167,incendio,-6.2522,-76.0635
39169,no_incendio,-6.942054443870175,-75.88451122317879
39170,no_incendio,-5.984669195028871,-76.49551058575585
39175,no_incendio,-6.576004984769571,-77.51523302793387
39177,incendio,-7.1165,-76.321
39183,incendio,-6.6187,-76.1298
39184,no_incendio,-5.343847653580683,-76.19643132056173
39186,no_incendio,-6.774947131584925,-76.00722166007617
39193,no_incendio,-5.756771146595229,-77.41858176231523
39196,no_incendio,-5.7980276983387755,-76.60461534978732
39207,no_incendio,-5.921016028711128,-75.70718586514504
39209,incendio,-6.7987,-76.4624
39216,incendio,-6.0711,-76.2252
39217,incendio,-6.2466,-76.1436
39218,incendio,-6.707,-76.3858
39221,incendio,-6.7622,-76.1516
39223,incendio,-6.1766,-76.3288
39227,incendio,-6.6181,-75.5948
39233,incendio,-5.9846,-76.2409
39235,incendio,-8.6192,-76.6029
39241,no_incendio,-7.511017054186108,-77.44217334143556
39245,incendio,-8.2038,-76.9894
39247,incendio,-7.1811,-76.2903
39259,incendio,-6.3637,-76.6734
39265,incendio,-5.7566,-76.4913
39272,incendio,-7.2756,-76.6912
39282,incendio,-6.3041,-76.3184
39284,no_incendio,-6.174948624269397,-76.36859139619342
39286,incendio,-6.6649,-76.5494
39290,no_incendio,-5.5629279584591815,-75.58676722265717
39291,incendio,-7.4533,-76.565
39293,no_incendio,-7.343476837968453,-76.86299220846689
39306,incendio,-7.1981,-76.5222
39307,incendio,-7.4637,-76.6808
39312,incendio,-6.4104,-76.7881
39314,incendio,-7.4125,-76.6988
39321,no_incendio,-6.180704652480343,-76.89113580194854
39328,no_incendio,-6.934543735011002,-76.3579106281597
39333,incendio,-5.3088,-76.3017
39336,no_incendio,-6.248141133810431,-75.50987121265236
39349,no_incendio,-5.590745607594968,-76.01092904258273
39364,no_incendio,-7.153254312142147,-75.61931012295983
39366,no_incendio,-7.124526948992974,-75.69099174784184
39374,incendio,-7.1792,-76.3723
39375,incendio,-6.3516,-76.7841
39377,no_incendio,-7.289453419528988,-76.70433724655702
39378,incendio,-7.5578,-76.7133
39381,incendio,-6.3245,-76.1987
39383,no_incendio,-5.657826113607748,-77.0484188289704
39384,no_incendio,-7.538851524680003,-76.89606525439852
39388,incendio,-6.8521,-76.5785
39395,no_incendio,-7.1291364623253095,-77.04904307212506
39404,no_incendio,-6.725956984213016,-76.31094915112595
39407,incendio,-5.8188,-76.5308
39417,incendio,-7.6896,-76.4817
39421,no_incendio,-5.532853929708149,-75.98229483983717
39429,incendio,-8.1088,-77.6855
39430,incendio,-7.2011,-76.6874
39431,no_incendio,-7.124827279927048,-76.79852328354966
39433,no_incendio,-7.408503653357758,-76.24578800464187
39434,no_incendio,-6.806897768294474,-76.17637549858149
39438,incendio,-7.521,-76.6465
39439,no_incendio,-6.256015929782314,-76.34693713254352
39443,incendio,-6.7781,-76.639
39445,incendio,-7.1964,-76.8557
39450,incendio,-6.7612,-76.6021
39451,no_incendio,-6.013807781245941,-77.54515653099793
39452,incendio,-6.8251,-76.1089
39453,no_incendio,-5.937659253977012,-77.34942172737706
39455,no_incendio,-6.109182329794082,-77.41759375115069
39458,no_incendio,-7.3045123106112335,-75.99723406684437
39459,incendio,-7.3414,-76.6885
39461,incendio,-6.1129,-76.1602
39462,incendio,-8.6462,-76.7892
39466,incendio,-5.907,-76.2851
39470,no_incendio,-6.979782618165886,-76.34280103633438
39483,no_incendio,-7.3226422677593845,-76.0064093237638
39484,no_incendio,-6.072304927752775,-76.77556503555117
39490,no_incendio,-6.745283632589781,-76.33682715106067
39492,no_incendio,-5.503666402060762,-76.62944463990817
39496,incendio,-6.9491,-76.5971
39497,incendio,-5.9207,-76.1501
39501,no_incendio,-6.6229879670061225,-75.80299704996388
39507,incendio,-7.307,-75.5066
39517,no_incendio,-7.346936014424016,-77.24612328998047
39521,incendio,-6.7256,-76.428
39524,incendio,-5.7913,-77.3066
39533,no_incendio,-6.586264053943194,-75.6879198104013
39535,incendio,-7.3736,-76.7292
39553,no_incendio,-5.605657953237715,-77.33944421680316
39558,no_incendio,-5.603013181516009,-76.25847933744605
39560,no_incendio,-5.525266717128592,-75.70624108601852
39561,incendio,-7.3875,-76.7327
39562,no_incendio,-6.725956984213016,-76.31094915112595
39565,no_incendio,-5.399995483023551,-76.68244565675566
39568,incendio,-5.732,-76.176
39569,no_incendio,-6.224885960981276,-76.91366721974305
39570,incendio,-6.7133,-76.6878
39577,incendio,-7.3447,-76.9222
39582,no_incendio,-7.206553379936274,-76.41990893868237
39587,incendio,-6.2264,-76.1706
39592,no_incendio,-5.576377400601263,-76.00886183713747
39597,no_incendio,-7.224623096753857,-76.90340581488266
39598,no_incendio,-7.019065477801208,-77.45420422372614
39605,no_incendio,-5.775752820945428,-75.77309666724678
39611,incendio,-7.1527,-76.2497
39622,no_incendio,-6.8038809431040965,-76.81652393345753
39626,no_incendio,-5.9729308547052575,-77.19584889522876
39627,incendio,-5.7726,-77.3953
39628,no_incendio,-5.6909060907931215,-77.03642215530066
39631,incendio,-5.9919,-76.4634
39632,incendio,-5.6847,-77.512
39635,incendio,-6.6666,-76.7326
39644,incendio,-6.9933,-76.625
39645,incendio,-6.5841,-76.6801
39648,no_incendio,-5.668562711065817,-75.61105576661728
39650,no_incendio,-6.326986282349614,-75.6142180056652
39651,incendio,-7.5529,-76.4871
39653,incendio,-7.5646,-76.2066
39659,no_incendio,-6.306399139576039,-77.35464424704278
39660,no_incendio,-6.437468171319466,-76.61472481016831
39669,incendio,-6.4407,-76.464
39671,incendio,-6.373,-75.903
39672,no_incendio,-6.074232738963784,-75.5615873787058
39685,incendio,-6.8079,-76.8967
39686,no_incendio,-7.493540878148328,-76.20838654108637
39689,no_incendio,-5.382698663545955,-75.70884428974506
39697,no_incendio,-6.076651418507213,-75.99938351654062
39698,incendio,-5.9527,-76.1987
39703,incendio,-6.9049,-76.6688
39706,no_incendio,-5.9969306066925245,-75.59395245076587
39709,incendio,-8.4678,-76.4128
39710,no_incendio,-7.200090625449649,-75.973583692229
39712,incendio,-6.9775,-76.6133
39717,incendio,-6.0216,-77.1761
39722,no_incendio,-6.727398434306363,-77.48848492382807
39725,no_incendio,-5.304216028521146,-77.22955638933952
39732,no_incendio,-6.096039133600909,-76.29380539264065
39734,no_incendio,-5.451597714525489,-77.32234997673201
39735,incendio,-8.5571,-77.7495
39738,no_incendio,-7.179164728014299,-77.26673458504925
39739,no_incendio,-6.191285072180344,-75.97348634249272
39743,incendio,-7.4132,-76.7847
39756,no_incendio,-6.3737423006602185,-77.16577350376646
39760,incendio,-5.8516,-77.0949
39762,incendio,-6.1437,-76.8845
39763,no_incendio,-7.389808722529589,-77.07301560245696
39767,incendio,-7.0362,-76.1338
39768,no_incendio,-6.333472406743339,-75.64833382378124
39769,no_incendio,-5.6819042694428346,-76.21370978152449
39772,no_incendio,-5.509842715479968,-77.22974622552158
39773,no_incendio,-5.976958562482058,-76.80488821989493
39774,no_incendio,-6.442429492492132,-75.8210206317141
39777,incendio,-7.2507,-76.4485
39778,incendio,-6.7624,-76.6359
39779,incendio,-7.498,-76.4561
39781,incendio,-7.531,-76.7055
39785,no_incendio,-7.523343048173316,-75.60465669486607
39786,incendio,-6.2534,-76.2368
39789,incendio,-8.3926,-77.776
39790,no_incendio,-6.1464831206689965,-77.21946152659409
39797,incendio,-7.5445,-76.2084
39798,incendio,-7.3049,-76.7284
39810,incendio,-5.8285,-77.4231
39813,incendio,-6.8323,-76.5378
39817,incendio,-7.0189,-76.6992
39828,incendio,-5.8504,-77.1779
39831,incendio,-5.8529,-77.179
39833,incendio,-6.5148,-77.7577
39836,incendio,-7.044,-76.6241
39837,incendio,-6.9774,-76.4692
39840,incendio,-8.6444,-76.3185
39844,incendio,-6.7259,-77.4306
39846,incendio,-7.2726,-76.3273
39856,no_incendio,-5.62140995348484,-75.55506281291692
39857,no_incendio,-5.544976635100384,-76.33130727413504
39858,incendio,-8.4093,-76.2667
39860,incendio,-6.8761,-76.6147
39861,no_incendio,-6.350208583490028,-76.38539627900366
39867,no_incendio,-5.932677032359028,-76.67039982026421
39879,incendio,-8.3711,-76.2788
39884,incendio,-7.6312,-76.4994
39885,incendio,-8.7113,-76.2869
39887,incendio,-5.5123,-76.6092
39892,no_incendio,-5.576377400601263,-76.00886183713747
39894,no_incendio,-5.306306841629591,-77.15046908916776
39901,no_incendio,-5.362923654155092,-76.9119868960568
39907,no_incendio,-6.266506898778969,-76.33689278886196
39911,incendio,-7.4095,-76.6084
39912,no_incendio,-6.4080436516823225,-77.02161843514952
39918,no_incendio,-5.925744830854394,-76.62635370808266
39923,incendio,-6.5932,-76.1096
39928,incendio,-6.1463,-76.3302
39934,incendio,-7.5056,-76.5766
39936,no_incendio,-7.000095620614563,-76.8362748925339
39940,incendio,-7.2233,-77.0617
39941,incendio,-8.1562,-77.2781
39947,no_incendio,-7.186570265010596,-75.84461863050306
39950,incendio,-5.8484,-77.327
39951,no_incendio,-5.382192721085108,-75.80513455395052
39956,incendio,-7.2531,-76.8068
39960,no_incendio,-6.129131664861193,-76.45649977733511
39961,incendio,-7.1458,-77.1131
39964,incendio,-7.3087,-76.8292
39966,incendio,-6.2253,-76.1122
39968,incendio,-7.2354,-76.4397
39976,incendio,-6.657,-77.4673
39979,no_incendio,-5.559553740329016,-76.98206356543957
39981,no_incendio,-6.546795271979165,-77.13463626494185
39986,incendio,-5.748,-76.4722
39995,no_incendio,-7.134812798520641,-75.55898183219816
40000,incendio,-7.2852,-76.3649
40006,no_incendio,-7.000185157265019,-76.24279253564121
40008,incendio,-7.3385,-76.7543
40011,no_incendio,-5.304618892030704,-75.54825226766168
40014,incendio,-6.7173,-76.3724
40019,incendio,-7.4528,-76.5932
40025,no_incendio,-5.501399945972402,-76.12442406721492
40028,incendio,-6.0976,-76.175
40032,incendio,-6.8613,-76.6136
40040,incendio,-5.7022,-77.4007
40043,incendio,-5.9736,-76.1202
40044,no_incendio,-6.6966130629090745,-76.20140385770695
40052,no_incendio,-6.052146999790762,-76.66693051861807
40053,incendio,-5.8827,-75.9964
40057,incendio,-7.1909,-76.1508
40063,incendio,-7.3148,-76.6299
40064,no_incendio,-7.419812910820906,-75.99406148062167
40072,incendio,-8.6817,-76.911
40073,no_incendio,-6.581835148874593,-77.10480197876178
40077,incendio,-7.2864,-76.3629
40079,incendio,-8.2199,-76.4507
40080,incendio,-5.8445,-75.9674
40082,incendio,-6.5513,-76.4955
40083,incendio,-7.3811,-76.5512
40084,no_incendio,-6.060981828013205,-76.61589601950963
40108,no_incendio,-7.329270682828255,-76.84451015929197
40109,no_incendio,-5.509842715479968,-77.22974622552158
40110,incendio,-7.2074,-76.3326
40115,incendio,-8.2324,-76.4268
40123,no_incendio,-6.242683257012905,-77.09272695265327
40124,incendio,-6.8528,-76.4932
40126,no_incendio,-5.99701125020352,-76.97976479165838
40128,no_incendio,-5.933819847140226,-76.39063203845332
40138,incendio,-8.3474,-77.643
40142,no_incendio,-7.06430285125658,-76.42921371383994
40144,no_incendio,-5.928392145710498,-76.5403998802667
40150,no_incendio,-6.71467279372098,-77.07743264874856
40151,incendio,-7.1549,-76.3153
40153,incendio,-5.7441,-76.2603
40155,incendio,-6.1557,-76.1619
40156,no_incendio,-5.658384235826694,-76.44208065955317
40166,no_incendio,-5.786742413220336,-77.47906670461887
40187,incendio,-6.7985,-76.1561
40188,no_incendio,-6.581475655282046,-76.92813918096854
40191,no_incendio,-5.636606643396935,-75.65023157423232
40193,no_incendio,-5.875159377973664,-77.1185525314163
40194,no_incendio,-5.87938832915223,-76.90538612384941
40202,incendio,-7.6248,-76.4968
40206,no_incendio,-6.400727870765625,-77.48420741846027
40207,no_incendio,-7.03159653116471,-76.48526719545968
40219,incendio,-8.3842,-76.3282
40222,incendio,-7.1366,-76.2664
40226,incendio,-7.5722,-76.529
40227,no_incendio,-7.010865933982342,-76.63167881965191
40228,no_incendio,-5.952502510545931,-77.35100051203952
40229,incendio,-6.6184,-76.6909
40233,no_incendio,-6.284005972985306,-75.8733537299608
40234,no_incendio,-6.998414939340265,-75.67912715079014
40242,no_incendio,-5.313659040472185,-75.7974059398213
40243,incendio,-5.8402,-76.2175
40244,incendio,-6.3018,-75.8648
40246,no_incendio,-7.107720073878569,-76.6999842966137
40247,incendio,-7.4102,-76.7112
40249,no_incendio,-6.238722534494159,-76.96599757551694
40253,incendio,-7.1995,-76.8645
40254,incendio,-7.1797,-76.8308
40259,incendio,-5.8574,-75.9687
40260,incendio,-7.0012,-76.8404
40263,no_incendio,-6.953964765279714,-77.26246463391935
40266,no_incendio,-5.4157703002618724,-75.88771884850634
40269,no_incendio,-5.608145245385959,-76.22898397370268
40272,no_incendio,-5.433480478841975,-76.00940335234054
40275,no_incendio,-7.021631546381363,-76.8111659595044
40282,incendio,-6.1932,-75.9623
40292,incendio,-8.377,-76.2382
40300,incendio,-6.9147,-76.8736
40304,incendio,-6.5265,-76.7715
40307,no_incendio,-6.486581240227174,-76.15835402098138
40310,incendio,-7.4024,-76.7456
40311,no_incendio,-6.808298154641365,-77.1261442416624
40317,no_incendio,-5.70993701267222,-76.39276259470975
40323,incendio,-5.5026,-75.8676
40330,no_incendio,-5.868777989192487,-75.61031419176939
40335,no_incendio,-5.3689055308415,-76.62344622964636
40337,incendio,-5.7612,-76.528
40339,no_incendio,-5.8511939634062635,-76.52247944634267
40342,no_incendio,-5.743346331540995,-77.34641722204898
40347,no_incendio,-6.8241555048520945,-76.01927599626522
40351,incendio,-6.6085,-75.6277
40354,incendio,-5.6763,-76.4784
40358,incendio,-6.0839,-76.132
40359,no_incendio,-5.661805796480656,-77.53514186743837
40360,incendio,-8.5095,-76.3405
40364,no_incendio,-5.907158352622331,-77.4442973163752
40367,no_incendio,-5.747289104744423,-76.88274608576704
40372,incendio,-8.5992,-76.5734
40376,incendio,-7.2012,-76.2718
40379,incendio,-5.881,-75.909
40385,no_incendio,-6.694264893002906,-76.05015609684683
40388,incendio,-7.2937,-76.8261
40391,incendio,-5.3205,-76.4472
40392,no_incendio,-6.386426402369189,-77.04162489751405
40394,no_incendio,-6.581475655282046,-76.92813918096854
40395,no_incendio,-5.304618892030704,-75.54825226766168
40396,no_incendio,-7.188505073730313,-76.90328431055737
40398,no_incendio,-6.447996016247126,-77.41234607167007
40406,no_incendio,-5.73056432169004,-76.88063042787364
40409,no_incendio,-6.921582299532002,-76.91163158233097
40410,no_incendio,-6.190864426146802,-76.12967606406326
40420,incendio,-6.9668,-76.924
40421,incendio,-5.841,-76.2358
40428,incendio,-7.1932,-76.4767
40432,incendio,-8.5642,-76.8709
40435,no_incendio,-7.391354511869424,-77.17370886410413
40436,no_incendio,-6.129131664861193,-76.45649977733511
40439,incendio,-6.4796,-77.4628
40441,no_incendio,-5.733303330887296,-76.64353813041618
40443,no_incendio,-5.647813944563046,-75.98631579821414
40453,incendio,-7.2596,-76.5978
40454,no_incendio,-6.324514222860181,-76.89947276475436
40456,incendio,-6.1855,-76.7673
40464,incendio,-6.1544,-76.3713
40471,no_incendio,-5.3579190970036175,-75.71127050256207
40473,no_incendio,-7.307422219905113,-77.49030389420659
40475,incendio,-7.1867,-76.0437
40476,incendio,-6.6491,-76.6215
40479,incendio,-7.4445,-76.6364
40487,incendio,-6.644,-76.1936
40489,no_incendio,-5.9069362811274955,-76.90796880037888
40490,incendio,-6.7344,-76.1223
40492,incendio,-6.6873,-76.4302
40493,incendio,-6.3553,-75.765
40496,incendio,-6.2987,-76.7398
40497,incendio,-7.3292,-76.9753
40499,no_incendio,-6.931488241799888,-76.75916732730077
40506,no_incendio,-6.5096234782459765,-76.05722709745423
40510,incendio,-7.0422,-76.2342
40511,incendio,-6.8858,-76.7932
40514,incendio,-6.1579,-76.2184
40517,incendio,-6.2573,-76.1697
40518,incendio,-7.4261,-76.6943
40519,incendio,-7.0851,-76.5265
40523,incendio,-6.0408,-77.2454
40533,incendio,-7.1036,-76.3798
40534,incendio,-5.7676,-76.2264
40536,no_incendio,-6.042014186508827,-75.97046946062136
40539,incendio,-7.3559,-76.6032
40541,incendio,-7.0735,-77.0795
40543,incendio,-7.4769,-76.596
40546,incendio,-5.8513,-77.0512
40547,no_incendio,-7.488895468406661,-77.22046866095448
40549,no_incendio,-6.190864426146802,-76.12967606406326
40550,incendio,-7.1381,-76.7928
40552,no_incendio,-6.693645231607011,-77.00083886723358
40557,incendio,-6.4373,-75.6993
40567,no_incendio,-5.979395848987274,-75.81605060669331
40580,incendio,-8.712,-76.8478
40583,incendio,-5.6929,-76.6497
40587,incendio,-7.2965,-76.5949
40588,incendio,-6.8394,-76.5378
40591,no_incendio,-5.313659040472185,-75.7974059398213
40592,incendio,-7.5534,-76.7133
40594,incendio,-7.3876,-76.6932
40595,incendio,-6.944,-76.2422
40603,incendio,-8.6472,-76.7947
40604,no_incendio,-6.22948269148436,-77.46060172999928
40605,no_incendio,-5.775752820945428,-75.77309666724678
40610,no_incendio,-7.119124402863609,-77.37715689078294
40612,incendio,-7.3094,-76.4004
40613,incendio,-7.4685,-76.6533
40614,no_incendio,-5.846363398738161,-76.40526766705626
40615,incendio,-5.9368,-76.2986
40618,no_incendio,-6.796333772184817,-76.78935654696676
40627,no_incendio,-7.284463966351714,-76.84480226943248
40631,incendio,-7.1724,-76.9999
40634,no_incendio,-7.03159653116471,-76.48526719545968
40636,incendio,-7.0151,-76.462
40644,no_incendio,-6.6817259124413635,-75.77879648666988
40646,incendio,-7.569,-76.6232
40659,no_incendio,-6.125013751679443,-76.15307627183338
40668,no_incendio,-5.913444133925558,-76.54061399484421
40669,incendio,-6.82,-76.6464
40676,incendio,-7.2444,-76.3522
40678,no_incendio,-6.1503156162969,-75.68207577523512
40680,incendio,-7.4175,-76.7829
40681,no_incendio,-6.152311336764004,-75.83217280220295
40685,no_incendio,-6.353424809181855,-75.63008762129351
40686,no_incendio,-6.47129538831012,-76.10848069167751
40694,incendio,-7.2405,-76.3081
40696,incendio,-5.8596,-76.0105
40699,no_incendio,-7.433029202252227,-75.6952599290436
40705,incendio,-6.2801,-75.9011
40712,no_incendio,-7.53821724475927,-77.34792258266398
40731,no_incendio,-7.4055258629962415,-75.72836594706017
40742,no_incendio,-7.390169812745361,-75.85173982819381
40745,incendio,-8.4141,-76.3515
40746,incendio,-6.9842,-76.7152
40749,no_incendio,-5.5629279584591815,-75.58676722265717
40750,no_incendio,-6.351517341637376,-77.31017116176967
40770,incendio,-5.3427,-76.6043
40772,no_incendio,-5.391936920318269,-75.74765732530163
40778,incendio,-8.4048,-76.7558
40782,no_incendio,-6.73154658128307,-77.37224800507184
40791,incendio,-7.0921,-77.6642
40803,incendio,-5.7146,-77.4444
40805,incendio,-5.8156,-77.4463
40806,incendio,-8.6604,-76.8654
40807,incendio,-5.8,-77.4164
40813,incendio,-6.9672,-76.4894
40822,incendio,-5.9428,-77.2204
40823,incendio,-7.353,-76.0545
40826,incendio,-7.4139,-76.6206
40834,incendio,-5.8998,-75.9725
40835,no_incendio,-6.156942123129494,-76.92567844755888
40844,incendio,-6.5748,-76.3971
40845,incendio,-7.6423,-76.6553
40846,incendio,-8.0732,-76.7195
40851,incendio,-6.747,-76.6613
40859,no_incendio,-7.0294194294183265,-77.09735006276883
40860,incendio,-6.3671,-76.1281
40865,incendio,-6.0672,-75.8013
40866,incendio,-7.5332,-76.4321
40869,no_incendio,-6.6588540055381635,-76.3643446123623
40875,incendio,-5.8798,-77.4815
40876,incendio,-6.9369,-76.7022
40880,no_incendio,-7.040747836565641,-76.40061304391803
40882,incendio,-5.5011,-76.763
40883,incendio,-6.1307,-76.2458
40885,no_incendio,-7.311635265992554,-75.85999069910886
40892,incendio,-6.7638,-76.6457
40895,incendio,-6.4393,-75.7793
40900,incendio,-6.6944,-77.4367
40903,incendio,-6.9163,-76.8425
40904,incendio,-5.9383,-77.0781
40910,incendio,-8.2857,-76.4245
40911,incendio,-6.236,-76.1605
40913,no_incendio,-7.201796098982287,-75.59066106327278
40916,no_incendio,-5.452511328645989,-77.32229773796371
40919,incendio,-6.9623,-76.7776
40923,no_incendio,-6.082418461874669,-76.27878687106944
40925,incendio,-6.614,-76.7636
40927,incendio,-6.124,-76.2883
40929,no_incendio,-5.3689055308415,-76.62344622964636
40932,incendio,-8.1947,-76.3788
40936,no_incendio,-6.621617501983885,-75.65329251395444
40937,incendio,-6.8239,-76.4972
40938,incendio,-5.9016,-75.9441
40940,incendio,-5.7577,-76.2076
40944,no_incendio,-7.3828581911388165,-75.8721549637632
40945,incendio,-6.2092,-76.2673
40946,incendio,-6.6112,-76.1172
40948,incendio,-8.136,-76.4741
40951,no_incendio,-6.5340207470218745,-75.73082220173393
40955,no_incendio,-6.619578652288662,-76.97686198868091
40957,incendio,-6.529,-76.3651
40962,incendio,-7.3593,-76.7854
40963,incendio,-6.0284,-76.8637
40970,no_incendio,-6.24237475480212,-75.58560175040829
40982,incendio,-7.2003,-76.252
40984,incendio,-6.7692,-76.4097
40987,no_incendio,-5.413750833598563,-75.87946450439262
40993,incendio,-6.7865,-76.8434
40994,incendio,-6.8319,-76.4439
40995,incendio,-8.6148,-76.6118
40996,no_incendio,-6.727275952714791,-77.44889142586435
41009,no_incendio,-5.4225864404931166,-77.44996456310464
41011,incendio,-7.0469,-76.5207
41012,incendio,-6.1341,-76.8506
41013,no_incendio,-7.124526948992974,-75.69099174784184
41017,no_incendio,-5.719203795161454,-76.0632701523621
41020,no_incendio,-5.590954776196541,-75.61262101600937
41031,no_incendio,-5.691367325953232,-76.91174291210852
41043,no_incendio,-7.233124705417647,-77.12066793132318
41045,no_incendio,-7.312843125933768,-75.51939324111113
41047,incendio,-5.7332,-76.4663
41052,incendio,-8.0827,-76.5842
41053,incendio,-8.4149,-77.178
41059,no_incendio,-6.695277689736439,-77.08154414600035
41060,no_incendio,-5.323979357908248,-75.76496426046252
41069,incendio,-7.4876,-76.7766
41073,no_incendio,-6.064968975705764,-75.80158619111924
41075,incendio,-5.352,-76.5237
41083,no_incendio,-6.787051317211901,-77.10628604223226
41085,incendio,-7.0641,-76.1838
41099,incendio,-6.1777,-76.2232
41104,no_incendio,-5.394785578322833,-77.00358788486766
41111,no_incendio,-5.6698457830937325,-76.36289670664165
41114,incendio,-6.3422,-76.5047
41117,no_incendio,-6.788644402631232,-76.08655221338569
41122,incendio,-6.8997,-76.8129
41125,incendio,-6.5761,-77.2296
41128,incendio,-6.7412,-76.3893
41133,incendio,-7.2025,-76.8282
41137,no_incendio,-7.589730303914846,-76.05435857716274
41138,incendio,-5.7709,-77.4307
41140,incendio,-8.4516,-76.2347
41147,incendio,-8.6389,-76.3362
41148,no_incendio,-6.6832264067033,-77.40030797685029
41156,no_incendio,-5.8166617894952815,-76.28161854109814
41160,no_incendio,-7.232373566693578,-77.33989801092913
41163,no_incendio,-6.248030507497377,-77.52671049342304
41164,no_incendio,-5.31562173519542,-75.64368786803017
41169,no_incendio,-7.217736549985553,-75.80888423805258
41171,no_incendio,-5.693256209324268,-76.57722873694159
41172,no_incendio,-5.8586832152668595,-76.15130829850591
41174,no_incendio,-6.777339583024972,-77.16983093641421
41175,no_incendio,-5.815055199872086,-76.00054370091742
41191,incendio,-6.6062,-76.6766
41193,incendio,-7.1326,-76.5578
41197,no_incendio,-5.343847653580683,-76.19643132056173
41198,incendio,-6.8695,-76.5539
41201,incendio,-7.294,-76.4592
41211,incendio,-6.3372,-76.1134
41214,no_incendio,-6.635301014584928,-76.41004319664097
41221,incendio,-6.2769,-75.8283
41225,incendio,-5.7636,-76.0593
41228,no_incendio,-6.6817259124413635,-75.77879648666988
41229,incendio,-6.7858,-76.5616
41237,incendio,-6.6239,-77.4246
41242,incendio,-7.2696,-76.603
41243,no_incendio,-6.010674240572804,-77.09796715104932
41261,incendio,-5.3091,-76.9486
41270,incendio,-7.1927,-76.3641
41271,no_incendio,-6.641370996240543,-76.27210728920325
41275,incendio,-7.2948,-76.8183
41276,no_incendio,-7.378012032391012,-77.45917085361808
41278,incendio,-7.3331,-76.7419
41283,no_incendio,-6.9821795229188215,-77.4814837765738
41289,incendio,-6.4175,-75.8831
41291,incendio,-8.2077,-77.7305
41294,incendio,-7.4974,-76.4366
41295,incendio,-8.3185,-76.3448
41297,incendio,-7.6095,-76.6376
41302,incendio,-6.6723,-75.6017
41303,no_incendio,-7.58397179719786,-76.78899858637695
41314,incendio,-5.8762,-76.0348
41315,incendio,-6.5007,-75.6495
41316,no_incendio,-5.646223843039662,-77.22265388647651
41317,incendio,-5.9669,-76.1806
41330,incendio,-5.6856,-77.5966
41333,incendio,-5.6762,-76.5903
41334,incendio,-8.5741,-76.3494
41335,incendio,-5.8649,-76.0014
41338,incendio,-6.2719,-76.0198
41340,incendio,-6.177,-77.0146
41341,incendio,-5.8413,-76.2554
41348,no_incendio,-6.026656147123168,-76.76469510540855
41357,no_incendio,-7.401018606692293,-76.00185651713339
41362,incendio,-7.1779,-76.2515
41365,no_incendio,-6.6046403916429695,-76.28478273774354
41367,incendio,-7.0463,-76.2909
41368,no_incendio,-6.644983818759033,-76.97235660144274
41369,no_incendio,-6.843242986862935,-76.83119639273687
41370,no_incendio,-7.453299052251447,-77.18508562471676
41371,no_incendio,-6.419675876236263,-76.64489280604421
41375,incendio,-7.5157,-76.5582
41376,incendio,-7.0257,-76.5787
41379,incendio,-6.0906,-76.2727
41382,incendio,-7.2464,-76.2545
41393,no_incendio,-7.384008271248504,-77.19420546410333
41394,incendio,-7.3524,-76.6409
41400,incendio,-7.2953,-76.8123
41401,incendio,-6.9251,-76.9207
41406,incendio,-5.6729,-75.9325
41407,no_incendio,-5.437451651862052,-75.53119555354411
41410,no_incendio,-6.446999968584335,-76.20534088443561
41412,incendio,-6.8136,-76.6245
41414,incendio,-7.9373,-76.6802
41416,incendio,-8.3673,-76.4967
41424,incendio,-6.4137,-76.4178
41427,no_incendio,-6.061848479102238,-75.8084457666632
41429,no_incendio,-6.777339583024972,-77.16983093641421
41431,incendio,-5.8028,-77.4506
41437,incendio,-6.7859,-76.1545
41448,incendio,-7.3792,-76.6111
41453,incendio,-6.9709,-76.1381
41464,incendio,-6.7754,-76.7896
41467,incendio,-5.8632,-76.1746
41477,no_incendio,-6.893924031218003,-76.04905921446095
41479,no_incendio,-5.710479011729555,-76.39175910938613
41480,no_incendio,-5.31562173519542,-75.64368786803017
41483,incendio,-5.9465,-77.1715
41485,incendio,-7.1525,-76.5373
41486,no_incendio,-6.156942123129494,-76.92567844755888
41489,incendio,-5.6825,-76.4868
41494,incendio,-8.1198,-76.5388
41495,incendio,-7.2582,-76.422
41497,incendio,-6.9906,-76.8848
41503,incendio,-6.7763,-76.4861
41511,incendio,-7.3704,-76.4278
41513,incendio,-7.1256,-76.3001
41517,no_incendio,-5.533837838145786,-75.72558753064112
41518,incendio,-5.9706,-76.9117
41519,incendio,-7.1973,-77.0831
41532,incendio,-6.485,-76.8172
41538,no_incendio,-5.945782975612446,-75.78933619991895
41545,incendio,-6.2309,-75.984
41551,no_incendio,-6.797128032172363,-76.15133853102378
41561,incendio,-6.9867,-76.8012
41562,no_incendio,-6.376048501437837,-77.12747027240657
41570,incendio,-6.0406,-76.0019
41572,no_incendio,-5.603013181516009,-76.25847933744605
41573,incendio,-5.3438,-76.7561
41574,no_incendio,-5.68462514388274,-76.77383589546262
41576,no_incendio,-6.309912628737243,-75.57235857764702
41579,no_incendio,-6.428027041919373,-76.62475957936073
41586,incendio,-7.2831,-76.1096
41589,no_incendio,-5.432202072011853,-76.59374002276904
41590,incendio,-6.3252,-75.7392
41591,incendio,-7.3763,-76.5716
41593,no_incendio,-6.043030962073811,-76.47604236953148
41596,incendio,-8.0899,-76.7782
41599,no_incendio,-5.561988258344413,-76.88991934204635
41601,incendio,-6.8804,-76.6799
41602,no_incendio,-6.684698936601428,-75.64362761188839
41604,no_incendio,-6.134775971165761,-75.80907324993491
41607,no_incendio,-7.082610644878744,-76.41583738866235
41609,no_incendio,-6.089075896633828,-77.11331132604498
41612,incendio,-7.3358,-76.558
41617,incendio,-5.7393,-76.012
41619,incendio,-6.5917,-75.652
41625,incendio,-7.0288,-76.6103
41628,incendio,-5.7813,-76.5258
41629,no_incendio,-6.2554801571250565,-76.43574997258422
41632,no_incendio,-6.011348651194169,-77.43448041427209
41634,incendio,-7.1634,-76.0331
41640,no_incendio,-5.561920884041726,-75.5653879895247
41646,incendio,-8.1911,-75.6627
41649,no_incendio,-5.691703950902071,-76.93733770607169
41651,no_incendio,-5.937659253977012,-77.34942172737706
41654,incendio,-6.1336,-76.4175
41656,no_incendio,-6.385759143148429,-76.5709354755892
41657,incendio,-6.6432,-76.3253
41660,incendio,-6.2052,-75.8889
41664,no_incendio,-5.418336191471334,-77.27363994749886
41674,incendio,-6.1863,-75.9
41676,incendio,-7.0347,-76.107
41677,incendio,-6.5537,-76.3792
41687,incendio,-7.5662,-76.2058
41694,no_incendio,-6.032637337308331,-77.27677952675285
41697,incendio,-8.1219,-76.6739
41699,no_incendio,-5.563302307050842,-76.50751783358145
41702,incendio,-8.6459,-76.3194
41705,incendio,-5.8068,-76.5264
41710,no_incendio,-6.234614825176705,-77.3723732006722
41711,incendio,-8.3438,-76.423
41712,no_incendio,-5.808189893519151,-75.58463969579134
41713,no_incendio,-6.490435100183895,-76.04212659409674
41714,incendio,-7.4253,-76.4433
41724,no_incendio,-5.603013181516009,-76.25847933744605
41735,no_incendio,-6.660380391800162,-76.4974881056194
41738,no_incendio,-6.687814799910479,-75.56700420232013
41743,no_incendio,-5.87094442046127,-77.0385590368228
41745,incendio,-5.8529,-75.8697
41748,incendio,-7.5482,-76.4861
41749,no_incendio,-6.267765286846349,-75.88438881089547
41751,no_incendio,-7.543933320998928,-76.49404370294074
41752,incendio,-7.4119,-76.7003
41753,incendio,-8.4945,-76.2051
41755,incendio,-7.56,-77.5397
41762,incendio,-6.677,-76.6999
41763,incendio,-7.3561,-76.4443
41782,incendio,-7.5119,-76.5304
41784,incendio,-6.7089,-76.4864
41801,incendio,-8.277,-76.5735
41803,incendio,-7.015,-76.0825
41808,incendio,-6.2523,-77.26
41810,no_incendio,-7.407523974858453,-76.05767195335137
41812,incendio,-6.2909,-75.8441
41816,incendio,-7.3495,-76.7494
41817,no_incendio,-5.940833223348477,-76.76215332326328
41823,no_incendio,-7.327169653945901,-75.96963671647885
41831,no_incendio,-7.475453840000244,-77.09283995143899
41835,no_incendio,-6.165061446367449,-75.9664591742673
41836,no_incendio,-5.4181719579024135,-75.50050796250098
41840,incendio,-8.1667,-77.1152
41846,incendio,-6.3533,-76.0515
41847,incendio,-7.3247,-76.8978
41852,no_incendio,-5.451709663906019,-76.0834165906866
41853,incendio,-6.8454,-76.7009
41854,incendio,-5.8188,-77.1711
41857,incendio,-6.0353,-76.0261
41866,incendio,-7.3161,-75.6005
41869,no_incendio,-5.996065973339257,-76.13966106255965
41876,incendio,-6.0416,-75.9357
41877,incendio,-6.4975,-76.5025
41882,no_incendio,-7.336551353349131,-77.20883178649431
41884,incendio,-6.6956,-76.6877
41885,no_incendio,-5.637143675477756,-76.46390106880192
41891,incendio,-6.0614,-76.2255
41900,no_incendio,-5.987623594847527,-77.50895445827787
41902,incendio,-6.858,-76.3635
41904,no_incendio,-5.531709345051456,-76.12800515028563
41910,no_incendio,-6.446999968584335,-76.20534088443561
41914,no_incendio,-5.412071364186887,-77.00251056339543
41919,no_incendio,-6.84710555088138,-75.520478621097
41934,incendio,-6.226,-76.2676
41939,no_incendio,-7.516029592309847,-76.17814319860955
41941,incendio,-8.6348,-76.345
41948,incendio,-6.779,-76.2148
41949,no_incendio,-5.937825755560712,-77.54131014900841
41963,incendio,-5.7322,-76.1744
41968,incendio,-5.3153,-76.2753
41976,no_incendio,-5.382544750033527,-75.77853597502654
41982,no_incendio,-6.649475670478298,-75.86589242526365
41984,incendio,-6.4153,-76.4213
41986,no_incendio,-7.562840840503951,-75.66286053205432
41988,incendio,-6.4738,-75.6726
41994,incendio,-8.3973,-76.3325
41998,incendio,-5.77,-76.3679
42009,incendio,-7.3536,-76.7471
42010,no_incendio,-5.523597492537125,-76.54848022376082
42018,incendio,-5.9559,-76.3492
42023,no_incendio,-6.444054607789215,-75.60852282337595
42025,incendio,-6.5998,-75.6252
42027,incendio,-6.4956,-77.4838
42044,incendio,-5.7636,-76.1953
42045,no_incendio,-6.938909457059822,-76.15534082596828
42047,incendio,-6.1949,-75.8811
42053,incendio,-5.5334,-75.8881
42056,incendio,-6.973,-76.4388
42061,no_incendio,-6.037617039183259,-75.8633441160442
42062,no_incendio,-7.377051275028038,-75.93975534182488
42066,incendio,-7.1209,-76.4774
42069,incendio,-5.7818,-76.2663
42074,incendio,-5.7434,-75.9367
42079,incendio,-7.374,-76.4005
42092,no_incendio,-5.546857195256127,-75.81190178678054
42113,no_incendio,-6.746503515167967,-76.72857236085679
42119,no_incendio,-6.390597266026688,-76.66038678496503
42131,incendio,-6.6535,-76.6679
42132,no_incendio,-5.508214763979514,-75.68261084884283
42133,no_incendio,-7.506544236901732,-77.50246102993648
42134,no_incendio,-6.1400329007098495,-75.77782950002863
42136,incendio,-7.6338,-76.6626
42145,no_incendio,-5.397648721010737,-76.34314573163867
42147,no_incendio,-5.4433732153340495,-76.71634375535739
42150,incendio,-6.8188,-76.1944
42159,no_incendio,-7.237010441563305,-76.53847008307255
42182,no_incendio,-5.695046426207607,-76.82428560854454
42201,incendio,-6.7007,-76.4253
42203,incendio,-8.6239,-76.3451
42204,no_incendio,-7.038481344593258,-77.380855509791
42211,incendio,-7.24,-77.0827
42216,incendio,-8.4684,-76.447
42218,no_incendio,-7.143300333347583,-76.01076815200116
42219,incendio,-5.4993,-76.5348
42220,incendio,-7.5665,-76.3917
42222,incendio,-5.729,-76.6746
42225,incendio,-8.474,-76.3939
42226,incendio,-5.8242,-77.3738
42227,incendio,-7.4252,-76.4032
42236,incendio,-6.0357,-76.2557
42240,no_incendio,-5.532853929708149,-75.98229483983717
42242,incendio,-6.8779,-76.5911
42248,incendio,-7.0522,-76.2248
42261,incendio,-7.1322,-76.4203
42262,no_incendio,-5.406105166280382,-76.83363539988324
42266,incendio,-8.3036,-76.623
42268,no_incendio,-7.389808722529589,-77.07301560245696
42270,incendio,-7.0797,-76.2337
42275,incendio,-7.5841,-76.4175
42295,incendio,-7.1066,-76.7981
42298,incendio,-7.303,-76.6816
42307,no_incendio,-7.462272976116109,-77.0484423984109
42309,no_incendio,-5.648091386764367,-76.0845405608189
42318,incendio,-8.6254,-76.2993
42319,no_incendio,-6.152183459458481,-75.52419970077695
42326,incendio,-6.543,-76.5094
42328,incendio,-6.8109,-76.6767
42332,incendio,-6.8764,-76.9319
42341,incendio,-6.3544,-76.681
42347,incendio,-6.7656,-76.2365
42348,no_incendio,-5.593725246250177,-76.70151478021911
42352,incendio,-7.2972,-76.2281
42356,incendio,-6.8434,-76.3757
42361,no_incendio,-6.911906202214161,-76.30385492841812
42365,incendio,-5.8696,-76.5873
42366,no_incendio,-7.384008271248504,-77.19420546410333
42373,no_incendio,-7.491547550658209,-77.41447872545433
42375,no_incendio,-6.254046612679011,-76.94445690037632
42382,incendio,-6.4683,-76.8506
42385,no_incendio,-5.998881730764309,-77.1385121318961
42387,incendio,-7.6508,-76.7049
42390,no_incendio,-6.509338593690795,-76.81131065559471
42394,no_incendio,-6.851346088597758,-76.87565472102605
42397,no_incendio,-5.855088798772725,-76.8781669555971
42407,incendio,-6.6135,-76.6989
42412,incendio,-7.6702,-76.4609
42422,incendio,-8.5032,-77.035
42425,incendio,-6.5343,-76.7452
42430,incendio,-5.4056,-76.8436
42431,no_incendio,-5.4560539889311706,-76.17543571338655
42433,incendio,-6.6592,-76.5114
42434,no_incendio,-6.60024344042182,-76.28088372901857
42435,incendio,-6.4072,-75.7498
42438,incendio,-8.7034,-76.2691
42440,incendio,-8.7002,-76.2756
42444,no_incendio,-7.298951884711561,-75.8714337322258
42448,no_incendio,-5.9272520922930445,-77.17976360795232
42449,incendio,-6.4046,-76.9175
42450,incendio,-6.2444,-76.826
42461,no_incendio,-7.537264707596327,-76.77993123452514
42471,incendio,-8.7224,-76.1552
42474,incendio,-8.5425,-76.3579
42482,incendio,-8.5131,-76.4833
42492,incendio,-5.9919,-75.9991
42496,incendio,-5.8339,-77.3123
42503,incendio,-8.4519,-76.3574
42507,incendio,-5.9853,-76.201
42508,no_incendio,-5.829668681149241,-76.34423254304822
42520,incendio,-6.5122,-77.4825
42528,incendio,-7.1937,-76.3815
42531,incendio,-7.1491,-76.6555
42534,no_incendio,-5.541112522183527,-75.99676308138659
42536,no_incendio,-7.259025792408945,-76.1069982504593
42539,no_incendio,-5.888892522225688,-76.77144344906966
42545,incendio,-7.5544,-77.4621
42546,incendio,-5.9788,-76.2889
42562,incendio,-6.6419,-76.7736
42571,incendio,-7.4042,-76.5961
42572,no_incendio,-7.415686202537784,-75.85189468645096
42578,no_incendio,-6.823512194602855,-76.05631689166178
42586,no_incendio,-7.317626251154921,-75.78361603634158
42592,incendio,-6.1042,-76.1272
42601,incendio,-6.9233,-76.5603
42602,incendio,-6.456,-77.5012
42604,no_incendio,-5.688886934346843,-77.36422749238871
42605,no_incendio,-6.3431574963922905,-76.8897013975212
42606,no_incendio,-7.320681720418793,-75.65489361084256
42607,incendio,-7.0105,-76.7319
42619,incendio,-5.7261,-76.4369
42621,incendio,-7.3708,-76.7509
42631,incendio,-6.2818,-75.901
42633,incendio,-5.4731,-76.7761
42636,incendio,-7.0681,-76.8959
42641,incendio,-6.9947,-76.5689
42644,no_incendio,-7.163128957992517,-77.33946379317482
42649,incendio,-6.4967,-76.5534
42658,no_incendio,-5.577290052521281,-76.32966434490925
42661,no_incendio,-5.933819847140226,-76.39063203845332
42665,incendio,-7.5687,-76.5039
42667,incendio,-8.2288,-76.5717
42669,no_incendio,-7.436110407887001,-75.68288184576566
42670,no_incendio,-6.837388041019548,-77.0882269714977
42683,incendio,-7.1332,-76.8584
42685,incendio,-5.3338,-76.4898
42689,incendio,-7.4037,-76.6814
42697,incendio,-7.122,-76.3693
42703,no_incendio,-5.871711432876104,-76.01772742487569
42706,incendio,-5.743,-77.3728
42717,no_incendio,-6.581835148874593,-77.10480197876178
42727,incendio,-6.5009,-76.3013
42735,incendio,-6.9991,-77.7149
42739,no_incendio,-6.329066895240967,-77.1289458150613
42743,incendio,-6.554,-76.5651
42745,incendio,-6.9017,-76.5793
42747,incendio,-6.8519,-76.5387
42748,no_incendio,-5.309022549050947,-77.11989827113337
42749,no_incendio,-5.7462072862910665,-75.82239791523867
42751,incendio,-6.8538,-76.1803
42752,incendio,-8.2556,-76.4812
42758,incendio,-6.8865,-76.2467
42759,incendio,-7.5479,-76.485
42760,incendio,-7.529,-76.4375
42765,no_incendio,-6.391692174987462,-77.10791126635735
42767,no_incendio,-6.6577808572271095,-76.08571031789008
42769,incendio,-6.8801,-76.6306
42775,no_incendio,-7.489751819531982,-75.96573533227652
42781,incendio,-5.759,-76.6164
42782,incendio,-7.3525,-76.9447
42785,incendio,-6.1586,-77.1236
42786,incendio,-7.0463,-76.796
42792,incendio,-7.2469,-76.1989
42795,incendio,-6.8383,-76.6348
42809,no_incendio,-6.1400329007098495,-75.77782950002863
42810,incendio,-7.0931,-76.2853
42814,no_incendio,-6.376048501437837,-77.12747027240657
42815,no_incendio,-5.9462000997115165,-76.43849970195068
42824,incendio,-6.3175,-76.1124
42827,no_incendio,-6.756685989962618,-75.83002754028344
42833,incendio,-6.8627,-76.5679
42835,no_incendio,-5.423715260330031,-75.80260147002005
42839,incendio,-6.7363,-76.6571
42843,incendio,-7.2484,-76.2046
42852,incendio,-6.6724,-76.4175
42854,incendio,-7.1814,-77.0703
42866,incendio,-7.0682,-77.0708
42867,incendio,-5.8477,-76.2821
42869,no_incendio,-6.694264893002906,-76.05015609684683
42870,no_incendio,-6.775595026700855,-77.38152365692504
42876,incendio,-6.9665,-76.5078
42879,no_incendio,-6.299525540013742,-76.28555400177144
42880,no_incendio,-5.5280435147957645,-75.64292390382334
42889,incendio,-7.2964,-76.7159
42892,no_incendio,-5.371121123003669,-76.78705780536207
42894,no_incendio,-6.260865842963683,-76.65344397081381
42899,no_incendio,-6.48340164417584,-76.67965578486029
42907,no_incendio,-7.1695522446443345,-76.10103400972879
42915,incendio,-6.7724,-76.9284
42920,incendio,-6.1475,-75.928
42942,no_incendio,-6.859218995881019,-77.3454749772902
42944,no_incendio,-7.181016545835497,-77.14662187463146
42945,no_incendio,-6.6084019823282665,-76.06077967767854
42956,no_incendio,-5.569659951211905,-77.11401128748476
42957,incendio,-7.0944,-76.4192
42965,incendio,-6.3192,-75.8907
42967,incendio,-5.9404,-77.0761
42974,incendio,-6.8486,-76.1502
42977,no_incendio,-6.092332930769818,-77.53250095731846
42985,no_incendio,-5.797671068529707,-76.36918688461087
42988,no_incendio,-6.400727870765625,-77.48420741846027
42989,incendio,-5.5247,-75.8602
42991,incendio,-5.7516,-76.6163
42993,incendio,-6.1549,-76.1582
43002,no_incendio,-7.4582565567314925,-76.8374558308584
43003,incendio,-6.8118,-76.5005
43009,incendio,-8.5253,-76.4354
43011,no_incendio,-5.930404217360228,-76.53983487852608
43016,no_incendio,-5.826125398643272,-77.25978841596924
43017,incendio,-7.145,-76.5536
43018,incendio,-6.8436,-76.6633
43020,incendio,-6.1974,-76.0121
43028,no_incendio,-6.081931713189248,-77.21688851873837
43031,incendio,-7.379,-76.5758
43033,incendio,-7.0241,-76.6787
43036,no_incendio,-5.728382445396997,-77.12017555927592
43058,no_incendio,-7.566170057674632,-77.33420456007225
43059,no_incendio,-5.924081807664306,-77.5419305607915
43064,no_incendio,-5.472585153492127,-77.10655294749147
43066,incendio,-6.2218,-75.8073
43069,no_incendio,-7.303191371239219,-76.86950299016307
43072,no_incendio,-5.959932705913599,-76.9795248154579
43078,no_incendio,-7.502611835705684,-75.74342232378346
43082,no_incendio,-5.573600216354325,-77.29583969487783
43091,no_incendio,-6.939758211874388,-76.17566888296336
43093,incendio,-5.9352,-76.2876
43102,incendio,-6.4343,-75.906
43104,incendio,-5.7733,-76.3916
43107,no_incendio,-6.671397085491674,-75.72724206195927
43118,incendio,-6.3205,-76.5726
43121,no_incendio,-6.994951885754811,-75.90892162040349
43122,no_incendio,-6.1579628470379655,-75.78726893747826
43124,no_incendio,-5.641271222445664,-77.2589065650696
43125,no_incendio,-6.237093114939267,-75.7117789331342
43132,incendio,-6.2484,-76.2905
43135,incendio,-8.5226,-76.3729
43147,no_incendio,-6.143493830692505,-76.5408916216836
43149,incendio,-6.8465,-76.5093
43151,no_incendio,-5.9069362811274955,-76.90796880037888
43153,no_incendio,-7.291269329879484,-76.54650698845496
43155,no_incendio,-6.467350712480753,-77.13922176575424
43160,incendio,-6.8246,-76.1143
43161,no_incendio,-6.893380079192219,-76.030920773184
43165,incendio,-5.7627,-76.2082
43166,incendio,-7.9796,-76.6524
43168,incendio,-6.844,-76.573
43169,incendio,-7.5008,-76.5491
43171,no_incendio,-7.321172600418316,-77.03516400852085
43173,incendio,-5.732,-76.24
43180,no_incendio,-7.436772555974999,-76.13512005747918
43181,no_incendio,-7.341385532228014,-75.96721546288514
43183,no_incendio,-7.0241667667070145,-76.27510051559456
43190,incendio,-8.4549,-76.4987
43192,incendio,-6.3082,-75.8483
43201,no_incendio,-7.261909044974304,-76.6515755533258
43202,incendio,-5.7961,-76.3659
43206,incendio,-7.2382,-76.787
43209,incendio,-7.2624,-76.0494
43214,incendio,-6.7347,-76.7621
43218,no_incendio,-7.5389429366733145,-76.3612819242991
43220,incendio,-7.5299,-76.7305
43226,incendio,-7.6631,-76.4717
43229,incendio,-5.8889,-76.3447
43237,incendio,-7.1395,-77.6205
43239,no_incendio,-6.324934683730277,-76.81019781469472
43240,incendio,-5.8941,-75.9354
43246,no_incendio,-6.726381012789614,-77.29263321460805
43249,no_incendio,-6.2701925367746005,-76.81498053088146
43252,incendio,-6.2041,-76.0122
43258,incendio,-7.6407,-76.6433
43263,no_incendio,-6.090705105654209,-75.76196358722034
43268,no_incendio,-5.632876376439432,-77.16339501604922
43269,incendio,-5.7927,-76.0439
43270,incendio,-6.3239,-75.8877
43273,incendio,-5.5998,-76.6376
43278,incendio,-6.3591,-76.7393
43285,incendio,-6.703,-76.4019
43288,no_incendio,-5.632876376439432,-77.16339501604922
43289,no_incendio,-6.928184042805378,-76.77151382737259
43294,no_incendio,-7.208517788052751,-77.27726682011853
43295,incendio,-6.5729,-76.7266
43306,no_incendio,-6.037617039183259,-75.8633441160442
43312,incendio,-5.7656,-77.4163
43314,incendio,-6.3253,-75.9418
43332,incendio,-8.608,-76.1643
43342,no_incendio,-6.227801736418022,-76.3562846673644
43345,no_incendio,-6.671769405587168,-77.2003294261131
43347,incendio,-6.8328,-76.554
43354,no_incendio,-6.931842163036034,-76.53424888448937
43355,no_incendio,-5.592011294671137,-75.99975689195666
43366,incendio,-6.6353,-76.4151
43367,incendio,-7.2386,-76.8493
43379,no_incendio,-6.679897679386204,-77.34823338283437
43382,no_incendio,-6.3737423006602185,-77.16577350376646
43385,incendio,-7.3267,-76.2204
43390,incendio,-6.1731,-76.7423
43397,incendio,-7.5492,-76.6157
43399,no_incendio,-6.161493803649726,-77.185392683239
43403,incendio,-6.4476,-75.8273
43405,no_incendio,-7.487565239153625,-77.31329030244564
43407,incendio,-5.6661,-76.5492
43410,incendio,-5.7063,-76.4399
43414,incendio,-5.8289,-75.8725
43417,incendio,-6.7622,-76.4283
43426,incendio,-5.9959,-77.2055
43433,no_incendio,-7.157163278516986,-76.9354632282693
43434,incendio,-5.3572,-76.774
43435,no_incendio,-7.566170057674632,-77.33420456007225
43436,no_incendio,-7.456346722108078,-76.20342873895703
43438,incendio,-7.7032,-76.4929
43439,no_incendio,-6.260382263964365,-75.66215989353373
43450,incendio,-5.8257,-76.5277
43465,incendio,-6.0309,-76.8613
43467,incendio,-5.8815,-75.8772
43472,incendio,-5.8121,-77.3503
43473,no_incendio,-7.028663799217614,-75.85033836524988
43478,incendio,-7.4409,-76.576
43480,no_incendio,-7.061403957049695,-76.62981524420255
43492,incendio,-6.0772,-76.1845
43498,no_incendio,-6.731898455104795,-77.28317456533246
43500,incendio,-8.4473,-76.2235
43503,no_incendio,-6.2554801571250565,-76.43574997258422
43512,no_incendio,-6.396864121936975,-76.4851873457876
43513,no_incendio,-7.127093555738052,-76.84105088577114
43517,incendio,-7.1454,-76.5355
43519,incendio,-6.5544,-76.4276
43521,no_incendio,-6.400338002031925,-76.1292712340201
43522,incendio,-6.5347,-77.5613
43527,incendio,-6.6707,-76.7202
43530,no_incendio,-6.581475655282046,-76.92813918096854
43537,incendio,-5.8692,-76.0606
43538,no_incendio,-6.173497385338977,-77.08001241103895
43545,no_incendio,-5.641271222445664,-77.2589065650696
43548,incendio,-5.7566,-76.2437
43552,no_incendio,-6.929766621277843,-76.9486595645204
43556,no_incendio,-5.5369399299131885,-77.31171501653961
43559,incendio,-6.036,-76.3034
43574,incendio,-6.7048,-76.3512
43575,no_incendio,-6.825057480379352,-77.49883680928833
43580,incendio,-6.5679,-75.9833
43589,no_incendio,-7.115248664865674,-76.07912965420722
43594,incendio,-8.3838,-76.3306
43598,no_incendio,-6.324884637478815,-77.29362980195512
43603,no_incendio,-5.712970448713469,-77.45936672905775
43627,no_incendio,-6.260923080518788,-75.61074627640608
43634,incendio,-8.3796,-76.4539
43637,no_incendio,-6.441502518699965,-76.95262753749782
43643,incendio,-6.7053,-76.7893
43647,incendio,-7.1883,-76.3559
43653,incendio,-6.216,-77.2524
43658,no_incendio,-7.37285257220338,-75.85397128431137
43668,incendio,-8.435,-76.3882
43685,no_incendio,-6.04175420458928,-75.6154818462728
43688,no_incendio,-5.899739172279481,-75.62561076754551
43691,no_incendio,-5.561294814825637,-75.74902836133377
43692,incendio,-5.9356,-76.332
43693,no_incendio,-7.196044028055804,-76.77405078763431
43694,incendio,-7.0402,-76.0984
43695,no_incendio,-5.4225864404931166,-77.44996456310464
43719,incendio,-7.8039,-76.76
43730,no_incendio,-6.327343874329971,-76.29354784738233
43742,no_incendio,-6.480910366032293,-76.46284954850665
43745,incendio,-5.7769,-76.097
43750,incendio,-8.6912,-76.8272
43752,no_incendio,-6.257364517477317,-77.24088667621311
43753,no_incendio,-6.925307344468632,-76.89098262738764
43758,no_incendio,-6.555810705714814,-75.58765246403257
43761,no_incendio,-5.855822399079694,-75.69747959221154
43762,no_incendio,-7.192625795202753,-75.79931940133156
43768,incendio,-7.218,-76.0802
43795,no_incendio,-6.959314262350769,-76.76578066872496
43800,incendio,-5.9574,-76.2489
43801,incendio,-6.2706,-77.1121
43802,incendio,-8.683,-76.3116
43805,no_incendio,-6.521871195981789,-77.46615975017302
43808,incendio,-7.2544,-76.2511
43811,no_incendio,-6.000321843594466,-77.16959710695784
43833,incendio,-7.396,-76.6982
43841,incendio,-6.6942,-76.318
43849,no_incendio,-6.9213010558098045,-76.33886424086654
43864,no_incendio,-6.0258388422724725,-75.8823418796658
43865,no_incendio,-6.376726836973272,-77.35752912688064
43869,no_incendio,-7.546681661706002,-77.09086718024028
43870,no_incendio,-7.547362899320046,-75.73565468655677
43873,no_incendio,-7.180456049019163,-77.4128118764767
43876,no_incendio,-7.3383676381877665,-77.39694154174633
43882,no_incendio,-5.360774716680023,-76.65130740948035
43883,incendio,-6.3082,-76.2023
43890,incendio,-7.3915,-76.5391
43892,incendio,-8.4021,-76.3425
43894,incendio,-5.6169,-76.6659
43896,incendio,-6.113,-76.1466
43899,no_incendio,-7.4685281169836575,-76.45982142340358
43909,incendio,-6.7922,-76.1729
43910,incendio,-6.608,-76.6962
43911,no_incendio,-7.390169812745361,-75.85173982819381
43912,no_incendio,-5.4225864404931166,-77.44996456310464
43922,incendio,-6.6712,-75.5994
43925,incendio,-6.023,-76.2316
43932,incendio,-7.1268,-76.3145
43937,incendio,-6.0919,-76.2177
43940,no_incendio,-6.1476999130544865,-77.34007485362595
43943,incendio,-7.4683,-77.6355
43948,incendio,-6.8119,-76.7314
43958,incendio,-7.5429,-76.4328
43962,no_incendio,-7.036314510603764,-76.32413479957033
43965,no_incendio,-6.56383921503927,-77.29970461755646
43973,incendio,-7.0322,-76.587
43974,incendio,-6.7632,-76.8019
43987,incendio,-6.1098,-76.0633
43989,incendio,-6.706,-76.6648
43990,incendio,-6.4788,-76.8245
43991,no_incendio,-6.050469228584658,-76.73736427886188
43992,no_incendio,-7.351997452668049,-75.86863921087647
43995,no_incendio,-6.657837978191169,-76.6528349809883
43997,incendio,-7.4488,-76.2559
44002,incendio,-5.8348,-77.0242
44003,no_incendio,-5.632876376439432,-77.16339501604922
44004,incendio,-6.6569,-76.7017
44011,incendio,-7.1271,-76.1962
44012,incendio,-6.2739,-75.9198
44016,no_incendio,-7.180456049019163,-77.4128118764767
44033,incendio,-7.2705,-76.5922
44036,no_incendio,-5.594721982840302,-76.73250330554579
44037,incendio,-8.282,-76.635
44050,incendio,-5.6733,-75.9209
44052,no_incendio,-6.542252546530441,-76.69178298792589
44056,no_incendio,-6.718454996800395,-75.59317309755335
44061,incendio,-7.3145,-76.2497
44068,no_incendio,-6.2701925367746005,-76.81498053088146
44069,incendio,-6.9813,-76.7452
44073,no_incendio,-6.7133301961826755,-75.60854075962672
44078,incendio,-7.0828,-76.2731
44079,no_incendio,-5.968086685454471,-75.87697296740079
44089,no_incendio,-6.256015929782314,-76.34693713254352
44090,incendio,-7.5466,-76.4738
44091,no_incendio,-6.768773690834417,-77.41433372649782
44092,no_incendio,-6.191430391246121,-75.84894878803162
44101,incendio,-6.7247,-76.9527
44102,no_incendio,-6.044769424983038,-75.50599138370771
44104,no_incendio,-6.922199249991655,-76.68603062105682
44108,incendio,-6.1531,-76.2928
44109,incendio,-5.8904,-76.3893
44110,incendio,-6.1267,-76.7625
44115,incendio,-6.4424,-76.5156
44118,no_incendio,-6.200171336468845,-76.47517852395984
44126,no_incendio,-6.831471934568246,-75.7875932896481
44130,incendio,-8.4527,-76.2095
44137,incendio,-6.5547,-76.7015
44141,no_incendio,-6.4776266103105895,-77.14737002070362
44142,incendio,-6.5737,-76.2898
44154,no_incendio,-7.016303677309179,-76.9039929620138
44157,no_incendio,-7.231319010056117,-76.25282835259368
44173,incendio,-6.8661,-76.9055
44174,no_incendio,-7.106983766497296,-76.41530269638099
44177,no_incendio,-7.429446375356516,-77.21947961761848
44178,incendio,-6.2143,-76.7399
44186,incendio,-7.731,-76.5204
44193,incendio,-5.6011,-76.544
44204,incendio,-6.8127,-76.6299
44205,incendio,-6.8249,-76.4692
44208,no_incendio,-5.65675190083822,-76.2124000269003
44210,no_incendio,-7.592086939740942,-76.80103020899601
44214,incendio,-7.2733,-77.0562
44215,incendio,-6.0894,-75.8051
44216,incendio,-7.1168,-77.0536
44217,incendio,-7.1297,-77.1134
44218,incendio,-6.4548,-76.4309
44219,no_incendio,-7.279070011168152,-76.78517622564465
44220,incendio,-7.6719,-76.5206
44221,incendio,-7.0532,-76.272
44229,no_incendio,-5.702364736345534,-76.72144500150783
44230,incendio,-5.9111,-75.9728
44241,incendio,-7.3817,-76.4035
44247,no_incendio,-7.506850337937736,-76.33686457857513
44250,incendio,-6.0727,-75.7773
44251,no_incendio,-5.8418090063734045,-77.13859458576027
44252,incendio,-7.0446,-76.6453
44256,no_incendio,-5.800663587251775,-77.2156236281296
44257,no_incendio,-5.313659040472185,-75.7974059398213
44263,incendio,-7.7155,-76.5025
44268,no_incendio,-5.374689655955711,-76.01901794140703
44277,incendio,-6.2708,-75.7738
44282,no_incendio,-5.485150772179796,-77.0821813016382
44283,no_incendio,-5.5084858154243905,-75.90684850496002
44286,incendio,-7.1595,-76.3904
44291,incendio,-7.1925,-76.865
44297,incendio,-7.1675,-76.9094
44298,no_incendio,-6.726779286673033,-77.03336380719702
44304,no_incendio,-7.454920494649443,-76.8925561147692
44305,incendio,-7.5404,-76.414
44316,no_incendio,-5.599508739006035,-77.02715299547113
44322,no_incendio,-5.3149529866292395,-75.54616509202799
44328,no_incendio,-7.257184386198285,-77.16794482130089
44331,incendio,-7.0678,-76.1993
44336,incendio,-8.4789,-76.2426
44338,incendio,-7.3335,-76.7375
44344,incendio,-7.1799,-77.06
44353,no_incendio,-7.047404652384161,-75.9921217029406
44367,incendio,-6.5394,-76.4206
44368,incendio,-5.9401,-76.2721
44369,no_incendio,-5.632530971200962,-77.47788862342078
44370,no_incendio,-5.630317607867646,-76.28664530211917
44386,incendio,-8.7017,-76.1494
44388,no_incendio,-5.313659040472185,-75.7974059398213
44391,incendio,-6.0907,-75.9755
44397,incendio,-6.4686,-75.7708
44398,no_incendio,-6.200171336468845,-76.47517852395984
44402,incendio,-6.3623,-75.711
44404,incendio,-7.0211,-76.6627
44405,incendio,-7.0536,-76.8077
44412,incendio,-6.2089,-77.7216
44417,incendio,-5.7932,-77.1088
44418,incendio,-7.1994,-76.343
44419,incendio,-8.5036,-77.7282
44431,no_incendio,-7.579948204047341,-77.15279486128607
44438,incendio,-6.878,-76.4288
44441,incendio,-6.4871,-77.4065
44442,incendio,-8.1524,-76.654
44443,incendio,-7.2212,-76.726
44444,no_incendio,-6.427611857268102,-77.39761535548438
44451,incendio,-7.2756,-76.5954
44470,no_incendio,-6.980328156805363,-75.58165966551039
44472,incendio,-7.0884,-76.0959
44479,no_incendio,-6.7449829270010735,-76.32449330393015
44480,no_incendio,-5.867404604520736,-75.92995443578674
44492,incendio,-6.0256,-77.1052
44497,incendio,-8.4063,-76.221
44498,no_incendio,-5.454661580886559,-77.46777785872058
44500,incendio,-8.7043,-76.1281
44501,incendio,-6.5963,-76.7566
44508,no_incendio,-6.22075638484601,-75.88403940669497
44518,incendio,-6.9365,-76.7222
44520,no_incendio,-6.036634194085042,-76.33475368850613
44521,incendio,-6.746,-76.1929
44526,no_incendio,-5.637143675477756,-76.46390106880192
44528,incendio,-8.3369,-76.4103
44537,incendio,-6.1289,-76.1617
44539,no_incendio,-6.880264689541971,-77.33984954598883
44541,no_incendio,-5.990542250974831,-75.6694532466171
44542,incendio,-6.0825,-76.3018
44543,incendio,-7.3833,-76.4049
44544,incendio,-6.566,-76.4863
44546,no_incendio,-5.444716599482646,-75.83682474093726
44552,no_incendio,-7.409421605310309,-75.83681236527086
44556,no_incendio,-6.324934683730277,-76.81019781469472
44563,incendio,-7.964,-76.7121
44564,incendio,-7.4683,-76.4515
44566,no_incendio,-7.327451375962066,-77.03090576588977
44573,no_incendio,-5.811190643666691,-76.41076755798852
44576,incendio,-6.0371,-75.9571
44577,incendio,-7.3533,-76.95
44579,incendio,-6.87,-76.817
44581,incendio,-6.2457,-75.8256
44585,incendio,-6.2908,-76.7271
44587,incendio,-7.2611,-76.462
44588,incendio,-5.6169,-76.709
44590,no_incendio,-5.360774716680023,-76.65130740948035
44596,no_incendio,-5.5941151159540015,-75.60783919102062
44601,incendio,-7.2622,-76.4704
44606,no_incendio,-6.834300186862358,-76.1605435782697
44611,no_incendio,-5.411652077381302,-77.27749728778487
44621,incendio,-6.985,-76.9168
44627,incendio,-6.1059,-76.2257
44633,no_incendio,-5.362697688980843,-76.37235425327088
44638,no_incendio,-5.808189893519151,-75.58463969579134
44653,incendio,-6.7356,-77.3121
44663,no_incendio,-7.431414415877487,-76.13136950681124
44669,no_incendio,-6.691674214621824,-77.20756079690301
44674,no_incendio,-5.590954776196541,-75.61262101600937
44679,incendio,-7.5468,-76.395
44681,incendio,-7.0238,-76.6283
44683,incendio,-7.1844,-76.5025
44685,incendio,-6.1561,-76.2132
44698,no_incendio,-5.714958817536613,-75.57831712461974
44701,incendio,-5.7001,-76.1125
44716,incendio,-8.3655,-76.3537
44718,incendio,-7.7152,-76.7956
44719,incendio,-6.906,-76.427
44722,incendio,-6.0472,-77.2332
44724,incendio,-6.6552,-76.7104
44729,incendio,-6.7922,-76.5168
44732,no_incendio,-7.5990878129892385,-76.01433706050479
44740,no_incendio,-7.15250800382105,-75.6698884726493
44752,no_incendio,-6.258662070362653,-76.50630572261905
44755,no_incendio,-6.208571378644004,-77.08847372883292
44757,incendio,-8.3076,-76.6235
44763,incendio,-6.0298,-76.0038
44766,incendio,-7.1498,-76.4722
44768,incendio,-7.4404,-76.6307
44770,incendio,-6.0414,-75.917
44773,incendio,-5.6775,-76.6456
44774,no_incendio,-6.730215654444688,-76.84821672271427
44778,incendio,-6.601,-76.3831
44794,incendio,-5.9107,-76.29
44798,incendio,-8.406,-76.4733
44799,incendio,-7.2951,-76.8274
44803,incendio,-7.2377,-76.2784
44804,incendio,-7.4929,-76.6401
44810,incendio,-6.764,-76.7865
44812,incendio,-7.6042,-76.4049
44823,no_incendio,-7.5348116135080625,-76.04270078901092
44831,incendio,-8.2032,-76.5515
44837,incendio,-6.1161,-76.2199
44838,incendio,-5.6794,-76.2569
44839,no_incendio,-6.801666192426729,-76.32704638741743
44844,no_incendio,-5.546093305557506,-76.96305959318578
44850,no_incendio,-6.543469703142076,-77.05698988429933
44858,incendio,-6.8877,-76.1862
44861,incendio,-7.2575,-77.0821
44865,incendio,-8.6605,-76.1766
44866,incendio,-7.1149,-76.7924
44872,incendio,-7.3693,-76.5568
44879,no_incendio,-6.281173626920689,-76.33798845589783
44888,incendio,-8.1856,-76.6337
44890,incendio,-6.7768,-76.364
44900,no_incendio,-6.201637039608355,-76.63859765076462
44902,no_incendio,-7.212746042883999,-76.23580517242253
44903,incendio,-7.2772,-76.4945
44904,incendio,-6.6684,-77.4531
44906,incendio,-7.315,-76.6589
44909,no_incendio,-5.89201477503853,-77.2682101013539
44910,no_incendio,-5.306363621970229,-76.4042560042154
44913,incendio,-7.0252,-76.8104
44932,incendio,-5.8024,-77.2924
44936,no_incendio,-5.879613359801567,-75.64585304449614
44939,incendio,-5.9992,-76.8973
44943,no_incendio,-6.542252546530441,-76.69178298792589
44944,incendio,-8.4998,-76.4206
44954,no_incendio,-6.189738223688629,-76.63044449970681
44956,incendio,-6.7422,-76.3739
44957,no_incendio,-7.2373332017811665,-76.09425476964923
44958,no_incendio,-5.631534863423365,-75.5444078955286
44969,incendio,-6.8694,-76.9341
44971,no_incendio,-7.564076009944549,-75.89157611790941
44975,incendio,-6.5021,-76.5274
44979,no_incendio,-6.4156514594615395,-77.50323228806793
44980,incendio,-7.2592,-76.2307
44982,no_incendio,-5.5750859368578904,-77.18888026677212
44984,no_incendio,-5.3130357942785436,-76.58858316456917
44988,no_incendio,-7.095024308236621,-76.98915064415999
44991,incendio,-7.1666,-76.3449
45003,incendio,-8.5327,-76.3654
45008,incendio,-6.8863,-76.9317
45010,incendio,-8.52,-76.4816
45013,no_incendio,-6.768246356022148,-77.34898684785115
45015,incendio,-6.5421,-76.5143
45037,incendio,-8.3975,-76.3581
45038,incendio,-6.5801,-76.4912
45043,incendio,-7.2922,-76.4196
45047,no_incendio,-5.826799302537919,-75.73782519899997
45057,incendio,-8.2776,-76.4383
45066,incendio,-7.1884,-76.2024
45070,incendio,-8.6047,-76.332
45078,incendio,-7.128,-76.644
45082,no_incendio,-5.846023239980903,-75.59058432825728
45084,no_incendio,-7.170373075763204,-77.40179462648253
45090,no_incendio,-6.263351561254887,-76.64078067531564
45100,incendio,-7.0531,-76.2949
45104,incendio,-7.2375,-76.7159
45108,incendio,-7.7613,-76.7292
45111,no_incendio,-5.709919403753175,-77.18915952963572
45115,incendio,-8.7981,-76.6912
45116,no_incendio,-6.154726709997222,-75.55076367684507
45117,incendio,-7.3193,-75.6195
45121,no_incendio,-5.733303330887296,-76.64353813041618
45122,incendio,-6.8052,-76.5171
45130,no_incendio,-5.847773952672416,-76.45786537475786
45133,incendio,-8.2797,-76.5559
45139,no_incendio,-6.929539925837722,-76.05337955826667
45145,incendio,-6.7289,-76.1432
45150,incendio,-7.3068,-75.5212
45152,incendio,-6.9038,-76.3307
45158,incendio,-5.7699,-77.0921
45165,incendio,-7.3935,-76.5278
45172,incendio,-8.1147,-77.4493
45175,incendio,-7.2804,-76.3503
45177,no_incendio,-5.767157423041838,-75.60792843558447
45178,incendio,-7.3477,-76.2646
45184,no_incendio,-5.412071364186887,-77.00251056339543
45189,incendio,-6.1442,-76.131
45194,no_incendio,-7.083533851815549,-75.86202426996425
45200,incendio,-5.6032,-77.6627
45202,no_incendio,-6.386426402369189,-77.04162489751405
45206,incendio,-6.6401,-76.2422
45209,incendio,-6.1087,-76.8675
45210,no_incendio,-5.3170098474698,-75.90718083995199
45213,incendio,-8.1483,-77.1018
45216,incendio,-7.4662,-76.5471
45223,incendio,-7.1776,-76.4601
45228,no_incendio,-5.31179064282697,-75.78618195501585
45230,incendio,-6.6951,-76.8581
45234,no_incendio,-5.532971684555294,-77.02280558006699
45235,incendio,-6.1321,-76.1454
45241,no_incendio,-6.596577810973727,-76.74231910069577
45243,no_incendio,-6.73154658128307,-77.37224800507184
45245,no_incendio,-5.930404217360228,-76.53983487852608
45252,no_incendio,-6.9335165366157545,-76.90717664275962
45258,no_incendio,-5.767577808825913,-75.75625284767814
45262,incendio,-7.2356,-76.7284
45264,incendio,-6.2695,-76.1665
45268,incendio,-5.7223,-76.3908
45270,incendio,-6.314,-76.0021
45284,no_incendio,-6.072007171578419,-77.37389388906047
45285,incendio,-6.0778,-76.2981
45286,no_incendio,-6.587743088391281,-75.70665174033093
45288,incendio,-5.8453,-76.2053
45289,incendio,-6.3217,-76.1128
45290,incendio,-5.8628,-77.0364
45291,no_incendio,-5.555763303802058,-77.3394188883658
45292,incendio,-5.6336,-76.5514
45294,no_incendio,-7.474717173105087,-76.9435614717976
45295,no_incendio,-5.933819847140226,-76.39063203845332
45298,incendio,-7.5433,-76.659
45301,no_incendio,-6.949882284574706,-75.68273295602192
45303,incendio,-7.0668,-76.6854
45304,no_incendio,-5.6355072776323825,-77.05987553143974
45305,no_incendio,-7.547004527368286,-77.14424900414204
45307,incendio,-6.8821,-76.7441
45315,incendio,-7.3334,-76.6765
45316,incendio,-8.7476,-76.9741
45319,no_incendio,-5.362923654155092,-76.9119868960568
45321,no_incendio,-6.234614825176705,-77.3723732006722
45326,incendio,-6.7967,-76.1255
45328,incendio,-6.9738,-77.7165
45329,no_incendio,-6.061671698446887,-76.35844064270319
45334,incendio,-5.9009,-76.3979
45343,incendio,-7.1349,-76.364
45344,incendio,-6.647,-76.1943
45347,incendio,-7.4247,-76.4737
45348,incendio,-6.9426,-76.262
45351,no_incendio,-6.010674240572804,-77.09796715104932
45357,incendio,-7.0203,-76.7236
45358,incendio,-5.9342,-75.9418
45362,no_incendio,-7.593724484851976,-77.34754973911781
45368,no_incendio,-6.687814799910479,-75.56700420232013
45373,no_incendio,-5.366911069115064,-77.28733600522496
45379,no_incendio,-5.493534251624167,-76.05824936892388
45384,no_incendio,-5.626490573988114,-76.90197669049898
45389,incendio,-7.6028,-76.6564
45394,no_incendio,-5.928733149107297,-75.62813587078854
45404,incendio,-6.771,-77.5298
45405,no_incendio,-5.7158112857010535,-77.38243423840477
45407,incendio,-6.1001,-76.2898
45409,no_incendio,-6.685185816424632,-76.91349326123884
45412,incendio,-6.0812,-75.7855
45413,no_incendio,-5.4560539889311706,-76.17543571338655
45416,incendio,-8.2841,-76.4105
45420,incendio,-6.1065,-76.1902
45426,no_incendio,-5.636338028013915,-75.57133657890496
45428,incendio,-7.1599,-76.5982
45432,no_incendio,-5.647813944563046,-75.98631579821414
45436,incendio,-6.6514,-76.5064
45437,incendio,-7.2447,-76.0867
45441,incendio,-6.2344,-76.1471
45444,no_incendio,-5.657826113607748,-77.0484188289704
45449,no_incendio,-6.709233322192638,-77.51049806027564
45450,no_incendio,-7.597875070160168,-76.24368895263702
45452,incendio,-6.8078,-76.6528
45455,no_incendio,-5.37157572156011,-76.66234225426679
45462,no_incendio,-5.959481938609148,-77.35681272469573
45464,no_incendio,-5.812760524192122,-77.54920790478845
45466,incendio,-7.0532,-76.8043
45469,no_incendio,-6.400301881628301,-77.5201604762096
45476,no_incendio,-7.371625145918922,-75.70238603258082
45478,no_incendio,-5.561294814825637,-75.74902836133377
45479,incendio,-7.5547,-76.4345
45480,no_incendio,-6.752631174647365,-76.89757485609974
45483,no_incendio,-5.782302498103818,-75.6928374050029
45484,incendio,-5.6726,-76.4823
45486,incendio,-6.1616,-76.2317
45495,no_incendio,-5.384324497906241,-76.81955746951022
45500,incendio,-8.1807,-76.6388
45505,incendio,-6.8019,-76.9194
45507,incendio,-5.6573,-76.4969
45509,incendio,-5.9558,-76.4926
45515,incendio,-7.961,-76.7311
45528,incendio,-6.7992,-76.907
45531,no_incendio,-5.66978916869293,-75.78583352536694
45534,incendio,-7.1376,-76.3624
45535,incendio,-7.4166,-76.6915
45537,no_incendio,-7.45728200774953,-76.98588787498541
45542,incendio,-8.689,-76.7953
45543,no_incendio,-5.559553740329016,-76.98206356543957
45553,no_incendio,-7.324938939394847,-75.95193264911674
45559,no_incendio,-5.5084858154243905,-75.90684850496002
45566,no_incendio,-7.200090625449649,-75.973583692229
45568,no_incendio,-6.8812608532922095,-77.14870823308875
45570,no_incendio,-7.53821724475927,-77.34792258266398
45576,no_incendio,-7.336551353349131,-77.20883178649431
45579,no_incendio,-7.23268535501901,-75.71791421763211
45580,incendio,-7.0363,-76.846
45581,no_incendio,-6.60024344042182,-76.28088372901857
45603,no_incendio,-7.149862558736682,-77.09989679523933
45609,incendio,-7.0038,-76.7645
45611,no_incendio,-7.351997452668049,-75.86863921087647
45615,incendio,-6.1784,-75.9544
45623,incendio,-6.596,-76.7121
45627,incendio,-5.8537,-76.1894
45651,incendio,-6.9247,-76.1583
45653,incendio,-6.5788,-76.0523
45655,no_incendio,-7.436772555974999,-76.13512005747918
45657,incendio,-8.3905,-76.287
45660,incendio,-8.283,-76.3061
45665,incendio,-7.5752,-76.531
45676,no_incendio,-7.15250800382105,-75.6698884726493
45680,incendio,-7.3669,-76.6768
45681,incendio,-7.3123,-76.7151
45698,no_incendio,-6.536547874138972,-77.31298293788737
45699,no_incendio,-6.327343874329971,-76.29354784738233
45702,no_incendio,-6.391692174987462,-77.10791126635735
45703,incendio,-6.1801,-76.0086
45704,incendio,-8.1261,-76.6887
45707,no_incendio,-6.931023435575018,-75.82624629253455
45709,no_incendio,-5.424572995842199,-76.6735765187215
45714,no_incendio,-5.388346448693102,-76.72150148992378
45718,no_incendio,-6.134868701694113,-76.84593822630983
45720,no_incendio,-6.5340207470218745,-75.73082220173393
45725,incendio,-7.0111,-76.7758
45734,no_incendio,-5.916451876326068,-76.42141770409339
45739,no_incendio,-7.396034749471958,-77.09104434205882
45747,no_incendio,-5.4181719579024135,-75.50050796250098
45748,no_incendio,-5.3928610006268665,-76.95098681919762
45752,incendio,-7.1788,-76.6402
45770,no_incendio,-6.508124167264835,-76.61340355687425
45781,incendio,-6.5925,-76.232
45784,no_incendio,-7.005255736259935,-76.42804994495515
45798,incendio,-8.3823,-76.4522
45800,incendio,-6.7137,-76.8857
45807,no_incendio,-5.693308964023421,-77.38488694411686
45810,no_incendio,-6.539751025490163,-75.79612657062603
45814,incendio,-6.5106,-75.7621
45817,no_incendio,-6.189900798297541,-77.11922448268243
45820,incendio,-7.0057,-76.5763
45822,incendio,-5.7125,-76.1827
45823,no_incendio,-6.8267458836303225,-76.04005920267028
45835,no_incendio,-5.356858559279738,-76.9184573866197
45836,no_incendio,-5.900117559948675,-75.56284439390626
45837,incendio,-7.3144,-76.5709
45839,incendio,-6.2516,-77.6059
45844,no_incendio,-6.640978763936889,-76.01901055862061
45858,incendio,-6.9878,-76.9306
45868,incendio,-7.5697,-76.402
45869,no_incendio,-7.061403957049695,-76.62981524420255
45873,incendio,-6.211,-76.0013
45876,incendio,-6.9458,-76.1063
45880,incendio,-5.779,-77.4031
45886,no_incendio,-6.74885592845062,-76.02672128613708
45887,no_incendio,-5.746784627492212,-75.78617751665539
45888,incendio,-7.392,-77.5759
45892,no_incendio,-6.5080063012359775,-75.67913673399867
45893,no_incendio,-7.322815935895123,-76.7836025186051
45898,incendio,-7.169,-76.1014
45899,incendio,-7.3671,-76.7751
45902,no_incendio,-6.237716755759431,-77.39156311979332
45907,no_incendio,-7.390169812745361,-75.85173982819381
45913,incendio,-7.4662,-76.4709
45915,incendio,-8.4228,-76.3246
45919,incendio,-8.5888,-76.1061
45923,no_incendio,-5.8084744858353705,-77.25537544416976
45925,no_incendio,-5.322335273054225,-75.66988823532402
45929,no_incendio,-5.409587022918446,-76.44819351401671
45935,incendio,-7.3844,-76.6224
45944,no_incendio,-6.434453669791493,-76.35359643649942
45945,no_incendio,-6.808298154641365,-77.1261442416624
45948,incendio,-6.2264,-75.9588
45951,no_incendio,-7.162586032756481,-76.81020137003335
45959,no_incendio,-6.842130861811311,-76.61529209965812
45968,incendio,-7.1634,-77.0978
45970,no_incendio,-7.261909044974304,-76.6515755533258
45972,no_incendio,-5.879613359801567,-75.64585304449614
45974,incendio,-6.4948,-75.7574
45977,no_incendio,-7.199216978961617,-75.9477990392911
45987,incendio,-6.7171,-76.4814
45992,incendio,-6.7914,-76.2014
45995,incendio,-5.8679,-76.0252
45996,incendio,-5.881,-75.9253
46000,incendio,-7.1162,-76.7828
46002,incendio,-5.7201,-75.9951
46005,incendio,-6.8696,-76.1769
46006,incendio,-8.1774,-77.0526
46008,no_incendio,-7.417769459056535,-76.0278387197161
46012,no_incendio,-6.551429222354349,-76.91211574837874
46026,incendio,-6.481,-75.9237
46031,incendio,-6.5482,-76.7152
46032,no_incendio,-5.701243653353404,-77.51137584362479
46037,incendio,-5.9671,-75.9151
46040,no_incendio,-6.4985912391976255,-76.97886285295857
46042,no_incendio,-6.508124167264835,-76.61340355687425
46050,incendio,-5.7401,-77.4399
46051,no_incendio,-6.591526889483433,-77.26946848843974
46054,incendio,-7.6305,-76.6271
46064,no_incendio,-6.650069273774372,-77.45753589439983
46066,incendio,-7.4175,-76.5942
46068,incendio,-7.216,-76.8102
46071,incendio,-6.2181,-75.8524
46075,no_incendio,-7.493540878148328,-76.20838654108637
46079,incendio,-6.6552,-76.9171
46082,incendio,-6.6509,-76.7723
46084,incendio,-7.008,-76.6126
46092,incendio,-7.3129,-76.9237
46093,no_incendio,-7.257184386198285,-77.16794482130089
46096,no_incendio,-7.259025792408945,-76.1069982504593
46098,no_incendio,-7.5348116135080625,-76.04270078901092
46103,incendio,-7.6825,-76.723
46106,no_incendio,-7.56354574516261,-76.00460014183221
46108,incendio,-7.2043,-76.8178
46113,incendio,-6.6535,-77.4473
46115,incendio,-7.457,-76.6187
46123,incendio,-7.0994,-76.8513
46134,incendio,-6.1014,-75.787
46136,no_incendio,-5.955706826060275,-77.52353123807491
46138,incendio,-7.0702,-76.1934
46141,incendio,-7.5563,-76.406
46142,incendio,-7.5725,-76.4084
46145,no_incendio,-5.3130357942785436,-76.58858316456917
46147,incendio,-7.2212,-76.6593
46154,incendio,-8.3264,-77.7149
46157,incendio,-6.1803,-77.5334
46160,incendio,-6.1676,-76.8675
46164,incendio,-6.7944,-76.4364
46169,no_incendio,-5.829668681149241,-76.34423254304822
46178,no_incendio,-5.7158112857010535,-77.38243423840477
46193,incendio,-6.157,-75.6717
46195,incendio,-5.7492,-76.4017
46197,incendio,-7.1818,-76.6458
46198,no_incendio,-7.287912531535466,-77.51954103984086
46202,incendio,-6.4343,-76.5909
46205,incendio,-5.7865,-76.3925
46209,incendio,-5.7443,-76.4639
46212,incendio,-6.7677,-76.3927
46213,no_incendio,-5.593725246250177,-76.70151478021911
46217,no_incendio,-5.617689246248104,-77.03996515250137
46220,incendio,-7.0249,-76.5888
46227,incendio,-6.2017,-75.9047
46231,incendio,-7.4518,-76.5482
46237,incendio,-6.6453,-76.4451
46238,incendio,-7.0458,-76.826
46252,no_incendio,-6.7738595150234,-76.75356063625604
46253,incendio,-6.4252,-76.4904
46260,no_incendio,-5.641271222445664,-77.2589065650696
46264,incendio,-5.768,-77.3759
46267,no_incendio,-7.2386843016197115,-75.95361045134824
46273,no_incendio,-7.591157646889957,-76.48064707935481
46276,incendio,-6.6619,-76.3835
46277,incendio,-7.2165,-77.0587
46288,no_incendio,-5.846363398738161,-76.40526766705626
46292,incendio,-6.2314,-76.7338
46297,no_incendio,-5.902840695958739,-77.46595018427229
46301,incendio,-6.2367,-76.7156
46305,no_incendio,-5.7870347665351245,-76.83855785035811
46311,incendio,-7.5156,-76.1932
46313,incendio,-8.4509,-77.0615
46316,incendio,-6.4833,-76.7939
46322,no_incendio,-7.52893790740652,-77.07253517227397
46323,incendio,-5.8106,-77.1832
46324,incendio,-5.8173,-76.3791
46325,incendio,-6.9007,-76.6483
46334,incendio,-7.5617,-76.5219
46335,no_incendio,-6.727398434306363,-77.48848492382807
46338,incendio,-7.4492,-76.421
46342,incendio,-7.4395,-76.4566
46346,incendio,-6.7015,-77.4424
46352,incendio,-7.0407,-76.8298
46358,no_incendio,-6.064542854980353,-77.18213602611725
46360,no_incendio,-6.041174269159521,-76.02071621272385
46361,incendio,-7.4758,-76.5434
46367,incendio,-6.5353,-76.7333
46377,incendio,-7.4182,-76.716
46381,no_incendio,-6.095756407316532,-77.30841425266888
46384,no_incendio,-5.309022549050947,-77.11989827113337
46389,incendio,-6.7115,-76.4814
46393,incendio,-7.2104,-76.4919
46398,no_incendio,-6.036634194085042,-76.33475368850613
46409,incendio,-6.5148,-76.8146
46410,no_incendio,-6.736094048254664,-75.79047035285556
46412,incendio,-6.0581,-77.2383
46419,incendio,-7.3934,-76.5602
46420,no_incendio,-6.684698936601428,-75.64362761188839
46424,incendio,-6.6398,-76.7294
46425,incendio,-8.3045,-76.5349
46426,no_incendio,-5.348479960720765,-76.73008143184053
46433,no_incendio,-6.890142536767722,-76.21093731168023
46438,incendio,-8.5354,-76.1241
46446,no_incendio,-6.2234750512942,-76.15839430304165
46447,incendio,-6.1275,-76.1521
46449,no_incendio,-5.739545483497391,-76.77757497448552
46455,incendio,-8.6252,-76.3548
46457,incendio,-6.0203,-77.1874
46459,no_incendio,-6.559185707653601,-77.1814362546677
46464,incendio,-6.2059,-76.2106
46467,incendio,-7.0744,-76.1678
46469,incendio,-7.3682,-76.6861
46471,no_incendio,-6.134868701694113,-76.84593822630983
46473,incendio,-5.7854,-77.1043
46478,incendio,-7.3613,-76.2929
46486,incendio,-5.3047,-76.4624
46489,no_incendio,-7.230653311251528,-76.66188363656903
46493,incendio,-7.6109,-76.4053
46497,incendio,-6.973,-76.313
46498,incendio,-7.2787,-76.0687
46500,no_incendio,-6.8812608532922095,-77.14870823308875
46502,incendio,-7.0036,-76.5249
46504,no_incendio,-6.758060268510353,-77.51884776551792
46512,incendio,-7.2987,-76.9449
46520,no_incendio,-7.163128957992517,-77.33946379317482
46524,incendio,-7.548,-76.8031
46528,no_incendio,-6.851346088597758,-76.87565472102605
46536,no_incendio,-6.536633754882988,-75.61074686603133
46541,no_incendio,-7.58397179719786,-76.78899858637695
46542,incendio,-6.223,-75.8597
46549,incendio,-5.967,-76.2244
46551,no_incendio,-5.5750859368578904,-77.18888026677212
46555,incendio,-7.3699,-76.8732
46556,incendio,-6.2157,-75.7981
46558,incendio,-6.2046,-76.0881
46561,incendio,-8.4478,-76.4279
46572,no_incendio,-7.516029592309847,-76.17814319860955
46574,no_incendio,-6.518152554514016,-75.5195810155841
46577,no_incendio,-5.937659253977012,-77.34942172737706
46578,no_incendio,-5.501045309864604,-77.33293151035834
46580,incendio,-6.6863,-76.4643
46582,incendio,-6.9257,-76.2203
46583,incendio,-6.892,-76.5654
46585,incendio,-6.5763,-76.0008
46589,no_incendio,-7.280960307883033,-76.7904575448365
46591,incendio,-6.0291,-76.2013
46597,incendio,-5.3355,-75.662
46609,incendio,-6.5723,-76.3815
46611,no_incendio,-6.937667134670242,-75.79567614590403
46621,incendio,-6.7241,-76.7038
46623,no_incendio,-5.902840695958739,-77.46595018427229
46627,incendio,-8.2489,-76.3102
46629,no_incendio,-5.561988258344413,-76.88991934204635
46631,no_incendio,-5.369357026240305,-77.2031702822179
46635,incendio,-8.3518,-76.3236
46639,incendio,-6.78,-76.6923
46642,no_incendio,-7.489751819531982,-75.96573533227652
46660,no_incendio,-5.767577808825913,-75.75625284767814
46664,no_incendio,-6.1503156162969,-75.68207577523512
46670,no_incendio,-7.468966943240149,-76.0987072289364
46677,incendio,-6.443,-76.8544
46679,no_incendio,-7.427821513315094,-77.09535827635182
46680,no_incendio,-7.059198382146936,-75.77593999522976
46684,no_incendio,-6.806373584205248,-76.84212620311408
46689,no_incendio,-7.4654999073290265,-76.71461513627762
46691,incendio,-6.6902,-77.4223
46692,incendio,-6.778,-76.4902
46694,incendio,-5.9429,-76.3046
46698,no_incendio,-6.738442276906446,-76.26128977675305
46712,incendio,-7.332,-76.653
46720,incendio,-6.2377,-76.1279
46726,incendio,-5.8929,-75.9301
46728,incendio,-5.748,-77.4622
46732,incendio,-8.6573,-76.9071
46737,no_incendio,-6.8808047229850295,-76.28180482094469
46741,no_incendio,-6.154726709997222,-75.55076367684507
46742,incendio,-7.2608,-77.676
46744,incendio,-8.4508,-76.3143
46749,incendio,-6.8555,-76.9652
46753,incendio,-7.2717,-76.4067
46760,incendio,-6.4826,-76.7341
46763,no_incendio,-6.856229226903604,-75.880120110949
46765,incendio,-7.3094,-77.5176
46779,no_incendio,-5.746784627492212,-75.78617751665539
46780,no_incendio,-7.333298288226105,-76.42146225481947
46792,incendio,-7.1175,-76.864
46793,no_incendio,-6.623625617650361,-76.4412657181978
46805,incendio,-6.3503,-76.7752
46807,incendio,-5.6212,-75.8914
46823,incendio,-7.0884,-76.2061
46824,incendio,-7.0723,-76.7991
46825,no_incendio,-6.45014471724059,-77.23785683491617
46826,no_incendio,-6.156942123129494,-76.92567844755888
46828,no_incendio,-7.014371526342947,-75.6304094962068
46834,incendio,-6.9978,-76.2021
46836,incendio,-7.6206,-76.6658
46838,incendio,-5.9287,-77.1082
46840,incendio,-5.5423,-75.891
46853,incendio,-6.4553,-75.8793
46856,no_incendio,-5.661805796480656,-77.53514186743837
46857,no_incendio,-6.007112604816549,-77.29204800487722
46859,incendio,-6.0135,-75.6366
46866,no_incendio,-6.5305605417841495,-76.81567387832536
46869,incendio,-5.4777,-76.6529
46878,no_incendio,-6.31265571754434,-77.00564888561091
46882,incendio,-7.2786,-76.3041
46888,incendio,-5.8232,-76.5429
46889,incendio,-7.373,-76.5205
46897,incendio,-5.995,-75.9229
46901,incendio,-8.3511,-76.2966
46902,incendio,-6.8043,-76.4916
46909,incendio,-6.4475,-76.592
46912,incendio,-6.3898,-75.9151
46913,incendio,-5.8088,-76.1384
46915,no_incendio,-6.107814853885202,-77.33817072189056
46920,no_incendio,-6.617504610391747,-77.25647472773994
46924,incendio,-8.0748,-76.5031
46925,incendio,-6.0668,-76.2996
46932,no_incendio,-6.5631659761878876,-77.17426169429598
46933,no_incendio,-5.525473635438348,-76.97243620940135
46934,incendio,-5.7036,-76.2755
46935,incendio,-6.0656,-76.3903
46936,incendio,-6.8567,-76.2633
46946,no_incendio,-5.9969306066925245,-75.59395245076587
46947,incendio,-6.5216,-76.523
46950,no_incendio,-6.391692174987462,-77.10791126635735
46953,no_incendio,-6.731898455104795,-77.28317456533246
46955,incendio,-6.6136,-76.0632
46960,no_incendio,-6.090705105654209,-75.76196358722034
46972,no_incendio,-5.818727365285151,-76.86751655981939
46973,no_incendio,-5.851710851525425,-77.43871611391367
46976,no_incendio,-7.216614993286788,-77.03461698814449
46991,incendio,-6.5947,-76.7684
47001,no_incendio,-7.070198196068285,-76.36379595586068
47004,incendio,-7.5638,-76.4844
47019,incendio,-7.5393,-76.7138
47027,no_incendio,-7.306661299403648,-77.35299757529853
47034,no_incendio,-6.5564240987934905,-76.79797957202473
47040,no_incendio,-7.099688871826168,-75.91020418997267
47043,incendio,-6.6906,-76.5498
47044,incendio,-6.7432,-76.6179
47045,no_incendio,-6.725956984213016,-76.31094915112595
47046,incendio,-6.7975,-76.5053
47047,incendio,-6.674,-77.4549
47049,incendio,-6.4552,-76.8857
47050,incendio,-7.3872,-76.2589
47054,no_incendio,-6.044769424983038,-75.50599138370771
47056,no_incendio,-6.25350724604799,-77.4340170352428
47058,incendio,-5.9317,-76.2976
47062,no_incendio,-5.702153316153597,-75.54463550563808
47064,incendio,-6.2225,-76.9911
47071,no_incendio,-7.213623333493973,-77.17840648744146
47074,no_incendio,-5.812760524192122,-77.54920790478845
47081,incendio,-7.1276,-76.1098
47082,incendio,-7.1367,-76.7255
47086,no_incendio,-6.890502660955485,-77.28521359628384
47105,no_incendio,-5.546857195256127,-75.81190178678054
47115,no_incendio,-6.258662070362653,-76.50630572261905
47116,incendio,-7.1307,-76.5035
47128,no_incendio,-6.664505823088651,-77.4814157749719
47134,incendio,-6.5541,-76.7827
47137,incendio,-7.4524,-76.5827
47138,incendio,-6.2998,-76.7438
47141,incendio,-6.9768,-76.4732
47143,incendio,-7.2894,-76.4552
47145,incendio,-6.7485,-76.6223
47146,incendio,-5.6655,-76.5625
47153,no_incendio,-6.572656774954891,-77.3264854349528
47159,incendio,-5.7723,-76.5573
47161,no_incendio,-5.339988911138568,-75.94604419335825
47164,incendio,-7.0877,-76.097
47169,no_incendio,-5.563302307050842,-76.50751783358145
47170,incendio,-6.7054,-76.8657
47173,incendio,-6.746,-76.4765
47183,incendio,-7.4755,-76.4387
47187,incendio,-6.975,-77.7121
47192,incendio,-7.6015,-76.5187
47205,no_incendio,-5.501045309864604,-77.33293151035834
47208,no_incendio,-6.480910366032293,-76.46284954850665
47213,incendio,-7.4016,-76.3664
47221,no_incendio,-6.467420438436691,-76.19360941434292
47222,incendio,-6.4033,-77.797
47224,incendio,-7.0022,-76.544
47236,incendio,-8.0781,-76.5723
47247,incendio,-6.1145,-76.1957
47256,incendio,-7.3669,-76.5867
47258,incendio,-6.666,-76.4819
47267,incendio,-7.6262,-76.4238
47274,incendio,-6.8183,-76.8845
47277,incendio,-7.4089,-76.5847
47288,no_incendio,-5.924081807664306,-77.5419305607915
47289,incendio,-7.2497,-76.1834
47292,no_incendio,-5.432202072011853,-76.59374002276904
47293,no_incendio,-5.714958817536613,-75.57831712461974
47296,incendio,-7.4207,-76.7114
47298,incendio,-7.6926,-76.6586
47309,incendio,-6.8669,-76.6416
47310,incendio,-6.7201,-76.4759
47314,no_incendio,-5.3699868320408415,-75.54453001162278
47316,incendio,-7.194,-76.8612
47328,incendio,-6.3735,-75.7703
47330,no_incendio,-6.298521477567302,-76.20182358446478
47335,incendio,-5.7937,-77.0219
47339,no_incendio,-5.3088507793034125,-76.33692970134372
47349,no_incendio,-6.260923080518788,-75.61074627640608
47358,no_incendio,-7.5389429366733145,-76.3612819242991
47361,no_incendio,-5.9272520922930445,-77.17976360795232
47373,no_incendio,-6.072007171578419,-77.37389388906047
47380,incendio,-6.0935,-76.1288
47383,no_incendio,-6.462614163555006,-75.61289892495
47384,incendio,-6.7458,-76.4308
47398,incendio,-8.3459,-76.543
47402,incendio,-6.0725,-76.9001
47407,incendio,-6.2201,-75.7927
47408,incendio,-7.3493,-76.5546
47410,incendio,-6.5605,-76.7593
47412,no_incendio,-7.3239429065406565,-75.71625724817507
47417,incendio,-6.1954,-76.2697
47419,incendio,-6.8422,-76.8963
47425,no_incendio,-6.3823444451531675,-76.72222524088096
47427,incendio,-6.7461,-76.5996
47428,incendio,-6.8894,-76.6098
47429,no_incendio,-5.98497682810957,-77.24575452252367
47430,no_incendio,-5.472585153492127,-77.10655294749147
47434,incendio,-6.5716,-76.3579
47435,no_incendio,-7.5699592193140015,-75.58526155924636
47439,no_incendio,-7.37285257220338,-75.85397128431137
47445,incendio,-6.9625,-76.8194
47448,no_incendio,-5.968149636265594,-77.51081675536001
47452,no_incendio,-6.044769424983038,-75.50599138370771
47454,incendio,-6.0184,-77.1326
47459,no_incendio,-7.221811632536515,-77.44262630315019
47465,incendio,-5.7078,-76.0682
47473,incendio,-6.0849,-77.0572
47488,no_incendio,-6.893380079192219,-76.030920773184
47489,incendio,-7.5838,-76.4
47495,no_incendio,-6.729488491648472,-77.03653906594069
47504,no_incendio,-6.006937780860308,-77.45432250461575
47515,incendio,-6.7343,-76.1389
47517,no_incendio,-6.5878777950259835,-76.78969667476908
47523,no_incendio,-5.489245275525123,-76.82667902790362
47525,no_incendio,-6.911054339106914,-76.61694946054432
47526,incendio,-5.8403,-77.3504
47538,incendio,-7.4039,-76.5878
47540,no_incendio,-6.594359651694001,-75.81359177197494
47541,no_incendio,-6.8038809431040965,-76.81652393345753
47543,incendio,-7.4734,-76.7042
47548,no_incendio,-6.825822993237503,-77.04144362527458
47549,incendio,-7.3726,-76.6052
47552,incendio,-5.6846,-76.6157
47555,incendio,-6.5455,-76.5347
47558,incendio,-6.3797,-76.7073
47567,no_incendio,-6.794519962222771,-76.90986347869215
47587,incendio,-5.7435,-76.1048
47590,incendio,-8.3753,-76.4852
47592,incendio,-7.4685,-76.5592
47594,incendio,-7.3767,-76.5692
47607,no_incendio,-5.6976044499375105,-76.64278583121316
47609,no_incendio,-5.900355019577343,-76.50972621036057
47616,incendio,-8.4611,-76.2558
47619,no_incendio,-7.2373332017811665,-76.09425476964923
47623,incendio,-7.5589,-76.4848
47627,incendio,-6.8707,-76.5028
47628,no_incendio,-6.486581240227174,-76.15835402098138
47630,no_incendio,-5.734144568873576,-75.90585662556418
47633,no_incendio,-6.53438876670278,-77.3151143596093
47640,no_incendio,-5.485150772179796,-77.0821813016382
47641,incendio,-6.3409,-76.6136
47643,no_incendio,-7.536324441611577,-75.98652093293225
47645,no_incendio,-6.04175420458928,-75.6154818462728
47648,incendio,-5.8289,-77.3135
47650,incendio,-7.3939,-76.6406
47651,no_incendio,-5.824960586839608,-76.59374334653756
47652,incendio,-7.1349,-76.2853
47666,no_incendio,-7.456346722108078,-76.20342873895703
47670,no_incendio,-7.307422219905113,-77.49030389420659
47674,incendio,-6.1113,-76.1248
47677,incendio,-7.0364,-76.7763
47679,incendio,-8.3775,-76.4293
47683,incendio,-6.1673,-76.2996
47686,no_incendio,-5.7103480025675015,-77.41410373684516
47689,incendio,-5.8583,-76.5585
47690,no_incendio,-5.966007765722613,-76.02339603474364
47694,no_incendio,-5.971572498496214,-75.54699515189168
47701,incendio,-7.2163,-77.0579
47702,incendio,-7.6609,-76.4917
47705,no_incendio,-5.791181789509089,-77.46024775242152
47712,incendio,-6.7436,-76.5533
47714,incendio,-8.679,-76.1618
47717,no_incendio,-6.644983818759033,-76.97235660144274
47721,no_incendio,-6.9260270516583,-76.1608919912471
47724,no_incendio,-6.201637039608355,-76.63859765076462
47730,incendio,-8.2765,-76.6027
47732,no_incendio,-6.395505819847665,-76.99761432969862
47734,incendio,-6.6306,-76.6431
47735,incendio,-7.2403,-76.8754
47736,incendio,-8.664,-76.338
47744,no_incendio,-5.9287884158970305,-76.31836219337158
47745,incendio,-6.1405,-76.3222
47749,incendio,-6.5248,-76.4116
47757,no_incendio,-5.655403371061297,-77.22066038141541
47761,no_incendio,-7.377346584054845,-77.21066750842841
47777,incendio,-6.5613,-75.6687
47780,incendio,-6.5835,-76.596
47785,no_incendio,-6.781601843650596,-77.34861421933648
47786,incendio,-5.8376,-76.1878
47789,incendio,-6.5354,-77.7476
47794,no_incendio,-6.575273134907994,-75.71241319767115
47802,incendio,-7.0817,-76.7859
47806,incendio,-6.5801,-77.3755
47809,incendio,-5.6729,-77.5391
47810,incendio,-5.7841,-76.2058
47816,no_incendio,-7.265385570436415,-76.15256195898944
47817,incendio,-6.7243,-76.7466
47819,no_incendio,-5.5683966845979995,-76.81768428751661
47820,no_incendio,-5.873429262130088,-76.29994874270383
47821,incendio,-6.9425,-76.7063
47825,incendio,-8.5527,-76.3564
47833,incendio,-6.0058,-77.0792
47838,incendio,-8.0651,-76.5881
47840,incendio,-8.139,-76.499
47842,incendio,-7.378,-76.4885
47843,incendio,-7.0107,-76.3894
47846,incendio,-7.5135,-76.438
47849,no_incendio,-5.3579190970036175,-75.71127050256207
47850,no_incendio,-7.217722844984081,-77.2235426849214
47852,incendio,-5.9961,-76.1587
47853,no_incendio,-6.607438503581988,-77.25629846979227
47856,incendio,-7.1407,-77.6294
47860,no_incendio,-6.946999930209273,-76.16347768392615
47861,incendio,-7.3142,-76.5511
47862,incendio,-8.7084,-76.2598
47867,incendio,-7.0962,-76.6047
47870,no_incendio,-5.618133364002661,-76.2191295091602
47876,incendio,-5.7388,-76.4783
47880,no_incendio,-6.7893125147185724,-75.8130856477531
47885,no_incendio,-6.806373584205248,-76.84212620311408
47888,incendio,-5.8978,-77.1032
47909,no_incendio,-6.632429838819291,-76.85546244307059
47911,incendio,-6.6312,-76.1391
47914,incendio,-6.415,-76.6013
47925,incendio,-7.463,-76.4568
47928,incendio,-5.7417,-76.1942
47929,no_incendio,-5.701243653353404,-77.51137584362479
47933,incendio,-7.0066,-76.8689
47938,incendio,-6.2685,-75.9862
47940,incendio,-6.6434,-76.683
47941,incendio,-7.0618,-76.1227
47946,incendio,-7.4846,-76.4569
47947,no_incendio,-6.520841370621428,-77.36086106907894
47948,no_incendio,-6.564347270784287,-75.8738633840426
47950,incendio,-8.0825,-76.5222
47976,incendio,-5.9795,-76.2565
47982,incendio,-7.1389,-76.2968
47986,no_incendio,-6.36044395346056,-75.72277954497737
47990,no_incendio,-5.706911774664528,-77.15797296628834
47995,incendio,-7.2208,-76.8853
47996,incendio,-6.655,-76.7169
47999,no_incendio,-6.573895472470259,-76.90325456502508
48000,incendio,-8.7774,-76.1048
48002,no_incendio,-5.332935425847374,-77.16749151506393
48013,incendio,-8.7981,-76.2075
48022,no_incendio,-6.9303848627730344,-77.0665622069992
48023,no_incendio,-6.664505823088651,-77.4814157749719
48024,incendio,-6.3305,-76.2531
48027,no_incendio,-5.501399945972402,-76.12442406721492
48029,incendio,-5.8506,-76.0014
48033,incendio,-6.7539,-76.1903
48034,incendio,-7.4289,-76.5951
48035,incendio,-7.1749,-76.8175
48037,no_incendio,-5.493534251624167,-76.05824936892388
48045,incendio,-8.1524,-76.5243
48048,no_incendio,-6.701934945529236,-77.46493186657752
48049,no_incendio,-7.591157646889957,-76.48064707935481
48050,incendio,-5.666,-75.9343
48055,incendio,-5.9701,-76.1584
48061,no_incendio,-5.4324592687941,-76.16239104777486
48062,no_incendio,-6.310252900156727,-75.63690302476967
48067,incendio,-7.4016,-76.6816
48069,no_incendio,-5.6874479423727555,-75.79801976537915
48070,no_incendio,-7.0802266587833635,-75.87902422488
48073,incendio,-7.2143,-76.2225
48084,incendio,-6.2363,-76.7216
48085,no_incendio,-7.465611055003252,-76.84521972476566
48088,incendio,-6.1879,-76.3957
48089,incendio,-7.2964,-76.431
48090,no_incendio,-7.232373566693578,-77.33989801092913
48092,incendio,-5.7538,-77.3171
48096,no_incendio,-5.49325291733823,-76.90069379643876
48098,no_incendio,-7.562840840503951,-75.66286053205432
48099,incendio,-6.7199,-76.4711
48105,no_incendio,-7.459387198765487,-76.32587223443953
48109,incendio,-7.3551,-76.5419
48110,incendio,-5.8495,-76.279
48120,no_incendio,-7.487565239153625,-77.31329030244564
48122,no_incendio,-7.413823551899182,-76.79124540072256
48125,incendio,-8.7163,-76.3337
48134,incendio,-5.7621,-76.4021
48135,no_incendio,-6.143493830692505,-76.5408916216836
48136,incendio,-7.6843,-76.5192
48143,incendio,-6.2046,-75.8232
48145,incendio,-5.7986,-76.0201
48150,incendio,-5.74,-76.2283
48151,incendio,-5.6597,-77.516
48152,no_incendio,-6.607438503581988,-77.25629846979227
48154,incendio,-6.5097,-76.8159
48157,no_incendio,-5.304216028521146,-77.22955638933952
48160,incendio,-7.5751,-76.413
48161,incendio,-8.5621,-76.8572
48167,incendio,-8.5021,-76.4101
48168,no_incendio,-6.787959079277664,-75.64572689392233
48178,no_incendio,-7.028663799217614,-75.85033836524988
48182,no_incendio,-6.248141133810431,-75.50987121265236
48196,no_incendio,-6.223322439610729,-75.97460472272981
48201,incendio,-7.2495,-76.376
48205,incendio,-6.832,-76.4776
48207,no_incendio,-5.815972204611399,-75.5996631905604
48209,incendio,-5.6739,-76.5901
48210,incendio,-7.0374,-76.59
48219,no_incendio,-5.326540128955467,-75.8192880237214
48224,no_incendio,-6.319184567250436,-76.7615595241715
48226,incendio,-5.9796,-75.9109
48236,no_incendio,-7.251053016973333,-77.43482372064443
48237,incendio,-7.2497,-76.9653
48238,incendio,-6.8504,-76.7726
48239,incendio,-6.3121,-76.2274
48246,incendio,-7.354,-76.5616
48252,incendio,-8.7002,-76.1797
48254,no_incendio,-7.294379319518731,-75.60933586901135
48258,incendio,-5.9516,-76.5044
48261,no_incendio,-5.800895908311601,-76.62831443275236
48267,no_incendio,-5.6897437871119,-77.10615819747757
48279,no_incendio,-5.976273966695589,-76.89556075922386
48281,incendio,-7.4154,-76.6045
48283,no_incendio,-6.653744086369802,-76.88423091911557
48286,no_incendio,-6.846679592265051,-75.78055281220841
48293,incendio,-5.7426,-76.0879
48294,no_incendio,-5.841456819782133,-77.02191077906832
48301,incendio,-6.2464,-75.9234
48320,incendio,-6.621,-76.7723
48327,incendio,-7.5335,-76.7267
48329,incendio,-8.1966,-76.5494
48330,no_incendio,-6.460809424904893,-76.67264708557983
48331,no_incendio,-6.687814799910479,-75.56700420232013
48333,incendio,-6.543,-75.9406
48338,incendio,-6.8956,-76.854
48339,incendio,-6.7956,-76.4544
48345,incendio,-7.2751,-76.4704
48346,incendio,-6.8859,-76.6609
48349,no_incendio,-6.360714337530349,-76.51313445356357
48352,incendio,-7.2242,-76.8259
48354,incendio,-7.7848,-77.4891
48357,incendio,-6.0443,-76.9393
48362,no_incendio,-7.417769459056535,-76.0278387197161
48364,incendio,-7.4518,-76.5812
48365,incendio,-7.6421,-76.5989
48370,no_incendio,-5.65611924902812,-76.450948774078
48372,no_incendio,-5.9638581047952375,-75.97775046224217
48375,incendio,-7.058,-76.7976
48390,incendio,-8.5284,-77.0151
48394,incendio,-6.857,-76.1121
48398,no_incendio,-7.331602369683786,-75.50190770424915
48400,incendio,-7.5623,-76.646
48402,no_incendio,-6.281173626920689,-76.33798845589783
48406,no_incendio,-7.188428352306568,-77.29319926370498
48408,no_incendio,-7.1816270512499,-75.96620433389496
48409,incendio,-6.3791,-76.4041
48410,incendio,-5.7867,-77.0948
48414,no_incendio,-6.758724816086575,-76.05879675132634
48421,no_incendio,-6.217977569363936,-76.69976022852224
48430,no_incendio,-6.812854444766214,-76.31590409569822
48442,no_incendio,-6.811703020411863,-76.53234904826876
48449,incendio,-6.1901,-76.3285
48456,incendio,-7.1071,-76.219
48460,no_incendio,-5.8624058726324275,-77.54256899267752
48464,no_incendio,-6.271888529403575,-75.79765684657775
48469,no_incendio,-5.670265351646696,-76.15936780244608
48470,no_incendio,-5.659847709526774,-75.83935663792408
48476,no_incendio,-6.424628672692531,-76.43252138876545
48489,no_incendio,-5.337639267388661,-76.79635411817596
48491,incendio,-6.3791,-76.0121
48501,incendio,-5.7963,-77.4191
48503,no_incendio,-7.014702412265873,-76.4405488433982
48507,incendio,-8.4296,-76.4796
48511,no_incendio,-7.377346584054845,-77.21066750842841
48513,incendio,-5.8156,-76.5605
48516,incendio,-6.1424,-76.1366
48529,incendio,-7.2246,-77.0018
48534,no_incendio,-6.960339111557958,-75.64609550577184
48535,no_incendio,-5.306306841629591,-77.15046908916776
48548,incendio,-6.2176,-75.854
48556,no_incendio,-6.929511458644296,-75.83962565372784
48560,incendio,-6.0332,-76.8569
48571,incendio,-6.8195,-76.6109
48574,incendio,-7.1151,-76.3495
48575,no_incendio,-5.525266717128592,-75.70624108601852
48576,incendio,-8.5854,-76.5626
48583,no_incendio,-5.67746740794027,-76.11677597680215
48588,incendio,-7.381,-76.6045
48594,no_incendio,-5.747916301571042,-76.94248947046277
48599,incendio,-7.9936,-75.5785
48608,no_incendio,-7.502611835705684,-75.74342232378346
48613,incendio,-7.1422,-76.2219
48616,incendio,-6.2706,-77.033
48617,incendio,-6.0105,-77.2484
48621,incendio,-6.6661,-76.5959
48629,incendio,-6.0197,-76.2885
48634,no_incendio,-7.389808722529589,-77.07301560245696
48635,incendio,-7.4517,-76.5667
48643,no_incendio,-7.154379449162653,-76.23880537117174
48645,incendio,-6.8409,-76.8961
48647,incendio,-6.4364,-75.7656
48649,incendio,-7.2221,-76.6285
48650,incendio,-6.081,-76.0093
48658,no_incendio,-6.107287203943645,-77.4216594793923
48661,incendio,-7.6694,-76.4799
48662,incendio,-8.3479,-76.4205
48663,no_incendio,-6.224512205373936,-77.14720066928672
48666,no_incendio,-5.453647317604843,-76.59202254288773
48669,incendio,-6.5249,-75.67
48673,incendio,-7.14,-76.8066
48675,no_incendio,-7.4438050568529475,-75.8809717620132
48684,no_incendio,-7.146199438472306,-75.63802434726938
48686,incendio,-6.8298,-76.4219
48688,incendio,-7.2103,-76.6293
48689,incendio,-6.6434,-76.4343
48693,no_incendio,-6.143493830692505,-76.5408916216836
48694,incendio,-7.1736,-76.4541
48700,no_incendio,-6.695277689736439,-77.08154414600035
48702,no_incendio,-6.931488241799888,-76.75916732730077
48708,no_incendio,-6.752631174647365,-76.89757485609974
48712,no_incendio,-7.192676000546934,-77.13476748134192
48722,no_incendio,-7.381229378022176,-76.50096695875145
48726,no_incendio,-6.827947755317633,-77.24078320536096
48738,incendio,-8.7098,-76.955
48749,incendio,-5.7995,-77.4142
48750,no_incendio,-5.796164972487043,-76.72449599512143
48754,incendio,-6.7768,-76.7233
48757,incendio,-6.5279,-76.2788
48760,incendio,-6.2346,-76.2179
48768,incendio,-7.1209,-76.2721
48770,incendio,-6.7439,-76.6689
48776,no_incendio,-6.509338593690795,-76.81131065559471
48780,no_incendio,-6.490435100183895,-76.04212659409674
48791,incendio,-8.4937,-76.4028
48805,no_incendio,-7.0294194294183265,-77.09735006276883
48811,incendio,-7.0409,-76.1432
48815,no_incendio,-6.799158296280013,-76.12149634545402
48816,incendio,-7.4983,-76.3589
48817,no_incendio,-7.409421605310309,-75.83681236527086
48820,incendio,-8.2826,-76.5947
48827,no_incendio,-7.582363301360768,-76.43607509989434
48832,incendio,-6.7401,-77.3057
48834,no_incendio,-7.084883582406477,-76.16691642079259
48837,no_incendio,-7.5990878129892385,-76.01433706050479
48842,no_incendio,-5.5904160018413185,-75.95967696851481
48848,no_incendio,-5.6727531578346015,-77.41986068936593
48854,no_incendio,-7.014371526342947,-75.6304094962068
48864,incendio,-7.2566,-76.4257
48865,incendio,-6.4411,-76.3029
48876,incendio,-6.3196,-76.1113
48882,incendio,-6.713,-76.3563
48884,incendio,-6.5935,-77.5304
48893,no_incendio,-6.795665285445913,-76.70031335032672
48895,incendio,-6.8898,-76.7075
48915,no_incendio,-5.388800568828812,-75.76427198080877
48916,no_incendio,-6.391881397317083,-77.53216465937516
48922,incendio,-7.7437,-76.5061
48927,incendio,-7.0741,-76.7671
48929,no_incendio,-5.7532005563442,-76.81683301115936
48931,no_incendio,-5.5280435147957645,-75.64292390382334
48942,no_incendio,-6.48340164417584,-76.67965578486029
48956,no_incendio,-6.758060268510353,-77.51884776551792
48960,incendio,-7.2038,-77.0798
48965,no_incendio,-7.4582565567314925,-76.8374558308584
48969,incendio,-6.4282,-76.8836
48973,incendio,-7.3662,-76.7375
48989,incendio,-5.8188,-76.5066
49005,no_incendio,-5.8166617894952815,-76.28161854109814
49015,incendio,-7.0302,-76.0997
49017,incendio,-6.4364,-76.6826
49020,incendio,-6.2086,-75.8981
49021,incendio,-7.2245,-76.8114
49022,no_incendio,-6.953964765279714,-77.26246463391935
49029,incendio,-6.2408,-77.7659
49032,no_incendio,-6.595830198454336,-76.87085544617783
49033,no_incendio,-5.807568980791382,-75.59957931060934
49036,incendio,-8.5787,-76.337
49038,incendio,-5.7363,-76.2334
49040,incendio,-6.8468,-76.7105
49042,incendio,-8.5033,-77.6301
49045,incendio,-7.6396,-76.7902
49050,no_incendio,-6.668348976590427,-75.85167744687278
49053,no_incendio,-6.526663320909917,-76.57498858502044
49054,no_incendio,-5.5797385570843945,-76.68051881795166
49056,incendio,-7.1976,-76.4654
49057,no_incendio,-6.402069451962711,-76.21591146142134
49063,incendio,-5.7349,-77.3382
49075,incendio,-6.1489,-76.3436
49080,incendio,-7.2565,-76.4605
49081,incendio,-7.1072,-76.173
49082,incendio,-6.5626,-76.7567
49087,no_incendio,-6.699009805364948,-77.20530585140459
49088,no_incendio,-5.455465993485473,-76.16419328270247
49095,incendio,-7.3019,-76.4699
49098,incendio,-8.7037,-76.9153
49099,incendio,-6.1549,-76.376
49110,no_incendio,-5.388346448693102,-76.72150148992378
49111,incendio,-6.5831,-76.6043
49113,incendio,-6.6022,-77.3493
49114,no_incendio,-6.7893125147185724,-75.8130856477531
49115,no_incendio,-5.66978916869293,-75.78583352536694
49117,incendio,-6.7597,-76.6701
49132,no_incendio,-7.404587411347148,-77.48236039818194
49148,no_incendio,-7.047404652384161,-75.9921217029406
49155,no_incendio,-7.517330043663011,-76.85538614453351
49156,incendio,-6.0983,-76.1998
49163,incendio,-5.7213,-77.408
49164,incendio,-6.4147,-75.7511
49166,no_incendio,-7.454920494649443,-76.8925561147692
49169,no_incendio,-6.1174086914739405,-75.65121133854548
49170,no_incendio,-6.026471909112164,-76.38280873739679
49172,no_incendio,-7.391919899350189,-76.53710558307176
49177,no_incendio,-7.562840840503951,-75.66286053205432
49183,incendio,-5.7792,-77.2704
49189,no_incendio,-5.62776239327014,-77.48408133634722
49196,incendio,-7.5764,-76.7645
49199,incendio,-6.3015,-75.7394
49201,incendio,-7.3644,-76.7558
49203,incendio,-7.0291,-76.1083
49210,incendio,-7.6062,-76.6641
49234,incendio,-8.7511,-77.2184
49235,no_incendio,-6.602549423318465,-77.00681560184587
49238,no_incendio,-6.237007995955339,-77.29653920345977
49242,incendio,-6.5648,-76.7488
49258,no_incendio,-6.396864121936975,-76.4851873457876
49265,incendio,-8.1865,-77.5835
49266,no_incendio,-6.1773004933773406,-76.41533827057219
49270,incendio,-7.3166,-76.6904
49271,incendio,-8.1581,-77.1341
49275,incendio,-6.7878,-76.5693
49281,incendio,-6.3618,-76.7277
49283,incendio,-7.0526,-76.8509
49284,no_incendio,-7.106983766497296,-76.41530269638099
49286,incendio,-8.4534,-76.4002
49287,no_incendio,-7.516029592309847,-76.17814319860955
49293,incendio,-8.2673,-76.4956
49294,incendio,-8.277,-76.5172
49296,incendio,-6.7261,-76.685
49297,incendio,-7.2689,-76.698
49302,incendio,-6.1906,-75.961
49304,incendio,-6.1451,-76.1453
49306,incendio,-7.2269,-76.6108
49310,incendio,-6.6765,-76.6955
49312,no_incendio,-6.525952464139444,-76.13787075319888
49319,no_incendio,-6.729806246426535,-76.87013039720924
49320,incendio,-6.4594,-77.469
49328,incendio,-5.8089,-77.3215
49333,incendio,-7.4651,-76.5633
49338,no_incendio,-7.079367268286084,-75.74962590729507
49339,no_incendio,-6.942876340672963,-76.33358150381483
49341,no_incendio,-6.699363471042822,-76.86169598666291
49346,incendio,-6.1081,-76.1637
49349,no_incendio,-7.250518418431454,-77.39731384590523
49350,no_incendio,-6.337630898858479,-77.22298031852678
49354,no_incendio,-6.459421110313875,-76.2975020951517
49356,incendio,-6.2712,-75.78
49363,incendio,-7.2767,-76.6345
49365,no_incendio,-5.767577808825913,-75.75625284767814
49368,incendio,-6.2132,-75.8288
49369,incendio,-7.559,-76.4127
49371,incendio,-8.7717,-76.3089
49372,incendio,-8.4867,-76.2322
49373,no_incendio,-6.594359651694001,-75.81359177197494
49374,incendio,-7.3879,-76.3796
49375,no_incendio,-5.748428283636171,-75.60096771532396
49379,no_incendio,-7.4291899383099445,-76.99344952239323
49380,incendio,-7.0312,-76.7645
49382,no_incendio,-6.811703020411863,-76.53234904826876
49385,incendio,-7.5839,-76.3926
49386,incendio,-7.4205,-76.4112
49387,incendio,-7.0084,-76.6838
49389,no_incendio,-6.2062844027818835,-77.2816967062703
49390,incendio,-8.066,-76.6037
49395,incendio,-6.034,-76.2214
49400,no_incendio,-7.038387701485983,-77.46608635694433
49403,incendio,-6.1287,-76.199
49412,no_incendio,-7.014702412265873,-76.4405488433982
49416,incendio,-7.1351,-76.3634
49423,incendio,-7.5703,-76.4021
49428,incendio,-7.7368,-76.4979
49432,incendio,-7.4274,-76.4669
49434,no_incendio,-6.856923978483267,-76.96918980938075
49436,incendio,-6.9108,-76.6718
49442,incendio,-6.9542,-76.5573
49446,incendio,-5.8042,-76.5181
49448,incendio,-7.2258,-76.6435
49457,incendio,-6.7036,-76.6228
49458,incendio,-6.8771,-76.6318
49460,incendio,-6.3585,-76.3006
49461,incendio,-7.3756,-76.8001
49467,incendio,-6.241,-75.8318
49471,incendio,-8.7256,-77.766
49476,incendio,-8.2993,-76.4284
49483,incendio,-6.8796,-76.3535
49495,incendio,-7.108,-76.6028
49499,no_incendio,-5.662370106905432,-77.07535731755083
49502,incendio,-5.3919,-76.8418
49519,no_incendio,-5.89795943446839,-76.15835756218627
49521,incendio,-5.7343,-76.2346
49523,incendio,-7.1406,-76.5613
49533,incendio,-7.4012,-76.673
49536,no_incendio,-6.871083272493799,-75.76930140332634
49544,incendio,-5.7562,-76.391
49552,incendio,-7.4689,-77.5221
49559,incendio,-6.6999,-76.5485
49565,incendio,-6.7963,-76.608
49569,no_incendio,-6.376726836973272,-77.35752912688064
49579,incendio,-7.2415,-77.0618
49589,incendio,-7.3351,-76.4806
49593,no_incendio,-6.049219022458795,-76.2803636866073
49601,no_incendio,-6.156942123129494,-76.92567844755888
49602,incendio,-6.5312,-75.7121
49606,no_incendio,-5.591020062659783,-76.63960042736485
49611,no_incendio,-6.718454996800395,-75.59317309755335
49618,incendio,-7.7322,-76.7274
49630,no_incendio,-6.949275367929126,-77.03979042014342
49634,incendio,-7.3347,-76.7771
49636,no_incendio,-6.158099214586715,-77.01707847694989
49641,incendio,-6.0105,-76.2926
49650,incendio,-5.8576,-76.2159
49651,incendio,-6.0708,-76.4557
49662,incendio,-6.6479,-76.4163
49675,no_incendio,-6.371807438398121,-75.97041325819922
49681,incendio,-5.8394,-76.0014
49682,incendio,-7.1545,-76.3084
49695,incendio,-7.1023,-76.306
49699,incendio,-6.9447,-76.4384
49701,no_incendio,-6.992873718796428,-77.40735326396366
49703,incendio,-6.8605,-76.5553
49708,incendio,-6.1806,-76.9059
49716,incendio,-6.3959,-75.7878
49723,incendio,-6.5987,-76.4667
49725,no_incendio,-5.590745607594968,-76.01092904258273
49732,incendio,-6.6866,-76.8448
49741,incendio,-6.4607,-75.7461
49742,no_incendio,-5.3699868320408415,-75.54453001162278
49750,no_incendio,-6.304617864281926,-76.60193669802109
49751,no_incendio,-7.265385570436415,-76.15256195898944
49755,no_incendio,-6.1419091354730675,-76.8668930112328
49756,incendio,-6.7015,-76.6307
49766,incendio,-7.527,-76.4645
49771,incendio,-6.6048,-76.4986
49782,no_incendio,-6.536547874138972,-77.31298293788737
49783,incendio,-6.781,-76.9243
49784,no_incendio,-7.279070011168152,-76.78517622564465
49788,no_incendio,-6.143493830692505,-76.5408916216836
49790,incendio,-6.9505,-76.2828
49791,no_incendio,-6.125949661803806,-77.27004912325427
49794,incendio,-6.9769,-76.7171
49796,incendio,-7.3355,-76.39
49806,no_incendio,-5.3088507793034125,-76.33692970134372
49807,no_incendio,-7.228019173352536,-75.83265543127759
49812,no_incendio,-5.5683966845979995,-76.81768428751661
49825,incendio,-6.8907,-76.9535
49844,incendio,-7.0931,-76.7731
49847,incendio,-5.8259,-76.0405
49850,incendio,-6.2141,-76.8098
49851,incendio,-7.0176,-76.6902
49852,no_incendio,-7.418524326808485,-76.32670813744515
49853,incendio,-5.9666,-77.2865
49857,incendio,-6.2674,-77.2258
49858,incendio,-5.7727,-77.259
49861,incendio,-6.8407,-76.2026
49862,incendio,-5.982,-76.2104
49864,no_incendio,-6.254046612679011,-76.94445690037632
49869,incendio,-8.2867,-76.6299
49874,no_incendio,-6.266506898778969,-76.33689278886196
49876,incendio,-5.9787,-75.926
49878,incendio,-6.0795,-75.9689
49888,no_incendio,-7.224623096753857,-76.90340581488266
49899,incendio,-6.352,-76.1425
49902,no_incendio,-7.377346584054845,-77.21066750842841
49906,incendio,-7.4849,-76.5372
49913,incendio,-6.8896,-76.7832
49916,incendio,-7.0851,-76.2007
49922,no_incendio,-6.668348976590427,-75.85167744687278
49931,no_incendio,-6.777339583024972,-77.16983093641421
49932,no_incendio,-5.761894026687926,-76.71626651276603
49953,incendio,-6.9798,-76.6126
49956,incendio,-5.8263,-76.1398
49961,incendio,-7.2599,-76.7611
49965,incendio,-5.8382,-75.9615
49970,incendio,-5.9276,-77.0545
49973,no_incendio,-6.9303848627730344,-77.0665622069992
49975,no_incendio,-5.87076697965016,-76.32402567938676
49978,no_incendio,-6.535327617861432,-76.18785766882165
49993,incendio,-6.7264,-76.9656
49996,no_incendio,-5.841084064265475,-76.47146316885033
49997,incendio,-6.9028,-76.0903
50002,incendio,-5.6943,-75.9102
50003,incendio,-7.239,-76.1287
50007,incendio,-8.6583,-76.3287
50009,incendio,-6.0961,-75.7945
50012,incendio,-5.7207,-75.7731
50016,incendio,-8.7399,-76.1253
50020,incendio,-6.8892,-76.8968
50028,no_incendio,-6.000913642665956,-77.14500157376662
50030,incendio,-5.6743,-76.5999
50032,incendio,-8.231,-77.4153
50033,incendio,-6.839,-76.5363
50039,incendio,-6.1046,-76.1688
50040,no_incendio,-7.496239899438951,-76.29662903245722
50046,no_incendio,-5.340154408333765,-76.74093271807992
50047,incendio,-7.6032,-76.6887
50048,incendio,-7.1473,-76.3398
50055,incendio,-7.704,-76.7842
50056,no_incendio,-5.826799302537919,-75.73782519899997
50061,incendio,-6.544,-76.2694
50064,no_incendio,-6.038754568131664,-76.35371867515885
50068,incendio,-5.7211,-76.4566
50069,incendio,-7.147,-76.4942
50070,incendio,-5.7389,-76.0537
50081,incendio,-7.2971,-76.802
50082,no_incendio,-6.081920488696037,-77.43393189597795
50083,no_incendio,-6.74885592845062,-76.02672128613708
50091,no_incendio,-5.701243653353404,-77.51137584362479
50093,no_incendio,-6.727604587458214,-76.26589680418019
50098,no_incendio,-5.370065008448104,-77.20634043748042
50101,incendio,-6.38,-76.1003
50110,no_incendio,-5.976958562482058,-76.80488821989493
50112,incendio,-6.3088,-76.0071
50119,no_incendio,-6.377187733554232,-75.74684740899566
50122,incendio,-6.8906,-76.1665
50124,incendio,-6.2602,-76.1026
50125,incendio,-6.2627,-76.0234
50128,no_incendio,-5.641271222445664,-77.2589065650696
50132,incendio,-7.4345,-76.7293
50133,incendio,-7.5888,-76.417
50150,incendio,-6.0922,-75.9646
50160,no_incendio,-6.884683844966387,-77.48590774056447
50163,no_incendio,-6.2190640726250495,-76.93105958473025
50164,no_incendio,-7.291269329879484,-76.54650698845496
50166,incendio,-7.245,-76.4966
50169,incendio,-6.7763,-76.6591
50173,incendio,-6.2927,-76.1376
50176,incendio,-5.7745,-76.5274
50178,incendio,-7.5712,-76.734
50179,incendio,-8.1647,-77.0475
50186,incendio,-8.295,-77.6138
50192,incendio,-5.8,-76.5229
50196,no_incendio,-6.237007995955339,-77.29653920345977
50202,incendio,-8.7406,-76.7578
50203,no_incendio,-6.331589003630742,-76.77579913568411
50208,incendio,-6.2377,-75.9243
50221,incendio,-6.0492,-76.3289
50225,no_incendio,-7.2386843016197115,-75.95361045134824
50226,no_incendio,-7.017832061015762,-77.13978816386988
50237,incendio,-7.4793,-76.5488
50238,incendio,-5.7396,-76.395
50241,incendio,-6.2048,-76.4037
50243,incendio,-6.2003,-76.2235
50254,incendio,-6.4764,-76.7155
50258,incendio,-7.4137,-76.607
50260,incendio,-7.534,-76.627
50261,incendio,-6.6959,-76.6651
50262,incendio,-6.7513,-76.2431
50265,incendio,-7.3122,-76.7134
50266,incendio,-8.2208,-76.6092
50269,no_incendio,-7.127830025342514,-77.33172299006912
50271,no_incendio,-5.6897437871119,-77.10615819747757
50288,no_incendio,-7.391354511869424,-77.17370886410413
50296,incendio,-7.1223,-76.3729
50299,incendio,-6.927,-76.5394
50300,incendio,-5.8575,-76.0273
50301,incendio,-7.4623,-76.5621
50306,no_incendio,-7.4333859418143975,-75.94488928476447
50307,incendio,-6.5067,-77.2252
50311,no_incendio,-7.0294194294183265,-77.09735006276883
50322,no_incendio,-6.050469228584658,-76.73736427886188
50324,no_incendio,-6.705665824489784,-75.86880266225904
50328,no_incendio,-6.250766771982882,-76.67346707047133
50329,incendio,-6.5086,-76.5939
50334,no_incendio,-6.114431837075887,-77.3791914454974
50335,incendio,-7.2996,-76.6318
50342,incendio,-6.8971,-76.2549
50350,incendio,-6.7644,-76.6215
50351,incendio,-6.1712,-77.0705
50355,no_incendio,-5.31179064282697,-75.78618195501585
50359,incendio,-6.0732,-76.1715
50361,no_incendio,-5.747289104744423,-76.88274608576704
50365,incendio,-7.3286,-76.8532
50366,no_incendio,-6.397916753583541,-76.88339705526924
50369,no_incendio,-7.464502353788052,-77.51392837949253
50372,incendio,-6.1108,-76.1876
50384,no_incendio,-6.797266617151564,-77.33130374727055
50396,no_incendio,-5.498957925752801,-76.23819839749541
50402,incendio,-6.2057,-77.0772
50403,incendio,-6.2039,-75.8799
50404,no_incendio,-7.224623096753857,-76.90340581488266
50414,no_incendio,-7.309838483592369,-76.99515991704935
50422,incendio,-7.2165,-76.8477
50426,incendio,-6.6904,-76.7203
50429,incendio,-7.428,-76.8508
50436,incendio,-7.123,-77.6033
50441,no_incendio,-7.341385532228014,-75.96721546288514
50447,incendio,-5.3548,-76.7607
50449,incendio,-7.1424,-77.1145
50456,no_incendio,-6.929511458644296,-75.83962565372784
50457,no_incendio,-6.66812028796298,-76.15230026038583
50459,no_incendio,-6.768773690834417,-77.41433372649782
50460,no_incendio,-7.188266062247751,-75.80338733044515
50463,incendio,-6.6836,-76.0881
50465,incendio,-7.0812,-76.3448
50467,incendio,-6.3908,-76.5624
50474,incendio,-6.5538,-75.6755
50475,incendio,-7.3974,-76.7486
50477,no_incendio,-5.991245342520768,-75.64023187612118
50478,no_incendio,-7.319106221775668,-76.84964608294781
50479,incendio,-7.4586,-76.5784
50482,incendio,-7.1044,-76.9038
50484,incendio,-7.8344,-76.7021
50497,incendio,-6.9134,-76.5952
50503,incendio,-5.8432,-76.5263
50504,incendio,-6.3907,-76.4544
50508,no_incendio,-6.594872736761388,-76.81244710228094
50511,incendio,-6.8003,-76.4807
50512,no_incendio,-6.309912628737243,-75.57235857764702
50513,no_incendio,-6.777084363074236,-76.9625637860872
50516,no_incendio,-5.776890989468168,-77.17544694472763
50517,no_incendio,-6.142530239499738,-77.15463621788837
50523,incendio,-7.0187,-76.8728
50527,no_incendio,-6.08674868659818,-77.38664384875209
50529,no_incendio,-7.409421605310309,-75.83681236527086
50534,no_incendio,-6.756685989962618,-75.83002754028344
50535,incendio,-6.8848,-76.371
50544,incendio,-8.0019,-77.421
50545,incendio,-6.6492,-76.7813
50551,no_incendio,-7.340268369426515,-77.43400024997341
50556,incendio,-5.7884,-76.0487
50557,incendio,-6.7086,-76.3238
50560,no_incendio,-6.950538468924696,-76.07104877103448
50564,no_incendio,-6.09087742872903,-76.39432793529913
50568,incendio,-6.8154,-76.5156
50569,no_incendio,-7.216614993286788,-77.03461698814449
50571,incendio,-8.6354,-77.3099
50573,incendio,-6.682,-76.4684
50582,incendio,-7.133,-76.4031
50587,no_incendio,-5.621781873154133,-75.59201486751932
50592,incendio,-8.5594,-76.323
50601,no_incendio,-6.190431376100011,-77.10696325685771
50606,no_incendio,-6.3431574963922905,-76.8897013975212
50609,no_incendio,-6.0746976290586785,-75.57122315970695
50615,incendio,-7.0688,-76.199
50621,incendio,-7.2439,-76.4928
50622,incendio,-5.829,-76.3212
50623,incendio,-6.941,-76.5045
50625,incendio,-6.1777,-75.7006
50631,incendio,-7.0029,-76.5732
50632,no_incendio,-5.971572498496214,-75.54699515189168
50635,no_incendio,-7.186570265010596,-75.84461863050306
50639,incendio,-6.1926,-77.1524
50641,no_incendio,-5.508118125742636,-76.08158705053927
50644,incendio,-6.7059,-76.181
50646,incendio,-5.9785,-76.2987
50652,no_incendio,-5.525473635438348,-76.97243620940135
50654,no_incendio,-6.745283632589781,-76.33682715106067
50661,incendio,-7.2781,-76.3982
50664,incendio,-7.5436,-76.5261
50681,incendio,-7.3762,-76.5618
50685,incendio,-8.5447,-76.527
50695,incendio,-7.4212,-76.669
50709,no_incendio,-7.566170057674632,-77.33420456007225
50710,incendio,-5.8766,-77.0432
50714,incendio,-8.444,-76.3769
50721,no_incendio,-5.77315746853071,-76.36797107270804
50726,incendio,-7.5639,-76.6641
50729,no_incendio,-6.434453669791493,-76.35359643649942
50730,incendio,-8.6192,-76.2786
50731,incendio,-5.7268,-76.4221
50734,no_incendio,-6.296125170251722,-76.27573079441521
50735,incendio,-7.0392,-76.6327
50743,no_incendio,-7.208457886315255,-75.76495343289794
50745,no_incendio,-6.001439366513391,-76.98820534580602
50747,no_incendio,-7.496239899438951,-76.29662903245722
50750,incendio,-6.1598,-76.8631
50752,incendio,-6.2426,-76.2815
50755,no_incendio,-5.630317607867646,-76.28664530211917
50766,incendio,-7.3248,-76.9221
50772,no_incendio,-5.734144568873576,-75.90585662556418
50777,no_incendio,-5.349324419297768,-77.32630960187535
50781,no_incendio,-5.719448744498719,-77.23298516632254
50782,incendio,-8.6894,-76.789
50794,no_incendio,-6.801666192426729,-76.32704638741743
50797,no_incendio,-6.715205623153173,-76.11809578650696
50799,no_incendio,-5.4324592687941,-76.16239104777486
50802,incendio,-6.0907,-75.9458
50808,incendio,-6.5178,-75.6979
50813,no_incendio,-5.7103480025675015,-77.41410373684516
50814,no_incendio,-6.269160672028454,-77.26185240867942
50825,incendio,-6.5989,-76.5088
50827,incendio,-7.2129,-76.6144
50830,no_incendio,-6.080706501829642,-77.17715903994046
50834,incendio,-6.6537,-76.313
50838,incendio,-6.1046,-75.757
50845,no_incendio,-5.673007856969957,-76.8124122789181
50846,incendio,-7.5387,-76.6254
50847,no_incendio,-7.126628531945264,-77.1694503862003
50848,no_incendio,-7.098978961723795,-76.16251434543014
50851,no_incendio,-5.716829315463946,-76.6884283959595
50853,incendio,-8.7821,-76.1676
50855,incendio,-7.3048,-76.7478
50856,incendio,-5.9421,-76.302
50861,incendio,-7.4924,-76.4461
50863,no_incendio,-7.251053016973333,-77.43482372064443
50867,incendio,-7.2153,-77.0742
50870,incendio,-7.1324,-76.3113
50871,incendio,-6.5935,-76.1547
50872,no_incendio,-7.428960143280297,-76.20768184148152
50879,incendio,-6.0758,-76.2116
50885,incendio,-8.4837,-76.479
50888,no_incendio,-6.23470396402255,-76.94332145347941
50889,incendio,-7.2398,-76.4445
50890,no_incendio,-6.319184567250436,-76.7615595241715
50896,incendio,-8.0939,-76.7734
50901,incendio,-5.8452,-76.3163
50906,incendio,-6.9737,-76.7938
50910,no_incendio,-6.416369783766856,-77.46099434503463
50917,incendio,-8.1419,-77.6116
50919,incendio,-8.764,-76.1504
50920,no_incendio,-6.851346088597758,-76.87565472102605
50921,incendio,-7.1556,-76.4185
50923,incendio,-6.2288,-76.0992
50924,no_incendio,-6.1290157028955905,-75.56386178427238
50935,no_incendio,-7.086048466965619,-75.60482526516276
50939,no_incendio,-7.158262650594558,-76.17139715257736
50940,incendio,-6.3724,-75.8285
50948,incendio,-7.0021,-76.7126
50949,incendio,-6.03,-75.9318
50954,no_incendio,-6.539751025490163,-75.79612657062603
50955,incendio,-6.7231,-76.6449
50962,no_incendio,-5.432481694931332,-76.47528675292433
50969,incendio,-7.4649,-76.453
50972,incendio,-8.5145,-76.336
50973,incendio,-6.8186,-76.6902
50978,no_incendio,-7.298951884711561,-75.8714337322258
50979,incendio,-5.9883,-75.9454
50980,incendio,-8.5914,-76.5447
50984,no_incendio,-6.682240904919321,-76.14970898536502
50985,incendio,-5.878,-77.4527
50988,incendio,-5.8122,-77.1955
50991,no_incendio,-5.707217935164065,-76.52295370572979
50993,incendio,-7.5716,-76.5186
50998,incendio,-5.7273,-76.6525
51003,no_incendio,-6.263351561254887,-76.64078067531564
51004,no_incendio,-6.9712876814104,-75.72933923833854
51011,incendio,-7.349,-76.5648
51013,incendio,-6.5148,-77.438
51014,no_incendio,-6.883760214306626,-75.62202390814382
51016,incendio,-8.6519,-76.1562
51017,incendio,-7.3559,-76.0342
51025,incendio,-6.6391,-76.7533
51031,no_incendio,-7.083533851815549,-75.86202426996425
51035,incendio,-7.1795,-76.3776
51036,incendio,-7.248,-76.4286
51040,no_incendio,-7.23268535501901,-75.71791421763211
51046,no_incendio,-7.038481344593258,-77.380855509791
51048,incendio,-8.0463,-76.6854
51052,incendio,-6.5264,-76.7416
51054,no_incendio,-6.199800156726071,-75.87903812084684
51057,no_incendio,-6.1592934714330285,-77.34475903708392
51062,incendio,-7.318,-76.5656
51076,incendio,-7.6827,-76.5196
51080,incendio,-7.493,-76.4388
51083,incendio,-7.2961,-76.5885
51087,incendio,-6.6624,-76.909
51101,no_incendio,-5.3750389583532385,-76.27737605989306
51104,incendio,-5.8503,-76.3691
51108,no_incendio,-7.195118276412429,-75.87773973651454
51110,incendio,-8.6966,-76.1653
51111,incendio,-6.3975,-76.5274
51118,incendio,-5.8291,-76.0504
51132,incendio,-6.0705,-75.974
51134,incendio,-7.1406,-77.609
51137,no_incendio,-6.24237475480212,-75.58560175040829
51140,no_incendio,-6.230021779466632,-76.57667653530646
51141,incendio,-7.2387,-76.4984
51144,no_incendio,-6.154726709997222,-75.55076367684507
51150,incendio,-5.894,-76.0253
51157,incendio,-7.3562,-76.8955
51158,incendio,-6.0928,-76.2011
51162,incendio,-6.5638,-76.4105
51164,no_incendio,-5.397648721010737,-76.34314573163867
51171,incendio,-7.0057,-76.8896
51188,incendio,-6.312,-76.2082
51190,incendio,-7.8083,-77.4179
51192,incendio,-5.9563,-76.2582
51196,incendio,-6.2113,-75.9973
51204,incendio,-8.1932,-76.603
51222,incendio,-8.4738,-77.4793
51223,no_incendio,-5.739545483497391,-76.77757497448552
51224,no_incendio,-5.451597714525489,-77.32234997673201
51240,incendio,-5.8093,-76.0105
51251,incendio,-8.1613,-77.2787
51253,incendio,-7.4792,-76.6983
51258,incendio,-6.8522,-76.8093
51271,incendio,-6.1152,-76.1071
51277,incendio,-5.8432,-76.0453
51287,no_incendio,-5.592843733729189,-75.8469852314677
51291,no_incendio,-5.676274225134516,-77.28318396900629
51297,incendio,-5.6269,-76.6757
51305,incendio,-6.0005,-77.228
51318,incendio,-6.7186,-76.3814
51328,incendio,-7.0821,-76.0664
51332,incendio,-8.6466,-76.3379
51333,no_incendio,-6.045557480896305,-76.73042918045354
51338,incendio,-7.2119,-76.6605
51343,no_incendio,-6.929539925837722,-76.05337955826667
51346,no_incendio,-5.4986752575716835,-76.99704879250469
51350,incendio,-6.3186,-75.9808
51351,incendio,-8.5408,-76.54
51360,incendio,-6.5286,-76.7416
51362,incendio,-6.7604,-76.249
51363,incendio,-7.5607,-76.8397
51365,incendio,-8.367,-76.2905
51377,incendio,-7.0058,-76.7634
51380,no_incendio,-7.143300333347583,-76.01076815200116
51388,no_incendio,-6.923574495814878,-76.96137100911855
51391,no_incendio,-6.193641518737963,-75.9541835583981
51395,incendio,-8.6466,-76.3208
51403,no_incendio,-6.460809424904893,-76.67264708557983
51405,no_incendio,-7.108956430874631,-75.5028524515191
51406,no_incendio,-6.490435100183895,-76.04212659409674
51409,incendio,-7.0848,-76.4284
51410,no_incendio,-6.6817259124413635,-75.77879648666988
51413,no_incendio,-5.800663587251775,-77.2156236281296
51414,no_incendio,-6.617504610391747,-77.25647472773994
51416,incendio,-6.9521,-76.215
51420,no_incendio,-5.923104963527884,-76.43553159912858
51421,incendio,-6.3456,-76.2573
51423,incendio,-7.3692,-76.6766
51441,no_incendio,-5.557069716448366,-75.65393079947539
51442,no_incendio,-6.875442125514737,-76.55018813227439
51449,incendio,-5.9677,-75.9086
51452,no_incendio,-7.432415046086705,-75.62170917666255
51454,incendio,-7.4955,-76.3848
51459,no_incendio,-7.4654999073290265,-76.71461513627762
51460,incendio,-6.4447,-75.9332
51466,incendio,-6.1868,-76.352
51470,incendio,-7.0909,-76.7287
51481,incendio,-7.3243,-76.9066
51485,no_incendio,-6.136911310096428,-77.0902535793698
51486,no_incendio,-5.996065973339257,-76.13966106255965
51490,no_incendio,-6.391881397317083,-77.53216465937516
51493,incendio,-7.5069,-76.6343
51496,incendio,-6.1812,-76.3924
51498,incendio,-6.1328,-75.9547
51503,no_incendio,-7.547004527368286,-77.14424900414204
51505,incendio,-8.4461,-76.4294
51506,incendio,-6.2388,-77.6775
51509,incendio,-8.1787,-77.0616
51515,incendio,-7.111,-76.0796
51519,incendio,-7.3328,-76.7298
51520,no_incendio,-5.369370124540203,-77.53041632467286
51526,no_incendio,-5.360774716680023,-76.65130740948035
51531,incendio,-8.4021,-76.4278
51535,incendio,-6.2836,-75.7965
51536,incendio,-7.5457,-76.6235
51537,incendio,-7.6734,-76.4632
51538,no_incendio,-5.41517785771272,-76.05115692097354
51540,incendio,-6.4033,-75.7166
51541,incendio,-6.8301,-76.4669
51543,no_incendio,-5.921387481016298,-75.640821414452
51544,incendio,-6.6737,-77.4635
51545,incendio,-7.0214,-76.7835
51560,incendio,-7.0234,-76.104
51567,incendio,-7.2936,-76.3187
51572,incendio,-7.5038,-76.4351
51576,no_incendio,-6.248030507497377,-77.52671049342304
51581,no_incendio,-6.971818693744163,-76.01229344920435
51585,incendio,-8.4794,-76.4956
51587,no_incendio,-7.583028139538337,-75.69881965938345
51602,incendio,-7.569,-77.4898
51605,no_incendio,-7.189575486518889,-75.71595612356288
51609,incendio,-6.9281,-76.2392
51610,no_incendio,-7.582363301360768,-76.43607509989434
51617,no_incendio,-6.8824524173967765,-77.12203229237878
51621,incendio,-7.2785,-76.2362
51626,no_incendio,-5.747289104744423,-76.88274608576704
51627,incendio,-5.8286,-76.0487
51628,no_incendio,-7.150450269408023,-77.18839409410428
51629,no_incendio,-6.590618313605878,-75.87293609884875
51630,no_incendio,-7.44968802750322,-77.23116283334409
51634,no_incendio,-6.834300186862358,-76.1605435782697
51637,incendio,-7.3349,-76.6458
51642,incendio,-6.863,-76.5364
51650,no_incendio,-5.62998043999866,-76.34952477053923
51653,incendio,-5.7459,-76.0045
51658,incendio,-7.3703,-76.5332
51660,no_incendio,-6.237716755759431,-77.39156311979332
51663,no_incendio,-7.1977592020733425,-77.03415799769597
51665,no_incendio,-6.653744086369802,-76.88423091911557
51666,no_incendio,-7.076017752800738,-75.91978389352657
51667,incendio,-6.7877,-76.8201
51672,incendio,-6.5658,-76.7713
51692,no_incendio,-6.965586863586331,-77.4440785223658
51698,incendio,-6.3744,-76.5234
51700,incendio,-6.7684,-76.6805
51703,incendio,-6.9157,-76.7175
51704,incendio,-5.9528,-76.5096
51715,incendio,-6.7798,-76.1784
51721,incendio,-5.8106,-77.346
51725,incendio,-7.3756,-76.7596
51733,no_incendio,-5.73653806083423,-77.04027076606343
51735,incendio,-6.8154,-76.1677
51737,no_incendio,-6.5878777950259835,-76.78969667476908
51740,incendio,-5.9621,-76.2036
51744,incendio,-5.7995,-77.0677
51747,incendio,-6.9742,-76.5633
51751,no_incendio,-5.339988911138568,-75.94604419335825
51752,no_incendio,-5.609318574866824,-76.18227826181767
51753,no_incendio,-6.736884280770205,-76.9775738185435
51754,incendio,-5.9915,-76.1933
51756,incendio,-8.5576,-76.3335
51758,no_incendio,-5.95558763459201,-75.58088985962372
51765,no_incendio,-5.316751485798925,-76.19649120217885
51768,incendio,-5.8614,-76.0449
51769,incendio,-6.3964,-76.103
51775,incendio,-5.7873,-75.9984
51789,no_incendio,-5.459589434430045,-76.77318023823041
51790,incendio,-7.9811,-77.4424
51799,no_incendio,-6.0017769805371435,-76.54978075200272
51805,no_incendio,-7.206553379936274,-76.41990893868237
51808,incendio,-5.9978,-76.2585
51809,incendio,-7.4179,-76.7162
51814,no_incendio,-6.8053340000464315,-76.39338208242373
51815,incendio,-6.0436,-76.1762
51819,no_incendio,-6.271617281791801,-76.2353167311132
51820,incendio,-7.6017,-76.7709
51830,incendio,-8.3923,-76.2658
51834,incendio,-5.6581,-77.1385
51844,no_incendio,-5.482360092898033,-75.75875593827813
51849,incendio,-7.1291,-76.3575
51854,incendio,-6.1257,-76.1842
51855,incendio,-7.4616,-76.5486
51856,no_incendio,-6.269350897351528,-76.17554961545872
51860,incendio,-7.2471,-76.7727
51868,no_incendio,-6.253873442293271,-77.4856518253099
51870,no_incendio,-7.000863457307533,-75.58957693762711
51871,incendio,-6.5679,-76.3602
51873,incendio,-8.29,-76.5524
51876,incendio,-8.1948,-75.6421
51887,incendio,-7.0452,-76.8246
51898,no_incendio,-5.856151465825925,-75.61952647714237
51912,no_incendio,-6.068535480190217,-76.55604968607116
51914,incendio,-6.1065,-77.0745
51919,no_incendio,-5.9638581047952375,-75.97775046224217
51922,incendio,-8.0507,-76.6957
51929,incendio,-5.8808,-77.0084
51949,no_incendio,-6.887017706594157,-77.30533643415299
51950,no_incendio,-5.40191525194851,-77.41832441514279
51952,incendio,-6.9651,-76.7612
51955,incendio,-6.9395,-76.3025
51960,no_incendio,-6.424628672692531,-76.43252138876545
51962,no_incendio,-7.174304209114396,-76.54277799438324
51968,incendio,-7.4132,-76.8026
51970,incendio,-7.0175,-76.0923
51972,incendio,-6.7716,-76.6266
51977,no_incendio,-5.914538807022697,-77.31789261845223
51980,incendio,-5.8508,-75.9838
51982,no_incendio,-6.437468171319466,-76.61472481016831
51985,incendio,-7.4356,-76.6908
51987,no_incendio,-6.1156293221158835,-76.01949781132349
51995,incendio,-6.9544,-76.6599
51999,no_incendio,-6.0457356441581505,-76.76564488218803
52010,incendio,-7.166,-76.4498
52012,incendio,-7.158,-76.4115
52017,no_incendio,-5.334479044366705,-77.48777820988575
52019,incendio,-6.0055,-76.4745
52022,incendio,-5.735,-75.8124
52025,no_incendio,-5.977954403238399,-75.89740788010133
52026,incendio,-6.6581,-76.3157
52027,incendio,-6.8966,-76.4151
52030,no_incendio,-6.236752944768423,-75.59185038594902
52035,incendio,-7.4311,-76.5692
52036,no_incendio,-6.768246356022148,-77.34898684785115
52041,no_incendio,-6.271888529403575,-75.79765684657775
52069,no_incendio,-5.508214763979514,-75.68261084884283
52070,no_incendio,-6.3823444451531675,-76.72222524088096
52074,incendio,-6.1677,-76.1886
52076,incendio,-6.9358,-76.6492
52079,no_incendio,-7.079367268286084,-75.74962590729507
52083,no_incendio,-6.722977701208728,-76.08504808570892
52087,no_incendio,-6.15602894819134,-76.33768833426039
52093,no_incendio,-5.541112522183527,-75.99676308138659
52103,no_incendio,-6.923846443514746,-77.29283624638697
52105,incendio,-6.2882,-77.6219
52115,incendio,-7.3793,-76.406
52116,incendio,-6.1549,-77.1604
52121,incendio,-6.2576,-76.8537
52127,incendio,-7.017,-76.4838
52129,no_incendio,-6.088150630105884,-77.05183868742043
52130,no_incendio,-5.300946297144839,-75.60535100286195
52132,no_incendio,-7.448759349626241,-75.73146487239217
52135,incendio,-6.7519,-76.5951
52139,no_incendio,-5.588125457302943,-77.46080617284144
52140,no_incendio,-7.397102442990121,-76.86665660281676
52175,no_incendio,-5.541112522183527,-75.99676308138659
52187,no_incendio,-6.876747971648932,-77.24294547673294
52201,incendio,-7.4544,-76.6054
52203,no_incendio,-6.856923978483267,-76.96918980938075
52219,no_incendio,-5.7630676382897414,-75.77232686505347
52222,no_incendio,-6.200171336468845,-76.47517852395984
52224,no_incendio,-5.371545466461964,-76.40334353874748
52231,incendio,-6.7717,-76.6345
52234,no_incendio,-6.4548358961700885,-76.10226827896288
52235,no_incendio,-5.719448744498719,-77.23298516632254
52239,no_incendio,-5.518725698266722,-76.04231826723102
52244,incendio,-6.9835,-76.5752
52250,no_incendio,-7.377346584054845,-77.21066750842841
52251,no_incendio,-5.437451651862052,-75.53119555354411
52258,incendio,-7.2333,-76.8552
52263,incendio,-8.6353,-76.2742
52267,no_incendio,-5.4324592687941,-76.16239104777486
52269,incendio,-6.0565,-77.5066
52271,incendio,-7.1213,-76.3624
52273,no_incendio,-6.8812608532922095,-77.14870823308875
52277,no_incendio,-6.671769405587168,-77.2003294261131
52286,incendio,-8.2479,-76.385
52297,no_incendio,-6.032637337308331,-77.27677952675285
52302,incendio,-5.8735,-76.2208
52313,incendio,-6.1184,-76.3351
52316,no_incendio,-6.210262345134658,-77.11424996637882
52321,incendio,-7.1758,-76.6907
52326,incendio,-5.3232,-76.5546
52328,incendio,-6.2572,-76.2514
52331,incendio,-7.4521,-76.5913
52336,incendio,-6.5414,-76.5796
52340,incendio,-7.4058,-76.7103
52341,incendio,-7.4835,-76.7036
52345,no_incendio,-7.170373075763204,-77.40179462648253
52346,no_incendio,-6.4551795764442375,-76.19574642473289
52350,incendio,-8.7082,-76.7254
52355,incendio,-7.3652,-76.3952
52356,no_incendio,-7.217469611041255,-75.6059674027119
52368,incendio,-6.0573,-77.2427
52369,incendio,-7.1967,-76.6728
52371,no_incendio,-6.003436470117687,-77.4174804711691
52372,incendio,-7.0655,-76.833
52376,incendio,-7.329,-76.6856
52379,incendio,-7.1229,-76.7067
52381,incendio,-6.6227,-75.5918
52383,incendio,-7.1974,-77.0182
52385,no_incendio,-5.704328166594409,-76.92480673286192
52391,incendio,-6.5115,-76.3638
52394,no_incendio,-6.575273134907994,-75.71241319767115
52395,no_incendio,-7.436772555974999,-76.13512005747918
52400,no_incendio,-5.913375544586391,-77.02153912778006
52406,incendio,-7.1438,-76.1677
52410,incendio,-5.7999,-76.205
52415,incendio,-6.5718,-76.9294
52417,no_incendio,-7.5993037570991975,-77.49364640835546
52423,incendio,-6.8082,-76.93
52426,no_incendio,-5.926705485124891,-75.77709994653331
52433,no_incendio,-6.269160672028454,-77.26185240867942
52435,no_incendio,-5.957368180282539,-76.7498768526133
52436,no_incendio,-6.375064281525175,-76.76531716856294
52437,incendio,-7.1195,-76.0914
52439,no_incendio,-6.726577938090313,-76.92865414529734
52440,no_incendio,-6.376726836973272,-77.35752912688064
52441,no_incendio,-6.845497704977086,-76.65360984481556
52447,no_incendio,-7.457798199513177,-76.25066528876945
52448,no_incendio,-5.849268078249962,-76.0787263818459
52457,no_incendio,-5.6874479423727555,-75.79801976537915
52459,incendio,-7.6899,-76.728
52461,no_incendio,-7.233124705417647,-77.12066793132318
52463,incendio,-6.8373,-76.5377
52464,no_incendio,-5.7532005563442,-76.81683301115936
52472,incendio,-6.5808,-76.0457
52474,incendio,-5.9799,-76.1488
52481,no_incendio,-6.174948624269397,-76.36859139619342
52484,no_incendio,-7.303191371239219,-76.86950299016307
52493,incendio,-6.97,-76.7143
52496,no_incendio,-5.7462072862910665,-75.82239791523867
52499,incendio,-6.802,-76.9356
52503,no_incendio,-6.893380079192219,-76.030920773184
52505,incendio,-7.4574,-76.5721
52508,incendio,-8.658,-76.2715
52510,incendio,-8.5519,-76.3182
52514,no_incendio,-5.802494877336548,-76.35132685190827
52517,incendio,-7.3786,-76.3648
52522,no_incendio,-6.072304927752775,-76.77556503555117
52528,incendio,-7.3935,-76.7545
52530,incendio,-6.907,-76.215
52534,no_incendio,-7.24803934210104,-76.82472284533478
52536,no_incendio,-6.299525540013742,-76.28555400177144
52539,incendio,-6.6051,-76.716
52544,incendio,-5.6641,-76.5089
52545,incendio,-6.2424,-76.8112
52547,incendio,-7.0067,-76.6923
52572,no_incendio,-7.450227101420001,-77.22165209135423
52582,incendio,-5.6028,-75.9209
52602,incendio,-6.655,-76.6227
52611,no_incendio,-5.921016028711128,-75.70718586514504
52612,incendio,-6.785,-76.8321
52617,no_incendio,-6.200171336468845,-76.47517852395984
52618,incendio,-7.299,-76.049
52620,incendio,-7.1892,-76.6129
52627,no_incendio,-6.621617501983885,-75.65329251395444
52629,incendio,-5.6341,-76.5318
52631,incendio,-7.4574,-76.4106
52633,incendio,-5.7468,-76.1835
52634,incendio,-6.8657,-76.5936
52635,incendio,-7.2417,-76.2539
52641,incendio,-8.5296,-76.5075
52642,no_incendio,-5.993099838060813,-76.1739103851831
52644,no_incendio,-7.307422219905113,-77.49030389420659
52647,no_incendio,-5.426612634680184,-75.58435399600397
52655,incendio,-5.8987,-76.2136
52656,incendio,-6.4452,-76.647
52665,no_incendio,-6.40519633681147,-77.40140623826653
52673,no_incendio,-6.124908546496211,-75.75141276131208
52675,incendio,-8.7719,-76.1281
52681,no_incendio,-6.85257481056394,-76.48694884372748
52682,no_incendio,-5.487710562433828,-76.3714568595569
52689,incendio,-6.9593,-76.1578
52690,no_incendio,-5.622162432874228,-76.70501966558531
52693,incendio,-7.2714,-76.2738
52694,incendio,-5.6876,-76.2554
52699,incendio,-6.9061,-76.588
52700,no_incendio,-6.505676796415307,-75.74448285313693
52704,no_incendio,-5.73056432169004,-76.88063042787364
52712,incendio,-5.9602,-76.1861
52714,no_incendio,-6.043030962073811,-76.47604236953148
52715,incendio,-8.4856,-76.222
52716,incendio,-7.1918,-76.743
52721,incendio,-7.2394,-76.5213
52722,incendio,-6.1098,-76.1349
52726,no_incendio,-5.389176452484517,-75.81151917065094
52727,incendio,-6.9808,-76.5341
52728,incendio,-7.444,-76.7109
52731,no_incendio,-7.277740388513622,-77.219832932029
52734,no_incendio,-7.349457434232458,-77.2287510721594
52739,incendio,-5.7808,-77.4941
52741,incendio,-7.0784,-77.5363
52742,incendio,-8.6542,-76.3395
52744,incendio,-8.6529,-76.3246
52752,no_incendio,-7.448759349626241,-75.73146487239217
52759,no_incendio,-5.926005528348797,-76.66451761423114
52760,no_incendio,-6.796333772184817,-76.78935654696676
52761,incendio,-6.9615,-76.3309
52765,no_incendio,-7.221811632536515,-77.44262630315019
52767,no_incendio,-5.87076697965016,-76.32402567938676
52770,no_incendio,-7.588515859914238,-76.24969046906399
52776,incendio,-6.2976,-76.0797
52780,incendio,-6.0548,-76.3145
52787,incendio,-6.8401,-76.892
52789,no_incendio,-5.577290052521281,-76.32966434490925
52791,incendio,-7.0174,-76.8394
52794,no_incendio,-7.233124705417647,-77.12066793132318
52795,incendio,-6.7276,-76.4752
52802,incendio,-5.7247,-76.2471
52808,no_incendio,-7.585660689069584,-77.39009094478008
52810,no_incendio,-7.265385570436415,-76.15256195898944
52813,no_incendio,-5.406105166280382,-76.83363539988324
52815,incendio,-6.8392,-76.2125
52820,no_incendio,-6.822682837524565,-76.01658832939721
52829,incendio,-6.5871,-76.3615
52832,incendio,-7.5765,-76.4692
52835,incendio,-7.1424,-76.6198
52840,incendio,-7.1738,-76.3689
52842,incendio,-6.4291,-76.6584
52844,no_incendio,-5.393926083579098,-77.3710588373999
52845,no_incendio,-6.887626631829371,-77.285374555124
52847,incendio,-6.0354,-75.9844
52851,no_incendio,-7.543933320998928,-76.49404370294074
52855,incendio,-5.7366,-76.3879
52858,no_incendio,-6.616039268330141,-77.35690054867337
52862,incendio,-7.4476,-76.3923
52867,incendio,-7.2466,-76.5338
52871,no_incendio,-7.178109146033509,-76.55931189942505
52873,no_incendio,-6.994951885754811,-75.90892162040349
52877,no_incendio,-5.532853929708149,-75.98229483983717
52880,no_incendio,-6.059607457191615,-77.52385870382261
52882,no_incendio,-5.592843733729189,-75.8469852314677
52884,no_incendio,-5.8084744858353705,-77.25537544416976
52889,no_incendio,-6.122241228202742,-76.97601645146484
52897,no_incendio,-6.731898455104795,-77.28317456533246
52899,no_incendio,-5.695046426207607,-76.82428560854454
52900,no_incendio,-6.09276868271348,-76.00881721213455
52901,no_incendio,-5.590745607594968,-76.01092904258273
52902,incendio,-5.3478,-76.7999
52909,no_incendio,-5.822373025705751,-75.81118308604799
52921,incendio,-6.1333,-76.1712
52924,no_incendio,-5.316751485798925,-76.19649120217885
52934,incendio,-5.3452,-76.7104
52936,incendio,-8.5352,-76.3036
52938,incendio,-6.306,-76.0304
52952,incendio,-7.6334,-77.5412
52953,no_incendio,-6.309912628737243,-75.57235857764702
52962,no_incendio,-7.157163278516986,-76.9354632282693
52972,no_incendio,-7.234182176376593,-76.40213823666475
52973,incendio,-8.6838,-76.1002
52977,no_incendio,-6.367884072608207,-76.17501426406548
52979,no_incendio,-5.801578937835275,-76.51381524721576
52988,incendio,-6.449,-76.5574
52991,no_incendio,-6.026656147123168,-76.76469510540855
52993,no_incendio,-5.465881437617145,-76.83346258647516
52996,no_incendio,-6.726508547372632,-75.8805912365982
53006,incendio,-6.6709,-77.7501
53007,no_incendio,-6.5791773780212175,-75.5208242841422
53013,no_incendio,-6.546795271979165,-77.13463626494185
53014,incendio,-7.1586,-76.4973
53020,incendio,-6.5873,-76.8053
53027,incendio,-6.4463,-76.8689
53039,incendio,-7.1205,-76.5314
53043,no_incendio,-7.560257578514154,-75.8825568546828
53048,no_incendio,-7.010242517235748,-76.48324440357516
53049,no_incendio,-5.872543626896172,-76.44213080221468
53055,incendio,-6.135,-76.1883
53057,no_incendio,-7.014702412265873,-76.4405488433982
53063,no_incendio,-6.6966130629090745,-76.20140385770695
53064,no_incendio,-6.923574495814878,-76.96137100911855
53068,no_incendio,-6.945484440166689,-76.77951589048426
53069,no_incendio,-6.599957493403006,-76.05770861085986
53070,incendio,-6.2195,-76.1159
53074,incendio,-8.6911,-76.9292
53075,no_incendio,-5.902847721330155,-77.17634156149673
53081,no_incendio,-5.388346448693102,-76.72150148992378
53087,no_incendio,-6.559793328628168,-75.94281873717337
53090,incendio,-7.3733,-76.5128
53094,no_incendio,-6.902373213948052,-75.80243684170989
53101,incendio,-7.4873,-76.564
53103,incendio,-5.7384,-76.1973
53116,no_incendio,-6.353424809181855,-75.63008762129351
53120,incendio,-7.4125,-76.7075
53121,incendio,-7.1274,-76.0865
53125,incendio,-7.4778,-76.6928
53132,incendio,-7.2465,-76.6319
53137,no_incendio,-6.692392129901898,-76.24064751909104
53145,no_incendio,-6.452984723571151,-76.97534564539009
53146,incendio,-6.113,-76.1859
53152,incendio,-6.6208,-75.6625
53155,incendio,-6.5069,-76.7968
53156,no_incendio,-5.670265351646696,-76.15936780244608
53165,no_incendio,-6.107287203943645,-77.4216594793923
53170,no_incendio,-6.518152554514016,-75.5195810155841
53179,no_incendio,-7.423279850513975,-76.1929127649397
53182,no_incendio,-6.360714337530349,-76.51313445356357
53185,no_incendio,-5.812760524192122,-77.54920790478845
53189,incendio,-6.9656,-76.4882
53197,incendio,-5.6065,-75.9081
53209,incendio,-6.8541,-76.7884
53210,no_incendio,-6.994951885754811,-75.90892162040349
53215,incendio,-5.7293,-76.6672
53228,no_incendio,-6.390597266026688,-76.66038678496503
53235,incendio,-7.3929,-76.4088
53236,incendio,-5.6749,-75.9184
53250,incendio,-6.8868,-76.4909
53272,incendio,-6.8981,-76.944
53273,no_incendio,-6.54529109912659,-75.69341596269626
53282,no_incendio,-6.032904107983954,-75.67491532543472
53283,no_incendio,-7.342552043846658,-77.45073212658029
53284,no_incendio,-5.364004538303699,-76.51587462337326
53288,incendio,-6.8886,-76.2825
53293,incendio,-6.8608,-76.69
53295,no_incendio,-6.635301014584928,-76.41004319664097
53303,no_incendio,-6.4535066542887805,-75.68187662159364
53304,no_incendio,-6.150817748541318,-77.2743773218178
53307,incendio,-6.0165,-76.3307
53308,incendio,-6.7223,-76.4016
53312,no_incendio,-5.797671068529707,-76.36918688461087
53315,no_incendio,-6.1922155906112035,-75.54995561422898
53317,incendio,-5.8088,-77.1046
53327,incendio,-7.4778,-76.6884
53331,no_incendio,-5.926705485124891,-75.77709994653331
53332,incendio,-7.2711,-77.068
53334,no_incendio,-6.486581240227174,-76.15835402098138
53335,no_incendio,-7.429446375356516,-77.21947961761848
53337,incendio,-7.2177,-76.0404
53348,incendio,-5.931,-76.2401
53350,no_incendio,-5.691367325953232,-76.91174291210852
53353,incendio,-8.4003,-76.3907
53355,no_incendio,-5.3992279096164255,-77.51525342091976
53363,incendio,-6.6034,-76.6623
53367,incendio,-6.6528,-75.5824
53368,incendio,-7.094,-76.7896
53369,incendio,-7.1014,-76.8364
53370,no_incendio,-6.081693229189671,-76.04554760839422
53371,incendio,-7.3304,-76.7439
53396,incendio,-6.0013,-76.1297
53405,incendio,-6.4034,-76.4355
53408,incendio,-7.2759,-77.0542
53409,incendio,-6.5462,-76.0568
53414,incendio,-6.4778,-76.7247
53416,no_incendio,-5.719448744498719,-77.23298516632254
53419,incendio,-7.4415,-76.4109
53420,no_incendio,-7.278588939327885,-76.4943759510431
53422,no_incendio,-7.191225918716162,-75.54734215721196
53424,incendio,-8.5082,-76.1833
53426,no_incendio,-7.149817793244048,-76.68995380242758
53428,no_incendio,-7.415686202537784,-75.85189468645096
53437,no_incendio,-6.134868701694113,-76.84593822630983
53442,incendio,-7.0986,-76.2836
53448,no_incendio,-5.966007765722613,-76.02339603474364
53455,no_incendio,-5.618910457397299,-76.39046295133087
53462,no_incendio,-6.476078930269108,-76.12579467837428
53464,incendio,-6.5604,-75.6506
53467,incendio,-5.7644,-76.4985
53472,incendio,-8.6747,-76.9227
53475,incendio,-7.3079,-76.4621
53480,incendio,-6.7115,-76.6177
53487,incendio,-8.6998,-76.3027
53489,incendio,-7.3891,-76.6609
53495,no_incendio,-7.396034749471958,-77.09104434205882
53509,incendio,-7.2836,-76.6857
53512,no_incendio,-6.331956733542304,-77.5021084607029
53519,incendio,-7.3947,-76.7309
53524,incendio,-7.3856,-76.7074
53527,no_incendio,-6.953964765279714,-77.26246463391935
53528,no_incendio,-5.772447993979731,-76.76825761036689
53529,incendio,-7.2658,-76.2828
53534,no_incendio,-7.456346722108078,-76.20342873895703
53540,no_incendio,-7.180456049019163,-77.4128118764767
53543,incendio,-7.1701,-76.774
53545,incendio,-6.1371,-76.1448
53548,no_incendio,-6.135395550199937,-77.01659159261982
53558,no_incendio,-5.307511492937007,-75.87055498280709
53564,no_incendio,-7.154379449162653,-76.23880537117174
53569,no_incendio,-6.1245241179034995,-75.6853524981565
53578,incendio,-7.1521,-76.4516
53580,incendio,-6.6309,-76.3675
53585,incendio,-5.9136,-77.1204
53591,incendio,-7.4453,-76.7234
53608,no_incendio,-7.366259215797565,-77.34248619041158
53610,incendio,-8.7764,-76.8408
53613,no_incendio,-5.65117658577255,-75.62263099163508
53629,no_incendio,-6.691674214621824,-77.20756079690301
53631,no_incendio,-6.742797209348308,-75.63057425829132
53639,incendio,-7.2974,-76.5636
53640,incendio,-6.9098,-76.6954
53646,no_incendio,-5.872543626896172,-76.44213080221468
53649,no_incendio,-7.343476837968453,-76.86299220846689
53656,no_incendio,-5.543275857949961,-76.36401463997392
53658,no_incendio,-6.402507911708669,-75.63264270737905
53662,incendio,-6.2417,-76.2159
53663,incendio,-6.5277,-76.0633
53673,incendio,-5.8431,-76.3645
53676,no_incendio,-6.237007995955339,-77.29653920345977
53677,incendio,-5.9866,-76.21
53681,no_incendio,-7.3239429065406565,-75.71625724817507
53684,no_incendio,-6.038754568131664,-76.35371867515885
53689,no_incendio,-6.774947131584925,-76.00722166007617
53690,incendio,-5.7491,-76.0466
53705,no_incendio,-5.721753234372427,-77.04300744557013
53707,no_incendio,-7.442941681589652,-76.91434045843735
53714,no_incendio,-6.490391135640375,-76.20592887580928
53723,incendio,-7.0742,-76.2738
53724,incendio,-6.2858,-77.6825
53727,no_incendio,-5.420009462532595,-77.54497332899014
53732,no_incendio,-6.541834413903653,-76.37649272286701
53739,no_incendio,-6.460809424904893,-76.67264708557983
53740,no_incendio,-5.525266717128592,-75.70624108601852
53742,incendio,-6.4603,-76.6457
53747,no_incendio,-6.2816422432891255,-75.61454508391762
53748,incendio,-8.6653,-76.9544
53757,no_incendio,-6.645743757749571,-77.31611856562348
53759,no_incendio,-6.618506694977619,-76.00213992327006
53762,no_incendio,-5.326931537697329,-77.25175106818679
53764,no_incendio,-6.509338593690795,-76.81131065559471
53769,no_incendio,-7.532917537712722,-76.04821551837472
53773,no_incendio,-5.4157703002618724,-75.88771884850634
53787,incendio,-6.9908,-76.2694
53796,no_incendio,-7.475453840000244,-77.09283995143899
53797,no_incendio,-5.525519480392893,-76.3183975995799
53803,no_incendio,-7.0026426990635535,-77.36552672269332
53807,incendio,-8.1589,-76.6141
53808,no_incendio,-7.391395621025486,-76.825979662233
53809,incendio,-7.1875,-76.8432
53811,incendio,-5.798,-77.3017
53812,incendio,-7.4178,-76.5469
53813,no_incendio,-6.673178207902485,-77.4048318758823
53814,incendio,-7.2351,-76.6026
53815,no_incendio,-5.862678119407266,-76.8979972886448
53823,no_incendio,-5.882545131668422,-77.4252687375934
53828,incendio,-7.3693,-76.3912
53835,incendio,-6.173,-76.2972
53839,incendio,-8.1728,-76.943
53841,incendio,-6.2279,-76.1456
53844,incendio,-5.4413,-76.6752
53855,incendio,-5.84,-75.9746
53859,incendio,-5.7991,-77.2339
53868,incendio,-6.4838,-77.0541
53871,incendio,-8.6109,-76.1263
53889,no_incendio,-7.317626251154921,-75.78361603634158
53904,incendio,-6.216,-76.7512
53914,no_incendio,-6.6726823357299025,-76.74697083453398
53920,incendio,-6.7013,-76.7612
53924,no_incendio,-5.423715260330031,-75.80260147002005
53930,no_incendio,-6.219703521684984,-76.92758051251145
53940,no_incendio,-6.328050055589178,-77.0850887708193
53953,no_incendio,-6.859834032339221,-77.17846783969736
53956,no_incendio,-7.56354574516261,-76.00460014183221
53957,incendio,-6.526,-76.5298
53959,incendio,-6.0841,-76.2673
53960,incendio,-6.5468,-76.5901
53962,no_incendio,-6.336768480146276,-75.8898744780929
53965,no_incendio,-5.62776239327014,-77.48408133634722
53967,incendio,-6.7769,-76.5134
53968,no_incendio,-6.2190640726250495,-76.93105958473025
53972,incendio,-8.2098,-77.356
53975,incendio,-6.0569,-76.2002
53977,incendio,-8.4888,-77.5196
53985,no_incendio,-6.253873442293271,-77.4856518253099
53990,no_incendio,-6.185102706019143,-75.78932803542219
53991,incendio,-7.3795,-76.6975
53994,incendio,-6.753,-76.6373
53996,incendio,-6.8362,-76.5355
54000,incendio,-6.4148,-75.9316
54005,no_incendio,-7.278446400857449,-77.33703515392486
54006,no_incendio,-5.733303330887296,-76.64353813041618
54008,incendio,-7.409,-76.4092
54013,incendio,-7.2232,-76.6402
54015,incendio,-6.4144,-76.7637
54016,no_incendio,-7.0475824644559095,-77.00777977835193
54017,incendio,-7.1975,-76.9119
54021,incendio,-6.6558,-76.7252
54026,no_incendio,-5.399746644332469,-76.68187059720576
54027,no_incendio,-5.918920403880599,-75.94938972977876
54037,incendio,-6.9371,-77.4879
54039,no_incendio,-6.761574880071224,-76.52109859066432
54047,no_incendio,-6.152311336764004,-75.83217280220295
54050,incendio,-6.8746,-76.5816
54052,no_incendio,-7.188428352306568,-77.29319926370498
54053,incendio,-6.1855,-76.7656
54054,incendio,-5.8059,-76.5184
54057,no_incendio,-7.349457434232458,-77.2287510721594
54065,incendio,-5.7523,-76.178
54067,incendio,-8.672,-76.2286
54071,incendio,-7.296,-76.4212
54078,incendio,-7.3525,-76.7037
54084,incendio,-5.8666,-76.0159
54105,no_incendio,-7.320681720418793,-75.65489361084256
54106,incendio,-8.4053,-76.4022
54109,incendio,-5.683,-76.2566
54112,incendio,-7.4791,-76.2242
54113,incendio,-7.073,-76.7912
54118,no_incendio,-5.849268078249962,-76.0787263818459
54120,no_incendio,-6.726508547372632,-75.8805912365982
54121,no_incendio,-5.577424926283962,-75.86385660107669
54126,incendio,-5.9918,-76.2605
54133,no_incendio,-7.511471498657587,-77.0305776349507
54156,incendio,-7.3514,-76.8372
54158,incendio,-8.6095,-76.5921
54167,incendio,-7.0054,-76.2603
54168,incendio,-7.4668,-76.4071
54170,incendio,-6.1,-76.1363
54176,incendio,-7.3419,-76.9102
54178,no_incendio,-6.9177745399597805,-77.27712831962272
54181,no_incendio,-5.384324497906241,-76.81955746951022
54187,no_incendio,-7.566170057674632,-77.33420456007225
54190,incendio,-6.1619,-76.1828
54200,incendio,-5.703,-76.1494
54210,incendio,-7.5059,-77.5208
54221,incendio,-7.2047,-76.0482
54229,incendio,-7.346,-76.9719
54231,no_incendio,-6.249559347527708,-77.38514191347497
54232,no_incendio,-7.038387701485983,-77.46608635694433
54239,no_incendio,-5.434734993358147,-76.94653262890384
54241,no_incendio,-5.824960586839608,-76.59374334653756
54244,incendio,-7.3275,-76.5529
54246,no_incendio,-6.224512205373936,-77.14720066928672
54251,incendio,-5.9786,-76.2341
54253,no_incendio,-7.0026426990635535,-77.36552672269332
54256,no_incendio,-5.489245275525123,-76.82667902790362
54258,no_incendio,-6.480391966428419,-77.42730148887621
54259,incendio,-6.7995,-76.4033
54267,incendio,-7.1715,-76.4811
54271,incendio,-8.6036,-76.1292
54275,incendio,-5.6588,-76.5302
54277,no_incendio,-7.127093555738052,-76.84105088577114
54278,incendio,-8.3295,-76.2832
54310,no_incendio,-6.351517341637376,-77.31017116176967
54316,no_incendio,-7.487103293775268,-76.06526148025002
54325,incendio,-7.1436,-76.7938
54326,incendio,-8.4978,-76.5606
54330,incendio,-6.3529,-75.7079
54338,no_incendio,-6.140503448389999,-75.89152757203433
54342,incendio,-5.9573,-76.3569
54343,no_incendio,-6.4800299159294745,-75.86986955910662
54359,incendio,-7.0286,-76.6007
54360,no_incendio,-5.959932705913599,-76.9795248154579
54362,no_incendio,-6.726107042288016,-76.4764656532763
54367,no_incendio,-5.8418090063734045,-77.13859458576027
54370,incendio,-6.0574,-76.2654
54371,no_incendio,-7.319106221775668,-76.84964608294781
54373,incendio,-5.8401,-76.0575
54387,no_incendio,-5.698299617649455,-76.9877048304902
54392,incendio,-6.8375,-76.5176
54393,incendio,-7.1966,-76.2913
54397,no_incendio,-6.043030962073811,-76.47604236953148
54401,incendio,-5.7988,-77.1014
54404,no_incendio,-6.758060268510353,-77.51884776551792
54407,no_incendio,-6.742426821485937,-75.840077033376
54417,incendio,-7.5701,-76.5132
54420,no_incendio,-6.09087742872903,-76.39432793529913
54428,no_incendio,-6.456445234793438,-77.37382860861014
54429,incendio,-6.5819,-76.0489
54430,incendio,-5.8146,-77.1685
54436,incendio,-5.8234,-76.355
54437,no_incendio,-6.308716369141198,-75.7579038479895
54442,incendio,-7.1004,-76.4178
54446,incendio,-6.5248,-76.6441
54447,incendio,-7.1371,-76.2286
54451,incendio,-6.3494,-76.0701
54452,incendio,-6.8772,-76.9073
54460,no_incendio,-5.432202072011853,-76.59374002276904
54462,no_incendio,-7.036314510603764,-76.32413479957033
54464,no_incendio,-6.47129538831012,-76.10848069167751
54469,incendio,-6.5848,-76.4242
54485,incendio,-5.8556,-76.0107
54487,incendio,-6.2165,-76.136
54488,no_incendio,-6.9821795229188215,-77.4814837765738
54490,no_incendio,-6.183798772159494,-75.95166434619192
54492,no_incendio,-5.485150772179796,-77.0821813016382
54495,incendio,-6.21,-75.907
54496,no_incendio,-6.184018518963494,-76.64827203950954
54498,no_incendio,-7.485621627002571,-76.9594043618508
54501,incendio,-7.308,-75.5367
54502,incendio,-5.8728,-77.2055
54503,incendio,-6.2913,-75.8099
54505,no_incendio,-6.036634194085042,-76.33475368850613
54508,no_incendio,-7.289453419528988,-76.70433724655702
54514,incendio,-7.0885,-76.4957
54519,incendio,-6.4039,-75.7084
54525,incendio,-5.3515,-76.7821
54528,no_incendio,-6.134775971165761,-75.80907324993491
54533,no_incendio,-7.265385570436415,-76.15256195898944
54536,incendio,-6.1656,-76.872
54540,incendio,-6.8762,-76.6117
54551,no_incendio,-5.465266875680572,-76.24842900681286
54562,incendio,-6.5843,-76.4978
54567,incendio,-6.9246,-76.6999
54568,no_incendio,-6.3823444451531675,-76.72222524088096
54569,no_incendio,-6.726577938090313,-76.92865414529734
54573,incendio,-6.5238,-75.6813
54578,incendio,-7.165,-76.7502
54582,incendio,-7.0912,-76.2891
54588,incendio,-8.5333,-76.3763
54593,incendio,-6.8491,-76.6883
54600,no_incendio,-6.536547874138972,-77.31298293788737
54602,no_incendio,-6.333472406743339,-75.64833382378124
54603,no_incendio,-6.91975600968376,-77.05871610020544
54608,incendio,-7.4645,-76.3617
54610,incendio,-7.7033,-76.7896
54615,incendio,-5.7823,-77.1701
54616,no_incendio,-6.43490273431634,-75.69794209792583
54618,incendio,-7.4449,-76.5829
54620,no_incendio,-5.822373025705751,-75.81118308604799
54625,incendio,-6.0131,-75.9568
54627,incendio,-7.2863,-76.8228
54632,incendio,-7.2575,-76.4941
54634,incendio,-5.8354,-77.2179
54636,incendio,-7.5329,-76.7485
54649,incendio,-6.8978,-76.161
54651,incendio,-6.2342,-75.9378
54657,no_incendio,-5.374155680654134,-76.14052405499798
54660,incendio,-5.3199,-76.2617
54666,incendio,-6.9769,-76.5453
54668,no_incendio,-5.370065008448104,-77.20634043748042
54671,no_incendio,-5.428382683589806,-76.59712896608411
54674,no_incendio,-5.569129164967829,-76.89146867970102
54688,incendio,-6.2709,-75.9457
54705,no_incendio,-6.238571072533694,-75.50795501172155
54706,no_incendio,-7.152157832421082,-77.44831592237493
54711,incendio,-6.978,-76.6671
54715,no_incendio,-7.52002816732032,-76.85728021112728
54716,no_incendio,-6.371807438398121,-75.97041325819922
54727,no_incendio,-7.332916187784927,-76.99914864296008
54728,incendio,-8.2761,-76.539
54730,incendio,-6.6973,-77.4253
54734,no_incendio,-6.56442664767728,-76.08300934140289
54735,incendio,-8.1401,-76.6076
54743,no_incendio,-6.57344451362061,-75.98407882587051
54748,incendio,-8.3655,-77.5853
54754,no_incendio,-6.56442664767728,-76.08300934140289
54757,incendio,-6.9957,-76.8362
54759,incendio,-7.5738,-76.4991
54760,incendio,-6.095,-76.1386
54763,incendio,-7.5356,-76.5169
54764,incendio,-7.2962,-76.9719
54769,incendio,-6.6374,-76.4886
54774,no_incendio,-6.1290157028955905,-75.56386178427238
54776,no_incendio,-6.092332930769818,-77.53250095731846
54779,incendio,-5.6257,-76.6557
54785,no_incendio,-6.808298154641365,-77.1261442416624
54791,incendio,-5.7815,-76.556
54797,no_incendio,-7.103154809386207,-75.80011378156274
54799,incendio,-8.0449,-76.6528
54801,incendio,-6.6331,-76.4569
54802,incendio,-8.629,-76.3153
54827,incendio,-6.5937,-76.0691
54828,no_incendio,-5.815055199872086,-76.00054370091742
54829,incendio,-6.4351,-76.3031
54847,incendio,-6.7307,-76.578
54848,no_incendio,-5.767157423041838,-75.60792843558447
54850,no_incendio,-6.48340164417584,-76.67965578486029
54852,incendio,-8.0991,-76.5891
54854,incendio,-5.9251,-76.2907
54864,no_incendio,-7.190259524857835,-76.68608585816432
54865,no_incendio,-5.863095020713222,-75.7889986714283
54873,incendio,-5.7327,-76.0627
54877,incendio,-7.3968,-76.5525
54884,no_incendio,-6.717293792016525,-75.64014245587184
54890,incendio,-6.1364,-76.175
54897,no_incendio,-7.149817793244048,-76.68995380242758
54905,incendio,-7.3769,-76.7785
54907,incendio,-8.1982,-76.5947
54909,no_incendio,-6.418496907062319,-75.56505083254436
54916,no_incendio,-6.09276868271348,-76.00881721213455
54918,incendio,-7.2415,-76.6373
54921,incendio,-7.0586,-76.2645
54922,incendio,-5.4118,-76.8512
54923,incendio,-8.4758,-76.4281
54924,incendio,-6.8942,-76.8602
54926,incendio,-7.4997,-76.4673
54929,incendio,-6.5934,-76.1668
54931,incendio,-7.0303,-76.8702
54934,incendio,-6.4388,-75.918
54935,incendio,-5.9811,-76.2829
54955,incendio,-7.4834,-76.6117
54975,incendio,-5.6807,-77.1412
54977,no_incendio,-5.789563027304849,-76.53201355790475
54978,no_incendio,-7.423279850513975,-76.1929127649397
54980,incendio,-6.6138,-76.1176
54983,no_incendio,-5.465266875680572,-76.24842900681286
54984,no_incendio,-5.702364736345534,-76.72144500150783
54987,no_incendio,-6.135227462144194,-76.4855793054628
54988,incendio,-5.8166,-77.3048
54990,incendio,-6.9354,-76.15
54998,incendio,-8.1405,-76.7056
55005,incendio,-6.261,-75.8568
55008,incendio,-6.9184,-76.8963
55012,no_incendio,-5.592455159672106,-77.05696823462097
55013,no_incendio,-5.426612634680184,-75.58435399600397
55018,no_incendio,-5.3088507793034125,-76.33692970134372
55027,incendio,-6.8118,-76.5647
55040,incendio,-7.3491,-76.8952
55041,incendio,-8.2994,-76.2911
55043,no_incendio,-6.580708866740203,-77.30463518466154
55046,incendio,-5.7311,-76.1316
55049,no_incendio,-7.183923927473843,-76.41258057222892
55050,incendio,-6.4474,-75.7051
55051,incendio,-8.1864,-76.5567
55052,incendio,-5.7816,-77.2289
55053,incendio,-7.1591,-76.5245
55054,no_incendio,-7.451217530868493,-77.29241876502243
55055,no_incendio,-5.818727365285151,-76.86751655981939
55058,incendio,-7.5231,-76.4378
55060,incendio,-6.4609,-77.5208
55074,incendio,-6.822,-76.915
55075,incendio,-5.8918,-76.1953
55080,no_incendio,-6.545046135469808,-77.4695217022142
55082,no_incendio,-5.808189893519151,-75.58463969579134
55085,incendio,-6.4474,-75.6889
55088,incendio,-7.0716,-76.8987
55089,no_incendio,-6.208571378644004,-77.08847372883292
55093,no_incendio,-7.446777051363318,-75.55823277277759
55095,no_incendio,-7.2830034027883865,-76.35190261363664
55097,incendio,-6.8319,-76.5098
55099,no_incendio,-7.4333859418143975,-75.94488928476447
55102,incendio,-5.8658,-75.8961
55105,no_incendio,-7.408503653357758,-76.24578800464187
55107,incendio,-5.7332,-76.3893
55110,incendio,-6.0436,-76.3047
55111,no_incendio,-5.5750859368578904,-77.18888026677212
55112,no_incendio,-6.736094048254664,-75.79047035285556
55120,incendio,-7.3746,-76.8614
55121,no_incendio,-6.370500555903968,-77.21187079190732
55123,incendio,-8.5762,-76.2978
55124,no_incendio,-7.3138551861663785,-76.44974049103283
55128,no_incendio,-6.992873718796428,-77.40735326396366
55138,incendio,-6.7361,-76.6496
55150,incendio,-5.8983,-76.2641
55154,no_incendio,-7.388452210624765,-77.20638603731945
55157,incendio,-6.3335,-76.0763
55160,incendio,-6.4196,-76.6365
55164,incendio,-7.3166,-76.3321
55180,incendio,-6.0263,-76.2369
55196,no_incendio,-7.228019173352536,-75.83265543127759
55199,incendio,-6.7691,-76.7416
55208,incendio,-5.655,-76.5128
55218,incendio,-6.6726,-76.2587
55219,no_incendio,-6.224885960981276,-76.91366721974305
55220,no_incendio,-5.733857068651538,-76.80904901377532
55226,no_incendio,-5.555763303802058,-77.3394188883658
55230,incendio,-7.098,-76.6018
55231,no_incendio,-5.932677032359028,-76.67039982026421
55234,no_incendio,-6.233353095567226,-75.91710577734175
55239,incendio,-6.7203,-76.721
55240,no_incendio,-6.224885960981276,-76.91366721974305
55241,incendio,-8.3872,-76.3498
55242,no_incendio,-6.86277091910318,-76.45893260017807
55245,incendio,-7.3103,-76.6745
55248,no_incendio,-6.18702118811894,-77.34328610788602
55257,incendio,-6.8994,-76.8646
55263,no_incendio,-7.316542689651407,-77.09719219444501
55265,incendio,-7.2777,-76.6854
55275,incendio,-5.67,-76.031
55277,no_incendio,-5.369370124540203,-77.53041632467286
55280,incendio,-8.4192,-76.2601
55285,incendio,-7.1149,-76.7733
55287,incendio,-7.1571,-76.3281
55288,no_incendio,-7.30848813253614,-75.71138002186875
55290,no_incendio,-6.607438503581988,-77.25629846979227
55297,no_incendio,-5.881820929193948,-76.58450370780717
55304,incendio,-7.2487,-76.4977
55311,no_incendio,-7.443277568920015,-75.95948688269024
55316,no_incendio,-7.237010441563305,-76.53847008307255
55321,no_incendio,-5.4324592687941,-76.16239104777486
55322,incendio,-7.313,-76.5612
55325,no_incendio,-5.9069362811274955,-76.90796880037888
55326,incendio,-7.1613,-76.6083
55329,incendio,-6.2192,-76.1083
55331,no_incendio,-6.260382263964365,-75.66215989353373
55334,no_incendio,-7.389808722529589,-77.07301560245696
55338,no_incendio,-6.500803234494254,-76.0342561681164
55339,incendio,-7.6887,-76.716
55340,incendio,-7.3865,-76.742
55351,incendio,-5.328,-76.3099
55359,incendio,-6.7882,-76.4917
55365,incendio,-6.9311,-76.266
55367,incendio,-8.7009,-76.1639
55370,no_incendio,-5.761894026687926,-76.71626651276603
55377,no_incendio,-6.618506694977619,-76.00213992327006
55381,no_incendio,-7.019065477801208,-77.45420422372614
55386,incendio,-5.3113,-76.1085
55388,no_incendio,-7.464233169627815,-76.3089508607516
55389,no_incendio,-5.688886934346843,-77.36422749238871
55402,incendio,-7.3931,-76.4165
55403,no_incendio,-6.3065520769299415,-76.52048775212563
55404,no_incendio,-5.343847653580683,-76.19643132056173
55409,no_incendio,-5.423352355280385,-75.9768451523196
55421,no_incendio,-6.730215654444688,-76.84821672271427
55426,no_incendio,-5.800895908311601,-76.62831443275236
55427,incendio,-5.9481,-75.9402
55429,no_incendio,-6.514967490351236,-76.99375522896699
55432,no_incendio,-6.543996709664201,-75.77625931317041
55434,incendio,-7.1347,-76.6378
55439,incendio,-6.9237,-76.8722
55440,no_incendio,-7.035328568865795,-77.4057239232557
55447,incendio,-6.6062,-76.4281
55448,incendio,-8.3317,-76.5774
55449,no_incendio,-5.340154408333765,-76.74093271807992
55450,no_incendio,-6.082418461874669,-76.27878687106944
55451,no_incendio,-7.517938460168555,-75.88430182253087
55462,no_incendio,-6.367884072608207,-76.17501426406548
55469,incendio,-6.4906,-76.3551
55471,incendio,-7.3732,-76.8005
55479,incendio,-6.8141,-76.4818
55493,incendio,-6.8035,-76.7069
55496,incendio,-6.196,-75.848
55500,incendio,-5.8286,-76.2234
55502,no_incendio,-6.994951885754811,-75.90892162040349
55506,incendio,-8.0974,-76.6047
55510,incendio,-5.8181,-77.4373
55512,incendio,-7.4725,-76.4519
55517,incendio,-6.4431,-77.4608
55520,incendio,-7.2307,-76.6451
55532,incendio,-6.962,-76.7427
55533,incendio,-6.2227,-76.0172
55537,incendio,-6.4613,-76.8387
55539,incendio,-7.1917,-76.4819
55550,incendio,-6.2292,-75.9205
55551,incendio,-8.2272,-76.6579
55553,no_incendio,-7.378012032391012,-77.45917085361808
55561,no_incendio,-7.448759349626241,-75.73146487239217
55569,no_incendio,-6.269350897351528,-76.17554961545872
55581,no_incendio,-7.450227101420001,-77.22165209135423
55583,no_incendio,-6.210262345134658,-77.11424996637882
55586,incendio,-6.1361,-76.1938
55592,no_incendio,-6.850119921397431,-77.18105441991001
55595,no_incendio,-6.279874050199112,-75.76672987730963
55602,no_incendio,-7.2237762907302,-75.57516855360699
55604,no_incendio,-6.5791773780212175,-75.5208242841422
55606,incendio,-6.5445,-75.6626
55612,incendio,-7.4872,-76.443
55614,incendio,-7.389,-76.7389
55616,no_incendio,-5.8511939634062635,-76.52247944634267
55623,incendio,-7.0496,-76.2303
55627,incendio,-7.1423,-76.7397
55632,incendio,-7.4346,-76.3785
55645,incendio,-6.0511,-77.2423
55649,incendio,-6.2859,-76.6605
55650,incendio,-5.9576,-76.272
55652,incendio,-7.0861,-76.6071
55664,incendio,-6.7952,-76.4999
55665,incendio,-7.4714,-76.5641
55669,no_incendio,-6.578202945590633,-76.50501159622002
55692,no_incendio,-5.339988911138568,-75.94604419335825
55697,incendio,-6.0811,-76.1159
55698,no_incendio,-5.4986752575716835,-76.99704879250469
55701,incendio,-6.9646,-76.3484
55703,incendio,-7.2905,-77.7574
55714,no_incendio,-6.846227548420243,-77.09414313428448
55717,no_incendio,-6.049219022458795,-76.2803636866073
55721,incendio,-8.4293,-76.7503
55725,no_incendio,-5.6355072776323825,-77.05987553143974
55729,incendio,-7.1177,-76.2989
55741,no_incendio,-5.809070578757959,-75.92077418660742
55747,no_incendio,-7.125442800649086,-77.06151312787605
55753,incendio,-7.3505,-76.6654
55755,no_incendio,-6.733687512476174,-75.74855689788478
55757,no_incendio,-6.284005972985306,-75.8733537299608
55760,no_incendio,-6.371807438398121,-75.97041325819922
55763,no_incendio,-5.885065132570478,-75.64334405460914
55764,incendio,-6.9787,-76.6718
55767,no_incendio,-5.8570726019942425,-76.40667258173919
55769,incendio,-6.793,-76.6783
55772,incendio,-7.6588,-76.6602
55779,no_incendio,-6.446499470618798,-75.63834110129498
55780,incendio,-7.0324,-76.7357
55789,incendio,-7.6001,-76.5057
55791,no_incendio,-7.278446400857449,-77.33703515392486
55795,incendio,-6.5592,-75.6674
55807,no_incendio,-5.7595902055188795,-75.77924853201874
55813,no_incendio,-7.582363301360768,-76.43607509989434
55815,no_incendio,-7.3912095148136645,-77.03017853882585
55833,no_incendio,-7.163128957992517,-77.33946379317482
55841,incendio,-6.4829,-75.732
55845,incendio,-8.4443,-76.2276
55846,no_incendio,-5.873429262130088,-76.29994874270383
55851,incendio,-6.7053,-76.1726
55852,no_incendio,-7.53303009358015,-76.30539007678105
55856,incendio,-8.6229,-76.8035
55867,incendio,-7.2699,-76.1103
55869,incendio,-7.0156,-76.8176
55876,incendio,-7.5564,-76.4956
55877,no_incendio,-6.223322439610729,-75.97460472272981
55880,incendio,-7.6797,-76.5105
55881,incendio,-7.4003,-76.732
55882,no_incendio,-7.5702550538704605,-75.67821320807053
55888,incendio,-7.0441,-76.874
55890,no_incendio,-7.347666513055251,-77.19530347019538
55895,no_incendio,-7.194942571615302,-76.85474676634065
55899,no_incendio,-5.66978916869293,-75.78583352536694
55900,incendio,-7.5583,-76.3909
55910,no_incendio,-6.9303848627730344,-77.0665622069992
55915,incendio,-7.3672,-76.8099
55925,incendio,-6.1892,-75.9503
55930,no_incendio,-6.338883523616399,-76.67237416346605
55954,no_incendio,-6.090705105654209,-75.76196358722034
55956,incendio,-5.7251,-75.7926
55967,no_incendio,-5.306306841629591,-77.15046908916776
55973,incendio,-7.6262,-76.8267
55975,incendio,-6.6151,-76.7386
55978,incendio,-7.22,-76.6374
55979,no_incendio,-7.391380566669081,-77.4628689446306
55985,no_incendio,-6.825057480379352,-77.49883680928833
55988,incendio,-5.9647,-75.9371
55998,incendio,-5.7005,-76.4525
56001,incendio,-7.6178,-76.4921
56003,no_incendio,-6.441902560534528,-76.15943969390888
56004,no_incendio,-7.303191371239219,-76.86950299016307
56012,incendio,-6.9035,-76.2769
56015,incendio,-5.8837,-76.0124
56018,incendio,-5.7933,-76.0173
56026,no_incendio,-7.552000736404346,-77.05977682552361
56029,incendio,-6.7511,-76.6248
56030,incendio,-8.4879,-76.4773
56045,no_incendio,-6.493728884519305,-75.95080124431671
56047,incendio,-6.0364,-76.2207
56049,no_incendio,-6.320061417206358,-76.82643295462363
56059,no_incendio,-6.673178207902485,-77.4048318758823
56065,incendio,-6.3681,-77.0209
56067,incendio,-5.7797,-76.1858
56069,no_incendio,-5.451709663906019,-76.0834165906866
56075,no_incendio,-6.231532660134269,-77.43051392350198
56076,incendio,-5.8094,-76.1444
56078,incendio,-7.0384,-76.2147
56082,incendio,-8.6207,-76.6016
56083,no_incendio,-7.500619459820059,-77.36318050509186
56096,incendio,-7.163,-76.208
56101,incendio,-7.0027,-76.5334
56103,incendio,-6.8073,-76.5811
56108,no_incendio,-5.388800568828812,-75.76427198080877
56112,no_incendio,-6.000913642665956,-77.14500157376662
56118,no_incendio,-6.220053203592378,-76.13217715018442
56121,incendio,-7.1285,-76.7798
56123,incendio,-8.718,-76.2632
56128,no_incendio,-5.569129164967829,-76.89146867970102
56130,no_incendio,-6.9338065388714725,-77.51645275784907
56133,incendio,-6.4162,-75.6988
56134,incendio,-5.8151,-76.3704
56145,incendio,-5.664,-76.5283
56149,no_incendio,-6.23470396402255,-76.94332145347941
56150,incendio,-5.7474,-77.3713
56157,incendio,-7.7305,-76.5263
56163,no_incendio,-7.0475824644559095,-77.00777977835193
56164,incendio,-5.8301,-77.1766
56165,no_incendio,-6.242683257012905,-77.09272695265327
56169,no_incendio,-6.337630898858479,-77.22298031852678
56171,incendio,-6.2969,-76.8068
56179,no_incendio,-6.545046135469808,-77.4695217022142
56182,no_incendio,-7.475453840000244,-77.09283995143899
56191,no_incendio,-6.400301881628301,-77.5201604762096
56195,no_incendio,-5.879613359801567,-75.64585304449614
56201,incendio,-6.8815,-76.4623
56204,no_incendio,-6.94690710912819,-75.63438003182783
56205,incendio,-7.3637,-76.455
56206,incendio,-5.8657,-76.3313
56220,no_incendio,-6.918732727057085,-75.61509017346891
56221,no_incendio,-5.531434005442488,-77.13875106909684
56226,no_incendio,-7.017832061015762,-77.13978816386988
56231,no_incendio,-7.309838483592369,-76.99515991704935
56244,no_incendio,-7.5636797148906325,-76.80582387525504
56246,no_incendio,-6.5749903992962055,-76.89683303442592
56262,incendio,-7.1453,-76.2231
56271,incendio,-7.7864,-77.4781
56273,incendio,-7.3363,-76.6635
56276,no_incendio,-6.017393971898976,-75.85609561110088
56277,no_incendio,-6.846679592265051,-75.78055281220841
56283,no_incendio,-7.510787208532104,-75.93881161563174
56284,no_incendio,-5.441244045280792,-76.19936571316805
56289,no_incendio,-7.233369543625463,-75.83176043083628
56291,no_incendio,-6.896612666946929,-75.75338049940235
56292,no_incendio,-7.453299052251447,-77.18508562471676
56293,incendio,-7.5451,-76.6525
56295,incendio,-5.9184,-76.4157
56301,no_incendio,-6.796333772184817,-76.78935654696676
56302,incendio,-7.4299,-76.5541
56304,no_incendio,-7.433764184828395,-76.19895087453514
56308,no_incendio,-5.926005528348797,-76.66451761423114
56309,no_incendio,-5.701243653353404,-77.51137584362479
56312,no_incendio,-7.517330043663011,-76.85538614453351
56325,incendio,-6.0969,-76.2353
56330,incendio,-7.5792,-76.5119
56333,no_incendio,-7.14999258790223,-77.27323492320696
56335,no_incendio,-6.253426709313807,-77.08659131097349
56341,no_incendio,-6.2816422432891255,-75.61454508391762
56343,incendio,-5.8563,-77.1858
56345,no_incendio,-5.851710851525425,-77.43871611391367
56347,no_incendio,-5.5369399299131885,-77.31171501653961
56350,no_incendio,-5.764033944085201,-76.45830778573153
56355,incendio,-6.1292,-76.1333
56356,incendio,-5.7666,-75.9792
56358,no_incendio,-5.740185734953845,-76.52718705325192
56374,incendio,-7.1249,-76.6474
56375,incendio,-6.2603,-75.8061
56377,incendio,-5.9191,-76.3044
56389,no_incendio,-5.374689655955711,-76.01901794140703
56392,incendio,-6.0411,-77.0349
56395,incendio,-8.6691,-76.3657
56409,incendio,-6.2168,-76.1643
56411,incendio,-7.4306,-76.6039
56416,no_incendio,-7.221147104950838,-76.3247834569853
56419,incendio,-6.7805,-76.6367
56425,no_incendio,-6.1290157028955905,-75.56386178427238
56427,no_incendio,-5.576377400601263,-76.00886183713747
56430,incendio,-7.3102,-76.8215
56432,no_incendio,-5.7006314608305315,-76.5774762709844
56438,incendio,-5.824,-77.2911
56443,incendio,-6.5718,-76.7581
56444,incendio,-8.652,-76.3918
56446,incendio,-8.6411,-76.2778
56448,no_incendio,-5.582283481453623,-75.95562633397932
56450,no_incendio,-5.7006314608305315,-76.5774762709844
56453,no_incendio,-7.404587411347148,-77.48236039818194
56456,no_incendio,-7.552000736404346,-77.05977682552361
56457,incendio,-7.8578,-77.4744
56458,no_incendio,-6.796720182530489,-75.69073110670904
56459,incendio,-6.3713,-76.0929
56461,incendio,-5.8239,-76.23
56468,no_incendio,-6.378904304384582,-76.46012370931685
56469,incendio,-6.2013,-76.2368
56472,incendio,-6.4711,-75.7395
56473,no_incendio,-7.119124402863609,-77.37715689078294
56474,incendio,-7.0534,-76.2849
56477,incendio,-7.2179,-76.8723
56481,incendio,-5.7071,-76.427
56488,incendio,-7.0466,-77.0777
56492,no_incendio,-6.2888093914419265,-77.49498781950011
56500,incendio,-6.3915,-76.6008
56509,incendio,-7.3496,-76.7953
56510,incendio,-7.1978,-76.875
56511,no_incendio,-5.473631906137981,-76.93641473945902
56520,no_incendio,-5.8166617894952815,-76.28161854109814
56527,no_incendio,-5.399995483023551,-76.68244565675566
56529,no_incendio,-6.922199249991655,-76.68603062105682
56534,no_incendio,-5.9287884158970305,-76.31836219337158
56548,no_incendio,-5.8624058726324275,-77.54256899267752
56552,no_incendio,-5.784820775425025,-76.88322925526231
56553,no_incendio,-6.618506694977619,-76.00213992327006
56556,no_incendio,-7.040747836565641,-76.40061304391803
56557,incendio,-6.9763,-76.9137
56558,no_incendio,-6.254046612679011,-76.94445690037632
56559,incendio,-5.8568,-77.1831
56573,incendio,-8.7016,-76.1182
56578,no_incendio,-6.807279841790784,-75.78242302305196
56580,no_incendio,-7.006429626529349,-76.40821160101947
56581,no_incendio,-5.576401103022335,-75.65589793985158
56585,no_incendio,-6.738442276906446,-76.26128977675305
56586,no_incendio,-7.285979665021611,-76.94332213408417
56589,no_incendio,-5.714958817536613,-75.57831712461974
56590,incendio,-5.6451,-76.5962
56595,incendio,-7.5079,-76.7704
56599,incendio,-7.2323,-76.6482
56602,incendio,-5.9761,-77.2532
56625,incendio,-6.6214,-76.3241
56626,incendio,-7.465,-76.4765
56631,no_incendio,-6.189738223688629,-76.63044449970681
56634,no_incendio,-5.364004538303699,-76.51587462337326
56635,incendio,-6.652,-76.46
56636,incendio,-7.3336,-76.5998
56637,incendio,-6.4937,-75.7616
56640,incendio,-6.6757,-76.2382
56646,no_incendio,-5.5259385585543805,-76.78474947687066
56654,no_incendio,-6.402069451962711,-76.21591146142134
56656,no_incendio,-5.641271222445664,-77.2589065650696
56668,no_incendio,-5.894898869067559,-77.35176843132272
56676,no_incendio,-5.322335273054225,-75.66988823532402
56681,no_incendio,-7.510787208532104,-75.93881161563174
56686,incendio,-6.2843,-76.0565
56687,no_incendio,-6.8707527834716435,-77.1546220579287
56694,incendio,-6.5413,-76.6848
56696,incendio,-6.5194,-75.7836
56697,no_incendio,-7.56354574516261,-76.00460014183221
56700,no_incendio,-5.977250221064096,-76.70445078164089
56707,incendio,-6.5758,-75.6388
56713,no_incendio,-6.3737423006602185,-77.16577350376646
56714,incendio,-6.3027,-76.0406
56720,incendio,-6.5603,-76.5716
56727,incendio,-6.831,-76.9117
56730,incendio,-7.3276,-76.0683
56731,no_incendio,-6.911906202214161,-76.30385492841812
56746,no_incendio,-5.7927379696305294,-76.1467304713267
56747,no_incendio,-6.922488599265936,-77.20347324801959
56749,no_incendio,-6.1029066882194485,-77.35334666324442
56751,no_incendio,-6.2816422432891255,-75.61454508391762
56759,no_incendio,-5.655403371061297,-77.22066038141541
56763,incendio,-6.5981,-76.3806
56770,no_incendio,-5.8418090063734045,-77.13859458576027
56771,no_incendio,-6.555810705714814,-75.58765246403257
56773,no_incendio,-5.465881437617145,-76.83346258647516
56774,no_incendio,-5.559447141003816,-77.53240429845073
56777,incendio,-6.1569,-75.9607
56785,incendio,-8.393,-76.4557
56787,incendio,-6.771,-76.3693
56795,no_incendio,-7.468820255868223,-76.21884389702247
56798,incendio,-7.61,-76.4821
56799,incendio,-6.1917,-76.7248
56804,incendio,-6.4549,-76.4665
56810,incendio,-6.0092,-75.9778
56813,no_incendio,-7.510787208532104,-75.93881161563174
56819,incendio,-5.6743,-76.472
56820,incendio,-5.5087,-76.6131
56831,no_incendio,-6.124908546496211,-75.75141276131208
56837,incendio,-6.6393,-76.6265
56843,incendio,-7.3594,-76.6129
56850,incendio,-7.1181,-76.8549
56861,incendio,-6.314,-75.8754
56865,incendio,-6.9395,-76.7391
56866,no_incendio,-5.918920403880599,-75.94938972977876
56868,no_incendio,-7.518549043794622,-77.46918278069812
56870,incendio,-8.7691,-76.1776
56873,no_incendio,-6.831471934568246,-75.7875932896481
56876,incendio,-7.0557,-76.7425
56884,incendio,-7.1174,-76.8162
56885,no_incendio,-5.928733149107297,-75.62813587078854
56888,incendio,-5.83,-76.194
56892,no_incendio,-7.347666513055251,-77.19530347019538
56900,incendio,-6.9562,-76.5601
56904,incendio,-6.2076,-77.09
56911,incendio,-5.8393,-76.2102
56912,incendio,-6.0687,-76.4486
56913,incendio,-8.0866,-77.4797
56914,no_incendio,-6.787051317211901,-77.10628604223226
56917,no_incendio,-5.452511328645989,-77.32229773796371
56919,no_incendio,-7.237158680749911,-76.11796356076336
56926,incendio,-7.2079,-76.3698
56936,no_incendio,-5.856151465825925,-75.61952647714237
56951,incendio,-6.7804,-76.6692
56962,no_incendio,-6.746503515167967,-76.72857236085679
56964,no_incendio,-6.344738730281884,-77.28085925820518
56965,no_incendio,-5.870407571755855,-76.43899593158982
56968,no_incendio,-7.433177363041198,-76.83037064638081
56972,incendio,-6.8348,-76.8909
56973,incendio,-7.108,-76.321
56975,incendio,-6.1752,-76.7622
56981,incendio,-6.8443,-76.7268
56983,incendio,-8.6334,-76.7325
56991,incendio,-8.6827,-76.1579
56995,incendio,-6.3393,-76.3186
56996,no_incendio,-6.6588540055381635,-76.3643446123623
56998,incendio,-7.3705,-76.8634
56999,no_incendio,-7.38891296125344,-75.60819465870141
57001,no_incendio,-6.38076556073537,-76.97858606969272
57009,no_incendio,-6.980365789444828,-76.90654360978435
57015,no_incendio,-5.6996412211902,-75.5074681731858
57016,incendio,-8.4964,-76.3679
57021,incendio,-6.0465,-76.276
57024,incendio,-6.9495,-76.4512
57031,no_incendio,-7.367557628064232,-76.4395241338938
57036,no_incendio,-5.936332555331325,-76.83179580754164
57042,incendio,-8.0567,-76.6193
57043,incendio,-8.3437,-76.416
57044,incendio,-8.6823,-76.7891
57049,incendio,-6.743,-76.5272
57050,no_incendio,-5.6355072776323825,-77.05987553143974
57053,incendio,-7.2937,-76.6021
57060,no_incendio,-6.535327617861432,-76.18785766882165
57066,incendio,-5.796,-76.0707
57068,incendio,-7.3567,-76.7669
57070,incendio,-6.8824,-76.5477
57073,incendio,-6.776,-76.1999
57074,no_incendio,-7.278588939327885,-76.4943759510431
57076,incendio,-7.4791,-76.696
57079,incendio,-5.7413,-75.974
57080,no_incendio,-6.546795271979165,-77.13463626494185
57081,incendio,-6.6451,-76.4076
57088,no_incendio,-6.375064281525175,-76.76531716856294
57089,no_incendio,-7.414688922024766,-76.2476866383002
57093,no_incendio,-5.7980276983387755,-76.60461534978732
57094,no_incendio,-7.4333859418143975,-75.94488928476447
57095,incendio,-7.3002,-75.5573
57105,no_incendio,-6.699009805364948,-77.20530585140459
57109,incendio,-6.3319,-77.6781
57115,incendio,-6.0385,-76.2252
57123,incendio,-6.796,-76.1577
57135,incendio,-7.3205,-76.7113
57143,incendio,-6.9649,-76.5182
57148,incendio,-7.5242,-76.5198
57151,incendio,-6.3106,-76.0709
57152,incendio,-6.545,-76.8063
57158,no_incendio,-5.612307081535751,-76.80288819980903
57163,no_incendio,-6.93526933500558,-76.94440022861454
57170,no_incendio,-7.508397223486154,-75.66150958377543
57171,incendio,-7.4431,-76.6955
57174,incendio,-6.7214,-76.7465
57181,incendio,-7.2286,-77.0125
57183,no_incendio,-7.221811632536515,-77.44262630315019
57185,no_incendio,-7.3680402233360685,-75.9380390323052
57192,incendio,-6.9701,-76.0884
57195,no_incendio,-6.461789384490803,-77.24534969872819
57213,no_incendio,-6.044769424983038,-75.50599138370771
57214,incendio,-6.3317,-75.9648
57215,incendio,-6.1981,-76.026
57223,incendio,-7.3788,-76.718
57230,no_incendio,-6.161493803649726,-77.185392683239
57231,no_incendio,-5.6996412211902,-75.5074681731858
57232,incendio,-8.1916,-76.9776
57234,incendio,-6.0235,-76.2863
57235,incendio,-6.7926,-76.2021
57241,incendio,-6.2788,-76.0338
57242,no_incendio,-5.424572995842199,-76.6735765187215
57243,incendio,-6.1521,-76.1435
57246,incendio,-8.5537,-76.5334
57248,incendio,-6.2761,-75.861
57250,no_incendio,-5.815055199872086,-76.00054370091742
57254,no_incendio,-5.531494331119256,-75.68693972870032
57255,no_incendio,-6.806897768294474,-76.17637549858149
57256,no_incendio,-6.6675087326032685,-77.42602403570756
57258,incendio,-7.0322,-76.6875
57264,no_incendio,-5.824960586839608,-76.59374334653756
57267,no_incendio,-6.974678823081742,-77.45775985292939
57268,no_incendio,-7.5702550538704605,-75.67821320807053
57275,no_incendio,-5.572804894965716,-76.96734256320798
57284,no_incendio,-5.780675568523146,-77.4440499191556
57285,no_incendio,-6.5791773780212175,-75.5208242841422
57286,no_incendio,-6.10372793592555,-77.07921750093743
57304,incendio,-7.1472,-76.5284
57309,incendio,-7.1784,-76.6563
57319,incendio,-6.9066,-76.6909
57321,no_incendio,-5.971572498496214,-75.54699515189168
57327,no_incendio,-6.20119371633988,-76.87236267556213
57334,incendio,-8.7052,-76.134
57339,no_incendio,-7.080940596432744,-77.316377811303
57353,incendio,-5.7686,-77.0953
57354,incendio,-7.3171,-76.5688
57359,incendio,-6.2126,-76.2586
57360,no_incendio,-5.77315746853071,-76.36797107270804
57364,incendio,-7.1649,-76.4333
57366,no_incendio,-6.660380391800162,-76.4974881056194
57368,incendio,-6.5973,-76.107
57369,incendio,-7.3057,-76.4296
57372,incendio,-7.434,-76.3933
57374,incendio,-7.3428,-76.3663
57376,no_incendio,-6.937667134670242,-75.79567614590403
57381,incendio,-7.6574,-76.7947
57392,no_incendio,-6.475196466130733,-76.70818383406251
57397,incendio,-5.8304,-76.023
57404,no_incendio,-5.469135651128677,-76.66584024328755
57410,no_incendio,-7.322683908671553,-75.62004317838583
57419,no_incendio,-6.260382263964365,-75.66215989353373
57422,no_incendio,-6.0854129819425,-76.79698741171129
57434,incendio,-6.4483,-76.5045
57436,no_incendio,-5.454661580886559,-77.46777785872058
57443,incendio,-8.4008,-77.6846
57445,incendio,-8.4687,-76.4521
57447,no_incendio,-7.145399618003832,-77.00792044464232
57449,incendio,-5.8329,-76.1864
57461,incendio,-8.449,-76.3048
57464,no_incendio,-6.818883045664746,-77.17747642270048
57468,incendio,-6.6094,-76.0892
57472,incendio,-7.3731,-76.8665
57473,incendio,-8.4109,-76.2713
57478,no_incendio,-7.201796098982287,-75.59066106327278
57480,no_incendio,-7.3045123106112335,-75.99723406684437
57493,incendio,-5.9189,-76.0268
57495,incendio,-6.3937,-76.4796
57496,incendio,-8.1416,-76.5509
57500,no_incendio,-6.882432262080377,-75.90126287963834
57501,incendio,-6.9629,-76.7651
57508,no_incendio,-5.901183537582431,-77.01906915606199
57513,incendio,-6.9588,-76.3489
57517,incendio,-5.7938,-76.3486
57524,no_incendio,-6.4551795764442375,-76.19574642473289
57527,no_incendio,-5.423352355280385,-75.9768451523196
57531,no_incendio,-5.404889796153065,-75.52356189843724
57536,incendio,-8.6665,-76.1171
57541,incendio,-6.185,-75.8884
57542,no_incendio,-7.208517788052751,-77.27726682011853
57547,incendio,-7.3816,-76.5515
57550,no_incendio,-5.73056432169004,-76.88063042787364
57553,no_incendio,-5.315273849835721,-75.96752969040406
57554,no_incendio,-6.5564240987934905,-76.79797957202473
57555,incendio,-6.3745,-76.1083
57557,incendio,-5.3424,-76.7451
57570,incendio,-7.1276,-76.6172
57572,no_incendio,-7.010465391222765,-75.64374453725225
57582,incendio,-7.5679,-76.4994
57586,no_incendio,-6.542256231887758,-76.22236926601508
57588,incendio,-7.4167,-76.4074
57590,incendio,-5.7508,-76.64
57591,no_incendio,-7.291269329879484,-76.54650698845496
57594,incendio,-6.7317,-76.4332
57596,incendio,-6.3021,-75.9035
57604,incendio,-6.1353,-76.2393
57613,incendio,-5.3897,-76.7682
57637,incendio,-6.98,-76.4277
57642,no_incendio,-7.294379319518731,-75.60933586901135
57644,no_incendio,-6.146925317432729,-76.25875565214055
57648,no_incendio,-5.83234820585484,-77.1167119832574
57657,incendio,-6.1475,-76.2024
57658,incendio,-7.2985,-76.6496
57680,no_incendio,-6.163392021425101,-76.6587242460342
57681,no_incendio,-7.147843120370421,-77.31448550971452
57684,incendio,-6.4084,-76.4804
57688,incendio,-7.1358,-76.2196
57696,no_incendio,-6.3402826742912515,-75.67543757743714
57708,incendio,-6.0012,-77.0643
57710,incendio,-6.2562,-75.8593
57712,incendio,-7.4092,-76.6431
57717,incendio,-5.9582,-76.5064
57722,no_incendio,-5.432481694931332,-76.47528675292433
57727,incendio,-7.5546,-76.6911
57728,incendio,-6.3433,-76.4733
57732,incendio,-6.5835,-76.6997
57735,no_incendio,-7.52893790740652,-77.07253517227397
57736,no_incendio,-5.846363398738161,-76.40526766705626
57738,no_incendio,-6.091674894114575,-77.31779067927825
57739,incendio,-8.3656,-76.2757
57742,incendio,-7.3924,-76.4296
57744,incendio,-7.553,-77.471
57749,incendio,-7.1269,-76.5261
57754,incendio,-7.3172,-76.1557
57755,incendio,-7.3087,-77.5623
57757,incendio,-5.3186,-76.3317
57770,incendio,-5.7305,-76.3872
57772,incendio,-7.2441,-76.8073
57774,incendio,-6.7324,-76.1004
57779,incendio,-5.861,-76.0042
57782,incendio,-7.1925,-76.3558
57790,no_incendio,-6.787959079277664,-75.64572689392233
57800,no_incendio,-6.162915042417179,-77.15261169414305
57809,no_incendio,-6.473718077481412,-77.49661278682977
57815,no_incendio,-5.926705485124891,-75.77709994653331
57817,incendio,-8.4567,-76.3125
57825,incendio,-5.9771,-76.2451
57830,no_incendio,-6.18702118811894,-77.34328610788602
57833,no_incendio,-7.143300333347583,-76.01076815200116
57835,incendio,-6.789,-76.3985
57841,incendio,-5.8743,-77.3728
57855,no_incendio,-6.797128032172363,-76.15133853102378
57868,incendio,-5.9773,-76.2247
57873,incendio,-6.5261,-76.9604
57879,no_incendio,-6.980328156805363,-75.58165966551039
57896,incendio,-6.8753,-76.605
57899,no_incendio,-6.4985912391976255,-76.97886285295857
57905,no_incendio,-6.5603093207023875,-76.81459925787705
57906,incendio,-8.1244,-76.6977
57908,incendio,-7.0191,-76.1076
57914,incendio,-5.8583,-76.5587
57925,incendio,-5.8598,-77.4297
57929,incendio,-5.6804,-76.4898
57937,incendio,-6.5721,-77.7188
57938,no_incendio,-6.237634518264563,-76.93733978052377
57955,no_incendio,-5.326931537697329,-77.25175106818679
57969,incendio,-6.827,-76.8294
57973,incendio,-6.8343,-76.8056
57976,no_incendio,-5.8332062747008715,-77.144406205254
57982,incendio,-6.6248,-76.7177
57987,no_incendio,-6.94690710912819,-75.63438003182783
57992,no_incendio,-7.237158680749911,-76.11796356076336
57997,incendio,-7.2631,-76.2591
58000,incendio,-7.2081,-76.8692
58001,no_incendio,-6.86128898258832,-76.74328169561169
58011,incendio,-6.5164,-77.7306
58017,incendio,-7.6236,-76.6382
58018,incendio,-6.5699,-76.5455
58020,incendio,-7.4072,-76.7057
58021,incendio,-6.6036,-76.4713
58027,incendio,-6.1116,-76.1926
58029,no_incendio,-5.971724397201385,-75.87816764029395
58030,no_incendio,-5.637143675477756,-76.46390106880192
58033,no_incendio,-6.796720182530489,-75.69073110670904
58034,no_incendio,-6.234614825176705,-77.3723732006722
58040,incendio,-8.4486,-76.5095
58050,no_incendio,-7.080940596432744,-77.316377811303
58053,incendio,-7.3565,-76.0348
58054,no_incendio,-7.099688871826168,-75.91020418997267
58056,incendio,-7.4758,-76.455
58060,incendio,-6.5991,-76.6601
58064,no_incendio,-7.448422790645704,-75.84545299813023
58068,incendio,-7.2035,-76.4849
58073,no_incendio,-6.4080436516823225,-77.02161843514952
58074,incendio,-8.61,-76.5721
58081,no_incendio,-6.536633754882988,-75.61074686603133
58089,incendio,-6.2884,-76.2391
58095,incendio,-6.1829,-76.4039
58102,incendio,-7.0285,-76.4076
58103,no_incendio,-7.4291899383099445,-76.99344952239323
58111,incendio,-7.1311,-76.3699
58114,no_incendio,-5.894898869067559,-77.35176843132272
58117,no_incendio,-5.8586832152668595,-76.15130829850591
58119,no_incendio,-6.468598557394471,-76.29833017428093
58121,incendio,-5.4826,-76.7582
58122,incendio,-5.8975,-75.9307
58124,incendio,-6.112,-77.2157
58125,incendio,-7.403,-76.6796
58127,incendio,-7.961,-76.7334
58129,no_incendio,-7.000185157265019,-76.24279253564121
58133,incendio,-7.4209,-76.62
58136,no_incendio,-7.597875070160168,-76.24368895263702
58139,incendio,-7.2478,-76.0737
58140,no_incendio,-6.440107687486793,-76.71961125303099
58144,incendio,-8.7234,-76.2609
58151,no_incendio,-7.516029592309847,-76.17814319860955
58155,incendio,-8.6339,-76.2854
58160,incendio,-6.0908,-76.4343
58161,incendio,-8.1499,-76.6828
58179,incendio,-6.2336,-75.9283
58182,incendio,-6.1432,-76.1502
58184,no_incendio,-7.345060499544703,-77.11825976617006
58187,no_incendio,-6.154726709997222,-75.55076367684507
58195,incendio,-7.3807,-76.5102
58196,no_incendio,-6.9256501234330665,-77.07157879837493
58200,incendio,-5.8747,-77.7801
58202,incendio,-6.2375,-77.6682
58208,no_incendio,-5.423352355280385,-75.9768451523196
58209,no_incendio,-5.461372149282843,-77.4223608733987
58212,no_incendio,-5.588466979788065,-76.18717580992774
58224,no_incendio,-5.3699868320408415,-75.54453001162278
58229,no_incendio,-6.271617281791801,-76.2353167311132
58231,incendio,-7.3087,-76.8143
58232,no_incendio,-7.5964500853796,-76.68614160369373
58238,no_incendio,-6.7528370184185675,-75.79463738047077
58246,incendio,-6.3142,-75.9241
58247,no_incendio,-7.537264707596327,-76.77993123452514
58249,incendio,-6.2573,-77.2368
58253,incendio,-7.5005,-76.4505
58264,no_incendio,-6.6817259124413635,-75.77879648666988
58280,incendio,-7.2311,-76.0467
58289,no_incendio,-6.758060268510353,-77.51884776551792
58292,incendio,-7.0319,-76.5531
58294,incendio,-8.1422,-76.5738
58295,incendio,-6.6005,-76.7886
58301,incendio,-6.2349,-76.1088
58308,no_incendio,-5.734144568873576,-75.90585662556418
58310,incendio,-6.8803,-76.5339
58312,incendio,-6.4248,-76.6347
58314,incendio,-5.7831,-77.4359
58323,no_incendio,-5.607428760846163,-75.61638280541105
58335,incendio,-7.0167,-76.9421
58339,incendio,-5.8163,-76.3906
58340,no_incendio,-6.162915042417179,-77.15261169414305
58341,no_incendio,-7.486384119244431,-77.33522717320785
58346,incendio,-6.28,-75.9444
58349,incendio,-6.6546,-76.7087
58368,incendio,-6.3339,-75.6822
58371,no_incendio,-7.124526948992974,-75.69099174784184
58373,no_incendio,-5.364892363396528,-76.8599043565554
58375,incendio,-5.8792,-77.2502
58376,no_incendio,-7.502845115494379,-76.45758833661111
58394,incendio,-8.1567,-76.5252
58396,no_incendio,-6.925307344468632,-76.89098262738764
58397,incendio,-6.216,-76.2269
58403,incendio,-7.7533,-76.5057
58406,no_incendio,-7.593724484851976,-77.34754973911781
58407,incendio,-8.3184,-76.7071
58421,no_incendio,-6.010451782777754,-76.65548557621318
58424,no_incendio,-5.987623594847527,-77.50895445827787
58429,no_incendio,-6.191285072180344,-75.97348634249272
58439,incendio,-7.5905,-76.5101
58441,incendio,-7.146,-76.493
58443,no_incendio,-6.742797209348308,-75.63057425829132
58445,incendio,-7.1581,-76.5771
58450,incendio,-7.3412,-76.5808
58455,incendio,-7.299,-76.1414
58457,no_incendio,-7.2237762907302,-75.57516855360699
58459,incendio,-6.1211,-76.1736
58463,incendio,-5.8818,-76.0403
58465,no_incendio,-5.849265187399489,-77.52081578278697
58470,no_incendio,-6.664383213747135,-77.16631140190985
58477,no_incendio,-5.991245342520768,-75.64023187612118
58481,incendio,-7.5522,-76.4029
58486,no_incendio,-6.594359651694001,-75.81359177197494
58487,no_incendio,-5.83983548332399,-77.3596154335897
58495,no_incendio,-6.469524270312644,-76.04017356223993
58499,incendio,-6.9223,-76.6633
58500,incendio,-6.4888,-76.3621
58503,incendio,-7.0908,-76.1324
58504,incendio,-8.4762,-76.2373
58515,incendio,-7.2471,-76.7104
58520,incendio,-6.1664,-76.0002
58521,incendio,-6.8169,-76.8979
58523,incendio,-7.439,-76.5857
58526,incendio,-6.1347,-75.7089
58528,no_incendio,-6.4535066542887805,-75.68187662159364
58531,no_incendio,-7.371926664770868,-77.38249391708561
58536,no_incendio,-7.3383676381877665,-77.39694154174633
58542,incendio,-6.1338,-77.1769
58543,incendio,-6.1336,-76.0049
58546,incendio,-6.6381,-76.7573
58550,incendio,-6.3197,-76.1979
58552,no_incendio,-5.49005851410074,-77.39191865885853
58554,incendio,-7.2073,-76.8738
58558,incendio,-6.465,-75.8116
58563,no_incendio,-7.4685281169836575,-76.45982142340358
58577,no_incendio,-5.875159377973664,-77.1185525314163
58578,incendio,-6.3843,-76.8446
58579,no_incendio,-6.837388041019548,-77.0882269714977
58582,no_incendio,-7.384008271248504,-77.19420546410333
58591,incendio,-6.5469,-76.7934
58593,no_incendio,-6.677016361068433,-76.35596462138518
58597,no_incendio,-7.560257578514154,-75.8825568546828
58600,no_incendio,-7.377051275028038,-75.93975534182488
58606,no_incendio,-5.95558763459201,-75.58088985962372
58608,no_incendio,-6.376048501437837,-77.12747027240657
58610,no_incendio,-6.252480366224789,-76.488140203218
58615,incendio,-6.6531,-77.3562
58617,no_incendio,-6.536633754882988,-75.61074686603133
58620,no_incendio,-7.489751819531982,-75.96573533227652
58624,incendio,-7.5432,-76.7461
58630,incendio,-6.1116,-76.1631
58639,incendio,-8.6517,-76.4271
58648,incendio,-7.2491,-76.7277
58651,no_incendio,-7.191225918716162,-75.54734215721196
58655,no_incendio,-6.949882284574706,-75.68273295602192
58669,incendio,-7.2999,-76.4772
58682,incendio,-5.841,-77.1726
58683,incendio,-6.8707,-76.592
58685,no_incendio,-6.833720284532176,-77.09053083344739
58686,incendio,-5.8322,-76.3086
58689,no_incendio,-5.300946297144839,-75.60535100286195
58690,no_incendio,-6.884683844966387,-77.48590774056447
58691,incendio,-5.9838,-75.9421
58694,no_incendio,-5.592011294671137,-75.99975689195666
58698,incendio,-7.3401,-76.5907
58712,incendio,-7.3013,-76.8207
58721,incendio,-6.3578,-76.7298
58736,no_incendio,-6.061679877354346,-76.10414263000189
58749,incendio,-8.5121,-76.4075
58752,incendio,-6.844,-76.4207
58759,no_incendio,-6.269350897351528,-76.17554961545872
58761,incendio,-7.0557,-76.2723
58772,no_incendio,-5.855822399079694,-75.69747959221154
58780,no_incendio,-6.530680448143941,-77.14936961816767
58782,incendio,-8.3109,-76.6337
58786,incendio,-7.5538,-76.5036
58792,incendio,-7.3508,-76.6135
58798,incendio,-7.3866,-76.5552
58801,no_incendio,-5.775752820945428,-75.77309666724678
58804,incendio,-6.9474,-76.1894
58806,incendio,-7.119,-76.1407
58808,incendio,-7.8879,-76.6926
58809,incendio,-6.5344,-76.7474
58819,incendio,-6.5643,-76.2868
58820,no_incendio,-6.823512194602855,-76.05631689166178
58834,incendio,-6.7578,-76.6145
58835,no_incendio,-7.26944697761503,-76.97064413485722
58836,incendio,-5.9344,-77.1652
58841,incendio,-7.2977,-76.0902
58843,no_incendio,-5.807568980791382,-75.59957931060934
58844,incendio,-6.2553,-76.6938
58845,incendio,-7.5336,-76.7363
58847,incendio,-6.9901,-76.6199
58848,no_incendio,-6.470561948843736,-76.94393330664495
58850,no_incendio,-7.221811632536515,-77.44262630315019
58856,no_incendio,-7.143611941895854,-76.83926289395374
58857,no_incendio,-7.45728200774953,-76.98588787498541
58859,incendio,-8.5593,-76.3261
58867,incendio,-7.096,-76.9031
58868,incendio,-6.9754,-76.4684
58869,no_incendio,-5.607896245919547,-76.37910922472966
58872,incendio,-5.928,-76.197
58875,incendio,-6.0628,-76.1342
58882,incendio,-5.6641,-76.6355
58888,no_incendio,-7.047404652384161,-75.9921217029406
58894,incendio,-5.9017,-75.9343
58895,incendio,-6.6909,-76.6688
58906,no_incendio,-7.3912095148136645,-77.03017853882585
58908,incendio,-6.2024,-76.8812
58910,incendio,-7.6854,-76.473
58915,no_incendio,-5.930404217360228,-76.53983487852608
58924,no_incendio,-7.396293728832261,-76.90325278525978
58930,incendio,-5.8437,-76.1858
58931,incendio,-6.0412,-76.3233
58933,incendio,-5.8392,-77.3038
58934,incendio,-6.0844,-76.3572
58935,incendio,-7.4379,-76.6891
58940,no_incendio,-5.839270188717535,-77.49668062311541
58959,incendio,-6.1433,-76.8867
58961,no_incendio,-7.124526948992974,-75.69099174784184
58963,no_incendio,-6.419675876236263,-76.64489280604421
58966,no_incendio,-5.943086820538844,-77.20310189012812
58975,incendio,-7.6521,-76.6192
58983,incendio,-7.5058,-76.5495
58984,no_incendio,-6.425556209293201,-75.70279330371295
58986,no_incendio,-6.994018548876931,-77.44340810717631
58988,no_incendio,-5.68462514388274,-76.77383589546262
58993,incendio,-7.4343,-76.5565
58994,no_incendio,-7.426285004692227,-76.55235970604326
58995,incendio,-6.684,-76.6162
59008,no_incendio,-5.306306841629591,-77.15046908916776
59014,incendio,-6.9326,-76.7412
59016,incendio,-8.2508,-76.3164
59023,no_incendio,-5.393627530051222,-76.7881303458327
59027,incendio,-5.6393,-76.6905
59036,incendio,-6.6502,-76.4414
59040,incendio,-6.8774,-76.8021
59043,incendio,-6.7488,-76.1215
59046,no_incendio,-6.880264689541971,-77.33984954598883
59047,no_incendio,-7.508226717447944,-76.74892470083597
59051,no_incendio,-6.380793727295641,-76.36283674136891
59054,incendio,-7.7098,-76.7351
59063,no_incendio,-6.139224623753688,-76.40308726211332
59065,no_incendio,-6.461789384490803,-77.24534969872819
59073,no_incendio,-5.807568980791382,-75.59957931060934
59088,no_incendio,-5.8418090063734045,-77.13859458576027
59091,no_incendio,-6.380793727295641,-76.36283674136891
59098,no_incendio,-5.326540128955467,-75.8192880237214
59100,incendio,-7.5507,-76.4169
59101,no_incendio,-7.217722844984081,-77.2235426849214
59104,no_incendio,-7.299495014578471,-76.02669026239053
59105,incendio,-7.0961,-77.6771
59106,incendio,-6.83,-76.7958
59114,incendio,-6.2997,-75.8021
59118,incendio,-6.4335,-76.4063
59119,incendio,-5.8074,-76.0449
59121,incendio,-6.3649,-76.7067
59127,incendio,-7.137,-76.4943
59143,no_incendio,-7.299495014578471,-76.02669026239053
59145,incendio,-5.8408,-76.5365
59153,incendio,-6.4921,-76.365
59155,incendio,-7.0983,-76.4038
59161,incendio,-6.3136,-76.6578
59163,no_incendio,-6.061517131296685,-76.40854652459227
59171,incendio,-7.0168,-76.7169
59174,incendio,-7.4248,-76.7259
59183,no_incendio,-7.292676783205119,-75.82456526450503
59184,no_incendio,-6.230021779466632,-76.57667653530646
59185,no_incendio,-6.339520872179224,-76.81899067100204
59189,no_incendio,-5.89201477503853,-77.2682101013539
59192,incendio,-6.5739,-76.0638
59201,incendio,-6.4378,-75.7346
59202,incendio,-7.1755,-76.278
59204,incendio,-6.1385,-76.1347
59209,incendio,-6.7187,-76.8059
59210,no_incendio,-6.931342706605391,-77.24005682830844
59212,no_incendio,-5.919068188390441,-77.36605426382134
59215,incendio,-7.0042,-76.8771
59221,no_incendio,-5.41517785771272,-76.05115692097354
59223,no_incendio,-6.671769405587168,-77.2003294261131
59224,incendio,-6.1376,-76.127
59232,no_incendio,-5.882916892819359,-76.86515934904114
59250,no_incendio,-6.971818693744163,-76.01229344920435
59253,incendio,-5.9457,-76.108
59255,no_incendio,-5.62794321017974,-76.97851232659868
59256,no_incendio,-6.2888093914419265,-77.49498781950011
59260,incendio,-8.5787,-76.1392
59261,no_incendio,-5.7532005563442,-76.81683301115936
59262,incendio,-7.5921,-76.4066
59264,no_incendio,-6.421249722496318,-77.04956463628945
59266,no_incendio,-6.8812608532922095,-77.14870823308875
59272,incendio,-8.4836,-76.2276
59273,no_incendio,-7.583028139538337,-75.69881965938345
59282,incendio,-6.2669,-75.6204
59283,incendio,-8.3383,-76.5783
59287,incendio,-7.0865,-76.6824
59288,incendio,-7.1096,-76.3559
59290,no_incendio,-6.339520872179224,-76.81899067100204
59291,incendio,-6.2103,-76.1574
59293,no_incendio,-6.616039268330141,-77.35690054867337
59307,incendio,-5.7237,-76.1688
59319,incendio,-7.463,-76.5646
59331,no_incendio,-5.364004538303699,-76.51587462337326
59332,no_incendio,-6.961563570088446,-77.02222304631809
59339,no_incendio,-6.082418461874669,-76.27878687106944
59341,no_incendio,-6.129131664861193,-76.45649977733511
59342,no_incendio,-6.812990607089626,-75.70820307560577
59343,incendio,-6.5062,-76.5546
59347,incendio,-6.3403,-76.0714
59348,no_incendio,-6.738442276906446,-76.26128977675305
59354,incendio,-6.0065,-76.2823
59368,no_incendio,-7.284463966351714,-76.84480226943248
59369,no_incendio,-7.391919899350189,-76.53710558307176
59370,incendio,-7.0421,-76.1908
59371,incendio,-7.3232,-76.27
59375,no_incendio,-6.061127541678445,-77.3300358732125
59376,no_incendio,-5.880891988248802,-77.50381327072611
59377,incendio,-6.3816,-76.4934
59380,no_incendio,-7.212746042883999,-76.23580517242253
59381,incendio,-7.318,-76.5651
59382,incendio,-6.9404,-76.5487
59384,incendio,-5.6596,-76.6264
59387,incendio,-6.8227,-76.0772
59391,incendio,-6.8064,-76.2222
59403,incendio,-5.8556,-76.1841
59407,incendio,-6.7021,-76.7051
59410,incendio,-8.1834,-76.9746
59412,incendio,-5.969,-75.9052
59415,incendio,-6.5665,-76.7332
59419,no_incendio,-7.259025792408945,-76.1069982504593
59423,no_incendio,-5.9969306066925245,-75.59395245076587
59425,no_incendio,-6.269350897351528,-76.17554961545872
59426,incendio,-6.1376,-76.152
59433,no_incendio,-5.335389403596253,-76.01475499828726
59435,no_incendio,-5.533837838145786,-75.72558753064112
59437,incendio,-7.3907,-76.4045
59447,no_incendio,-6.87454750287368,-76.95714014507665
59450,incendio,-5.8967,-76.1182
59455,no_incendio,-5.733329701316475,-76.97970479241751
59458,no_incendio,-7.488895468406661,-77.22046866095448
59460,incendio,-5.751,-76.2351
59471,incendio,-7.7756,-76.693
59479,incendio,-7.541,-76.4066
59480,no_incendio,-5.662370106905432,-77.07535731755083
59482,no_incendio,-7.6003471250061425,-76.18857699535684
59490,incendio,-7.3291,-76.7349
59493,incendio,-6.238,-76.7066
59495,incendio,-6.2692,-76.7128
59502,incendio,-6.7183,-76.2736
59505,no_incendio,-5.691367325953232,-76.91174291210852
59506,no_incendio,-5.463870053471811,-75.65012298252523
59518,no_incendio,-7.311847282906321,-76.59060620233514
59528,no_incendio,-7.500619459820059,-77.36318050509186
59529,incendio,-7.1383,-76.8047
59530,no_incendio,-6.617504610391747,-77.25647472773994
59531,incendio,-8.4116,-76.7487
59533,incendio,-5.8003,-77.2847
59534,incendio,-7.27,-76.8361
59545,incendio,-6.092,-77.2406
59552,incendio,-5.7414,-76.4287
59556,incendio,-7.4779,-76.5792
59559,incendio,-6.5838,-76.4516
59565,no_incendio,-7.332916187784927,-76.99914864296008
59567,no_incendio,-6.323745703888591,-76.07826663303581
59569,incendio,-8.1558,-76.6506
59570,incendio,-5.8514,-77.1688
59571,no_incendio,-7.195118276412429,-75.87773973651454
59572,no_incendio,-7.560257578514154,-75.8825568546828
59580,no_incendio,-6.146925317432729,-76.25875565214055
59582,incendio,-5.6972,-75.9024
59592,incendio,-6.2008,-76.0914
59597,incendio,-7.4816,-76.4553
59598,incendio,-8.6271,-76.2776
59608,incendio,-5.984,-76.1132
59609,no_incendio,-5.959481938609148,-77.35681272469573
59613,incendio,-6.2521,-76.087
59619,incendio,-6.3812,-75.891
59620,incendio,-5.9518,-75.8712
59628,no_incendio,-5.348479960720765,-76.73008143184053
59630,incendio,-7.3263,-76.3322
59633,no_incendio,-6.1464831206689965,-77.21946152659409
59645,no_incendio,-7.381225768944467,-76.16930082038664
59648,no_incendio,-7.465611055003252,-76.84521972476566
59650,no_incendio,-5.4560539889311706,-76.17543571338655
59652,incendio,-8.5928,-76.3001
59662,incendio,-8.1697,-77.0385
59667,no_incendio,-6.66782718852246,-77.11974959426693
59670,incendio,-7.0195,-76.9436
59674,no_incendio,-7.0852919010703905,-76.44513634305123
59675,incendio,-6.1034,-76.8868
59688,incendio,-6.9914,-76.8879
59689,no_incendio,-6.9177745399597805,-77.27712831962272
59691,no_incendio,-5.8091800479019735,-77.2012977286717
59704,incendio,-7.2704,-76.3668
59709,incendio,-7.5641,-76.3897
59723,incendio,-7.2269,-76.6503
59728,incendio,-6.3329,-76.6702
59733,no_incendio,-5.702364736345534,-76.72144500150783
59735,incendio,-6.8503,-76.5047
59736,no_incendio,-7.412957121399091,-77.21617404571616
59740,incendio,-6.3097,-76.6989
59742,incendio,-7.1197,-76.3216
59750,incendio,-7.4041,-76.8654
59752,incendio,-7.8832,-76.7352
59763,no_incendio,-6.991300272279587,-76.75580323161067
59766,incendio,-5.9588,-76.1129
59775,incendio,-6.7552,-76.157
59778,no_incendio,-6.377187733554232,-75.74684740899566
59785,incendio,-6.1168,-76.1602
59796,incendio,-7.1688,-76.6305
59797,incendio,-7.0484,-76.5864
59801,incendio,-5.7564,-77.3178
59802,incendio,-5.8396,-75.9418
59803,no_incendio,-6.733687512476174,-75.74855689788478
59811,incendio,-7.329,-76.4539
59820,no_incendio,-7.3828581911388165,-75.8721549637632
59823,no_incendio,-5.393926083579098,-77.3710588373999
59829,no_incendio,-7.261878534754229,-75.78596746234152
59830,incendio,-6.7014,-76.5047
59835,incendio,-7.1718,-76.3452
59848,incendio,-7.5527,-76.4399
59850,incendio,-6.26,-77.0436
59859,incendio,-6.6836,-75.5973
59860,no_incendio,-6.545436147892791,-76.30829128869237
59861,incendio,-8.2883,-76.5345
59864,incendio,-7.2672,-76.7815
59868,incendio,-5.7263,-76.1946
59869,incendio,-7.2044,-76.3728
59876,no_incendio,-6.5564240987934905,-76.79797957202473
59877,no_incendio,-6.3280159994888185,-76.39673641063581
59880,incendio,-7.0397,-76.2485
59882,incendio,-7.0982,-76.4119
59887,no_incendio,-6.770535932670912,-77.17143392593205
59888,no_incendio,-6.9335165366157545,-76.90717664275962
59890,incendio,-8.3063,-76.6379
59893,incendio,-7.4244,-76.3942
59898,incendio,-6.639,-76.5878
59904,no_incendio,-6.940699761996049,-76.26181884160466
59905,no_incendio,-5.987623594847527,-77.50895445827787
59909,no_incendio,-5.374155680654134,-76.14052405499798
59910,no_incendio,-5.525266717128592,-75.70624108601852
59913,no_incendio,-7.447641034854349,-75.90762090121981
59915,no_incendio,-5.703527630485487,-76.04599898833253
59927,no_incendio,-7.076017752800738,-75.91978389352657
59937,incendio,-6.2601,-76.1196
59950,incendio,-6.9043,-76.6732
59952,no_incendio,-5.603013181516009,-76.25847933744605
59958,incendio,-5.7133,-77.5139
59962,incendio,-6.8382,-76.244
59976,incendio,-7.5635,-76.198
59978,incendio,-8.3402,-76.7246
59982,incendio,-8.1657,-76.6335
59988,no_incendio,-5.532392079747417,-76.92136640270547
59993,no_incendio,-6.135227462144194,-76.4855793054628
59998,incendio,-5.7912,-77.1743
60005,no_incendio,-5.403821247036303,-76.32388095777216
60016,no_incendio,-6.25350724604799,-77.4340170352428
60017,incendio,-5.7944,-77.4462
60023,no_incendio,-6.2190640726250495,-76.93105958473025
60032,no_incendio,-5.572804894965716,-76.96734256320798
60034,no_incendio,-7.552000736404346,-77.05977682552361
60037,no_incendio,-6.808753435004469,-75.58127871175964
60043,incendio,-7.0561,-76.1191
60049,no_incendio,-5.916934623864143,-76.40108482987945
60053,no_incendio,-7.36388011313037,-77.4640263849402
60055,no_incendio,-5.444716599482646,-75.83682474093726
60059,incendio,-7.1321,-76.5717
60066,no_incendio,-7.267527749331178,-76.00258934511766
60071,incendio,-5.8867,-76.0407
60078,incendio,-7.1161,-76.0821
60094,incendio,-5.8321,-77.091
60096,incendio,-8.5827,-76.1491
60097,no_incendio,-6.310252900156727,-75.63690302476967
60107,no_incendio,-5.530786000980501,-76.91418709127078
60110,no_incendio,-7.592937213039827,-76.3910934505804
60114,incendio,-6.7335,-76.8293
60115,incendio,-8.3102,-77.3473
60119,incendio,-7.0899,-76.1063
60121,incendio,-6.6824,-76.7095
60126,no_incendio,-6.012390103585068,-77.46665184846529
60131,incendio,-5.3195,-76.7999
60135,no_incendio,-7.381225768944467,-76.16930082038664
60153,no_incendio,-5.7006314608305315,-76.5774762709844
60154,no_incendio,-6.348815001844065,-75.62878823200789
60155,incendio,-7.551,-76.4155
60162,no_incendio,-5.561294814825637,-75.74902836133377
60163,incendio,-6.4903,-76.3672
60164,no_incendio,-5.504024274503536,-76.47223087280436
60166,no_incendio,-6.603103679284163,-76.5352543472929
60173,no_incendio,-7.4500171761306255,-77.030145813453
60181,incendio,-6.9737,-76.8181
60183,incendio,-7.3674,-76.6498
60190,incendio,-8.7175,-76.9527
60191,incendio,-6.6845,-76.5147
60203,no_incendio,-6.370500555903968,-77.21187079190732
60208,no_incendio,-6.9422117979050695,-77.32253174388707
60213,incendio,-7.4123,-76.5665
60216,no_incendio,-5.846023239980903,-75.59058432825728
60221,incendio,-8.3401,-76.5821
60223,incendio,-6.0888,-75.9529
60224,no_incendio,-7.511017054186108,-77.44217334143556
60229,incendio,-5.4258,-75.835
60230,no_incendio,-7.263705379465793,-77.32787830995856
60234,incendio,-5.7406,-76.1458
60239,incendio,-7.0657,-76.7977
60240,incendio,-5.7513,-76.4505
60241,no_incendio,-5.397648721010737,-76.34314573163867
60250,incendio,-7.4893,-76.4857
60253,incendio,-6.7895,-76.6093
60256,no_incendio,-5.543275857949961,-76.36401463997392
60267,incendio,-6.7621,-76.2093
60268,no_incendio,-6.360714337530349,-76.51313445356357
60278,no_incendio,-5.588466979788065,-76.18717580992774
60280,incendio,-6.6676,-76.6734
60281,incendio,-6.0611,-77.2488
60283,incendio,-6.2618,-75.8375
60288,no_incendio,-6.961563570088446,-77.02222304631809
60289,no_incendio,-7.199216978961617,-75.9477990392911
60293,incendio,-6.0184,-75.9212
60294,no_incendio,-6.832250558370159,-76.20474853380588
60299,incendio,-7.1975,-77.6912
60304,no_incendio,-7.156566202951519,-76.39767455117727
60306,incendio,-6.4784,-76.4415
60311,incendio,-7.024,-76.6726
60313,incendio,-7.4102,-76.8401
60316,no_incendio,-5.5978889160107626,-76.86708534486174
60323,incendio,-6.8695,-76.1286
60332,no_incendio,-7.468820255868223,-76.21884389702247
60344,incendio,-6.7827,-76.4121
60348,no_incendio,-6.831471934568246,-75.7875932896481
60356,no_incendio,-7.181016545835497,-77.14662187463146
60367,no_incendio,-6.922488599265936,-77.20347324801959
60370,incendio,-5.7726,-77.4049
60375,incendio,-7.5923,-76.4942
60376,no_incendio,-5.7006314608305315,-76.5774762709844
60377,incendio,-6.2057,-77.7904
60389,incendio,-5.9983,-77.7472
60394,incendio,-6.7698,-76.714
60399,no_incendio,-6.110977096163155,-77.0520623179512
60403,incendio,-7.0448,-76.1954
60406,no_incendio,-6.634686692730256,-75.5796876028018
60410,no_incendio,-7.122938851987355,-76.92917682268381
60421,no_incendio,-6.534406684076978,-76.00352237296187
60424,incendio,-7.1508,-77.5795
60425,incendio,-7.5769,-76.5086
60426,incendio,-8.5833,-76.5536
60431,no_incendio,-5.5904160018413185,-75.95967696851481
60436,incendio,-5.8829,-75.8851
60451,incendio,-6.6567,-76.4766
60453,no_incendio,-7.562840840503951,-75.66286053205432
60457,incendio,-5.9303,-77.7456
60463,no_incendio,-6.370500555903968,-77.21187079190732
60468,no_incendio,-5.871232465142917,-76.52596915622884
60470,no_incendio,-6.953964765279714,-77.26246463391935
60478,incendio,-7.3561,-76.557
60480,incendio,-7.4042,-76.5503
60485,incendio,-6.8261,-76.8286
60486,no_incendio,-5.89446781447664,-77.22849214912743
60487,incendio,-5.8805,-76.2919
60488,incendio,-7.9894,-76.6586
60490,no_incendio,-5.384324497906241,-76.81955746951022
60499,incendio,-7.5041,-76.5679
60501,incendio,-7.2269,-76.6207
60510,incendio,-6.7083,-76.4011
60514,incendio,-7.3423,-76.2349
60518,no_incendio,-6.825057480379352,-77.49883680928833
60519,incendio,-6.4243,-75.9437
60521,no_incendio,-5.748428283636171,-75.60096771532396
60523,incendio,-7.0832,-77.5301
60525,no_incendio,-6.599702785570768,-77.42370077864948
60526,no_incendio,-6.30791982416226,-77.35125522509678
60528,incendio,-8.5027,-76.4146
60531,no_incendio,-5.879613359801567,-75.64585304449614
60537,incendio,-7.9413,-75.5529
60541,incendio,-7.4662,-76.59
60542,no_incendio,-5.829668681149241,-76.34423254304822
60547,incendio,-8.2997,-76.5585
60548,incendio,-5.7352,-76.1962
60561,no_incendio,-7.489751819531982,-75.96573533227652
60562,incendio,-6.9257,-76.7808
60566,no_incendio,-6.324852338083002,-77.32158487709337
60568,incendio,-5.7196,-76.1797
60569,no_incendio,-7.059198382146936,-75.77593999522976
60574,incendio,-6.8629,-76.5762
60576,no_incendio,-5.9729308547052575,-77.19584889522876
60577,no_incendio,-6.081693229189671,-76.04554760839422
60579,incendio,-6.1217,-76.11
60580,incendio,-6.1356,-76.3125
60597,incendio,-6.2696,-76.7513
60600,incendio,-8.6969,-76.8209
60603,incendio,-7.0548,-76.7994
60613,no_incendio,-5.323979357908248,-75.76496426046252
60619,incendio,-6.1872,-75.8354
60624,incendio,-5.9584,-76.2493
60629,incendio,-6.0884,-75.9598
60646,no_incendio,-6.905350281771543,-75.85773993313076
60648,incendio,-5.751,-76.2369
60651,incendio,-8.5888,-76.2762
60655,incendio,-7.3183,-76.7229
60656,incendio,-5.7353,-76.0577
60657,incendio,-6.6885,-76.4452
60663,no_incendio,-5.431391280919102,-75.58519659503115
60665,incendio,-6.6212,-76.5989
60671,no_incendio,-5.955706826060275,-77.52353123807491
60673,incendio,-6.5997,-76.6501
60675,no_incendio,-5.925744830854394,-76.62635370808266
60693,incendio,-5.6156,-75.9019
60695,no_incendio,-5.9787702159042375,-76.39270327711898
60705,incendio,-6.7277,-76.4127
60713,incendio,-5.7745,-77.4463
60722,no_incendio,-6.342272331916268,-77.0355540401251
60724,incendio,-6.5638,-76.4089
60732,no_incendio,-5.634222890340759,-76.43789808900263
60735,no_incendio,-5.37157572156011,-76.66234225426679
60736,no_incendio,-7.263705379465793,-77.32787830995856
60738,no_incendio,-5.413750833598563,-75.87946450439262
60743,incendio,-8.4703,-76.4796
60749,no_incendio,-6.726577938090313,-76.92865414529734
60759,incendio,-7.3358,-76.5755
60765,incendio,-6.1567,-76.3935
60767,no_incendio,-7.301346263959235,-76.9768322825311
60768,no_incendio,-5.455465993485473,-76.16419328270247
60774,no_incendio,-7.423279850513975,-76.1929127649397
60779,no_incendio,-6.580708866740203,-77.30463518466154
60788,no_incendio,-7.327169653945901,-75.96963671647885
60791,incendio,-7.4571,-76.5358
60797,no_incendio,-5.304216028521146,-77.22955638933952
60802,incendio,-5.8508,-75.9957
60805,incendio,-7.4747,-76.6898
60806,incendio,-6.9297,-76.9142
60809,no_incendio,-6.871083272493799,-75.76930140332634
60810,no_incendio,-6.741427767846081,-75.52300413513564
60819,no_incendio,-6.721818890646596,-76.25717682869612
60837,no_incendio,-7.530943089944216,-75.61039209936172
60842,incendio,-6.1205,-76.126
60844,incendio,-6.1287,-76.1643
60852,no_incendio,-6.395505819847665,-76.99761432969862
60859,incendio,-6.243,-76.155
60862,no_incendio,-6.6308882191110055,-76.3915553322726
60863,no_incendio,-7.3226422677593845,-76.0064093237638
60866,incendio,-7.1908,-76.2996
60880,no_incendio,-6.777084363074236,-76.9625637860872
60883,incendio,-5.6988,-76.4182
60886,incendio,-6.1625,-76.3063
60889,no_incendio,-6.271617281791801,-76.2353167311132
60892,no_incendio,-6.272889262540646,-77.34340996973071
60897,no_incendio,-7.158262650594558,-76.17139715257736
60898,incendio,-5.8901,-77.1351
60899,incendio,-7.577,-76.705
60900,no_incendio,-6.325765977825784,-76.5205147871752
60902,incendio,-8.7702,-76.199
60904,incendio,-6.6809,-76.6868
60906,no_incendio,-7.146199438472306,-75.63802434726938
60907,incendio,-6.7154,-77.3082
60918,incendio,-6.3365,-77.5231
60919,no_incendio,-5.622162432874228,-76.70501966558531
60922,incendio,-5.749,-77.3514
60924,incendio,-7.4144,-76.5732
60927,no_incendio,-6.308716369141198,-75.7579038479895
60929,no_incendio,-5.334479044366705,-77.48777820988575
60936,incendio,-6.1791,-76.3404
60939,no_incendio,-5.46295343513328,-75.95414593487065
60947,incendio,-7.209,-76.8992
60949,no_incendio,-7.062719614900722,-75.90547044520231
60950,no_incendio,-6.7911860867707,-76.3184609362465
60951,no_incendio,-6.699009805364948,-77.20530585140459
60953,incendio,-7.0124,-76.5828
60955,no_incendio,-7.43096053916798,-75.91112977240851
60966,incendio,-5.9702,-76.2
60969,incendio,-6.2626,-76.0869
60970,no_incendio,-5.62776239327014,-77.48408133634722
60973,no_incendio,-6.702659611656615,-77.00358407805038
60977,no_incendio,-7.257884674103633,-77.06798922780067
60979,no_incendio,-5.451597714525489,-77.32234997673201
60983,incendio,-7.4791,-76.4775
60987,no_incendio,-5.60683404112794,-77.27867668965091
60988,no_incendio,-5.465881437617145,-76.83346258647516
60994,no_incendio,-6.525952464139444,-76.13787075319888
61001,incendio,-8.3409,-76.2733
61003,incendio,-6.0971,-76.2329
61004,no_incendio,-6.682240904919321,-76.14970898536502
61008,incendio,-6.2473,-76.044
61011,incendio,-6.9186,-76.7032
61013,no_incendio,-7.442180034070876,-75.92683774273232
61017,no_incendio,-5.8091800479019735,-77.2012977286717
61025,incendio,-6.5619,-76.2692
61048,incendio,-8.2951,-76.434
61057,no_incendio,-5.569659951211905,-77.11401128748476
61061,incendio,-6.6508,-76.0899
61063,incendio,-7.6838,-76.4898
61068,incendio,-6.0417,-75.9347
61073,no_incendio,-7.110610391202952,-75.57270966365749
61078,incendio,-7.298,-76.4847
61082,incendio,-7.0719,-77.0676
61088,incendio,-7.6317,-76.6186
61090,incendio,-8.746,-76.2851
61105,no_incendio,-6.308143679517888,-75.54381617905881
61107,incendio,-5.8848,-76.3549
61122,no_incendio,-6.08674868659818,-77.38664384875209
61123,no_incendio,-5.759511577701185,-76.14983081507849
61127,incendio,-6.9735,-77.7024
61128,no_incendio,-6.890142536767722,-76.21093731168023
61132,incendio,-7.1045,-76.244
61136,incendio,-8.3978,-76.4639
61145,no_incendio,-7.179164728014299,-77.26673458504925
61149,incendio,-5.6921,-76.4606
61156,no_incendio,-6.886318678721428,-75.69795842959347
61159,incendio,-8.4181,-76.2722
61162,no_incendio,-6.253873442293271,-77.4856518253099
61165,incendio,-5.7401,-76.4192
61167,no_incendio,-6.1922155906112035,-75.54995561422898
61169,incendio,-6.8877,-76.7933
61174,incendio,-5.5373,-75.8862
61179,incendio,-6.5574,-76.596
61181,incendio,-6.1654,-76.0693
61182,incendio,-7.0636,-76.1073
61185,incendio,-6.8476,-76.5748
61203,no_incendio,-6.146020638711784,-75.61071933850509
61206,no_incendio,-6.456445234793438,-77.37382860861014
61207,no_incendio,-5.609318574866824,-76.18227826181767
61210,incendio,-5.7297,-76.3921
61215,no_incendio,-7.237010441563305,-76.53847008307255
61223,incendio,-6.888,-76.3579
61226,incendio,-7.0356,-76.6006
61229,incendio,-7.0088,-76.6144
61231,no_incendio,-6.062840602584927,-76.70237486789418
61235,incendio,-7.4693,-76.5745
61246,incendio,-8.2347,-76.5972
61247,no_incendio,-7.3912095148136645,-77.03017853882585
61250,no_incendio,-5.3579190970036175,-75.71127050256207
61251,incendio,-6.3506,-76.5218
61256,incendio,-6.1381,-76.1555
61263,incendio,-6.4914,-76.5909
61268,incendio,-6.5167,-76.3458
61269,no_incendio,-5.786742413220336,-77.47906670461887
61277,incendio,-7.0242,-76.8552
61288,no_incendio,-6.654532009707288,-75.5305999621871
61299,incendio,-8.4269,-76.2492
61303,no_incendio,-7.456346722108078,-76.20342873895703
61307,incendio,-8.0724,-76.675
61308,incendio,-7.2231,-76.3711
61309,incendio,-7.1275,-76.3408
61310,no_incendio,-5.673007856969957,-76.8124122789181
61311,no_incendio,-7.24803934210104,-76.82472284533478
61314,no_incendio,-6.905350281771543,-75.85773993313076
61323,no_incendio,-5.487710562433828,-76.3714568595569
61326,no_incendio,-7.006429626529349,-76.40821160101947
61327,incendio,-6.8385,-76.5338
61329,incendio,-6.2425,-77.2156
61331,incendio,-6.7234,-76.746
61341,incendio,-7.3366,-76.2091
61342,incendio,-8.3765,-76.3217
61343,incendio,-6.1606,-75.9395
61360,incendio,-6.9307,-76.4641
61361,no_incendio,-5.942412033073392,-76.99723759620795
61367,no_incendio,-5.702740983602372,-76.82721339280745
61371,no_incendio,-7.388452210624765,-77.20638603731945
61373,incendio,-6.9002,-76.5688
61374,incendio,-8.3596,-76.4076
61376,incendio,-7.3278,-76.3008
61385,incendio,-8.4082,-76.9508
61392,no_incendio,-6.385759143148429,-76.5709354755892
61397,no_incendio,-7.173287597971678,-76.70987433367677
61405,incendio,-8.14,-77.0882
61414,incendio,-8.2682,-76.4894
61416,incendio,-7.2419,-76.7081
61417,no_incendio,-6.664505823088651,-77.4814157749719
61422,no_incendio,-6.8038809431040965,-76.81652393345753
61426,no_incendio,-6.092332930769818,-77.53250095731846
61427,incendio,-7.6159,-76.683
61429,no_incendio,-5.364143829036743,-76.95415482559467
61430,incendio,-6.1135,-76.1955
61439,incendio,-6.9788,-76.8312
61442,no_incendio,-6.905014878753814,-76.49698867319515
61444,no_incendio,-5.89795943446839,-76.15835756218627
61445,incendio,-8.6466,-76.3268
61449,no_incendio,-7.413823551899182,-76.79124540072256
61452,no_incendio,-6.032904107983954,-75.67491532543472
61466,no_incendio,-7.12053033714668,-76.21891493903652
61479,no_incendio,-5.3992279096164255,-77.51525342091976
61483,no_incendio,-6.589846765006126,-76.67564163824959
61484,no_incendio,-6.368662376296837,-77.03036089290791
61499,incendio,-7.5313,-76.4418
61501,incendio,-7.5641,-76.5264
61506,incendio,-5.7759,-77.4069
61507,incendio,-7.0461,-76.2044
61509,incendio,-6.8644,-76.7455
61518,incendio,-6.519,-75.7071
61519,no_incendio,-6.043030962073811,-76.47604236953148
61524,no_incendio,-6.142530239499738,-77.15463621788837
61528,no_incendio,-5.826125398643272,-77.25978841596924
61529,incendio,-5.9962,-76.2691
61531,no_incendio,-7.189575486518889,-75.71595612356288
61548,incendio,-8.6807,-77.6384
61553,incendio,-7.3625,-76.2666
61557,incendio,-7.4946,-76.5598
61560,incendio,-7.0406,-76.6234
61563,no_incendio,-6.327343874329971,-76.29354784738233
61566,incendio,-6.3401,-75.8955
61570,no_incendio,-5.748428283636171,-75.60096771532396
61573,no_incendio,-6.165061446367449,-75.9664591742673
61577,incendio,-7.613,-76.6635
61579,no_incendio,-6.807279841790784,-75.78242302305196
61583,incendio,-6.3706,-76.6456
61587,incendio,-7.4238,-76.4576
61589,no_incendio,-5.543275857949961,-76.36401463997392
61590,incendio,-5.7172,-77.492
61595,incendio,-7.2679,-76.1045
61599,incendio,-7.1344,-76.4679
61601,no_incendio,-6.850119921397431,-77.18105441991001
61604,incendio,-7.112,-76.3792
61608,no_incendio,-5.783942671800878,-75.80670959767819
61611,no_incendio,-6.590197592397879,-75.98025100323518
61612,no_incendio,-7.19668087361042,-76.2603633805298
61618,no_incendio,-6.353424809181855,-75.63008762129351
61622,no_incendio,-5.813466395394225,-76.54314458566375
61625,no_incendio,-7.061403957049695,-76.62981524420255
61626,no_incendio,-7.564076009944549,-75.89157611790941
61627,no_incendio,-7.125442800649086,-77.06151312787605
61630,no_incendio,-5.525519480392893,-76.3183975995799
61636,no_incendio,-6.246302114010693,-75.65691913180889
61637,incendio,-7.5281,-76.5116
61638,no_incendio,-6.566852763907717,-76.67622294647774
61639,no_incendio,-6.400301881628301,-77.5201604762096
61657,no_incendio,-7.280960307883033,-76.7904575448365
61659,no_incendio,-6.763948396418463,-75.5008846760666
61668,incendio,-7.6041,-76.4751
61687,no_incendio,-6.119596318397669,-75.7668351630271
61688,incendio,-7.4821,-76.5463
61690,incendio,-6.3654,-76.4688
61693,no_incendio,-5.85348487678678,-75.67716092139695
61694,incendio,-8.1601,-76.6426
61699,no_incendio,-5.971167138004345,-76.3740699604034
61701,incendio,-6.1997,-76.2258
61704,no_incendio,-5.846023239980903,-75.59058432825728
61708,incendio,-7.2611,-76.4685
61712,incendio,-6.2481,-75.8776
61714,no_incendio,-5.371545466461964,-76.40334353874748
61717,incendio,-7.4405,-76.5564
61718,incendio,-7.2063,-76.8912
61719,incendio,-5.4289,-76.6053
61724,incendio,-7.3553,-76.7568
61726,incendio,-6.338,-75.9089
61728,incendio,-7.4097,-76.5887
61729,no_incendio,-7.108875568796339,-76.54317690372051
61733,incendio,-5.9028,-76.2176
61735,incendio,-7.008,-76.6985
61737,incendio,-6.2873,-76.2021
61741,no_incendio,-6.4548358961700885,-76.10226827896288
61746,incendio,-5.7992,-77.0218
61747,incendio,-5.9529,-76.1825
61755,no_incendio,-6.26574363006572,-75.945416955943
61757,incendio,-7.5225,-76.7206
61768,no_incendio,-5.364892363396528,-76.8599043565554
61769,incendio,-6.2356,-76.2487
61777,no_incendio,-6.185102706019143,-75.78932803542219
61781,no_incendio,-7.23268535501901,-75.71791421763211
61784,incendio,-6.1912,-76.1815
61785,incendio,-7.2561,-77.0631
61790,no_incendio,-7.331602369683786,-75.50190770424915
61792,incendio,-6.7121,-76.4304
61801,incendio,-7.1128,-76.8195
61803,incendio,-6.3156,-75.9952
61804,incendio,-7.1981,-76.359
61805,no_incendio,-6.998414939340265,-75.67912715079014
61807,incendio,-7.0165,-76.6711
61809,incendio,-6.6775,-76.3198
61811,incendio,-7.3969,-76.5553
61813,no_incendio,-6.165729925483304,-75.50698017130118
61815,no_incendio,-7.263705379465793,-77.32787830995856
61820,no_incendio,-7.230653311251528,-76.66188363656903
61822,no_incendio,-6.731898455104795,-77.28317456533246
61828,incendio,-7.4943,-76.5618
61830,no_incendio,-5.889428519671102,-75.83985217439051
61835,no_incendio,-6.848581850084046,-76.26989214867015
61837,incendio,-7.2101,-76.8805
61843,incendio,-5.7103,-75.847
61845,incendio,-6.8622,-76.6208
61849,no_incendio,-7.401018606692293,-76.00185651713339
61854,incendio,-6.9937,-76.3213
61855,incendio,-6.8924,-76.9352
61856,incendio,-6.2189,-76.1085
61863,no_incendio,-5.6698457830937325,-76.36289670664165
61864,no_incendio,-6.073266163575411,-75.6671313489238
61867,no_incendio,-5.709919403753175,-77.18915952963572
61870,no_incendio,-6.586264053943194,-75.6879198104013
61873,incendio,-6.8607,-76.6298
61875,incendio,-6.5528,-76.7738
61884,no_incendio,-7.431414415877487,-76.13136950681124
61888,no_incendio,-6.696114207645428,-77.01139322381492
61889,incendio,-7.3224,-75.6034
61891,incendio,-5.7876,-77.2516
61896,no_incendio,-6.3480305531769075,-76.22097710185248
61900,incendio,-6.2192,-76.1131
61901,incendio,-7.2993,-76.3176
61906,no_incendio,-7.192676000546934,-77.13476748134192
61911,no_incendio,-6.940699761996049,-76.26181884160466
61912,incendio,-5.7089,-77.4526
61925,no_incendio,-6.525571951158751,-77.30569775147015
61926,no_incendio,-7.502611835705684,-75.74342232378346
61933,incendio,-6.7003,-76.6878
61935,no_incendio,-7.544493851248457,-76.73397529490327
61936,incendio,-6.0488,-76.1905
61937,no_incendio,-7.4291899383099445,-76.99344952239323
61939,no_incendio,-7.587620813063947,-76.03285942876866
61942,no_incendio,-5.493534251624167,-76.05824936892388
61946,incendio,-7.2528,-76.0772
61948,incendio,-5.8906,-77.12
61957,incendio,-5.3958,-76.7667
61963,incendio,-6.3125,-75.9114
61968,no_incendio,-5.369370124540203,-77.53041632467286
61974,incendio,-7.0153,-77.0545
61981,incendio,-7.3876,-76.5525
61982,incendio,-7.3197,-76.9341
61990,incendio,-7.0328,-76.6586
61991,incendio,-7.343,-76.707
61993,no_incendio,-6.467420438436691,-76.19360941434292
61997,no_incendio,-7.275276678539276,-76.76197872211165
62010,no_incendio,-5.752288568187965,-75.61867904444058
62021,incendio,-6.1533,-76.204
62023,incendio,-6.4837,-75.9059
62027,no_incendio,-7.036643028375762,-75.60012732289076
62034,incendio,-6.7286,-76.4997
62036,incendio,-7.2489,-77.0659
62038,no_incendio,-7.294379319518731,-75.60933586901135
62039,incendio,-5.8165,-77.3259
62043,incendio,-6.5561,-75.6713
62044,no_incendio,-5.634222890340759,-76.43789808900263
62049,incendio,-6.4475,-75.7867
62050,no_incendio,-6.937481703505858,-75.66626594730945
62056,incendio,-5.9859,-76.1526
62059,incendio,-8.3039,-76.6047
62065,incendio,-8.3458,-76.565
62068,incendio,-5.3355,-76.5277
62070,incendio,-6.0903,-76.4342
62076,no_incendio,-6.042344688075439,-75.58423135699039
62081,incendio,-6.3386,-75.8337
62084,no_incendio,-6.439049170355273,-77.46289627422017
62086,incendio,-8.2212,-75.6761
62090,incendio,-7.1123,-76.3045
62092,no_incendio,-5.546093305557506,-76.96305959318578
62102,no_incendio,-6.490391135640375,-76.20592887580928
62112,no_incendio,-5.871823711573395,-77.09814467361281
62114,no_incendio,-6.38076556073537,-76.97858606969272
62116,incendio,-5.6505,-75.9507
62120,incendio,-7.1972,-77.0317
62125,no_incendio,-5.498957925752801,-76.23819839749541
62131,incendio,-5.8251,-77.4515
62143,no_incendio,-7.391380566669081,-77.4628689446306
62146,incendio,-7.0887,-76.3884
62149,no_incendio,-6.558646082464617,-76.16096804971144
62153,incendio,-7.2858,-76.4373
62154,incendio,-7.3385,-76.665
62161,no_incendio,-7.377051275028038,-75.93975534182488
62169,no_incendio,-6.156444886914189,-76.11831601972577
62173,incendio,-5.8319,-76.0246
62191,incendio,-7.525,-76.4477
62192,incendio,-6.2676,-76.6793
62197,incendio,-7.5204,-76.2533
62200,no_incendio,-7.306661299403648,-77.35299757529853
62202,no_incendio,-5.599508739006035,-77.02715299547113
62203,no_incendio,-7.186570265010596,-75.84461863050306
62208,incendio,-7.0124,-76.8847
62212,no_incendio,-7.146199438472306,-75.63802434726938
62215,incendio,-6.0844,-76.3159
62222,incendio,-7.4602,-76.5349
62224,no_incendio,-6.24016797795497,-75.64844512243143
62226,no_incendio,-5.585507984340333,-75.53590045517545
62238,incendio,-5.7395,-76.1231
62242,no_incendio,-5.772447993979731,-76.76825761036689
62244,no_incendio,-7.325700741079294,-77.06360146385256
62248,incendio,-6.7431,-76.1242
62253,no_incendio,-5.329749843854847,-75.71078811690217
62256,incendio,-6.5827,-76.7971
62261,incendio,-6.9362,-76.4514
62262,incendio,-7.8571,-77.7984
62265,incendio,-6.8762,-76.2762
62275,no_incendio,-6.477469375479229,-76.23310758199833
62287,no_incendio,-7.584063938890335,-77.08532363724217
62291,no_incendio,-5.609318574866824,-76.18227826181767
62293,incendio,-8.4858,-76.4508
62300,incendio,-7.3514,-76.6564
62307,incendio,-6.8157,-77.291
62309,no_incendio,-6.664505823088651,-77.4814157749719
62311,incendio,-8.5812,-76.2586
62312,no_incendio,-5.968149636265594,-77.51081675536001
62318,incendio,-7.2572,-76.0653
62319,incendio,-6.0788,-77.7954
62323,incendio,-8.7797,-76.2764
62325,no_incendio,-6.234222668201542,-76.20280713881237
62330,no_incendio,-5.533837838145786,-75.72558753064112
62332,no_incendio,-6.9177745399597805,-77.27712831962272
62339,incendio,-6.4669,-76.4724
62346,no_incendio,-7.433764184828395,-76.19895087453514
62348,incendio,-7.2462,-76.6877
62355,incendio,-8.4114,-76.2388
62367,no_incendio,-6.982455617549805,-76.38860618436227
62369,no_incendio,-6.7738595150234,-76.75356063625604
62371,incendio,-7.1478,-76.6131
62373,no_incendio,-7.028663799217614,-75.85033836524988
62376,incendio,-7.0918,-76.8853
62381,incendio,-5.8583,-77.078
62382,no_incendio,-6.216596629515713,-76.33055988016247
62383,incendio,-5.313,-76.4831
62388,incendio,-6.6639,-76.5422
62391,incendio,-8.0548,-76.6754
62395,no_incendio,-7.508397223486154,-75.66150958377543
62401,incendio,-5.8603,-76.1058
62403,incendio,-5.3638,-76.7657
62405,incendio,-5.8514,-76.1772
62410,incendio,-7.0248,-76.1135
62413,incendio,-6.5052,-75.6757
62419,incendio,-7.1763,-76.4511
62423,incendio,-7.4359,-76.5591
62431,incendio,-6.8251,-76.6386
62437,no_incendio,-5.977893876843185,-76.20383698117358
62439,incendio,-5.8653,-77.1845
62441,incendio,-6.2532,-75.807
62443,no_incendio,-5.62998043999866,-76.34952477053923
62448,no_incendio,-6.30791982416226,-77.35125522509678
62454,incendio,-8.5979,-76.1328
62455,no_incendio,-5.913375544586391,-77.02153912778006
62457,incendio,-7.4775,-76.5784
62458,incendio,-6.8869,-76.4822
62459,incendio,-5.6776,-76.6302
62466,no_incendio,-7.527307126647749,-77.12744201881532
62478,incendio,-7.0632,-76.29
62486,no_incendio,-7.377051275028038,-75.93975534182488
62495,no_incendio,-6.1156293221158835,-76.01949781132349
62508,no_incendio,-6.6046403916429695,-76.28478273774354
62514,no_incendio,-7.316542689651407,-77.09719219444501
62520,incendio,-6.2675,-75.973
62524,incendio,-6.7654,-76.3757
62552,incendio,-7.2322,-76.8586
62564,incendio,-6.0992,-76.195
62569,incendio,-8.7775,-76.2561
62578,incendio,-5.7746,-77.4293
62583,incendio,-8.2949,-76.524
62584,incendio,-6.7491,-76.4968
62590,no_incendio,-5.8166617894952815,-76.28161854109814
62594,no_incendio,-6.56383921503927,-77.29970461755646
62603,incendio,-7.7131,-76.491
62606,incendio,-7.6607,-76.8091
62617,no_incendio,-6.370500555903968,-77.21187079190732
62622,no_incendio,-6.0258388422724725,-75.8823418796658
62659,no_incendio,-6.327343874329971,-76.29354784738233
62671,incendio,-6.7847,-76.6548
62673,no_incendio,-6.727275952714791,-77.44889142586435
62695,incendio,-6.7971,-76.4658
62704,no_incendio,-5.8624058726324275,-77.54256899267752
62718,incendio,-6.679,-76.7482
62722,incendio,-7.369,-76.7119
62727,no_incendio,-6.887626631829371,-77.285374555124
62747,no_incendio,-7.089719383654557,-75.94940066492136
62748,no_incendio,-6.599957493403006,-76.05770861085986
62751,incendio,-7.1202,-76.0707
62755,no_incendio,-7.340268369426515,-77.43400024997341
62758,incendio,-5.9857,-76.2509
62761,no_incendio,-6.775573791793621,-76.68783581514383
62769,no_incendio,-7.192625795202753,-75.79931940133156
62774,incendio,-6.127,-76.2228
62775,incendio,-8.3615,-76.2491
62783,no_incendio,-7.181016545835497,-77.14662187463146
62788,no_incendio,-6.74885592845062,-76.02672128613708
62789,incendio,-7.2789,-76.278
62795,no_incendio,-5.855822399079694,-75.69747959221154
62797,no_incendio,-5.626490573988114,-76.90197669049898
62799,incendio,-5.6417,-76.5525
62810,incendio,-7.2734,-76.9785
62820,no_incendio,-5.786742413220336,-77.47906670461887
62826,incendio,-6.5785,-76.0356
62828,no_incendio,-6.212102855046136,-76.68622274401635
62830,no_incendio,-7.4319891578174815,-77.15087421098383
62834,no_incendio,-6.396864121936975,-76.4851873457876
62835,no_incendio,-6.420856851462068,-76.77933512635609
62837,incendio,-6.2131,-76.2692
62846,no_incendio,-7.433764184828395,-76.19895087453514
62850,no_incendio,-5.498957925752801,-76.23819839749541
62859,incendio,-7.419,-76.5414
62864,incendio,-6.8714,-76.6825
62873,incendio,-5.5554,-76.711
62874,no_incendio,-5.522972759309926,-75.80819311512354
62886,incendio,-6.4908,-75.7393
62896,incendio,-5.6859,-77.2906
62905,incendio,-7.5909,-76.4844
62908,no_incendio,-6.0017769805371435,-76.54978075200272
62911,incendio,-7.3543,-76.4075
62916,no_incendio,-7.408503653357758,-76.24578800464187
62921,incendio,-6.2217,-75.861
62923,incendio,-6.6686,-77.375
62924,incendio,-5.7501,-76.5886
62926,no_incendio,-7.237158680749911,-76.11796356076336
62932,no_incendio,-6.036634194085042,-76.33475368850613
62933,no_incendio,-7.06430285125658,-76.42921371383994
62934,no_incendio,-6.727424984115921,-76.66756072308013
62935,no_incendio,-5.431391280919102,-75.58519659503115
62937,incendio,-5.7172,-76.2531
62940,no_incendio,-6.847838156918014,-76.65972952352969
62942,incendio,-5.9839,-76.2551
62950,incendio,-7.2326,-77.0511
62959,no_incendio,-6.475196466130733,-76.70818383406251
62973,incendio,-8.2279,-76.4913
62976,incendio,-6.139,-76.2288
62994,no_incendio,-5.618910457397299,-76.39046295133087
62999,incendio,-6.8597,-76.5451
63000,incendio,-8.1851,-77.5734
63002,incendio,-6.4522,-75.8458
63006,incendio,-7.3529,-76.9322
63012,incendio,-8.1298,-76.6346
63015,no_incendio,-5.787648723882205,-76.3637582070336
63022,incendio,-6.0879,-75.8172
63027,no_incendio,-6.338883523616399,-76.67237416346605
63028,no_incendio,-6.234222668201542,-76.20280713881237
63034,no_incendio,-5.4484392138134945,-75.95921509359859
63037,incendio,-6.2987,-77.1033
63038,incendio,-8.3078,-76.648
63039,incendio,-6.0512,-76.1626
63040,incendio,-6.6141,-76.0972
63044,no_incendio,-7.0802266587833635,-75.87902422488
63051,incendio,-6.9491,-76.7293
63056,incendio,-5.9574,-76.2182
63058,no_incendio,-7.418524326808485,-76.32670813744515
63059,no_incendio,-5.928733149107297,-75.62813587078854
63063,incendio,-6.6771,-76.6966
63065,incendio,-6.5977,-76.4188
63068,incendio,-7.3609,-76.7127
63070,no_incendio,-5.720724874930588,-76.09066535924033
63084,no_incendio,-7.468966943240149,-76.0987072289364
63087,incendio,-7.5628,-76.4457
63090,incendio,-8.574,-76.3702
63092,no_incendio,-6.30212067741681,-77.20947071632679
63096,incendio,-7.3905,-76.415
63099,no_incendio,-6.1400329007098495,-75.77782950002863
63102,no_incendio,-7.521089953660397,-76.50586647383346
63103,incendio,-6.7988,-76.4808
63109,incendio,-7.4794,-76.4487
63112,incendio,-5.8353,-77.0541
63115,no_incendio,-6.135395550199937,-77.01659159261982
63120,incendio,-8.377,-76.3446
63123,incendio,-5.9068,-77.2215
63125,no_incendio,-7.175345171516485,-76.32071616128651
63128,no_incendio,-6.559793328628168,-75.94281873717337
63129,no_incendio,-6.902373213948052,-75.80243684170989
63134,no_incendio,-6.380793727295641,-76.36283674136891
63140,no_incendio,-6.266506898778969,-76.33689278886196
63147,no_incendio,-6.036634194085042,-76.33475368850613
63151,no_incendio,-7.142345675518539,-77.26966785367183
63155,incendio,-6.1836,-75.8766
63157,no_incendio,-6.040675081738544,-76.88692151022694
63168,incendio,-8.5793,-76.3466
63169,incendio,-6.5492,-76.7187
63177,incendio,-8.3765,-76.3263
63184,no_incendio,-7.49572574357337,-75.97213125228711
63185,incendio,-7.3008,-76.746
63189,no_incendio,-6.883760214306626,-75.62202390814382
63192,incendio,-6.0784,-76.1448
63200,no_incendio,-5.451709663906019,-76.0834165906866
63207,incendio,-7.2191,-76.0501
63209,incendio,-6.4736,-76.5185
63211,incendio,-5.7976,-77.316
63215,no_incendio,-6.9398975097013755,-76.27516039033146
63232,no_incendio,-5.349324419297768,-77.32630960187535
63236,no_incendio,-6.096039133600909,-76.29380539264065
63239,no_incendio,-5.428382683589806,-76.59712896608411
63240,no_incendio,-5.382192721085108,-75.80513455395052
63241,incendio,-7.2362,-76.7283
63253,incendio,-8.7768,-75.5412
63267,incendio,-6.7427,-76.1387
63280,incendio,-7.3003,-76.3976
63284,no_incendio,-7.336551353349131,-77.20883178649431
63285,incendio,-8.3422,-76.3954
63292,no_incendio,-6.726779286673033,-77.03336380719702
63296,incendio,-6.0261,-76.1781
63297,incendio,-6.1356,-76.8613
63299,no_incendio,-7.014371526342947,-75.6304094962068
63306,incendio,-6.0305,-77.1925
63311,incendio,-7.2216,-76.0655
63314,no_incendio,-5.612307081535751,-76.80288819980903
63327,incendio,-6.4405,-76.259
63328,incendio,-6.8246,-76.6237
63331,incendio,-7.4659,-76.7514
63334,incendio,-5.7095,-75.8398
63335,no_incendio,-6.490391135640375,-76.20592887580928
63339,no_incendio,-6.017393971898976,-75.85609561110088
63341,incendio,-7.1992,-76.885
63342,incendio,-6.6955,-76.6444
63353,no_incendio,-7.509252354285814,-75.54465114823546
63358,no_incendio,-5.329337229365641,-77.4752371215785
63373,incendio,-6.8597,-76.5585
63380,no_incendio,-5.899739172279481,-75.62561076754551
63381,incendio,-5.9755,-75.7851
63382,no_incendio,-5.943086820538844,-77.20310189012812
63383,no_incendio,-6.581835148874593,-77.10480197876178
63390,incendio,-7.2032,-76.2926
63391,no_incendio,-7.269040165613338,-76.9103123983766
63392,incendio,-7.5572,-76.3957
63394,incendio,-6.7786,-76.1708
63403,incendio,-6.5722,-76.7484
63405,no_incendio,-6.742797209348308,-75.63057425829132
63406,incendio,-7.294,-76.8125
63408,no_incendio,-6.677016361068433,-76.35596462138518
63409,incendio,-5.7858,-76.3975
63410,no_incendio,-7.3138551861663785,-76.44974049103283
63414,no_incendio,-5.882755427823639,-77.51237097659782
63418,incendio,-6.582,-76.0263
63432,no_incendio,-5.868777989192487,-75.61031419176939
63434,incendio,-7.0279,-76.596
63436,incendio,-6.8608,-76.6992
63439,incendio,-5.6861,-76.627
63447,incendio,-7.4824,-76.5527
63448,no_incendio,-6.42510939654662,-76.21314660329666
63449,incendio,-6.285,-75.8816
63453,incendio,-6.7656,-76.852
63459,incendio,-6.712,-76.785
63473,incendio,-5.983,-76.2874
63478,incendio,-5.8835,-75.9046
63479,incendio,-6.2018,-77.0795
63480,incendio,-6.5812,-76.5049
63487,no_incendio,-7.149862558736682,-77.09989679523933
63503,no_incendio,-5.84380402008071,-75.92947605096468
63506,incendio,-7.2167,-76.7368
63509,no_incendio,-5.3088507793034125,-76.33692970134372
63512,no_incendio,-6.08674868659818,-77.38664384875209
63513,incendio,-8.3942,-77.1024
63516,no_incendio,-5.976958562482058,-76.80488821989493
63517,no_incendio,-6.945484440166689,-76.77951589048426
63525,incendio,-6.941,-77.6697
63532,incendio,-5.3298,-76.5331
63536,no_incendio,-5.592210809875936,-75.85957552026237
63540,no_incendio,-6.772965762366505,-76.27272500681829
63547,incendio,-6.7925,-76.6145
63548,no_incendio,-6.576004984769571,-77.51523302793387
63552,no_incendio,-5.704328166594409,-76.92480673286192
63558,no_incendio,-6.427611857268102,-77.39761535548438
63560,incendio,-6.9045,-76.6032
63566,no_incendio,-6.6675087326032685,-77.42602403570756
63571,incendio,-7.2644,-76.5925
63572,incendio,-5.7736,-76.5669
63582,incendio,-7.2165,-76.0691
63583,no_incendio,-7.311847282906321,-76.59060620233514
63590,incendio,-8.6049,-77.0825
63592,no_incendio,-7.145399618003832,-77.00792044464232
63594,no_incendio,-7.327169653945901,-75.96963671647885
63605,no_incendio,-6.1574013412773905,-75.50582251676065
63614,incendio,-6.6138,-76.7
63628,no_incendio,-7.011514074885707,-76.73934268520709
63634,incendio,-7.6153,-76.4904
63648,no_incendio,-7.401018606692293,-76.00185651713339
63650,no_incendio,-5.652384048618223,-75.53477074714212
63657,incendio,-6.3681,-76.0956
63663,no_incendio,-6.420856851462068,-76.77933512635609
63667,no_incendio,-6.980328156805363,-75.58165966551039
63675,incendio,-6.8127,-76.6054
63683,no_incendio,-6.819960436835468,-75.76204305997081
63690,no_incendio,-7.186570265010596,-75.84461863050306
63692,no_incendio,-5.441244045280792,-76.19936571316805
63697,no_incendio,-5.525473635438348,-76.97243620940135
63698,no_incendio,-6.237716755759431,-77.39156311979332
63702,no_incendio,-6.520841370621428,-77.36086106907894
63703,incendio,-7.1416,-76.3238
63707,no_incendio,-6.1156293221158835,-76.01949781132349
63708,no_incendio,-6.375064281525175,-76.76531716856294
63710,incendio,-8.4164,-76.4314
63711,incendio,-6.2346,-75.8231
63712,incendio,-8.4668,-76.9814
63717,no_incendio,-7.5636797148906325,-76.80582387525504
63732,no_incendio,-5.399746644332469,-76.68187059720576
63740,incendio,-5.7844,-77.4451
63741,no_incendio,-7.126729071613174,-77.02628949920283
63750,incendio,-8.1849,-76.4921
63754,incendio,-7.5652,-76.6657
63756,incendio,-6.6825,-76.3097
63765,incendio,-7.355,-76.4779
63768,incendio,-5.7515,-75.9887
63769,no_incendio,-7.509252354285814,-75.54465114823546
63770,incendio,-7.0638,-76.8632
63782,no_incendio,-5.62998043999866,-76.34952477053923
63787,no_incendio,-6.049779266057276,-75.95295045421427
63789,incendio,-6.4817,-76.7211
63794,incendio,-7.401,-76.8179
63806,no_incendio,-6.811703020411863,-76.53234904826876
63813,incendio,-7.4058,-76.6116
63818,incendio,-5.831,-77.3346
63823,incendio,-7.1877,-76.3853
63827,no_incendio,-5.623597121632923,-75.81781716667395
63833,no_incendio,-5.594721982840302,-76.73250330554579
63836,no_incendio,-7.010465391222765,-75.64374453725225
63837,incendio,-5.991,-76.2697
63839,incendio,-5.7733,-76.1926
63843,no_incendio,-7.082610644878744,-76.41583738866235
63844,no_incendio,-5.607428760846163,-75.61638280541105
63852,no_incendio,-5.612907306182736,-76.9815155721773
63853,no_incendio,-6.4800299159294745,-75.86986955910662
63858,incendio,-6.806,-76.3984
63859,incendio,-7.4739,-76.4517
63860,incendio,-6.3903,-75.7018
63870,no_incendio,-7.212746042883999,-76.23580517242253
63883,incendio,-7.3304,-76.9756
63888,no_incendio,-5.3149529866292395,-75.54616509202799
63891,no_incendio,-6.4551795764442375,-76.19574642473289
63908,incendio,-6.9798,-76.5572
63909,incendio,-7.5688,-76.4598
63912,incendio,-6.1766,-75.9699
63913,no_incendio,-5.508797884476139,-76.57706115239465
63914,incendio,-7.4139,-76.8445
63917,incendio,-6.0615,-75.9816
63920,incendio,-5.6248,-76.4305
63923,incendio,-6.3194,-76.5585
63934,incendio,-8.7627,-76.9686
63936,no_incendio,-6.763948396418463,-75.5008846760666
63937,no_incendio,-5.900355019577343,-76.50972621036057
63945,no_incendio,-6.823512194602855,-76.05631689166178
63950,incendio,-8.5635,-76.3326
63951,no_incendio,-5.971724397201385,-75.87816764029395
63966,no_incendio,-5.871232465142917,-76.52596915622884
63968,no_incendio,-6.9712876814104,-75.72933923833854
63974,no_incendio,-5.420009462532595,-77.54497332899014
63976,no_incendio,-5.544342707790426,-75.8055721541421
63984,incendio,-5.7124,-76.1923
63986,incendio,-5.3077,-76.4186
63996,no_incendio,-6.535327617861432,-76.18785766882165
63997,incendio,-8.1631,-76.9431
64002,incendio,-6.5997,-76.6722
64007,incendio,-6.8004,-76.906
64008,incendio,-6.8933,-76.5167
64014,incendio,-6.4435,-76.5237
64025,no_incendio,-6.3805177741503645,-77.07356874423562
64047,no_incendio,-7.126729071613174,-77.02628949920283
64063,incendio,-6.5826,-76.0197
64064,incendio,-6.8377,-76.7856
64065,incendio,-6.1786,-76.2307
64094,incendio,-6.2193,-76.2658
64097,incendio,-6.053,-76.156
64099,incendio,-7.1271,-76.2593
64104,no_incendio,-7.442941681589652,-76.91434045843735
64105,incendio,-7.4082,-76.6173
64114,incendio,-8.6172,-76.6938
64115,no_incendio,-5.426612634680184,-75.58435399600397
64118,no_incendio,-6.386426402369189,-77.04162489751405
64120,incendio,-6.85,-76.1401
64121,incendio,-6.0494,-77.2488
64136,incendio,-5.8197,-76.2278
64142,incendio,-6.1834,-75.9237
64149,no_incendio,-5.431391280919102,-75.58519659503115
64152,incendio,-7.664,-76.724
64155,incendio,-7.202,-76.263
64157,no_incendio,-6.8267458836303225,-76.04005920267028
64158,incendio,-7.3397,-76.8402
64161,no_incendio,-7.579948204047341,-77.15279486128607
64167,no_incendio,-7.142345675518539,-77.26966785367183
64169,incendio,-5.7156,-76.2284
64170,no_incendio,-7.038387701485983,-77.46608635694433
64172,no_incendio,-6.591526889483433,-77.26946848843974
64182,incendio,-5.8267,-76.2665
64184,incendio,-5.8592,-77.0417
64188,incendio,-7.1801,-76.2601
64196,no_incendio,-6.923574495814878,-76.96137100911855
64199,no_incendio,-5.721753234372427,-77.04300744557013
64201,no_incendio,-5.913444133925558,-76.54061399484421
64205,incendio,-6.1369,-76.1883
64209,incendio,-6.615,-76.4989
64213,incendio,-6.1429,-76.178
64219,incendio,-6.8328,-76.1038
64223,no_incendio,-5.863508615293079,-77.5457929030888
64226,incendio,-7.1849,-77.0195
64233,no_incendio,-5.991245342520768,-75.64023187612118
64235,no_incendio,-7.508226717447944,-76.74892470083597
64243,no_incendio,-6.818883045664746,-77.17747642270048
64249,incendio,-7.337,-76.6838
64252,no_incendio,-7.150450269408023,-77.18839409410428
64261,no_incendio,-6.547946119465311,-76.58716239935082
64264,no_incendio,-6.421249722496318,-77.04956463628945
64266,incendio,-7.1071,-76.3643
64270,incendio,-7.1211,-76.2635
64275,incendio,-5.7094,-75.8458
64277,no_incendio,-6.122720954624869,-76.9879603704079
64278,no_incendio,-5.8499481349063265,-76.00423037206916
64281,no_incendio,-6.45014471724059,-77.23785683491617
64283,no_incendio,-6.845471207648621,-76.36886322454563
64284,no_incendio,-5.61928379725062,-76.7464492739021
64294,no_incendio,-6.822682837524565,-76.01658832939721
64296,incendio,-5.6703,-76.5817
64304,incendio,-5.7719,-76.2775
64311,no_incendio,-5.403821247036303,-76.32388095777216
64334,incendio,-7.3735,-76.7204
64338,no_incendio,-5.60263772570773,-75.78275132850642
64340,no_incendio,-5.504827246357519,-77.16574913944
64341,no_incendio,-5.901183537582431,-77.01906915606199
64346,incendio,-7.1586,-76.243
64347,no_incendio,-5.3838831063176515,-76.49104845789617
64349,incendio,-5.7061,-76.1752
64354,no_incendio,-6.000913642665956,-77.14500157376662
64357,no_incendio,-7.070198196068285,-76.36379595586068
64360,incendio,-7.3857,-76.7527
64362,incendio,-5.8587,-75.9048
64374,no_incendio,-7.343476837968453,-76.86299220846689
64381,incendio,-7.3113,-75.5934
64383,incendio,-6.8013,-76.7445
64387,incendio,-6.8388,-76.4835
64391,no_incendio,-5.525166300103762,-76.64412404917219
64393,no_incendio,-7.017817860779479,-76.95461934375838
64398,incendio,-6.0485,-75.9478
64408,incendio,-7.3733,-76.8154
64414,incendio,-5.4672,-75.8216
64419,no_incendio,-6.201637039608355,-76.63859765076462
64421,incendio,-6.5366,-76.7943
64429,incendio,-7.115,-76.2579
64431,incendio,-5.7588,-76.6332
64436,incendio,-8.431,-76.2597
64441,no_incendio,-6.163392021425101,-76.6587242460342
64442,no_incendio,-5.546857195256127,-75.81190178678054
64444,incendio,-7.4271,-76.5847
64445,no_incendio,-6.253873442293271,-77.4856518253099
64458,incendio,-6.2164,-75.8798
64464,no_incendio,-5.6909060907931215,-77.03642215530066
64466,incendio,-6.8272,-76.526
64470,incendio,-7.1822,-76.3378
64474,incendio,-7.214,-76.4992
64475,incendio,-6.4938,-76.8265
64480,no_incendio,-5.6011690570737915,-76.70090683859456
64484,incendio,-7.3435,-76.5635
64485,no_incendio,-6.173497385338977,-77.08001241103895
64488,no_incendio,-5.37157572156011,-76.66234225426679
64492,incendio,-5.7591,-77.2848
64506,no_incendio,-5.353246300739066,-75.96334736686653
64508,no_incendio,-5.923104963527884,-76.43553159912858
64509,no_incendio,-6.963743688695052,-77.15890290229473
64510,incendio,-6.4075,-76.6466
64511,incendio,-5.8543,-76.3672
64513,no_incendio,-7.241827770839374,-75.55383362888189
64519,incendio,-7.5732,-76.4075
64521,no_incendio,-5.936247863486473,-77.30432777805068
64527,incendio,-6.8151,-76.4902
64538,incendio,-7.0977,-76.1994
64539,incendio,-8.3811,-76.5268
64540,incendio,-8.4179,-77.0106
64541,incendio,-7.4051,-76.6917
64545,no_incendio,-7.546681661706002,-77.09086718024028
64556,no_incendio,-6.122720954624869,-76.9879603704079
64586,incendio,-7.1492,-76.5836
64588,incendio,-7.4077,-76.537
64592,incendio,-7.4786,-76.6146
64601,no_incendio,-6.2888093914419265,-77.49498781950011
64604,no_incendio,-5.9130091622376435,-77.42859659593488
64605,incendio,-6.6313,-76.4145
64608,no_incendio,-6.040843804619021,-75.5134205645717
64619,no_incendio,-7.4286037527901305,-75.69674631092113
64623,no_incendio,-6.871083272493799,-75.76930140332634
64625,no_incendio,-6.536633754882988,-75.61074686603133
64636,incendio,-7.6342,-76.814
64638,incendio,-8.6318,-76.3336
64639,incendio,-7.3913,-76.432
64651,no_incendio,-6.1029066882194485,-77.35334666324442
64653,no_incendio,-5.562529025700048,-76.57485709284715
64658,incendio,-7.2012,-76.9028
64672,incendio,-6.8422,-76.1188
64676,incendio,-5.6737,-75.8786
64680,incendio,-8.134,-76.7122
64684,incendio,-5.6721,-76.4365
64686,incendio,-6.9021,-76.6295
64692,incendio,-7.537,-76.6376
64697,incendio,-6.8089,-76.7032
64700,incendio,-6.2973,-75.9804
64709,incendio,-7.0856,-77.0712
64718,incendio,-6.2323,-76.3268
64720,no_incendio,-5.623597121632923,-75.81781716667395
64721,no_incendio,-5.61928379725062,-76.7464492739021
64722,incendio,-5.5594,-76.706
64733,incendio,-6.8769,-76.868
64744,no_incendio,-7.20916394163281,-76.74882653338932
64749,incendio,-7.2095,-76.4982
64756,incendio,-6.4879,-76.3574
64761,incendio,-7.4659,-76.3925
64764,no_incendio,-5.6996412211902,-75.5074681731858
64766,incendio,-6.6626,-77.3367
64769,no_incendio,-7.301346263959235,-76.9768322825311
64773,incendio,-6.0758,-75.98
64777,incendio,-7.1974,-76.3094
64778,no_incendio,-5.437451651862052,-75.53119555354411
64784,no_incendio,-6.325765977825784,-76.5205147871752
64785,incendio,-7.5598,-76.5337
64791,no_incendio,-5.740185734953845,-76.52718705325192
64794,incendio,-6.5892,-76.1236
64802,incendio,-6.4723,-76.4939
64806,incendio,-7.2951,-76.5581
64811,incendio,-8.6956,-76.1596
64816,incendio,-5.8301,-77.0972
64819,no_incendio,-5.592210809875936,-75.85957552026237
64820,no_incendio,-5.304216028521146,-77.22955638933952
64828,incendio,-6.3373,-76.7237
64831,no_incendio,-6.694264893002906,-76.05015609684683
64834,no_incendio,-5.503666402060762,-76.62944463990817
64842,incendio,-5.662,-76.5575
64850,no_incendio,-7.544493851248457,-76.73397529490327
64855,incendio,-7.4889,-76.3796
64859,incendio,-5.942,-76.3286
64860,incendio,-7.2033,-76.4986
64862,incendio,-7.2529,-76.7876
64866,incendio,-7.1482,-77.0799
64873,incendio,-6.0754,-76.3275
64876,incendio,-7.4022,-76.7298
64877,incendio,-8.416,-76.3208
64880,incendio,-6.8617,-76.8585
64883,incendio,-5.746,-76.1426
64884,incendio,-7.4558,-76.4585
64887,no_incendio,-7.108956430874631,-75.5028524515191
64891,no_incendio,-5.590745607594968,-76.01092904258273
64892,no_incendio,-6.654532009707288,-75.5305999621871
64894,incendio,-7.0141,-76.2707
64900,no_incendio,-6.566852763907717,-76.67622294647774
64907,no_incendio,-5.349324419297768,-77.32630960187535
64911,incendio,-8.1579,-76.6201
64913,no_incendio,-6.729488491648472,-77.03653906594069
64921,no_incendio,-5.69836641593065,-75.72287872908569
64923,incendio,-6.2163,-75.885
64929,no_incendio,-7.20837922312058,-75.60173964481412
64936,incendio,-6.7908,-76.8432
64938,incendio,-8.2824,-76.3983
64942,no_incendio,-6.726508547372632,-75.8805912365982
64943,no_incendio,-7.508397223486154,-75.66150958377543
64944,no_incendio,-7.014702412265873,-76.4405488433982
64946,no_incendio,-6.86277091910318,-76.45893260017807
64949,incendio,-7.3087,-76.7151
64952,incendio,-6.5401,-76.1
64967,no_incendio,-7.227645324559791,-75.66978466195862
64968,incendio,-6.9397,-76.2357
64972,incendio,-6.673,-76.7262
64974,no_incendio,-6.4800299159294745,-75.86986955910662
64978,no_incendio,-6.074232738963784,-75.5615873787058
64980,no_incendio,-5.784820775425025,-76.88322925526231
64981,incendio,-7.1753,-76.8383
64982,no_incendio,-7.327169653945901,-75.96963671647885
64983,no_incendio,-7.301995634610949,-77.3052348248029
64985,incendio,-7.4144,-76.8799
64988,incendio,-8.5282,-76.9079
64999,no_incendio,-5.900117559948675,-75.56284439390626
65004,incendio,-6.0052,-76.3367
65006,incendio,-6.4694,-76.8198
65011,no_incendio,-6.129131664861193,-76.45649977733511
65015,no_incendio,-7.121678053413924,-76.22436656303664
65017,no_incendio,-6.770535932670912,-77.17143392593205
65020,incendio,-6.8527,-76.607
65022,no_incendio,-6.727275952714791,-77.44889142586435
65031,incendio,-5.7276,-76.154
65032,no_incendio,-7.010242517235748,-76.48324440357516
65035,incendio,-5.6988,-75.8606
65049,no_incendio,-5.796164972487043,-76.72449599512143
65050,no_incendio,-6.567404760010091,-75.93678531261668
65056,incendio,-6.842,-76.4781
65058,incendio,-6.721,-76.823
65059,no_incendio,-6.75147932991093,-77.49824320852836
65060,incendio,-6.1651,-77.0466
65061,incendio,-6.4525,-76.5208
65062,incendio,-7.1386,-76.55
65066,incendio,-7.3054,-76.9392
65068,incendio,-7.493,-76.4603
65076,no_incendio,-7.158262650594558,-76.17139715257736
65083,no_incendio,-7.4319891578174815,-77.15087421098383
65085,incendio,-7.0307,-76.8852
65089,incendio,-6.5606,-76.4941
65090,incendio,-5.9587,-76.2428
65091,no_incendio,-6.122241228202742,-76.97601645146484
65093,incendio,-7.1036,-76.2276
65095,no_incendio,-7.225892265359727,-76.0093087691897
65099,no_incendio,-5.863095020713222,-75.7889986714283
65102,incendio,-5.8919,-77.129
65104,no_incendio,-5.670265351646696,-76.15936780244608
65115,no_incendio,-5.818727365285151,-76.86751655981939
65117,no_incendio,-6.08565697953034,-76.3565072601085
65118,no_incendio,-6.905014878753814,-76.49698867319515
65120,no_incendio,-6.447996016247126,-77.41234607167007
65123,no_incendio,-6.150817748541318,-77.2743773218178
65127,no_incendio,-6.896612666946929,-75.75338049940235
65129,no_incendio,-6.766715492175258,-75.83761083407144
65138,incendio,-8.5322,-75.5437
65146,no_incendio,-7.183923927473843,-76.41258057222892
65149,incendio,-8.4098,-76.3021
65150,no_incendio,-5.31562173519542,-75.64368786803017
65155,no_incendio,-6.1290157028955905,-75.56386178427238
65156,incendio,-7.0098,-76.5815
65165,no_incendio,-5.306363621970229,-76.4042560042154
65168,no_incendio,-6.076651418507213,-75.99938351654062
65179,no_incendio,-6.44311246702837,-76.64720397145403
65186,no_incendio,-5.31179064282697,-75.78618195501585
65187,incendio,-7.3532,-76.8717
65195,no_incendio,-6.525390337428589,-76.47559277816393
65197,incendio,-5.6629,-76.0176
65200,no_incendio,-6.8824524173967765,-77.12203229237878
65203,incendio,-5.5006,-76.7442
65210,incendio,-5.8422,-76.3083
65213,no_incendio,-6.948889791528075,-76.04658173737485
65223,no_incendio,-6.871083272493799,-75.76930140332634
65225,incendio,-6.2403,-77.6449
65226,no_incendio,-6.979813600777688,-77.48470455898823
65242,incendio,-7.4927,-76.5633
65244,incendio,-5.3451,-76.542
65247,no_incendio,-6.441902560534528,-76.15943969390888
65248,incendio,-5.7833,-77.1196
65254,incendio,-6.2591,-76.1212
65256,incendio,-6.4893,-77.0569
65260,no_incendio,-7.257884674103633,-77.06798922780067
65265,incendio,-7.1428,-76.5274
65270,incendio,-6.2791,-75.7848
65273,incendio,-6.7441,-77.5636
65276,no_incendio,-6.940699761996049,-76.26181884160466
65277,incendio,-6.0846,-76.0066
65287,incendio,-5.7456,-76.2071
65299,incendio,-7.5899,-76.4974
65302,no_incendio,-5.592798700137297,-76.77202119029057
65304,no_incendio,-5.482360092898033,-75.75875593827813
65305,incendio,-6.3576,-76.7208
65308,incendio,-7.285,-76.8138
65309,no_incendio,-6.252480366224789,-76.488140203218
65329,incendio,-8.3357,-76.5792
65340,no_incendio,-5.461372149282843,-77.4223608733987
65343,no_incendio,-7.510954821403472,-75.50873794050783
65349,no_incendio,-6.722977701208728,-76.08504808570892
65350,no_incendio,-7.204320146605171,-76.588496910205
65354,incendio,-5.8615,-76.258
65357,no_incendio,-5.461372149282843,-77.4223608733987
65360,incendio,-6.9029,-76.548
65361,no_incendio,-5.867914432983562,-76.93835853406706
65370,incendio,-7.1442,-76.6183
65372,incendio,-8.4433,-76.4938
65374,incendio,-5.6713,-76.5414
65376,no_incendio,-6.424415078222516,-76.56153900049968
65380,no_incendio,-5.374155680654134,-76.14052405499798
65382,no_incendio,-6.331956733542304,-77.5021084607029
65388,incendio,-5.8842,-75.945
65389,no_incendio,-6.326986282349614,-75.6142180056652
65391,no_incendio,-5.856151465825925,-75.61952647714237
65392,no_incendio,-7.017817860779479,-76.95461934375838
65397,incendio,-7.0714,-76.8836
65401,incendio,-5.8751,-76.0173
65402,no_incendio,-7.451217530868493,-77.29241876502243
65409,incendio,-6.8266,-76.5158
65410,incendio,-8.2898,-76.6093
65411,no_incendio,-6.6832264067033,-77.40030797685029
65421,no_incendio,-7.063019746501072,-77.52481749302208
65428,incendio,-7.1495,-76.8501
65434,no_incendio,-5.712666897985722,-76.23826320211337
65435,incendio,-7.2158,-76.308
65444,incendio,-6.7543,-76.3697
65445,no_incendio,-5.985543510791079,-75.55610035209125
65449,incendio,-7.0756,-76.8283
65450,no_incendio,-6.326986282349614,-75.6142180056652
65452,incendio,-6.8323,-76.5967
65461,no_incendio,-6.729806246426535,-76.87013039720924
65464,incendio,-7.5528,-76.4936
65469,incendio,-5.7457,-77.3836
65470,no_incendio,-6.7528370184185675,-75.79463738047077
65472,incendio,-6.7151,-76.7235
65474,no_incendio,-5.690666241525762,-76.5831246635922
65476,incendio,-5.7755,-76.1419
65481,incendio,-6.1121,-76.1925
65482,incendio,-7.561,-76.5426
65483,incendio,-6.7977,-76.1721
65490,no_incendio,-5.800895908311601,-76.62831443275236
65491,no_incendio,-7.442180034070876,-75.92683774273232
65492,incendio,-5.7821,-76.3928
65493,no_incendio,-7.510787208532104,-75.93881161563174
65508,no_incendio,-7.2339632492782835,-76.73433396854956
65510,incendio,-5.3234,-76.4543
65513,no_incendio,-6.371807438398121,-75.97041325819922
65515,incendio,-6.6634,-76.7707
65524,no_incendio,-6.586264053943194,-75.6879198104013
65532,no_incendio,-7.371625145918922,-75.70238603258082
65554,no_incendio,-6.212102855046136,-76.68622274401635
65563,no_incendio,-5.332935425847374,-77.16749151506393
65564,incendio,-5.8279,-77.4228
65567,no_incendio,-7.462272976116109,-77.0484423984109
65569,incendio,-5.8337,-77.3315
65573,no_incendio,-5.65117658577255,-75.62263099163508
65577,no_incendio,-5.647813944563046,-75.98631579821414
65580,no_incendio,-6.662875308176205,-76.42972525647028
65586,incendio,-7.6062,-76.6125
65589,incendio,-6.2334,-76.3265
65591,incendio,-7.18,-76.6056
65597,incendio,-5.8008,-77.103
65599,incendio,-6.1008,-76.03
65608,no_incendio,-6.931342706605391,-77.24005682830844
65613,incendio,-7.0522,-76.6777
65619,incendio,-8.4243,-76.436
65622,incendio,-7.4723,-76.5321
65626,incendio,-6.7141,-76.6787
65630,incendio,-6.3026,-76.6842
65633,no_incendio,-5.9969306066925245,-75.59395245076587
65635,no_incendio,-6.230021779466632,-76.57667653530646
65643,incendio,-5.9752,-77.1232
65647,no_incendio,-6.682338881301072,-76.58990578057626
65649,incendio,-7.3313,-76.724
65652,incendio,-7.4463,-76.4597
65653,no_incendio,-7.488895468406661,-77.22046866095448
65659,incendio,-6.4757,-75.6974
65665,no_incendio,-6.1305152501535805,-77.20692971202396
65666,no_incendio,-6.599702785570768,-77.42370077864948
65686,no_incendio,-6.227801736418022,-76.3562846673644
65688,incendio,-7.3358,-76.6445
65691,no_incendio,-7.160701404821328,-77.50258610161559
65701,incendio,-7.3929,-76.6777
65702,incendio,-7.0104,-76.5609
65703,incendio,-7.2824,-76.7046
65714,incendio,-5.7404,-75.8415
65718,incendio,-6.7946,-76.6122
65724,no_incendio,-6.5749903992962055,-76.89683303442592
65732,no_incendio,-7.125442800649086,-77.06151312787605
65733,no_incendio,-6.426707190480592,-75.93955631582219
65750,no_incendio,-6.526663320909917,-76.57498858502044
65754,no_incendio,-6.959105963658491,-76.85747096898318
65756,no_incendio,-7.36388011313037,-77.4640263849402
65763,incendio,-6.4986,-76.3778
65769,incendio,-7.1441,-76.8453
65770,no_incendio,-5.709919403753175,-77.18915952963572
65781,no_incendio,-5.398135296375456,-76.71445247130518
65783,incendio,-7.2399,-76.1443
65788,incendio,-6.243,-76.8129
65794,incendio,-6.5574,-76.7533
65799,no_incendio,-5.971167138004345,-76.3740699604034
65800,no_incendio,-7.351997452668049,-75.86863921087647
65807,incendio,-6.4382,-76.3713
65810,no_incendio,-7.217469611041255,-75.6059674027119
65811,incendio,-6.0132,-76.2591
65816,incendio,-8.5214,-76.4638
65820,incendio,-6.3231,-75.8247
65826,no_incendio,-6.622512429028128,-75.69288323438259
65828,no_incendio,-6.476078930269108,-76.12579467837428
65835,no_incendio,-5.880891988248802,-77.50381327072611
65837,no_incendio,-6.8241555048520945,-76.01927599626522
65839,incendio,-6.9408,-76.1315
65840,no_incendio,-6.722977701208728,-76.08504808570892
65853,incendio,-5.801,-76.0376
65865,incendio,-5.8636,-76.2658
65866,no_incendio,-7.225892265359727,-76.0093087691897
65869,incendio,-6.81,-76.8234
65870,incendio,-6.8326,-76.175
65873,no_incendio,-5.990542250974831,-75.6694532466171
65877,incendio,-6.8353,-76.4255
65881,incendio,-8.5656,-76.9435
65884,incendio,-7.3659,-76.8009
65885,no_incendio,-7.18387555277713,-76.55534207208011
65888,incendio,-6.1415,-76.1671
65898,incendio,-7.089,-76.5103
65899,no_incendio,-5.637143675477756,-76.46390106880192
65900,no_incendio,-6.545436147892791,-76.30829128869237
65901,no_incendio,-7.6003471250061425,-76.18857699535684
65906,incendio,-7.1318,-77.0968
65914,incendio,-6.8006,-76.9163
65917,no_incendio,-6.053663067143272,-77.25400416625581
65921,incendio,-6.8199,-76.5935
65923,no_incendio,-5.590954776196541,-75.61262101600937
65924,no_incendio,-7.247461423234719,-75.57023459371909
65926,incendio,-6.5453,-76.2927
65930,no_incendio,-6.135395550199937,-77.01659159261982
65942,incendio,-5.9344,-77.1361
65945,no_incendio,-5.880891988248802,-77.50381327072611
65953,incendio,-8.6862,-76.3362
65957,incendio,-6.7812,-76.5223
65961,incendio,-6.7841,-76.6438
65971,incendio,-8.5021,-76.4666
65978,incendio,-6.9249,-76.7666
65984,incendio,-6.8941,-76.6265
65985,incendio,-8.597,-76.5593
65988,incendio,-5.8619,-76.2471
65993,no_incendio,-6.1849308797193405,-77.44943428599332
65998,incendio,-7.3412,-77.6096
65999,no_incendio,-5.9069362811274955,-76.90796880037888
66000,no_incendio,-6.777084363074236,-76.9625637860872
66001,no_incendio,-7.3828581911388165,-75.8721549637632
66013,incendio,-7.3455,-76.7559
66015,incendio,-7.4226,-76.5551
66023,incendio,-8.5805,-76.4188
66025,no_incendio,-6.756685989962618,-75.83002754028344
66030,incendio,-7.4343,-76.8261
66032,incendio,-7.2102,-76.6496
66034,incendio,-6.4595,-75.8642
66057,incendio,-5.8704,-77.0406
66061,incendio,-6.7569,-76.5587
66068,no_incendio,-7.282016752291952,-75.89864347181351
66069,no_incendio,-5.6874479423727555,-75.79801976537915
66070,incendio,-5.8162,-77.0824
66073,incendio,-6.0915,-76.13
66079,incendio,-6.0725,-76.883
66083,incendio,-8.5032,-76.4123
66090,incendio,-6.3923,-76.6877
66093,incendio,-7.0977,-76.4962
66101,incendio,-8.5976,-76.5784
66102,no_incendio,-5.46295343513328,-75.95414593487065
66110,incendio,-5.896,-76.3087
66116,incendio,-6.4035,-76.0009
66121,no_incendio,-5.382544750033527,-75.77853597502654
66125,incendio,-6.5096,-76.7303
66132,incendio,-5.8052,-77.1888
66134,incendio,-6.9766,-76.4809
66137,no_incendio,-6.331589003630742,-76.77579913568411
66138,no_incendio,-5.868777989192487,-75.61031419176939
66141,incendio,-6.2851,-77.673
66142,incendio,-6.5157,-76.5579
66143,no_incendio,-5.824960586839608,-76.59374334653756
66144,no_incendio,-5.974627825335505,-76.8393257597771
66151,no_incendio,-5.882545131668422,-77.4252687375934
66154,no_incendio,-5.991944937539925,-75.60778625331145
66157,incendio,-7.1888,-76.4568
66161,no_incendio,-5.881820929193948,-76.58450370780717
66163,incendio,-6.3187,-76.104
66169,incendio,-6.1021,-76.2422
66172,no_incendio,-6.60024344042182,-76.28088372901857
66177,no_incendio,-7.005255736259935,-76.42804994495515
66178,incendio,-5.3452,-76.7805
66186,incendio,-5.7219,-76.2527
66189,incendio,-6.211,-76.1007
66191,no_incendio,-6.010674240572804,-77.09796715104932
66193,incendio,-6.061,-76.3008
66197,incendio,-6.1343,-76.213
66204,no_incendio,-7.261909044974304,-76.6515755533258
66205,incendio,-6.133,-76.9473
66206,incendio,-6.6159,-76.1152
66207,incendio,-8.5043,-76.3735
66209,incendio,-6.6702,-76.7968
66210,incendio,-5.3062,-75.8239
66213,no_incendio,-7.554963436234575,-75.69130210162552
66215,incendio,-6.6625,-76.247
66218,incendio,-6.1252,-76.2281
66222,no_incendio,-6.480910366032293,-76.46284954850665
66223,incendio,-5.6835,-77.4216
66224,incendio,-7.3223,-76.7202
66227,no_incendio,-5.630317607867646,-76.28664530211917
66229,incendio,-7.5314,-76.7369
66231,no_incendio,-7.575264155010306,-76.7671801072031
66238,incendio,-7.4225,-76.6971
66242,incendio,-6.7347,-76.8336
66245,no_incendio,-6.0636997194620585,-76.98817967024722
66250,no_incendio,-5.707217935164065,-76.52295370572979
66251,no_incendio,-5.815206419164588,-75.9840705047973
66255,incendio,-5.7895,-77.4565
66263,no_incendio,-5.605657953237715,-77.33944421680316
66283,incendio,-7.0883,-76.1765
66284,no_incendio,-6.061517131296685,-76.40854652459227
66286,incendio,-5.6612,-76.5482
66289,incendio,-6.3533,-75.8193
66290,no_incendio,-7.299495014578471,-76.02669026239053
66291,no_incendio,-5.839270188717535,-77.49668062311541
66294,no_incendio,-5.62794321017974,-76.97851232659868
66296,no_incendio,-6.2016988445038095,-75.99411742841416
66302,incendio,-6.04,-76.1959
66308,incendio,-7.3614,-76.9047
66310,incendio,-5.9306,-77.7871
66315,incendio,-6.233,-75.9198
66318,incendio,-5.672,-76.4791
66323,no_incendio,-6.212102855046136,-76.68622274401635
66324,incendio,-6.2453,-75.9227
66335,incendio,-6.5277,-76.3555
66336,no_incendio,-6.344738730281884,-77.28085925820518
66346,no_incendio,-5.5084858154243905,-75.90684850496002
66360,incendio,-7.2391,-76.2383
66366,incendio,-8.5954,-77.0102
66369,no_incendio,-6.922488599265936,-77.20347324801959
66372,incendio,-7.402,-76.5919
66374,incendio,-6.0313,-76.1833
66381,no_incendio,-7.259025792408945,-76.1069982504593
66384,no_incendio,-5.714958817536613,-75.57831712461974
66387,incendio,-6.1911,-76.3348
66391,no_incendio,-7.089179421889268,-75.95457712793731
66399,no_incendio,-7.4055258629962415,-75.72836594706017
66405,incendio,-7.8179,-76.757
66406,no_incendio,-5.623597121632923,-75.81781716667395
66407,no_incendio,-7.038387701485983,-77.46608635694433
66410,incendio,-7.445,-76.6056
66427,incendio,-7.4153,-76.5949
66431,no_incendio,-7.161262686753078,-75.93223007605604
66434,incendio,-5.6108,-76.5538
66436,incendio,-5.9511,-75.9429
66443,incendio,-8.5438,-76.3651
66447,no_incendio,-5.487830888913878,-75.70248261618342
66454,incendio,-6.1668,-76.136
66459,incendio,-7.4398,-76.6346
66465,no_incendio,-5.7927379696305294,-76.1467304713267
66471,incendio,-8.2101,-76.6476
66474,incendio,-8.5096,-77.0311
66484,no_incendio,-6.591526889483433,-77.26946848843974
66486,no_incendio,-7.257184386198285,-77.16794482130089
66491,incendio,-7.4464,-76.4056
66492,no_incendio,-7.20837922312058,-75.60173964481412
66493,incendio,-7.1562,-77.0401
66499,no_incendio,-6.234937456831474,-75.55136134306397
66503,incendio,-7.4113,-76.8417
66504,incendio,-5.7784,-77.4002
66506,no_incendio,-7.468820255868223,-76.21884389702247
66515,no_incendio,-5.699419411757933,-76.10583548301037
66516,incendio,-6.0568,-76.3166
66527,incendio,-8.3094,-76.3319
66530,incendio,-7.1484,-77.6191
66535,incendio,-5.7327,-76.4825
66536,incendio,-6.4211,-76.3066
66542,incendio,-6.8931,-76.5897
66548,no_incendio,-5.326540128955467,-75.8192880237214
66555,incendio,-7.1174,-76.7941
66556,incendio,-5.6736,-76.5904
66561,incendio,-7.3461,-76.8212
66564,incendio,-6.6658,-76.8651
66565,incendio,-6.9209,-76.9146
66571,no_incendio,-6.534406684076978,-76.00352237296187
66581,incendio,-6.0511,-77.2142
66582,no_incendio,-6.2701925367746005,-76.81498053088146
66585,no_incendio,-6.9260270516583,-76.1608919912471
66586,incendio,-7.1451,-76.8046
66589,incendio,-5.81,-76.0676
66590,no_incendio,-6.424415078222516,-76.56153900049968
66591,incendio,-6.5378,-77.5484
66597,no_incendio,-6.654449786981951,-77.1406120148932
66604,incendio,-8.5012,-76.3781
66606,incendio,-6.113,-76.1539
66613,no_incendio,-6.089075896633828,-77.11331132604498
66616,no_incendio,-6.142530239499738,-77.15463621788837
66623,no_incendio,-7.2386843016197115,-75.95361045134824
66630,incendio,-7.0749,-76.2634
66631,incendio,-7.4676,-76.5871
66633,no_incendio,-6.86128898258832,-76.74328169561169
66643,incendio,-7.2926,-76.3671
66647,incendio,-6.9554,-76.3082
66649,incendio,-6.629,-76.7402
66650,incendio,-7.41,-76.7348
66651,no_incendio,-6.324934683730277,-76.81019781469472
66653,incendio,-6.9652,-76.9144
66654,incendio,-8.3555,-76.3383
66657,incendio,-7.5649,-76.7156
66658,incendio,-6.6847,-76.6793
66662,incendio,-6.6733,-76.5842
66666,incendio,-5.7475,-76.0668
66677,no_incendio,-7.178109146033509,-76.55931189942505
66680,no_incendio,-6.949415512269831,-76.30894649629607
66681,incendio,-7.5762,-76.4086
66693,incendio,-7.0988,-76.204
66696,incendio,-6.0922,-76.4374
66709,no_incendio,-6.324884637478815,-77.29362980195512
66712,no_incendio,-6.550462961960492,-75.75305667586812
66716,incendio,-8.3732,-76.3838
66718,incendio,-6.0812,-76.1918
66724,no_incendio,-5.870407571755855,-76.43899593158982
66726,incendio,-6.1283,-76.2387
66727,no_incendio,-5.531494331119256,-75.68693972870032
66740,no_incendio,-6.7183540623229865,-77.22771131243218
66741,incendio,-6.9388,-76.5378
66742,incendio,-7.5238,-76.4203
66743,incendio,-7.2167,-77.0595
66744,no_incendio,-7.378012032391012,-77.45917085361808
66754,incendio,-6.5697,-76.5071
66755,no_incendio,-7.4500171761306255,-77.030145813453
66764,incendio,-7.3079,-77.0423
66765,no_incendio,-7.2830034027883865,-76.35190261363664
66770,no_incendio,-6.526663320909917,-76.57498858502044
66776,no_incendio,-6.442429492492132,-75.8210206317141
66783,no_incendio,-7.224623096753857,-76.90340581488266
66789,no_incendio,-5.525519480392893,-76.3183975995799
66791,incendio,-7.3788,-76.7688
66794,incendio,-5.5345,-76.7363
66795,incendio,-7.3708,-76.8657
66802,no_incendio,-7.217736549985553,-75.80888423805258
66806,incendio,-6.6281,-76.4244
66807,incendio,-7.1572,-76.398
66808,no_incendio,-5.855822399079694,-75.69747959221154
66809,no_incendio,-6.797266617151564,-77.33130374727055
66810,incendio,-8.7674,-76.2616
66811,incendio,-5.8985,-76.4065
66819,incendio,-6.7607,-76.712
66820,no_incendio,-6.308143679517888,-75.54381617905881
66828,incendio,-7.3295,-76.9426
66832,no_incendio,-5.465266875680572,-76.24842900681286
66836,incendio,-7.3176,-76.7249
66840,no_incendio,-7.089179421889268,-75.95457712793731
66848,no_incendio,-5.6819042694428346,-76.21370978152449
66852,incendio,-6.7061,-76.4024
66854,no_incendio,-6.500803234494254,-76.0342561681164
66868,incendio,-8.4603,-76.2734
66875,no_incendio,-6.551429222354349,-76.91211574837874
66883,incendio,-6.5787,-76.7323
66887,incendio,-5.7843,-77.1606
66898,incendio,-8.3665,-76.5831
66902,no_incendio,-6.727604587458214,-76.26589680418019
66905,incendio,-6.9764,-76.2144
66909,incendio,-6.9761,-76.0669
66914,incendio,-7.3223,-76.6074
66918,incendio,-6.4202,-76.897
66926,no_incendio,-7.3820884546139,-76.13227467193721
66927,incendio,-7.2421,-76.3778
66931,incendio,-6.1647,-76.2878
66939,incendio,-8.4588,-76.416
66950,incendio,-7.4032,-76.377
66951,incendio,-7.1891,-76.6169
66952,no_incendio,-6.249559347527708,-77.38514191347497
66953,incendio,-6.4091,-76.6276
66956,no_incendio,-5.976958562482058,-76.80488821989493
66958,incendio,-6.6981,-77.4554
66965,incendio,-7.4656,-76.5726
66969,incendio,-8.6176,-76.1192
66971,no_incendio,-5.4181719579024135,-75.50050796250098
66972,no_incendio,-5.971724397201385,-75.87816764029395
66975,no_incendio,-7.089719383654557,-75.94940066492136
66979,no_incendio,-5.811190643666691,-76.41076755798852
66982,incendio,-6.485,-76.8437
66983,incendio,-7.5568,-76.4865
66987,incendio,-6.7732,-76.8463
66989,no_incendio,-5.894898869067559,-77.35176843132272
66990,incendio,-5.9173,-75.935
66991,no_incendio,-5.940833223348477,-76.76215332326328
66992,no_incendio,-7.093257969486561,-77.25013940551041
66994,no_incendio,-7.36388011313037,-77.4640263849402
67005,incendio,-6.6332,-76.7841
67009,incendio,-8.4644,-76.9154
67022,no_incendio,-6.564347270784287,-75.8738633840426
67030,no_incendio,-5.914538807022697,-77.31789261845223
67034,incendio,-7.5231,-76.5085
67036,incendio,-6.5926,-76.8961
67037,no_incendio,-5.6355072776323825,-77.05987553143974
67050,no_incendio,-7.49572574357337,-75.97213125228711
67056,incendio,-6.3494,-76.1277
67058,incendio,-8.2803,-76.6485
67068,incendio,-6.4476,-76.6278
67069,incendio,-5.9525,-75.8857
67070,incendio,-7.0227,-76.1458
67081,no_incendio,-7.188505073730313,-76.90328431055737
67084,no_incendio,-6.303002240210201,-76.72194514117207
67087,no_incendio,-7.157163278516986,-76.9354632282693
67101,no_incendio,-6.9734000570740395,-77.15029703123086
67103,no_incendio,-6.812854444766214,-76.31590409569822
67105,incendio,-6.5998,-77.521
67113,incendio,-6.4464,-75.7527
67115,no_incendio,-7.250518418431454,-77.39731384590523
67117,no_incendio,-5.8332062747008715,-77.144406205254
67120,no_incendio,-5.7980276983387755,-76.60461534978732
67123,no_incendio,-5.346519894910452,-77.42054950645856
67128,incendio,-7.0777,-76.8628
67134,no_incendio,-5.370065008448104,-77.20634043748042
67136,incendio,-5.8861,-77.1889
67145,incendio,-6.3166,-75.8697
67147,incendio,-6.7772,-76.3768
67152,no_incendio,-5.5369399299131885,-77.31171501653961
67154,no_incendio,-6.772965762366505,-76.27272500681829
67156,no_incendio,-7.093257969486561,-77.25013940551041
67158,incendio,-8.1588,-75.6058
67160,no_incendio,-6.695225096779551,-76.23948893389061
67171,incendio,-7.0695,-76.8655
67174,incendio,-6.5375,-76.7671
67175,incendio,-7.6306,-76.4516
67176,no_incendio,-6.942054443870175,-75.88451122317879
67182,incendio,-8.2324,-76.9962
67193,no_incendio,-6.715205623153173,-76.11809578650696
67196,no_incendio,-6.884683844966387,-77.48590774056447
67197,no_incendio,-5.978876914297251,-77.26050814725458
67203,no_incendio,-7.014916061647587,-75.71674408231947
67206,incendio,-8.7049,-76.8104
67207,no_incendio,-5.588466979788065,-76.18717580992774
67221,no_incendio,-6.073266163575411,-75.6671313489238
67228,incendio,-6.3876,-76.4942
67229,incendio,-7.2077,-76.8192
67239,no_incendio,-5.49325291733823,-76.90069379643876
67249,incendio,-6.9826,-76.8592
67250,no_incendio,-7.506850337937736,-76.33686457857513
67256,no_incendio,-6.323745703888591,-76.07826663303581
67260,incendio,-7.2034,-76.6648
67261,incendio,-7.0554,-76.8713
67263,no_incendio,-7.152157832421082,-77.44831592237493
67266,incendio,-6.3756,-76.6925
67272,incendio,-7.2255,-76.2335
67278,incendio,-6.4726,-75.674
67282,incendio,-6.5496,-76.2117
67283,incendio,-7.049,-76.2711
67287,incendio,-7.0382,-76.8763
67292,no_incendio,-6.705665824489784,-75.86880266225904
67293,incendio,-6.6433,-76.4276
67294,incendio,-6.0411,-75.8263
67295,no_incendio,-5.41517785771272,-76.05115692097354
67296,incendio,-6.1814,-76.3422
67300,incendio,-7.1425,-76.8516
67303,incendio,-6.9981,-76.7525
67304,incendio,-6.8887,-76.8662
67312,no_incendio,-7.163128957992517,-77.33946379317482
67321,no_incendio,-6.572959136388864,-76.70713570582085
67327,incendio,-6.0565,-76.2112
67333,incendio,-6.1091,-76.1849
67334,incendio,-5.9405,-77.1449
67341,incendio,-7.5503,-76.4881
67342,incendio,-6.2387,-76.0412
67343,incendio,-5.8484,-76.5832
67347,no_incendio,-6.3402826742912515,-75.67543757743714
67355,incendio,-6.0762,-76.1453
67357,incendio,-6.7931,-76.486
67367,incendio,-7.2802,-76.5243
67371,incendio,-6.3162,-75.9432
67372,no_incendio,-6.107814853885202,-77.33817072189056
67378,incendio,-6.8949,-76.6596
67384,no_incendio,-5.444716599482646,-75.83682474093726
67385,incendio,-6.9538,-76.6352
67388,no_incendio,-7.038481344593258,-77.380855509791
67397,no_incendio,-5.618133364002661,-76.2191295091602
67402,incendio,-6.3278,-76.0996
67404,no_incendio,-6.654449786981951,-77.1406120148932
67408,incendio,-6.2774,-75.8511
67414,no_incendio,-5.533837838145786,-75.72558753064112
67424,no_incendio,-5.872543626896172,-76.44213080221468
67425,incendio,-7.3645,-76.8422
67429,no_incendio,-5.8499481349063265,-76.00423037206916
67433,no_incendio,-7.010865933982342,-76.63167881965191
67436,no_incendio,-5.335389403596253,-76.01475499828726
67441,no_incendio,-5.701666858501454,-75.71059369687181
67445,incendio,-8.4108,-76.3034
67452,incendio,-7.0025,-76.7921
67463,incendio,-6.608,-76.4205
67464,no_incendio,-6.013807781245941,-77.54515653099793
67478,no_incendio,-7.45728200774953,-76.98588787498541
67481,no_incendio,-6.6015678247259215,-76.27888093028594
67488,incendio,-6.7861,-76.6314
67490,incendio,-5.838,-77.1684
67493,no_incendio,-5.485555576815183,-76.48568380205462
67494,incendio,-6.0649,-76.0877
67499,incendio,-7.4027,-76.7266
67513,incendio,-7.3185,-76.9045
67528,no_incendio,-7.228019173352536,-75.83265543127759
67533,no_incendio,-5.66978916869293,-75.78583352536694
67534,incendio,-5.7016,-75.9104
67540,incendio,-6.6617,-76.2684
67546,no_incendio,-7.424353792615787,-75.73269651500266
67554,incendio,-5.7425,-76.1821
67555,incendio,-5.8388,-76.2712
67559,incendio,-7.3088,-76.6202
67566,no_incendio,-7.2386843016197115,-75.95361045134824
67570,no_incendio,-5.432481694931332,-76.47528675292433
67581,no_incendio,-7.538851524680003,-76.89606525439852
67595,incendio,-6.4729,-75.7435
67597,no_incendio,-7.390169812745361,-75.85173982819381
67599,incendio,-7.376,-76.7257
67600,no_incendio,-6.718454996800395,-75.59317309755335
67602,incendio,-5.7152,-77.5182
67605,no_incendio,-5.8084744858353705,-77.25537544416976
67606,no_incendio,-5.423715260330031,-75.80260147002005
67609,incendio,-6.9044,-76.5768
67614,no_incendio,-7.150750883364853,-76.83628592323717
67617,incendio,-6.76,-76.6814
67622,no_incendio,-5.847773952672416,-76.45786537475786
67623,incendio,-6.9684,-76.7859
67626,no_incendio,-5.6976044499375105,-76.64278583121316
67634,incendio,-8.6769,-76.357
67635,no_incendio,-6.9422117979050695,-77.32253174388707
67636,incendio,-6.7236,-76.8623
67639,incendio,-7.1156,-76.7976
67644,no_incendio,-6.001439366513391,-76.98820534580602
67648,no_incendio,-6.976092489979531,-77.35059361204593
67659,incendio,-7.3968,-76.7073
67663,incendio,-6.7539,-76.1412
67666,incendio,-8.4492,-76.2771
67679,incendio,-8.4498,-76.2909
67683,incendio,-6.8408,-76.1412
67687,incendio,-6.518,-75.7731
67689,incendio,-5.7769,-76.0748
67697,incendio,-7.0903,-76.6745
67698,incendio,-6.9929,-76.1983
67699,no_incendio,-7.394254404476224,-75.68500027222532
67712,incendio,-6.0122,-76.2881
67713,incendio,-7.5062,-76.3622
67715,incendio,-7.5932,-76.6151
67716,incendio,-6.0587,-76.8988
67718,incendio,-5.7907,-76.2063
67732,no_incendio,-7.000185157265019,-76.24279253564121
67734,no_incendio,-5.391936920318269,-75.74765732530163
67735,incendio,-5.9777,-76.4792
67736,no_incendio,-6.895202578534257,-77.04341617849329
67740,incendio,-6.8356,-76.873
67743,no_incendio,-6.568678711242536,-76.46161690496696
67744,no_incendio,-7.341385532228014,-75.96721546288514
67755,no_incendio,-6.165139577023006,-77.17733248367045
67756,incendio,-7.0918,-76.238
67768,no_incendio,-6.7392978420431415,-76.19966664513106
67771,no_incendio,-5.826799302537919,-75.73782519899997
67773,incendio,-6.1568,-76.3586
67783,incendio,-7.1589,-76.8963
67788,no_incendio,-6.979782618165886,-76.34280103633438
67794,no_incendio,-6.394447416910339,-77.43791713673666
67796,incendio,-5.9178,-76.3093
67804,no_incendio,-6.061679877354346,-76.10414263000189
67809,no_incendio,-6.1592934714330285,-77.34475903708392
67810,no_incendio,-6.934543735011002,-76.3579106281597
67811,no_incendio,-5.55191314269425,-76.59129090689653
67816,incendio,-7.6193,-76.6568
67821,no_incendio,-6.937667134670242,-75.79567614590403
67826,no_incendio,-6.095756407316532,-77.30841425266888
67827,no_incendio,-7.325700741079294,-77.06360146385256
67829,no_incendio,-6.649475670478298,-75.86589242526365
67833,incendio,-5.8205,-77.3192
67846,incendio,-6.455,-76.7635
67847,incendio,-6.0367,-75.8343
67854,incendio,-7.2469,-76.616
67863,no_incendio,-7.230653311251528,-76.66188363656903
67866,no_incendio,-6.447996016247126,-77.41234607167007
67873,incendio,-6.9883,-76.8592
67874,no_incendio,-5.9462000997115165,-76.43849970195068
67877,incendio,-5.7677,-76.1821
67878,incendio,-7.0865,-76.5358
67883,no_incendio,-5.382698663545955,-75.70884428974506
67896,incendio,-7.3773,-76.6269
67900,no_incendio,-6.24016797795497,-75.64844512243143
67903,no_incendio,-5.787648723882205,-76.3637582070336
67907,no_incendio,-7.180456049019163,-77.4128118764767
67909,incendio,-5.7482,-76.6158
67912,incendio,-7.3777,-76.6774
67913,incendio,-6.846,-76.7855
67915,no_incendio,-6.328050055589178,-77.0850887708193
67922,no_incendio,-6.459421110313875,-76.2975020951517
67926,no_incendio,-5.968149636265594,-77.51081675536001
67927,no_incendio,-7.4438050568529475,-75.8809717620132
67928,incendio,-6.9871,-76.0997
67932,no_incendio,-6.425556209293201,-75.70279330371295
67935,no_incendio,-6.477469375479229,-76.23310758199833
67936,incendio,-5.6823,-76.6472
67940,incendio,-5.7296,-76.0586
67948,incendio,-5.7797,-77.1167
67951,incendio,-6.5613,-75.6902
67963,no_incendio,-5.590950998396602,-75.50740685150045
67971,incendio,-7.2916,-76.459
67975,incendio,-7.1047,-76.9009
67976,no_incendio,-6.534953195140333,-76.18456106043952
67983,no_incendio,-6.1419091354730675,-76.8668930112328
67985,incendio,-6.521,-77.7475
67992,no_incendio,-5.9638581047952375,-75.97775046224217
67995,no_incendio,-6.937667134670242,-75.79567614590403
67996,no_incendio,-6.44311246702837,-76.64720397145403
68002,no_incendio,-6.695277689736439,-77.08154414600035
68010,no_incendio,-6.606179550023269,-77.17612767759138
68013,no_incendio,-7.485621627002571,-76.9594043618508
68017,incendio,-7.3947,-76.4339
68020,no_incendio,-5.339033958369073,-76.08006911213882
68028,incendio,-7.1564,-76.7665
68033,no_incendio,-5.356858559279738,-76.9184573866197
68034,incendio,-8.053,-76.6471
68042,incendio,-7.8314,-76.737
68043,incendio,-6.9426,-76.2381
68048,incendio,-6.9531,-76.3731
68053,no_incendio,-6.987442347939161,-77.51096806537585
68057,no_incendio,-5.763649060823176,-76.26292282199367
68062,incendio,-7.4274,-76.4175
68079,no_incendio,-5.6976044499375105,-76.64278583121316
68083,no_incendio,-7.433029202252227,-75.6952599290436
68086,incendio,-7.3314,-76.6587
68089,incendio,-6.8684,-76.6032
68091,incendio,-8.3794,-76.2638
68097,no_incendio,-7.392389482278091,-76.3604718116053
68101,no_incendio,-6.929766621277843,-76.9486595645204
68104,incendio,-6.6915,-76.6759
68112,incendio,-7.2256,-76.7972
68122,incendio,-6.1743,-76.4056
68123,incendio,-8.0028,-76.6417
68125,incendio,-7.238,-76.8236
68128,incendio,-5.7364,-76.2242
68133,incendio,-7.1456,-77.0672
68141,no_incendio,-6.140503448389999,-75.89152757203433
68154,incendio,-6.0139,-77.1187
68160,no_incendio,-7.392389482278091,-76.3604718116053
68162,no_incendio,-5.5896376031918615,-76.35252920094948
68164,incendio,-7.0295,-76.583
68167,no_incendio,-7.564076009944549,-75.89157611790941
68170,incendio,-5.8743,-75.9497
68174,incendio,-8.1631,-77.4419
68176,incendio,-5.9994,-77.059
68178,incendio,-6.3226,-76.1072
68180,incendio,-6.1094,-76.1243
68189,no_incendio,-6.677775402102643,-76.83019542388436
68191,no_incendio,-5.389176452484517,-75.81151917065094
68193,incendio,-5.7143,-76.6394
68195,no_incendio,-6.227801736418022,-76.3562846673644
68197,incendio,-6.2377,-75.8332
68201,incendio,-8.4869,-76.3747
68202,incendio,-7.4647,-76.2607
68204,no_incendio,-6.949275367929126,-77.03979042014342
68206,no_incendio,-5.317490731831781,-77.05291423448321
68216,incendio,-6.8049,-76.6891
68225,incendio,-6.4164,-75.7097
68229,incendio,-6.142,-76.162
68239,no_incendio,-7.573586798987392,-75.72729255411187
68240,incendio,-5.775,-77.2707
68241,incendio,-5.8989,-76.2403
68242,no_incendio,-6.303002240210201,-76.72194514117207
68247,no_incendio,-5.557069716448366,-75.65393079947539
68255,incendio,-8.3485,-76.4162
68257,no_incendio,-5.866539639068574,-77.22687497991105
68261,no_incendio,-5.759511577701185,-76.14983081507849
68263,no_incendio,-6.564347270784287,-75.8738633840426
68266,incendio,-6.2421,-77.2274
68267,incendio,-5.8179,-77.3506
68274,incendio,-6.4504,-75.8651
68276,no_incendio,-5.968086685454471,-75.87697296740079
68283,no_incendio,-6.212102855046136,-76.68622274401635
68289,incendio,-5.9622,-77.0142
68306,no_incendio,-7.432415046086705,-75.62170917666255
68311,no_incendio,-7.110610391202952,-75.57270966365749
68323,incendio,-5.7354,-77.3563
68327,no_incendio,-6.831471934568246,-75.7875932896481
68330,incendio,-6.2604,-77.5991
68335,no_incendio,-7.247461423234719,-75.57023459371909
68336,no_incendio,-5.682009801127555,-77.32557014599907
68338,incendio,-6.6159,-76.5091
68339,incendio,-5.7644,-76.2498
68353,incendio,-7.145,-76.8047
68357,no_incendio,-6.308716369141198,-75.7579038479895
68362,no_incendio,-7.035328568865795,-77.4057239232557
68363,incendio,-6.1879,-76.2287
68364,no_incendio,-6.622512429028128,-75.69288323438259
68378,no_incendio,-7.186570265010596,-75.84461863050306
68387,incendio,-7.5318,-76.5609
68391,no_incendio,-7.081124602285028,-76.06087878832324
68392,no_incendio,-5.546093305557506,-76.96305959318578
68394,no_incendio,-7.204320146605171,-76.588496910205
68396,incendio,-5.9396,-76.2836
68398,incendio,-5.9791,-77.3881
68399,incendio,-6.1275,-77.0854
68400,no_incendio,-7.303191371239219,-76.86950299016307
68404,no_incendio,-5.582283481453623,-75.95562633397932
68409,incendio,-7.5655,-76.2059
68413,incendio,-7.5842,-75.7033
68417,no_incendio,-5.500738315784995,-75.59662427893288
68418,incendio,-6.2159,-76.9993
68422,incendio,-7.4387,-76.4159
68427,no_incendio,-7.346936014424016,-77.24612328998047
68428,no_incendio,-7.242465202325818,-76.82313227202141
68436,no_incendio,-7.5348116135080625,-76.04270078901092
68441,incendio,-5.7535,-76.2039
68445,incendio,-8.5848,-76.1085
68447,incendio,-5.6987,-76.4035
68449,no_incendio,-6.619578652288662,-76.97686198868091
68451,no_incendio,-5.732633885929664,-76.45507870434784
68454,incendio,-6.9042,-76.9135
68456,incendio,-6.2856,-76.7738
68458,incendio,-6.7077,-77.5655
68460,incendio,-5.7273,-76.423
68461,no_incendio,-5.343847653580683,-76.19643132056173
68462,no_incendio,-6.490391135640375,-76.20592887580928
68464,no_incendio,-7.204320146605171,-76.588496910205
68469,no_incendio,-5.4986752575716835,-76.99704879250469
68479,no_incendio,-5.5369399299131885,-77.31171501653961
68483,incendio,-7.3344,-76.5656
68486,no_incendio,-5.65675190083822,-76.2124000269003
68491,incendio,-6.8716,-76.1652
68495,no_incendio,-5.631534863423365,-75.5444078955286
68501,incendio,-7.1297,-76.9583
68506,incendio,-6.8818,-76.5543
68508,incendio,-6.297,-75.8912
68510,no_incendio,-7.523343048173316,-75.60465669486607
68513,incendio,-6.1943,-75.9159
68515,no_incendio,-6.799158296280013,-76.12149634545402
68517,incendio,-6.0592,-75.9523
68518,incendio,-7.4321,-76.5609
68519,incendio,-6.1983,-75.9846
68529,no_incendio,-5.4433732153340495,-76.71634375535739
68532,incendio,-7.3149,-76.4674
68537,no_incendio,-5.586947404667705,-76.96796502244129
68546,no_incendio,-6.902373213948052,-75.80243684170989
68550,no_incendio,-6.6832264067033,-77.40030797685029
68559,incendio,-6.7211,-76.3602
68561,no_incendio,-5.955706826060275,-77.52353123807491
68564,incendio,-6.0075,-75.9742
68570,no_incendio,-6.541834413903653,-76.37649272286701
68575,no_incendio,-6.57344451362061,-75.98407882587051
68578,no_incendio,-5.767157423041838,-75.60792843558447
68583,incendio,-8.6357,-76.3254
68586,incendio,-6.8701,-76.1524
68591,incendio,-7.0159,-76.6891
68593,incendio,-6.1552,-76.118
68594,incendio,-5.7032,-77.3947
68596,incendio,-6.9249,-76.8813
68601,incendio,-5.4806,-76.5358
68618,incendio,-6.7586,-76.635
68624,incendio,-8.7747,-76.3165
68625,no_incendio,-6.3028561898427915,-76.27802291650278
68632,incendio,-6.1639,-76.3157
68636,incendio,-7.1455,-76.563
68638,no_incendio,-7.298951884711561,-75.8714337322258
68640,incendio,-6.1149,-75.7736
68644,no_incendio,-6.038741337094879,-76.35768470937417
68646,no_incendio,-7.122938851987355,-76.92917682268381
68648,no_incendio,-5.626490573988114,-76.90197669049898
68654,incendio,-6.7192,-77.5613
68655,incendio,-5.8088,-76.142
68660,no_incendio,-6.479517291884607,-77.31045667927476
68662,incendio,-8.4935,-76.4256
68669,no_incendio,-6.7738595150234,-76.75356063625604
68670,incendio,-7.3409,-76.9543
68673,incendio,-7.1961,-77.0661
68675,incendio,-5.8958,-76.2233
68678,incendio,-6.7582,-76.1301
68681,incendio,-7.3375,-76.3833
68682,no_incendio,-6.922488599265936,-77.20347324801959
68686,incendio,-8.5019,-76.4033
68700,no_incendio,-5.592384500349762,-76.12339689137886
68701,incendio,-6.0213,-76.1716
68706,no_incendio,-6.258662070362653,-76.50630572261905
68708,incendio,-7.4663,-76.5841
68713,incendio,-7.3077,-76.5642
68714,no_incendio,-5.349324419297768,-77.32630960187535
68723,incendio,-6.7126,-76.7348
68725,no_incendio,-6.587743088391281,-75.70665174033093
68728,incendio,-8.0941,-76.6687
68735,incendio,-6.6141,-76.5023
68742,incendio,-7.245,-76.0846
68745,incendio,-6.9217,-76.6651
68748,incendio,-7.1135,-76.0728
68751,no_incendio,-6.965586863586331,-77.4440785223658
68755,no_incendio,-6.329066895240967,-77.1289458150613
68758,incendio,-6.9788,-76.1092
68760,no_incendio,-7.536324441611577,-75.98652093293225
68769,no_incendio,-6.6229879670061225,-75.80299704996388
68770,no_incendio,-7.4319891578174815,-77.15087421098383
68772,no_incendio,-6.325765977825784,-76.5205147871752
68777,no_incendio,-5.332935425847374,-77.16749151506393
68779,incendio,-6.8161,-76.1724
68783,no_incendio,-7.397102442990121,-76.86665660281676
68786,no_incendio,-7.128591277381194,-76.12302141097119
68796,incendio,-5.8419,-77.1381
68803,no_incendio,-5.451709663906019,-76.0834165906866
68804,incendio,-7.385,-76.4105
68806,no_incendio,-6.1503156162969,-75.68207577523512
68807,no_incendio,-6.741427767846081,-75.52300413513564
68812,no_incendio,-7.179164728014299,-77.26673458504925
68814,incendio,-6.7044,-76.6488
68821,no_incendio,-5.55191314269425,-76.59129090689653
68822,no_incendio,-6.859218995881019,-77.3454749772902
68827,incendio,-8.1583,-77.4779
68832,incendio,-6.6623,-76.4192
68836,incendio,-7.2349,-76.7193
68842,incendio,-7.1428,-76.354
68844,no_incendio,-5.455465993485473,-76.16419328270247
68845,incendio,-7.1204,-76.3039
68872,incendio,-7.1495,-76.5425
68876,incendio,-6.2993,-75.9086
68881,incendio,-6.7589,-76.3951
68883,no_incendio,-6.333472406743339,-75.64833382378124
68891,no_incendio,-6.961563570088446,-77.02222304631809
68892,incendio,-6.7164,-76.7139
68893,incendio,-5.7894,-76.3426
68901,no_incendio,-6.062840602584927,-76.70237486789418
68905,no_incendio,-7.288794185700048,-76.06129578328853
68912,incendio,-7.2563,-76.4943
68914,no_incendio,-6.333472406743339,-75.64833382378124
68916,incendio,-7.7534,-76.7091
68933,no_incendio,-6.1574013412773905,-75.50582251676065
68936,incendio,-6.3215,-75.8298
68938,no_incendio,-7.480945740497024,-75.88131487548965
68942,incendio,-6.39,-76.4391
68943,incendio,-6.7455,-76.5775
68947,no_incendio,-5.5904160018413185,-75.95967696851481
68949,no_incendio,-7.3239429065406565,-75.71625724817507
68950,no_incendio,-7.432415046086705,-75.62170917666255
68961,no_incendio,-6.846679592265051,-75.78055281220841
68967,incendio,-7.1767,-76.6468
68969,no_incendio,-6.542256231887758,-76.22236926601508
68971,incendio,-6.0577,-77.2126
68977,no_incendio,-5.5259385585543805,-76.78474947687066
68987,incendio,-6.9808,-76.5664
68990,incendio,-6.1615,-76.3544
68992,incendio,-6.9877,-76.8598
68995,incendio,-7.4145,-76.5381
68997,incendio,-7.0717,-76.3909
69004,incendio,-6.9092,-76.6605
69010,incendio,-5.9319,-77.0535
69014,no_incendio,-6.026656147123168,-76.76469510540855
69020,incendio,-6.2031,-75.9291
69025,incendio,-6.7807,-76.9409
69030,incendio,-6.7991,-76.1818
69034,no_incendio,-5.691703950902071,-76.93733770607169
69035,incendio,-7.8327,-77.499
69038,incendio,-7.0856,-76.9107
69039,incendio,-6.7235,-76.7319
69042,incendio,-7.0132,-76.8246
69043,incendio,-6.2561,-75.8334
69048,incendio,-6.2701,-76.6711
69049,no_incendio,-5.5463833686959125,-76.92476001499328
69051,no_incendio,-6.023168032179068,-77.26981479042486
69057,incendio,-7.5185,-76.4463
69058,no_incendio,-5.465881437617145,-76.83346258647516
69062,incendio,-7.3655,-76.7142
69066,no_incendio,-6.3805177741503645,-77.07356874423562
69069,no_incendio,-5.957368180282539,-76.7498768526133
69073,incendio,-6.2081,-75.9658
69083,no_incendio,-6.892866951927303,-75.87172300219687
69084,no_incendio,-6.161493803649726,-77.185392683239
69089,incendio,-8.4475,-76.3825
69091,incendio,-6.5452,-75.5822
69105,incendio,-6.9441,-76.7083
69113,no_incendio,-5.441244045280792,-76.19936571316805
69118,incendio,-6.027,-76.3158
69119,no_incendio,-6.946999930209273,-76.16347768392615
69123,no_incendio,-7.495613592310532,-75.66310159178755
69125,incendio,-6.1284,-76.3195
69129,no_incendio,-5.976473792691887,-77.521298056028
69138,no_incendio,-6.846227548420243,-77.09414313428448
69147,no_incendio,-7.173287597971678,-76.70987433367677
69150,incendio,-6.2497,-77.2625
69151,incendio,-6.5094,-76.7145
69154,no_incendio,-7.132724984642544,-76.76764396887705
69161,incendio,-7.3074,-77.6786
69163,incendio,-8.171,-76.4661
69165,no_incendio,-7.18387555277713,-76.55534207208011
69169,incendio,-6.1041,-77.043
69175,incendio,-7.2638,-76.7679
69178,no_incendio,-6.777339583024972,-77.16983093641421
69188,incendio,-5.5917,-76.6692
69191,no_incendio,-6.695225096779551,-76.23948893389061
69193,incendio,-6.7989,-76.096
69196,incendio,-6.06,-75.9709
69201,no_incendio,-6.5603093207023875,-76.81459925787705
69205,incendio,-6.8033,-76.541
69220,incendio,-8.4465,-76.4249
69224,no_incendio,-6.971890891507541,-75.84725150741345
69226,no_incendio,-6.822682837524565,-76.01658832939721
69234,incendio,-8.6638,-76.7624
69237,no_incendio,-5.657826113607748,-77.0484188289704
69243,incendio,-6.5012,-76.8206
69245,no_incendio,-6.685185816424632,-76.91349326123884
69248,incendio,-7.5079,-76.2407
69265,no_incendio,-5.4986752575716835,-76.99704879250469
69270,incendio,-7.6685,-76.4856
69277,no_incendio,-5.7595902055188795,-75.77924853201874
69285,no_incendio,-5.789563027304849,-76.53201355790475
69293,no_incendio,-7.1211989995442275,-77.24932556813594
69296,incendio,-6.3098,-76.8381
69299,no_incendio,-7.233124705417647,-77.12066793132318
69301,incendio,-6.8337,-76.5477
69305,no_incendio,-6.08674868659818,-77.38664384875209
69316,incendio,-7.2932,-76.6244
69323,incendio,-6.8701,-76.933
69332,incendio,-6.1311,-76.9152
69335,incendio,-6.807,-76.4052
69336,no_incendio,-6.2190640726250495,-76.93105958473025
69338,incendio,-6.9924,-76.9075
69340,no_incendio,-6.23478792603882,-76.18381610836184
69348,incendio,-7.764,-76.6727
69349,no_incendio,-7.491547550658209,-77.41447872545433
69353,no_incendio,-7.587620813063947,-76.03285942876866
69362,incendio,-6.5421,-76.4843
69371,no_incendio,-7.485621627002571,-76.9594043618508
69372,no_incendio,-5.702153316153597,-75.54463550563808
69389,no_incendio,-5.7103480025675015,-77.41410373684516
69394,incendio,-7.2603,-77.6495
69395,no_incendio,-6.162915042417179,-77.15261169414305
69396,incendio,-6.145,-76.1968
69404,incendio,-8.5351,-76.3591
69409,incendio,-5.7666,-77.394
69411,incendio,-6.8983,-76.8894
69415,no_incendio,-5.397648721010737,-76.34314573163867
69416,incendio,-7.4707,-76.6897
69417,incendio,-7.0263,-76.5583
69421,incendio,-6.0808,-77.7477
69424,no_incendio,-7.433029202252227,-75.6952599290436
69426,incendio,-6.8495,-76.5033
69434,incendio,-8.5491,-76.5193
69440,no_incendio,-7.459517004149713,-75.65348895495933
69443,no_incendio,-5.561294814825637,-75.74902836133377
69459,incendio,-7.1801,-76.067
69462,no_incendio,-5.452511328645989,-77.32229773796371
69469,incendio,-5.5315,-75.8834
69478,incendio,-6.0885,-76.0357
69479,incendio,-8.7639,-76.2661
69480,incendio,-5.6822,-77.5516
69495,no_incendio,-7.245236344594437,-75.87140818649081
69501,incendio,-6.4774,-77.3524
69516,no_incendio,-6.007162927883913,-76.5503319635523
69518,no_incendio,-6.2062844027818835,-77.2816967062703
69527,no_incendio,-6.394447416910339,-77.43791713673666
69533,incendio,-6.7218,-76.6425
69542,incendio,-7.2199,-76.8419
69544,no_incendio,-5.618910457397299,-76.39046295133087
69554,incendio,-7.1386,-76.0969
69561,incendio,-6.9956,-76.154
69564,no_incendio,-6.181570378698443,-77.2403974842685
69570,incendio,-6.0536,-75.9361
69575,no_incendio,-5.869842375317225,-75.95286206170579
69581,no_incendio,-6.18702118811894,-77.34328610788602
69587,incendio,-6.7786,-76.1522
69589,incendio,-8.6147,-76.6766
69591,no_incendio,-5.329749843854847,-75.71078811690217
69592,incendio,-6.8022,-76.8061
69594,no_incendio,-6.959314262350769,-76.76578066872496
69595,incendio,-5.7899,-77.4156
69598,incendio,-7.2243,-76.5078
69605,no_incendio,-6.324852338083002,-77.32158487709337
69606,incendio,-6.2548,-77.0616
69620,incendio,-8.3558,-76.3941
69626,incendio,-5.8178,-76.5315
69627,incendio,-8.3539,-76.3014
69635,no_incendio,-6.2585048621667685,-76.21326265306386
69636,incendio,-6.0251,-76.9567
69652,no_incendio,-7.506544236901732,-77.50246102993648
69654,no_incendio,-6.152183459458481,-75.52419970077695
69656,no_incendio,-7.4582565567314925,-76.8374558308584
69661,incendio,-6.2782,-75.8804
69662,incendio,-5.7611,-77.32
69665,incendio,-8.3317,-76.3624
69666,no_incendio,-6.189900798297541,-77.11922448268243
69673,no_incendio,-6.4156514594615395,-77.50323228806793
69674,incendio,-7.0435,-77.7278
69678,incendio,-7.3087,-76.049
69680,incendio,-7.3956,-76.4251
69687,incendio,-8.3887,-76.7559
69688,incendio,-8.6149,-76.7346
69689,no_incendio,-6.260382263964365,-75.66215989353373
69696,incendio,-6.7896,-76.3886
69697,no_incendio,-5.940833223348477,-76.76215332326328
69701,incendio,-5.7129,-76.1817
69709,incendio,-7.2624,-76.632
69717,no_incendio,-6.94200325407077,-76.26001952788216
69718,incendio,-5.9376,-75.9552
69719,no_incendio,-6.490391135640375,-76.20592887580928
69721,incendio,-7.3584,-76.89
69722,incendio,-6.3884,-76.683
69724,no_incendio,-6.402507911708669,-75.63264270737905
69730,incendio,-6.8452,-76.2662
69740,incendio,-7.1475,-76.5495
69741,incendio,-6.8409,-76.614
69744,incendio,-7.3153,-76.5459
69752,incendio,-6.7452,-76.678
69759,no_incendio,-6.7183540623229865,-77.22771131243218
69761,no_incendio,-7.537645825070388,-77.33447245653781
69763,no_incendio,-6.200171336468845,-76.47517852395984
69764,incendio,-6.8731,-76.1744
69765,no_incendio,-6.833720284532176,-77.09053083344739
69767,no_incendio,-7.035328568865795,-77.4057239232557
69769,incendio,-7.6303,-76.5112
69772,incendio,-6.4535,-75.8209
69777,no_incendio,-6.998414939340265,-75.67912715079014
69780,no_incendio,-7.047404652384161,-75.9921217029406
69781,incendio,-8.6472,-76.3293
69790,no_incendio,-5.588125457302943,-77.46080617284144
69795,incendio,-8.4509,-76.289
69798,incendio,-6.6361,-76.2116
69799,no_incendio,-6.061127541678445,-77.3300358732125
69805,incendio,-6.7638,-76.8616
69807,no_incendio,-6.8707527834716435,-77.1546220579287
69808,incendio,-8.1082,-76.639
69810,incendio,-7.0561,-76.2802
69811,incendio,-5.7871,-77.2353
69818,no_incendio,-6.953777990970317,-76.5586078961979
69822,no_incendio,-5.97958938141772,-75.97696588702247
69828,no_incendio,-5.715242133239665,-75.6692049037983
69831,no_incendio,-7.309838483592369,-76.99515991704935
69837,incendio,-5.7617,-77.5077
69842,no_incendio,-6.4985912391976255,-76.97886285295857
69850,incendio,-7.235,-76.4296
69856,no_incendio,-5.695046426207607,-76.82428560854454
69866,no_incendio,-6.456445234793438,-77.37382860861014
69868,incendio,-5.946,-76.4444
69872,incendio,-8.6322,-76.2963
69874,no_incendio,-6.9712876814104,-75.72933923833854
69875,incendio,-7.0317,-76.6623
69876,no_incendio,-7.589730303914846,-76.05435857716274
69878,no_incendio,-6.2816422432891255,-75.61454508391762
69880,incendio,-7.8281,-77.4848
69886,incendio,-6.1159,-76.1526
69889,incendio,-7.1384,-76.0747
69895,no_incendio,-6.812990607089626,-75.70820307560577
69897,incendio,-6.6961,-77.326
69899,incendio,-5.6651,-76.5489
69902,incendio,-7.3337,-76.3138
69907,incendio,-6.9081,-76.4072
69919,no_incendio,-6.559185707653601,-77.1814362546677
69930,no_incendio,-7.108875568796339,-76.54317690372051
69932,no_incendio,-5.316700367183811,-76.26596491615018
69946,incendio,-6.0447,-76.2402
69950,no_incendio,-7.321172600418316,-77.03516400852085
69953,incendio,-6.958,-76.5038
69957,no_incendio,-5.946515429749496,-77.17416988943258
69964,no_incendio,-7.143611941895854,-76.83926289395374
69972,no_incendio,-5.733303330887296,-76.64353813041618
69973,incendio,-6.8762,-76.8607
69975,incendio,-6.4831,-76.7722
69976,incendio,-6.6397,-76.1437
69982,incendio,-6.7124,-76.713
69983,incendio,-6.3954,-75.7307
69985,incendio,-7.0398,-76.816
69987,no_incendio,-6.444054607789215,-75.60852282337595
69992,incendio,-6.3765,-76.6361
69993,incendio,-6.8954,-76.9258
69994,no_incendio,-6.7893125147185724,-75.8130856477531
69996,no_incendio,-6.812990607089626,-75.70820307560577
69998,incendio,-6.58,-76.1249
70001,no_incendio,-6.001439366513391,-76.98820534580602
70003,no_incendio,-7.52002816732032,-76.85728021112728
70004,no_incendio,-5.853989818371729,-76.78866763757419
70006,incendio,-6.0154,-76.3425
70008,incendio,-8.0544,-76.6358
70017,incendio,-7.3547,-76.6084
70020,incendio,-6.7098,-76.4942
70021,no_incendio,-5.915658751464713,-77.38575524652865
70022,no_incendio,-6.965586863586331,-77.4440785223658
70027,no_incendio,-6.736094048254664,-75.79047035285556
70030,incendio,-6.9844,-76.6767
70032,incendio,-6.9851,-76.9137
70033,no_incendio,-6.216596629515713,-76.33055988016247
70037,no_incendio,-6.929766621277843,-76.9486595645204
70038,no_incendio,-5.871823711573395,-77.09814467361281
70042,no_incendio,-6.899424280300874,-76.07403591805503
70047,incendio,-6.9146,-76.7057
70049,incendio,-7.5182,-76.2183
70055,incendio,-7.2,-77.0691
70058,no_incendio,-6.737059261843657,-77.50234796745673
70060,incendio,-5.7528,-76.2539
70066,incendio,-6.7549,-76.7046
70067,incendio,-7.0092,-76.5456
70069,incendio,-7.0775,-77.6533
70078,no_incendio,-7.449590892373755,-76.60010791486725
70082,no_incendio,-6.300702389014246,-76.09062532956851
70108,no_incendio,-6.590453070259288,-76.04913179233263
70111,incendio,-7.1877,-76.3708
70126,incendio,-7.3202,-75.5752
70136,incendio,-6.1105,-76.2855
70140,incendio,-7.3177,-76.6256
70145,no_incendio,-7.357911846364595,-77.10667831143273
70146,incendio,-7.5765,-77.4537
70151,incendio,-7.3193,-76.9052
70153,incendio,-7.2018,-76.4716
70154,no_incendio,-5.702364736345534,-76.72144500150783
70155,incendio,-6.4682,-76.8499
70161,incendio,-6.92,-76.4929
70162,incendio,-7.2951,-76.4213
70168,no_incendio,-6.603103679284163,-76.5352543472929
70174,incendio,-5.7236,-75.8443
70177,no_incendio,-6.801666192426729,-76.32704638741743
70178,no_incendio,-5.839270188717535,-77.49668062311541
70180,no_incendio,-5.699419411757933,-76.10583548301037
70182,no_incendio,-7.415686202537784,-75.85189468645096
70184,incendio,-7.5322,-76.5376
70201,no_incendio,-5.977250221064096,-76.70445078164089
70209,no_incendio,-7.5993037570991975,-77.49364640835546
70212,incendio,-6.1672,-76.2368
70213,incendio,-5.9398,-75.9527
70216,incendio,-6.4769,-77.5331
70222,incendio,-6.839,-76.7611
70223,no_incendio,-6.619578652288662,-76.97686198868091
70224,incendio,-6.3091,-75.918
70225,no_incendio,-5.746784627492212,-75.78617751665539
70226,incendio,-7.3497,-76.8999
70233,no_incendio,-6.2554801571250565,-76.43574997258422
70239,no_incendio,-5.707217935164065,-76.52295370572979
70244,incendio,-8.3361,-76.5882
70249,incendio,-6.9252,-76.4378
70250,incendio,-6.7009,-76.7716
70253,incendio,-7.1515,-76.2507
70254,incendio,-6.157,-76.9579
70260,incendio,-7.1468,-76.572
70263,incendio,-7.0411,-76.6176
70268,no_incendio,-5.9729308547052575,-77.19584889522876
70275,incendio,-7.3231,-76.7675
70276,incendio,-8.0808,-76.6582
70282,incendio,-6.7519,-76.1363
70290,incendio,-7.064,-76.8484
70294,incendio,-6.7661,-76.3636
70296,incendio,-6.3682,-75.9283
70301,no_incendio,-6.787959079277664,-75.64572689392233
70305,incendio,-8.2595,-76.3158
70307,no_incendio,-7.408503653357758,-76.24578800464187
70312,no_incendio,-7.199216978961617,-75.9477990392911
70313,no_incendio,-6.237634518264563,-76.93733978052377
70316,no_incendio,-5.941437702339227,-76.71661667859928
70318,incendio,-6.7436,-76.5864
70322,incendio,-8.2835,-76.6015
70327,no_incendio,-6.727398434306363,-77.48848492382807
70330,no_incendio,-5.7038552844593475,-76.24937639790886
70332,no_incendio,-5.6976044499375105,-76.64278583121316
70337,no_incendio,-5.522972759309926,-75.80819311512354
70338,incendio,-8.6045,-76.8924
70349,no_incendio,-6.617504610391747,-77.25647472773994
70353,no_incendio,-5.519172911219698,-76.89133916809088
70357,no_incendio,-5.607896245919547,-76.37910922472966
70360,no_incendio,-6.271888529403575,-75.79765684657775
70372,incendio,-6.9413,-76.6042
70373,incendio,-7.0612,-76.2754
70374,incendio,-6.9403,-76.7274
70376,incendio,-6.2541,-76.1521
70377,no_incendio,-6.216596629515713,-76.33055988016247
70379,no_incendio,-6.416369783766856,-77.46099434503463
70383,no_incendio,-5.867914432983562,-76.93835853406706
70390,incendio,-6.5714,-76.5593
70391,incendio,-6.2293,-76.1171
70396,incendio,-5.8626,-77.0884
70397,incendio,-6.8241,-77.7622
70403,incendio,-6.7193,-76.8102
70404,incendio,-6.5493,-76.0616
70413,no_incendio,-6.402507911708669,-75.63264270737905
70417,no_incendio,-5.563302307050842,-76.50751783358145
70418,incendio,-6.0201,-77.0884
70425,no_incendio,-6.534953195140333,-76.18456106043952
70426,incendio,-7.413,-76.6958
70427,no_incendio,-7.584063938890335,-77.08532363724217
70430,incendio,-6.0934,-76.3366
70436,no_incendio,-7.457798199513177,-76.25066528876945
70449,no_incendio,-6.539751025490163,-75.79612657062603
70456,no_incendio,-5.763649060823176,-76.26292282199367
70460,no_incendio,-7.429446375356516,-77.21947961761848
70461,no_incendio,-5.4433732153340495,-76.71634375535739
70471,no_incendio,-7.232373566693578,-77.33989801092913
70473,incendio,-7.295,-76.807
70477,incendio,-7.0651,-76.8723
70478,incendio,-6.7758,-76.2224
70484,no_incendio,-5.382544750033527,-75.77853597502654
70488,incendio,-6.778,-76.6813
70495,no_incendio,-7.1816270512499,-75.96620433389496
70499,incendio,-5.9363,-77.1536
70506,incendio,-8.6545,-76.3864
70512,no_incendio,-5.991944937539925,-75.60778625331145
70516,incendio,-6.3117,-76.7772
70530,incendio,-7.466,-76.3927
70535,no_incendio,-6.827947755317633,-77.24078320536096
70537,incendio,-7.3581,-76.6017
70539,incendio,-7.0796,-76.6128
70545,incendio,-8.0703,-76.7281
70549,incendio,-7.5005,-76.5282
70552,incendio,-7.314,-76.6979
70554,no_incendio,-5.888892522225688,-76.77144344906966
70560,no_incendio,-5.525266717128592,-75.70624108601852
70561,incendio,-7.3501,-76.8806
70566,incendio,-8.3777,-76.2197
70567,no_incendio,-6.845471207648621,-76.36886322454563
70568,no_incendio,-7.4438050568529475,-75.8809717620132
70571,incendio,-8.1506,-77.0935
70575,no_incendio,-5.304618892030704,-75.54825226766168
70584,no_incendio,-7.010865933982342,-76.63167881965191
70589,incendio,-7.3501,-76.6899
70594,incendio,-6.2539,-75.7758
70596,incendio,-6.502,-77.0204
70607,no_incendio,-5.875159377973664,-77.1185525314163
70608,incendio,-7.1722,-76.4472
70610,no_incendio,-6.3805177741503645,-77.07356874423562
70611,incendio,-7.0612,-76.2869
70620,incendio,-8.281,-76.3329
70623,no_incendio,-5.804055235179965,-77.4451366120588
70624,incendio,-7.1738,-76.3876
70626,incendio,-5.9674,-76.1319
70628,incendio,-5.7503,-76.5154
70635,no_incendio,-5.450455855055424,-76.00497644122908
70636,no_incendio,-5.767577808825913,-75.75625284767814
70638,no_incendio,-7.56354574516261,-76.00460014183221
70640,incendio,-7.0529,-76.6805
70644,no_incendio,-6.559185707653601,-77.1814362546677
70653,incendio,-5.6273,-75.9403
70654,incendio,-7.0128,-76.5884
70655,no_incendio,-6.136911310096428,-77.0902535793698
70659,no_incendio,-5.546857195256127,-75.81190178678054
70661,incendio,-7.0584,-76.9687
70664,incendio,-6.6,-77.51
70670,no_incendio,-5.812760524192122,-77.54920790478845
70675,incendio,-6.684,-76.6601
70676,no_incendio,-6.595830198454336,-76.87085544617783
70679,incendio,-7.1242,-76.4033
70681,incendio,-6.4543,-75.707
70682,no_incendio,-6.040209440060914,-75.6194334979568
70693,no_incendio,-5.870407571755855,-76.43899593158982
70696,no_incendio,-7.597875070160168,-76.24368895263702
70698,incendio,-6.1068,-76.0013
70705,incendio,-7.8799,-76.6788
70708,incendio,-6.1253,-76.315
70718,incendio,-5.9599,-76.2008
70726,no_incendio,-7.321172600418316,-77.03516400852085
70728,incendio,-7.2178,-76.8095
70730,incendio,-7.9599,-76.6962
70731,no_incendio,-6.664383213747135,-77.16631140190985
70734,incendio,-5.6915,-76.6185
70745,incendio,-6.1048,-76.8637
70747,no_incendio,-7.277740388513622,-77.219832932029
70755,incendio,-7.2759,-76.1044
70763,incendio,-7.0404,-76.1133
70764,incendio,-7.0436,-76.2208
70766,incendio,-6.9721,-76.9071
70778,incendio,-7.2934,-76.8482
70783,incendio,-7.3646,-76.4
70791,incendio,-7.219,-76.6275
70792,incendio,-5.8284,-77.3622
70793,incendio,-6.8844,-76.5627
70803,incendio,-6.0631,-77.1936
70804,incendio,-6.4332,-76.3996
70805,incendio,-7.1162,-76.7561
70806,incendio,-6.1614,-76.8181
70809,no_incendio,-6.237093114939267,-75.7117789331342
70811,incendio,-7.112,-76.4395
70816,no_incendio,-6.7911860867707,-76.3184609362465
70820,incendio,-7.1535,-76.5911
70821,incendio,-8.1224,-76.6104
70822,no_incendio,-5.463870053471811,-75.65012298252523
70825,incendio,-7.4513,-76.698
70830,incendio,-7.2339,-76.4528
70833,incendio,-6.4403,-75.7508
70838,incendio,-6.0242,-76.2838
70840,no_incendio,-6.974678823081742,-77.45775985292939
70845,incendio,-8.502,-76.353
70846,incendio,-7.0755,-76.4098
70849,incendio,-8.6032,-76.3354
70852,no_incendio,-5.9130091622376435,-77.42859659593488
70855,incendio,-6.7802,-76.8192
70856,incendio,-7.1179,-76.7008
70859,no_incendio,-6.929539925837722,-76.05337955826667
70862,no_incendio,-6.931488241799888,-76.75916732730077
70865,no_incendio,-7.496239899438951,-76.29662903245722
70867,no_incendio,-5.776890989468168,-77.17544694472763
70869,incendio,-5.9784,-76.2446
70870,no_incendio,-7.547362899320046,-75.73565468655677
70872,no_incendio,-6.40519633681147,-77.40140623826653
70873,incendio,-8.6838,-76.3256
70874,no_incendio,-6.228351070264562,-77.26637950725386
70876,no_incendio,-5.4225864404931166,-77.44996456310464
70887,no_incendio,-5.525473635438348,-76.97243620940135
70890,no_incendio,-7.233369543625463,-75.83176043083628
70892,no_incendio,-5.522972759309926,-75.80819311512354
70894,no_incendio,-7.3138551861663785,-76.44974049103283
70896,no_incendio,-7.276587033646778,-76.71291357389988
70898,incendio,-6.2868,-75.9275
70901,no_incendio,-5.841084064265475,-76.47146316885033
70913,no_incendio,-7.523779550040388,-76.57430086125386
70918,incendio,-7.4332,-76.5864
70924,no_incendio,-5.531709345051456,-76.12800515028563
70935,incendio,-5.7599,-77.3389
70940,incendio,-5.9181,-77.3387
70941,incendio,-7.2142,-76.304
70946,no_incendio,-7.010242517235748,-76.48324440357516
70947,no_incendio,-7.318729401485612,-76.81445384525996
70955,incendio,-5.8297,-77.1998
70960,no_incendio,-6.558646082464617,-76.16096804971144
70969,incendio,-7.3796,-76.784
70971,incendio,-7.5513,-76.475
70972,no_incendio,-6.236752944768423,-75.59185038594902
70973,no_incendio,-5.65611924902812,-76.450948774078
70976,incendio,-5.6116,-77.6377
70983,incendio,-5.9362,-76.2716
70988,incendio,-5.8053,-76.4931
70989,incendio,-7.7132,-76.5051
70991,incendio,-8.4903,-76.4646
70998,incendio,-5.4707,-76.7848
71001,incendio,-7.378,-76.7106
71012,no_incendio,-6.842130861811311,-76.61529209965812
71015,incendio,-7.2093,-76.3744
71016,incendio,-7.2786,-76.6992
71021,no_incendio,-5.665031141499033,-76.55743995217303
71054,incendio,-7.3454,-76.7425
71061,incendio,-6.2989,-76.3162
71063,no_incendio,-5.307511492937007,-75.87055498280709
71070,no_incendio,-7.192676000546934,-77.13476748134192
71072,incendio,-5.8822,-75.9844
71073,incendio,-5.9526,-75.996
71094,no_incendio,-6.822682837524565,-76.01658832939721
71097,incendio,-5.6999,-76.2671
71099,no_incendio,-7.063019746501072,-77.52481749302208
71102,incendio,-7.4408,-76.5927
71105,no_incendio,-7.347666513055251,-77.19530347019538
71118,incendio,-7.3856,-76.8326
71130,incendio,-8.4655,-76.3942
71133,no_incendio,-7.388452210624765,-77.20638603731945
71142,incendio,-6.475,-76.4742
71147,incendio,-7.5078,-76.4545
71149,incendio,-7.0966,-76.1184
71155,incendio,-6.6834,-76.478
71159,incendio,-5.7655,-76.5345
71160,no_incendio,-6.7893125147185724,-75.8130856477531
71161,no_incendio,-7.241827770839374,-75.55383362888189
71163,incendio,-7.2752,-77.0583
71165,no_incendio,-6.6229879670061225,-75.80299704996388
71166,incendio,-7.3224,-76.5834
71167,incendio,-6.2322,-76.0243
71170,no_incendio,-5.908177822401652,-76.8838396640829
71173,no_incendio,-6.074232738963784,-75.5615873787058
71178,no_incendio,-6.064542854980353,-77.18213602611725
71179,incendio,-5.7403,-76.0796
71181,incendio,-7.3637,-76.7106
71184,incendio,-6.7377,-76.6315
71186,incendio,-7.1097,-76.4604
71190,no_incendio,-6.819960436835468,-75.76204305997081
71191,incendio,-6.1367,-76.2609
71196,incendio,-7.2828,-77.5783
71213,no_incendio,-5.634222890340759,-76.43789808900263
71216,no_incendio,-7.292676783205119,-75.82456526450503
71218,no_incendio,-7.575264155010306,-76.7671801072031
71227,incendio,-8.4327,-77.1
71237,incendio,-6.7879,-76.5388
71238,incendio,-7.8474,-77.4662
71245,no_incendio,-5.849265187399489,-77.52081578278697
71246,incendio,-5.7653,-77.3641
71247,incendio,-6.3482,-75.7141
71257,no_incendio,-7.153254312142147,-75.61931012295983
71263,incendio,-6.5122,-77.272
71264,incendio,-5.6711,-77.5428
71265,no_incendio,-6.468598557394471,-76.29833017428093
71267,incendio,-7.2934,-76.9479
71274,no_incendio,-6.774947131584925,-76.00722166007617
71281,no_incendio,-7.582363301360768,-76.43607509989434
71283,incendio,-6.8184,-76.6749
71284,incendio,-8.6191,-76.6964
71289,no_incendio,-6.602549423318465,-77.00681560184587
71292,no_incendio,-5.930404217360228,-76.53983487852608
71309,no_incendio,-6.638936461882343,-76.98044793632914
71311,no_incendio,-7.287912531535466,-77.51954103984086
71315,no_incendio,-5.544976635100384,-76.33130727413504
71318,incendio,-8.2981,-76.5478
71322,incendio,-8.6591,-76.1514
71323,no_incendio,-7.412957121399091,-77.21617404571616
71325,incendio,-7.307,-77.5772
71326,no_incendio,-5.748428283636171,-75.60096771532396
71335,no_incendio,-6.40519633681147,-77.40140623826653
71341,no_incendio,-6.671397085491674,-75.72724206195927
71351,incendio,-5.8529,-76.1677
71354,no_incendio,-5.402348170521421,-77.02463779239379
71363,no_incendio,-5.380924923914102,-76.12851157268119
71364,no_incendio,-6.594872736761388,-76.81244710228094
71365,no_incendio,-5.747916301571042,-76.94248947046277
71367,no_incendio,-7.225892265359727,-76.0093087691897
71373,no_incendio,-7.181016545835497,-77.14662187463146
71377,no_incendio,-6.36044395346056,-75.72277954497737
71382,no_incendio,-6.79327379780416,-76.83578661930616
71385,incendio,-6.1547,-76.2656
71386,no_incendio,-6.590197592397879,-75.98025100323518
71396,no_incendio,-6.310252900156727,-75.63690302476967
71399,no_incendio,-5.6897437871119,-77.10615819747757
71400,no_incendio,-6.5273014114668,-77.07055670023018
71408,incendio,-8.3877,-76.4185
71411,no_incendio,-6.7893125147185724,-75.8130856477531
71424,no_incendio,-5.323979357908248,-75.76496426046252
71425,incendio,-5.8772,-75.9449
71440,no_incendio,-6.187799355462546,-77.0520465624197
71441,incendio,-6.0542,-76.3245
71454,incendio,-7.3173,-76.7125
71464,no_incendio,-6.095756407316532,-77.30841425266888
71473,incendio,-6.1422,-76.1631
71474,incendio,-5.762,-77.3208
71480,incendio,-7.5141,-76.5311
71491,incendio,-6.5986,-76.1163
71502,incendio,-6.7351,-76.7544
71503,incendio,-8.0473,-76.6636
71504,incendio,-6.7155,-76.7305
71505,incendio,-6.1,-76.0432
71506,no_incendio,-7.314921869709458,-75.6262107073791
71513,incendio,-5.7249,-75.7058
71517,incendio,-7.5776,-76.504
71521,incendio,-6.8034,-76.1494
71525,incendio,-5.7393,-76.4031
71547,incendio,-6.3375,-76.5899
71551,incendio,-6.9538,-76.4857
71558,no_incendio,-6.045557480896305,-76.73042918045354
71561,incendio,-6.6447,-76.6384
71567,no_incendio,-7.126628531945264,-77.1694503862003
71571,no_incendio,-6.165729925483304,-75.50698017130118
71576,no_incendio,-7.454820191858604,-77.06390769959336
71577,incendio,-6.368,-76.4774
71579,no_incendio,-6.248030507497377,-77.52671049342304
71580,no_incendio,-6.709233322192638,-77.51049806027564
71582,no_incendio,-7.392389482278091,-76.3604718116053
71600,incendio,-7.3637,-77.6714
71604,incendio,-6.1129,-76.1567
71609,incendio,-7.5733,-77.4731
71610,no_incendio,-5.659847709526774,-75.83935663792408
71613,incendio,-7.3308,-76.7169
71617,no_incendio,-5.655403371061297,-77.22066038141541
71620,incendio,-8.3303,-76.2904
71625,no_incendio,-7.433029202252227,-75.6952599290436
71629,incendio,-6.0163,-76.2868
71632,incendio,-8.4588,-76.2658
71638,incendio,-8.163,-77.2361
71639,incendio,-8.1457,-76.5253
71643,incendio,-7.4279,-76.5452
71645,no_incendio,-5.41517785771272,-76.05115692097354
71655,no_incendio,-5.913375544586391,-77.02153912778006
71656,incendio,-6.7182,-76.1382
71660,incendio,-8.0395,-76.7327
71666,no_incendio,-6.237007995955339,-77.29653920345977
71668,incendio,-8.518,-76.4488
71676,no_incendio,-7.311635265992554,-75.85999069910886
71677,no_incendio,-6.802375216185101,-76.58944416230916
71684,incendio,-6.9107,-76.8657
71690,no_incendio,-6.18702118811894,-77.34328610788602
71702,incendio,-8.1792,-76.6286
71710,incendio,-7.3908,-76.6282
71711,no_incendio,-6.6046403916429695,-76.28478273774354
71712,no_incendio,-5.6011690570737915,-76.70090683859456
71734,no_incendio,-7.1695522446443345,-76.10103400972879
71739,incendio,-6.6735,-76.753
71740,no_incendio,-7.49572574357337,-75.97213125228711
71742,no_incendio,-5.945782975612446,-75.78933619991895
71744,incendio,-7.1954,-76.4994
71748,no_incendio,-5.31179064282697,-75.78618195501585
71749,no_incendio,-6.260923080518788,-75.61074627640608
71750,no_incendio,-5.3902001479588,-77.1291902290787
71753,no_incendio,-6.87454750287368,-76.95714014507665
71756,no_incendio,-6.113161344070998,-75.7616050051639
71758,no_incendio,-6.834902492352533,-77.15059777266319
71761,incendio,-5.7549,-76.267
71768,incendio,-7.5396,-76.1989
71770,incendio,-6.8571,-76.792
71784,no_incendio,-6.536547874138972,-77.31298293788737
71787,incendio,-5.7288,-75.6955
71788,incendio,-6.687,-76.682
71792,no_incendio,-7.149862558736682,-77.09989679523933
71794,no_incendio,-6.736884280770205,-76.9775738185435
71796,incendio,-7.1263,-76.3511
71797,no_incendio,-6.876747971648932,-77.24294547673294
71804,incendio,-6.9779,-76.6455
71812,incendio,-7.3097,-76.6582
71815,no_incendio,-6.400338002031925,-76.1292712340201
71820,no_incendio,-7.269040165613338,-76.9103123983766
71821,no_incendio,-6.165139577023006,-77.17733248367045
71823,incendio,-5.7735,-76.3796
71827,incendio,-6.5837,-76.7982
71828,incendio,-7.1469,-76.3545
71836,no_incendio,-6.351517341637376,-77.31017116176967
71839,incendio,-7.1232,-76.2925
71841,incendio,-5.7902,-76.3959
71845,no_incendio,-5.977250221064096,-76.70445078164089
71847,no_incendio,-6.173497385338977,-77.08001241103895
71857,no_incendio,-5.335389403596253,-76.01475499828726
71860,no_incendio,-6.006937780860308,-77.45432250461575
71861,incendio,-5.3404,-76.7818
71866,no_incendio,-6.252480366224789,-76.488140203218
71876,no_incendio,-6.026471909112164,-76.38280873739679
71891,no_incendio,-5.866539639068574,-77.22687497991105
71892,no_incendio,-6.802375216185101,-76.58944416230916
71901,no_incendio,-6.602549423318465,-77.00681560184587
71905,incendio,-6.6557,-76.6249
71913,no_incendio,-6.141100932072808,-75.82733820285651
71915,incendio,-7.2739,-76.5188
71920,no_incendio,-7.3383676381877665,-77.39694154174633
71926,no_incendio,-5.91369294253363,-76.91673941934057
71931,incendio,-5.8294,-77.1201
71933,incendio,-5.6922,-76.6212
71934,no_incendio,-6.336768480146276,-75.8898744780929
71941,incendio,-8.6122,-76.3126
71942,no_incendio,-6.781601843650596,-77.34861421933648
71943,incendio,-5.9314,-76.4795
71949,no_incendio,-7.017832061015762,-77.13978816386988
71952,incendio,-5.76,-77.3034
71953,incendio,-7.264,-76.8409
71959,no_incendio,-6.942054443870175,-75.88451122317879
71961,incendio,-7.1676,-76.4996
71963,incendio,-7.0728,-76.1203
71966,no_incendio,-6.850119921397431,-77.18105441991001
71967,incendio,-6.3866,-76.6956
71978,no_incendio,-5.9343288832648255,-75.71284400291329
71980,no_incendio,-7.38891296125344,-75.60819465870141
71984,no_incendio,-5.5670313248345,-75.99876018929933
72011,no_incendio,-6.691674214621824,-77.20756079690301
72012,no_incendio,-6.994018548876931,-77.44340810717631
72016,incendio,-8.2487,-76.5818
72018,no_incendio,-6.662875308176205,-76.42972525647028
72021,incendio,-7.1237,-76.8822
72025,no_incendio,-7.110610391202952,-75.57270966365749
72026,no_incendio,-5.876670821018357,-77.35096983439296
72030,no_incendio,-5.636606643396935,-75.65023157423232
72043,no_incendio,-6.9973012484497445,-77.4510550557952
72044,no_incendio,-5.6727531578346015,-77.41986068936593
72051,incendio,-6.8917,-76.1921
72052,no_incendio,-7.227645324559791,-75.66978466195862
72056,no_incendio,-5.3992279096164255,-77.51525342091976
72057,incendio,-7.3523,-76.7017
72069,no_incendio,-6.902373213948052,-75.80243684170989
72075,incendio,-7.3629,-76.749
72077,incendio,-7.353,-76.7349
72078,no_incendio,-6.141100932072808,-75.82733820285651
72088,incendio,-6.0628,-76.309
72089,no_incendio,-6.4643629782720495,-76.22804730377794
72094,incendio,-7.0588,-76.2957
72096,incendio,-5.8221,-76.207
72098,incendio,-5.7436,-77.3834
72099,no_incendio,-6.04175420458928,-75.6154818462728
72105,no_incendio,-6.1305152501535805,-77.20692971202396
72106,no_incendio,-6.427611857268102,-77.39761535548438
72109,no_incendio,-5.899739172279481,-75.62561076754551
72115,no_incendio,-5.6819042694428346,-76.21370978152449
72118,no_incendio,-5.6897437871119,-77.10615819747757
72119,incendio,-6.2501,-75.9273
72123,no_incendio,-5.3838831063176515,-76.49104845789617
72124,incendio,-6.2875,-76.2203
72125,incendio,-5.9789,-75.9464
72126,no_incendio,-7.261878534754229,-75.78596746234152
72128,incendio,-6.9715,-76.5474
72129,no_incendio,-6.173497385338977,-77.08001241103895
72130,incendio,-6.7154,-76.6278
72141,no_incendio,-6.890502660955485,-77.28521359628384
72145,incendio,-8.4398,-76.9969
72150,incendio,-6.8441,-76.4866
72154,incendio,-5.7181,-76.6688
72158,incendio,-7.6989,-76.7384
72160,no_incendio,-6.763422719650261,-75.74420107703415
72164,incendio,-6.2444,-75.9001
72169,incendio,-7.1873,-76.3737
72173,no_incendio,-6.838209877352376,-75.74494612497837
72174,incendio,-7.0045,-76.8183
72179,incendio,-7.0235,-76.8574
72182,incendio,-8.4478,-76.4157
72183,incendio,-7.5599,-76.7198
72189,incendio,-5.7936,-77.261
72193,no_incendio,-5.817722164420606,-76.05024701906109
72199,incendio,-6.8004,-76.4751
72202,no_incendio,-7.301995634610949,-77.3052348248029
72210,no_incendio,-7.082226882888392,-75.74798202243628
72220,incendio,-6.1282,-76.2639
72231,incendio,-7.0798,-76.7961
72232,no_incendio,-7.005255736259935,-76.42804994495515
72235,incendio,-8.0003,-76.7281
72236,incendio,-6.5508,-75.9975
72237,incendio,-7.3141,-76.8959
72240,incendio,-5.8699,-76.0142
72243,no_incendio,-7.140032609231243,-75.65901239539657
72247,no_incendio,-5.862678119407266,-76.8979972886448
72255,incendio,-7.1509,-77.0629
72268,no_incendio,-7.201796098982287,-75.59066106327278
72270,incendio,-7.4247,-76.7099
72275,incendio,-7.4213,-76.7413
72276,incendio,-6.1139,-76.15
72284,no_incendio,-6.653744086369802,-76.88423091911557
72291,no_incendio,-7.188266062247751,-75.80338733044515
72293,incendio,-7.094,-76.6603
72297,no_incendio,-6.466287697296756,-75.7075752786908
72301,no_incendio,-6.165729925483304,-75.50698017130118
72306,no_incendio,-6.859218995881019,-77.3454749772902
72309,no_incendio,-5.487710562433828,-76.3714568595569
72314,incendio,-5.7469,-77.4646
72318,incendio,-6.9401,-76.4916
72320,incendio,-7.3913,-76.7333
72324,incendio,-7.8091,-77.4143
72325,incendio,-7.5475,-76.4838
72327,incendio,-5.7486,-77.3494
72330,incendio,-6.1425,-76.1276
72332,incendio,-7.0091,-76.5519
72334,incendio,-7.6082,-76.6771
72337,incendio,-7.9235,-76.6815
72339,incendio,-7.1425,-76.5477
72344,incendio,-5.8982,-77.1232
72353,incendio,-6.8427,-76.4769
72356,incendio,-6.7184,-76.4113
72358,no_incendio,-7.208457886315255,-75.76495343289794
72365,no_incendio,-5.472748128836409,-77.20935781294484
72367,incendio,-7.3822,-76.7187
72368,incendio,-7.4777,-77.6232
72370,incendio,-6.5145,-76.5613
72377,incendio,-5.6864,-75.9243
72383,no_incendio,-6.88204939673875,-76.47181029595973
72397,no_incendio,-5.740185734953845,-76.52718705325192
72400,no_incendio,-5.629475532551382,-77.50061748638073
72405,no_incendio,-5.412071364186887,-77.00251056339543
72408,no_incendio,-5.648091386764367,-76.0845405608189
72410,incendio,-8.6325,-76.1805
72414,incendio,-6.5192,-76.821
72418,incendio,-7.4145,-76.8065
72419,no_incendio,-6.310252900156727,-75.63690302476967
72420,no_incendio,-5.485555576815183,-76.48568380205462
72425,incendio,-6.9307,-76.7984
72431,incendio,-5.6635,-76.5643
72436,incendio,-7.0987,-77.7577
72437,no_incendio,-6.141100932072808,-75.82733820285651
72446,incendio,-8.3475,-76.5552
72447,incendio,-6.4753,-76.2202
72448,incendio,-6.0073,-76.2657
72452,no_incendio,-6.006937780860308,-77.45432250461575
72455,no_incendio,-5.60263772570773,-75.78275132850642
72458,incendio,-6.0095,-76.2899
72459,no_incendio,-6.775595026700855,-77.38152365692504
72465,incendio,-8.3502,-76.2888
72468,incendio,-6.5731,-76.7987
72470,incendio,-7.3823,-76.3749
72471,incendio,-7.0618,-76.7821
72473,incendio,-6.4869,-76.3624
72480,no_incendio,-6.114431837075887,-77.3791914454974
72484,incendio,-5.8213,-76.3404
72487,no_incendio,-7.446777051363318,-75.55823277277759
72490,no_incendio,-5.59950907688548,-76.65469517623596
72491,incendio,-6.8791,-76.512
72493,incendio,-7.0381,-76.2499
72494,no_incendio,-6.7449829270010735,-76.32449330393015
72498,incendio,-6.8954,-76.824
72500,incendio,-5.7404,-77.3611
72508,no_incendio,-6.5305605417841495,-76.81567387832536
72510,no_incendio,-5.767157423041838,-75.60792843558447
72511,no_incendio,-6.788644402631232,-76.08655221338569
72512,incendio,-5.7215,-75.994
72514,incendio,-7.1632,-76.6065
72515,no_incendio,-6.671397085491674,-75.72724206195927
72520,incendio,-5.9653,-76.469
72521,incendio,-7.4542,-76.6067
72523,no_incendio,-6.398926454720778,-76.50536924785067
72524,incendio,-5.9323,-76.2153
72531,no_incendio,-6.94690710912819,-75.63438003182783
72538,no_incendio,-5.914538807022697,-77.31789261845223
72542,incendio,-7.8326,-76.7185
72546,incendio,-6.9778,-77.7523
72550,incendio,-5.729,-76.2298
72551,incendio,-8.505,-76.4332
72553,incendio,-7.4266,-76.703
72557,incendio,-7.8391,-76.7056
72576,incendio,-8.2737,-77.2641
72578,incendio,-8.7114,-76.9673
72584,incendio,-7.5569,-76.497
72596,no_incendio,-5.619318348217799,-76.76258506679603
72597,no_incendio,-6.469524270312644,-76.04017356223993
72599,incendio,-7.284,-76.2617
72605,incendio,-5.8148,-77.3605
72606,incendio,-6.5557,-76.5852
72611,no_incendio,-5.409587022918446,-76.44819351401671
72616,incendio,-7.5437,-76.5212
72621,no_incendio,-7.0805818707385395,-75.71658427890108
72625,no_incendio,-6.250766771982882,-76.67346707047133
72640,no_incendio,-5.403821247036303,-76.32388095777216
72642,incendio,-7.1491,-76.634
72643,incendio,-6.8674,-76.261
72648,incendio,-6.9466,-76.112
72651,no_incendio,-5.808189893519151,-75.58463969579134
72654,no_incendio,-5.875159377973664,-77.1185525314163
72658,incendio,-5.8461,-76.046
72663,no_incendio,-5.658384235826694,-76.44208065955317
72674,incendio,-6.1377,-76.1953
72677,incendio,-6.5899,-76.5075
72678,incendio,-5.6749,-77.2566
72683,incendio,-7.8832,-76.7486
72687,incendio,-7.2054,-77.0422
72688,incendio,-6.7135,-77.4576
72692,incendio,-7.4504,-76.464
72693,no_incendio,-5.461372149282843,-77.4223608733987
72700,incendio,-7.6891,-76.4777
72704,no_incendio,-6.56442664767728,-76.08300934140289
72706,incendio,-7.4339,-76.6963
72710,incendio,-7.2226,-76.8572
72713,no_incendio,-5.817722164420606,-76.05024701906109
72718,no_incendio,-6.7449829270010735,-76.32449330393015
72719,no_incendio,-6.092332930769818,-77.53250095731846
72721,incendio,-7.4235,-76.7687
72725,incendio,-7.1357,-76.5331
72730,incendio,-5.8807,-75.9712
72732,incendio,-7.1615,-76.8762
72740,incendio,-7.3531,-76.7745
72746,no_incendio,-6.089075896633828,-77.11331132604498
72752,incendio,-7.1945,-76.5276
72754,incendio,-6.0708,-77.1939
72757,incendio,-7.3566,-76.8715
72763,no_incendio,-6.47129538831012,-76.10848069167751
72772,incendio,-7.137,-76.6071
72773,no_incendio,-5.588466979788065,-76.18717580992774
72782,incendio,-5.8418,-77.336
72798,no_incendio,-6.763948396418463,-75.5008846760666
72801,incendio,-6.5602,-75.9845
72806,no_incendio,-7.006429626529349,-76.40821160101947
72807,incendio,-5.7662,-76.3977
72812,incendio,-7.1169,-76.2648
72814,no_incendio,-5.7462072862910665,-75.82239791523867
72817,incendio,-5.822,-76.1545
72819,incendio,-6.2936,-75.9039
72821,incendio,-5.7458,-76.1705
72827,incendio,-5.801,-77.3039
72830,incendio,-7.4208,-76.6182
72844,no_incendio,-7.462272976116109,-77.0484423984109
72852,incendio,-6.2259,-76.1165
72859,incendio,-5.669,-76.5721
72860,incendio,-8.1594,-76.6693
72866,incendio,-6.2166,-75.8156
72871,no_incendio,-6.100924085847581,-75.50738744279523
72873,incendio,-6.6136,-76.5901
72877,no_incendio,-7.333298288226105,-76.42146225481947
72879,no_incendio,-5.399995483023551,-76.68244565675566
72880,incendio,-7.269,-76.8126
72882,no_incendio,-5.826799302537919,-75.73782519899997
72888,incendio,-6.067,-76.3081
72894,incendio,-7.2463,-76.418
72896,no_incendio,-6.312891094128834,-75.840822427949
72902,no_incendio,-5.518901360296995,-75.83606862844933
72914,incendio,-7.2416,-76.8165
72917,no_incendio,-6.0457356441581505,-76.76564488218803
72925,incendio,-8.3945,-76.2504
72928,no_incendio,-5.494377757817533,-77.22053363364685
72935,no_incendio,-6.5791773780212175,-75.5208242841422
72936,no_incendio,-6.462614163555006,-75.61289892495
72938,incendio,-8.3828,-76.2863
72940,no_incendio,-6.7133301961826755,-75.60854075962672
72942,incendio,-7.4963,-76.5419
72943,incendio,-6.9907,-76.9381
72958,incendio,-5.9223,-76.2997
72960,incendio,-7.1701,-77.0632
72968,incendio,-7.5903,-76.6109
72970,incendio,-6.5434,-76.4431
72973,no_incendio,-7.342552043846658,-77.45073212658029
72977,incendio,-7.4398,-76.7048
72981,incendio,-7.627,-76.4614
72982,no_incendio,-6.013807781245941,-77.54515653099793
72987,incendio,-6.2726,-76.7517
72993,incendio,-6.9472,-76.5831
72995,no_incendio,-6.787959079277664,-75.64572689392233
73002,incendio,-6.9593,-76.5582
73004,incendio,-7.3918,-76.6273
73009,incendio,-6.0983,-76.1278
73012,incendio,-5.7918,-76.194
73014,no_incendio,-7.237010441563305,-76.53847008307255
73028,incendio,-6.6149,-76.5007
73029,incendio,-7.275,-76.4774
73035,incendio,-6.2312,-76.7079
73036,incendio,-7.2902,-76.5994
73048,incendio,-6.089,-76.183
73054,incendio,-8.4782,-76.2176
73055,no_incendio,-5.673007856969957,-76.8124122789181
73060,incendio,-6.9155,-76.7317
73064,incendio,-6.3121,-76.2575
73069,incendio,-6.1976,-76.7272
73073,incendio,-8.5373,-76.4127
73075,incendio,-7.2744,-76.9584
73076,no_incendio,-7.397102442990121,-76.86665660281676
73077,incendio,-6.2269,-75.8413
73081,incendio,-6.2941,-75.8752
73083,incendio,-6.6241,-76.7339
73090,incendio,-6.4963,-76.4858
73091,incendio,-8.7876,-76.137
73093,incendio,-8.1491,-76.5478
73096,incendio,-6.2368,-76.665
73104,no_incendio,-5.346519894910452,-77.42054950645856
73119,incendio,-6.0898,-75.9704
73128,no_incendio,-5.304618892030704,-75.54825226766168
73131,no_incendio,-6.578202945590633,-76.50501159622002
73134,no_incendio,-6.24237475480212,-75.58560175040829
73135,incendio,-6.0076,-76.8993
73136,no_incendio,-5.695046426207607,-76.82428560854454
73144,incendio,-6.1458,-76.9192
73145,incendio,-6.2751,-75.8519
73146,incendio,-6.2078,-76.2576
73148,incendio,-8.3655,-76.3868
73149,no_incendio,-6.566852763907717,-76.67622294647774
73154,incendio,-6.2734,-77.0513
73156,no_incendio,-7.247461423234719,-75.57023459371909
73162,no_incendio,-6.486581240227174,-76.15835402098138
73174,no_incendio,-6.140012467892716,-77.09722529665582
73183,incendio,-7.3379,-76.9053
73187,incendio,-7.1896,-76.5023
73189,incendio,-8.4205,-76.2374
73195,no_incendio,-7.128591277381194,-76.12302141097119
73203,no_incendio,-6.446499470618798,-75.63834110129498
73211,incendio,-6.1212,-75.9808
73215,incendio,-6.4089,-75.7023
73225,no_incendio,-5.7826453397308155,-77.3905226367299
73228,incendio,-8.3904,-76.4465
73238,incendio,-6.0948,-75.7932
73239,no_incendio,-6.859834032339221,-77.17846783969736
73243,no_incendio,-6.190431376100011,-77.10696325685771
73244,incendio,-8.4986,-76.4409
73245,no_incendio,-7.317626251154921,-75.78361603634158
73246,incendio,-6.1186,-76.3004
73250,incendio,-6.1546,-76.3702
73252,incendio,-5.7442,-75.9444
73263,incendio,-5.6569,-75.9341
73268,incendio,-8.2016,-77.001
73269,incendio,-7.1284,-76.2051
73270,no_incendio,-5.692068833993068,-76.92243000249631
73271,no_incendio,-6.994018548876931,-77.44340810717631
73275,incendio,-8.0937,-76.5683
73276,incendio,-7.2677,-76.6237
73278,incendio,-7.2427,-76.296
73281,incendio,-5.7271,-76.2026
73283,incendio,-6.3959,-77.4385
73284,no_incendio,-6.08565697953034,-76.3565072601085
73287,incendio,-5.3499,-76.7942
73290,incendio,-5.3388,-76.5586
73297,incendio,-7.1285,-76.8546
73298,incendio,-5.7653,-77.0926
73304,no_incendio,-5.4956287964108785,-77.39970137101125
73314,incendio,-7.4552,-76.4434
73319,incendio,-7.0488,-76.8617
73323,incendio,-5.6855,-77.2439
73330,no_incendio,-5.532392079747417,-76.92136640270547
73335,incendio,-8.5837,-76.2956
73336,incendio,-6.2747,-75.985
73341,no_incendio,-5.867914432983562,-76.93835853406706
73346,no_incendio,-7.196044028055804,-76.77405078763431
73364,incendio,-6.7604,-76.3901
73365,incendio,-6.5203,-75.7607
73375,incendio,-7.5194,-76.7802
73378,no_incendio,-7.5990878129892385,-76.01433706050479
73385,incendio,-6.408,-75.8389
73390,no_incendio,-6.09087742872903,-76.39432793529913
73392,no_incendio,-5.518725698266722,-76.04231826723102
73396,no_incendio,-6.0889717541826,-76.72492959412638
73397,no_incendio,-7.14999258790223,-77.27323492320696
73400,no_incendio,-5.573600216354325,-77.29583969487783
73401,no_incendio,-7.3383676381877665,-77.39694154174633
73402,no_incendio,-5.5904160018413185,-75.95967696851481
73403,incendio,-7.2151,-76.6165
73413,incendio,-6.6167,-76.3945
73428,no_incendio,-7.18387555277713,-76.55534207208011
73430,incendio,-6.6914,-76.4636
73435,incendio,-7.1898,-76.8595
73444,incendio,-7.3406,-76.8561
73451,no_incendio,-5.482360092898033,-75.75875593827813
73454,incendio,-6.6356,-76.7394
73464,no_incendio,-5.778538304462726,-77.27874829265495
73472,incendio,-6.6966,-77.465
73479,incendio,-6.738,-76.608
73483,no_incendio,-7.543933320998928,-76.49404370294074
73487,incendio,-5.7512,-75.9628
73499,incendio,-8.0679,-76.7588
73502,incendio,-8.4588,-76.4756
73505,no_incendio,-6.1305152501535805,-77.20692971202396
73508,no_incendio,-7.417769459056535,-76.0278387197161
73509,no_incendio,-7.208517788052751,-77.27726682011853
73510,no_incendio,-5.931410128051382,-77.48442078407336
73512,incendio,-6.7291,-76.6582
73515,no_incendio,-6.5340207470218745,-75.73082220173393
73518,incendio,-7.2799,-76.5908
73527,incendio,-6.3247,-75.8229
73530,incendio,-8.6368,-76.3183
73533,no_incendio,-6.237634518264563,-76.93733978052377
73536,incendio,-8.4939,-76.4176
73543,incendio,-5.8193,-76.1598
73556,incendio,-6.1861,-76.9904
73558,incendio,-7.4447,-76.5386
73559,incendio,-6.5961,-76.4173
73566,no_incendio,-6.808642932215501,-75.79916533133496
73573,incendio,-6.1216,-76.1695
73575,incendio,-7.0875,-77.7096
73578,no_incendio,-6.329066895240967,-77.1289458150613
73580,incendio,-7.0884,-76.4754
73581,incendio,-5.8549,-75.9196
73584,no_incendio,-5.525166300103762,-76.64412404917219
73588,no_incendio,-7.433177363041198,-76.83037064638081
73597,incendio,-6.3174,-75.8326
73603,incendio,-6.014,-76.1587
73607,no_incendio,-7.014916061647587,-75.71674408231947
73609,incendio,-6.2667,-75.8194
73615,no_incendio,-5.6492373233613264,-76.13173612706044
73618,incendio,-7.0721,-76.878
73620,no_incendio,-5.945782975612446,-75.78933619991895
73622,incendio,-5.8885,-77.1246
73626,incendio,-7.3056,-76.5659
73634,no_incendio,-5.3902001479588,-77.1291902290787
73635,incendio,-6.2817,-75.7841
73637,incendio,-7.1492,-76.5279
73640,incendio,-5.8998,-76.1146
73644,incendio,-7.6755,-76.5064
73645,no_incendio,-6.5875457295775695,-76.60562453766775
73646,incendio,-7.4034,-76.7134
73649,incendio,-5.7457,-77.367
73653,no_incendio,-5.5941151159540015,-75.60783919102062
73657,incendio,-7.4165,-76.7083
73662,incendio,-6.7087,-76.4343
73663,incendio,-6.6247,-76.6203
73664,incendio,-6.782,-76.2122
73669,no_incendio,-5.6355072776323825,-77.05987553143974
73678,incendio,-7.481,-76.5864
73681,incendio,-6.5573,-76.1261
73685,incendio,-7.2622,-76.9518
73687,incendio,-8.5605,-76.3099
73688,incendio,-7.249,-76.4436
73689,no_incendio,-5.307511492937007,-75.87055498280709
73690,no_incendio,-5.83397648887431,-77.22981106334638
73692,incendio,-7.6206,-76.5423
73694,incendio,-6.8467,-76.6952
73696,incendio,-6.1102,-76.1505
73702,no_incendio,-7.1816270512499,-75.96620433389496
73704,incendio,-5.9536,-76.2025
73707,incendio,-6.5761,-76.2393
73714,incendio,-5.8232,-77.114
73717,incendio,-6.1388,-75.7158
73726,no_incendio,-7.111569656244363,-77.04269521527607
73727,no_incendio,-5.9130091622376435,-77.42859659593488
73733,incendio,-7.5452,-76.4107
73734,incendio,-7.2875,-76.3152
73735,no_incendio,-7.218925664720446,-76.08201561394016
73736,no_incendio,-5.984669195028871,-76.49551058575585
73738,no_incendio,-6.0017769805371435,-76.54978075200272
73740,incendio,-6.3287,-75.9185
73741,incendio,-6.1447,-76.1277
73743,no_incendio,-6.718454996800395,-75.59317309755335
73744,no_incendio,-6.490435100183895,-76.04212659409674
73745,incendio,-5.7491,-76.6288
73749,incendio,-6.1879,-76.076
73754,no_incendio,-6.1579628470379655,-75.78726893747826
73757,incendio,-7.3695,-76.8559
73759,no_incendio,-5.940833223348477,-76.76215332326328
73765,incendio,-7.2002,-77.6901
73769,incendio,-5.682,-76.2496
73771,no_incendio,-7.347666513055251,-77.19530347019538
73774,incendio,-5.9057,-75.9223
73784,no_incendio,-6.38076556073537,-76.97858606969272
73786,incendio,-7.0467,-76.8444
73790,incendio,-8.2846,-76.5305
73795,no_incendio,-6.960986438297525,-76.973990270216
73797,no_incendio,-6.242683257012905,-77.09272695265327
73801,no_incendio,-5.473631906137981,-76.93641473945902
73802,incendio,-7.5274,-76.5317
73805,incendio,-8.6621,-76.2666
73807,no_incendio,-6.722985174451003,-76.39617504365586
73811,incendio,-7.3695,-76.7335
73812,no_incendio,-6.631390870435434,-77.17543848057095
73813,incendio,-6.0517,-76.9194
73815,no_incendio,-6.5096234782459765,-76.05722709745423
73825,incendio,-7.4738,-76.382
73840,no_incendio,-7.311635265992554,-75.85999069910886
73848,no_incendio,-6.234937456831474,-75.55136134306397
73850,incendio,-6.0113,-76.2719
73863,no_incendio,-6.929511458644296,-75.83962565372784
73865,incendio,-7.1198,-76.8073
73869,no_incendio,-5.73056432169004,-76.88063042787364
73871,incendio,-8.2548,-76.3836
73876,no_incendio,-6.737802446576857,-76.76156798779444
73877,incendio,-7.1978,-76.0722
73882,incendio,-6.7835,-76.187
73884,incendio,-6.5932,-76.7025
73887,no_incendio,-5.323979357908248,-75.76496426046252
73888,incendio,-5.7598,-77.2723
73889,incendio,-8.1545,-76.6415
73890,incendio,-6.7435,-76.5013
73891,incendio,-6.9142,-76.5323
73897,incendio,-7.4106,-76.8382
73898,incendio,-5.7965,-76.2138
73902,incendio,-7.5278,-76.6496
73911,incendio,-8.4255,-76.2844
73913,no_incendio,-5.62776239327014,-77.48408133634722
73916,incendio,-6.9554,-76.7514
73919,incendio,-6.9942,-76.2078
73922,no_incendio,-6.256015929782314,-76.34693713254352
73926,no_incendio,-6.631390870435434,-77.17543848057095
73928,incendio,-7.6462,-77.6106
73934,no_incendio,-7.451217530868493,-77.29241876502243
73936,incendio,-7.5963,-76.6807
73937,incendio,-6.5338,-76.3942
73946,no_incendio,-6.525952464139444,-76.13787075319888
73952,no_incendio,-5.809070578757959,-75.92077418660742
73954,incendio,-6.8881,-76.2872
73957,no_incendio,-7.038387701485983,-77.46608635694433
73959,incendio,-5.9608,-75.9555
73968,incendio,-6.7451,-76.4245
73969,no_incendio,-5.673007856969957,-76.8124122789181
73981,no_incendio,-6.606790602498376,-76.50679708602655
73984,incendio,-7.1619,-76.3842
73991,incendio,-7.2021,-77.0266
73996,incendio,-6.2423,-75.8181
73997,incendio,-7.2165,-76.7998
73999,no_incendio,-5.423352355280385,-75.9768451523196
74014,no_incendio,-6.402069451962711,-76.21591146142134
74020,incendio,-6.2586,-75.868
74021,incendio,-6.8747,-76.1858
74022,incendio,-7.3604,-76.7332
74025,no_incendio,-5.455465993485473,-76.16419328270247
74031,incendio,-7.3516,-76.5679
74038,no_incendio,-7.5699592193140015,-75.58526155924636
74050,no_incendio,-6.210262345134658,-77.11424996637882
74056,incendio,-6.6527,-76.6866
74059,incendio,-5.9722,-76.0688
74068,incendio,-6.9814,-76.1279
74075,no_incendio,-6.081693229189671,-76.04554760839422
74079,no_incendio,-5.409046088511844,-75.85044957982578
74080,incendio,-6.0244,-76.2229
74085,incendio,-6.2871,-76.7693
74087,incendio,-6.3927,-75.6959
74089,incendio,-6.7299,-76.1589
74090,no_incendio,-6.052146999790762,-76.66693051861807
74091,incendio,-8.771,-76.0825
74099,no_incendio,-6.796720182530489,-75.69073110670904
74104,incendio,-5.9781,-77.3072
74106,incendio,-5.9913,-76.165
74116,incendio,-6.1042,-76.1874
74127,no_incendio,-6.418496907062319,-75.56505083254436
74129,incendio,-6.1265,-76.3109
74146,incendio,-5.6118,-75.8959
74158,incendio,-5.8548,-77.2422
74164,incendio,-7.2521,-76.6335
74179,no_incendio,-6.5631659761878876,-77.17426169429598
74183,incendio,-7.1518,-76.9769
74184,incendio,-5.7313,-76.1978
74186,incendio,-8.1318,-76.4439
74194,incendio,-7.2752,-76.9597
74206,incendio,-6.6481,-76.3357
74207,incendio,-6.9496,-76.5356
74209,incendio,-7.3029,-76.7516
74217,no_incendio,-7.320681720418793,-75.65489361084256
74219,incendio,-7.2551,-76.2731
74225,no_incendio,-5.411652077381302,-77.27749728778487
74226,no_incendio,-5.569129164967829,-76.89146867970102
74228,no_incendio,-7.3138551861663785,-76.44974049103283
74233,incendio,-5.755,-75.983
74234,incendio,-6.5875,-76.0398
74248,incendio,-7.5298,-77.4935
74252,incendio,-7.4096,-76.4844
74253,no_incendio,-5.508118125742636,-76.08158705053927
74257,no_incendio,-6.980365789444828,-76.90654360978435
74272,no_incendio,-6.982455617549805,-76.38860618436227
74285,no_incendio,-5.941437702339227,-76.71661667859928
74288,incendio,-5.8417,-77.3413
74292,incendio,-7.0857,-76.5178
74308,incendio,-5.8792,-76.3225
74316,no_incendio,-7.174304209114396,-76.54277799438324
74320,incendio,-7.1067,-76.3872
74322,incendio,-6.4546,-76.7576
74324,incendio,-5.6905,-76.2652
74325,no_incendio,-7.127093555738052,-76.84105088577114
74326,incendio,-6.2847,-75.7964
74333,incendio,-7.2349,-76.4345
74336,incendio,-7.3017,-76.9364
74337,no_incendio,-7.278446400857449,-77.33703515392486
74338,no_incendio,-6.851922134143454,-76.90818662457491
74339,incendio,-6.223,-76.3503
74343,no_incendio,-5.432481694931332,-76.47528675292433
74344,incendio,-7.07,-76.1147
74355,incendio,-6.2756,-76.1292
74358,incendio,-6.8761,-76.5036
74359,incendio,-6.0542,-75.9268
74363,no_incendio,-5.67746740794027,-76.11677597680215
74368,incendio,-6.1772,-76.9289
74370,incendio,-8.422,-76.466
74371,incendio,-7.3472,-76.5454
74374,incendio,-7.3008,-76.8229
74378,incendio,-7.8117,-76.7076
74379,incendio,-6.3768,-76.708
74380,no_incendio,-6.971818693744163,-76.01229344920435
74386,no_incendio,-7.453299052251447,-77.18508562471676
74395,no_incendio,-6.329066895240967,-77.1289458150613
74402,incendio,-7.0693,-76.8749
74404,incendio,-7.2716,-76.5947
74405,incendio,-6.0589,-75.8486
74409,no_incendio,-6.190864426146802,-76.12967606406326
74410,incendio,-7.4808,-76.3798
74415,incendio,-6.2442,-77.1196
74416,incendio,-5.7326,-75.6635
74421,incendio,-7.3088,-75.5195
74424,no_incendio,-7.429446375356516,-77.21947961761848
74431,no_incendio,-5.586947404667705,-76.96796502244129
74432,no_incendio,-5.89297787831936,-76.40313981264967
74442,no_incendio,-6.949882284574706,-75.68273295602192
74445,no_incendio,-7.267527749331178,-76.00258934511766
74447,no_incendio,-5.532392079747417,-76.92136640270547
74449,incendio,-7.052,-76.8383
74454,incendio,-7.9923,-75.5694
74460,incendio,-7.1821,-76.4363
74462,incendio,-8.3721,-76.4044
74482,no_incendio,-7.119124402863609,-77.37715689078294
74496,no_incendio,-6.93526933500558,-76.94440022861454
74508,incendio,-5.7145,-76.1602
74509,incendio,-5.8455,-76.1977
74511,no_incendio,-6.063333052679301,-77.2619056071794
74512,no_incendio,-7.500619459820059,-77.36318050509186
74514,incendio,-7.2846,-76.6034
74518,no_incendio,-6.606517162327486,-77.4629258839616
74525,incendio,-7.1134,-76.9192
74534,incendio,-6.9646,-76.834
74536,incendio,-6.2078,-75.867
74537,no_incendio,-7.423279850513975,-76.1929127649397
74538,incendio,-6.0656,-76.9871
74543,no_incendio,-6.1156293221158835,-76.01949781132349
74544,incendio,-7.2971,-76.6118
74558,incendio,-8.4999,-76.3541
74561,incendio,-7.0493,-76.7949
74566,no_incendio,-7.448422790645704,-75.84545299813023
74569,no_incendio,-6.717293792016525,-75.64014245587184
74573,incendio,-6.5448,-76.5962
74578,no_incendio,-6.808753435004469,-75.58127871175964
74580,no_incendio,-6.7183540623229865,-77.22771131243218
74582,incendio,-5.7568,-76.404
74588,no_incendio,-5.4157703002618724,-75.88771884850634
74590,no_incendio,-6.135227462144194,-76.4855793054628
74596,no_incendio,-5.4324592687941,-76.16239104777486
74603,incendio,-7.3691,-76.7519
74607,incendio,-6.2421,-75.8831
74615,incendio,-6.7164,-76.7295
74616,incendio,-7.11,-76.2715
74621,incendio,-7.047,-76.5766
74622,incendio,-6.55,-77.5558
74625,incendio,-5.9671,-76.9963
74626,incendio,-6.7101,-76.4707
74628,no_incendio,-5.605657953237715,-77.33944421680316
74630,no_incendio,-5.691367325953232,-76.91174291210852
74633,no_incendio,-5.720724874930588,-76.09066535924033
74636,no_incendio,-7.487103293775268,-76.06526148025002
74637,no_incendio,-6.490435100183895,-76.04212659409674
74640,incendio,-6.8191,-76.4788
74646,incendio,-6.4108,-76.4945
74653,no_incendio,-6.418496907062319,-75.56505083254436
74664,incendio,-6.6175,-76.3805
74671,no_incendio,-7.059198382146936,-75.77593999522976
74675,incendio,-8.0763,-76.5716
74678,incendio,-7.339,-76.7934
74680,incendio,-5.7528,-76.2507
74683,incendio,-6.1557,-75.6626
74689,no_incendio,-5.98497682810957,-77.24575452252367
74694,incendio,-7.0994,-76.4221
74695,incendio,-5.7002,-75.8759
74700,incendio,-7.6616,-76.4729
74703,incendio,-6.8443,-76.5512
74704,incendio,-6.7722,-76.4909
74712,incendio,-6.8127,-76.4313
74723,no_incendio,-7.5842496329608995,-75.57404179177915
74727,incendio,-8.3948,-76.272
74734,incendio,-7.1798,-76.6305
74744,no_incendio,-6.189738223688629,-76.63044449970681
74745,incendio,-7.1092,-76.2751
74750,no_incendio,-5.300946297144839,-75.60535100286195
74754,incendio,-7.3647,-76.7637
74755,incendio,-7.3608,-76.8248
74761,incendio,-5.921,-76.2903
74763,incendio,-7.4164,-76.4065
74764,no_incendio,-6.338883523616399,-76.67237416346605
74771,incendio,-7.5357,-76.2259
74777,no_incendio,-5.955706826060275,-77.52353123807491
74779,incendio,-7.2818,-76.7292
74783,incendio,-7.2648,-77.592
74785,incendio,-5.8077,-76.0183
74786,incendio,-7.3833,-76.7349
74791,no_incendio,-7.564076009944549,-75.89157611790941
74792,incendio,-7.487,-76.3798
74795,incendio,-5.7054,-77.455
74806,no_incendio,-7.142345675518539,-77.26966785367183
74807,incendio,-6.183,-75.9811
74811,incendio,-8.7826,-76.1854
74822,incendio,-7.2353,-76.6549
74825,no_incendio,-5.432202072011853,-76.59374002276904
74828,incendio,-7.0433,-76.726
74830,no_incendio,-7.1205154593131565,-76.76326173892171
74834,incendio,-5.7698,-77.2736
74839,incendio,-7.3006,-76.9135
74841,incendio,-7.274,-76.1751
74850,incendio,-7.1781,-76.853
74853,incendio,-6.6009,-76.5944
74862,incendio,-7.106,-76.471
74865,no_incendio,-6.136911310096428,-77.0902535793698
74866,incendio,-8.7386,-76.1163
74867,incendio,-7.4395,-76.5752
74877,no_incendio,-7.289453419528988,-76.70433724655702
74878,no_incendio,-5.849265187399489,-77.52081578278697
74884,incendio,-6.714,-76.1659
74885,no_incendio,-7.2386843016197115,-75.95361045134824
74888,no_incendio,-6.152311336764004,-75.83217280220295
74892,incendio,-6.4206,-76.5021
74896,no_incendio,-5.65611924902812,-76.450948774078
74898,incendio,-7.1332,-76.7255
74905,no_incendio,-5.384324497906241,-76.81955746951022
74908,incendio,-5.9105,-76.3028
74911,incendio,-6.8273,-76.1952
74912,incendio,-6.1118,-76.1396
74915,incendio,-5.6628,-76.5193
74920,no_incendio,-7.428960143280297,-76.20768184148152
74928,incendio,-6.0604,-76.0812
74930,no_incendio,-7.433764184828395,-76.19895087453514
74941,incendio,-7.2976,-77.5668
74946,no_incendio,-6.720013389410524,-76.18246932103828
74949,incendio,-6.8175,-76.4392
74953,incendio,-6.5897,-76.4288
74956,incendio,-5.8725,-77.1334
74960,incendio,-7.2427,-77.0766
74961,incendio,-6.5682,-76.5575
74963,no_incendio,-5.525166300103762,-76.64412404917219
74966,incendio,-7.4418,-76.7202
74968,incendio,-6.1623,-76.3142
74972,incendio,-6.5514,-76.7515
74977,incendio,-8.1108,-76.6078
74987,incendio,-6.9716,-76.7264
74988,no_incendio,-5.441048358116876,-77.52077786090675
74995,no_incendio,-6.332355926126756,-76.57852424451565
74999,no_incendio,-5.786742413220336,-77.47906670461887
75004,no_incendio,-6.848581850084046,-76.26989214867015
75015,no_incendio,-5.728686151403572,-77.23987774970512
75016,no_incendio,-6.30791982416226,-77.35125522509678
75017,incendio,-7.144,-76.7279
75020,incendio,-6.4386,-75.7084
75021,incendio,-7.8553,-76.6755
75025,no_incendio,-6.66782718852246,-77.11974959426693
75027,no_incendio,-7.316542689651407,-77.09719219444501
75030,no_incendio,-6.890502660955485,-77.28521359628384
75033,no_incendio,-5.3689055308415,-76.62344622964636
75040,no_incendio,-6.23478792603882,-76.18381610836184
75047,no_incendio,-5.839270188717535,-77.49668062311541
75059,incendio,-6.259,-77.5891
75063,incendio,-5.9344,-75.9285
75067,incendio,-6.109,-76.1936
75071,incendio,-6.6381,-77.4742
75072,incendio,-6.7643,-76.3999
75095,incendio,-6.632,-77.3257
75096,no_incendio,-7.080940596432744,-77.316377811303
75102,no_incendio,-6.139224623753688,-76.40308726211332
75103,incendio,-6.8169,-77.2999
75121,no_incendio,-5.472585153492127,-77.10655294749147
75122,incendio,-7.5704,-76.539
75127,incendio,-7.3471,-76.8967
75129,incendio,-6.5441,-76.5251
75133,no_incendio,-6.887626631829371,-77.285374555124
75134,no_incendio,-7.200090625449649,-75.973583692229
75142,no_incendio,-7.040747836565641,-76.40061304391803
75154,incendio,-6.3447,-75.7039
75155,incendio,-6.5988,-76.1021
75159,no_incendio,-6.56383921503927,-77.29970461755646
75161,incendio,-6.8989,-76.2431
75170,incendio,-6.4749,-76.7133
75176,no_incendio,-5.590954776196541,-75.61262101600937
75183,no_incendio,-7.454820191858604,-77.06390769959336
75192,no_incendio,-5.628009588205993,-76.65354056984353
75194,incendio,-6.7621,-76.6223
75200,incendio,-6.6156,-77.7931
75203,incendio,-7.3138,-76.6689
75204,incendio,-6.9931,-76.7445
75215,no_incendio,-5.977250221064096,-76.70445078164089
75219,incendio,-5.7338,-76.4729
75220,incendio,-7.3315,-76.5426
75221,incendio,-6.7456,-76.4916
75222,no_incendio,-7.554963436234575,-75.69130210162552
75233,no_incendio,-5.5904160018413185,-75.95967696851481
75234,no_incendio,-7.5702550538704605,-75.67821320807053
75235,no_incendio,-6.000321843594466,-77.16959710695784
75237,no_incendio,-6.501773263941807,-76.20873227680231
75238,no_incendio,-6.555810705714814,-75.58765246403257
75240,no_incendio,-6.550462961960492,-75.75305667586812
75243,incendio,-6.7803,-76.4365
75249,incendio,-8.0883,-76.5353
75257,no_incendio,-5.872543626896172,-76.44213080221468
75265,no_incendio,-6.4548358961700885,-76.10226827896288
75267,incendio,-6.4111,-75.7119
75268,incendio,-7.1577,-76.769
75272,incendio,-5.6836,-76.6621
75276,no_incendio,-6.58181358126526,-75.97994293561052
75279,no_incendio,-6.705083355769138,-77.07784196502678
75286,no_incendio,-6.350208583490028,-76.38539627900366
75297,no_incendio,-5.608145245385959,-76.22898397370268
75308,incendio,-7.1522,-76.318
75313,incendio,-7.0833,-76.7763
75314,no_incendio,-7.351997452668049,-75.86863921087647
75318,incendio,-6.8732,-76.5721
75319,incendio,-6.1957,-76.8244
75321,incendio,-8.1201,-77.2925
75324,no_incendio,-7.554963436234575,-75.69130210162552
75327,incendio,-6.478,-76.4968
75331,incendio,-7.4041,-76.7496
75335,no_incendio,-6.1922155906112035,-75.54995561422898
75340,incendio,-6.3015,-76.1617
75341,incendio,-5.7613,-76.2492
75352,incendio,-7.3321,-76.5063
75354,incendio,-6.9266,-76.6395
75357,incendio,-7.1018,-76.2362
75371,no_incendio,-6.134775971165761,-75.80907324993491
75372,incendio,-5.7515,-77.442
75375,incendio,-5.9098,-76.158
75384,no_incendio,-5.619318348217799,-76.76258506679603
75388,no_incendio,-7.468966943240149,-76.0987072289364
75393,incendio,-7.0834,-76.7218
75394,incendio,-6.1451,-76.2523
75398,no_incendio,-6.960339111557958,-75.64609550577184
75421,no_incendio,-7.288794185700048,-76.06129578328853
75426,no_incendio,-5.532971684555294,-77.02280558006699
75431,no_incendio,-6.370648236891197,-76.34077418345667
75436,incendio,-7.1405,-76.7302
75443,incendio,-7.2403,-76.4246
75448,incendio,-7.5365,-76.5304
75451,incendio,-7.2967,-76.9423
75456,no_incendio,-5.991944937539925,-75.60778625331145
75464,incendio,-7.226,-76.8797
75466,no_incendio,-5.89201477503853,-77.2682101013539
75470,incendio,-7.1399,-76.8033
75471,incendio,-7.3073,-76.2635
75474,incendio,-6.4869,-76.7532
75476,no_incendio,-7.583028139538337,-75.69881965938345
75481,incendio,-6.3021,-76.062
75483,incendio,-6.8106,-76.416
75493,no_incendio,-6.946999930209273,-76.16347768392615
75509,no_incendio,-6.733687512476174,-75.74855689788478
75510,no_incendio,-7.327169653945901,-75.96963671647885
75526,incendio,-6.4857,-76.3658
75528,no_incendio,-6.715205623153173,-76.11809578650696
75533,incendio,-6.5864,-76.3179
75534,incendio,-7.3602,-76.7809
75535,no_incendio,-6.1174086914739405,-75.65121133854548
75539,incendio,-6.7354,-76.5038
75546,incendio,-8.1885,-76.6222
75551,incendio,-5.7454,-76.462
75556,no_incendio,-5.8115954954872135,-76.36754698151917
75560,no_incendio,-5.991245342520768,-75.64023187612118
75561,no_incendio,-7.447641034854349,-75.90762090121981
75563,incendio,-7.0129,-76.8728
75566,no_incendio,-6.360887636963093,-77.10755017823716
75567,no_incendio,-6.564347270784287,-75.8738633840426
75568,incendio,-6.3153,-76.0505
75573,no_incendio,-5.977893876843185,-76.20383698117358
75577,incendio,-5.8594,-75.9591
75582,incendio,-6.7692,-76.2846
75585,no_incendio,-6.695225096779551,-76.23948893389061
75586,no_incendio,-6.557560588378224,-76.50430262965486
75596,incendio,-8.1876,-77.0602
75598,incendio,-5.9466,-75.9238
75602,no_incendio,-6.4643629782720495,-76.22804730377794
75604,incendio,-7.267,-76.8071
75608,incendio,-7.216,-76.3182
75609,no_incendio,-7.232373566693578,-77.33989801092913
75626,no_incendio,-6.267765286846349,-75.88438881089547
75633,no_incendio,-5.577290052521281,-76.32966434490925
75634,incendio,-7.1092,-76.175
75637,incendio,-5.8827,-75.9345
75644,no_incendio,-5.592455159672106,-77.05696823462097
75647,no_incendio,-5.8332062747008715,-77.144406205254
75658,incendio,-8.5816,-76.2799
75660,no_incendio,-7.07173503300346,-76.39313006840234
75662,incendio,-6.555,-76.5683
75666,no_incendio,-6.501773263941807,-76.20873227680231
75675,no_incendio,-5.316751485798925,-76.19649120217885
75683,no_incendio,-6.295102509635013,-77.52506617532497
75685,no_incendio,-6.622512429028128,-75.69288323438259
75690,incendio,-7.3661,-76.7652
75691,no_incendio,-6.850119921397431,-77.18105441991001
75692,no_incendio,-5.763287542306629,-76.16197141222403
75704,no_incendio,-6.892866951927303,-75.87172300219687
75705,incendio,-6.9556,-76.0822
75714,incendio,-6.4943,-76.9617
75715,no_incendio,-5.682009801127555,-77.32557014599907
75719,incendio,-5.4826,-76.7582
75730,incendio,-6.1457,-75.977
75734,incendio,-5.7555,-76.3958
75735,incendio,-6.6157,-76.2603
75736,no_incendio,-7.122938851987355,-76.92917682268381
75742,incendio,-7.0747,-77.7297
75749,incendio,-7.1448,-76.5339
75753,incendio,-6.816,-76.195
75763,incendio,-6.6131,-75.6729
75764,incendio,-5.9567,-75.9292
75766,no_incendio,-7.4333859418143975,-75.94488928476447
75771,no_incendio,-7.080940596432744,-77.316377811303
75778,no_incendio,-5.772447993979731,-76.76825761036689
75779,incendio,-7.6253,-76.6504
75780,incendio,-6.3355,-76.6897
75795,no_incendio,-5.607896245919547,-76.37910922472966
75800,no_incendio,-5.394785578322833,-77.00358788486766
75801,incendio,-6.7953,-76.5962
75803,no_incendio,-5.84380402008071,-75.92947605096468
75805,incendio,-7.3621,-76.802
75809,incendio,-5.7394,-76.056
75814,no_incendio,-5.873429262130088,-76.29994874270383
75815,no_incendio,-5.326540128955467,-75.8192880237214
75832,incendio,-6.6374,-76.2206
75836,no_incendio,-5.453647317604843,-76.59202254288773
75843,incendio,-6.823,-76.5677
75845,no_incendio,-7.443277568920015,-75.95948688269024
75847,no_incendio,-6.303002240210201,-76.72194514117207
75852,no_incendio,-6.199486560201427,-77.4221153051421
75858,incendio,-7.1539,-76.2112
75861,incendio,-6.7413,-76.1291
75866,incendio,-6.1278,-76.4106
75868,no_incendio,-5.463870053471811,-75.65012298252523
75872,incendio,-6.778,-76.6674
75874,no_incendio,-6.883760214306626,-75.62202390814382
75875,incendio,-5.7291,-76.184
75886,no_incendio,-6.165139577023006,-77.17733248367045
75889,no_incendio,-6.632429838819291,-76.85546244307059
75894,incendio,-6.0785,-76.175
75898,incendio,-6.6081,-75.6646
75901,incendio,-6.6901,-77.3645
75906,no_incendio,-7.288317129023355,-76.62295810073671
75911,incendio,-7.5289,-76.2134
75934,incendio,-6.9673,-76.8068
75940,no_incendio,-6.310252900156727,-75.63690302476967
75943,no_incendio,-6.062840602584927,-76.70237486789418
75944,no_incendio,-6.7988040085111265,-76.15084820178622
75945,incendio,-7.3165,-76.5885
75949,incendio,-8.4879,-76.3557
75952,incendio,-5.7324,-76.2248
75958,no_incendio,-5.398135296375456,-76.71445247130518
75959,no_incendio,-5.599508739006035,-77.02715299547113
75961,no_incendio,-6.491284059337684,-76.25746904489338
75963,incendio,-7.6404,-76.4895
75969,incendio,-5.7463,-76.4901
75970,incendio,-7.1214,-76.3801
75971,incendio,-7.1751,-76.4217
75975,incendio,-8.5162,-76.4249
75996,no_incendio,-5.882916892819359,-76.86515934904114
75997,no_incendio,-6.545046135469808,-77.4695217022142
76003,incendio,-7.3474,-76.7142
76011,incendio,-6.7745,-76.7882
76017,incendio,-8.7005,-76.34
76024,no_incendio,-6.4548358961700885,-76.10226827896288
76028,incendio,-7.4943,-77.5896
76030,no_incendio,-5.434734993358147,-76.94653262890384
76031,no_incendio,-7.0026426990635535,-77.36552672269332
76035,incendio,-6.0917,-75.6846
76043,no_incendio,-7.218925664720446,-76.08201561394016
76047,incendio,-6.1985,-76.8678
76048,incendio,-6.357,-76.0705
76049,no_incendio,-5.618133364002661,-76.2191295091602
76050,no_incendio,-6.649475670478298,-75.86589242526365
76051,incendio,-6.8467,-76.633
76056,incendio,-7.0603,-76.2206
76062,no_incendio,-6.107814853885202,-77.33817072189056
76074,incendio,-6.1878,-76.36
76075,no_incendio,-6.248030507497377,-77.52671049342304
76080,incendio,-6.8775,-76.4244
76083,no_incendio,-5.815972204611399,-75.5996631905604
76092,incendio,-6.642,-76.7269
76099,incendio,-6.114,-76.16
76102,no_incendio,-6.284005972985306,-75.8733537299608
76106,incendio,-6.7642,-76.5409
76116,incendio,-6.8728,-76.4931
76118,no_incendio,-7.464233169627815,-76.3089508607516
76124,no_incendio,-6.107287203943645,-77.4216594793923
76126,incendio,-6.2761,-77.6699
76129,incendio,-6.731,-77.616
76130,no_incendio,-7.142345675518539,-77.26966785367183
76132,no_incendio,-6.501541232968051,-77.42157786801864
76148,incendio,-6.9501,-76.4895
76150,no_incendio,-6.1628423736617925,-77.33214012724629
76152,no_incendio,-5.798251230559933,-76.03303003317315
76153,incendio,-6.209,-76.8702
76154,incendio,-8.2095,-76.6584
76157,incendio,-7.0925,-76.5938
76165,incendio,-6.8477,-76.6389
76166,no_incendio,-7.464502353788052,-77.51392837949253
76168,no_incendio,-5.380924923914102,-76.12851157268119
76181,no_incendio,-5.693256209324268,-76.57722873694159
76187,incendio,-8.1908,-76.6022
76190,incendio,-6.5426,-75.6738
76192,incendio,-6.8247,-76.1187
76198,incendio,-7.2564,-76.7722
76199,incendio,-5.6233,-76.6364
76203,no_incendio,-6.199486560201427,-77.4221153051421
76204,no_incendio,-5.98497682810957,-77.24575452252367
76206,incendio,-8.7665,-76.3055
76207,no_incendio,-6.812854444766214,-76.31590409569822
76208,no_incendio,-6.011348651194169,-77.43448041427209
76211,incendio,-7.0332,-76.7185
76216,incendio,-6.1191,-76.1924
76229,incendio,-7.2445,-76.4748
76233,incendio,-6.8857,-76.6138
76234,incendio,-7.3338,-76.397
76264,no_incendio,-5.889428519671102,-75.83985217439051
76265,no_incendio,-6.564347270784287,-75.8738633840426
76269,incendio,-7.2065,-76.0622
76272,incendio,-7.4393,-76.6248
76273,incendio,-5.7247,-77.4294
76274,no_incendio,-7.396293728832261,-76.90325278525978
76275,incendio,-6.1441,-76.1599
76277,incendio,-5.7024,-76.107
76278,incendio,-5.8466,-77.3009
76292,no_incendio,-7.345060499544703,-77.11825976617006
76295,no_incendio,-6.25350724604799,-77.4340170352428
76296,incendio,-7.5658,-76.4022
76298,incendio,-7.1479,-76.3885
76299,incendio,-5.3497,-76.5993
76300,no_incendio,-5.902840695958739,-77.46595018427229
76301,incendio,-7.3328,-76.3754
76302,incendio,-7.5286,-76.7253
76306,no_incendio,-5.937825755560712,-77.54131014900841
76308,incendio,-6.6635,-76.4717
76310,no_incendio,-6.500803234494254,-76.0342561681164
76313,no_incendio,-7.325700741079294,-77.06360146385256
76314,incendio,-7.2916,-77.0435
76316,incendio,-5.7983,-76.1251
76325,no_incendio,-7.324938939394847,-75.95193264911674
76332,no_incendio,-5.882379700992915,-75.5521215473338
76336,incendio,-7.1936,-76.1447
76348,no_incendio,-6.642584248060827,-75.75075985956546
76350,incendio,-6.1386,-76.1242
76352,no_incendio,-6.1503156162969,-75.68207577523512
76354,no_incendio,-6.882432262080377,-75.90126287963834
76361,no_incendio,-7.174304209114396,-76.54277799438324
76362,incendio,-6.5303,-75.6823
76371,no_incendio,-7.573586798987392,-75.72729255411187
76374,no_incendio,-6.692392129901898,-76.24064751909104
76375,incendio,-6.7766,-76.9617
76380,incendio,-7.4752,-76.5595
76383,incendio,-6.1931,-75.6906
76384,incendio,-7.2016,-76.3467
76386,no_incendio,-5.804055235179965,-77.4451366120588
76389,incendio,-7.2489,-76.3362
76390,no_incendio,-6.272889262540646,-77.34340996973071
76391,no_incendio,-5.393627530051222,-76.7881303458327
76392,incendio,-8.4708,-76.4956
76399,no_incendio,-6.096039133600909,-76.29380539264065
76402,no_incendio,-5.77315746853071,-76.36797107270804
76405,incendio,-7.3793,-76.391
76407,incendio,-5.9296,-76.2749
76408,no_incendio,-5.469135651128677,-76.66584024328755
76409,incendio,-7.099,-76.6264
76418,incendio,-8.6275,-76.7288
76419,incendio,-7.4783,-76.5189
76420,no_incendio,-7.000185157265019,-76.24279253564121
76421,incendio,-7.6295,-77.5688
76422,incendio,-6.8197,-76.5897
76425,incendio,-6.1345,-76.186
76428,incendio,-7.1195,-76.3129
76431,no_incendio,-6.296125170251722,-76.27573079441521
76433,no_incendio,-5.968086685454471,-75.87697296740079
76442,no_incendio,-7.464502353788052,-77.51392837949253
76449,no_incendio,-7.517938460168555,-75.88430182253087
76450,incendio,-5.7278,-76.378
76452,no_incendio,-5.915658751464713,-77.38575524652865
76460,no_incendio,-5.945782975612446,-75.78933619991895
76462,no_incendio,-6.673178207902485,-77.4048318758823
76464,incendio,-7.3128,-76.7618
76465,no_incendio,-6.928184042805378,-76.77151382737259
76476,no_incendio,-6.621617501983885,-75.65329251395444
76495,incendio,-7.247,-76.0505
76499,incendio,-6.1544,-76.2354
76501,incendio,-7.5103,-76.5408
76508,incendio,-6.6228,-76.6689
76526,incendio,-5.7524,-76.2675
76530,incendio,-7.296,-76.7875
76540,incendio,-6.2818,-76.6641
76554,incendio,-6.5515,-76.7235
76576,no_incendio,-6.2585048621667685,-76.21326265306386
76577,incendio,-5.7425,-76.063
76582,incendio,-6.6817,-76.5962
76584,incendio,-6.3926,-76.5457
76586,incendio,-6.7809,-76.2525
76589,incendio,-5.4027,-76.8409
76598,incendio,-6.1428,-76.118
76603,incendio,-5.9804,-76.2506
76606,no_incendio,-7.579948204047341,-77.15279486128607
76609,no_incendio,-6.942876340672963,-76.33358150381483
76620,no_incendio,-7.156566202951519,-76.39767455117727
76621,incendio,-8.6974,-76.9232
76622,incendio,-6.5828,-76.158
76636,no_incendio,-6.377843437674785,-75.69894560383477
76643,no_incendio,-5.846023239980903,-75.59058432825728
76645,no_incendio,-6.595830198454336,-76.87085544617783
76646,no_incendio,-7.1439208952470965,-77.38092521559295
76656,incendio,-7.0115,-76.8117
76662,incendio,-6.9518,-76.1851
76665,incendio,-6.3416,-76.0807
76676,no_incendio,-6.049219022458795,-76.2803636866073
76689,incendio,-6.0641,-75.8335
76690,incendio,-8.6828,-76.8075
76692,incendio,-6.1571,-76.259
76700,incendio,-6.7064,-76.3627
76709,incendio,-7.36,-76.4021
76710,incendio,-6.404,-75.7084
76714,incendio,-6.846,-76.5058
76718,no_incendio,-6.072007171578419,-77.37389388906047
76726,incendio,-6.7237,-76.5485
76730,no_incendio,-6.950453264096688,-75.59880859567114
76732,incendio,-6.8807,-77.7309
76734,incendio,-5.7847,-77.4044
76735,no_incendio,-6.0636997194620585,-76.98817967024722
76738,incendio,-5.9009,-76.2052
76739,no_incendio,-5.936247863486473,-77.30432777805068
76742,no_incendio,-6.73154658128307,-77.37224800507184
76751,no_incendio,-7.340268369426515,-77.43400024997341
76758,incendio,-6.5315,-76.2707
76761,no_incendio,-5.714958817536613,-75.57831712461974
76767,incendio,-7.2135,-76.3776
76768,incendio,-7.3182,-76.6196
76773,no_incendio,-5.702740983602372,-76.82721339280745
76774,no_incendio,-5.7783488736056645,-77.39085635603547
76780,no_incendio,-6.75147932991093,-77.49824320852836
76785,incendio,-5.9354,-76.4574
76786,incendio,-6.5833,-75.6439
76789,incendio,-7.6913,-76.4823
76791,no_incendio,-7.4319891578174815,-77.15087421098383
76792,incendio,-6.438,-75.7897
76793,incendio,-6.5701,-76.0719
76794,incendio,-7.157,-76.5055
76801,incendio,-5.9701,-76.2436
76804,incendio,-7.2939,-76.3966
76816,no_incendio,-6.775595026700855,-77.38152365692504
76817,incendio,-6.6567,-76.7112
76829,incendio,-6.2721,-76.7449
76831,no_incendio,-5.867914432983562,-76.93835853406706
76832,no_incendio,-5.459589434430045,-76.77318023823041
76833,incendio,-6.9672,-76.5573
76842,incendio,-6.2062,-76.2249
76846,no_incendio,-5.525519480392893,-76.3183975995799
76856,incendio,-6.2979,-76.2186
76862,no_incendio,-6.3480305531769075,-76.22097710185248
76865,incendio,-5.593,-76.6379
76868,no_incendio,-7.217736549985553,-75.80888423805258
76879,no_incendio,-6.460809424904893,-76.67264708557983
76884,incendio,-7.2001,-76.8251
76895,incendio,-7.2823,-76.5927
76899,incendio,-6.1612,-77.771
76903,incendio,-7.9699,-76.6543
76906,incendio,-7.2297,-76.3744
76910,no_incendio,-5.519172911219698,-76.89133916809088
76911,no_incendio,-5.815972204611399,-75.5996631905604
76915,incendio,-6.217,-75.6811
76916,no_incendio,-7.459517004149713,-75.65348895495933
76936,no_incendio,-6.000321843594466,-77.16959710695784
76940,no_incendio,-7.170373075763204,-77.40179462648253
76941,no_incendio,-5.6996412211902,-75.5074681731858
76946,incendio,-5.732,-75.9946
76952,no_incendio,-6.1628423736617925,-77.33214012724629
76964,no_incendio,-5.397948781588011,-77.53247141487635
76968,incendio,-8.2522,-76.6068
76969,incendio,-7.4486,-76.5799
76974,incendio,-5.6987,-75.9127
76977,no_incendio,-7.579867389663157,-75.5999817001758
76978,incendio,-7.0292,-76.3005
76980,incendio,-6.8118,-76.1832
76981,incendio,-5.9329,-75.9327
76982,incendio,-6.0038,-76.8765
76987,incendio,-7.2135,-76.8406
76991,no_incendio,-6.157983789056771,-76.91942166932327
76994,incendio,-7.293,-76.6455
77000,incendio,-8.7947,-75.5127
77002,incendio,-6.9376,-76.6712
77006,no_incendio,-6.296125170251722,-76.27573079441521
77007,incendio,-6.7268,-76.1737
77009,incendio,-5.9933,-76.9603
77014,no_incendio,-6.109182329794082,-77.41759375115069
77016,incendio,-5.9528,-76.1759
77017,incendio,-6.256,-76.7217
77026,incendio,-6.5513,-75.6783
77033,no_incendio,-6.124908546496211,-75.75141276131208
77035,incendio,-6.7757,-76.5515
77037,no_incendio,-6.827947755317633,-77.24078320536096
77045,no_incendio,-7.277740388513622,-77.219832932029
77059,incendio,-6.7613,-76.4004
77061,no_incendio,-7.510954821403472,-75.50873794050783
77066,incendio,-6.9621,-76.8787
77067,incendio,-6.6191,-77.3265
77073,no_incendio,-6.380793727295641,-76.36283674136891
77074,incendio,-8.6594,-76.857
77075,incendio,-7.247,-76.7774
77080,incendio,-6.7807,-76.5733
77081,no_incendio,-6.191285072180344,-75.97348634249272
77083,no_incendio,-6.6588540055381635,-76.3643446123623
77085,incendio,-6.9217,-76.6322
77091,no_incendio,-7.459387198765487,-76.32587223443953
77099,incendio,-8.4146,-76.3107
77101,incendio,-7.0058,-76.8274
77104,incendio,-7.3595,-76.8595
77107,incendio,-7.279,-76.8353
77111,no_incendio,-7.276587033646778,-76.71291357389988
77112,incendio,-6.2259,-76.1101
77115,no_incendio,-5.424572995842199,-76.6735765187215
77117,incendio,-8.139,-76.5523
77125,incendio,-5.8333,-76.2298
77135,no_incendio,-7.5699592193140015,-75.58526155924636
77139,incendio,-5.665,-76.6308
77141,no_incendio,-5.441048358116876,-77.52077786090675
77147,no_incendio,-5.966007765722613,-76.02339603474364
77148,incendio,-5.7564,-76.5504
77151,incendio,-8.7676,-76.2579
77153,incendio,-6.0556,-76.4578
77154,incendio,-7.4379,-76.6884
77156,incendio,-5.9753,-76.0773
77163,no_incendio,-6.267765286846349,-75.88438881089547
77171,no_incendio,-5.420009462532595,-77.54497332899014
77175,no_incendio,-5.501045309864604,-77.33293151035834
77185,no_incendio,-6.5603093207023875,-76.81459925787705
77187,no_incendio,-5.7870347665351245,-76.83855785035811
77196,no_incendio,-5.504024274503536,-76.47223087280436
77199,incendio,-5.7874,-76.2052
77202,incendio,-7.2505,-76.8064
77208,no_incendio,-6.525390337428589,-76.47559277816393
77219,incendio,-7.3661,-76.5879
77220,incendio,-7.2201,-76.3743
77226,incendio,-6.9018,-76.7191
77237,no_incendio,-6.777084363074236,-76.9625637860872
77249,incendio,-6.79,-76.3745
77254,no_incendio,-7.3820884546139,-76.13227467193721
77255,no_incendio,-6.6675087326032685,-77.42602403570756
77257,no_incendio,-6.645743757749571,-77.31611856562348
77259,no_incendio,-5.682009801127555,-77.32557014599907
77260,no_incendio,-5.739545483497391,-76.77757497448552
77261,no_incendio,-5.31562173519542,-75.64368786803017
77265,incendio,-6.9683,-76.6248
77274,incendio,-6.336,-75.8401
77276,incendio,-7.5039,-76.5112
77278,no_incendio,-7.142295863783367,-76.24884468058782
77281,incendio,-5.7422,-77.3803
77282,incendio,-8.6304,-77.2308
77284,no_incendio,-6.709679366409026,-76.89232327371961
77289,incendio,-6.7105,-77.365
77290,incendio,-6.6578,-76.6583
77291,incendio,-6.3103,-76.7656
77294,incendio,-5.7164,-75.7475
77302,no_incendio,-6.679897679386204,-77.34823338283437
77305,no_incendio,-5.851710851525425,-77.43871611391367
77307,incendio,-8.4124,-76.341
77308,incendio,-8.1319,-76.4312
77313,incendio,-8.0774,-76.7522
77317,no_incendio,-7.4319891578174815,-77.15087421098383
77319,no_incendio,-6.967630832661904,-76.66075655259817
77320,no_incendio,-7.517330043663011,-76.85538614453351
77335,no_incendio,-7.319106221775668,-76.84964608294781
77338,incendio,-6.2855,-75.8494
77339,incendio,-6.9007,-76.8747
77344,no_incendio,-7.537264707596327,-76.77993123452514
77345,no_incendio,-7.518549043794622,-77.46918278069812
77348,incendio,-5.9006,-76.3851
77352,no_incendio,-7.352637322565051,-76.5869966012663
77354,incendio,-5.4776,-76.7795
77356,no_incendio,-6.12520459976937,-77.49886350154438
77358,no_incendio,-6.631390870435434,-77.17543848057095
77360,incendio,-7.3176,-76.6086
77361,incendio,-7.3812,-76.5719
77367,no_incendio,-5.5084858154243905,-75.90684850496002
77373,no_incendio,-6.007112604816549,-77.29204800487722
77374,incendio,-7.3569,-76.4618
77382,no_incendio,-5.9287884158970305,-76.31836219337158
77387,incendio,-6.1045,-76.1362
77388,no_incendio,-7.316542689651407,-77.09719219444501
77389,no_incendio,-7.017832061015762,-77.13978816386988
77392,no_incendio,-5.612907306182736,-76.9815155721773
77393,incendio,-8.1736,-76.6263
77396,no_incendio,-6.017393971898976,-75.85609561110088
77399,no_incendio,-6.632429838819291,-76.85546244307059
77411,no_incendio,-6.892866951927303,-75.87172300219687
77413,incendio,-7.3109,-75.5779
77425,incendio,-8.6633,-76.2757
77435,no_incendio,-7.27421571842906,-77.20818796800718
77441,incendio,-5.7177,-76.6713
77447,no_incendio,-6.696114207645428,-77.01139322381492
77448,incendio,-6.5533,-76.5704
77449,no_incendio,-6.702659611656615,-77.00358407805038
77450,incendio,-7.411,-76.6287
77465,no_incendio,-5.489245275525123,-76.82667902790362
77468,incendio,-8.2844,-76.6154
77475,no_incendio,-6.1464831206689965,-77.21946152659409
77478,incendio,-5.679,-76.6684
77479,incendio,-7.1893,-76.3819
77482,no_incendio,-6.9338065388714725,-77.51645275784907
77484,no_incendio,-5.661805796480656,-77.53514186743837
77487,incendio,-6.7041,-76.3148
77490,no_incendio,-5.450455855055424,-76.00497644122908
77493,incendio,-7.2539,-77.7058
77511,incendio,-6.7796,-76.5023
77519,incendio,-7.6204,-76.4729
77520,incendio,-8.4285,-76.2879
77521,incendio,-6.5005,-77.0571
77522,incendio,-6.9237,-76.5163
77526,incendio,-6.3269,-75.7668
77527,incendio,-7.5658,-76.4281
77530,incendio,-5.8126,-77.2102
77534,no_incendio,-6.424628672692531,-76.43252138876545
77543,no_incendio,-6.444054607789215,-75.60852282337595
77553,incendio,-7.5513,-76.4196
77555,incendio,-6.2386,-76.2684
77556,incendio,-6.9439,-76.707
77567,incendio,-8.3845,-76.3222
77570,no_incendio,-6.012390103585068,-77.46665184846529
77571,no_incendio,-5.522972759309926,-75.80819311512354
77573,no_incendio,-6.452984723571151,-76.97534564539009
77577,no_incendio,-6.6084019823282665,-76.06077967767854
77580,incendio,-5.3435,-76.6031
77582,incendio,-5.5626,-76.7185
77584,no_incendio,-6.342272331916268,-77.0355540401251
77585,incendio,-7.2432,-76.7145
77586,incendio,-6.7569,-76.6484
77591,incendio,-6.154,-76.3099
77595,no_incendio,-5.913444133925558,-76.54061399484421
77606,no_incendio,-6.709233322192638,-77.51049806027564
77608,no_incendio,-7.218925664720446,-76.08201561394016
77612,incendio,-7.0365,-76.7925
77616,no_incendio,-7.506850337937736,-76.33686457857513
77623,incendio,-6.6638,-76.6215
77624,no_incendio,-6.064542854980353,-77.18213602611725
77626,incendio,-7.6359,-76.8328
77635,no_incendio,-5.5463833686959125,-76.92476001499328
77637,incendio,-6.5035,-75.6626
77638,no_incendio,-5.388800568828812,-75.76427198080877
77641,incendio,-7.2789,-76.4488
77647,incendio,-7.4373,-76.8124
77649,incendio,-5.7663,-77.3632
77650,incendio,-6.5422,-76.5017
77655,no_incendio,-6.250766771982882,-76.67346707047133
77661,incendio,-6.6989,-76.47
77680,no_incendio,-5.658384235826694,-76.44208065955317
77688,incendio,-7.2471,-76.4878
77692,incendio,-7.0777,-76.4074
77693,incendio,-6.5518,-75.6924
77696,incendio,-7.1528,-76.3428
77698,no_incendio,-7.190259524857835,-76.68608585816432
77699,no_incendio,-5.592455159672106,-77.05696823462097
77705,no_incendio,-5.388800568828812,-75.76427198080877
77709,incendio,-5.9935,-76.3549
77710,no_incendio,-5.329749843854847,-75.71078811690217
77717,incendio,-7.529,-76.5268
77721,no_incendio,-5.5280435147957645,-75.64292390382334
77722,no_incendio,-7.480945740497024,-75.88131487548965
77727,no_incendio,-6.167876331105529,-76.10362029847187
77733,incendio,-6.9433,-77.7734
77741,incendio,-7.3262,-76.5409
77742,no_incendio,-6.606790602498376,-76.50679708602655
77746,no_incendio,-7.153254312142147,-75.61931012295983
77748,no_incendio,-7.38891296125344,-75.60819465870141
77752,no_incendio,-7.5636797148906325,-76.80582387525504
77754,no_incendio,-7.282016752291952,-75.89864347181351
77756,incendio,-6.979,-76.6859
77762,no_incendio,-5.366911069115064,-77.28733600522496
77764,incendio,-7.5401,-76.6522
77765,incendio,-6.9544,-76.1301
77766,no_incendio,-7.1632098636724635,-76.89550285392816
77769,incendio,-5.4098,-76.8416
77771,incendio,-6.6751,-76.3968
77795,incendio,-7.2909,-76.6704
77796,incendio,-6.1268,-76.0091
77797,incendio,-7.3466,-76.6002
77799,incendio,-6.8488,-76.5449
77806,incendio,-7.5611,-76.4483
77807,no_incendio,-6.15602894819134,-76.33768833426039
77808,incendio,-6.183,-76.2361
77809,incendio,-6.9063,-76.6787
77817,incendio,-6.5633,-76.2788
77820,incendio,-5.7553,-76.6278
77830,incendio,-7.4967,-76.4459
77833,no_incendio,-6.807279841790784,-75.78242302305196
77836,incendio,-6.6566,-76.7274
77839,no_incendio,-6.797266617151564,-77.33130374727055
77840,incendio,-7.5887,-76.5394
77842,incendio,-6.9852,-76.9336
77844,no_incendio,-6.79327379780416,-76.83578661930616
77846,incendio,-8.4948,-76.3754
77847,incendio,-7.1248,-76.6007
77848,no_incendio,-7.000863457307533,-75.58957693762711
77850,no_incendio,-6.770535932670912,-77.17143392593205
77854,incendio,-7.2854,-76.1078
77857,no_incendio,-6.530680448143941,-77.14936961816767
77859,no_incendio,-5.977954403238399,-75.89740788010133
77861,no_incendio,-6.253426709313807,-77.08659131097349
77870,incendio,-5.9926,-76.1744
77875,incendio,-7.5174,-76.7692
77877,incendio,-6.5583,-76.6982
77884,no_incendio,-5.919068188390441,-77.36605426382134
77887,no_incendio,-6.331589003630742,-76.77579913568411
77891,incendio,-6.6942,-76.6869
77900,incendio,-5.7333,-76.6574
77903,no_incendio,-6.946999930209273,-76.16347768392615
77906,incendio,-7.3529,-76.7439
77908,incendio,-5.3224,-76.4612
77909,no_incendio,-6.135395550199937,-77.01659159261982
77913,no_incendio,-6.8241555048520945,-76.01927599626522
77914,incendio,-5.986,-76.0202
77942,no_incendio,-7.366259215797565,-77.34248619041158
77943,incendio,-6.7166,-76.7137
77947,no_incendio,-6.9213010558098045,-76.33886424086654
77948,no_incendio,-6.727424984115921,-76.66756072308013
77951,incendio,-6.169,-76.0125
77964,incendio,-7.6161,-76.4738
77969,incendio,-6.8709,-76.5638
77970,incendio,-7.1445,-76.5939
77972,incendio,-7.5559,-76.7169
77974,no_incendio,-7.189575486518889,-75.71595612356288
77977,incendio,-6.5663,-76.0794
77980,incendio,-7.698,-76.7798
77982,no_incendio,-5.99701125020352,-76.97976479165838
77989,no_incendio,-7.508397223486154,-75.66150958377543
77992,incendio,-7.4113,-76.8731
78008,incendio,-7.1091,-76.7766
78011,incendio,-7.285,-76.4635
78013,no_incendio,-5.87076697965016,-76.32402567938676
78015,no_incendio,-6.693645231607011,-77.00083886723358
78016,no_incendio,-7.468820255868223,-76.21884389702247
78021,no_incendio,-6.519206979509828,-76.45089641887259
78023,incendio,-7.1969,-76.6574
78032,no_incendio,-6.514967490351236,-76.99375522896699
78045,incendio,-8.4031,-77.363
78046,no_incendio,-7.4654999073290265,-76.71461513627762
78047,incendio,-6.6744,-76.7504
78055,incendio,-6.0391,-76.1983
78057,incendio,-7.1598,-76.7436
78062,incendio,-7.6524,-76.4779
78065,incendio,-6.8975,-76.7188
78067,incendio,-7.5463,-76.6871
78080,no_incendio,-6.469524270312644,-76.04017356223993
78089,incendio,-7.3787,-76.7138
78090,no_incendio,-6.107814853885202,-77.33817072189056
78096,no_incendio,-7.391919899350189,-76.53710558307176
78100,incendio,-6.9475,-76.4744
78110,incendio,-7.3553,-76.7385
78111,no_incendio,-5.498957925752801,-76.23819839749541
78114,incendio,-5.93,-75.9168
78122,no_incendio,-6.9256501234330665,-77.07157879837493
78130,incendio,-6.1365,-77.167
78137,incendio,-6.6469,-76.592
78138,no_incendio,-6.012390103585068,-77.46665184846529
78154,incendio,-7.2024,-76.2727
78164,incendio,-7.0911,-76.8547
78165,incendio,-5.8215,-76.2233
78169,incendio,-5.6801,-77.4843
78171,incendio,-6.6873,-76.3793
78172,no_incendio,-5.873429262130088,-76.29994874270383
78178,incendio,-6.9722,-76.2277
78186,incendio,-8.7916,-76.1727
78188,incendio,-6.5185,-76.3896
78191,incendio,-7.3078,-76.9804
78203,incendio,-8.4359,-76.5103
78204,incendio,-7.1497,-77.6281
78206,no_incendio,-6.185102706019143,-75.78932803542219
78209,no_incendio,-5.509842715479968,-77.22974622552158
78213,no_incendio,-5.569659951211905,-77.11401128748476
78216,no_incendio,-7.0475824644559095,-77.00777977835193
78218,incendio,-5.9948,-76.2847
78221,incendio,-7.3182,-77.0781
78223,no_incendio,-6.808298154641365,-77.1261442416624
78226,incendio,-6.6907,-76.7048
78236,incendio,-6.982,-76.8867
78240,no_incendio,-5.41267692948794,-75.94332607139869
78245,no_incendio,-5.412071364186887,-77.00251056339543
78253,incendio,-6.0423,-76.1184
78254,no_incendio,-6.402069451962711,-76.21591146142134
78262,incendio,-6.8946,-76.5236
78263,incendio,-6.7831,-76.94
78264,incendio,-5.8224,-77.3082
78266,no_incendio,-5.518725698266722,-76.04231826723102
78283,incendio,-6.2628,-75.967
78284,incendio,-7.2535,-76.8613
78297,incendio,-8.6199,-76.1241
78299,no_incendio,-6.746503515167967,-76.72857236085679
78300,incendio,-6.0323,-76.2103
78301,no_incendio,-6.802375216185101,-76.58944416230916
78310,incendio,-5.6179,-75.8899
78319,incendio,-5.772,-77.3928
78320,no_incendio,-6.311293975828189,-76.65790550589152
78325,incendio,-5.8413,-76.2891
78330,incendio,-5.766,-76.4827
78335,incendio,-6.7905,-76.5819
78337,incendio,-6.9555,-76.6817
78338,incendio,-7.2415,-76.2412
78345,incendio,-7.5161,-76.5479
78348,no_incendio,-5.315273849835721,-75.96752969040406
78351,no_incendio,-6.595830198454336,-76.87085544617783
78364,incendio,-6.9414,-76.5734
78368,no_incendio,-7.128591277381194,-76.12302141097119
78373,no_incendio,-6.467350712480753,-77.13922176575424
78374,no_incendio,-5.6727531578346015,-77.41986068936593
78375,no_incendio,-6.040843804619021,-75.5134205645717
78380,no_incendio,-7.126628531945264,-77.1694503862003
78383,no_incendio,-6.797587829172456,-76.96085855036651
78386,no_incendio,-5.706911774664528,-77.15797296628834
78396,incendio,-6.6646,-76.6088
78398,incendio,-5.6582,-75.9431
78401,no_incendio,-7.369405359299169,-75.53775524923043
78409,no_incendio,-6.812854444766214,-76.31590409569822
78410,incendio,-8.7936,-76.177
78411,incendio,-6.1188,-76.1937
78412,no_incendio,-6.322518329995495,-75.91309952295535
78417,incendio,-7.2454,-76.5248
78422,incendio,-7.1554,-76.7697
78424,no_incendio,-7.1439208952470965,-77.38092521559295
78425,incendio,-7.3674,-76.6944
78431,incendio,-6.848,-76.7711
78432,no_incendio,-6.418496907062319,-75.56505083254436
78433,incendio,-5.748,-75.9424
78435,incendio,-6.9343,-76.8692
78438,incendio,-7.4145,-76.8754
78440,incendio,-7.3503,-76.2599
78449,incendio,-7.4099,-76.6547
78458,incendio,-7.0476,-76.2999
78460,incendio,-6.865,-76.2595
78461,no_incendio,-7.132478183195441,-76.65634588857769
78467,incendio,-6.2375,-76.2309
78468,no_incendio,-5.944935096517128,-76.18780832521988
78469,incendio,-6.5251,-76.4
78470,incendio,-6.9123,-76.4065
78472,incendio,-7.1316,-76.7833
78483,incendio,-7.1589,-76.0471
78490,incendio,-5.8673,-76.5503
78491,no_incendio,-6.044769424983038,-75.50599138370771
78496,incendio,-7.1378,-76.4447
78497,no_incendio,-5.322335273054225,-75.66988823532402
78501,incendio,-6.3568,-76.0876
78512,incendio,-6.7316,-76.7476
78513,incendio,-6.2849,-76.1391
78522,incendio,-7.4857,-76.5828
78526,incendio,-6.1835,-76.2522
78529,no_incendio,-6.827947755317633,-77.24078320536096
78537,incendio,-8.602,-76.8074
78539,incendio,-7.2875,-76.7398
78542,incendio,-7.2278,-76.6266
78550,incendio,-5.6711,-76.471
78551,no_incendio,-5.326609511462546,-75.7438155508771
78556,no_incendio,-6.1419091354730675,-76.8668930112328
78559,incendio,-8.1768,-76.9801
78560,incendio,-6.256,-76.166
78562,incendio,-7.0634,-76.8808
78563,incendio,-5.8635,-76.1216
78565,incendio,-8.3602,-76.7485
78576,incendio,-6.2794,-77.0986
78580,incendio,-5.8566,-76.1577
78583,incendio,-6.411,-77.7968
78585,incendio,-7.7626,-76.5041
78589,incendio,-8.6666,-76.7847
78593,no_incendio,-6.741564716218832,-76.27215624555981
78594,no_incendio,-7.18387555277713,-76.55534207208011
78597,no_incendio,-6.420478782048784,-76.46157866406858
78599,no_incendio,-6.621617501983885,-75.65329251395444
78608,no_incendio,-6.727398434306363,-77.48848492382807
78621,no_incendio,-7.079367268286084,-75.74962590729507
78623,incendio,-6.8466,-76.7063
78628,no_incendio,-7.051099362667298,-76.62925053957763
78631,incendio,-6.0746,-76.1473
78633,no_incendio,-7.585660689069584,-77.39009094478008
78643,no_incendio,-6.146925317432729,-76.25875565214055
78647,incendio,-6.1979,-76.2626
78648,no_incendio,-5.702740983602372,-76.82721339280745
78653,incendio,-6.4922,-76.8165
78660,incendio,-8.1739,-76.5453
78668,incendio,-5.5801,-76.6763
78669,no_incendio,-6.818883045664746,-77.17747642270048
78670,incendio,-8.7718,-76.1151
78677,incendio,-5.8462,-76.5528
78679,incendio,-7.1171,-76.861
78681,incendio,-7.3615,-76.7299
78682,no_incendio,-7.063019746501072,-77.52481749302208
78683,incendio,-7.3418,-76.7455
78687,no_incendio,-7.53303009358015,-76.30539007678105
78689,no_incendio,-6.590618313605878,-75.87293609884875
78691,incendio,-6.1903,-76.9981
78694,no_incendio,-5.991245342520768,-75.64023187612118
78699,incendio,-7.0084,-77.6729
78705,incendio,-6.3264,-75.6858
78709,incendio,-5.8077,-76.009
78713,incendio,-5.778,-76.3817
78721,no_incendio,-6.377187733554232,-75.74684740899566
78723,incendio,-5.9152,-76.0105
78725,no_incendio,-6.324852338083002,-77.32158487709337
78727,no_incendio,-7.5636797148906325,-76.80582387525504
78728,no_incendio,-6.43490273431634,-75.69794209792583
78729,no_incendio,-6.3402826742912515,-75.67543757743714
78734,no_incendio,-7.407523974858453,-76.05767195335137
78740,no_incendio,-6.050469228584658,-76.73736427886188
78742,incendio,-5.9818,-77.0177
78743,incendio,-6.5944,-76.0309
78746,no_incendio,-5.3579190970036175,-75.71127050256207
78753,no_incendio,-6.380793727295641,-76.36283674136891
78756,incendio,-7.0085,-76.7591
78757,no_incendio,-6.22948269148436,-77.46060172999928
78762,incendio,-6.452,-75.6978
78774,incendio,-5.8933,-76.2635
78776,incendio,-7.2675,-76.5775
78785,incendio,-6.828,-76.4395
78792,incendio,-6.991,-76.552
78793,incendio,-7.5759,-76.5331
78794,incendio,-6.2952,-76.2761
78799,incendio,-5.8509,-76.2724
78806,incendio,-6.9024,-76.513
78807,incendio,-6.1413,-76.1785
78809,incendio,-6.9716,-76.6448
78815,no_incendio,-6.1476999130544865,-77.34007485362595
78835,no_incendio,-6.320061417206358,-76.82643295462363
78847,incendio,-5.3659,-76.2764
78850,no_incendio,-6.3065520769299415,-76.52048775212563
78855,no_incendio,-6.400338002031925,-76.1292712340201
78862,incendio,-6.346,-75.7117
78864,no_incendio,-7.2086548700460105,-76.60794035176814
78867,no_incendio,-5.979395848987274,-75.81605060669331
78871,no_incendio,-7.180514878638644,-76.37224014179314
78872,no_incendio,-5.822373025705751,-75.81118308604799
78880,no_incendio,-5.765833579415168,-76.48980976364362
78883,incendio,-6.6417,-76.4556
78886,incendio,-8.4252,-76.3809
78888,incendio,-6.1076,-76.156
78897,no_incendio,-7.170373075763204,-77.40179462648253
78908,no_incendio,-5.931410128051382,-77.48442078407336
78919,incendio,-8.4029,-76.4574
78927,no_incendio,-7.414688922024766,-76.2476866383002
78928,no_incendio,-6.71467279372098,-77.07743264874856
78930,incendio,-6.17,-76.7902
78931,incendio,-6.1614,-76.2799
78932,no_incendio,-6.650069273774372,-77.45753589439983
78937,incendio,-5.9515,-76.2304
78944,incendio,-7.0101,-76.3142
78949,no_incendio,-6.7988040085111265,-76.15084820178622
78950,no_incendio,-6.219703521684984,-76.92758051251145
78952,no_incendio,-5.485555576815183,-76.48568380205462
78955,incendio,-7.3756,-76.6328
78962,incendio,-6.0206,-77.0663
78967,no_incendio,-6.559793328628168,-75.94281873717337
78969,incendio,-7.495,-76.7188
78970,incendio,-5.716,-76.1791
78972,no_incendio,-5.332935425847374,-77.16749151506393
78976,no_incendio,-7.2237762907302,-75.57516855360699
78977,incendio,-7.9668,-76.6672
78979,incendio,-5.8932,-76.0194
78982,incendio,-5.8795,-75.9264
78983,no_incendio,-6.654449786981951,-77.1406120148932
78987,no_incendio,-5.9787702159042375,-76.39270327711898
78994,no_incendio,-7.1211989995442275,-77.24932556813594
78998,incendio,-7.4627,-76.6675
79010,no_incendio,-6.836006339265761,-75.80496615427175
79013,incendio,-7.6445,-77.5981
79015,incendio,-6.1671,-76.2316
79019,no_incendio,-5.715611122341353,-76.65563746255786
79023,no_incendio,-7.154379449162653,-76.23880537117174
79028,incendio,-7.0789,-76.8114
79033,incendio,-7.5355,-76.6483
79035,incendio,-5.8105,-76.5369
79050,no_incendio,-5.451597714525489,-77.32234997673201
79052,no_incendio,-6.41045269770062,-76.39156709032302
79056,incendio,-8.2575,-76.6347
79057,incendio,-7.3678,-76.6866
79059,incendio,-6.2816,-77.6841
79060,no_incendio,-6.931054749326789,-77.2760800084336
79062,incendio,-6.0355,-76.1821
79082,incendio,-6.8365,-76.6234
79083,incendio,-6.6724,-76.1969
79086,incendio,-7.5719,-76.3975
79090,no_incendio,-7.517938460168555,-75.88430182253087
79099,incendio,-5.4587,-76.642
79107,incendio,-5.6761,-76.5838
79109,no_incendio,-5.353246300739066,-75.96334736686653
79133,no_incendio,-6.942876340672963,-76.33358150381483
79136,no_incendio,-6.6308882191110055,-76.3915553322726
79140,no_incendio,-7.381229378022176,-76.50096695875145
79147,incendio,-7.3322,-76.6534
79150,incendio,-8.3422,-76.567
79157,no_incendio,-6.75147932991093,-77.49824320852836
79165,no_incendio,-5.703527630485487,-76.04599898833253
79169,no_incendio,-5.990542250974831,-75.6694532466171
79176,no_incendio,-6.007112604816549,-77.29204800487722
79179,incendio,-7.3524,-76.574
79183,no_incendio,-5.876670821018357,-77.35096983439296
79187,incendio,-5.8492,-76.5638
79190,incendio,-5.7092,-77.3542
79196,incendio,-7.28,-76.3955
79198,incendio,-6.5271,-76.6925
79204,no_incendio,-7.428960143280297,-76.20768184148152
79205,no_incendio,-6.3427644504242675,-77.35180398852548
79210,incendio,-5.9759,-76.9955
79214,no_incendio,-7.536324441611577,-75.98652093293225
79215,incendio,-7.4738,-76.3966
79218,no_incendio,-5.833991570039085,-76.02950285469245
79221,incendio,-6.3161,-76.7355
79226,no_incendio,-5.871232465142917,-76.52596915622884
79227,incendio,-6.9527,-76.4726
79239,incendio,-6.9932,-76.6493
79241,incendio,-8.4868,-76.2965
79245,incendio,-6.4453,-76.8657
79255,no_incendio,-5.8511939634062635,-76.52247944634267
79258,no_incendio,-6.53438876670278,-77.3151143596093
79260,incendio,-5.8708,-77.7702
79261,incendio,-8.3077,-76.6469
79264,incendio,-7.276,-76.5035
79267,incendio,-8.5493,-76.369
79269,incendio,-5.673,-76.2373
79274,incendio,-8.2536,-76.5859
79275,no_incendio,-5.432481694931332,-76.47528675292433
79278,no_incendio,-7.26944697761503,-76.97064413485722
79280,no_incendio,-5.508797884476139,-76.57706115239465
79283,incendio,-7.2486,-76.0786
79288,incendio,-5.6192,-75.8991
79292,incendio,-7.4413,-76.3699
79293,incendio,-7.6302,-76.8066
79296,incendio,-6.1154,-76.1831
79297,no_incendio,-6.178368777472011,-76.33706394423045
79300,incendio,-8.2453,-77.7161
79310,incendio,-6.1333,-76.1415
79313,no_incendio,-7.0026426990635535,-77.36552672269332
79316,no_incendio,-6.352348321356028,-75.59610164326816
79320,incendio,-6.7616,-76.8454
79324,no_incendio,-6.796333772184817,-76.78935654696676
79329,incendio,-7.3572,-76.4686
79330,incendio,-6.8244,-76.549
79334,no_incendio,-5.65117658577255,-75.62263099163508
79335,incendio,-7.2199,-76.9702
79337,no_incendio,-5.931410128051382,-77.48442078407336
79358,no_incendio,-6.386426402369189,-77.04162489751405
79360,no_incendio,-6.859834032339221,-77.17846783969736
79363,incendio,-8.3318,-77.2469
79364,no_incendio,-6.238722534494159,-76.96599757551694
79373,no_incendio,-7.480945740497024,-75.88131487548965
79374,no_incendio,-6.722977701208728,-76.08504808570892
79384,no_incendio,-6.623625617650361,-76.4412657181978
79386,no_incendio,-6.038754568131664,-76.35371867515885
79388,no_incendio,-6.929539925837722,-76.05337955826667
79397,incendio,-6.3829,-76.0455
79401,incendio,-6.1618,-76.9896
79403,incendio,-8.6855,-76.112
79405,no_incendio,-6.331956733542304,-77.5021084607029
79409,incendio,-5.9988,-75.8426
79410,incendio,-5.7851,-76.3283
79413,incendio,-5.939,-77.0412
79416,incendio,-8.0245,-76.6611
79418,incendio,-5.8814,-76.3397
79420,incendio,-6.3354,-76.0991
79422,no_incendio,-5.7158112857010535,-77.38243423840477
79424,no_incendio,-6.215385324683509,-77.39247138767627
79426,incendio,-8.6532,-76.1652
79434,incendio,-7.1459,-76.6084
79435,no_incendio,-5.866539639068574,-77.22687497991105
79436,no_incendio,-5.787648723882205,-76.3637582070336
79443,no_incendio,-6.8241555048520945,-76.01927599626522
79446,incendio,-6.592,-76.5692
79449,no_incendio,-5.872543626896172,-76.44213080221468
79452,no_incendio,-5.849268078249962,-76.0787263818459
79455,incendio,-7.2476,-76.4861
79458,no_incendio,-6.258662070362653,-76.50630572261905
79461,incendio,-7.9725,-77.4305
79473,incendio,-5.7249,-76.6477
79478,no_incendio,-5.965105049339228,-76.99859959497034
79482,no_incendio,-5.919068188390441,-77.36605426382134
79498,no_incendio,-5.519172911219698,-76.89133916809088
79501,incendio,-7.5866,-76.811
79517,incendio,-7.0125,-76.8676
79521,incendio,-7.807,-77.4268
79523,incendio,-7.5477,-77.6146
79524,incendio,-8.4031,-76.3528
79525,no_incendio,-6.09087742872903,-76.39432793529913
79529,no_incendio,-6.949275367929126,-77.03979042014342
79531,no_incendio,-6.158099214586715,-77.01707847694989
79534,incendio,-5.8186,-77.0934
79538,incendio,-5.8702,-76.3238
79539,no_incendio,-7.128591277381194,-76.12302141097119
79544,no_incendio,-6.94690710912819,-75.63438003182783
79549,no_incendio,-7.284463966351714,-76.84480226943248
79562,no_incendio,-6.535140869924569,-76.94972010352429
79563,incendio,-6.7737,-77.204
79564,incendio,-7.2397,-76.1999
79579,incendio,-8.4087,-76.5051
79583,no_incendio,-5.426612634680184,-75.58435399600397
79592,incendio,-5.9545,-76.2081
79593,incendio,-7.4021,-76.7871
79595,incendio,-7.1408,-76.609
79598,no_incendio,-6.163392021425101,-76.6587242460342
79605,incendio,-5.8833,-76.0199
79608,no_incendio,-6.428027041919373,-76.62475957936073
79609,incendio,-8.6782,-76.2842
79617,incendio,-7.3697,-76.3801
79622,incendio,-6.5067,-76.5289
79641,no_incendio,-6.260923080518788,-75.61074627640608
79646,incendio,-5.7669,-76.5174
79648,incendio,-5.8872,-76.0235
79650,incendio,-6.1428,-76.2374
79660,no_incendio,-6.905014878753814,-76.49698867319515
79662,incendio,-7.1425,-76.7841
79669,incendio,-6.1531,-76.7939
79673,incendio,-7.5929,-76.4449
79674,incendio,-6.7566,-77.3821
79675,no_incendio,-6.4891729979787565,-76.11291535541001
79677,incendio,-6.222,-76.8184
79680,no_incendio,-6.672836316039594,-77.21035813191263
79692,incendio,-8.3778,-76.2666
79699,no_incendio,-6.797587829172456,-76.96085855036651
79700,no_incendio,-5.707217935164065,-76.52295370572979
79702,no_incendio,-5.933819847140226,-76.39063203845332
79705,no_incendio,-5.7532005563442,-76.81683301115936
79712,no_incendio,-6.328050055589178,-77.0850887708193
79719,incendio,-6.992,-76.9082
79722,incendio,-7.3572,-76.4066
79724,no_incendio,-6.673178207902485,-77.4048318758823
79726,incendio,-5.8415,-77.1074
79729,no_incendio,-6.66812028796298,-76.15230026038583
79731,no_incendio,-5.971167138004345,-76.3740699604034
79732,no_incendio,-5.73056432169004,-76.88063042787364
79734,no_incendio,-7.304318403936466,-76.8341795441283
79748,no_incendio,-5.326609511462546,-75.7438155508771
79751,no_incendio,-7.459517004149713,-75.65348895495933
79757,incendio,-5.8431,-75.9606
79759,incendio,-5.3392,-76.7008
79763,incendio,-6.4906,-76.3696
79771,incendio,-8.7965,-77.5734
79772,incendio,-6.022,-77.2315
79775,incendio,-7.5719,-76.6923
79779,no_incendio,-5.886501214348173,-76.17373588365827
79780,no_incendio,-6.622512429028128,-75.69288323438259
79788,incendio,-6.6939,-76.5965
79791,incendio,-5.6395,-76.6846
79801,no_incendio,-5.577424926283962,-75.86385660107669
79807,incendio,-8.7158,-76.1298
79810,incendio,-5.754,-76.4232
79812,no_incendio,-5.403821247036303,-76.32388095777216
79814,incendio,-6.0773,-75.809
79835,incendio,-6.6146,-77.3577
79837,no_incendio,-6.796720182530489,-75.69073110670904
79849,incendio,-5.7085,-76.2359
79867,incendio,-6.5113,-76.7791
79870,no_incendio,-6.857236383262051,-76.76658169794014
79873,no_incendio,-6.994951885754811,-75.90892162040349
79880,incendio,-8.6939,-76.9306
79885,incendio,-8.5747,-76.3129
79888,no_incendio,-7.070198196068285,-76.36379595586068
79891,no_incendio,-6.157983789056771,-76.91942166932327
79893,no_incendio,-5.796164972487043,-76.72449599512143
79908,incendio,-6.8808,-76.4946
79913,no_incendio,-6.061671698446887,-76.35844064270319
79915,incendio,-6.9575,-76.169
79919,incendio,-7.0255,-76.7118
79922,no_incendio,-6.190431376100011,-77.10696325685771
79924,no_incendio,-6.525390337428589,-76.47559277816393
79939,no_incendio,-6.742797209348308,-75.63057425829132
79941,incendio,-5.3416,-76.4769
79942,incendio,-6.8025,-76.6771
79949,no_incendio,-6.542252546530441,-76.69178298792589
79954,no_incendio,-6.525571951158751,-77.30569775147015
79962,incendio,-6.0992,-75.9029
79972,incendio,-8.2784,-76.687
79973,incendio,-6.6491,-76.6973
79975,incendio,-7.3771,-76.7736
79976,incendio,-8.0049,-76.6747
79983,no_incendio,-7.2339632492782835,-76.73433396854956
79990,incendio,-6.663,-76.6736
79995,incendio,-7.3643,-76.6736
79996,no_incendio,-5.339033958369073,-76.08006911213882
80002,no_incendio,-5.693308964023421,-77.38488694411686
80006,incendio,-7.1405,-76.5585
80021,incendio,-6.5776,-76.4987
80022,incendio,-7.5431,-76.4304
80025,incendio,-8.4295,-76.2631
80026,no_incendio,-6.950453264096688,-75.59880859567114
80027,incendio,-7.1148,-76.2259
80028,incendio,-6.142,-76.1215
80029,no_incendio,-6.763422719650261,-75.74420107703415
80030,incendio,-6.3379,-75.7433
80032,incendio,-6.5038,-76.3024
80037,incendio,-5.9515,-76.5006
80039,no_incendio,-5.353246300739066,-75.96334736686653
80042,no_incendio,-6.6015678247259215,-76.27888093028594
80045,no_incendio,-5.782302498103818,-75.6928374050029
80050,no_incendio,-6.797587829172456,-76.96085855036651
80054,no_incendio,-6.519206979509828,-76.45089641887259
80056,incendio,-6.823,-76.5392
80060,incendio,-5.693,-76.6676
80064,no_incendio,-7.277740388513622,-77.219832932029
80067,no_incendio,-6.7528370184185675,-75.79463738047077
80079,no_incendio,-6.7133301961826755,-75.60854075962672
80081,incendio,-6.4645,-75.7695
80085,incendio,-7.0405,-76.7616
80091,no_incendio,-5.796164972487043,-76.72449599512143
80096,incendio,-6.8617,-76.144
80102,incendio,-6.7619,-76.4539
80106,incendio,-7.3852,-76.7423
80109,no_incendio,-7.292464300747621,-76.5588244421564
80116,incendio,-7.6793,-76.5136
80122,no_incendio,-6.543996709664201,-75.77625931317041
80126,incendio,-7.4351,-76.6553
80132,incendio,-7.0523,-76.7987
80134,incendio,-6.9702,-76.5998
80139,incendio,-8.4939,-76.3653
80146,incendio,-6.629,-76.1441
80147,no_incendio,-6.324852338083002,-77.32158487709337
80151,no_incendio,-6.931023435575018,-75.82624629253455
80154,incendio,-7.0185,-76.8056
80156,no_incendio,-7.480945740497024,-75.88131487548965
80165,incendio,-6.8881,-76.6955
80169,no_incendio,-7.15250800382105,-75.6698884726493
80171,incendio,-5.946,-76.2797
80180,no_incendio,-7.30848813253614,-75.71138002186875
80182,no_incendio,-5.871823711573395,-77.09814467361281
80183,no_incendio,-6.923574495814878,-76.96137100911855
80187,no_incendio,-5.733857068651538,-76.80904901377532
80188,no_incendio,-6.715205623153173,-76.11809578650696
80190,no_incendio,-6.1305152501535805,-77.20692971202396
80191,no_incendio,-5.453647317604843,-76.59202254288773
80195,incendio,-5.6791,-77.2509
80196,no_incendio,-6.677775402102643,-76.83019542388436
80197,incendio,-7.055,-76.2672
80200,incendio,-6.7579,-76.3817
80201,incendio,-6.1187,-76.1495
80204,incendio,-7.9251,-76.6696
80209,no_incendio,-5.450455855055424,-76.00497644122908
80211,no_incendio,-7.597875070160168,-76.24368895263702
80216,incendio,-7.1176,-76.7447
80217,incendio,-7.2415,-76.502
80221,incendio,-7.8506,-77.4464
80229,incendio,-7.0146,-76.8708
80233,incendio,-5.5339,-75.8837
80242,incendio,-7.3585,-76.2214
80243,no_incendio,-5.670265351646696,-76.15936780244608
80245,incendio,-7.6804,-76.4713
80251,incendio,-6.498,-76.5073
80253,no_incendio,-5.863508615293079,-77.5457929030888
80258,no_incendio,-6.129131664861193,-76.45649977733511
80262,no_incendio,-6.279874050199112,-75.76672987730963
80285,incendio,-5.7064,-76.1832
80287,incendio,-5.6368,-76.6243
80292,no_incendio,-6.672836316039594,-77.21035813191263
80298,incendio,-5.7358,-75.8191
80300,incendio,-6.2555,-76.1764
80302,no_incendio,-5.508797884476139,-76.57706115239465
80315,no_incendio,-6.543996709664201,-75.77625931317041
80318,no_incendio,-7.459387198765487,-76.32587223443953
80320,no_incendio,-5.631534863423365,-75.5444078955286
80324,no_incendio,-5.487830888913878,-75.70248261618342
80333,incendio,-5.8245,-77.3312
80335,no_incendio,-6.416369783766856,-77.46099434503463
80336,incendio,-7.2661,-76.5675
80346,no_incendio,-6.607438503581988,-77.25629846979227
80353,no_incendio,-6.581475655282046,-76.92813918096854
80354,no_incendio,-5.900355019577343,-76.50972621036057
80357,incendio,-5.9447,-75.9798
80360,no_incendio,-7.506544236901732,-77.50246102993648
80361,incendio,-6.2939,-75.8665
80363,incendio,-8.439,-76.3551
80366,no_incendio,-6.298521477567302,-76.20182358446478
80371,no_incendio,-7.567624123602405,-76.60964562111504
80373,incendio,-6.1722,-77.1218
80375,no_incendio,-5.888892522225688,-76.77144344906966
80382,incendio,-6.0558,-75.8711
80383,no_incendio,-5.8568748352763045,-75.92620225226696
80385,incendio,-5.5379,-75.8889
80395,incendio,-6.3077,-76.6558
80404,incendio,-7.9911,-77.4188
80406,incendio,-5.8187,-77.2943
80411,no_incendio,-6.012390103585068,-77.46665184846529
80412,incendio,-6.0043,-77.2101
80414,incendio,-5.7164,-77.4917
80419,no_incendio,-6.306399139576039,-77.35464424704278
80434,incendio,-5.7508,-76.2398
80435,no_incendio,-7.061403957049695,-76.62981524420255
80437,no_incendio,-6.125949661803806,-77.27004912325427
80440,incendio,-7.4724,-76.3728
80441,incendio,-5.7518,-76.1639
80443,incendio,-5.8516,-76.362
80446,no_incendio,-5.636338028013915,-75.57133657890496
80449,incendio,-5.676,-76.483
80450,incendio,-6.2958,-76.6543
80452,incendio,-6.7035,-76.8548
80456,incendio,-5.3463,-76.4499
80460,no_incendio,-5.494377757817533,-77.22053363364685
80461,incendio,-6.8933,-76.4559
80466,no_incendio,-6.013807781245941,-77.54515653099793
80468,incendio,-7.621,-76.4829
80469,incendio,-6.7842,-76.4649
80473,no_incendio,-6.370648236891197,-76.34077418345667
80480,incendio,-6.8864,-76.8456
80481,incendio,-7.2924,-76.6776
80487,incendio,-6.8504,-76.5569
80498,no_incendio,-6.802375216185101,-76.58944416230916
80500,incendio,-7.2495,-76.6936
80504,no_incendio,-5.6727531578346015,-77.41986068936593
80508,incendio,-6.1904,-76.2876
80514,no_incendio,-7.318729401485612,-76.81445384525996
80521,no_incendio,-7.332916187784927,-76.99914864296008
80527,no_incendio,-7.278588939327885,-76.4943759510431
80528,no_incendio,-5.6909060907931215,-77.03642215530066
80541,no_incendio,-6.9712876814104,-75.72933923833854
80546,no_incendio,-6.196820810614756,-77.18695898534692
80554,no_incendio,-7.502611835705684,-75.74342232378346
80564,no_incendio,-5.563302307050842,-76.50751783358145
80565,incendio,-6.1388,-76.2452
80570,incendio,-5.8856,-75.9567
80577,no_incendio,-6.156444886914189,-76.11831601972577
80580,incendio,-5.9913,-76.905
80586,incendio,-8.4825,-76.2428
80590,incendio,-8.6723,-76.8492
80591,no_incendio,-6.156050459707027,-75.66218917207854
80597,no_incendio,-6.837388041019548,-77.0882269714977
80601,incendio,-6.19,-75.8877
80602,no_incendio,-6.367884072608207,-76.17501426406548
80606,no_incendio,-5.617689246248104,-77.03996515250137
80616,no_incendio,-6.300957997693996,-76.09847737144455
80623,incendio,-6.0803,-76.1123
80635,incendio,-5.8448,-77.035
80640,incendio,-7.1092,-76.7035
80652,no_incendio,-6.923846443514746,-77.29283624638697
80654,no_incendio,-7.537645825070388,-77.33447245653781
80662,no_incendio,-5.798404361194972,-75.81527300196596
80663,no_incendio,-6.979813600777688,-77.48470455898823
80664,no_incendio,-6.87454750287368,-76.95714014507665
80672,incendio,-5.3451,-76.7039
80673,incendio,-6.7775,-76.622
80674,incendio,-6.3808,-76.4903
80675,no_incendio,-6.439732844593629,-76.57320223136172
80677,incendio,-6.8312,-76.4701
80679,incendio,-6.5745,-76.3561
80680,incendio,-5.9644,-75.8436
80682,no_incendio,-5.441048358116876,-77.52077786090675
80687,incendio,-6.8693,-76.5439
80688,no_incendio,-5.862678119407266,-76.8979972886448
80691,no_incendio,-6.939758211874388,-76.17566888296336
80692,no_incendio,-6.558646082464617,-76.16096804971144
80697,incendio,-6.3152,-76.183
80705,incendio,-6.6915,-76.3699
80706,incendio,-6.9494,-76.8053
80710,no_incendio,-5.500738315784995,-75.59662427893288
80712,incendio,-6.0237,-76.1803
80713,no_incendio,-6.949882284574706,-75.68273295602192
80716,incendio,-6.3107,-75.841
80719,incendio,-7.0599,-76.6184
80724,incendio,-5.8003,-76.1356
80734,incendio,-6.8505,-76.7032
80739,incendio,-5.7719,-76.3744
80744,incendio,-6.6894,-76.8664
80746,no_incendio,-5.485150772179796,-77.0821813016382
80753,incendio,-7.0134,-76.1874
80757,no_incendio,-5.87938832915223,-76.90538612384941
80776,incendio,-6.234,-76.1041
80778,no_incendio,-5.732633885929664,-76.45507870434784
80779,incendio,-6.1116,-76.1749
80780,incendio,-6.144,-76.2449
80782,incendio,-6.3199,-75.8421
80790,incendio,-6.7812,-76.7013
80797,no_incendio,-6.1849308797193405,-77.44943428599332
80800,no_incendio,-6.980328156805363,-75.58165966551039
80803,incendio,-6.112,-75.7549
80805,incendio,-7.8407,-76.7359
80810,incendio,-6.0978,-76.1778
80811,incendio,-6.8574,-76.4075
80828,incendio,-7.0124,-76.8309
80830,incendio,-7.0802,-77.6911
80832,incendio,-5.8165,-77.4201
80835,incendio,-8.4767,-76.3497
80836,no_incendio,-6.442429492492132,-75.8210206317141
80844,incendio,-5.7497,-77.4665
80845,incendio,-7.3928,-76.6673
80854,no_incendio,-5.933819847140226,-76.39063203845332
80857,incendio,-7.4479,-76.5973
80863,incendio,-6.9684,-76.4741
80864,incendio,-5.7621,-77.3857
80870,incendio,-6.983,-76.1392
80878,incendio,-6.1528,-76.2137
80891,incendio,-5.7984,-77.1758
80897,incendio,-7.2506,-76.7655
80902,incendio,-6.9981,-76.2212
80904,incendio,-8.2799,-76.4998
80907,incendio,-6.8651,-76.6334
80909,no_incendio,-6.8038809431040965,-76.81652393345753
80913,incendio,-7.3578,-76.6271
80923,incendio,-7.412,-76.6708
80925,incendio,-7.4928,-76.4577
80929,incendio,-7.3171,-76.6726
80932,no_incendio,-7.371625145918922,-75.70238603258082
80936,incendio,-6.4897,-76.3578
80937,no_incendio,-6.603103679284163,-76.5352543472929
80942,no_incendio,-6.644983818759033,-76.97235660144274
80944,incendio,-8.4567,-76.2631
80947,no_incendio,-6.196820810614756,-77.18695898534692
80948,no_incendio,-6.931054749326789,-77.2760800084336
80949,no_incendio,-7.1362153859124,-76.23261669430515
80953,incendio,-6.2167,-76.1284
80954,incendio,-8.6691,-76.8038
80955,incendio,-7.3204,-75.6223
80957,incendio,-7.3531,-76.5975
80960,no_incendio,-5.758693276250254,-76.20523501497284
80962,incendio,-7.7555,-76.7225
80966,no_incendio,-6.642584248060827,-75.75075985956546
80967,no_incendio,-5.504827246357519,-77.16574913944
80975,incendio,-5.8503,-77.0858
80984,incendio,-8.2051,-77.3631
80985,no_incendio,-7.6003471250061425,-76.18857699535684
80987,incendio,-5.34,-76.7958
80991,incendio,-7.3441,-76.6747
80994,incendio,-6.9416,-76.23
80996,no_incendio,-6.559185707653601,-77.1814362546677
81002,no_incendio,-7.160701404821328,-77.50258610161559
81016,incendio,-5.753,-76.1008
81020,no_incendio,-6.942876340672963,-76.33358150381483
81026,incendio,-7.1246,-76.2089
81029,incendio,-7.3253,-76.6705
81031,incendio,-5.9523,-76.1128
81039,incendio,-5.7107,-77.3641
81043,incendio,-7.5148,-76.4487
81045,incendio,-6.0006,-76.9072
81049,incendio,-5.5619,-76.5486
81052,incendio,-7.6106,-76.5252
81056,incendio,-7.2476,-76.6978
81057,incendio,-5.6699,-75.9442
81064,no_incendio,-5.691367325953232,-76.91174291210852
81066,incendio,-7.147,-76.5231
81074,incendio,-8.7636,-76.2061
81081,incendio,-8.0465,-76.6543
81089,no_incendio,-7.371926664770868,-77.38249391708561
81091,no_incendio,-6.188812026219859,-77.47999723724293
81093,incendio,-7.6506,-76.4827
81095,no_incendio,-5.796164972487043,-76.72449599512143
81097,incendio,-8.439,-77.641
81099,no_incendio,-7.353974209500567,-76.635407884227
81105,incendio,-5.8295,-77.3194
81106,incendio,-6.8396,-76.6171
81108,incendio,-5.8079,-76.5242
81113,incendio,-6.8493,-76.6961
81118,incendio,-6.2247,-75.7602
81119,incendio,-6.0824,-77.0385
81128,no_incendio,-5.968870459553349,-76.92149677654932
81135,incendio,-5.7498,-76.511
81137,no_incendio,-5.943086820538844,-77.20310189012812
81139,incendio,-6.9199,-76.7123
81140,incendio,-6.1239,-75.9561
81146,incendio,-7.4591,-76.4209
81153,incendio,-6.8658,-76.1859
81159,no_incendio,-5.8568748352763045,-75.92620225226696
81163,incendio,-5.7181,-76.2236
81166,incendio,-7.5839,-76.5025
81173,incendio,-7.4707,-76.533
81178,incendio,-6.7602,-76.4224
81180,incendio,-6.5113,-76.8474
81183,no_incendio,-6.756685989962618,-75.83002754028344
81191,incendio,-7.1543,-76.4165
81192,no_incendio,-7.593724484851976,-77.34754973911781
81193,no_incendio,-5.7630676382897414,-75.77232686505347
81197,incendio,-5.6668,-76.5909
81198,incendio,-7.0588,-76.6467
81201,incendio,-5.8178,-77.1678
81202,no_incendio,-5.921387481016298,-75.640821414452
81214,no_incendio,-7.488895468406661,-77.22046866095448
81217,incendio,-6.1985,-76.0272
81225,incendio,-6.1306,-76.7832
81229,no_incendio,-6.095756407316532,-77.30841425266888
81231,no_incendio,-7.509252354285814,-75.54465114823546
81237,incendio,-6.7828,-76.2622
81245,no_incendio,-6.480391966428419,-77.42730148887621
81261,no_incendio,-5.432202072011853,-76.59374002276904
81263,incendio,-6.7507,-76.6002
81266,incendio,-6.9197,-76.9055
81269,incendio,-8.3123,-77.3624
81273,no_incendio,-5.9462000997115165,-76.43849970195068
81274,incendio,-8.287,-76.4567
81280,no_incendio,-7.139277657699614,-76.6688585627755
81288,no_incendio,-6.346021842815813,-77.12333044544714
81292,no_incendio,-5.783942671800878,-75.80670959767819
81303,incendio,-5.7125,-75.8932
81307,no_incendio,-5.866539639068574,-77.22687497991105
81312,incendio,-7.3801,-76.8972
81313,no_incendio,-6.766715492175258,-75.83761083407144
81316,incendio,-8.265,-76.4765
81318,incendio,-7.1132,-76.4485
81324,incendio,-6.8574,-76.8155
81326,no_incendio,-5.599508739006035,-77.02715299547113
81328,incendio,-6.6971,-76.7148
81331,incendio,-7.4123,-76.8514
81332,no_incendio,-6.3028561898427915,-76.27802291650278
81336,incendio,-7.017,-76.3791
81339,no_incendio,-6.572656774954891,-77.3264854349528
81341,incendio,-6.5294,-76.4418
81346,incendio,-5.8096,-76.2112
81357,no_incendio,-5.544342707790426,-75.8055721541421
81366,incendio,-7.4128,-76.5636
81368,no_incendio,-6.882432262080377,-75.90126287963834
81372,incendio,-6.3593,-76.1052
81376,incendio,-6.0331,-76.1733
81377,incendio,-7.218,-77.0205
81380,incendio,-5.8619,-76.4497
81383,no_incendio,-6.42510939654662,-76.21314660329666
81385,incendio,-6.6914,-76.6287
81386,incendio,-6.7712,-76.7234
81394,incendio,-7.154,-76.3327
81398,incendio,-7.1712,-76.5216
81399,incendio,-5.821,-76.2272
81412,incendio,-7.1037,-76.3586
81413,incendio,-7.6355,-76.7669
81417,incendio,-6.0376,-77.654
81421,incendio,-6.8395,-76.1319
81433,no_incendio,-7.275276678539276,-76.76197872211165
81439,incendio,-6.1334,-76.3648
81440,incendio,-6.2007,-76.8796
81442,no_incendio,-5.719203795161454,-76.0632701523621
81443,incendio,-7.6717,-76.7666
81452,no_incendio,-5.9343288832648255,-75.71284400291329
81455,incendio,-6.0528,-75.8278
81476,incendio,-8.6984,-76.2928
81481,incendio,-5.7314,-76.6673
81484,incendio,-7.0505,-76.1199
81487,no_incendio,-6.536633754882988,-75.61074686603133
81489,incendio,-7.4194,-76.6863
81491,incendio,-6.8843,-76.9149
81501,no_incendio,-6.320061417206358,-76.82643295462363
81505,incendio,-6.0026,-76.1405
81516,no_incendio,-6.319184567250436,-76.7615595241715
81519,no_incendio,-7.583028139538337,-75.69881965938345
81521,incendio,-6.901,-76.6349
81531,incendio,-6.7473,-76.9856
81534,incendio,-6.0692,-77.0935
81540,incendio,-5.9923,-76.2583
81543,no_incendio,-5.882755427823639,-77.51237097659782
81544,incendio,-6.5963,-77.5308
81547,incendio,-7.2674,-76.6165
81549,no_incendio,-6.931488241799888,-76.75916732730077
81551,incendio,-5.7747,-76.2232
81552,no_incendio,-6.87454750287368,-76.95714014507665
81564,incendio,-7.3709,-76.7163
81571,incendio,-5.6047,-76.5512
81578,no_incendio,-7.000185157265019,-76.24279253564121
81579,no_incendio,-6.545436147892791,-76.30829128869237
81581,no_incendio,-5.809070578757959,-75.92077418660742
81587,incendio,-7.1217,-76.2491
81597,incendio,-5.7925,-76.3396
81607,no_incendio,-7.306661299403648,-77.35299757529853
81615,no_incendio,-7.579867389663157,-75.5999817001758
81616,incendio,-7.2037,-76.759
81622,no_incendio,-5.7630676382897414,-75.77232686505347
81628,incendio,-8.3729,-76.4116
81629,incendio,-6.1509,-76.3428
81630,incendio,-8.6969,-76.3435
81631,no_incendio,-6.534406684076978,-76.00352237296187
81633,no_incendio,-5.968086685454471,-75.87697296740079
81639,incendio,-6.9902,-76.6665
81645,incendio,-6.1554,-75.9474
81648,incendio,-7.7046,-76.7985
81650,incendio,-7.1378,-76.7103
81652,incendio,-6.1888,-75.9622
81655,incendio,-6.6529,-76.2166
81663,incendio,-7.051,-76.6847
81667,incendio,-6.5774,-76.4983
81673,incendio,-8.506,-76.5733
81674,incendio,-5.9454,-76.9838
81680,no_incendio,-7.19668087361042,-76.2603633805298
81681,no_incendio,-7.158262650594558,-76.17139715257736
81685,no_incendio,-6.695277689736439,-77.08154414600035
81687,no_incendio,-7.419812910820906,-75.99406148062167
81690,no_incendio,-5.346519894910452,-77.42054950645856
81691,incendio,-5.7869,-76.4098
81694,incendio,-8.4287,-76.5108
81707,no_incendio,-5.3170098474698,-75.90718083995199
81708,incendio,-8.7748,-76.1177
81717,no_incendio,-6.887017706594157,-77.30533643415299
81720,incendio,-7.3506,-76.5583
81726,no_incendio,-6.9560251993392335,-75.65244127896328
81731,incendio,-8.0563,-77.2702
81732,incendio,-8.5014,-77.0408
81746,incendio,-6.257,-75.856
81747,incendio,-8.605,-76.9929
81749,incendio,-6.8147,-76.2101
81756,no_incendio,-6.224278076163242,-75.68574152044755
81761,incendio,-8.5055,-76.4226
81766,incendio,-7.3038,-76.0496
81769,no_incendio,-6.895202578534257,-77.04341617849329
81774,incendio,-6.8734,-76.576
81785,incendio,-6.2564,-75.8511
81788,no_incendio,-6.470561948843736,-76.94393330664495
81797,incendio,-7.978,-76.6987
81804,incendio,-6.8552,-76.685
81807,incendio,-7.3229,-76.578
81808,incendio,-8.7062,-76.8013
81809,no_incendio,-6.781601843650596,-77.34861421933648
81813,incendio,-7.0279,-76.7693
81815,incendio,-7.259,-76.6303
81822,no_incendio,-7.278446400857449,-77.33703515392486
81838,incendio,-6.8689,-76.9102
81840,no_incendio,-6.260923080518788,-75.61074627640608
81841,incendio,-5.9085,-77.2342
81849,no_incendio,-6.12520459976937,-77.49886350154438
81850,incendio,-5.8251,-77.0811
81851,no_incendio,-6.150817748541318,-77.2743773218178
81852,incendio,-6.9555,-76.3123
81854,incendio,-7.4177,-76.4139
81855,no_incendio,-6.893924031218003,-76.04905921446095
81862,incendio,-7.0809,-76.2767
81864,incendio,-5.4997,-76.764
81866,incendio,-6.8338,-76.4584
81869,no_incendio,-5.3579190970036175,-75.71127050256207
81883,no_incendio,-6.8267458836303225,-76.04005920267028
81885,no_incendio,-6.741564716218832,-76.27215624555981
81886,no_incendio,-5.561920884041726,-75.5653879895247
81889,no_incendio,-5.592798700137297,-76.77202119029057
81893,incendio,-7.2772,-77.5515
81902,incendio,-5.7807,-75.995
81905,incendio,-8.4282,-76.4912
81907,incendio,-7.243,-76.3887
81908,incendio,-6.3785,-76.783
81912,incendio,-7.2258,-76.4909
81915,incendio,-5.8351,-77.3405
81922,incendio,-7.6738,-76.7936
81924,no_incendio,-7.451217530868493,-77.29241876502243
81932,incendio,-5.3408,-76.283
81937,no_incendio,-6.228351070264562,-77.26637950725386
81939,no_incendio,-5.472748128836409,-77.20935781294484
81942,no_incendio,-6.646019680443848,-77.50514894077688
81948,incendio,-5.8631,-76.4586
81958,incendio,-5.3094,-76.4914
81960,no_incendio,-6.161493803649726,-77.185392683239
81961,no_incendio,-6.705083355769138,-77.07784196502678
81963,incendio,-5.7279,-76.1751
81966,incendio,-8.6504,-76.2849
81975,incendio,-8.1678,-77.0673
81976,incendio,-8.7157,-76.1207
81980,no_incendio,-5.428382683589806,-76.59712896608411
81983,no_incendio,-6.5749903992962055,-76.89683303442592
81984,incendio,-6.6502,-76.6992
81985,incendio,-5.7306,-77.3722
81987,incendio,-5.6975,-76.4071
81988,no_incendio,-6.623625617650361,-76.4412657181978
81992,no_incendio,-5.457985826162461,-76.51538649315398
81995,incendio,-7.602,-76.4436
82013,incendio,-6.2043,-76.0671
82016,incendio,-6.5965,-76.4194
82023,no_incendio,-6.059607457191615,-77.52385870382261
82024,incendio,-6.0426,-76.2637
82035,incendio,-7.1927,-77.0399
82036,incendio,-6.4255,-76.7638
82043,no_incendio,-6.808642932215501,-75.79916533133496
82045,incendio,-5.7652,-77.3836
82049,no_incendio,-5.992720265748597,-76.93502157829727
82053,incendio,-6.5131,-77.0669
82054,incendio,-6.5866,-75.6239
82055,no_incendio,-6.174948624269397,-76.36859139619342
82059,incendio,-7.4054,-76.7061
82072,incendio,-7.4096,-76.8604
82077,incendio,-7.39,-76.7243
82079,no_incendio,-7.253889999482386,-76.08590323427873
82083,no_incendio,-6.838209877352376,-75.74494612497837
82085,incendio,-6.2715,-76.0418
82095,no_incendio,-5.710479011729555,-76.39175910938613
82101,incendio,-8.643,-76.3086
82108,no_incendio,-7.047404652384161,-75.9921217029406
82111,incendio,-5.9951,-76.2421
82115,incendio,-5.7773,-77.4219
82121,no_incendio,-5.494377757817533,-77.22053363364685
82129,incendio,-7.0259,-76.8901
82137,no_incendio,-5.618133364002661,-76.2191295091602
82138,incendio,-5.7648,-76.1075
82148,incendio,-7.03,-77.7282
82149,no_incendio,-6.376048501437837,-77.12747027240657
82154,no_incendio,-5.343847653580683,-76.19643132056173
82165,no_incendio,-5.8513705657504405,-76.02980196988514
82168,no_incendio,-5.473631906137981,-76.93641473945902
82171,no_incendio,-5.569659951211905,-77.11401128748476
82181,no_incendio,-6.73154658128307,-77.37224800507184
82182,no_incendio,-6.679897679386204,-77.34823338283437
82185,incendio,-6.4803,-75.8839
82187,no_incendio,-6.876747971648932,-77.24294547673294
82188,no_incendio,-6.2062844027818835,-77.2816967062703
82191,incendio,-5.8966,-76.1097
82194,incendio,-6.8968,-76.5422
82206,no_incendio,-7.303191371239219,-76.86950299016307
82208,incendio,-6.8292,-76.8262
82209,incendio,-6.7723,-77.355
82211,incendio,-6.1589,-76.8753
82212,no_incendio,-5.734596234605278,-76.54404736792905
82213,no_incendio,-5.5941151159540015,-75.60783919102062
82214,incendio,-6.0516,-76.9296
82217,no_incendio,-7.108875568796339,-76.54317690372051
82226,no_incendio,-7.516228282019169,-75.89484036620722
82229,incendio,-7.1035,-76.7099
82232,incendio,-8.6836,-76.7778
82237,incendio,-6.6878,-76.6878
82238,incendio,-6.3259,-76.724
82243,incendio,-7.1608,-76.8037
82244,incendio,-6.8724,-76.6979
82247,no_incendio,-5.62794321017974,-76.97851232659868
82252,no_incendio,-7.192625795202753,-75.79931940133156
82253,incendio,-6.0508,-76.8615
82261,incendio,-7.3381,-76.7392
82275,incendio,-6.1388,-76.0281
82279,incendio,-5.8853,-75.9397
82283,no_incendio,-6.100924085847581,-75.50738744279523
82285,no_incendio,-7.107720073878569,-76.6999842966137
82299,incendio,-6.9182,-76.4615
82301,no_incendio,-5.662370106905432,-77.07535731755083
82304,no_incendio,-5.89297787831936,-76.40313981264967
82309,incendio,-5.6179,-76.6229
82311,no_incendio,-7.134812798520641,-75.55898183219816
82315,incendio,-6.2155,-76.1528
82317,no_incendio,-5.588466979788065,-76.18717580992774
82322,no_incendio,-7.204320146605171,-76.588496910205
82329,no_incendio,-6.573895472470259,-76.90325456502508
82355,no_incendio,-5.784820775425025,-76.88322925526231
82356,incendio,-7.2894,-76.7314
82357,no_incendio,-7.1211989995442275,-77.24932556813594
82364,no_incendio,-6.929511458644296,-75.83962565372784
82384,no_incendio,-7.311635265992554,-75.85999069910886
82388,incendio,-6.7375,-76.1478
82393,no_incendio,-7.079367268286084,-75.74962590729507
82394,no_incendio,-6.520841370621428,-77.36086106907894
82396,incendio,-8.4194,-76.2375
82405,no_incendio,-6.134775971165761,-75.80907324993491
82410,incendio,-6.5681,-76.2047
82412,no_incendio,-6.191430391246121,-75.84894878803162
82415,incendio,-6.5281,-75.6832
82417,incendio,-5.766,-76.2607
82419,incendio,-7.9653,-76.7118
82429,incendio,-7.0045,-76.8388
82430,incendio,-6.5793,-77.383
82433,no_incendio,-6.303002240210201,-76.72194514117207
82436,no_incendio,-6.545046135469808,-77.4695217022142
82443,incendio,-5.9163,-76.0096
82446,incendio,-6.1389,-76.1817
82450,incendio,-6.6681,-76.3259
82451,no_incendio,-7.1816270512499,-75.96620433389496
82464,no_incendio,-5.976473792691887,-77.521298056028
82468,incendio,-6.3898,-76.5781
82471,no_incendio,-6.654449786981951,-77.1406120148932
82475,no_incendio,-6.470561948843736,-76.94393330664495
82477,no_incendio,-6.838209877352376,-75.74494612497837
82479,incendio,-6.7358,-76.1366
82481,incendio,-6.9532,-76.1389
82482,incendio,-6.8231,-76.5564
82486,incendio,-7.227,-76.4876
82495,incendio,-8.0,-77.4348
82509,no_incendio,-6.534406684076978,-76.00352237296187
82510,incendio,-6.6362,-77.3683
82512,incendio,-5.8213,-76.0982
82513,incendio,-6.7014,-76.1472
82520,incendio,-8.6976,-76.1405
82530,incendio,-7.4708,-76.5389
82534,incendio,-7.1538,-76.5651
82539,incendio,-7.2829,-76.5193
82543,incendio,-7.4138,-76.5936
82546,no_incendio,-5.881820929193948,-76.58450370780717
82548,no_incendio,-7.217469611041255,-75.6059674027119
82552,incendio,-7.5876,-76.493
82555,incendio,-7.2945,-76.7432
82557,incendio,-8.3227,-76.5603
82559,incendio,-7.4747,-76.7015
82560,incendio,-5.8207,-76.2074
82561,no_incendio,-7.152157832421082,-77.44831592237493
82563,incendio,-7.7607,-76.7547
82566,no_incendio,-5.826125398643272,-77.25978841596924
82572,no_incendio,-7.37285257220338,-75.85397128431137
82573,incendio,-5.7622,-76.5332
82575,no_incendio,-6.505676796415307,-75.74448285313693
82577,no_incendio,-5.608145245385959,-76.22898397370268
82578,incendio,-6.7992,-76.7125
82584,incendio,-7.2805,-76.592
82587,no_incendio,-6.024896527341603,-76.2922888028806
82590,incendio,-6.5186,-76.2837
82598,incendio,-6.0582,-76.1343
82602,incendio,-6.8937,-76.2507
82603,no_incendio,-5.433480478841975,-76.00940335234054
82610,incendio,-6.038,-76.2318
82614,incendio,-6.2636,-76.1886
82618,incendio,-6.7435,-76.5711
82623,incendio,-7.3101,-75.5955
82624,incendio,-7.3929,-76.825
82632,incendio,-7.3684,-76.5627
82637,incendio,-6.8547,-76.6549
82639,incendio,-7.5539,-76.5245
82641,no_incendio,-5.5280435147957645,-75.64292390382334
82643,incendio,-5.7471,-76.6092
82656,incendio,-5.5321,-75.9213
82659,incendio,-5.8152,-76.9873
82660,no_incendio,-7.465611055003252,-76.84521972476566
82664,incendio,-6.1299,-76.8754
82666,no_incendio,-6.284005972985306,-75.8733537299608
82668,no_incendio,-6.550462961960492,-75.75305667586812
82679,incendio,-6.2707,-76.0323
82689,no_incendio,-6.038754568131664,-76.35371867515885
82690,no_incendio,-7.3680402233360685,-75.9380390323052
82700,no_incendio,-6.715205623153173,-76.11809578650696
82708,no_incendio,-6.060981828013205,-76.61589601950963
82715,incendio,-6.0457,-77.0609
82716,no_incendio,-6.135395550199937,-77.01659159261982
82719,incendio,-5.9371,-76.4469
82723,no_incendio,-7.43096053916798,-75.91112977240851
82728,incendio,-6.4246,-77.3525
82732,no_incendio,-7.511017054186108,-77.44217334143556
82740,incendio,-7.1713,-76.3978
82741,incendio,-6.8523,-76.8231
82755,no_incendio,-6.845497704977086,-76.65360984481556
82757,incendio,-7.1116,-76.7908
82758,incendio,-8.6395,-76.3829
82759,incendio,-6.7277,-76.6164
82766,incendio,-7.3366,-76.9669
82768,incendio,-6.9409,-76.7419
82771,incendio,-6.015,-75.8065
82773,incendio,-6.3701,-76.7223
82778,incendio,-6.5367,-77.3375
82780,incendio,-5.932,-75.9696
82782,incendio,-6.7214,-76.8177
82787,incendio,-8.5464,-76.3877
82792,incendio,-6.4098,-76.6158
82797,no_incendio,-5.630317607867646,-76.28664530211917
82812,incendio,-5.8772,-77.2374
82815,no_incendio,-6.619578652288662,-76.97686198868091
82816,incendio,-7.1125,-76.7086
82824,incendio,-6.7535,-76.6209
82830,no_incendio,-5.716829315463946,-76.6884283959595
82835,incendio,-8.3463,-76.5735
82844,no_incendio,-6.398926454720778,-76.50536924785067
82846,no_incendio,-6.623625617650361,-76.4412657181978
82852,no_incendio,-5.592798700137297,-76.77202119029057
82855,no_incendio,-5.8586832152668595,-76.15130829850591
82859,incendio,-6.3407,-75.8372
82861,no_incendio,-6.234222668201542,-76.20280713881237
82862,no_incendio,-6.0636997194620585,-76.98817967024722
82866,no_incendio,-6.461789384490803,-77.24534969872819
82868,no_incendio,-6.350208583490028,-76.38539627900366
82872,incendio,-5.7279,-76.2039
82875,incendio,-6.3911,-75.8835
82878,no_incendio,-6.2585048621667685,-76.21326265306386
82883,incendio,-7.3059,-76.833
82884,incendio,-6.1898,-76.0106
82893,no_incendio,-5.332935425847374,-77.16749151506393
82894,incendio,-5.8868,-76.1773
82900,no_incendio,-7.319106221775668,-76.84964608294781
82908,no_incendio,-5.87094442046127,-77.0385590368228
82913,incendio,-8.4671,-76.3979
82917,incendio,-6.1277,-77.0728
82923,incendio,-6.5988,-76.6975
82926,incendio,-8.7134,-76.2881
82930,incendio,-7.3121,-76.5965
82953,incendio,-5.8725,-75.9385
82954,incendio,-7.2289,-76.0524
82957,incendio,-7.2599,-76.6409
82959,incendio,-8.7137,-76.8369
82960,incendio,-6.1414,-76.1813
82961,no_incendio,-5.6698457830937325,-76.36289670664165
82962,incendio,-5.8158,-77.2114
82969,incendio,-6.7151,-76.8006
82971,incendio,-7.5141,-76.5519
82976,no_incendio,-7.279070011168152,-76.78517622564465
82977,incendio,-8.0984,-76.5426
82981,no_incendio,-5.577290052521281,-76.32966434490925
82987,incendio,-5.7573,-76.0004
82989,no_incendio,-5.739545483497391,-76.77757497448552
82990,incendio,-7.3692,-76.6474
82991,incendio,-6.3656,-75.7289
82994,incendio,-7.2341,-76.8204
83012,incendio,-6.4499,-75.8208
83013,incendio,-6.7234,-76.1994
83025,incendio,-8.4353,-76.4527
83026,no_incendio,-6.566852763907717,-76.67622294647774
83029,incendio,-7.5253,-76.3718
83037,incendio,-7.3157,-76.7643
83039,no_incendio,-7.213623333493973,-77.17840648744146
83042,no_incendio,-7.325700741079294,-77.06360146385256
83048,incendio,-6.8237,-76.1831
83057,incendio,-5.4992,-76.7511
83058,incendio,-6.5016,-77.2582
83062,incendio,-6.5022,-75.6599
83066,incendio,-6.0539,-76.3174
83067,incendio,-8.5159,-76.3181
83072,incendio,-6.2899,-76.6709
83076,incendio,-5.3427,-76.4839
83085,no_incendio,-6.7183540623229865,-77.22771131243218
83086,incendio,-5.9366,-76.2841
83091,incendio,-6.8588,-76.6208
83096,no_incendio,-6.509338593690795,-76.81131065559471
83100,incendio,-6.6937,-76.6099
83103,incendio,-6.6723,-76.731
83110,no_incendio,-6.267765286846349,-75.88438881089547
83112,no_incendio,-6.080706501829642,-77.17715903994046
83114,no_incendio,-5.863095020713222,-75.7889986714283
83116,incendio,-6.0296,-75.8235
83123,incendio,-6.6541,-76.6216
83124,no_incendio,-5.906320557671209,-76.16456069117528
83128,no_incendio,-5.7595902055188795,-75.77924853201874
83133,no_incendio,-7.028663799217614,-75.85033836524988
83137,no_incendio,-5.908177822401652,-76.8838396640829
83142,no_incendio,-6.461789384490803,-77.24534969872819
83143,incendio,-6.7141,-76.8721
83150,incendio,-7.1155,-76.7769
83154,incendio,-7.5358,-76.6742
83156,incendio,-7.2258,-77.0177
83159,no_incendio,-5.399746644332469,-76.68187059720576
83160,no_incendio,-5.880337682080549,-76.27434878275604
83161,no_incendio,-5.366911069115064,-77.28733600522496
83164,no_incendio,-5.859392269860992,-77.07597134063963
83169,incendio,-8.0913,-76.4985
83171,incendio,-7.1406,-76.9002
83172,incendio,-8.631,-76.2958
83174,incendio,-7.207,-76.8489
83176,no_incendio,-5.946515429749496,-77.17416988943258
83179,incendio,-7.3494,-76.6036
83180,incendio,-5.7416,-76.145
83183,incendio,-6.8372,-76.9545
83186,incendio,-7.5259,-76.6391
83187,incendio,-6.8435,-76.5534
83198,no_incendio,-5.847773952672416,-76.45786537475786
83202,no_incendio,-5.95558763459201,-75.58088985962372
83207,incendio,-7.3195,-76.7066
83208,no_incendio,-6.534406684076978,-76.00352237296187
83209,no_incendio,-7.546681661706002,-77.09086718024028
83210,incendio,-5.7387,-76.2193
83213,incendio,-7.2946,-76.6342
83234,no_incendio,-7.340268369426515,-77.43400024997341
83243,no_incendio,-5.4484392138134945,-75.95921509359859
83250,no_incendio,-5.778538304462726,-77.27874829265495
83252,incendio,-6.1682,-76.3987
83254,no_incendio,-6.823512194602855,-76.05631689166178
83256,no_incendio,-5.739591127784566,-75.99955564974134
83260,incendio,-7.0292,-76.8221
83263,incendio,-6.304,-76.0498
83267,incendio,-6.3268,-76.4991
83269,incendio,-7.0988,-76.5949
83273,incendio,-5.3257,-76.7914
83280,incendio,-8.3164,-77.6606
83281,incendio,-7.4017,-76.4251
83288,no_incendio,-6.378539891531966,-75.71550711436312
83290,incendio,-8.0917,-76.5552
83293,incendio,-6.8271,-76.4281
83295,incendio,-7.2645,-76.5803
83306,no_incendio,-6.091674894114575,-77.31779067927825
83313,no_incendio,-5.798251230559933,-76.03303003317315
83327,no_incendio,-7.454920494649443,-76.8925561147692
83328,incendio,-7.2514,-76.0721
83331,incendio,-6.6411,-76.8348
83332,no_incendio,-6.729806246426535,-76.87013039720924
83336,incendio,-5.8176,-76.3698
83339,incendio,-6.0178,-76.286
83346,incendio,-6.9624,-76.5587
83348,no_incendio,-6.825822993237503,-77.04144362527458
83350,no_incendio,-6.140503448389999,-75.89152757203433
83352,incendio,-6.2445,-75.8923
83353,no_incendio,-6.742426821485937,-75.840077033376
83356,no_incendio,-5.855088798772725,-76.8781669555971
83357,incendio,-6.4566,-77.4946
83361,incendio,-6.3902,-76.5352
83362,no_incendio,-7.567624123602405,-76.60964562111504
83368,incendio,-5.7604,-76.0849
83378,no_incendio,-6.08565697953034,-76.3565072601085
83380,incendio,-7.0116,-76.5794
83382,incendio,-8.1961,-77.5409
83385,incendio,-7.5057,-76.497
83386,no_incendio,-6.682240904919321,-76.14970898536502
83397,incendio,-5.7425,-77.4746
83404,incendio,-7.8378,-76.6965
83408,incendio,-8.5063,-77.667
83409,incendio,-6.2376,-75.929
83410,incendio,-7.1608,-76.4001
83415,no_incendio,-6.080706501829642,-77.17715903994046
83419,incendio,-7.0342,-76.5279
83421,no_incendio,-5.590950998396602,-75.50740685150045
83426,no_incendio,-6.9560251993392335,-75.65244127896328
83427,no_incendio,-6.201637039608355,-76.63859765076462
83428,incendio,-8.4821,-76.4726
83431,no_incendio,-6.641370996240543,-76.27210728920325
83435,incendio,-6.8395,-76.6415
83451,incendio,-5.8911,-76.2135
83454,incendio,-7.0298,-76.8564
83456,no_incendio,-6.93526933500558,-76.94440022861454
83464,incendio,-7.1866,-76.2033
83469,incendio,-7.2788,-76.2258
83470,no_incendio,-7.394254404476224,-75.68500027222532
83476,no_incendio,-7.495613592310532,-75.66310159178755
83477,no_incendio,-7.347824110154567,-75.82503332128289
83479,incendio,-6.0394,-76.2428
83490,incendio,-7.0131,-76.3141
83492,no_incendio,-6.173497385338977,-77.08001241103895
83493,incendio,-7.2374,-76.4193
83499,incendio,-7.0348,-76.8673
83501,no_incendio,-5.928733149107297,-75.62813587078854
83503,no_incendio,-5.688886934346843,-77.36422749238871
83504,incendio,-5.8133,-76.9924
83509,no_incendio,-5.397948781588011,-77.53247141487635
83511,incendio,-7.411,-76.5469
83522,incendio,-7.2628,-76.8425
83523,no_incendio,-6.3480305531769075,-76.22097710185248
83524,no_incendio,-7.233124705417647,-77.12066793132318
83530,no_incendio,-5.977954403238399,-75.89740788010133
83531,incendio,-6.214,-76.4022
83532,no_incendio,-5.99701125020352,-76.97976479165838
83534,incendio,-8.6278,-76.116
83545,incendio,-6.5006,-76.8173
83547,incendio,-6.1785,-76.2704
83551,incendio,-7.4325,-76.6855
83557,no_incendio,-7.1211989995442275,-77.24932556813594
83563,no_incendio,-6.550462961960492,-75.75305667586812
83564,incendio,-7.1049,-76.4327
83569,no_incendio,-7.447641034854349,-75.90762090121981
83571,incendio,-6.0662,-75.8033
83572,no_incendio,-5.362923654155092,-76.9119868960568
83576,incendio,-6.1166,-76.1905
83580,incendio,-7.2346,-76.415
83581,incendio,-8.397,-76.4195
83602,incendio,-7.1633,-76.3936
83614,no_incendio,-6.140012467892716,-77.09722529665582
83622,no_incendio,-5.473631906137981,-76.93641473945902
83633,no_incendio,-6.677016361068433,-76.35596462138518
83634,incendio,-6.3869,-77.482
83637,incendio,-8.0763,-77.2809
83640,incendio,-8.6657,-76.845
83641,no_incendio,-5.83983548332399,-77.3596154335897
83643,incendio,-7.8143,-77.4062
83644,incendio,-5.7041,-76.1205
83646,incendio,-6.9453,-76.0443
83653,incendio,-6.7779,-76.4875
83664,incendio,-7.5896,-76.392
83666,no_incendio,-6.308716369141198,-75.7579038479895
83668,incendio,-6.9986,-76.198
83675,incendio,-6.5049,-76.8147
83678,no_incendio,-6.253426709313807,-77.08659131097349
83686,no_incendio,-6.41045269770062,-76.39156709032302
83693,incendio,-8.4728,-76.2409
83703,incendio,-8.7736,-76.1087
83709,incendio,-7.3108,-76.6274
83711,incendio,-7.282,-76.8066
83716,incendio,-6.8398,-76.5869
83719,incendio,-7.2305,-76.8628
83721,no_incendio,-5.6492373233613264,-76.13173612706044
83724,no_incendio,-5.525519480392893,-76.3183975995799
83731,incendio,-6.4221,-75.7642
83732,no_incendio,-7.351997452668049,-75.86863921087647
83734,no_incendio,-6.684698936601428,-75.64362761188839
83749,incendio,-6.2702,-75.9183
83752,no_incendio,-7.278588939327885,-76.4943759510431
83753,incendio,-7.555,-76.4408
83755,no_incendio,-6.923846443514746,-77.29283624638697
83758,no_incendio,-5.399746644332469,-76.68187059720576
83759,no_incendio,-6.530680448143941,-77.14936961816767
83760,incendio,-7.2308,-76.6393
83762,no_incendio,-6.791553468522542,-76.19850061841751
83764,incendio,-6.7675,-76.3732
83773,incendio,-7.3648,-76.7363
83774,incendio,-6.6958,-76.6309
83777,incendio,-6.6806,-76.741
83781,no_incendio,-5.851710851525425,-77.43871611391367
83782,no_incendio,-5.501045309864604,-77.33293151035834
83783,no_incendio,-6.081931713189248,-77.21688851873837
83784,incendio,-8.3297,-76.3611
83785,no_incendio,-5.531494331119256,-75.68693972870032
83787,incendio,-6.6037,-76.6529
83790,incendio,-7.1342,-76.2292
83803,incendio,-7.267,-76.6096
83808,no_incendio,-6.032904107983954,-75.67491532543472
83814,no_incendio,-5.855822399079694,-75.69747959221154
83816,incendio,-6.7665,-76.4887
83817,incendio,-5.8484,-76.2223
83819,no_incendio,-7.20916394163281,-76.74882653338932
83823,incendio,-5.9219,-76.022
83831,incendio,-6.3193,-75.9362
83834,incendio,-7.4788,-76.6307
83842,incendio,-7.4183,-76.5875
83844,no_incendio,-7.0287390386317705,-77.03724597379518
83845,incendio,-7.086,-76.9026
83855,no_incendio,-6.963743688695052,-77.15890290229473
83861,no_incendio,-6.24016797795497,-75.64844512243143
83862,no_incendio,-7.217736549985553,-75.80888423805258
83864,no_incendio,-5.6996412211902,-75.5074681731858
83872,no_incendio,-7.201796098982287,-75.59066106327278
83878,incendio,-8.3738,-76.3439
83887,incendio,-6.8364,-76.5105
83903,incendio,-6.8662,-76.1587
83904,incendio,-6.2793,-75.8293
83907,incendio,-6.7493,-76.7059
83908,incendio,-7.0446,-76.809
83921,incendio,-5.7056,-76.6589
83924,no_incendio,-6.905350281771543,-75.85773993313076
83926,no_incendio,-6.960986438297525,-76.973990270216
83929,incendio,-8.6006,-76.7966
83933,incendio,-7.2862,-76.4296
83934,incendio,-6.0553,-76.188
83943,incendio,-7.7606,-76.7641
83950,no_incendio,-5.37157572156011,-76.66234225426679
83955,no_incendio,-5.621781873154133,-75.59201486751932
83961,incendio,-6.603,-76.1063
83964,no_incendio,-6.682338881301072,-76.58990578057626
83965,no_incendio,-6.38076556073537,-76.97858606969272
83966,incendio,-6.5299,-76.5239
83970,no_incendio,-6.606179550023269,-77.17612767759138
83971,incendio,-7.0324,-76.3338
83974,no_incendio,-5.5084858154243905,-75.90684850496002
83977,no_incendio,-6.635301014584928,-76.41004319664097
83983,incendio,-6.9566,-76.5212
83984,no_incendio,-5.5978889160107626,-76.86708534486174
83990,incendio,-7.4039,-76.5427
83997,incendio,-7.3648,-76.7554
83998,no_incendio,-7.216614993286788,-77.03461698814449
83999,incendio,-7.3675,-76.7203
84003,no_incendio,-7.119124402863609,-77.37715689078294
84009,incendio,-7.1342,-76.8971
84018,incendio,-8.5941,-76.4281
84020,incendio,-7.0559,-76.7057
84022,incendio,-5.7381,-76.0468
84030,no_incendio,-5.450166959625918,-77.00835031536832
84031,incendio,-6.8781,-76.5
84033,no_incendio,-7.506850337937736,-76.33686457857513
84038,incendio,-5.8269,-76.2143
84041,no_incendio,-6.971890891507541,-75.84725150741345
84048,no_incendio,-7.342552043846658,-77.45073212658029
84053,incendio,-7.1983,-76.8421
84056,incendio,-6.4497,-76.4292
84063,incendio,-7.6671,-76.7446
84065,incendio,-7.376,-76.8437
84069,no_incendio,-5.942412033073392,-76.99723759620795
84070,incendio,-6.8083,-76.7021
84072,incendio,-8.2931,-76.4042
84078,incendio,-7.6692,-76.4907
84079,no_incendio,-6.581835148874593,-77.10480197876178
84082,no_incendio,-6.709534503439617,-76.66045732733674
84092,incendio,-7.2995,-76.7208
84094,incendio,-7.3238,-76.7584
84100,no_incendio,-7.217722844984081,-77.2235426849214
84101,incendio,-7.0301,-76.2711
84105,no_incendio,-6.745283632589781,-76.33682715106067
84112,no_incendio,-5.991944937539925,-75.60778625331145
84114,incendio,-7.2292,-77.0054
84118,incendio,-5.3053,-76.4765
84119,incendio,-7.4496,-76.6095
84129,incendio,-5.9721,-76.2611
84134,no_incendio,-5.304618892030704,-75.54825226766168
84138,no_incendio,-6.439049170355273,-77.46289627422017
84142,incendio,-8.6142,-76.2799
84143,incendio,-6.9627,-76.9408
84151,incendio,-8.0777,-77.2715
84155,no_incendio,-7.508226717447944,-76.74892470083597
84169,incendio,-6.7118,-76.1525
84173,incendio,-7.3362,-76.9168
84174,incendio,-6.63,-76.1402
84182,incendio,-5.7503,-76.2437
84185,incendio,-6.0966,-76.1384
84190,incendio,-8.4007,-76.4352
84191,incendio,-7.6702,-76.4591
84195,no_incendio,-7.147843120370421,-77.31448550971452
84196,incendio,-5.6743,-76.2462
84198,no_incendio,-6.42510939654662,-76.21314660329666
84202,no_incendio,-6.376048501437837,-77.12747027240657
84207,incendio,-8.4055,-76.4974
84221,incendio,-6.5525,-76.5221
84228,no_incendio,-7.588515859914238,-76.24969046906399
84230,no_incendio,-5.592384500349762,-76.12339689137886
84234,incendio,-6.937,-76.1889
84240,incendio,-6.8899,-76.2546
84255,incendio,-6.8224,-76.6294
84259,incendio,-5.8707,-75.921
84260,no_incendio,-6.733687512476174,-75.74855689788478
84267,incendio,-8.0171,-76.6959
84271,incendio,-7.3612,-76.7465
84274,incendio,-6.896,-76.2512
84275,incendio,-6.2454,-75.9731
84277,incendio,-6.7561,-76.5757
84287,incendio,-6.3753,-75.7305
84294,incendio,-5.9064,-76.163
84299,incendio,-5.883,-76.3513
84303,incendio,-6.7448,-76.4586
84304,incendio,-6.2756,-76.0445
84309,no_incendio,-7.324938939394847,-75.95193264911674
84311,incendio,-6.6986,-76.4605
84312,no_incendio,-6.107814853885202,-77.33817072189056
84313,incendio,-7.5536,-76.4815
84314,incendio,-7.1201,-76.1632
84316,incendio,-7.1381,-76.6438
84318,incendio,-8.3026,-76.3527
84322,no_incendio,-5.971572498496214,-75.54699515189168
84323,no_incendio,-5.3750389583532385,-76.27737605989306
84326,no_incendio,-5.976273966695589,-76.89556075922386
84334,no_incendio,-5.855088798772725,-76.8781669555971
84340,no_incendio,-5.522972759309926,-75.80819311512354
84345,incendio,-6.9062,-76.4126
84348,no_incendio,-6.737059261843657,-77.50234796745673
84349,no_incendio,-7.333242178068196,-76.42984929938181
84351,incendio,-7.1585,-76.6499
84361,incendio,-7.3621,-76.4546
84364,no_incendio,-7.331602369683786,-75.50190770424915
84378,incendio,-6.9734,-76.8958
84385,incendio,-6.6015,-76.4919
84392,no_incendio,-6.7528370184185675,-75.79463738047077
84397,incendio,-6.4614,-77.5659
84400,no_incendio,-7.292676783205119,-75.82456526450503
84402,incendio,-6.0239,-76.3579
84403,no_incendio,-7.352637322565051,-76.5869966012663
84406,incendio,-7.2263,-77.0042
84408,incendio,-6.8327,-76.4504
84409,incendio,-6.4917,-76.7017
84412,incendio,-6.9606,-76.7684
84415,incendio,-7.0927,-76.2841
84427,no_incendio,-5.62140995348484,-75.55506281291692
84428,incendio,-7.2955,-76.4361
84433,incendio,-6.6959,-77.4155
84434,incendio,-8.7369,-76.1585
84440,no_incendio,-7.20837922312058,-75.60173964481412
84450,incendio,-5.778,-77.0994
84454,incendio,-6.8727,-76.9
84458,no_incendio,-5.413750833598563,-75.87946450439262
84467,incendio,-6.5564,-76.485
84471,no_incendio,-5.619318348217799,-76.76258506679603
84472,incendio,-6.1523,-76.2233
84484,no_incendio,-5.7462072862910665,-75.82239791523867
84487,incendio,-6.8539,-76.5458
84496,no_incendio,-6.634686692730256,-75.5796876028018
84499,no_incendio,-7.336551353349131,-77.20883178649431
84512,no_incendio,-7.412957121399091,-77.21617404571616
84518,no_incendio,-5.932677032359028,-76.67039982026421
84522,incendio,-8.2007,-77.2775
84536,no_incendio,-5.990542250974831,-75.6694532466171
84537,incendio,-5.8217,-76.3012
84538,incendio,-6.7094,-76.5412
84540,no_incendio,-7.407523974858453,-76.05767195335137
84545,no_incendio,-6.026471909112164,-76.38280873739679
84563,no_incendio,-6.762864710659274,-76.8037089986203
84564,incendio,-8.5431,-76.3063
84568,no_incendio,-6.296125170251722,-76.27573079441521
84571,incendio,-6.6315,-76.7882
84573,no_incendio,-6.1849308797193405,-77.44943428599332
84578,incendio,-6.2355,-75.947
84584,no_incendio,-5.364004538303699,-76.51587462337326
84586,incendio,-7.1249,-76.5361
84588,incendio,-8.648,-76.3473
84589,no_incendio,-7.227645324559791,-75.66978466195862
84593,incendio,-5.9078,-75.9236
84602,incendio,-6.9266,-76.7423
84616,no_incendio,-5.632530971200962,-77.47788862342078
84618,no_incendio,-7.587620813063947,-76.03285942876866
84634,no_incendio,-6.215385324683509,-77.39247138767627
84643,no_incendio,-7.38891296125344,-75.60819465870141
84648,incendio,-8.2326,-76.6141
84651,incendio,-7.0012,-76.4445
84656,no_incendio,-5.668562711065817,-75.61105576661728
84660,no_incendio,-6.726508547372632,-75.8805912365982
84663,incendio,-6.9519,-76.8414
84667,incendio,-7.4035,-76.6975
84670,no_incendio,-5.976563784411299,-76.98024729252694
84672,no_incendio,-7.327451375962066,-77.03090576588977
84674,incendio,-8.0157,-76.6865
84682,no_incendio,-7.306661299403648,-77.35299757529853
84685,incendio,-6.0296,-76.8713
84693,incendio,-7.1095,-76.5919
84699,incendio,-6.2466,-76.0657
84702,incendio,-5.896,-76.1148
84707,no_incendio,-5.493534251624167,-76.05824936892388
84710,no_incendio,-5.968870459553349,-76.92149677654932
84712,no_incendio,-6.0746976290586785,-75.57122315970695
84714,no_incendio,-6.742797209348308,-75.63057425829132
84719,incendio,-6.4238,-77.4161
84728,incendio,-7.7637,-76.6973
84738,no_incendio,-6.1290157028955905,-75.56386178427238
84740,incendio,-8.6048,-76.1255
84741,incendio,-7.1714,-77.0681
84749,incendio,-6.8301,-76.4082
84755,no_incendio,-6.482310901757052,-76.90146059819452
84758,incendio,-7.134,-76.5979
84759,no_incendio,-6.230021779466632,-76.57667653530646
84761,incendio,-6.8205,-76.6527
84765,no_incendio,-6.876747971648932,-77.24294547673294
84774,incendio,-7.5118,-76.487
84780,incendio,-8.6838,-76.3159
84785,incendio,-6.4843,-76.8276
84788,incendio,-7.3174,-76.7282
84789,no_incendio,-6.092332930769818,-77.53250095731846
84811,no_incendio,-7.086474485794749,-76.34589785341001
84812,incendio,-6.6133,-76.3384
84815,incendio,-8.0993,-76.6628
84828,incendio,-7.4119,-76.7041
84839,incendio,-6.4012,-76.645
84843,incendio,-6.0755,-75.9605
84846,no_incendio,-5.592011294671137,-75.99975689195666
84847,no_incendio,-5.747916301571042,-76.94248947046277
84852,incendio,-6.9978,-76.741
84854,no_incendio,-7.450227101420001,-77.22165209135423
84857,incendio,-7.3447,-76.6083
84862,no_incendio,-7.544493851248457,-76.73397529490327
84869,incendio,-7.0315,-76.8521
84872,incendio,-8.3264,-76.3037
84873,no_incendio,-6.572656774954891,-77.3264854349528
84879,incendio,-6.2129,-76.0294
84881,no_incendio,-6.937481703505858,-75.66626594730945
84889,incendio,-7.1757,-76.3156
84896,incendio,-6.5184,-76.2911
84904,no_incendio,-6.319184567250436,-76.7615595241715
84908,no_incendio,-7.475453840000244,-77.09283995143899
84917,incendio,-5.329,-75.8496
84920,incendio,-6.7723,-76.6536
84922,no_incendio,-6.081920488696037,-77.43393189597795
84929,incendio,-8.4118,-76.4476
84932,no_incendio,-6.987442347939161,-77.51096806537585
84938,incendio,-6.7502,-76.4581
84943,incendio,-7.2987,-76.7705
84946,incendio,-5.9311,-75.9769
84950,incendio,-5.7454,-77.374
84952,no_incendio,-6.441902560534528,-76.15943969390888
84963,incendio,-6.2922,-76.0602
84964,incendio,-6.7529,-76.623
84974,incendio,-5.7997,-76.0129
84977,incendio,-6.9818,-76.5669
84978,no_incendio,-7.294379319518731,-75.60933586901135
84982,incendio,-6.0978,-76.332
84987,no_incendio,-6.080706501829642,-77.17715903994046
84990,no_incendio,-7.391354511869424,-77.17370886410413
84991,incendio,-8.7756,-76.0779
84993,incendio,-7.2327,-76.4794
85001,no_incendio,-7.332916187784927,-76.99914864296008
85005,incendio,-7.0246,-76.8803
85009,no_incendio,-6.324514222860181,-76.89947276475436
85014,no_incendio,-5.4868610147355525,-76.76095607597574
85019,incendio,-7.4991,-76.5037
85020,incendio,-7.455,-76.3863
85021,incendio,-5.7345,-77.3375
85022,incendio,-5.341,-75.7416
85023,incendio,-7.9201,-76.7475
85026,incendio,-6.352,-75.8757
85030,incendio,-5.8198,-76.0882
85032,incendio,-8.4208,-76.4112
85033,incendio,-7.3871,-76.7428
85036,no_incendio,-5.85348487678678,-75.67716092139695
85048,incendio,-6.7128,-76.3607
85050,no_incendio,-5.6492373233613264,-76.13173612706044
85051,no_incendio,-5.636606643396935,-75.65023157423232
85058,incendio,-6.9341,-76.4092
85059,no_incendio,-5.393926083579098,-77.3710588373999
85064,incendio,-7.5243,-76.5775
85070,incendio,-6.7165,-76.6679
85073,no_incendio,-5.800895908311601,-76.62831443275236
85074,no_incendio,-5.91369294253363,-76.91673941934057
85076,no_incendio,-7.566170057674632,-77.33420456007225
85080,incendio,-5.6884,-76.6832
85081,incendio,-7.4581,-76.6035
85084,incendio,-7.1173,-76.6095
85085,incendio,-7.5613,-76.5048
85087,no_incendio,-5.7462072862910665,-75.82239791523867
85093,incendio,-6.6641,-76.4829
85097,incendio,-6.8181,-76.5147
85099,incendio,-6.7238,-76.1881
85109,incendio,-6.8426,-76.7735
85112,no_incendio,-6.12520459976937,-77.49886350154438
85115,no_incendio,-6.742426821485937,-75.840077033376
85116,incendio,-6.915,-76.1578
85122,incendio,-6.8446,-76.0696
85125,incendio,-6.1895,-76.0399
85134,incendio,-6.9758,-76.8502
85135,incendio,-6.63,-76.8079
85138,no_incendio,-7.193491617772813,-76.90637497057176
85139,incendio,-6.564,-75.6712
85140,incendio,-8.5029,-77.0508
85141,no_incendio,-6.237093114939267,-75.7117789331342
85149,incendio,-7.3869,-76.5325
85154,incendio,-5.8012,-76.2144
85155,incendio,-6.9662,-76.5603
85158,no_incendio,-5.702740983602372,-76.82721339280745
85163,no_incendio,-6.606517162327486,-77.4629258839616
85168,incendio,-6.9049,-76.1512
85181,incendio,-6.1546,-77.073
85188,incendio,-8.5118,-76.4742
85189,no_incendio,-6.42510939654662,-76.21314660329666
85198,no_incendio,-5.659847709526774,-75.83935663792408
85200,incendio,-8.194,-76.6035
85202,no_incendio,-5.434734993358147,-76.94653262890384
85211,no_incendio,-6.48340164417584,-76.67965578486029
85212,no_incendio,-7.495613592310532,-75.66310159178755
85218,no_incendio,-6.745283632589781,-76.33682715106067
85219,no_incendio,-6.738442276906446,-76.26128977675305
85224,no_incendio,-5.882916892819359,-76.86515934904114
85231,no_incendio,-6.931342706605391,-77.24005682830844
85233,no_incendio,-7.523343048173316,-75.60465669486607
85234,incendio,-5.4812,-76.6481
85240,no_incendio,-7.547004527368286,-77.14424900414204
85242,incendio,-6.5866,-76.4974
85249,no_incendio,-7.1291364623253095,-77.04904307212506
85259,no_incendio,-6.727604587458214,-76.26589680418019
85264,incendio,-5.8125,-76.5244
85267,incendio,-7.107,-76.8005
85278,incendio,-7.3911,-76.6282
85281,no_incendio,-6.66812028796298,-76.15230026038583
85284,incendio,-7.4441,-76.6292
85290,no_incendio,-5.7595902055188795,-75.77924853201874
85296,incendio,-7.0044,-76.5269
85298,no_incendio,-6.709534503439617,-76.66045732733674
85315,incendio,-7.4539,-76.5519
85318,incendio,-7.2016,-76.3427
85321,no_incendio,-5.807568980791382,-75.59957931060934
85334,no_incendio,-6.493728884519305,-75.95080124431671
85335,incendio,-5.7798,-76.5138
85340,incendio,-7.4196,-76.7292
85353,no_incendio,-7.267527749331178,-76.00258934511766
85363,no_incendio,-7.443277568920015,-75.95948688269024
85364,incendio,-8.0606,-76.5818
85366,no_incendio,-7.52893790740652,-77.07253517227397
85373,no_incendio,-5.543275857949961,-76.36401463997392
85379,incendio,-6.2418,-76.1284
85380,no_incendio,-7.5389429366733145,-76.3612819242991
85381,incendio,-6.8517,-76.5186
85382,no_incendio,-6.156444886914189,-76.11831601972577
85386,incendio,-6.7892,-76.697
85389,incendio,-8.186,-77.0295
85393,incendio,-7.3054,-76.6183
85398,incendio,-6.1459,-76.2275
85399,incendio,-6.8105,-76.5557
85401,incendio,-6.5696,-76.3103
85403,no_incendio,-7.4582565567314925,-76.8374558308584
85411,incendio,-6.2659,-76.7601
85433,incendio,-6.3392,-76.6019
85435,no_incendio,-6.967630832661904,-76.66075655259817
85436,incendio,-7.3044,-76.6252
85441,no_incendio,-6.522871972647179,-77.1088712424184
85448,no_incendio,-7.508226717447944,-76.74892470083597
85451,incendio,-7.3591,-76.7339
85457,no_incendio,-5.888892522225688,-76.77144344906966
85465,incendio,-6.7848,-76.7988
85471,incendio,-7.4575,-76.6128
85472,incendio,-6.4187,-75.7469
85480,no_incendio,-7.377346584054845,-77.21066750842841
85488,incendio,-7.269,-76.2241
85490,incendio,-8.2354,-76.6388
85493,incendio,-6.1059,-75.9736
85497,no_incendio,-5.532853929708149,-75.98229483983717
85505,incendio,-6.5105,-76.9978
85506,no_incendio,-7.287912531535466,-77.51954103984086
85508,incendio,-7.256,-76.673
85511,no_incendio,-5.559447141003816,-77.53240429845073
85512,incendio,-7.1448,-76.5659
85517,no_incendio,-6.968966493455318,-76.77095416720522
85521,incendio,-6.8941,-76.5427
85523,incendio,-6.6151,-76.5063
85527,no_incendio,-7.103154809386207,-75.80011378156274
85530,incendio,-7.2518,-77.7399
85541,incendio,-6.7284,-76.1698
85544,no_incendio,-7.532917537712722,-76.04821551837472
85545,no_incendio,-6.4891729979787565,-76.11291535541001
85554,incendio,-6.1874,-76.2486
85559,incendio,-7.1883,-76.8581
85563,incendio,-6.822,-76.6419
85570,no_incendio,-6.904145543477711,-77.38998183817624
85578,no_incendio,-6.064968975705764,-75.80158619111924
85589,no_incendio,-6.442705023956996,-76.30481606512446
85594,no_incendio,-6.642584248060827,-75.75075985956546
85595,incendio,-7.4343,-76.7107
85599,incendio,-7.2631,-76.4716
85606,incendio,-6.0543,-76.1633
85608,incendio,-6.9564,-76.5606
85617,incendio,-8.4085,-77.2026
85621,no_incendio,-7.3680402233360685,-75.9380390323052
85625,incendio,-5.3067,-76.7908
85628,incendio,-8.2304,-76.3965
85631,no_incendio,-7.14999258790223,-77.27323492320696
85632,no_incendio,-6.890502660955485,-77.28521359628384
85642,incendio,-8.4571,-76.2909
85646,no_incendio,-5.411652077381302,-77.27749728778487
85649,incendio,-7.3261,-76.339
85653,no_incendio,-6.2888093914419265,-77.49498781950011
85660,incendio,-5.9606,-76.2409
85661,incendio,-7.4637,-76.591
85663,no_incendio,-6.896612666946929,-75.75338049940235
85665,no_incendio,-6.023168032179068,-77.26981479042486
85666,no_incendio,-6.987442347939161,-77.51096806537585
85669,no_incendio,-7.161262686753078,-75.93223007605604
85676,incendio,-5.7613,-77.2908
85684,no_incendio,-6.937481703505858,-75.66626594730945
85687,no_incendio,-5.369370124540203,-77.53041632467286
85689,incendio,-7.1901,-76.0786
85690,incendio,-7.4672,-76.4082
85691,no_incendio,-5.715611122341353,-76.65563746255786
85693,incendio,-6.5453,-76.3837
85695,incendio,-7.4478,-76.611
85698,incendio,-6.5935,-76.161
85699,no_incendio,-5.928392145710498,-76.5403998802667
85701,incendio,-5.9255,-76.9736
85702,incendio,-7.2314,-76.8688
85704,no_incendio,-6.146020638711784,-75.61071933850509
85712,incendio,-6.8641,-76.5852
85714,incendio,-7.0991,-76.3119
85716,incendio,-7.3735,-76.7182
85717,no_incendio,-5.409587022918446,-76.44819351401671
85718,no_incendio,-6.434453669791493,-76.35359643649942
85719,incendio,-7.5897,-76.6404
85726,no_incendio,-6.3737423006602185,-77.16577350376646
85728,no_incendio,-5.652384048618223,-75.53477074714212
85729,incendio,-5.8113,-76.1581
85730,incendio,-6.6144,-76.3091
85739,incendio,-5.7032,-75.8825
85740,no_incendio,-7.180456049019163,-77.4128118764767
85745,no_incendio,-5.913444133925558,-76.54061399484421
85749,no_incendio,-6.762864710659274,-76.8037089986203
85750,incendio,-5.7732,-77.3984
85755,incendio,-6.7011,-76.8834
85761,incendio,-7.458,-76.5798
85770,no_incendio,-6.257364517477317,-77.24088667621311
85772,incendio,-7.0822,-76.8955
85780,incendio,-6.7891,-76.6486
85782,no_incendio,-5.733329701316475,-76.97970479241751
85793,incendio,-5.7084,-75.8434
85797,incendio,-6.2333,-77.6393
85801,no_incendio,-5.852253396123982,-76.5690433745382
85802,no_incendio,-7.4582565567314925,-76.8374558308584
85807,incendio,-8.4347,-77.6465
85819,no_incendio,-6.061127541678445,-77.3300358732125
85820,incendio,-6.0894,-77.2151
85830,incendio,-6.7157,-76.6183
85833,incendio,-6.5976,-76.1879
85835,incendio,-5.9986,-77.2138
85839,no_incendio,-5.544976635100384,-76.33130727413504
85842,incendio,-7.0532,-76.2968
85846,no_incendio,-5.668562711065817,-75.61105576661728
85850,incendio,-7.4703,-76.7288
85854,no_incendio,-6.000321843594466,-77.16959710695784
85860,no_incendio,-6.9821795229188215,-77.4814837765738
85863,incendio,-6.4709,-75.7305
85865,no_incendio,-6.586322213980279,-76.11222675311737
85882,no_incendio,-6.742426821485937,-75.840077033376
85885,no_incendio,-6.332355926126756,-76.57852424451565
85890,incendio,-6.2928,-75.8662
85893,no_incendio,-6.606517162327486,-77.4629258839616
85901,no_incendio,-7.250518418431454,-77.39731384590523
85904,incendio,-6.5854,-75.6242
85913,no_incendio,-5.944935096517128,-76.18780832521988
85915,incendio,-5.985,-76.1075
85925,incendio,-8.7195,-76.8507
85930,no_incendio,-6.273383567178642,-76.44114691338451
85935,incendio,-6.7311,-76.4
85937,incendio,-6.7978,-76.4532
85939,no_incendio,-6.871083272493799,-75.76930140332634
85948,no_incendio,-5.899739172279481,-75.62561076754551
85963,incendio,-5.8642,-77.4197
85974,incendio,-7.5807,-76.4157
85983,no_incendio,-7.040747836565641,-76.40061304391803
85986,incendio,-7.0248,-76.1063
85987,incendio,-5.8936,-76.3804
85988,incendio,-7.8487,-77.4755
85996,incendio,-7.4482,-76.5772
85997,incendio,-6.1684,-76.8557
86000,incendio,-7.8863,-77.4361
86002,incendio,-7.2638,-76.7467
86005,incendio,-7.1316,-76.0825
86007,incendio,-8.5803,-76.3117
86008,no_incendio,-5.8511939634062635,-76.52247944634267
86010,no_incendio,-6.682338881301072,-76.58990578057626
86014,no_incendio,-7.0805818707385395,-75.71658427890108
86018,no_incendio,-7.366259215797565,-77.34248619041158
86026,no_incendio,-6.441502518699965,-76.95262753749782
86031,no_incendio,-7.0805818707385395,-75.71658427890108
86039,incendio,-6.2266,-75.8277
86046,incendio,-6.41,-76.8695
86049,incendio,-7.4541,-76.3953
86052,incendio,-7.5342,-76.1921
86053,incendio,-6.4825,-76.7747
86055,no_incendio,-6.23478792603882,-76.18381610836184
86058,no_incendio,-5.409046088511844,-75.85044957982578
86059,incendio,-7.2838,-76.6016
86063,incendio,-5.993,-75.9751
86064,incendio,-8.6013,-76.1235
86065,incendio,-7.2331,-76.5912
86066,incendio,-7.0815,-76.1296
86067,incendio,-7.5142,-76.4391
86071,no_incendio,-6.8824524173967765,-77.12203229237878
86072,incendio,-5.8292,-77.0896
86073,incendio,-7.3387,-76.8909
86075,no_incendio,-6.9734000570740395,-77.15029703123086
86078,no_incendio,-5.968149636265594,-77.51081675536001
86089,incendio,-7.2977,-77.665
86091,incendio,-6.5167,-76.981
86096,incendio,-6.2003,-76.717
86102,incendio,-8.3867,-76.4766
86105,no_incendio,-6.2062844027818835,-77.2816967062703
86107,incendio,-7.1448,-76.5421
86128,incendio,-7.5659,-76.7052
86141,no_incendio,-7.547362899320046,-75.73565468655677
86142,incendio,-6.2864,-77.6825
86150,no_incendio,-7.161262686753078,-75.93223007605604
86151,no_incendio,-7.579867389663157,-75.5999817001758
86153,incendio,-7.6353,-76.4664
86160,incendio,-7.4417,-76.3647
86166,incendio,-6.6751,-76.5977
86171,no_incendio,-6.60024344042182,-76.28088372901857
86174,incendio,-6.0909,-76.3286
86175,incendio,-6.8402,-76.6379
86176,no_incendio,-5.404889796153065,-75.52356189843724
86185,incendio,-7.4652,-76.5541
86188,no_incendio,-5.450455855055424,-76.00497644122908
86194,incendio,-6.1122,-76.1811
86195,no_incendio,-6.352348321356028,-75.59610164326816
86203,incendio,-6.3951,-76.4893
86205,incendio,-7.5586,-76.4057
86208,incendio,-7.3902,-76.4006
86209,incendio,-7.3063,-77.6311
86215,incendio,-6.6042,-76.3452
86216,incendio,-5.5053,-76.5338
86217,no_incendio,-5.592384500349762,-76.12339689137886
86218,incendio,-7.5303,-76.5196
86221,incendio,-7.6308,-76.6471
86223,no_incendio,-5.523597492537125,-76.54848022376082
86232,no_incendio,-5.424572995842199,-76.6735765187215
86234,no_incendio,-6.480910366032293,-76.46284954850665
86247,incendio,-7.486,-76.6198
86248,incendio,-8.7939,-77.0045
86256,incendio,-5.9558,-76.9012
86269,incendio,-8.2264,-76.6076
86272,incendio,-5.7756,-77.3866
86273,incendio,-6.9565,-76.5201
86280,no_incendio,-7.30848813253614,-75.71138002186875
86282,incendio,-8.3338,-77.6504
86283,incendio,-8.5203,-76.3972
86285,no_incendio,-7.140032609231243,-75.65901239539657
86289,no_incendio,-5.9272520922930445,-77.17976360795232
86290,incendio,-8.0485,-76.6301
86292,incendio,-6.1794,-77.5013
86299,incendio,-7.0174,-76.912
86300,no_incendio,-6.5878777950259835,-76.78969667476908
86304,incendio,-5.7474,-75.9511
86308,incendio,-7.0791,-76.6675
86309,incendio,-6.8707,-76.9432
86310,incendio,-7.6279,-76.457
86316,incendio,-6.0922,-75.9563
86320,no_incendio,-6.444450177038954,-75.66847301432819
86332,no_incendio,-7.44968802750322,-77.23116283334409
86333,incendio,-7.3407,-76.9013
86335,no_incendio,-6.6588540055381635,-76.3643446123623
86336,incendio,-5.5504,-75.8556
86342,incendio,-5.8519,-76.2508
86346,incendio,-7.0025,-76.1213
86347,no_incendio,-5.8570726019942425,-76.40667258173919
86353,no_incendio,-5.688886934346843,-77.36422749238871
86369,no_incendio,-5.692068833993068,-76.92243000249631
86380,incendio,-7.9643,-75.5788
86384,incendio,-7.5982,-76.611
86385,incendio,-6.8679,-76.8719
86389,no_incendio,-6.745283632589781,-76.33682715106067
86391,incendio,-5.8262,-77.1813
86392,no_incendio,-6.698529470828457,-76.28501109879417
86393,no_incendio,-6.459421110313875,-76.2975020951517
86400,incendio,-6.2502,-76.1278
86403,incendio,-7.8592,-76.708
86412,no_incendio,-7.03159653116471,-76.48526719545968
86415,incendio,-5.7892,-76.3373
86416,incendio,-5.8489,-75.9789
86418,incendio,-6.5031,-77.0561
86425,incendio,-5.731,-76.1654
86428,no_incendio,-6.253426709313807,-77.08659131097349
86430,incendio,-7.5928,-76.4179
86432,no_incendio,-5.966007765722613,-76.02339603474364
86439,incendio,-5.8329,-75.9978
86454,incendio,-8.3968,-77.119
86461,no_incendio,-5.69836641593065,-75.72287872908569
86463,incendio,-6.9493,-77.5154
86474,incendio,-6.0685,-77.2141
86477,incendio,-8.5007,-76.399
86485,incendio,-5.6648,-76.5093
86490,incendio,-7.5872,-76.6892
86491,incendio,-7.3979,-76.6249
86494,incendio,-6.0592,-77.2238
86502,incendio,-5.8064,-77.2671
86506,no_incendio,-5.46295343513328,-75.95414593487065
86508,no_incendio,-6.322518329995495,-75.91309952295535
86511,incendio,-6.1269,-76.2933
86526,no_incendio,-5.752288568187965,-75.61867904444058
86534,incendio,-5.3906,-76.5862
86535,no_incendio,-5.778538304462726,-77.27874829265495
86537,incendio,-6.6329,-76.6465
86538,incendio,-7.2815,-76.8237
86548,incendio,-7.2812,-76.5196
86552,incendio,-6.4699,-76.5251
86553,incendio,-5.8494,-76.361
86554,incendio,-6.6344,-76.5884
86558,no_incendio,-6.737059261843657,-77.50234796745673
86561,incendio,-6.544,-75.6798
86562,incendio,-7.5711,-76.4121
86563,no_incendio,-6.896612666946929,-75.75338049940235
86564,no_incendio,-5.930404217360228,-76.53983487852608
86570,no_incendio,-5.573600216354325,-77.29583969487783
86576,incendio,-6.9197,-76.8617
86579,incendio,-6.8996,-76.8245
86585,no_incendio,-6.253426709313807,-77.08659131097349
86590,incendio,-7.6864,-76.4724
86591,no_incendio,-6.836006339265761,-75.80496615427175
86592,no_incendio,-6.606179550023269,-77.17612767759138
86596,incendio,-5.8542,-76.1743
86602,incendio,-7.1358,-76.1183
86603,incendio,-6.5598,-75.7005
86604,incendio,-6.5497,-77.5641
86616,incendio,-5.8429,-76.2236
86621,incendio,-7.0927,-76.8055
86623,no_incendio,-7.000863457307533,-75.58957693762711
86624,incendio,-6.0777,-75.9647
86625,no_incendio,-6.599702785570768,-77.42370077864948
86630,no_incendio,-5.306363621970229,-76.4042560042154
86635,incendio,-6.803,-76.4724
86638,incendio,-6.5854,-76.7532
86641,incendio,-7.6687,-76.6074
86643,incendio,-7.9151,-75.5746
86667,no_incendio,-5.559553740329016,-76.98206356543957
86674,incendio,-6.0636,-76.0999
86683,incendio,-5.7984,-77.4206
86684,incendio,-6.531,-76.5625
86686,incendio,-6.7809,-76.8302
86690,incendio,-6.9301,-76.2889
86700,incendio,-8.3788,-76.3367
86704,no_incendio,-7.27421571842906,-77.20818796800718
86706,incendio,-6.9514,-76.2747
86707,no_incendio,-7.345060499544703,-77.11825976617006
86708,no_incendio,-6.24016797795497,-75.64844512243143
86714,no_incendio,-6.1029066882194485,-77.35334666324442
86715,no_incendio,-5.457985826162461,-76.51538649315398
86721,incendio,-6.8718,-76.3492
86727,incendio,-6.8944,-76.5359
86730,incendio,-5.9034,-76.1645
86733,incendio,-6.8681,-76.7775
86734,incendio,-6.7718,-76.5867
86737,incendio,-8.4192,-77.7673
86738,incendio,-7.3553,-76.5337
86740,no_incendio,-6.930372562741588,-76.24468121546766
86747,no_incendio,-6.193641518737963,-75.9541835583981
86752,no_incendio,-5.557069716448366,-75.65393079947539
86767,incendio,-6.8689,-76.6028
86771,incendio,-6.7099,-76.3327
86781,incendio,-6.5593,-77.7341
86787,incendio,-7.9698,-77.4437
86793,incendio,-7.2297,-76.4778
86796,no_incendio,-6.459421110313875,-76.2975020951517
86799,incendio,-7.1719,-76.7339
86804,incendio,-7.3542,-76.4695
86806,no_incendio,-5.812760524192122,-77.54920790478845
86819,incendio,-8.4584,-77.5851
86821,no_incendio,-6.013807781245941,-77.54515653099793
86822,no_incendio,-7.384008271248504,-77.19420546410333
86827,no_incendio,-6.818883045664746,-77.17747642270048
86828,no_incendio,-6.931342706605391,-77.24005682830844
86836,incendio,-6.7677,-76.4882
86840,incendio,-6.0535,-76.4503
86842,incendio,-7.4549,-76.5299
86844,incendio,-6.2647,-75.9463
86845,incendio,-7.3564,-76.6172
86851,incendio,-6.6502,-76.7178
86852,no_incendio,-5.9969306066925245,-75.59395245076587
86856,no_incendio,-6.046941056590012,-76.4497684025493
86863,no_incendio,-7.567624123602405,-76.60964562111504
86864,incendio,-8.2449,-76.4194
86868,incendio,-6.5077,-77.5342
86869,no_incendio,-6.22948269148436,-77.46060172999928
86873,incendio,-7.0228,-76.6698
86876,incendio,-6.0133,-77.0333
86877,incendio,-6.4432,-75.926
86880,incendio,-7.5423,-76.4994
86883,no_incendio,-5.8332062747008715,-77.144406205254
86886,incendio,-5.8067,-76.0273
